[2026-04-25T09:05:36.686+0000] {manager.py:470} INFO - Processing files using up to 1 processes at a time 
[2026-04-25T09:05:36.688+0000] {manager.py:471} INFO - Process each file at most once every 30 seconds
[2026-04-25T09:05:36.689+0000] {manager.py:472} INFO - Checking for new files in /workspaces/new-balance-price/airflow_home/dags every 300 seconds
[2026-04-25T09:05:36.689+0000] {manager.py:737} INFO - Searching for files in /workspaces/new-balance-price/airflow_home/dags
[2026-04-25T09:05:36.786+0000] {manager.py:740} INFO - There are 51 files in /workspaces/new-balance-price/airflow_home/dags
[2026-04-25T09:05:37.138+0000] {manager.py:878} INFO - 
================================================================================
DAG File Processing Stats

File Path                                                                                                                              PID    Runtime      # DAGs    # Errors  Last Runtime    Last Run
-------------------------------------------------------------------------------------------------------------------------------------  -----  ---------  --------  ----------  --------------  -------------------
/usr/local/python/3.12.1/lib/python3.12/site-packages/airflow/example_dags/subdags/subdag.py                                                                    0           0  0.14s           2026-04-25T09:05:37
/usr/local/python/3.12.1/lib/python3.12/site-packages/airflow/example_dags/example_dynamic_task_mapping_with_no_taskflow_operators.py                           0           0
/usr/local/python/3.12.1/lib/python3.12/site-packages/airflow/example_dags/example_datasets.py                                                                  0           0
/usr/local/python/3.12.1/lib/python3.12/site-packages/airflow/example_dags/example_python_decorator.py                                                          0           0
/usr/local/python/3.12.1/lib/python3.12/site-packages/airflow/example_dags/example_setup_teardown_taskflow.py                                                   0           0
/usr/local/python/3.12.1/lib/python3.12/site-packages/airflow/example_dags/example_xcomargs.py                                                                  0           0
/usr/local/python/3.12.1/lib/python3.12/site-packages/airflow/example_dags/example_branch_operator.py                                                           0           0
/usr/local/python/3.12.1/lib/python3.12/site-packages/airflow/example_dags/example_short_circuit_decorator.py                                                   0           0
/usr/local/python/3.12.1/lib/python3.12/site-packages/airflow/example_dags/example_short_circuit_operator.py                                                    0           0
/usr/local/python/3.12.1/lib/python3.12/site-packages/airflow/example_dags/example_bash_operator.py                                                             0           0
/usr/local/python/3.12.1/lib/python3.12/site-packages/airflow/example_dags/example_sla_dag.py                                                                   0           0
/usr/local/python/3.12.1/lib/python3.12/site-packages/airflow/example_dags/example_branch_datetime_operator.py                                                  0           0
/usr/local/python/3.12.1/lib/python3.12/site-packages/airflow/example_dags/example_trigger_controller_dag.py                                                    0           0
/usr/local/python/3.12.1/lib/python3.12/site-packages/airflow/example_dags/example_subdag_operator.py                                                           0           0
/usr/local/python/3.12.1/lib/python3.12/site-packages/airflow/example_dags/example_latest_only_with_trigger.py                                                  0           0
/usr/local/python/3.12.1/lib/python3.12/site-packages/airflow/example_dags/example_time_delta_sensor_async.py                                                   0           0
/usr/local/python/3.12.1/lib/python3.12/site-packages/airflow/example_dags/example_branch_day_of_week_operator.py                                               0           0
/usr/local/python/3.12.1/lib/python3.12/site-packages/airflow/example_dags/example_python_operator.py                                                           0           0
/usr/local/python/3.12.1/lib/python3.12/site-packages/airflow/example_dags/example_display_name.py                                                              0           0
/usr/local/python/3.12.1/lib/python3.12/site-packages/airflow/example_dags/example_passing_params_via_test_command.py                                           0           0
/usr/local/python/3.12.1/lib/python3.12/site-packages/airflow/example_dags/example_kubernetes_executor.py                                                       0           0
/usr/local/python/3.12.1/lib/python3.12/site-packages/airflow/example_dags/example_setup_teardown.py                                                            0           0
/usr/local/python/3.12.1/lib/python3.12/site-packages/airflow/example_dags/tutorial.py                                                                          0           0
/usr/local/python/3.12.1/lib/python3.12/site-packages/airflow/example_dags/example_dynamic_task_mapping.py                                                      0           0
/usr/local/python/3.12.1/lib/python3.12/site-packages/airflow/example_dags/example_local_kubernetes_executor.py                                                 0           0
/usr/local/python/3.12.1/lib/python3.12/site-packages/airflow/example_dags/example_sensors.py                                                                   0           0
/usr/local/python/3.12.1/lib/python3.12/site-packages/airflow/example_dags/example_params_trigger_ui.py                                                         0           0
/usr/local/python/3.12.1/lib/python3.12/site-packages/airflow/example_dags/example_params_ui_tutorial.py                                                        0           0
/usr/local/python/3.12.1/lib/python3.12/site-packages/airflow/example_dags/tutorial_taskflow_api.py                                                             0           0
/usr/local/python/3.12.1/lib/python3.12/site-packages/airflow/example_dags/example_trigger_target_dag.py                                                        0           0
/usr/local/python/3.12.1/lib/python3.12/site-packages/airflow/example_dags/example_skip_dag.py                                                                  0           0
/usr/local/python/3.12.1/lib/python3.12/site-packages/airflow/example_dags/tutorial_objectstorage.py                                                            0           0
/usr/local/python/3.12.1/lib/python3.12/site-packages/airflow/example_dags/example_latest_only.py                                                               0           0
/usr/local/python/3.12.1/lib/python3.12/site-packages/airflow/example_dags/example_dag_decorator.py                                                             0           0
/usr/local/python/3.12.1/lib/python3.12/site-packages/airflow/example_dags/example_external_task_marker_dag.py                                                  0           0
/usr/local/python/3.12.1/lib/python3.12/site-packages/airflow/example_dags/example_bash_decorator.py                                                            0           0
/usr/local/python/3.12.1/lib/python3.12/site-packages/airflow/example_dags/tutorial_taskflow_api_virtualenv.py                                                  0           0
/usr/local/python/3.12.1/lib/python3.12/site-packages/airflow/example_dags/example_branch_operator_decorator.py                                                 0           0
/usr/local/python/3.12.1/lib/python3.12/site-packages/airflow/example_dags/example_nested_branch_dag.py                                                         0           0
/usr/local/python/3.12.1/lib/python3.12/site-packages/airflow/example_dags/example_branch_labels.py                                                             0           0
/usr/local/python/3.12.1/lib/python3.12/site-packages/airflow/example_dags/example_xcom.py                                                                      0           0
/usr/local/python/3.12.1/lib/python3.12/site-packages/airflow/example_dags/example_task_group_decorator.py                                                      0           0
/usr/local/python/3.12.1/lib/python3.12/site-packages/airflow/example_dags/example_task_group.py                                                                0           0
/usr/local/python/3.12.1/lib/python3.12/site-packages/airflow/example_dags/tutorial_dag.py                                                                      0           0
/usr/local/python/3.12.1/lib/python3.12/site-packages/airflow/example_dags/example_sensor_decorator.py                                                          0           0
/usr/local/python/3.12.1/lib/python3.12/site-packages/airflow/example_dags/example_branch_python_dop_operator_3.py                                              0           0
/usr/local/python/3.12.1/lib/python3.12/site-packages/airflow/example_dags/example_complex.py                                                                   0           0
/usr/local/python/3.12.1/lib/python3.12/site-packages/airflow/example_dags/plugins/decreasing_priority_weight_strategy.py                                       0           0
/usr/local/python/3.12.1/lib/python3.12/site-packages/airflow/example_dags/plugins/listener_plugin.py                                                           0           0
/usr/local/python/3.12.1/lib/python3.12/site-packages/airflow/example_dags/plugins/workday.py                                                                   0           0
/usr/local/python/3.12.1/lib/python3.12/site-packages/airflow/example_dags/plugins/event_listener.py                                                            0           0
================================================================================
[2026-04-25T09:06:07.710+0000] {manager.py:878} INFO - 
================================================================================
DAG File Processing Stats

File Path                                                                                                                              PID    Runtime      # DAGs    # Errors  Last Runtime    Last Run
-------------------------------------------------------------------------------------------------------------------------------------  -----  ---------  --------  ----------  --------------  -------------------
/usr/local/python/3.12.1/lib/python3.12/site-packages/airflow/example_dags/example_skip_dag.py                                                                  1           0  0.84s           2026-04-25T09:06:01
/usr/local/python/3.12.1/lib/python3.12/site-packages/airflow/example_dags/tutorial_taskflow_api_virtualenv.py                                                  1           0  0.71s           2026-04-25T09:05:46
/usr/local/python/3.12.1/lib/python3.12/site-packages/airflow/example_dags/example_subdag_operator.py                                                           3           0  0.66s           2026-04-25T09:05:59
/usr/local/python/3.12.1/lib/python3.12/site-packages/airflow/example_dags/tutorial.py                                                                          1           0  0.63s           2026-04-25T09:05:48
/usr/local/python/3.12.1/lib/python3.12/site-packages/airflow/example_dags/example_xcomargs.py                                                                  2           0  0.51s           2026-04-25T09:05:47
/usr/local/python/3.12.1/lib/python3.12/site-packages/airflow/example_dags/example_task_group_decorator.py                                                      1           0  0.51s           2026-04-25T09:05:55
/usr/local/python/3.12.1/lib/python3.12/site-packages/airflow/example_dags/example_setup_teardown.py                                                            1           0  0.45s           2026-04-25T09:06:05
/usr/local/python/3.12.1/lib/python3.12/site-packages/airflow/example_dags/tutorial_taskflow_api.py                                                             1           0  0.43s           2026-04-25T09:05:43
/usr/local/python/3.12.1/lib/python3.12/site-packages/airflow/example_dags/example_trigger_target_dag.py                                                        1           0  0.41s           2026-04-25T09:05:50
/usr/local/python/3.12.1/lib/python3.12/site-packages/airflow/example_dags/example_trigger_controller_dag.py                                                    1           0  0.33s           2026-04-25T09:05:52
/usr/local/python/3.12.1/lib/python3.12/site-packages/airflow/example_dags/example_time_delta_sensor_async.py                                                   1           0  0.32s           2026-04-25T09:05:53
/usr/local/python/3.12.1/lib/python3.12/site-packages/airflow/example_dags/example_task_group.py                                                                1           0  0.31s           2026-04-25T09:05:56
/usr/local/python/3.12.1/lib/python3.12/site-packages/airflow/example_dags/example_setup_teardown_taskflow.py                                                   1           0  0.23s           2026-04-25T09:06:02
/usr/local/python/3.12.1/lib/python3.12/site-packages/airflow/example_dags/plugins/workday.py                                                                   0           0  0.23s           2026-04-25T09:05:40
/usr/local/python/3.12.1/lib/python3.12/site-packages/airflow/example_dags/example_sla_dag.py                                                                   1           0  0.22s           2026-04-25T09:05:57
/usr/local/python/3.12.1/lib/python3.12/site-packages/airflow/example_dags/example_short_circuit_decorator.py                                                   1           0  0.21s           2026-04-25T09:06:04
/usr/local/python/3.12.1/lib/python3.12/site-packages/airflow/example_dags/tutorial_dag.py                                                                      1           0  0.20s           2026-04-25T09:05:51
/usr/local/python/3.12.1/lib/python3.12/site-packages/airflow/example_dags/example_sensors.py                                                                   1           0  0.20s           2026-04-25T09:06:06
/usr/local/python/3.12.1/lib/python3.12/site-packages/airflow/example_dags/example_sensor_decorator.py                                                          1           0  0.20s           2026-04-25T09:06:07
/usr/local/python/3.12.1/lib/python3.12/site-packages/airflow/example_dags/example_short_circuit_operator.py                                                    1           0  0.20s           2026-04-25T09:05:57
/usr/local/python/3.12.1/lib/python3.12/site-packages/airflow/example_dags/example_xcom.py                                                                      1           0  0.20s           2026-04-25T09:05:51
/usr/local/python/3.12.1/lib/python3.12/site-packages/airflow/example_dags/subdags/subdag.py                                                                    0           0  0.14s           2026-04-25T09:05:37
/usr/local/python/3.12.1/lib/python3.12/site-packages/airflow/example_dags/plugins/listener_plugin.py                                                           0           0  0.13s           2026-04-25T09:05:38
/usr/local/python/3.12.1/lib/python3.12/site-packages/airflow/example_dags/plugins/decreasing_priority_weight_strategy.py                                       0           0  0.12s           2026-04-25T09:05:41
/usr/local/python/3.12.1/lib/python3.12/site-packages/airflow/example_dags/plugins/event_listener.py                                                            0           0  0.11s           2026-04-25T09:05:41
/usr/local/python/3.12.1/lib/python3.12/site-packages/airflow/example_dags/tutorial_objectstorage.py                                                            0           1  0.11s           2026-04-25T09:05:44
/usr/local/python/3.12.1/lib/python3.12/site-packages/airflow/example_dags/example_dynamic_task_mapping_with_no_taskflow_operators.py                           0           0
/usr/local/python/3.12.1/lib/python3.12/site-packages/airflow/example_dags/example_datasets.py                                                                  0           0
/usr/local/python/3.12.1/lib/python3.12/site-packages/airflow/example_dags/example_python_decorator.py                                                          0           0
/usr/local/python/3.12.1/lib/python3.12/site-packages/airflow/example_dags/example_branch_operator.py                                                           0           0
/usr/local/python/3.12.1/lib/python3.12/site-packages/airflow/example_dags/example_bash_operator.py                                                             0           0
/usr/local/python/3.12.1/lib/python3.12/site-packages/airflow/example_dags/example_branch_datetime_operator.py                                                  0           0
/usr/local/python/3.12.1/lib/python3.12/site-packages/airflow/example_dags/example_latest_only_with_trigger.py                                                  0           0
/usr/local/python/3.12.1/lib/python3.12/site-packages/airflow/example_dags/example_branch_day_of_week_operator.py                                               0           0
/usr/local/python/3.12.1/lib/python3.12/site-packages/airflow/example_dags/example_python_operator.py                                                           0           0
/usr/local/python/3.12.1/lib/python3.12/site-packages/airflow/example_dags/example_display_name.py                                                              0           0
/usr/local/python/3.12.1/lib/python3.12/site-packages/airflow/example_dags/example_passing_params_via_test_command.py                                           0           0
/usr/local/python/3.12.1/lib/python3.12/site-packages/airflow/example_dags/example_kubernetes_executor.py                                                       0           0
/usr/local/python/3.12.1/lib/python3.12/site-packages/airflow/example_dags/example_dynamic_task_mapping.py                                                      0           0
/usr/local/python/3.12.1/lib/python3.12/site-packages/airflow/example_dags/example_local_kubernetes_executor.py                                                 0           0
/usr/local/python/3.12.1/lib/python3.12/site-packages/airflow/example_dags/example_params_trigger_ui.py                                                         0           0
/usr/local/python/3.12.1/lib/python3.12/site-packages/airflow/example_dags/example_params_ui_tutorial.py                                                        0           0
/usr/local/python/3.12.1/lib/python3.12/site-packages/airflow/example_dags/example_latest_only.py                                                               0           0
/usr/local/python/3.12.1/lib/python3.12/site-packages/airflow/example_dags/example_dag_decorator.py                                                             0           0
/usr/local/python/3.12.1/lib/python3.12/site-packages/airflow/example_dags/example_external_task_marker_dag.py                                                  0           0
/usr/local/python/3.12.1/lib/python3.12/site-packages/airflow/example_dags/example_bash_decorator.py                                                            0           0
/usr/local/python/3.12.1/lib/python3.12/site-packages/airflow/example_dags/example_branch_operator_decorator.py                                                 0           0
/usr/local/python/3.12.1/lib/python3.12/site-packages/airflow/example_dags/example_nested_branch_dag.py                                                         0           0
/usr/local/python/3.12.1/lib/python3.12/site-packages/airflow/example_dags/example_branch_labels.py                                                             0           0
/usr/local/python/3.12.1/lib/python3.12/site-packages/airflow/example_dags/example_branch_python_dop_operator_3.py                                              0           0
/usr/local/python/3.12.1/lib/python3.12/site-packages/airflow/example_dags/example_complex.py                                                                   0           0
================================================================================
[2026-04-25T09:06:38.345+0000] {manager.py:878} INFO - 
================================================================================
DAG File Processing Stats

File Path                                                                                                                              PID    Runtime      # DAGs    # Errors  Last Runtime    Last Run
-------------------------------------------------------------------------------------------------------------------------------------  -----  ---------  --------  ----------  --------------  -------------------
/usr/local/python/3.12.1/lib/python3.12/site-packages/airflow/example_dags/example_skip_dag.py                                                                  1           0  0.84s           2026-04-25T09:06:01
/usr/local/python/3.12.1/lib/python3.12/site-packages/airflow/example_dags/tutorial_taskflow_api_virtualenv.py                                                  1           0  0.71s           2026-04-25T09:05:46
/usr/local/python/3.12.1/lib/python3.12/site-packages/airflow/example_dags/example_subdag_operator.py                                                           3           0  0.66s           2026-04-25T09:05:59
/usr/local/python/3.12.1/lib/python3.12/site-packages/airflow/example_dags/tutorial.py                                                                          1           0  0.63s           2026-04-25T09:05:48
/usr/local/python/3.12.1/lib/python3.12/site-packages/airflow/example_dags/example_latest_only_with_trigger.py                                                  1           0  0.52s           2026-04-25T09:06:13
/usr/local/python/3.12.1/lib/python3.12/site-packages/airflow/example_dags/example_xcomargs.py                                                                  2           0  0.51s           2026-04-25T09:05:47
/usr/local/python/3.12.1/lib/python3.12/site-packages/airflow/example_dags/example_task_group_decorator.py                                                      1           0  0.51s           2026-04-25T09:05:55
/usr/local/python/3.12.1/lib/python3.12/site-packages/airflow/example_dags/example_datasets.py                                                                 10           0  0.50s           2026-04-25T09:06:22
/usr/local/python/3.12.1/lib/python3.12/site-packages/airflow/example_dags/example_setup_teardown.py                                                            1           0  0.45s           2026-04-25T09:06:05
/usr/local/python/3.12.1/lib/python3.12/site-packages/airflow/example_dags/tutorial_taskflow_api.py                                                             1           0  0.43s           2026-04-25T09:05:43
/usr/local/python/3.12.1/lib/python3.12/site-packages/airflow/example_dags/example_trigger_target_dag.py                                                        1           0  0.41s           2026-04-25T09:05:50
/usr/local/python/3.12.1/lib/python3.12/site-packages/airflow/example_dags/example_branch_datetime_operator.py                                                  3           0  0.40s           2026-04-25T09:06:31
/usr/local/python/3.12.1/lib/python3.12/site-packages/airflow/example_dags/example_trigger_controller_dag.py                                                    1           0  0.33s           2026-04-25T09:05:52
/usr/local/python/3.12.1/lib/python3.12/site-packages/airflow/example_dags/example_time_delta_sensor_async.py                                                   1           0  0.32s           2026-04-25T09:05:53
/usr/local/python/3.12.1/lib/python3.12/site-packages/airflow/example_dags/example_display_name.py                                                              1           0  0.32s           2026-04-25T09:06:23
/usr/local/python/3.12.1/lib/python3.12/site-packages/airflow/example_dags/example_latest_only.py                                                               1           0  0.31s           2026-04-25T09:06:20
/usr/local/python/3.12.1/lib/python3.12/site-packages/airflow/example_dags/example_bash_decorator.py                                                            1           0  0.31s           2026-04-25T09:06:36
/usr/local/python/3.12.1/lib/python3.12/site-packages/airflow/example_dags/example_dynamic_task_mapping.py                                                      1           0  0.31s           2026-04-25T09:06:25
/usr/local/python/3.12.1/lib/python3.12/site-packages/airflow/example_dags/example_branch_day_of_week_operator.py                                               1           0  0.31s           2026-04-25T09:06:33
/usr/local/python/3.12.1/lib/python3.12/site-packages/airflow/example_dags/example_branch_operator.py                                                           1           0  0.31s           2026-04-25T09:06:30
/usr/local/python/3.12.1/lib/python3.12/site-packages/airflow/example_dags/example_task_group.py                                                                1           0  0.31s           2026-04-25T09:05:56
/usr/local/python/3.12.1/lib/python3.12/site-packages/airflow/example_dags/example_python_operator.py                                                           1           0  0.26s           2026-04-25T09:06:09
/usr/local/python/3.12.1/lib/python3.12/site-packages/airflow/example_dags/example_params_trigger_ui.py                                                         1           0  0.24s           2026-04-25T09:06:15
/usr/local/python/3.12.1/lib/python3.12/site-packages/airflow/example_dags/example_setup_teardown_taskflow.py                                                   1           0  0.23s           2026-04-25T09:06:02
/usr/local/python/3.12.1/lib/python3.12/site-packages/airflow/example_dags/plugins/workday.py                                                                   0           0  0.23s           2026-04-25T09:05:40
/usr/local/python/3.12.1/lib/python3.12/site-packages/airflow/example_dags/example_complex.py                                                                   1           0  0.22s           2026-04-25T09:06:29
/usr/local/python/3.12.1/lib/python3.12/site-packages/airflow/example_dags/example_sla_dag.py                                                                   1           0  0.22s           2026-04-25T09:05:57
/usr/local/python/3.12.1/lib/python3.12/site-packages/airflow/example_dags/example_passing_params_via_test_command.py                                           1           0  0.22s           2026-04-25T09:06:10
/usr/local/python/3.12.1/lib/python3.12/site-packages/airflow/example_dags/example_dag_decorator.py                                                             1           0  0.21s           2026-04-25T09:06:26
/usr/local/python/3.12.1/lib/python3.12/site-packages/airflow/example_dags/example_short_circuit_decorator.py                                                   1           0  0.21s           2026-04-25T09:06:04
/usr/local/python/3.12.1/lib/python3.12/site-packages/airflow/example_dags/example_external_task_marker_dag.py                                                  2           0  0.21s           2026-04-25T09:06:21
/usr/local/python/3.12.1/lib/python3.12/site-packages/airflow/example_dags/example_branch_labels.py                                                             1           0  0.21s           2026-04-25T09:06:34
/usr/local/python/3.12.1/lib/python3.12/site-packages/airflow/example_dags/example_branch_operator_decorator.py                                                 1           0  0.21s           2026-04-25T09:06:27
/usr/local/python/3.12.1/lib/python3.12/site-packages/airflow/example_dags/example_dynamic_task_mapping_with_no_taskflow_operators.py                           1           0  0.21s           2026-04-25T09:06:17
/usr/local/python/3.12.1/lib/python3.12/site-packages/airflow/example_dags/example_bash_operator.py                                                             1           0  0.21s           2026-04-25T09:06:35
/usr/local/python/3.12.1/lib/python3.12/site-packages/airflow/example_dags/example_python_decorator.py                                                          1           0  0.21s           2026-04-25T09:06:08
/usr/local/python/3.12.1/lib/python3.12/site-packages/airflow/example_dags/example_branch_python_dop_operator_3.py                                              1           0  0.20s           2026-04-25T09:06:28
/usr/local/python/3.12.1/lib/python3.12/site-packages/airflow/example_dags/tutorial_dag.py                                                                      1           0  0.20s           2026-04-25T09:05:51
/usr/local/python/3.12.1/lib/python3.12/site-packages/airflow/example_dags/example_nested_branch_dag.py                                                         1           0  0.20s           2026-04-25T09:06:17
/usr/local/python/3.12.1/lib/python3.12/site-packages/airflow/example_dags/example_sensors.py                                                                   1           0  0.20s           2026-04-25T09:06:06
/usr/local/python/3.12.1/lib/python3.12/site-packages/airflow/example_dags/example_sensor_decorator.py                                                          1           0  0.20s           2026-04-25T09:06:07
/usr/local/python/3.12.1/lib/python3.12/site-packages/airflow/example_dags/example_short_circuit_operator.py                                                    1           0  0.20s           2026-04-25T09:05:57
/usr/local/python/3.12.1/lib/python3.12/site-packages/airflow/example_dags/example_params_ui_tutorial.py                                                        1           0  0.20s           2026-04-25T09:06:11
/usr/local/python/3.12.1/lib/python3.12/site-packages/airflow/example_dags/example_xcom.py                                                                      1           0  0.20s           2026-04-25T09:05:51
/usr/local/python/3.12.1/lib/python3.12/site-packages/airflow/example_dags/plugins/decreasing_priority_weight_strategy.py                                       0           0  0.12s           2026-04-25T09:05:41
/usr/local/python/3.12.1/lib/python3.12/site-packages/airflow/example_dags/plugins/event_listener.py                                                            0           0  0.11s           2026-04-25T09:05:41
/usr/local/python/3.12.1/lib/python3.12/site-packages/airflow/example_dags/tutorial_objectstorage.py                                                            0           1  0.11s           2026-04-25T09:05:44
/usr/local/python/3.12.1/lib/python3.12/site-packages/airflow/example_dags/subdags/subdag.py                                                                    0           0  0.11s           2026-04-25T09:06:37
/usr/local/python/3.12.1/lib/python3.12/site-packages/airflow/example_dags/example_kubernetes_executor.py                                                       0           0  0.10s           2026-04-25T09:06:18
/usr/local/python/3.12.1/lib/python3.12/site-packages/airflow/example_dags/example_local_kubernetes_executor.py                                                 0           0  0.10s           2026-04-25T09:06:14
/usr/local/python/3.12.1/lib/python3.12/site-packages/airflow/example_dags/plugins/listener_plugin.py                                                           0           0  0.10s           2026-04-25T09:06:38
================================================================================
[2026-04-25T09:07:08.765+0000] {manager.py:878} INFO - 
================================================================================
DAG File Processing Stats

File Path                                                                                                                              PID    Runtime      # DAGs    # Errors  Last Runtime    Last Run
-------------------------------------------------------------------------------------------------------------------------------------  -----  ---------  --------  ----------  --------------  -------------------
/usr/local/python/3.12.1/lib/python3.12/site-packages/airflow/example_dags/example_datasets.py                                                                 10           0  0.50s           2026-04-25T09:06:22
/usr/local/python/3.12.1/lib/python3.12/site-packages/airflow/example_dags/example_branch_datetime_operator.py                                                  3           0  0.40s           2026-04-25T09:06:31
/usr/local/python/3.12.1/lib/python3.12/site-packages/airflow/example_dags/example_task_group.py                                                                1           0  0.33s           2026-04-25T09:06:54
/usr/local/python/3.12.1/lib/python3.12/site-packages/airflow/example_dags/example_display_name.py                                                              1           0  0.32s           2026-04-25T09:06:23
/usr/local/python/3.12.1/lib/python3.12/site-packages/airflow/example_dags/example_latest_only.py                                                               1           0  0.31s           2026-04-25T09:06:20
/usr/local/python/3.12.1/lib/python3.12/site-packages/airflow/example_dags/example_bash_decorator.py                                                            1           0  0.31s           2026-04-25T09:06:36
/usr/local/python/3.12.1/lib/python3.12/site-packages/airflow/example_dags/example_dynamic_task_mapping.py                                                      1           0  0.31s           2026-04-25T09:06:25
/usr/local/python/3.12.1/lib/python3.12/site-packages/airflow/example_dags/example_branch_day_of_week_operator.py                                               1           0  0.31s           2026-04-25T09:06:33
/usr/local/python/3.12.1/lib/python3.12/site-packages/airflow/example_dags/example_branch_operator.py                                                           1           0  0.31s           2026-04-25T09:06:30
/usr/local/python/3.12.1/lib/python3.12/site-packages/airflow/example_dags/example_params_trigger_ui.py                                                         1           0  0.24s           2026-04-25T09:06:15
/usr/local/python/3.12.1/lib/python3.12/site-packages/airflow/example_dags/example_complex.py                                                                   1           0  0.22s           2026-04-25T09:06:29
/usr/local/python/3.12.1/lib/python3.12/site-packages/airflow/example_dags/example_sensors.py                                                                   1           0  0.22s           2026-04-25T09:07:02
/usr/local/python/3.12.1/lib/python3.12/site-packages/airflow/example_dags/example_dag_decorator.py                                                             1           0  0.21s           2026-04-25T09:06:26
/usr/local/python/3.12.1/lib/python3.12/site-packages/airflow/example_dags/example_subdag_operator.py                                                           3           0  0.21s           2026-04-25T09:06:57
/usr/local/python/3.12.1/lib/python3.12/site-packages/airflow/example_dags/example_external_task_marker_dag.py                                                  2           0  0.21s           2026-04-25T09:06:21
/usr/local/python/3.12.1/lib/python3.12/site-packages/airflow/example_dags/example_branch_labels.py                                                             1           0  0.21s           2026-04-25T09:06:34
/usr/local/python/3.12.1/lib/python3.12/site-packages/airflow/example_dags/example_branch_operator_decorator.py                                                 1           0  0.21s           2026-04-25T09:06:27
/usr/local/python/3.12.1/lib/python3.12/site-packages/airflow/example_dags/example_dynamic_task_mapping_with_no_taskflow_operators.py                           1           0  0.21s           2026-04-25T09:06:17
/usr/local/python/3.12.1/lib/python3.12/site-packages/airflow/example_dags/example_bash_operator.py                                                             1           0  0.21s           2026-04-25T09:06:35
/usr/local/python/3.12.1/lib/python3.12/site-packages/airflow/example_dags/example_python_operator.py                                                           1           0  0.20s           2026-04-25T09:07:05
/usr/local/python/3.12.1/lib/python3.12/site-packages/airflow/example_dags/example_branch_python_dop_operator_3.py                                              1           0  0.20s           2026-04-25T09:06:28
/usr/local/python/3.12.1/lib/python3.12/site-packages/airflow/example_dags/example_nested_branch_dag.py                                                         1           0  0.20s           2026-04-25T09:06:17
/usr/local/python/3.12.1/lib/python3.12/site-packages/airflow/example_dags/tutorial_objectstorage.py                                                            0           1  0.12s           2026-04-25T09:06:44
/usr/local/python/3.12.1/lib/python3.12/site-packages/airflow/example_dags/example_trigger_controller_dag.py                                                    1           0  0.11s           2026-04-25T09:06:50
/usr/local/python/3.12.1/lib/python3.12/site-packages/airflow/example_dags/plugins/workday.py                                                                   0           0  0.11s           2026-04-25T09:06:39
/usr/local/python/3.12.1/lib/python3.12/site-packages/airflow/example_dags/example_setup_teardown_taskflow.py                                                   1           0  0.11s           2026-04-25T09:06:58
/usr/local/python/3.12.1/lib/python3.12/site-packages/airflow/example_dags/example_skip_dag.py                                                                  1           0  0.11s           2026-04-25T09:06:58
/usr/local/python/3.12.1/lib/python3.12/site-packages/airflow/example_dags/tutorial.py                                                                          1           0  0.11s           2026-04-25T09:06:46
/usr/local/python/3.12.1/lib/python3.12/site-packages/airflow/example_dags/example_sla_dag.py                                                                   1           0  0.11s           2026-04-25T09:06:55
/usr/local/python/3.12.1/lib/python3.12/site-packages/airflow/example_dags/example_trigger_target_dag.py                                                        1           0  0.11s           2026-04-25T09:06:48
/usr/local/python/3.12.1/lib/python3.12/site-packages/airflow/example_dags/example_params_ui_tutorial.py                                                        1           0  0.11s           2026-04-25T09:07:07
/usr/local/python/3.12.1/lib/python3.12/site-packages/airflow/example_dags/example_time_delta_sensor_async.py                                                   1           0  0.11s           2026-04-25T09:06:51
/usr/local/python/3.12.1/lib/python3.12/site-packages/airflow/example_dags/subdags/subdag.py                                                                    0           0  0.11s           2026-04-25T09:06:37
/usr/local/python/3.12.1/lib/python3.12/site-packages/airflow/example_dags/example_xcomargs.py                                                                  2           0  0.11s           2026-04-25T09:06:45
/usr/local/python/3.12.1/lib/python3.12/site-packages/airflow/example_dags/tutorial_dag.py                                                                      1           0  0.11s           2026-04-25T09:06:49
/usr/local/python/3.12.1/lib/python3.12/site-packages/airflow/example_dags/plugins/event_listener.py                                                            0           0  0.10s           2026-04-25T09:06:40
/usr/local/python/3.12.1/lib/python3.12/site-packages/airflow/example_dags/plugins/decreasing_priority_weight_strategy.py                                       0           0  0.10s           2026-04-25T09:06:41
/usr/local/python/3.12.1/lib/python3.12/site-packages/airflow/example_dags/example_kubernetes_executor.py                                                       0           0  0.10s           2026-04-25T09:06:18
/usr/local/python/3.12.1/lib/python3.12/site-packages/airflow/example_dags/example_short_circuit_operator.py                                                    1           0  0.10s           2026-04-25T09:06:54
/usr/local/python/3.12.1/lib/python3.12/site-packages/airflow/example_dags/example_local_kubernetes_executor.py                                                 0           0  0.10s           2026-04-25T09:07:08
/usr/local/python/3.12.1/lib/python3.12/site-packages/airflow/example_dags/example_short_circuit_decorator.py                                                   1           0  0.10s           2026-04-25T09:06:59
/usr/local/python/3.12.1/lib/python3.12/site-packages/airflow/example_dags/example_python_decorator.py                                                          1           0  0.10s           2026-04-25T09:07:04
/usr/local/python/3.12.1/lib/python3.12/site-packages/airflow/example_dags/example_setup_teardown.py                                                            1           0  0.10s           2026-04-25T09:07:01
/usr/local/python/3.12.1/lib/python3.12/site-packages/airflow/example_dags/example_latest_only_with_trigger.py                                                  1           0  0.10s           2026-04-25T09:07:07
/usr/local/python/3.12.1/lib/python3.12/site-packages/airflow/example_dags/example_task_group_decorator.py                                                      1           0  0.10s           2026-04-25T09:06:52
/usr/local/python/3.12.1/lib/python3.12/site-packages/airflow/example_dags/example_passing_params_via_test_command.py                                           1           0  0.10s           2026-04-25T09:07:06
/usr/local/python/3.12.1/lib/python3.12/site-packages/airflow/example_dags/tutorial_taskflow_api_virtualenv.py                                                  1           0  0.10s           2026-04-25T09:06:44
/usr/local/python/3.12.1/lib/python3.12/site-packages/airflow/example_dags/example_xcom.py                                                                      1           0  0.10s           2026-04-25T09:06:48
/usr/local/python/3.12.1/lib/python3.12/site-packages/airflow/example_dags/tutorial_taskflow_api.py                                                             1           0  0.10s           2026-04-25T09:06:42
/usr/local/python/3.12.1/lib/python3.12/site-packages/airflow/example_dags/plugins/listener_plugin.py                                                           0           0  0.10s           2026-04-25T09:06:38
/usr/local/python/3.12.1/lib/python3.12/site-packages/airflow/example_dags/example_sensor_decorator.py                                                          1           0  0.10s           2026-04-25T09:07:03
================================================================================
[2026-04-25T09:07:39.173+0000] {manager.py:878} INFO - 
================================================================================
DAG File Processing Stats

File Path                                                                                                                              PID    Runtime      # DAGs    # Errors  Last Runtime    Last Run
-------------------------------------------------------------------------------------------------------------------------------------  -----  ---------  --------  ----------  --------------  -------------------
/usr/local/python/3.12.1/lib/python3.12/site-packages/airflow/example_dags/example_task_group.py                                                                1           0  0.33s           2026-04-25T09:06:54
/usr/local/python/3.12.1/lib/python3.12/site-packages/airflow/example_dags/example_xcomargs.py                                                                  2           0  0.32s           2026-04-25T09:07:34
/usr/local/python/3.12.1/lib/python3.12/site-packages/airflow/example_dags/example_bash_decorator.py                                                            1           0  0.31s           2026-04-25T09:06:36
/usr/local/python/3.12.1/lib/python3.12/site-packages/airflow/example_dags/example_sensors.py                                                                   1           0  0.22s           2026-04-25T09:07:02
/usr/local/python/3.12.1/lib/python3.12/site-packages/airflow/example_dags/example_subdag_operator.py                                                           3           0  0.21s           2026-04-25T09:06:57
/usr/local/python/3.12.1/lib/python3.12/site-packages/airflow/example_dags/example_branch_labels.py                                                             1           0  0.21s           2026-04-25T09:06:34
/usr/local/python/3.12.1/lib/python3.12/site-packages/airflow/example_dags/example_bash_operator.py                                                             1           0  0.21s           2026-04-25T09:06:35
/usr/local/python/3.12.1/lib/python3.12/site-packages/airflow/example_dags/example_datasets.py                                                                 10           0  0.21s           2026-04-25T09:07:15
/usr/local/python/3.12.1/lib/python3.12/site-packages/airflow/example_dags/example_branch_operator_decorator.py                                                 1           0  0.21s           2026-04-25T09:07:20
/usr/local/python/3.12.1/lib/python3.12/site-packages/airflow/example_dags/example_python_operator.py                                                           1           0  0.20s           2026-04-25T09:07:05
/usr/local/python/3.12.1/lib/python3.12/site-packages/airflow/example_dags/tutorial_objectstorage.py                                                            0           1  0.16s           2026-04-25T09:07:32
/usr/local/python/3.12.1/lib/python3.12/site-packages/airflow/example_dags/tutorial_taskflow_api_virtualenv.py                                                  1           0  0.11s           2026-04-25T09:07:33
/usr/local/python/3.12.1/lib/python3.12/site-packages/airflow/example_dags/example_trigger_target_dag.py                                                        1           0  0.11s           2026-04-25T09:07:36
/usr/local/python/3.12.1/lib/python3.12/site-packages/airflow/example_dags/tutorial_dag.py                                                                      1           0  0.11s           2026-04-25T09:07:37
/usr/local/python/3.12.1/lib/python3.12/site-packages/airflow/example_dags/example_branch_day_of_week_operator.py                                               1           0  0.11s           2026-04-25T09:07:25
/usr/local/python/3.12.1/lib/python3.12/site-packages/airflow/example_dags/example_setup_teardown_taskflow.py                                                   1           0  0.11s           2026-04-25T09:06:58
/usr/local/python/3.12.1/lib/python3.12/site-packages/airflow/example_dags/example_branch_operator.py                                                           1           0  0.11s           2026-04-25T09:07:22
/usr/local/python/3.12.1/lib/python3.12/site-packages/airflow/example_dags/example_kubernetes_executor.py                                                       0           0  0.11s           2026-04-25T09:07:12
/usr/local/python/3.12.1/lib/python3.12/site-packages/airflow/example_dags/tutorial.py                                                                          1           0  0.11s           2026-04-25T09:07:35
/usr/local/python/3.12.1/lib/python3.12/site-packages/airflow/example_dags/example_latest_only.py                                                               1           0  0.11s           2026-04-25T09:07:13
/usr/local/python/3.12.1/lib/python3.12/site-packages/airflow/example_dags/example_skip_dag.py                                                                  1           0  0.11s           2026-04-25T09:06:58
/usr/local/python/3.12.1/lib/python3.12/site-packages/airflow/example_dags/example_time_delta_sensor_async.py                                                   1           0  0.11s           2026-04-25T09:07:39
/usr/local/python/3.12.1/lib/python3.12/site-packages/airflow/example_dags/example_sla_dag.py                                                                   1           0  0.11s           2026-04-25T09:06:55
/usr/local/python/3.12.1/lib/python3.12/site-packages/airflow/example_dags/example_dynamic_task_mapping.py                                                      1           0  0.11s           2026-04-25T09:07:17
/usr/local/python/3.12.1/lib/python3.12/site-packages/airflow/example_dags/example_branch_python_dop_operator_3.py                                              1           0  0.11s           2026-04-25T09:07:20
/usr/local/python/3.12.1/lib/python3.12/site-packages/airflow/example_dags/example_params_ui_tutorial.py                                                        1           0  0.11s           2026-04-25T09:07:07
/usr/local/python/3.12.1/lib/python3.12/site-packages/airflow/example_dags/example_xcom.py                                                                      1           0  0.11s           2026-04-25T09:07:36
/usr/local/python/3.12.1/lib/python3.12/site-packages/airflow/example_dags/example_trigger_controller_dag.py                                                    1           0  0.11s           2026-04-25T09:07:38
/usr/local/python/3.12.1/lib/python3.12/site-packages/airflow/example_dags/subdags/subdag.py                                                                    0           0  0.11s           2026-04-25T09:07:25
/usr/local/python/3.12.1/lib/python3.12/site-packages/airflow/example_dags/example_params_trigger_ui.py                                                         1           0  0.11s           2026-04-25T09:07:09
/usr/local/python/3.12.1/lib/python3.12/site-packages/airflow/example_dags/example_dynamic_task_mapping_with_no_taskflow_operators.py                           1           0  0.11s           2026-04-25T09:07:11
/usr/local/python/3.12.1/lib/python3.12/site-packages/airflow/example_dags/plugins/listener_plugin.py                                                           0           0  0.10s           2026-04-25T09:07:26
/usr/local/python/3.12.1/lib/python3.12/site-packages/airflow/example_dags/example_nested_branch_dag.py                                                         1           0  0.10s           2026-04-25T09:07:10
/usr/local/python/3.12.1/lib/python3.12/site-packages/airflow/example_dags/tutorial_taskflow_api.py                                                             1           0  0.10s           2026-04-25T09:07:30
/usr/local/python/3.12.1/lib/python3.12/site-packages/airflow/example_dags/plugins/workday.py                                                                   0           0  0.10s           2026-04-25T09:07:28
/usr/local/python/3.12.1/lib/python3.12/site-packages/airflow/example_dags/example_complex.py                                                                   1           0  0.10s           2026-04-25T09:07:21
/usr/local/python/3.12.1/lib/python3.12/site-packages/airflow/example_dags/example_branch_datetime_operator.py                                                  3           0  0.10s           2026-04-25T09:07:24
/usr/local/python/3.12.1/lib/python3.12/site-packages/airflow/example_dags/example_short_circuit_operator.py                                                    1           0  0.10s           2026-04-25T09:06:54
/usr/local/python/3.12.1/lib/python3.12/site-packages/airflow/example_dags/plugins/decreasing_priority_weight_strategy.py                                       0           0  0.10s           2026-04-25T09:07:30
/usr/local/python/3.12.1/lib/python3.12/site-packages/airflow/example_dags/example_local_kubernetes_executor.py                                                 0           0  0.10s           2026-04-25T09:07:08
/usr/local/python/3.12.1/lib/python3.12/site-packages/airflow/example_dags/example_display_name.py                                                              1           0  0.10s           2026-04-25T09:07:16
/usr/local/python/3.12.1/lib/python3.12/site-packages/airflow/example_dags/example_short_circuit_decorator.py                                                   1           0  0.10s           2026-04-25T09:06:59
/usr/local/python/3.12.1/lib/python3.12/site-packages/airflow/example_dags/example_python_decorator.py                                                          1           0  0.10s           2026-04-25T09:07:04
/usr/local/python/3.12.1/lib/python3.12/site-packages/airflow/example_dags/example_setup_teardown.py                                                            1           0  0.10s           2026-04-25T09:07:01
/usr/local/python/3.12.1/lib/python3.12/site-packages/airflow/example_dags/example_external_task_marker_dag.py                                                  2           0  0.10s           2026-04-25T09:07:14
/usr/local/python/3.12.1/lib/python3.12/site-packages/airflow/example_dags/example_latest_only_with_trigger.py                                                  1           0  0.10s           2026-04-25T09:07:07
/usr/local/python/3.12.1/lib/python3.12/site-packages/airflow/example_dags/example_task_group_decorator.py                                                      1           0  0.10s           2026-04-25T09:06:52
/usr/local/python/3.12.1/lib/python3.12/site-packages/airflow/example_dags/example_passing_params_via_test_command.py                                           1           0  0.10s           2026-04-25T09:07:06
/usr/local/python/3.12.1/lib/python3.12/site-packages/airflow/example_dags/example_dag_decorator.py                                                             1           0  0.10s           2026-04-25T09:07:18
/usr/local/python/3.12.1/lib/python3.12/site-packages/airflow/example_dags/plugins/event_listener.py                                                            0           0  0.10s           2026-04-25T09:07:29
/usr/local/python/3.12.1/lib/python3.12/site-packages/airflow/example_dags/example_sensor_decorator.py                                                          1           0  0.10s           2026-04-25T09:07:03
================================================================================
[2026-04-25T09:08:09.509+0000] {manager.py:878} INFO - 
================================================================================
DAG File Processing Stats

File Path                                                                                                                              PID    Runtime      # DAGs    # Errors  Last Runtime    Last Run
-------------------------------------------------------------------------------------------------------------------------------------  -----  ---------  --------  ----------  --------------  -------------------
/usr/local/python/3.12.1/lib/python3.12/site-packages/airflow/example_dags/example_xcomargs.py                                                                  2           0  0.32s           2026-04-25T09:07:34
/usr/local/python/3.12.1/lib/python3.12/site-packages/airflow/example_dags/example_setup_teardown.py                                                            1           0  0.31s           2026-04-25T09:07:51
/usr/local/python/3.12.1/lib/python3.12/site-packages/airflow/example_dags/example_bash_operator.py                                                             1           0  0.31s           2026-04-25T09:07:44
/usr/local/python/3.12.1/lib/python3.12/site-packages/airflow/example_dags/example_datasets.py                                                                 10           0  0.21s           2026-04-25T09:08:07
/usr/local/python/3.12.1/lib/python3.12/site-packages/airflow/example_dags/example_params_ui_tutorial.py                                                        1           0  0.21s           2026-04-25T09:07:58
/usr/local/python/3.12.1/lib/python3.12/site-packages/airflow/example_dags/example_branch_operator_decorator.py                                                 1           0  0.21s           2026-04-25T09:07:20
/usr/local/python/3.12.1/lib/python3.12/site-packages/airflow/example_dags/tutorial_objectstorage.py                                                            0           1  0.16s           2026-04-25T09:07:32
/usr/local/python/3.12.1/lib/python3.12/site-packages/airflow/example_dags/subdags/subdag.py                                                                    0           0  0.12s           2026-04-25T09:08:08
/usr/local/python/3.12.1/lib/python3.12/site-packages/airflow/example_dags/tutorial_taskflow_api_virtualenv.py                                                  1           0  0.11s           2026-04-25T09:07:33
/usr/local/python/3.12.1/lib/python3.12/site-packages/airflow/example_dags/example_short_circuit_operator.py                                                    1           0  0.11s           2026-04-25T09:07:42
/usr/local/python/3.12.1/lib/python3.12/site-packages/airflow/example_dags/example_trigger_target_dag.py                                                        1           0  0.11s           2026-04-25T09:07:36
/usr/local/python/3.12.1/lib/python3.12/site-packages/airflow/example_dags/tutorial_dag.py                                                                      1           0  0.11s           2026-04-25T09:07:37
/usr/local/python/3.12.1/lib/python3.12/site-packages/airflow/example_dags/example_branch_day_of_week_operator.py                                               1           0  0.11s           2026-04-25T09:07:25
/usr/local/python/3.12.1/lib/python3.12/site-packages/airflow/example_dags/example_branch_operator.py                                                           1           0  0.11s           2026-04-25T09:07:22
/usr/local/python/3.12.1/lib/python3.12/site-packages/airflow/example_dags/tutorial.py                                                                          1           0  0.11s           2026-04-25T09:07:35
/usr/local/python/3.12.1/lib/python3.12/site-packages/airflow/example_dags/example_time_delta_sensor_async.py                                                   1           0  0.11s           2026-04-25T09:07:39
/usr/local/python/3.12.1/lib/python3.12/site-packages/airflow/example_dags/example_params_trigger_ui.py                                                         1           0  0.11s           2026-04-25T09:08:01
/usr/local/python/3.12.1/lib/python3.12/site-packages/airflow/example_dags/example_subdag_operator.py                                                           3           0  0.11s           2026-04-25T09:07:47
/usr/local/python/3.12.1/lib/python3.12/site-packages/airflow/example_dags/example_external_task_marker_dag.py                                                  2           0  0.11s           2026-04-25T09:08:06
/usr/local/python/3.12.1/lib/python3.12/site-packages/airflow/example_dags/example_dynamic_task_mapping.py                                                      1           0  0.11s           2026-04-25T09:07:17
/usr/local/python/3.12.1/lib/python3.12/site-packages/airflow/example_dags/example_sensors.py                                                                   1           0  0.11s           2026-04-25T09:07:53
/usr/local/python/3.12.1/lib/python3.12/site-packages/airflow/example_dags/example_branch_python_dop_operator_3.py                                              1           0  0.11s           2026-04-25T09:07:20
/usr/local/python/3.12.1/lib/python3.12/site-packages/airflow/example_dags/example_xcom.py                                                                      1           0  0.11s           2026-04-25T09:07:36
/usr/local/python/3.12.1/lib/python3.12/site-packages/airflow/example_dags/example_trigger_controller_dag.py                                                    1           0  0.11s           2026-04-25T09:07:38
/usr/local/python/3.12.1/lib/python3.12/site-packages/airflow/example_dags/example_sla_dag.py                                                                   1           0  0.11s           2026-04-25T09:07:46
/usr/local/python/3.12.1/lib/python3.12/site-packages/airflow/example_dags/example_nested_branch_dag.py                                                         1           0  0.10s           2026-04-25T09:08:02
/usr/local/python/3.12.1/lib/python3.12/site-packages/airflow/example_dags/example_branch_labels.py                                                             1           0  0.10s           2026-04-25T09:07:43
/usr/local/python/3.12.1/lib/python3.12/site-packages/airflow/example_dags/example_task_group.py                                                                1           0  0.10s           2026-04-25T09:07:41
/usr/local/python/3.12.1/lib/python3.12/site-packages/airflow/example_dags/tutorial_taskflow_api.py                                                             1           0  0.10s           2026-04-25T09:07:30
/usr/local/python/3.12.1/lib/python3.12/site-packages/airflow/example_dags/example_task_group_decorator.py                                                      1           0  0.10s           2026-04-25T09:07:40
/usr/local/python/3.12.1/lib/python3.12/site-packages/airflow/example_dags/example_short_circuit_decorator.py                                                   1           0  0.10s           2026-04-25T09:07:50
/usr/local/python/3.12.1/lib/python3.12/site-packages/airflow/example_dags/plugins/workday.py                                                                   0           0  0.10s           2026-04-25T09:07:28
/usr/local/python/3.12.1/lib/python3.12/site-packages/airflow/example_dags/example_complex.py                                                                   1           0  0.10s           2026-04-25T09:07:21
/usr/local/python/3.12.1/lib/python3.12/site-packages/airflow/example_dags/example_dynamic_task_mapping_with_no_taskflow_operators.py                           1           0  0.10s           2026-04-25T09:08:03
/usr/local/python/3.12.1/lib/python3.12/site-packages/airflow/example_dags/example_passing_params_via_test_command.py                                           1           0  0.10s           2026-04-25T09:07:57
/usr/local/python/3.12.1/lib/python3.12/site-packages/airflow/example_dags/example_branch_datetime_operator.py                                                  3           0  0.10s           2026-04-25T09:07:24
/usr/local/python/3.12.1/lib/python3.12/site-packages/airflow/example_dags/plugins/listener_plugin.py                                                           0           0  0.10s           2026-04-25T09:08:09
/usr/local/python/3.12.1/lib/python3.12/site-packages/airflow/example_dags/example_local_kubernetes_executor.py                                                 0           0  0.10s           2026-04-25T09:08:00
/usr/local/python/3.12.1/lib/python3.12/site-packages/airflow/example_dags/example_python_decorator.py                                                          1           0  0.10s           2026-04-25T09:07:55
/usr/local/python/3.12.1/lib/python3.12/site-packages/airflow/example_dags/plugins/decreasing_priority_weight_strategy.py                                       0           0  0.10s           2026-04-25T09:07:30
/usr/local/python/3.12.1/lib/python3.12/site-packages/airflow/example_dags/example_latest_only.py                                                               1           0  0.10s           2026-04-25T09:08:05
/usr/local/python/3.12.1/lib/python3.12/site-packages/airflow/example_dags/example_display_name.py                                                              1           0  0.10s           2026-04-25T09:07:16
/usr/local/python/3.12.1/lib/python3.12/site-packages/airflow/example_dags/example_kubernetes_executor.py                                                       0           0  0.10s           2026-04-25T09:08:04
/usr/local/python/3.12.1/lib/python3.12/site-packages/airflow/example_dags/example_latest_only_with_trigger.py                                                  1           0  0.10s           2026-04-25T09:07:59
/usr/local/python/3.12.1/lib/python3.12/site-packages/airflow/example_dags/example_bash_decorator.py                                                            1           0  0.10s           2026-04-25T09:07:46
/usr/local/python/3.12.1/lib/python3.12/site-packages/airflow/example_dags/example_setup_teardown_taskflow.py                                                   1           0  0.10s           2026-04-25T09:07:49
/usr/local/python/3.12.1/lib/python3.12/site-packages/airflow/example_dags/example_sensor_decorator.py                                                          1           0  0.10s           2026-04-25T09:07:54
/usr/local/python/3.12.1/lib/python3.12/site-packages/airflow/example_dags/example_skip_dag.py                                                                  1           0  0.10s           2026-04-25T09:07:48
/usr/local/python/3.12.1/lib/python3.12/site-packages/airflow/example_dags/example_dag_decorator.py                                                             1           0  0.10s           2026-04-25T09:07:18
/usr/local/python/3.12.1/lib/python3.12/site-packages/airflow/example_dags/example_python_operator.py                                                           1           0  0.10s           2026-04-25T09:07:56
/usr/local/python/3.12.1/lib/python3.12/site-packages/airflow/example_dags/plugins/event_listener.py                                                            0           0  0.10s           2026-04-25T09:07:29
================================================================================
[2026-04-25T09:08:39.758+0000] {manager.py:878} INFO - 
================================================================================
DAG File Processing Stats

File Path                                                                                                                              PID    Runtime      # DAGs    # Errors  Last Runtime    Last Run
-------------------------------------------------------------------------------------------------------------------------------------  -----  ---------  --------  ----------  --------------  -------------------
/usr/local/python/3.12.1/lib/python3.12/site-packages/airflow/example_dags/example_branch_operator_decorator.py                                                 1           0  0.32s           2026-04-25T09:08:26
/usr/local/python/3.12.1/lib/python3.12/site-packages/airflow/example_dags/example_dag_decorator.py                                                             1           0  0.32s           2026-04-25T09:08:24
/usr/local/python/3.12.1/lib/python3.12/site-packages/airflow/example_dags/example_bash_operator.py                                                             1           0  0.31s           2026-04-25T09:07:44
/usr/local/python/3.12.1/lib/python3.12/site-packages/airflow/example_dags/example_datasets.py                                                                 10           0  0.21s           2026-04-25T09:08:07
/usr/local/python/3.12.1/lib/python3.12/site-packages/airflow/example_dags/example_display_name.py                                                              1           0  0.21s           2026-04-25T09:08:23
/usr/local/python/3.12.1/lib/python3.12/site-packages/airflow/example_dags/tutorial.py                                                                          1           0  0.21s           2026-04-25T09:08:18
/usr/local/python/3.12.1/lib/python3.12/site-packages/airflow/example_dags/tutorial_taskflow_api.py                                                             1           0  0.21s           2026-04-25T09:08:13
/usr/local/python/3.12.1/lib/python3.12/site-packages/airflow/example_dags/example_params_ui_tutorial.py                                                        1           0  0.21s           2026-04-25T09:07:58
/usr/local/python/3.12.1/lib/python3.12/site-packages/airflow/example_dags/example_setup_teardown_taskflow.py                                                   1           0  0.20s           2026-04-25T09:08:38
/usr/local/python/3.12.1/lib/python3.12/site-packages/airflow/example_dags/subdags/subdag.py                                                                    0           0  0.12s           2026-04-25T09:08:08
/usr/local/python/3.12.1/lib/python3.12/site-packages/airflow/example_dags/example_short_circuit_decorator.py                                                   1           0  0.12s           2026-04-25T09:08:38
/usr/local/python/3.12.1/lib/python3.12/site-packages/airflow/example_dags/example_branch_operator.py                                                           1           0  0.11s           2026-04-25T09:08:29
/usr/local/python/3.12.1/lib/python3.12/site-packages/airflow/example_dags/example_short_circuit_operator.py                                                    1           0  0.11s           2026-04-25T09:08:34
/usr/local/python/3.12.1/lib/python3.12/site-packages/airflow/example_dags/tutorial_dag.py                                                                      1           0  0.11s           2026-04-25T09:08:20
/usr/local/python/3.12.1/lib/python3.12/site-packages/airflow/example_dags/example_task_group_decorator.py                                                      1           0  0.11s           2026-04-25T09:08:33
/usr/local/python/3.12.1/lib/python3.12/site-packages/airflow/example_dags/example_params_trigger_ui.py                                                         1           0  0.11s           2026-04-25T09:08:01
/usr/local/python/3.12.1/lib/python3.12/site-packages/airflow/example_dags/example_external_task_marker_dag.py                                                  2           0  0.11s           2026-04-25T09:08:06
/usr/local/python/3.12.1/lib/python3.12/site-packages/airflow/example_dags/example_time_delta_sensor_async.py                                                   1           0  0.11s           2026-04-25T09:08:32
/usr/local/python/3.12.1/lib/python3.12/site-packages/airflow/example_dags/example_xcomargs.py                                                                  2           0  0.11s           2026-04-25T09:08:17
/usr/local/python/3.12.1/lib/python3.12/site-packages/airflow/example_dags/example_sensors.py                                                                   1           0  0.11s           2026-04-25T09:07:53
/usr/local/python/3.12.1/lib/python3.12/site-packages/airflow/example_dags/example_task_group.py                                                                1           0  0.11s           2026-04-25T09:08:33
/usr/local/python/3.12.1/lib/python3.12/site-packages/airflow/example_dags/example_setup_teardown.py                                                            1           0  0.10s           2026-04-25T09:08:39
/usr/local/python/3.12.1/lib/python3.12/site-packages/airflow/example_dags/example_nested_branch_dag.py                                                         1           0  0.10s           2026-04-25T09:08:02
/usr/local/python/3.12.1/lib/python3.12/site-packages/airflow/example_dags/example_dynamic_task_mapping.py                                                      1           0  0.10s           2026-04-25T09:08:23
/usr/local/python/3.12.1/lib/python3.12/site-packages/airflow/example_dags/tutorial_objectstorage.py                                                            0           1  0.10s           2026-04-25T09:08:15
/usr/local/python/3.12.1/lib/python3.12/site-packages/airflow/example_dags/example_branch_labels.py                                                             1           0  0.10s           2026-04-25T09:07:43
/usr/local/python/3.12.1/lib/python3.12/site-packages/airflow/example_dags/example_branch_datetime_operator.py                                                  3           0  0.10s           2026-04-25T09:08:29
/usr/local/python/3.12.1/lib/python3.12/site-packages/airflow/example_dags/example_dynamic_task_mapping_with_no_taskflow_operators.py                           1           0  0.10s           2026-04-25T09:08:03
/usr/local/python/3.12.1/lib/python3.12/site-packages/airflow/example_dags/example_passing_params_via_test_command.py                                           1           0  0.10s           2026-04-25T09:07:57
/usr/local/python/3.12.1/lib/python3.12/site-packages/airflow/example_dags/plugins/listener_plugin.py                                                           0           0  0.10s           2026-04-25T09:08:09
/usr/local/python/3.12.1/lib/python3.12/site-packages/airflow/example_dags/example_local_kubernetes_executor.py                                                 0           0  0.10s           2026-04-25T09:08:00
/usr/local/python/3.12.1/lib/python3.12/site-packages/airflow/example_dags/example_python_decorator.py                                                          1           0  0.10s           2026-04-25T09:07:55
/usr/local/python/3.12.1/lib/python3.12/site-packages/airflow/example_dags/example_latest_only.py                                                               1           0  0.10s           2026-04-25T09:08:05
/usr/local/python/3.12.1/lib/python3.12/site-packages/airflow/example_dags/example_skip_dag.py                                                                  1           0  0.10s           2026-04-25T09:08:37
/usr/local/python/3.12.1/lib/python3.12/site-packages/airflow/example_dags/tutorial_taskflow_api_virtualenv.py                                                  1           0  0.10s           2026-04-25T09:08:16
/usr/local/python/3.12.1/lib/python3.12/site-packages/airflow/example_dags/example_trigger_target_dag.py                                                        1           0  0.10s           2026-04-25T09:08:19
/usr/local/python/3.12.1/lib/python3.12/site-packages/airflow/example_dags/plugins/decreasing_priority_weight_strategy.py                                       0           0  0.10s           2026-04-25T09:08:12
/usr/local/python/3.12.1/lib/python3.12/site-packages/airflow/example_dags/example_branch_python_dop_operator_3.py                                              1           0  0.10s           2026-04-25T09:08:27
/usr/local/python/3.12.1/lib/python3.12/site-packages/airflow/example_dags/plugins/workday.py                                                                   0           0  0.10s           2026-04-25T09:08:10
/usr/local/python/3.12.1/lib/python3.12/site-packages/airflow/example_dags/example_complex.py                                                                   1           0  0.10s           2026-04-25T09:08:28
/usr/local/python/3.12.1/lib/python3.12/site-packages/airflow/example_dags/example_trigger_controller_dag.py                                                    1           0  0.10s           2026-04-25T09:08:21
/usr/local/python/3.12.1/lib/python3.12/site-packages/airflow/example_dags/plugins/event_listener.py                                                            0           0  0.10s           2026-04-25T09:08:11
/usr/local/python/3.12.1/lib/python3.12/site-packages/airflow/example_dags/example_xcom.py                                                                      1           0  0.10s           2026-04-25T09:08:19
/usr/local/python/3.12.1/lib/python3.12/site-packages/airflow/example_dags/example_kubernetes_executor.py                                                       0           0  0.10s           2026-04-25T09:08:04
/usr/local/python/3.12.1/lib/python3.12/site-packages/airflow/example_dags/example_latest_only_with_trigger.py                                                  1           0  0.10s           2026-04-25T09:07:59
/usr/local/python/3.12.1/lib/python3.12/site-packages/airflow/example_dags/example_branch_day_of_week_operator.py                                               1           0  0.10s           2026-04-25T09:08:30
/usr/local/python/3.12.1/lib/python3.12/site-packages/airflow/example_dags/example_bash_decorator.py                                                            1           0  0.10s           2026-04-25T09:07:46
/usr/local/python/3.12.1/lib/python3.12/site-packages/airflow/example_dags/example_sla_dag.py                                                                   1           0  0.10s           2026-04-25T09:08:35
/usr/local/python/3.12.1/lib/python3.12/site-packages/airflow/example_dags/example_sensor_decorator.py                                                          1           0  0.10s           2026-04-25T09:07:54
/usr/local/python/3.12.1/lib/python3.12/site-packages/airflow/example_dags/example_python_operator.py                                                           1           0  0.10s           2026-04-25T09:07:56
/usr/local/python/3.12.1/lib/python3.12/site-packages/airflow/example_dags/example_subdag_operator.py                                                           3           0  0.10s           2026-04-25T09:08:36
================================================================================
[2026-04-25T09:09:10.458+0000] {manager.py:878} INFO - 
================================================================================
DAG File Processing Stats

File Path                                                                                                                              PID    Runtime      # DAGs    # Errors  Last Runtime    Last Run
-------------------------------------------------------------------------------------------------------------------------------------  -----  ---------  --------  ----------  --------------  -------------------
/usr/local/python/3.12.1/lib/python3.12/site-packages/airflow/example_dags/example_branch_operator_decorator.py                                                 1           0  0.32s           2026-04-25T09:08:26
/usr/local/python/3.12.1/lib/python3.12/site-packages/airflow/example_dags/example_dag_decorator.py                                                             1           0  0.32s           2026-04-25T09:08:24
/usr/local/python/3.12.1/lib/python3.12/site-packages/airflow/example_dags/example_display_name.py                                                              1           0  0.21s           2026-04-25T09:08:23
/usr/local/python/3.12.1/lib/python3.12/site-packages/airflow/example_dags/example_passing_params_via_test_command.py                                           1           0  0.21s           2026-04-25T09:08:43
/usr/local/python/3.12.1/lib/python3.12/site-packages/airflow/example_dags/example_params_trigger_ui.py                                                         1           0  0.21s           2026-04-25T09:08:48
/usr/local/python/3.12.1/lib/python3.12/site-packages/airflow/example_dags/example_setup_teardown_taskflow.py                                                   1           0  0.20s           2026-04-25T09:08:38
/usr/local/python/3.12.1/lib/python3.12/site-packages/airflow/example_dags/example_datasets.py                                                                 10           0  0.20s           2026-04-25T09:09:10
/usr/local/python/3.12.1/lib/python3.12/site-packages/airflow/example_dags/example_bash_operator.py                                                             1           0  0.12s           2026-04-25T09:08:50
/usr/local/python/3.12.1/lib/python3.12/site-packages/airflow/example_dags/example_short_circuit_decorator.py                                                   1           0  0.12s           2026-04-25T09:08:38
/usr/local/python/3.12.1/lib/python3.12/site-packages/airflow/example_dags/example_latest_only.py                                                               1           0  0.11s           2026-04-25T09:09:08
/usr/local/python/3.12.1/lib/python3.12/site-packages/airflow/example_dags/tutorial.py                                                                          1           0  0.11s           2026-04-25T09:09:00
/usr/local/python/3.12.1/lib/python3.12/site-packages/airflow/example_dags/example_branch_operator.py                                                           1           0  0.11s           2026-04-25T09:08:29
/usr/local/python/3.12.1/lib/python3.12/site-packages/airflow/example_dags/plugins/decreasing_priority_weight_strategy.py                                       0           0  0.11s           2026-04-25T09:08:55
/usr/local/python/3.12.1/lib/python3.12/site-packages/airflow/example_dags/example_short_circuit_operator.py                                                    1           0  0.11s           2026-04-25T09:08:34
/usr/local/python/3.12.1/lib/python3.12/site-packages/airflow/example_dags/example_latest_only_with_trigger.py                                                  1           0  0.11s           2026-04-25T09:08:46
/usr/local/python/3.12.1/lib/python3.12/site-packages/airflow/example_dags/plugins/listener_plugin.py                                                           0           0  0.11s           2026-04-25T09:08:53
/usr/local/python/3.12.1/lib/python3.12/site-packages/airflow/example_dags/example_task_group_decorator.py                                                      1           0  0.11s           2026-04-25T09:08:33
/usr/local/python/3.12.1/lib/python3.12/site-packages/airflow/example_dags/example_params_ui_tutorial.py                                                        1           0  0.11s           2026-04-25T09:08:44
/usr/local/python/3.12.1/lib/python3.12/site-packages/airflow/example_dags/example_trigger_controller_dag.py                                                    1           0  0.11s           2026-04-25T09:09:04
/usr/local/python/3.12.1/lib/python3.12/site-packages/airflow/example_dags/example_xcom.py                                                                      1           0  0.11s           2026-04-25T09:09:02
/usr/local/python/3.12.1/lib/python3.12/site-packages/airflow/example_dags/example_dynamic_task_mapping_with_no_taskflow_operators.py                           1           0  0.11s           2026-04-25T09:09:06
/usr/local/python/3.12.1/lib/python3.12/site-packages/airflow/example_dags/example_time_delta_sensor_async.py                                                   1           0  0.11s           2026-04-25T09:08:32
/usr/local/python/3.12.1/lib/python3.12/site-packages/airflow/example_dags/example_xcomargs.py                                                                  2           0  0.11s           2026-04-25T09:08:59
/usr/local/python/3.12.1/lib/python3.12/site-packages/airflow/example_dags/plugins/workday.py                                                                   0           0  0.11s           2026-04-25T09:08:53
/usr/local/python/3.12.1/lib/python3.12/site-packages/airflow/example_dags/example_task_group.py                                                                1           0  0.11s           2026-04-25T09:08:33
/usr/local/python/3.12.1/lib/python3.12/site-packages/airflow/example_dags/example_kubernetes_executor.py                                                       0           0  0.10s           2026-04-25T09:09:07
/usr/local/python/3.12.1/lib/python3.12/site-packages/airflow/example_dags/example_setup_teardown.py                                                            1           0  0.10s           2026-04-25T09:08:39
/usr/local/python/3.12.1/lib/python3.12/site-packages/airflow/example_dags/tutorial_taskflow_api_virtualenv.py                                                  1           0  0.10s           2026-04-25T09:08:58
/usr/local/python/3.12.1/lib/python3.12/site-packages/airflow/example_dags/example_dynamic_task_mapping.py                                                      1           0  0.10s           2026-04-25T09:08:23
/usr/local/python/3.12.1/lib/python3.12/site-packages/airflow/example_dags/example_trigger_target_dag.py                                                        1           0  0.10s           2026-04-25T09:09:01
/usr/local/python/3.12.1/lib/python3.12/site-packages/airflow/example_dags/example_branch_labels.py                                                             1           0  0.10s           2026-04-25T09:08:48
/usr/local/python/3.12.1/lib/python3.12/site-packages/airflow/example_dags/example_bash_decorator.py                                                            1           0  0.10s           2026-04-25T09:08:51
/usr/local/python/3.12.1/lib/python3.12/site-packages/airflow/example_dags/example_branch_datetime_operator.py                                                  3           0  0.10s           2026-04-25T09:08:29
/usr/local/python/3.12.1/lib/python3.12/site-packages/airflow/example_dags/example_nested_branch_dag.py                                                         1           0  0.10s           2026-04-25T09:09:05
/usr/local/python/3.12.1/lib/python3.12/site-packages/airflow/example_dags/example_python_decorator.py                                                          1           0  0.10s           2026-04-25T09:08:42
/usr/local/python/3.12.1/lib/python3.12/site-packages/airflow/example_dags/example_python_operator.py                                                           1           0  0.10s           2026-04-25T09:08:43
/usr/local/python/3.12.1/lib/python3.12/site-packages/airflow/example_dags/example_external_task_marker_dag.py                                                  2           0  0.10s           2026-04-25T09:09:09
/usr/local/python/3.12.1/lib/python3.12/site-packages/airflow/example_dags/example_skip_dag.py                                                                  1           0  0.10s           2026-04-25T09:08:37
/usr/local/python/3.12.1/lib/python3.12/site-packages/airflow/example_dags/example_sensor_decorator.py                                                          1           0  0.10s           2026-04-25T09:08:41
/usr/local/python/3.12.1/lib/python3.12/site-packages/airflow/example_dags/example_branch_python_dop_operator_3.py                                              1           0  0.10s           2026-04-25T09:08:27
/usr/local/python/3.12.1/lib/python3.12/site-packages/airflow/example_dags/example_complex.py                                                                   1           0  0.10s           2026-04-25T09:08:28
/usr/local/python/3.12.1/lib/python3.12/site-packages/airflow/example_dags/plugins/event_listener.py                                                            0           0  0.10s           2026-04-25T09:08:54
/usr/local/python/3.12.1/lib/python3.12/site-packages/airflow/example_dags/example_local_kubernetes_executor.py                                                 0           0  0.10s           2026-04-25T09:08:47
/usr/local/python/3.12.1/lib/python3.12/site-packages/airflow/example_dags/tutorial_objectstorage.py                                                            0           1  0.10s           2026-04-25T09:08:57
/usr/local/python/3.12.1/lib/python3.12/site-packages/airflow/example_dags/tutorial_dag.py                                                                      1           0  0.10s           2026-04-25T09:09:03
/usr/local/python/3.12.1/lib/python3.12/site-packages/airflow/example_dags/example_branch_day_of_week_operator.py                                               1           0  0.10s           2026-04-25T09:08:30
/usr/local/python/3.12.1/lib/python3.12/site-packages/airflow/example_dags/example_sla_dag.py                                                                   1           0  0.10s           2026-04-25T09:08:35
/usr/local/python/3.12.1/lib/python3.12/site-packages/airflow/example_dags/tutorial_taskflow_api.py                                                             1           0  0.10s           2026-04-25T09:08:56
/usr/local/python/3.12.1/lib/python3.12/site-packages/airflow/example_dags/subdags/subdag.py                                                                    0           0  0.10s           2026-04-25T09:08:52
/usr/local/python/3.12.1/lib/python3.12/site-packages/airflow/example_dags/example_sensors.py                                                                   1           0  0.10s           2026-04-25T09:08:39
/usr/local/python/3.12.1/lib/python3.12/site-packages/airflow/example_dags/example_subdag_operator.py                                                           3           0  0.10s           2026-04-25T09:08:36
================================================================================
[2026-04-25T09:09:40.864+0000] {manager.py:878} INFO - 
================================================================================
DAG File Processing Stats

File Path                                                                                                                              PID    Runtime      # DAGs    # Errors  Last Runtime    Last Run
-------------------------------------------------------------------------------------------------------------------------------------  -----  ---------  --------  ----------  --------------  -------------------
/usr/local/python/3.12.1/lib/python3.12/site-packages/airflow/example_dags/example_dag_decorator.py                                                             1           0  0.42s           2026-04-25T09:09:26
/usr/local/python/3.12.1/lib/python3.12/site-packages/airflow/example_dags/example_branch_python_dop_operator_3.py                                              1           0  0.32s           2026-04-25T09:09:28
/usr/local/python/3.12.1/lib/python3.12/site-packages/airflow/example_dags/example_sla_dag.py                                                                   1           0  0.21s           2026-04-25T09:09:15
/usr/local/python/3.12.1/lib/python3.12/site-packages/airflow/example_dags/example_skip_dag.py                                                                  1           0  0.21s           2026-04-25T09:09:18
/usr/local/python/3.12.1/lib/python3.12/site-packages/airflow/example_dags/example_passing_params_via_test_command.py                                           1           0  0.21s           2026-04-25T09:08:43
/usr/local/python/3.12.1/lib/python3.12/site-packages/airflow/example_dags/example_params_trigger_ui.py                                                         1           0  0.21s           2026-04-25T09:08:48
/usr/local/python/3.12.1/lib/python3.12/site-packages/airflow/example_dags/example_subdag_operator.py                                                           3           0  0.20s           2026-04-25T09:09:17
/usr/local/python/3.12.1/lib/python3.12/site-packages/airflow/example_dags/example_datasets.py                                                                 10           0  0.20s           2026-04-25T09:09:10
/usr/local/python/3.12.1/lib/python3.12/site-packages/airflow/example_dags/example_bash_operator.py                                                             1           0  0.12s           2026-04-25T09:08:50
/usr/local/python/3.12.1/lib/python3.12/site-packages/airflow/example_dags/example_latest_only.py                                                               1           0  0.11s           2026-04-25T09:09:08
/usr/local/python/3.12.1/lib/python3.12/site-packages/airflow/example_dags/tutorial.py                                                                          1           0  0.11s           2026-04-25T09:09:00
/usr/local/python/3.12.1/lib/python3.12/site-packages/airflow/example_dags/example_latest_only_with_trigger.py                                                  1           0  0.11s           2026-04-25T09:08:46
/usr/local/python/3.12.1/lib/python3.12/site-packages/airflow/example_dags/example_params_ui_tutorial.py                                                        1           0  0.11s           2026-04-25T09:08:44
/usr/local/python/3.12.1/lib/python3.12/site-packages/airflow/example_dags/example_complex.py                                                                   1           0  0.11s           2026-04-25T09:09:30
/usr/local/python/3.12.1/lib/python3.12/site-packages/airflow/example_dags/example_trigger_controller_dag.py                                                    1           0  0.11s           2026-04-25T09:09:04
/usr/local/python/3.12.1/lib/python3.12/site-packages/airflow/example_dags/example_xcom.py                                                                      1           0  0.11s           2026-04-25T09:09:02
/usr/local/python/3.12.1/lib/python3.12/site-packages/airflow/example_dags/example_dynamic_task_mapping_with_no_taskflow_operators.py                           1           0  0.11s           2026-04-25T09:09:06
/usr/local/python/3.12.1/lib/python3.12/site-packages/airflow/example_dags/tutorial_taskflow_api_virtualenv.py                                                  1           0  0.11s           2026-04-25T09:09:40
/usr/local/python/3.12.1/lib/python3.12/site-packages/airflow/example_dags/example_kubernetes_executor.py                                                       0           0  0.10s           2026-04-25T09:09:07
/usr/local/python/3.12.1/lib/python3.12/site-packages/airflow/example_dags/plugins/event_listener.py                                                            0           0  0.10s           2026-04-25T09:09:36
/usr/local/python/3.12.1/lib/python3.12/site-packages/airflow/example_dags/subdags/subdag.py                                                                    0           0  0.10s           2026-04-25T09:09:34
/usr/local/python/3.12.1/lib/python3.12/site-packages/airflow/example_dags/example_task_group.py                                                                1           0  0.10s           2026-04-25T09:09:13
/usr/local/python/3.12.1/lib/python3.12/site-packages/airflow/example_dags/example_sensor_decorator.py                                                          1           0  0.10s           2026-04-25T09:09:22
/usr/local/python/3.12.1/lib/python3.12/site-packages/airflow/example_dags/example_trigger_target_dag.py                                                        1           0  0.10s           2026-04-25T09:09:01
/usr/local/python/3.12.1/lib/python3.12/site-packages/airflow/example_dags/tutorial_objectstorage.py                                                            0           1  0.10s           2026-04-25T09:09:39
/usr/local/python/3.12.1/lib/python3.12/site-packages/airflow/example_dags/tutorial_taskflow_api.py                                                             1           0  0.10s           2026-04-25T09:09:38
/usr/local/python/3.12.1/lib/python3.12/site-packages/airflow/example_dags/example_branch_labels.py                                                             1           0  0.10s           2026-04-25T09:08:48
/usr/local/python/3.12.1/lib/python3.12/site-packages/airflow/example_dags/example_bash_decorator.py                                                            1           0  0.10s           2026-04-25T09:08:51
/usr/local/python/3.12.1/lib/python3.12/site-packages/airflow/example_dags/example_branch_operator.py                                                           1           0  0.10s           2026-04-25T09:09:30
/usr/local/python/3.12.1/lib/python3.12/site-packages/airflow/example_dags/example_time_delta_sensor_async.py                                                   1           0  0.10s           2026-04-25T09:09:11
/usr/local/python/3.12.1/lib/python3.12/site-packages/airflow/example_dags/example_setup_teardown_taskflow.py                                                   1           0  0.10s           2026-04-25T09:09:19
/usr/local/python/3.12.1/lib/python3.12/site-packages/airflow/example_dags/example_display_name.py                                                              1           0  0.10s           2026-04-25T09:09:23
/usr/local/python/3.12.1/lib/python3.12/site-packages/airflow/example_dags/plugins/decreasing_priority_weight_strategy.py                                       0           0  0.10s           2026-04-25T09:09:37
/usr/local/python/3.12.1/lib/python3.12/site-packages/airflow/example_dags/example_nested_branch_dag.py                                                         1           0  0.10s           2026-04-25T09:09:05
/usr/local/python/3.12.1/lib/python3.12/site-packages/airflow/example_dags/plugins/listener_plugin.py                                                           0           0  0.10s           2026-04-25T09:09:35
/usr/local/python/3.12.1/lib/python3.12/site-packages/airflow/example_dags/example_python_decorator.py                                                          1           0  0.10s           2026-04-25T09:08:42
/usr/local/python/3.12.1/lib/python3.12/site-packages/airflow/example_dags/example_python_operator.py                                                           1           0  0.10s           2026-04-25T09:08:43
/usr/local/python/3.12.1/lib/python3.12/site-packages/airflow/example_dags/example_short_circuit_decorator.py                                                   1           0  0.10s           2026-04-25T09:09:19
/usr/local/python/3.12.1/lib/python3.12/site-packages/airflow/example_dags/example_external_task_marker_dag.py                                                  2           0  0.10s           2026-04-25T09:09:09
/usr/local/python/3.12.1/lib/python3.12/site-packages/airflow/example_dags/example_xcomargs.py                                                                  2           0  0.10s           2026-04-25T09:09:40
/usr/local/python/3.12.1/lib/python3.12/site-packages/airflow/example_dags/example_branch_operator_decorator.py                                                 1           0  0.10s           2026-04-25T09:09:27
/usr/local/python/3.12.1/lib/python3.12/site-packages/airflow/example_dags/example_branch_day_of_week_operator.py                                               1           0  0.10s           2026-04-25T09:09:32
/usr/local/python/3.12.1/lib/python3.12/site-packages/airflow/example_dags/example_task_group_decorator.py                                                      1           0  0.10s           2026-04-25T09:09:12
/usr/local/python/3.12.1/lib/python3.12/site-packages/airflow/example_dags/example_local_kubernetes_executor.py                                                 0           0  0.10s           2026-04-25T09:08:47
/usr/local/python/3.12.1/lib/python3.12/site-packages/airflow/example_dags/tutorial_dag.py                                                                      1           0  0.10s           2026-04-25T09:09:03
/usr/local/python/3.12.1/lib/python3.12/site-packages/airflow/example_dags/plugins/workday.py                                                                   0           0  0.10s           2026-04-25T09:09:36
/usr/local/python/3.12.1/lib/python3.12/site-packages/airflow/example_dags/example_setup_teardown.py                                                            1           0  0.10s           2026-04-25T09:09:20
/usr/local/python/3.12.1/lib/python3.12/site-packages/airflow/example_dags/example_branch_datetime_operator.py                                                  3           0  0.10s           2026-04-25T09:09:31
/usr/local/python/3.12.1/lib/python3.12/site-packages/airflow/example_dags/example_short_circuit_operator.py                                                    1           0  0.10s           2026-04-25T09:09:14
/usr/local/python/3.12.1/lib/python3.12/site-packages/airflow/example_dags/example_sensors.py                                                                   1           0  0.10s           2026-04-25T09:09:21
/usr/local/python/3.12.1/lib/python3.12/site-packages/airflow/example_dags/example_dynamic_task_mapping.py                                                      1           0  0.10s           2026-04-25T09:09:25
================================================================================
[2026-04-25T09:10:11.213+0000] {manager.py:878} INFO - 
================================================================================
DAG File Processing Stats

File Path                                                                                                                              PID    Runtime      # DAGs    # Errors  Last Runtime    Last Run
-------------------------------------------------------------------------------------------------------------------------------------  -----  ---------  --------  ----------  --------------  -------------------
/usr/local/python/3.12.1/lib/python3.12/site-packages/airflow/example_dags/example_dag_decorator.py                                                             1           0  0.42s           2026-04-25T09:09:26
/usr/local/python/3.12.1/lib/python3.12/site-packages/airflow/example_dags/example_branch_python_dop_operator_3.py                                              1           0  0.32s           2026-04-25T09:09:28
/usr/local/python/3.12.1/lib/python3.12/site-packages/airflow/example_dags/example_sensors.py                                                                   1           0  0.21s           2026-04-25T09:10:06
/usr/local/python/3.12.1/lib/python3.12/site-packages/airflow/example_dags/example_datasets.py                                                                 10           0  0.20s           2026-04-25T09:09:10
/usr/local/python/3.12.1/lib/python3.12/site-packages/airflow/example_dags/example_time_delta_sensor_async.py                                                   1           0  0.11s           2026-04-25T09:09:56
/usr/local/python/3.12.1/lib/python3.12/site-packages/airflow/example_dags/example_complex.py                                                                   1           0  0.11s           2026-04-25T09:09:30
/usr/local/python/3.12.1/lib/python3.12/site-packages/airflow/example_dags/tutorial_taskflow_api_virtualenv.py                                                  1           0  0.11s           2026-04-25T09:09:40
/usr/local/python/3.12.1/lib/python3.12/site-packages/airflow/example_dags/example_short_circuit_decorator.py                                                   1           0  0.10s           2026-04-25T09:10:04
/usr/local/python/3.12.1/lib/python3.12/site-packages/airflow/example_dags/plugins/event_listener.py                                                            0           0  0.10s           2026-04-25T09:09:36
/usr/local/python/3.12.1/lib/python3.12/site-packages/airflow/example_dags/subdags/subdag.py                                                                    0           0  0.10s           2026-04-25T09:09:34
/usr/local/python/3.12.1/lib/python3.12/site-packages/airflow/example_dags/example_setup_teardown_taskflow.py                                                   1           0  0.10s           2026-04-25T09:10:03
/usr/local/python/3.12.1/lib/python3.12/site-packages/airflow/example_dags/tutorial_objectstorage.py                                                            0           1  0.10s           2026-04-25T09:09:39
/usr/local/python/3.12.1/lib/python3.12/site-packages/airflow/example_dags/tutorial_taskflow_api.py                                                             1           0  0.10s           2026-04-25T09:09:38
/usr/local/python/3.12.1/lib/python3.12/site-packages/airflow/example_dags/example_passing_params_via_test_command.py                                           1           0  0.10s           2026-04-25T09:09:48
/usr/local/python/3.12.1/lib/python3.12/site-packages/airflow/example_dags/example_task_group.py                                                                1           0  0.10s           2026-04-25T09:09:59
/usr/local/python/3.12.1/lib/python3.12/site-packages/airflow/example_dags/example_subdag_operator.py                                                           3           0  0.10s           2026-04-25T09:10:01
/usr/local/python/3.12.1/lib/python3.12/site-packages/airflow/example_dags/example_setup_teardown.py                                                            1           0  0.10s           2026-04-25T09:10:05
/usr/local/python/3.12.1/lib/python3.12/site-packages/airflow/example_dags/example_sla_dag.py                                                                   1           0  0.10s           2026-04-25T09:10:00
/usr/local/python/3.12.1/lib/python3.12/site-packages/airflow/example_dags/example_trigger_controller_dag.py                                                    1           0  0.10s           2026-04-25T09:09:55
/usr/local/python/3.12.1/lib/python3.12/site-packages/airflow/example_dags/example_branch_operator.py                                                           1           0  0.10s           2026-04-25T09:09:30
/usr/local/python/3.12.1/lib/python3.12/site-packages/airflow/example_dags/example_latest_only_with_trigger.py                                                  1           0  0.10s           2026-04-25T09:09:50
/usr/local/python/3.12.1/lib/python3.12/site-packages/airflow/example_dags/example_bash_decorator.py                                                            1           0  0.10s           2026-04-25T09:09:55
/usr/local/python/3.12.1/lib/python3.12/site-packages/airflow/example_dags/example_sensor_decorator.py                                                          1           0  0.10s           2026-04-25T09:10:07
/usr/local/python/3.12.1/lib/python3.12/site-packages/airflow/example_dags/example_display_name.py                                                              1           0  0.10s           2026-04-25T09:09:23
/usr/local/python/3.12.1/lib/python3.12/site-packages/airflow/example_dags/example_kubernetes_executor.py                                                       0           0  0.10s           2026-04-25T09:10:10
/usr/local/python/3.12.1/lib/python3.12/site-packages/airflow/example_dags/plugins/decreasing_priority_weight_strategy.py                                       0           0  0.10s           2026-04-25T09:09:37
/usr/local/python/3.12.1/lib/python3.12/site-packages/airflow/example_dags/example_local_kubernetes_executor.py                                                 0           0  0.10s           2026-04-25T09:09:50
/usr/local/python/3.12.1/lib/python3.12/site-packages/airflow/example_dags/example_nested_branch_dag.py                                                         1           0  0.10s           2026-04-25T09:10:08
/usr/local/python/3.12.1/lib/python3.12/site-packages/airflow/example_dags/example_xcom.py                                                                      1           0  0.10s           2026-04-25T09:09:44
/usr/local/python/3.12.1/lib/python3.12/site-packages/airflow/example_dags/example_task_group_decorator.py                                                      1           0  0.10s           2026-04-25T09:09:57
/usr/local/python/3.12.1/lib/python3.12/site-packages/airflow/example_dags/plugins/listener_plugin.py                                                           0           0  0.10s           2026-04-25T09:09:35
/usr/local/python/3.12.1/lib/python3.12/site-packages/airflow/example_dags/example_bash_operator.py                                                             1           0  0.10s           2026-04-25T09:09:54
/usr/local/python/3.12.1/lib/python3.12/site-packages/airflow/example_dags/example_short_circuit_operator.py                                                    1           0  0.10s           2026-04-25T09:10:00
/usr/local/python/3.12.1/lib/python3.12/site-packages/airflow/example_dags/example_external_task_marker_dag.py                                                  2           0  0.10s           2026-04-25T09:09:09
/usr/local/python/3.12.1/lib/python3.12/site-packages/airflow/example_dags/example_python_operator.py                                                           1           0  0.10s           2026-04-25T09:09:47
/usr/local/python/3.12.1/lib/python3.12/site-packages/airflow/example_dags/example_xcomargs.py                                                                  2           0  0.10s           2026-04-25T09:09:40
/usr/local/python/3.12.1/lib/python3.12/site-packages/airflow/example_dags/example_params_ui_tutorial.py                                                        1           0  0.10s           2026-04-25T09:09:49
/usr/local/python/3.12.1/lib/python3.12/site-packages/airflow/example_dags/example_trigger_target_dag.py                                                        1           0  0.10s           2026-04-25T09:09:43
/usr/local/python/3.12.1/lib/python3.12/site-packages/airflow/example_dags/example_branch_operator_decorator.py                                                 1           0  0.10s           2026-04-25T09:09:27
/usr/local/python/3.12.1/lib/python3.12/site-packages/airflow/example_dags/tutorial_dag.py                                                                      1           0  0.10s           2026-04-25T09:09:45
/usr/local/python/3.12.1/lib/python3.12/site-packages/airflow/example_dags/example_skip_dag.py                                                                  1           0  0.10s           2026-04-25T09:10:02
/usr/local/python/3.12.1/lib/python3.12/site-packages/airflow/example_dags/example_branch_day_of_week_operator.py                                               1           0  0.10s           2026-04-25T09:09:32
/usr/local/python/3.12.1/lib/python3.12/site-packages/airflow/example_dags/example_python_decorator.py                                                          1           0  0.10s           2026-04-25T09:09:46
/usr/local/python/3.12.1/lib/python3.12/site-packages/airflow/example_dags/example_latest_only.py                                                               1           0  0.10s           2026-04-25T09:10:11
/usr/local/python/3.12.1/lib/python3.12/site-packages/airflow/example_dags/plugins/workday.py                                                                   0           0  0.10s           2026-04-25T09:09:36
/usr/local/python/3.12.1/lib/python3.12/site-packages/airflow/example_dags/example_params_trigger_ui.py                                                         1           0  0.10s           2026-04-25T09:09:52
/usr/local/python/3.12.1/lib/python3.12/site-packages/airflow/example_dags/example_branch_datetime_operator.py                                                  3           0  0.10s           2026-04-25T09:09:31
/usr/local/python/3.12.1/lib/python3.12/site-packages/airflow/example_dags/example_branch_labels.py                                                             1           0  0.10s           2026-04-25T09:09:53
/usr/local/python/3.12.1/lib/python3.12/site-packages/airflow/example_dags/example_dynamic_task_mapping.py                                                      1           0  0.10s           2026-04-25T09:09:25
/usr/local/python/3.12.1/lib/python3.12/site-packages/airflow/example_dags/tutorial.py                                                                          1           0  0.10s           2026-04-25T09:09:41
/usr/local/python/3.12.1/lib/python3.12/site-packages/airflow/example_dags/example_dynamic_task_mapping_with_no_taskflow_operators.py                           1           0  0.10s           2026-04-25T09:10:09
================================================================================
[2026-04-25T09:10:36.910+0000] {manager.py:737} INFO - Searching for files in /workspaces/new-balance-price/airflow_home/dags
[2026-04-25T09:10:36.927+0000] {manager.py:740} INFO - There are 51 files in /workspaces/new-balance-price/airflow_home/dags
[2026-04-25T09:10:41.624+0000] {manager.py:878} INFO - 
================================================================================
DAG File Processing Stats

File Path                                                                                                                              PID    Runtime      # DAGs    # Errors  Last Runtime    Last Run
-------------------------------------------------------------------------------------------------------------------------------------  -----  ---------  --------  ----------  --------------  -------------------
/usr/local/python/3.12.1/lib/python3.12/site-packages/airflow/example_dags/example_branch_datetime_operator.py                                                  3           0  0.32s           2026-04-25T09:10:33
/usr/local/python/3.12.1/lib/python3.12/site-packages/airflow/example_dags/example_datasets.py                                                                 10           0  0.21s           2026-04-25T09:10:13
/usr/local/python/3.12.1/lib/python3.12/site-packages/airflow/example_dags/example_sensors.py                                                                   1           0  0.21s           2026-04-25T09:10:06
/usr/local/python/3.12.1/lib/python3.12/site-packages/airflow/example_dags/tutorial_dag.py                                                                      1           0  0.21s           2026-04-25T09:10:27
/usr/local/python/3.12.1/lib/python3.12/site-packages/airflow/example_dags/example_branch_operator.py                                                           1           0  0.20s           2026-04-25T09:10:31
/usr/local/python/3.12.1/lib/python3.12/site-packages/airflow/example_dags/example_skip_dag.py                                                                  1           0  0.11s           2026-04-25T09:10:40
/usr/local/python/3.12.1/lib/python3.12/site-packages/airflow/example_dags/example_time_delta_sensor_async.py                                                   1           0  0.11s           2026-04-25T09:10:36
/usr/local/python/3.12.1/lib/python3.12/site-packages/airflow/example_dags/example_task_group_decorator.py                                                      1           0  0.11s           2026-04-25T09:10:36
/usr/local/python/3.12.1/lib/python3.12/site-packages/airflow/example_dags/example_short_circuit_decorator.py                                                   1           0  0.10s           2026-04-25T09:10:04
/usr/local/python/3.12.1/lib/python3.12/site-packages/airflow/example_dags/tutorial_taskflow_api_virtualenv.py                                                  1           0  0.10s           2026-04-25T09:10:22
/usr/local/python/3.12.1/lib/python3.12/site-packages/airflow/example_dags/example_dag_decorator.py                                                             1           0  0.10s           2026-04-25T09:10:29
/usr/local/python/3.12.1/lib/python3.12/site-packages/airflow/example_dags/subdags/subdag.py                                                                    0           0  0.10s           2026-04-25T09:10:16
/usr/local/python/3.12.1/lib/python3.12/site-packages/airflow/example_dags/example_passing_params_via_test_command.py                                           1           0  0.10s           2026-04-25T09:09:48
/usr/local/python/3.12.1/lib/python3.12/site-packages/airflow/example_dags/example_setup_teardown.py                                                            1           0  0.10s           2026-04-25T09:10:05
/usr/local/python/3.12.1/lib/python3.12/site-packages/airflow/example_dags/example_branch_operator_decorator.py                                                 1           0  0.10s           2026-04-25T09:10:30
/usr/local/python/3.12.1/lib/python3.12/site-packages/airflow/example_dags/example_task_group.py                                                                1           0  0.10s           2026-04-25T09:10:37
/usr/local/python/3.12.1/lib/python3.12/site-packages/airflow/example_dags/plugins/decreasing_priority_weight_strategy.py                                       0           0  0.10s           2026-04-25T09:10:20
/usr/local/python/3.12.1/lib/python3.12/site-packages/airflow/example_dags/example_external_task_marker_dag.py                                                  2           0  0.10s           2026-04-25T09:10:12
/usr/local/python/3.12.1/lib/python3.12/site-packages/airflow/example_dags/example_latest_only_with_trigger.py                                                  1           0  0.10s           2026-04-25T09:09:50
/usr/local/python/3.12.1/lib/python3.12/site-packages/airflow/example_dags/example_complex.py                                                                   1           0  0.10s           2026-04-25T09:10:31
/usr/local/python/3.12.1/lib/python3.12/site-packages/airflow/example_dags/example_bash_decorator.py                                                            1           0  0.10s           2026-04-25T09:09:55
/usr/local/python/3.12.1/lib/python3.12/site-packages/airflow/example_dags/example_sensor_decorator.py                                                          1           0  0.10s           2026-04-25T09:10:07
/usr/local/python/3.12.1/lib/python3.12/site-packages/airflow/example_dags/example_kubernetes_executor.py                                                       0           0  0.10s           2026-04-25T09:10:10
/usr/local/python/3.12.1/lib/python3.12/site-packages/airflow/example_dags/example_local_kubernetes_executor.py                                                 0           0  0.10s           2026-04-25T09:09:50
/usr/local/python/3.12.1/lib/python3.12/site-packages/airflow/example_dags/example_nested_branch_dag.py                                                         1           0  0.10s           2026-04-25T09:10:08
/usr/local/python/3.12.1/lib/python3.12/site-packages/airflow/example_dags/example_setup_teardown_taskflow.py                                                   1           0  0.10s           2026-04-25T09:10:41
/usr/local/python/3.12.1/lib/python3.12/site-packages/airflow/example_dags/example_bash_operator.py                                                             1           0  0.10s           2026-04-25T09:09:54
/usr/local/python/3.12.1/lib/python3.12/site-packages/airflow/example_dags/example_short_circuit_operator.py                                                    1           0  0.10s           2026-04-25T09:10:37
/usr/local/python/3.12.1/lib/python3.12/site-packages/airflow/example_dags/plugins/workday.py                                                                   0           0  0.10s           2026-04-25T09:10:18
/usr/local/python/3.12.1/lib/python3.12/site-packages/airflow/example_dags/example_python_operator.py                                                           1           0  0.10s           2026-04-25T09:09:47
/usr/local/python/3.12.1/lib/python3.12/site-packages/airflow/example_dags/example_params_ui_tutorial.py                                                        1           0  0.10s           2026-04-25T09:09:49
/usr/local/python/3.12.1/lib/python3.12/site-packages/airflow/example_dags/example_branch_python_dop_operator_3.py                                              1           0  0.10s           2026-04-25T09:10:31
/usr/local/python/3.12.1/lib/python3.12/site-packages/airflow/example_dags/plugins/event_listener.py                                                            0           0  0.10s           2026-04-25T09:10:19
/usr/local/python/3.12.1/lib/python3.12/site-packages/airflow/example_dags/tutorial.py                                                                          1           0  0.10s           2026-04-25T09:10:24
/usr/local/python/3.12.1/lib/python3.12/site-packages/airflow/example_dags/example_trigger_target_dag.py                                                        1           0  0.10s           2026-04-25T09:10:25
/usr/local/python/3.12.1/lib/python3.12/site-packages/airflow/example_dags/example_branch_day_of_week_operator.py                                               1           0  0.10s           2026-04-25T09:10:34
/usr/local/python/3.12.1/lib/python3.12/site-packages/airflow/example_dags/tutorial_objectstorage.py                                                            0           1  0.10s           2026-04-25T09:10:21
/usr/local/python/3.12.1/lib/python3.12/site-packages/airflow/example_dags/example_python_decorator.py                                                          1           0  0.10s           2026-04-25T09:09:46
/usr/local/python/3.12.1/lib/python3.12/site-packages/airflow/example_dags/example_trigger_controller_dag.py                                                    1           0  0.10s           2026-04-25T09:10:35
/usr/local/python/3.12.1/lib/python3.12/site-packages/airflow/example_dags/example_display_name.py                                                              1           0  0.10s           2026-04-25T09:10:14
/usr/local/python/3.12.1/lib/python3.12/site-packages/airflow/example_dags/example_latest_only.py                                                               1           0  0.10s           2026-04-25T09:10:11
/usr/local/python/3.12.1/lib/python3.12/site-packages/airflow/example_dags/example_subdag_operator.py                                                           3           0  0.10s           2026-04-25T09:10:39
/usr/local/python/3.12.1/lib/python3.12/site-packages/airflow/example_dags/example_params_trigger_ui.py                                                         1           0  0.10s           2026-04-25T09:09:52
/usr/local/python/3.12.1/lib/python3.12/site-packages/airflow/example_dags/example_branch_labels.py                                                             1           0  0.10s           2026-04-25T09:09:53
/usr/local/python/3.12.1/lib/python3.12/site-packages/airflow/example_dags/example_sla_dag.py                                                                   1           0  0.10s           2026-04-25T09:10:38
/usr/local/python/3.12.1/lib/python3.12/site-packages/airflow/example_dags/tutorial_taskflow_api.py                                                             1           0  0.10s           2026-04-25T09:10:21
/usr/local/python/3.12.1/lib/python3.12/site-packages/airflow/example_dags/example_dynamic_task_mapping.py                                                      1           0  0.10s           2026-04-25T09:10:15
/usr/local/python/3.12.1/lib/python3.12/site-packages/airflow/example_dags/example_xcomargs.py                                                                  2           0  0.10s           2026-04-25T09:10:23
/usr/local/python/3.12.1/lib/python3.12/site-packages/airflow/example_dags/example_xcom.py                                                                      1           0  0.10s           2026-04-25T09:10:26
/usr/local/python/3.12.1/lib/python3.12/site-packages/airflow/example_dags/example_dynamic_task_mapping_with_no_taskflow_operators.py                           1           0  0.10s           2026-04-25T09:10:09
/usr/local/python/3.12.1/lib/python3.12/site-packages/airflow/example_dags/plugins/listener_plugin.py                                                           0           0  0.10s           2026-04-25T09:10:17
================================================================================
[2026-04-25T09:11:12.984+0000] {manager.py:878} INFO - 
================================================================================
DAG File Processing Stats

File Path                                                                                                                              PID    Runtime      # DAGs    # Errors  Last Runtime    Last Run
-------------------------------------------------------------------------------------------------------------------------------------  -----  ---------  --------  ----------  --------------  -------------------
/usr/local/python/3.12.1/lib/python3.12/site-packages/airflow/example_dags/example_nested_branch_dag.py                                                         1           0  0.42s           2026-04-25T09:11:05
/usr/local/python/3.12.1/lib/python3.12/site-packages/airflow/example_dags/example_branch_datetime_operator.py                                                  3           0  0.32s           2026-04-25T09:10:33
/usr/local/python/3.12.1/lib/python3.12/site-packages/airflow/example_dags/example_datasets.py                                                                 10           0  0.32s           2026-04-25T09:11:11
/usr/local/python/3.12.1/lib/python3.12/site-packages/airflow/example_dags/example_params_ui_tutorial.py                                                        1           0  0.21s           2026-04-25T09:10:46
/usr/local/python/3.12.1/lib/python3.12/site-packages/airflow/example_dags/tutorial_dag.py                                                                      1           0  0.21s           2026-04-25T09:10:27
/usr/local/python/3.12.1/lib/python3.12/site-packages/airflow/example_dags/example_branch_operator.py                                                           1           0  0.20s           2026-04-25T09:10:31
/usr/local/python/3.12.1/lib/python3.12/site-packages/airflow/example_dags/example_skip_dag.py                                                                  1           0  0.11s           2026-04-25T09:10:40
/usr/local/python/3.12.1/lib/python3.12/site-packages/airflow/example_dags/example_external_task_marker_dag.py                                                  2           0  0.11s           2026-04-25T09:11:09
/usr/local/python/3.12.1/lib/python3.12/site-packages/airflow/example_dags/example_kubernetes_executor.py                                                       0           0  0.11s           2026-04-25T09:11:07
/usr/local/python/3.12.1/lib/python3.12/site-packages/airflow/example_dags/example_latest_only.py                                                               1           0  0.11s           2026-04-25T09:11:08
/usr/local/python/3.12.1/lib/python3.12/site-packages/airflow/example_dags/tutorial_objectstorage.py                                                            0           1  0.11s           2026-04-25T09:10:59
/usr/local/python/3.12.1/lib/python3.12/site-packages/airflow/example_dags/example_dynamic_task_mapping_with_no_taskflow_operators.py                           1           0  0.11s           2026-04-25T09:11:06
/usr/local/python/3.12.1/lib/python3.12/site-packages/airflow/example_dags/example_time_delta_sensor_async.py                                                   1           0  0.11s           2026-04-25T09:10:36
/usr/local/python/3.12.1/lib/python3.12/site-packages/airflow/example_dags/example_task_group_decorator.py                                                      1           0  0.11s           2026-04-25T09:10:36
/usr/local/python/3.12.1/lib/python3.12/site-packages/airflow/example_dags/example_display_name.py                                                              1           0  0.11s           2026-04-25T09:11:12
/usr/local/python/3.12.1/lib/python3.12/site-packages/airflow/example_dags/plugins/event_listener.py                                                            0           0  0.11s           2026-04-25T09:10:56
/usr/local/python/3.12.1/lib/python3.12/site-packages/airflow/example_dags/example_sensors.py                                                                   1           0  0.10s           2026-04-25T09:11:02
/usr/local/python/3.12.1/lib/python3.12/site-packages/airflow/example_dags/example_setup_teardown.py                                                            1           0  0.10s           2026-04-25T09:11:01
/usr/local/python/3.12.1/lib/python3.12/site-packages/airflow/example_dags/plugins/decreasing_priority_weight_strategy.py                                       0           0  0.10s           2026-04-25T09:10:57
/usr/local/python/3.12.1/lib/python3.12/site-packages/airflow/example_dags/example_bash_operator.py                                                             1           0  0.10s           2026-04-25T09:10:51
/usr/local/python/3.12.1/lib/python3.12/site-packages/airflow/example_dags/example_branch_labels.py                                                             1           0  0.10s           2026-04-25T09:10:50
/usr/local/python/3.12.1/lib/python3.12/site-packages/airflow/example_dags/tutorial_taskflow_api.py                                                             1           0  0.10s           2026-04-25T09:10:58
/usr/local/python/3.12.1/lib/python3.12/site-packages/airflow/example_dags/example_dag_decorator.py                                                             1           0  0.10s           2026-04-25T09:10:29
/usr/local/python/3.12.1/lib/python3.12/site-packages/airflow/example_dags/tutorial_taskflow_api_virtualenv.py                                                  1           0  0.10s           2026-04-25T09:11:01
/usr/local/python/3.12.1/lib/python3.12/site-packages/airflow/example_dags/example_local_kubernetes_executor.py                                                 0           0  0.10s           2026-04-25T09:10:48
/usr/local/python/3.12.1/lib/python3.12/site-packages/airflow/example_dags/example_branch_operator_decorator.py                                                 1           0  0.10s           2026-04-25T09:10:30
/usr/local/python/3.12.1/lib/python3.12/site-packages/airflow/example_dags/example_task_group.py                                                                1           0  0.10s           2026-04-25T09:10:37
/usr/local/python/3.12.1/lib/python3.12/site-packages/airflow/example_dags/example_complex.py                                                                   1           0  0.10s           2026-04-25T09:10:31
/usr/local/python/3.12.1/lib/python3.12/site-packages/airflow/example_dags/plugins/listener_plugin.py                                                           0           0  0.10s           2026-04-25T09:10:54
/usr/local/python/3.12.1/lib/python3.12/site-packages/airflow/example_dags/example_setup_teardown_taskflow.py                                                   1           0  0.10s           2026-04-25T09:10:41
/usr/local/python/3.12.1/lib/python3.12/site-packages/airflow/example_dags/example_latest_only_with_trigger.py                                                  1           0  0.10s           2026-04-25T09:10:47
/usr/local/python/3.12.1/lib/python3.12/site-packages/airflow/example_dags/example_passing_params_via_test_command.py                                           1           0  0.10s           2026-04-25T09:10:45
/usr/local/python/3.12.1/lib/python3.12/site-packages/airflow/example_dags/example_short_circuit_decorator.py                                                   1           0  0.10s           2026-04-25T09:10:42
/usr/local/python/3.12.1/lib/python3.12/site-packages/airflow/example_dags/subdags/subdag.py                                                                    0           0  0.10s           2026-04-25T09:10:53
/usr/local/python/3.12.1/lib/python3.12/site-packages/airflow/example_dags/example_short_circuit_operator.py                                                    1           0  0.10s           2026-04-25T09:10:37
/usr/local/python/3.12.1/lib/python3.12/site-packages/airflow/example_dags/example_python_operator.py                                                           1           0  0.10s           2026-04-25T09:10:44
/usr/local/python/3.12.1/lib/python3.12/site-packages/airflow/example_dags/example_params_trigger_ui.py                                                         1           0  0.10s           2026-04-25T09:10:49
/usr/local/python/3.12.1/lib/python3.12/site-packages/airflow/example_dags/example_bash_decorator.py                                                            1           0  0.10s           2026-04-25T09:10:52
/usr/local/python/3.12.1/lib/python3.12/site-packages/airflow/example_dags/plugins/workday.py                                                                   0           0  0.10s           2026-04-25T09:10:55
/usr/local/python/3.12.1/lib/python3.12/site-packages/airflow/example_dags/example_branch_python_dop_operator_3.py                                              1           0  0.10s           2026-04-25T09:10:31
/usr/local/python/3.12.1/lib/python3.12/site-packages/airflow/example_dags/tutorial.py                                                                          1           0  0.10s           2026-04-25T09:10:24
/usr/local/python/3.12.1/lib/python3.12/site-packages/airflow/example_dags/example_trigger_target_dag.py                                                        1           0  0.10s           2026-04-25T09:10:25
/usr/local/python/3.12.1/lib/python3.12/site-packages/airflow/example_dags/example_branch_day_of_week_operator.py                                               1           0  0.10s           2026-04-25T09:10:34
/usr/local/python/3.12.1/lib/python3.12/site-packages/airflow/example_dags/example_trigger_controller_dag.py                                                    1           0  0.10s           2026-04-25T09:10:35
/usr/local/python/3.12.1/lib/python3.12/site-packages/airflow/example_dags/example_sensor_decorator.py                                                          1           0  0.10s           2026-04-25T09:11:03
/usr/local/python/3.12.1/lib/python3.12/site-packages/airflow/example_dags/example_python_decorator.py                                                          1           0  0.10s           2026-04-25T09:10:43
/usr/local/python/3.12.1/lib/python3.12/site-packages/airflow/example_dags/example_subdag_operator.py                                                           3           0  0.10s           2026-04-25T09:10:39
/usr/local/python/3.12.1/lib/python3.12/site-packages/airflow/example_dags/example_sla_dag.py                                                                   1           0  0.10s           2026-04-25T09:10:38
/usr/local/python/3.12.1/lib/python3.12/site-packages/airflow/example_dags/example_dynamic_task_mapping.py                                                      1           0  0.10s           2026-04-25T09:10:15
/usr/local/python/3.12.1/lib/python3.12/site-packages/airflow/example_dags/example_xcomargs.py                                                                  2           0  0.10s           2026-04-25T09:10:23
/usr/local/python/3.12.1/lib/python3.12/site-packages/airflow/example_dags/example_xcom.py                                                                      1           0  0.10s           2026-04-25T09:10:26
================================================================================
[2026-04-25T09:11:25.147+0000] {manager.py:470} INFO - Processing files using up to 1 processes at a time 
[2026-04-25T09:11:25.147+0000] {manager.py:471} INFO - Process each file at most once every 30 seconds
[2026-04-25T09:11:25.148+0000] {manager.py:472} INFO - Checking for new files in /workspaces/new-balance-price/airflow_home/dags every 300 seconds
[2026-04-25T09:11:25.149+0000] {manager.py:737} INFO - Searching for files in /workspaces/new-balance-price/airflow_home/dags
[2026-04-25T09:11:25.193+0000] {manager.py:740} INFO - There are 51 files in /workspaces/new-balance-price/airflow_home/dags
[2026-04-25T09:11:25.420+0000] {manager.py:878} INFO - 
================================================================================
DAG File Processing Stats

File Path                                                                                                                              PID    Runtime      # DAGs    # Errors  Last Runtime    Last Run
-------------------------------------------------------------------------------------------------------------------------------------  -----  ---------  --------  ----------  --------------  -------------------
/usr/local/python/3.12.1/lib/python3.12/site-packages/airflow/example_dags/subdags/subdag.py                                                                    0           0  0.11s           2026-04-25T09:11:25
/usr/local/python/3.12.1/lib/python3.12/site-packages/airflow/example_dags/example_dynamic_task_mapping_with_no_taskflow_operators.py                           0           0
/usr/local/python/3.12.1/lib/python3.12/site-packages/airflow/example_dags/example_datasets.py                                                                  0           0
/usr/local/python/3.12.1/lib/python3.12/site-packages/airflow/example_dags/example_python_decorator.py                                                          0           0
/usr/local/python/3.12.1/lib/python3.12/site-packages/airflow/example_dags/example_setup_teardown_taskflow.py                                                   0           0
/usr/local/python/3.12.1/lib/python3.12/site-packages/airflow/example_dags/example_xcomargs.py                                                                  0           0
/usr/local/python/3.12.1/lib/python3.12/site-packages/airflow/example_dags/example_branch_operator.py                                                           0           0
/usr/local/python/3.12.1/lib/python3.12/site-packages/airflow/example_dags/example_short_circuit_decorator.py                                                   0           0
/usr/local/python/3.12.1/lib/python3.12/site-packages/airflow/example_dags/example_short_circuit_operator.py                                                    0           0
/usr/local/python/3.12.1/lib/python3.12/site-packages/airflow/example_dags/example_bash_operator.py                                                             0           0
/usr/local/python/3.12.1/lib/python3.12/site-packages/airflow/example_dags/example_sla_dag.py                                                                   0           0
/usr/local/python/3.12.1/lib/python3.12/site-packages/airflow/example_dags/example_branch_datetime_operator.py                                                  0           0
/usr/local/python/3.12.1/lib/python3.12/site-packages/airflow/example_dags/example_trigger_controller_dag.py                                                    0           0
/usr/local/python/3.12.1/lib/python3.12/site-packages/airflow/example_dags/example_subdag_operator.py                                                           0           0
/usr/local/python/3.12.1/lib/python3.12/site-packages/airflow/example_dags/example_latest_only_with_trigger.py                                                  0           0
/usr/local/python/3.12.1/lib/python3.12/site-packages/airflow/example_dags/example_time_delta_sensor_async.py                                                   0           0
/usr/local/python/3.12.1/lib/python3.12/site-packages/airflow/example_dags/example_branch_day_of_week_operator.py                                               0           0
/usr/local/python/3.12.1/lib/python3.12/site-packages/airflow/example_dags/example_python_operator.py                                                           0           0
/usr/local/python/3.12.1/lib/python3.12/site-packages/airflow/example_dags/example_display_name.py                                                              0           0
/usr/local/python/3.12.1/lib/python3.12/site-packages/airflow/example_dags/example_passing_params_via_test_command.py                                           0           0
/usr/local/python/3.12.1/lib/python3.12/site-packages/airflow/example_dags/example_kubernetes_executor.py                                                       0           0
/usr/local/python/3.12.1/lib/python3.12/site-packages/airflow/example_dags/example_setup_teardown.py                                                            0           0
/usr/local/python/3.12.1/lib/python3.12/site-packages/airflow/example_dags/tutorial.py                                                                          0           0
/usr/local/python/3.12.1/lib/python3.12/site-packages/airflow/example_dags/example_dynamic_task_mapping.py                                                      0           0
/usr/local/python/3.12.1/lib/python3.12/site-packages/airflow/example_dags/example_local_kubernetes_executor.py                                                 0           0
/usr/local/python/3.12.1/lib/python3.12/site-packages/airflow/example_dags/example_sensors.py                                                                   0           0
/usr/local/python/3.12.1/lib/python3.12/site-packages/airflow/example_dags/example_params_trigger_ui.py                                                         0           0
/usr/local/python/3.12.1/lib/python3.12/site-packages/airflow/example_dags/example_params_ui_tutorial.py                                                        0           0
/usr/local/python/3.12.1/lib/python3.12/site-packages/airflow/example_dags/tutorial_taskflow_api.py                                                             0           0
/usr/local/python/3.12.1/lib/python3.12/site-packages/airflow/example_dags/example_trigger_target_dag.py                                                        0           0
/usr/local/python/3.12.1/lib/python3.12/site-packages/airflow/example_dags/example_skip_dag.py                                                                  0           0
/usr/local/python/3.12.1/lib/python3.12/site-packages/airflow/example_dags/tutorial_objectstorage.py                                                            0           0
/usr/local/python/3.12.1/lib/python3.12/site-packages/airflow/example_dags/example_latest_only.py                                                               0           0
/usr/local/python/3.12.1/lib/python3.12/site-packages/airflow/example_dags/example_dag_decorator.py                                                             0           0
/usr/local/python/3.12.1/lib/python3.12/site-packages/airflow/example_dags/example_external_task_marker_dag.py                                                  0           0
/usr/local/python/3.12.1/lib/python3.12/site-packages/airflow/example_dags/example_bash_decorator.py                                                            0           0
/usr/local/python/3.12.1/lib/python3.12/site-packages/airflow/example_dags/tutorial_taskflow_api_virtualenv.py                                                  0           0
/usr/local/python/3.12.1/lib/python3.12/site-packages/airflow/example_dags/example_branch_operator_decorator.py                                                 0           0
/usr/local/python/3.12.1/lib/python3.12/site-packages/airflow/example_dags/example_nested_branch_dag.py                                                         0           0
/usr/local/python/3.12.1/lib/python3.12/site-packages/airflow/example_dags/example_branch_labels.py                                                             0           0
/usr/local/python/3.12.1/lib/python3.12/site-packages/airflow/example_dags/example_xcom.py                                                                      0           0
/usr/local/python/3.12.1/lib/python3.12/site-packages/airflow/example_dags/example_task_group_decorator.py                                                      0           0
/usr/local/python/3.12.1/lib/python3.12/site-packages/airflow/example_dags/example_task_group.py                                                                0           0
/usr/local/python/3.12.1/lib/python3.12/site-packages/airflow/example_dags/tutorial_dag.py                                                                      0           0
/usr/local/python/3.12.1/lib/python3.12/site-packages/airflow/example_dags/example_sensor_decorator.py                                                          0           0
/usr/local/python/3.12.1/lib/python3.12/site-packages/airflow/example_dags/example_branch_python_dop_operator_3.py                                              0           0
/usr/local/python/3.12.1/lib/python3.12/site-packages/airflow/example_dags/example_complex.py                                                                   0           0
/usr/local/python/3.12.1/lib/python3.12/site-packages/airflow/example_dags/plugins/decreasing_priority_weight_strategy.py                                       0           0
/usr/local/python/3.12.1/lib/python3.12/site-packages/airflow/example_dags/plugins/listener_plugin.py                                                           0           0
/usr/local/python/3.12.1/lib/python3.12/site-packages/airflow/example_dags/plugins/workday.py                                                                   0           0
/usr/local/python/3.12.1/lib/python3.12/site-packages/airflow/example_dags/plugins/event_listener.py                                                            0           0
================================================================================
[2026-04-25T09:11:43.559+0000] {manager.py:878} INFO - 
================================================================================
DAG File Processing Stats

File Path                                                                                                                              PID    Runtime      # DAGs    # Errors  Last Runtime    Last Run
-------------------------------------------------------------------------------------------------------------------------------------  -----  ---------  --------  ----------  --------------  -------------------
/usr/local/python/3.12.1/lib/python3.12/site-packages/airflow/example_dags/example_nested_branch_dag.py                                                         1           0  0.42s           2026-04-25T09:11:05
/usr/local/python/3.12.1/lib/python3.12/site-packages/airflow/example_dags/example_sla_dag.py                                                                   1           0  0.36s           2026-04-25T09:11:27
/usr/local/python/3.12.1/lib/python3.12/site-packages/airflow/example_dags/example_task_group.py                                                                1           0  0.33s           2026-04-25T09:11:25
/usr/local/python/3.12.1/lib/python3.12/site-packages/airflow/example_dags/example_xcomargs.py                                                                  2           0  0.32s           2026-04-25T09:11:15
/usr/local/python/3.12.1/lib/python3.12/site-packages/airflow/example_dags/example_datasets.py                                                                 10           0  0.32s           2026-04-25T09:11:11
/usr/local/python/3.12.1/lib/python3.12/site-packages/airflow/example_dags/tutorial_dag.py                                                                      1           0  0.32s           2026-04-25T09:11:20
/usr/local/python/3.12.1/lib/python3.12/site-packages/airflow/example_dags/example_xcom.py                                                                      1           0  0.22s           2026-04-25T09:11:19
/usr/local/python/3.12.1/lib/python3.12/site-packages/airflow/example_dags/example_trigger_controller_dag.py                                                    1           0  0.21s           2026-04-25T09:11:22
/usr/local/python/3.12.1/lib/python3.12/site-packages/airflow/example_dags/example_short_circuit_operator.py                                                    1           0  0.21s           2026-04-25T09:11:26
/usr/local/python/3.12.1/lib/python3.12/site-packages/airflow/example_dags/example_time_delta_sensor_async.py                                                   1           0  0.21s           2026-04-25T09:11:23
/usr/local/python/3.12.1/lib/python3.12/site-packages/airflow/example_dags/example_task_group_decorator.py                                                      1           0  0.21s           2026-04-25T09:11:24
/usr/local/python/3.12.1/lib/python3.12/site-packages/airflow/example_dags/example_dynamic_task_mapping.py                                                      1           0  0.21s           2026-04-25T09:11:14
/usr/local/python/3.12.1/lib/python3.12/site-packages/airflow/example_dags/example_params_ui_tutorial.py                                                        1           0  0.21s           2026-04-25T09:10:46
/usr/local/python/3.12.1/lib/python3.12/site-packages/airflow/example_dags/example_setup_teardown_taskflow.py                                                   1           0  0.21s           2026-04-25T09:11:30
/usr/local/python/3.12.1/lib/python3.12/site-packages/airflow/example_dags/example_branch_datetime_operator.py                                                  3           0  0.12s           2026-04-25T09:11:38
/usr/local/python/3.12.1/lib/python3.12/site-packages/airflow/example_dags/plugins/listener_plugin.py                                                           0           0  0.11s           2026-04-25T09:11:41
/usr/local/python/3.12.1/lib/python3.12/site-packages/airflow/example_dags/example_subdag_operator.py                                                           3           0  0.11s           2026-04-25T09:11:28
/usr/local/python/3.12.1/lib/python3.12/site-packages/airflow/example_dags/example_short_circuit_decorator.py                                                   1           0  0.11s           2026-04-25T09:11:31
/usr/local/python/3.12.1/lib/python3.12/site-packages/airflow/example_dags/example_external_task_marker_dag.py                                                  2           0  0.11s           2026-04-25T09:11:09
/usr/local/python/3.12.1/lib/python3.12/site-packages/airflow/example_dags/example_kubernetes_executor.py                                                       0           0  0.11s           2026-04-25T09:11:07
/usr/local/python/3.12.1/lib/python3.12/site-packages/airflow/example_dags/example_latest_only.py                                                               1           0  0.11s           2026-04-25T09:11:08
/usr/local/python/3.12.1/lib/python3.12/site-packages/airflow/example_dags/tutorial_objectstorage.py                                                            0           1  0.11s           2026-04-25T09:10:59
/usr/local/python/3.12.1/lib/python3.12/site-packages/airflow/example_dags/example_dynamic_task_mapping_with_no_taskflow_operators.py                           1           0  0.11s           2026-04-25T09:11:06
/usr/local/python/3.12.1/lib/python3.12/site-packages/airflow/example_dags/tutorial.py                                                                          1           0  0.11s           2026-04-25T09:11:16
/usr/local/python/3.12.1/lib/python3.12/site-packages/airflow/example_dags/subdags/subdag.py                                                                    0           0  0.11s           2026-04-25T09:11:40
/usr/local/python/3.12.1/lib/python3.12/site-packages/airflow/example_dags/example_skip_dag.py                                                                  1           0  0.11s           2026-04-25T09:11:29
/usr/local/python/3.12.1/lib/python3.12/site-packages/airflow/example_dags/example_display_name.py                                                              1           0  0.11s           2026-04-25T09:11:12
/usr/local/python/3.12.1/lib/python3.12/site-packages/airflow/example_dags/example_trigger_target_dag.py                                                        1           0  0.11s           2026-04-25T09:11:17
/usr/local/python/3.12.1/lib/python3.12/site-packages/airflow/example_dags/example_sensors.py                                                                   1           0  0.10s           2026-04-25T09:11:02
/usr/local/python/3.12.1/lib/python3.12/site-packages/airflow/example_dags/example_setup_teardown.py                                                            1           0  0.10s           2026-04-25T09:11:01
/usr/local/python/3.12.1/lib/python3.12/site-packages/airflow/example_dags/plugins/decreasing_priority_weight_strategy.py                                       0           0  0.10s           2026-04-25T09:10:57
/usr/local/python/3.12.1/lib/python3.12/site-packages/airflow/example_dags/example_branch_day_of_week_operator.py                                               1           0  0.10s           2026-04-25T09:11:39
/usr/local/python/3.12.1/lib/python3.12/site-packages/airflow/example_dags/example_bash_operator.py                                                             1           0  0.10s           2026-04-25T09:10:51
/usr/local/python/3.12.1/lib/python3.12/site-packages/airflow/example_dags/example_branch_labels.py                                                             1           0  0.10s           2026-04-25T09:10:50
/usr/local/python/3.12.1/lib/python3.12/site-packages/airflow/example_dags/tutorial_taskflow_api.py                                                             1           0  0.10s           2026-04-25T09:10:58
/usr/local/python/3.12.1/lib/python3.12/site-packages/airflow/example_dags/tutorial_taskflow_api_virtualenv.py                                                  1           0  0.10s           2026-04-25T09:11:01
/usr/local/python/3.12.1/lib/python3.12/site-packages/airflow/example_dags/example_local_kubernetes_executor.py                                                 0           0  0.10s           2026-04-25T09:10:48
/usr/local/python/3.12.1/lib/python3.12/site-packages/airflow/example_dags/example_dag_decorator.py                                                             1           0  0.10s           2026-04-25T09:11:33
/usr/local/python/3.12.1/lib/python3.12/site-packages/airflow/example_dags/example_latest_only_with_trigger.py                                                  1           0  0.10s           2026-04-25T09:10:47
/usr/local/python/3.12.1/lib/python3.12/site-packages/airflow/example_dags/example_passing_params_via_test_command.py                                           1           0  0.10s           2026-04-25T09:10:45
/usr/local/python/3.12.1/lib/python3.12/site-packages/airflow/example_dags/example_complex.py                                                                   1           0  0.10s           2026-04-25T09:11:36
/usr/local/python/3.12.1/lib/python3.12/site-packages/airflow/example_dags/example_python_operator.py                                                           1           0  0.10s           2026-04-25T09:11:33
/usr/local/python/3.12.1/lib/python3.12/site-packages/airflow/example_dags/example_params_trigger_ui.py                                                         1           0  0.10s           2026-04-25T09:10:49
/usr/local/python/3.12.1/lib/python3.12/site-packages/airflow/example_dags/example_bash_decorator.py                                                            1           0  0.10s           2026-04-25T09:10:52
/usr/local/python/3.12.1/lib/python3.12/site-packages/airflow/example_dags/plugins/workday.py                                                                   0           0  0.10s           2026-04-25T09:11:42
/usr/local/python/3.12.1/lib/python3.12/site-packages/airflow/example_dags/plugins/event_listener.py                                                            0           0  0.10s           2026-04-25T09:11:43
/usr/local/python/3.12.1/lib/python3.12/site-packages/airflow/example_dags/example_sensor_decorator.py                                                          1           0  0.10s           2026-04-25T09:11:03
/usr/local/python/3.12.1/lib/python3.12/site-packages/airflow/example_dags/example_branch_python_dop_operator_3.py                                              1           0  0.10s           2026-04-25T09:11:35
/usr/local/python/3.12.1/lib/python3.12/site-packages/airflow/example_dags/example_branch_operator.py                                                           1           0  0.10s           2026-04-25T09:11:37
/usr/local/python/3.12.1/lib/python3.12/site-packages/airflow/example_dags/example_branch_operator_decorator.py                                                 1           0  0.10s           2026-04-25T09:11:34
/usr/local/python/3.12.1/lib/python3.12/site-packages/airflow/example_dags/example_python_decorator.py                                                          1           0  0.10s           2026-04-25T09:11:33
================================================================================
[2026-04-25T09:11:55.636+0000] {manager.py:878} INFO - 
================================================================================
DAG File Processing Stats

File Path                                                                                                                              PID    Runtime      # DAGs    # Errors  Last Runtime    Last Run
-------------------------------------------------------------------------------------------------------------------------------------  -----  ---------  --------  ----------  --------------  -------------------
/usr/local/python/3.12.1/lib/python3.12/site-packages/airflow/example_dags/example_python_decorator.py                                                          1           0  0.94s           2026-04-25T09:11:53
/usr/local/python/3.12.1/lib/python3.12/site-packages/airflow/example_dags/example_skip_dag.py                                                                  1           0  0.31s           2026-04-25T09:11:46
/usr/local/python/3.12.1/lib/python3.12/site-packages/airflow/example_dags/example_short_circuit_operator.py                                                    1           0  0.30s           2026-04-25T09:11:43
/usr/local/python/3.12.1/lib/python3.12/site-packages/airflow/example_dags/example_trigger_target_dag.py                                                        1           0  0.24s           2026-04-25T09:11:36
/usr/local/python/3.12.1/lib/python3.12/site-packages/airflow/example_dags/example_task_group.py                                                                1           0  0.22s           2026-04-25T09:11:41
/usr/local/python/3.12.1/lib/python3.12/site-packages/airflow/example_dags/tutorial_taskflow_api.py                                                             1           0  0.21s           2026-04-25T09:11:31
/usr/local/python/3.12.1/lib/python3.12/site-packages/airflow/example_dags/example_setup_teardown_taskflow.py                                                   1           0  0.21s           2026-04-25T09:11:48
/usr/local/python/3.12.1/lib/python3.12/site-packages/airflow/example_dags/example_short_circuit_decorator.py                                                   1           0  0.21s           2026-04-25T09:11:49
/usr/local/python/3.12.1/lib/python3.12/site-packages/airflow/example_dags/example_subdag_operator.py                                                           3           0  0.20s           2026-04-25T09:11:45
/usr/local/python/3.12.1/lib/python3.12/site-packages/airflow/example_dags/example_sla_dag.py                                                                   1           0  0.20s           2026-04-25T09:11:44
/usr/local/python/3.12.1/lib/python3.12/site-packages/airflow/example_dags/example_python_operator.py                                                           1           0  0.20s           2026-04-25T09:11:55
/usr/local/python/3.12.1/lib/python3.12/site-packages/airflow/example_dags/plugins/workday.py                                                                   0           0  0.12s           2026-04-25T09:11:27
/usr/local/python/3.12.1/lib/python3.12/site-packages/airflow/example_dags/subdags/subdag.py                                                                    0           0  0.11s           2026-04-25T09:11:25
/usr/local/python/3.12.1/lib/python3.12/site-packages/airflow/example_dags/plugins/listener_plugin.py                                                           0           0  0.11s           2026-04-25T09:11:26
/usr/local/python/3.12.1/lib/python3.12/site-packages/airflow/example_dags/plugins/decreasing_priority_weight_strategy.py                                       0           0  0.11s           2026-04-25T09:11:30
/usr/local/python/3.12.1/lib/python3.12/site-packages/airflow/example_dags/example_setup_teardown.py                                                            1           0  0.11s           2026-04-25T09:11:50
/usr/local/python/3.12.1/lib/python3.12/site-packages/airflow/example_dags/example_params_ui_tutorial.py                                                        1           0  0.11s           2026-04-25T09:11:55
/usr/local/python/3.12.1/lib/python3.12/site-packages/airflow/example_dags/plugins/event_listener.py                                                            0           0  0.11s           2026-04-25T09:11:29
/usr/local/python/3.12.1/lib/python3.12/site-packages/airflow/example_dags/example_sensor_decorator.py                                                          1           0  0.11s           2026-04-25T09:11:51
/usr/local/python/3.12.1/lib/python3.12/site-packages/airflow/example_dags/tutorial.py                                                                          1           0  0.10s           2026-04-25T09:11:35
/usr/local/python/3.12.1/lib/python3.12/site-packages/airflow/example_dags/tutorial_taskflow_api_virtualenv.py                                                  1           0  0.10s           2026-04-25T09:11:33
/usr/local/python/3.12.1/lib/python3.12/site-packages/airflow/example_dags/example_time_delta_sensor_async.py                                                   1           0  0.10s           2026-04-25T09:11:40
/usr/local/python/3.12.1/lib/python3.12/site-packages/airflow/example_dags/tutorial_dag.py                                                                      1           0  0.10s           2026-04-25T09:11:38
/usr/local/python/3.12.1/lib/python3.12/site-packages/airflow/example_dags/example_xcom.py                                                                      1           0  0.10s           2026-04-25T09:11:37
/usr/local/python/3.12.1/lib/python3.12/site-packages/airflow/example_dags/example_xcomargs.py                                                                  2           0  0.10s           2026-04-25T09:11:35
/usr/local/python/3.12.1/lib/python3.12/site-packages/airflow/example_dags/example_sensors.py                                                                   1           0  0.10s           2026-04-25T09:11:50
/usr/local/python/3.12.1/lib/python3.12/site-packages/airflow/example_dags/tutorial_objectstorage.py                                                            0           1  0.10s           2026-04-25T09:11:32
/usr/local/python/3.12.1/lib/python3.12/site-packages/airflow/example_dags/example_task_group_decorator.py                                                      1           0  0.10s           2026-04-25T09:11:40
/usr/local/python/3.12.1/lib/python3.12/site-packages/airflow/example_dags/example_trigger_controller_dag.py                                                    1           0  0.10s           2026-04-25T09:11:40
/usr/local/python/3.12.1/lib/python3.12/site-packages/airflow/example_dags/example_passing_params_via_test_command.py                                           1           0  0.10s           2026-04-25T09:11:55
/usr/local/python/3.12.1/lib/python3.12/site-packages/airflow/example_dags/example_dynamic_task_mapping_with_no_taskflow_operators.py                           0           0
/usr/local/python/3.12.1/lib/python3.12/site-packages/airflow/example_dags/example_datasets.py                                                                  0           0
/usr/local/python/3.12.1/lib/python3.12/site-packages/airflow/example_dags/example_branch_operator.py                                                           0           0
/usr/local/python/3.12.1/lib/python3.12/site-packages/airflow/example_dags/example_bash_operator.py                                                             0           0
/usr/local/python/3.12.1/lib/python3.12/site-packages/airflow/example_dags/example_branch_datetime_operator.py                                                  0           0
/usr/local/python/3.12.1/lib/python3.12/site-packages/airflow/example_dags/example_latest_only_with_trigger.py                                                  0           0
/usr/local/python/3.12.1/lib/python3.12/site-packages/airflow/example_dags/example_branch_day_of_week_operator.py                                               0           0
/usr/local/python/3.12.1/lib/python3.12/site-packages/airflow/example_dags/example_display_name.py                                                              0           0
/usr/local/python/3.12.1/lib/python3.12/site-packages/airflow/example_dags/example_kubernetes_executor.py                                                       0           0
/usr/local/python/3.12.1/lib/python3.12/site-packages/airflow/example_dags/example_dynamic_task_mapping.py                                                      0           0
/usr/local/python/3.12.1/lib/python3.12/site-packages/airflow/example_dags/example_local_kubernetes_executor.py                                                 0           0
/usr/local/python/3.12.1/lib/python3.12/site-packages/airflow/example_dags/example_params_trigger_ui.py                                                         0           0
/usr/local/python/3.12.1/lib/python3.12/site-packages/airflow/example_dags/example_latest_only.py                                                               0           0
/usr/local/python/3.12.1/lib/python3.12/site-packages/airflow/example_dags/example_dag_decorator.py                                                             0           0
/usr/local/python/3.12.1/lib/python3.12/site-packages/airflow/example_dags/example_external_task_marker_dag.py                                                  0           0
/usr/local/python/3.12.1/lib/python3.12/site-packages/airflow/example_dags/example_bash_decorator.py                                                            0           0
/usr/local/python/3.12.1/lib/python3.12/site-packages/airflow/example_dags/example_branch_operator_decorator.py                                                 0           0
/usr/local/python/3.12.1/lib/python3.12/site-packages/airflow/example_dags/example_nested_branch_dag.py                                                         0           0
/usr/local/python/3.12.1/lib/python3.12/site-packages/airflow/example_dags/example_branch_labels.py                                                             0           0
/usr/local/python/3.12.1/lib/python3.12/site-packages/airflow/example_dags/example_branch_python_dop_operator_3.py                                              0           0
/usr/local/python/3.12.1/lib/python3.12/site-packages/airflow/example_dags/example_complex.py                                                                   0           0
================================================================================
[2026-04-25T09:12:14.369+0000] {manager.py:878} INFO - 
================================================================================
DAG File Processing Stats

File Path                                                                                                                              PID    Runtime      # DAGs    # Errors  Last Runtime    Last Run
-------------------------------------------------------------------------------------------------------------------------------------  -----  ---------  --------  ----------  --------------  -------------------
/usr/local/python/3.12.1/lib/python3.12/site-packages/airflow/example_dags/example_sla_dag.py                                                                   1           0  0.36s           2026-04-25T09:11:27
/usr/local/python/3.12.1/lib/python3.12/site-packages/airflow/example_dags/example_latest_only_with_trigger.py                                                  1           0  0.34s           2026-04-25T09:11:53
/usr/local/python/3.12.1/lib/python3.12/site-packages/airflow/example_dags/example_datasets.py                                                                 10           0  0.32s           2026-04-25T09:11:11
/usr/local/python/3.12.1/lib/python3.12/site-packages/airflow/example_dags/example_trigger_target_dag.py                                                        1           0  0.22s           2026-04-25T09:12:07
/usr/local/python/3.12.1/lib/python3.12/site-packages/airflow/example_dags/example_dynamic_task_mapping.py                                                      1           0  0.21s           2026-04-25T09:11:14
/usr/local/python/3.12.1/lib/python3.12/site-packages/airflow/example_dags/example_passing_params_via_test_command.py                                           1           0  0.21s           2026-04-25T09:11:51
/usr/local/python/3.12.1/lib/python3.12/site-packages/airflow/example_dags/example_params_trigger_ui.py                                                         1           0  0.21s           2026-04-25T09:11:55
/usr/local/python/3.12.1/lib/python3.12/site-packages/airflow/example_dags/example_task_group.py                                                                1           0  0.21s           2026-04-25T09:12:13
/usr/local/python/3.12.1/lib/python3.12/site-packages/airflow/example_dags/example_time_delta_sensor_async.py                                                   1           0  0.21s           2026-04-25T09:12:10
/usr/local/python/3.12.1/lib/python3.12/site-packages/airflow/example_dags/tutorial_dag.py                                                                      1           0  0.21s           2026-04-25T09:12:09
/usr/local/python/3.12.1/lib/python3.12/site-packages/airflow/example_dags/example_xcom.py                                                                      1           0  0.21s           2026-04-25T09:12:08
/usr/local/python/3.12.1/lib/python3.12/site-packages/airflow/example_dags/example_setup_teardown_taskflow.py                                                   1           0  0.21s           2026-04-25T09:11:30
/usr/local/python/3.12.1/lib/python3.12/site-packages/airflow/example_dags/tutorial_taskflow_api.py                                                             1           0  0.21s           2026-04-25T09:11:45
/usr/local/python/3.12.1/lib/python3.12/site-packages/airflow/example_dags/example_bash_operator.py                                                             1           0  0.21s           2026-04-25T09:12:03
/usr/local/python/3.12.1/lib/python3.12/site-packages/airflow/example_dags/example_bash_decorator.py                                                            1           0  0.21s           2026-04-25T09:12:04
/usr/local/python/3.12.1/lib/python3.12/site-packages/airflow/example_dags/tutorial.py                                                                          1           0  0.21s           2026-04-25T09:12:05
/usr/local/python/3.12.1/lib/python3.12/site-packages/airflow/example_dags/tutorial_taskflow_api_virtualenv.py                                                  1           0  0.21s           2026-04-25T09:11:47
/usr/local/python/3.12.1/lib/python3.12/site-packages/airflow/example_dags/example_trigger_controller_dag.py                                                    1           0  0.20s           2026-04-25T09:12:09
/usr/local/python/3.12.1/lib/python3.12/site-packages/airflow/example_dags/example_latest_only.py                                                               1           0  0.20s           2026-04-25T09:11:59
/usr/local/python/3.12.1/lib/python3.12/site-packages/airflow/example_dags/example_task_group_decorator.py                                                      1           0  0.20s           2026-04-25T09:12:11
/usr/local/python/3.12.1/lib/python3.12/site-packages/airflow/example_dags/example_dynamic_task_mapping_with_no_taskflow_operators.py                           1           0  0.20s           2026-04-25T09:11:57
/usr/local/python/3.12.1/lib/python3.12/site-packages/airflow/example_dags/example_branch_labels.py                                                             1           0  0.20s           2026-04-25T09:12:01
/usr/local/python/3.12.1/lib/python3.12/site-packages/airflow/example_dags/example_nested_branch_dag.py                                                         1           0  0.20s           2026-04-25T09:11:56
/usr/local/python/3.12.1/lib/python3.12/site-packages/airflow/example_dags/example_sensors.py                                                                   1           0  0.20s           2026-04-25T09:11:49
/usr/local/python/3.12.1/lib/python3.12/site-packages/airflow/example_dags/example_xcomargs.py                                                                  2           0  0.20s           2026-04-25T09:12:04
/usr/local/python/3.12.1/lib/python3.12/site-packages/airflow/example_dags/example_params_ui_tutorial.py                                                        1           0  0.20s           2026-04-25T09:11:52
/usr/local/python/3.12.1/lib/python3.12/site-packages/airflow/example_dags/example_setup_teardown.py                                                            1           0  0.20s           2026-04-25T09:11:48
/usr/local/python/3.12.1/lib/python3.12/site-packages/airflow/example_dags/example_external_task_marker_dag.py                                                  2           0  0.20s           2026-04-25T09:12:00
/usr/local/python/3.12.1/lib/python3.12/site-packages/airflow/example_dags/example_sensor_decorator.py                                                          1           0  0.20s           2026-04-25T09:11:50
/usr/local/python/3.12.1/lib/python3.12/site-packages/airflow/example_dags/example_branch_datetime_operator.py                                                  3           0  0.12s           2026-04-25T09:11:38
/usr/local/python/3.12.1/lib/python3.12/site-packages/airflow/example_dags/plugins/listener_plugin.py                                                           0           0  0.11s           2026-04-25T09:11:41
/usr/local/python/3.12.1/lib/python3.12/site-packages/airflow/example_dags/example_subdag_operator.py                                                           3           0  0.11s           2026-04-25T09:11:28
/usr/local/python/3.12.1/lib/python3.12/site-packages/airflow/example_dags/example_short_circuit_decorator.py                                                   1           0  0.11s           2026-04-25T09:11:31
/usr/local/python/3.12.1/lib/python3.12/site-packages/airflow/example_dags/subdags/subdag.py                                                                    0           0  0.11s           2026-04-25T09:11:40
/usr/local/python/3.12.1/lib/python3.12/site-packages/airflow/example_dags/example_kubernetes_executor.py                                                       0           0  0.11s           2026-04-25T09:11:59
/usr/local/python/3.12.1/lib/python3.12/site-packages/airflow/example_dags/example_skip_dag.py                                                                  1           0  0.11s           2026-04-25T09:11:29
/usr/local/python/3.12.1/lib/python3.12/site-packages/airflow/example_dags/example_display_name.py                                                              1           0  0.11s           2026-04-25T09:11:12
/usr/local/python/3.12.1/lib/python3.12/site-packages/airflow/example_dags/example_branch_day_of_week_operator.py                                               1           0  0.10s           2026-04-25T09:11:39
/usr/local/python/3.12.1/lib/python3.12/site-packages/airflow/example_dags/example_dag_decorator.py                                                             1           0  0.10s           2026-04-25T09:11:33
/usr/local/python/3.12.1/lib/python3.12/site-packages/airflow/example_dags/example_short_circuit_operator.py                                                    1           0  0.10s           2026-04-25T09:12:14
/usr/local/python/3.12.1/lib/python3.12/site-packages/airflow/example_dags/example_complex.py                                                                   1           0  0.10s           2026-04-25T09:11:36
/usr/local/python/3.12.1/lib/python3.12/site-packages/airflow/example_dags/example_python_operator.py                                                           1           0  0.10s           2026-04-25T09:11:33
/usr/local/python/3.12.1/lib/python3.12/site-packages/airflow/example_dags/plugins/decreasing_priority_weight_strategy.py                                       0           0  0.10s           2026-04-25T09:11:43
/usr/local/python/3.12.1/lib/python3.12/site-packages/airflow/example_dags/plugins/workday.py                                                                   0           0  0.10s           2026-04-25T09:11:42
/usr/local/python/3.12.1/lib/python3.12/site-packages/airflow/example_dags/plugins/event_listener.py                                                            0           0  0.10s           2026-04-25T09:11:43
/usr/local/python/3.12.1/lib/python3.12/site-packages/airflow/example_dags/example_branch_python_dop_operator_3.py                                              1           0  0.10s           2026-04-25T09:11:35
/usr/local/python/3.12.1/lib/python3.12/site-packages/airflow/example_dags/example_local_kubernetes_executor.py                                                 0           0  0.10s           2026-04-25T09:11:54
/usr/local/python/3.12.1/lib/python3.12/site-packages/airflow/example_dags/example_branch_operator.py                                                           1           0  0.10s           2026-04-25T09:11:37
/usr/local/python/3.12.1/lib/python3.12/site-packages/airflow/example_dags/tutorial_objectstorage.py                                                            0           1  0.10s           2026-04-25T09:11:46
/usr/local/python/3.12.1/lib/python3.12/site-packages/airflow/example_dags/example_branch_operator_decorator.py                                                 1           0  0.10s           2026-04-25T09:11:34
/usr/local/python/3.12.1/lib/python3.12/site-packages/airflow/example_dags/example_python_decorator.py                                                          1           0  0.10s           2026-04-25T09:11:33
================================================================================
[2026-04-25T09:12:25.782+0000] {manager.py:878} INFO - 
================================================================================
DAG File Processing Stats

File Path                                                                                                                              PID    Runtime      # DAGs    # Errors  Last Runtime    Last Run
-------------------------------------------------------------------------------------------------------------------------------------  -----  ---------  --------  ----------  --------------  -------------------
/usr/local/python/3.12.1/lib/python3.12/site-packages/airflow/example_dags/example_python_decorator.py                                                          1           0  0.94s           2026-04-25T09:11:53
/usr/local/python/3.12.1/lib/python3.12/site-packages/airflow/example_dags/example_skip_dag.py                                                                  1           0  0.31s           2026-04-25T09:11:46
/usr/local/python/3.12.1/lib/python3.12/site-packages/airflow/example_dags/example_short_circuit_operator.py                                                    1           0  0.30s           2026-04-25T09:11:43
/usr/local/python/3.12.1/lib/python3.12/site-packages/airflow/example_dags/example_datasets.py                                                                 10           0  0.30s           2026-04-25T09:12:05
/usr/local/python/3.12.1/lib/python3.12/site-packages/airflow/example_dags/example_trigger_target_dag.py                                                        1           0  0.24s           2026-04-25T09:11:36
/usr/local/python/3.12.1/lib/python3.12/site-packages/airflow/example_dags/example_task_group.py                                                                1           0  0.22s           2026-04-25T09:11:41
/usr/local/python/3.12.1/lib/python3.12/site-packages/airflow/example_dags/example_setup_teardown_taskflow.py                                                   1           0  0.21s           2026-04-25T09:11:48
/usr/local/python/3.12.1/lib/python3.12/site-packages/airflow/example_dags/example_short_circuit_decorator.py                                                   1           0  0.21s           2026-04-25T09:11:49
/usr/local/python/3.12.1/lib/python3.12/site-packages/airflow/example_dags/example_branch_operator_decorator.py                                                 1           0  0.21s           2026-04-25T09:12:09
/usr/local/python/3.12.1/lib/python3.12/site-packages/airflow/example_dags/example_dag_decorator.py                                                             1           0  0.21s           2026-04-25T09:12:08
/usr/local/python/3.12.1/lib/python3.12/site-packages/airflow/example_dags/example_dynamic_task_mapping.py                                                      1           0  0.20s           2026-04-25T09:12:07
/usr/local/python/3.12.1/lib/python3.12/site-packages/airflow/example_dags/tutorial_taskflow_api_virtualenv.py                                                  1           0  0.20s           2026-04-25T09:12:25
/usr/local/python/3.12.1/lib/python3.12/site-packages/airflow/example_dags/example_branch_operator.py                                                           1           0  0.20s           2026-04-25T09:12:12
/usr/local/python/3.12.1/lib/python3.12/site-packages/airflow/example_dags/example_branch_python_dop_operator_3.py                                              1           0  0.20s           2026-04-25T09:12:10
/usr/local/python/3.12.1/lib/python3.12/site-packages/airflow/example_dags/example_display_name.py                                                              1           0  0.20s           2026-04-25T09:12:05
/usr/local/python/3.12.1/lib/python3.12/site-packages/airflow/example_dags/example_subdag_operator.py                                                           3           0  0.20s           2026-04-25T09:11:45
/usr/local/python/3.12.1/lib/python3.12/site-packages/airflow/example_dags/example_sla_dag.py                                                                   1           0  0.20s           2026-04-25T09:11:44
/usr/local/python/3.12.1/lib/python3.12/site-packages/airflow/example_dags/example_python_operator.py                                                           1           0  0.20s           2026-04-25T09:11:55
/usr/local/python/3.12.1/lib/python3.12/site-packages/airflow/example_dags/example_branch_datetime_operator.py                                                  3           0  0.20s           2026-04-25T09:12:13
/usr/local/python/3.12.1/lib/python3.12/site-packages/airflow/example_dags/example_complex.py                                                                   1           0  0.20s           2026-04-25T09:12:11
/usr/local/python/3.12.1/lib/python3.12/site-packages/airflow/example_dags/example_branch_day_of_week_operator.py                                               1           0  0.20s           2026-04-25T09:12:14
/usr/local/python/3.12.1/lib/python3.12/site-packages/airflow/example_dags/plugins/decreasing_priority_weight_strategy.py                                       0           0  0.12s           2026-04-25T09:12:22
/usr/local/python/3.12.1/lib/python3.12/site-packages/airflow/example_dags/example_external_task_marker_dag.py                                                  2           0  0.11s           2026-04-25T09:12:04
/usr/local/python/3.12.1/lib/python3.12/site-packages/airflow/example_dags/example_latest_only_with_trigger.py                                                  1           0  0.11s           2026-04-25T09:11:56
/usr/local/python/3.12.1/lib/python3.12/site-packages/airflow/example_dags/example_local_kubernetes_executor.py                                                 0           0  0.11s           2026-04-25T09:11:57
/usr/local/python/3.12.1/lib/python3.12/site-packages/airflow/example_dags/example_kubernetes_executor.py                                                       0           0  0.11s           2026-04-25T09:12:01
/usr/local/python/3.12.1/lib/python3.12/site-packages/airflow/example_dags/example_setup_teardown.py                                                            1           0  0.11s           2026-04-25T09:11:50
/usr/local/python/3.12.1/lib/python3.12/site-packages/airflow/example_dags/plugins/event_listener.py                                                            0           0  0.11s           2026-04-25T09:12:21
/usr/local/python/3.12.1/lib/python3.12/site-packages/airflow/example_dags/example_params_ui_tutorial.py                                                        1           0  0.11s           2026-04-25T09:11:55
/usr/local/python/3.12.1/lib/python3.12/site-packages/airflow/example_dags/example_dynamic_task_mapping_with_no_taskflow_operators.py                           1           0  0.11s           2026-04-25T09:12:00
/usr/local/python/3.12.1/lib/python3.12/site-packages/airflow/example_dags/example_sensor_decorator.py                                                          1           0  0.11s           2026-04-25T09:11:51
/usr/local/python/3.12.1/lib/python3.12/site-packages/airflow/example_dags/example_nested_branch_dag.py                                                         1           0  0.11s           2026-04-25T09:12:00
/usr/local/python/3.12.1/lib/python3.12/site-packages/airflow/example_dags/tutorial_objectstorage.py                                                            0           1  0.11s           2026-04-25T09:12:24
/usr/local/python/3.12.1/lib/python3.12/site-packages/airflow/example_dags/example_branch_labels.py                                                             1           0  0.10s           2026-04-25T09:12:15
/usr/local/python/3.12.1/lib/python3.12/site-packages/airflow/example_dags/example_params_trigger_ui.py                                                         1           0  0.10s           2026-04-25T09:11:59
/usr/local/python/3.12.1/lib/python3.12/site-packages/airflow/example_dags/example_latest_only.py                                                               1           0  0.10s           2026-04-25T09:12:03
/usr/local/python/3.12.1/lib/python3.12/site-packages/airflow/example_dags/tutorial.py                                                                          1           0  0.10s           2026-04-25T09:11:35
/usr/local/python/3.12.1/lib/python3.12/site-packages/airflow/example_dags/example_bash_operator.py                                                             1           0  0.10s           2026-04-25T09:12:16
/usr/local/python/3.12.1/lib/python3.12/site-packages/airflow/example_dags/tutorial_taskflow_api.py                                                             1           0  0.10s           2026-04-25T09:12:23
/usr/local/python/3.12.1/lib/python3.12/site-packages/airflow/example_dags/example_time_delta_sensor_async.py                                                   1           0  0.10s           2026-04-25T09:11:40
/usr/local/python/3.12.1/lib/python3.12/site-packages/airflow/example_dags/tutorial_dag.py                                                                      1           0  0.10s           2026-04-25T09:11:38
/usr/local/python/3.12.1/lib/python3.12/site-packages/airflow/example_dags/plugins/listener_plugin.py                                                           0           0  0.10s           2026-04-25T09:12:19
/usr/local/python/3.12.1/lib/python3.12/site-packages/airflow/example_dags/example_xcomargs.py                                                                  2           0  0.10s           2026-04-25T09:12:25
/usr/local/python/3.12.1/lib/python3.12/site-packages/airflow/example_dags/plugins/workday.py                                                                   0           0  0.10s           2026-04-25T09:12:20
/usr/local/python/3.12.1/lib/python3.12/site-packages/airflow/example_dags/example_bash_decorator.py                                                            1           0  0.10s           2026-04-25T09:12:17
/usr/local/python/3.12.1/lib/python3.12/site-packages/airflow/example_dags/example_xcom.py                                                                      1           0  0.10s           2026-04-25T09:11:37
/usr/local/python/3.12.1/lib/python3.12/site-packages/airflow/example_dags/example_sensors.py                                                                   1           0  0.10s           2026-04-25T09:11:50
/usr/local/python/3.12.1/lib/python3.12/site-packages/airflow/example_dags/example_task_group_decorator.py                                                      1           0  0.10s           2026-04-25T09:11:40
/usr/local/python/3.12.1/lib/python3.12/site-packages/airflow/example_dags/example_trigger_controller_dag.py                                                    1           0  0.10s           2026-04-25T09:11:40
/usr/local/python/3.12.1/lib/python3.12/site-packages/airflow/example_dags/subdags/subdag.py                                                                    0           0  0.10s           2026-04-25T09:12:18
/usr/local/python/3.12.1/lib/python3.12/site-packages/airflow/example_dags/example_passing_params_via_test_command.py                                           1           0  0.10s           2026-04-25T09:11:55
================================================================================
[2026-04-25T09:12:44.640+0000] {manager.py:878} INFO - 
================================================================================
DAG File Processing Stats

File Path                                                                                                                              PID    Runtime      # DAGs    # Errors  Last Runtime    Last Run
-------------------------------------------------------------------------------------------------------------------------------------  -----  ---------  --------  ----------  --------------  -------------------
/usr/local/python/3.12.1/lib/python3.12/site-packages/airflow/example_dags/example_params_ui_tutorial.py                                                        1           0  0.42s           2026-04-25T09:12:38
/usr/local/python/3.12.1/lib/python3.12/site-packages/airflow/example_dags/example_datasets.py                                                                 10           0  0.31s           2026-04-25T09:12:22
/usr/local/python/3.12.1/lib/python3.12/site-packages/airflow/example_dags/example_sensors.py                                                                   1           0  0.23s           2026-04-25T09:12:34
/usr/local/python/3.12.1/lib/python3.12/site-packages/airflow/example_dags/example_trigger_target_dag.py                                                        1           0  0.22s           2026-04-25T09:12:07
/usr/local/python/3.12.1/lib/python3.12/site-packages/airflow/example_dags/example_task_group.py                                                                1           0  0.21s           2026-04-25T09:12:13
/usr/local/python/3.12.1/lib/python3.12/site-packages/airflow/example_dags/example_time_delta_sensor_async.py                                                   1           0  0.21s           2026-04-25T09:12:10
/usr/local/python/3.12.1/lib/python3.12/site-packages/airflow/example_dags/tutorial_dag.py                                                                      1           0  0.21s           2026-04-25T09:12:09
/usr/local/python/3.12.1/lib/python3.12/site-packages/airflow/example_dags/example_xcom.py                                                                      1           0  0.21s           2026-04-25T09:12:08
/usr/local/python/3.12.1/lib/python3.12/site-packages/airflow/example_dags/example_params_trigger_ui.py                                                         1           0  0.21s           2026-04-25T09:12:41
/usr/local/python/3.12.1/lib/python3.12/site-packages/airflow/example_dags/example_bash_operator.py                                                             1           0  0.21s           2026-04-25T09:12:03
/usr/local/python/3.12.1/lib/python3.12/site-packages/airflow/example_dags/example_bash_decorator.py                                                            1           0  0.21s           2026-04-25T09:12:04
/usr/local/python/3.12.1/lib/python3.12/site-packages/airflow/example_dags/example_subdag_operator.py                                                           3           0  0.21s           2026-04-25T09:12:16
/usr/local/python/3.12.1/lib/python3.12/site-packages/airflow/example_dags/tutorial.py                                                                          1           0  0.21s           2026-04-25T09:12:05
/usr/local/python/3.12.1/lib/python3.12/site-packages/airflow/example_dags/example_trigger_controller_dag.py                                                    1           0  0.20s           2026-04-25T09:12:09
/usr/local/python/3.12.1/lib/python3.12/site-packages/airflow/example_dags/example_complex.py                                                                   1           0  0.20s           2026-04-25T09:12:44
/usr/local/python/3.12.1/lib/python3.12/site-packages/airflow/example_dags/example_latest_only.py                                                               1           0  0.20s           2026-04-25T09:11:59
/usr/local/python/3.12.1/lib/python3.12/site-packages/airflow/example_dags/example_task_group_decorator.py                                                      1           0  0.20s           2026-04-25T09:12:11
/usr/local/python/3.12.1/lib/python3.12/site-packages/airflow/example_dags/example_branch_operator_decorator.py                                                 1           0  0.20s           2026-04-25T09:12:42
/usr/local/python/3.12.1/lib/python3.12/site-packages/airflow/example_dags/example_dynamic_task_mapping_with_no_taskflow_operators.py                           1           0  0.20s           2026-04-25T09:11:57
/usr/local/python/3.12.1/lib/python3.12/site-packages/airflow/example_dags/example_branch_labels.py                                                             1           0  0.20s           2026-04-25T09:12:01
/usr/local/python/3.12.1/lib/python3.12/site-packages/airflow/example_dags/example_nested_branch_dag.py                                                         1           0  0.20s           2026-04-25T09:11:56
/usr/local/python/3.12.1/lib/python3.12/site-packages/airflow/example_dags/example_xcomargs.py                                                                  2           0  0.20s           2026-04-25T09:12:04
/usr/local/python/3.12.1/lib/python3.12/site-packages/airflow/example_dags/example_external_task_marker_dag.py                                                  2           0  0.20s           2026-04-25T09:12:00
/usr/local/python/3.12.1/lib/python3.12/site-packages/airflow/example_dags/example_branch_datetime_operator.py                                                  3           0  0.12s           2026-04-25T09:11:38
/usr/local/python/3.12.1/lib/python3.12/site-packages/airflow/example_dags/tutorial_objectstorage.py                                                            0           1  0.11s           2026-04-25T09:12:31
/usr/local/python/3.12.1/lib/python3.12/site-packages/airflow/example_dags/example_latest_only_with_trigger.py                                                  1           0  0.11s           2026-04-25T09:12:39
/usr/local/python/3.12.1/lib/python3.12/site-packages/airflow/example_dags/example_sensor_decorator.py                                                          1           0  0.11s           2026-04-25T09:12:35
/usr/local/python/3.12.1/lib/python3.12/site-packages/airflow/example_dags/example_branch_python_dop_operator_3.py                                              1           0  0.11s           2026-04-25T09:12:43
/usr/local/python/3.12.1/lib/python3.12/site-packages/airflow/example_dags/tutorial_taskflow_api_virtualenv.py                                                  1           0  0.11s           2026-04-25T09:12:33
/usr/local/python/3.12.1/lib/python3.12/site-packages/airflow/example_dags/example_local_kubernetes_executor.py                                                 0           0  0.11s           2026-04-25T09:12:40
/usr/local/python/3.12.1/lib/python3.12/site-packages/airflow/example_dags/example_kubernetes_executor.py                                                       0           0  0.11s           2026-04-25T09:11:59
/usr/local/python/3.12.1/lib/python3.12/site-packages/airflow/example_dags/example_python_operator.py                                                           1           0  0.11s           2026-04-25T09:12:21
/usr/local/python/3.12.1/lib/python3.12/site-packages/airflow/example_dags/example_passing_params_via_test_command.py                                           1           0  0.11s           2026-04-25T09:12:36
/usr/local/python/3.12.1/lib/python3.12/site-packages/airflow/example_dags/example_display_name.py                                                              1           0  0.11s           2026-04-25T09:12:23
/usr/local/python/3.12.1/lib/python3.12/site-packages/airflow/example_dags/subdags/subdag.py                                                                    0           0  0.10s           2026-04-25T09:12:25
/usr/local/python/3.12.1/lib/python3.12/site-packages/airflow/example_dags/plugins/event_listener.py                                                            0           0  0.10s           2026-04-25T09:12:29
/usr/local/python/3.12.1/lib/python3.12/site-packages/airflow/example_dags/plugins/workday.py                                                                   0           0  0.10s           2026-04-25T09:12:28
/usr/local/python/3.12.1/lib/python3.12/site-packages/airflow/example_dags/example_branch_day_of_week_operator.py                                               1           0  0.10s           2026-04-25T09:11:39
/usr/local/python/3.12.1/lib/python3.12/site-packages/airflow/example_dags/example_skip_dag.py                                                                  1           0  0.10s           2026-04-25T09:12:17
/usr/local/python/3.12.1/lib/python3.12/site-packages/airflow/example_dags/plugins/decreasing_priority_weight_strategy.py                                       0           0  0.10s           2026-04-25T09:12:30
/usr/local/python/3.12.1/lib/python3.12/site-packages/airflow/example_dags/example_short_circuit_operator.py                                                    1           0  0.10s           2026-04-25T09:12:14
/usr/local/python/3.12.1/lib/python3.12/site-packages/airflow/example_dags/example_sla_dag.py                                                                   1           0  0.10s           2026-04-25T09:12:15
/usr/local/python/3.12.1/lib/python3.12/site-packages/airflow/example_dags/example_python_decorator.py                                                          1           0  0.10s           2026-04-25T09:12:20
/usr/local/python/3.12.1/lib/python3.12/site-packages/airflow/example_dags/tutorial_taskflow_api.py                                                             1           0  0.10s           2026-04-25T09:12:30
/usr/local/python/3.12.1/lib/python3.12/site-packages/airflow/example_dags/example_setup_teardown_taskflow.py                                                   1           0  0.10s           2026-04-25T09:12:18
/usr/local/python/3.12.1/lib/python3.12/site-packages/airflow/example_dags/plugins/listener_plugin.py                                                           0           0  0.10s           2026-04-25T09:12:27
/usr/local/python/3.12.1/lib/python3.12/site-packages/airflow/example_dags/example_dynamic_task_mapping.py                                                      1           0  0.10s           2026-04-25T09:12:24
/usr/local/python/3.12.1/lib/python3.12/site-packages/airflow/example_dags/example_dag_decorator.py                                                             1           0  0.10s           2026-04-25T09:12:25
/usr/local/python/3.12.1/lib/python3.12/site-packages/airflow/example_dags/example_branch_operator.py                                                           1           0  0.10s           2026-04-25T09:11:37
/usr/local/python/3.12.1/lib/python3.12/site-packages/airflow/example_dags/example_short_circuit_decorator.py                                                   1           0  0.10s           2026-04-25T09:12:19
/usr/local/python/3.12.1/lib/python3.12/site-packages/airflow/example_dags/example_setup_teardown.py                                                            1           0  0.10s           2026-04-25T09:12:34
================================================================================
[2026-04-25T09:12:56.074+0000] {manager.py:878} INFO - 
================================================================================
DAG File Processing Stats

File Path                                                                                                                              PID    Runtime      # DAGs    # Errors  Last Runtime    Last Run
-------------------------------------------------------------------------------------------------------------------------------------  -----  ---------  --------  ----------  --------------  -------------------
/usr/local/python/3.12.1/lib/python3.12/site-packages/airflow/example_dags/example_setup_teardown_taskflow.py                                                   1           0  0.22s           2026-04-25T09:12:38
/usr/local/python/3.12.1/lib/python3.12/site-packages/airflow/example_dags/example_python_decorator.py                                                          1           0  0.21s           2026-04-25T09:12:43
/usr/local/python/3.12.1/lib/python3.12/site-packages/airflow/example_dags/example_params_trigger_ui.py                                                         1           0  0.21s           2026-04-25T09:12:49
/usr/local/python/3.12.1/lib/python3.12/site-packages/airflow/example_dags/example_short_circuit_decorator.py                                                   1           0  0.21s           2026-04-25T09:12:39
/usr/local/python/3.12.1/lib/python3.12/site-packages/airflow/example_dags/example_short_circuit_operator.py                                                    1           0  0.21s           2026-04-25T09:12:34
/usr/local/python/3.12.1/lib/python3.12/site-packages/airflow/example_dags/example_branch_operator_decorator.py                                                 1           0  0.21s           2026-04-25T09:12:09
/usr/local/python/3.12.1/lib/python3.12/site-packages/airflow/example_dags/example_dag_decorator.py                                                             1           0  0.21s           2026-04-25T09:12:08
/usr/local/python/3.12.1/lib/python3.12/site-packages/airflow/example_dags/example_dynamic_task_mapping.py                                                      1           0  0.20s           2026-04-25T09:12:07
/usr/local/python/3.12.1/lib/python3.12/site-packages/airflow/example_dags/tutorial_taskflow_api_virtualenv.py                                                  1           0  0.20s           2026-04-25T09:12:25
/usr/local/python/3.12.1/lib/python3.12/site-packages/airflow/example_dags/example_branch_operator.py                                                           1           0  0.20s           2026-04-25T09:12:12
/usr/local/python/3.12.1/lib/python3.12/site-packages/airflow/example_dags/example_branch_python_dop_operator_3.py                                              1           0  0.20s           2026-04-25T09:12:10
/usr/local/python/3.12.1/lib/python3.12/site-packages/airflow/example_dags/example_branch_datetime_operator.py                                                  3           0  0.20s           2026-04-25T09:12:13
/usr/local/python/3.12.1/lib/python3.12/site-packages/airflow/example_dags/example_complex.py                                                                   1           0  0.20s           2026-04-25T09:12:11
/usr/local/python/3.12.1/lib/python3.12/site-packages/airflow/example_dags/example_branch_day_of_week_operator.py                                               1           0  0.20s           2026-04-25T09:12:14
/usr/local/python/3.12.1/lib/python3.12/site-packages/airflow/example_dags/example_xcom.py                                                                      1           0  0.12s           2026-04-25T09:12:27
/usr/local/python/3.12.1/lib/python3.12/site-packages/airflow/example_dags/plugins/decreasing_priority_weight_strategy.py                                       0           0  0.12s           2026-04-25T09:12:22
/usr/local/python/3.12.1/lib/python3.12/site-packages/airflow/example_dags/example_task_group.py                                                                1           0  0.11s           2026-04-25T09:12:32
/usr/local/python/3.12.1/lib/python3.12/site-packages/airflow/example_dags/example_sensors.py                                                                   1           0  0.11s           2026-04-25T09:12:40
/usr/local/python/3.12.1/lib/python3.12/site-packages/airflow/example_dags/plugins/event_listener.py                                                            0           0  0.11s           2026-04-25T09:12:21
/usr/local/python/3.12.1/lib/python3.12/site-packages/airflow/example_dags/example_datasets.py                                                                 10           0  0.11s           2026-04-25T09:12:55
/usr/local/python/3.12.1/lib/python3.12/site-packages/airflow/example_dags/tutorial_objectstorage.py                                                            0           1  0.11s           2026-04-25T09:12:24
/usr/local/python/3.12.1/lib/python3.12/site-packages/airflow/example_dags/example_trigger_target_dag.py                                                        1           0  0.11s           2026-04-25T09:12:26
/usr/local/python/3.12.1/lib/python3.12/site-packages/airflow/example_dags/example_branch_labels.py                                                             1           0  0.10s           2026-04-25T09:12:15
/usr/local/python/3.12.1/lib/python3.12/site-packages/airflow/example_dags/example_subdag_operator.py                                                           3           0  0.10s           2026-04-25T09:12:36
/usr/local/python/3.12.1/lib/python3.12/site-packages/airflow/example_dags/tutorial.py                                                                          1           0  0.10s           2026-04-25T09:12:26
/usr/local/python/3.12.1/lib/python3.12/site-packages/airflow/example_dags/example_setup_teardown.py                                                            1           0  0.10s           2026-04-25T09:12:40
/usr/local/python/3.12.1/lib/python3.12/site-packages/airflow/example_dags/tutorial_dag.py                                                                      1           0  0.10s           2026-04-25T09:12:28
/usr/local/python/3.12.1/lib/python3.12/site-packages/airflow/example_dags/example_local_kubernetes_executor.py                                                 0           0  0.10s           2026-04-25T09:12:48
/usr/local/python/3.12.1/lib/python3.12/site-packages/airflow/example_dags/example_latest_only_with_trigger.py                                                  1           0  0.10s           2026-04-25T09:12:47
/usr/local/python/3.12.1/lib/python3.12/site-packages/airflow/example_dags/example_bash_operator.py                                                             1           0  0.10s           2026-04-25T09:12:16
/usr/local/python/3.12.1/lib/python3.12/site-packages/airflow/example_dags/tutorial_taskflow_api.py                                                             1           0  0.10s           2026-04-25T09:12:23
/usr/local/python/3.12.1/lib/python3.12/site-packages/airflow/example_dags/example_latest_only.py                                                               1           0  0.10s           2026-04-25T09:12:53
/usr/local/python/3.12.1/lib/python3.12/site-packages/airflow/example_dags/example_time_delta_sensor_async.py                                                   1           0  0.10s           2026-04-25T09:12:31
/usr/local/python/3.12.1/lib/python3.12/site-packages/airflow/example_dags/example_display_name.py                                                              1           0  0.10s           2026-04-25T09:12:56
/usr/local/python/3.12.1/lib/python3.12/site-packages/airflow/example_dags/example_dynamic_task_mapping_with_no_taskflow_operators.py                           1           0  0.10s           2026-04-25T09:12:51
/usr/local/python/3.12.1/lib/python3.12/site-packages/airflow/example_dags/example_kubernetes_executor.py                                                       0           0  0.10s           2026-04-25T09:12:52
/usr/local/python/3.12.1/lib/python3.12/site-packages/airflow/example_dags/example_trigger_controller_dag.py                                                    1           0  0.10s           2026-04-25T09:12:30
/usr/local/python/3.12.1/lib/python3.12/site-packages/airflow/example_dags/plugins/listener_plugin.py                                                           0           0  0.10s           2026-04-25T09:12:19
/usr/local/python/3.12.1/lib/python3.12/site-packages/airflow/example_dags/example_skip_dag.py                                                                  1           0  0.10s           2026-04-25T09:12:36
/usr/local/python/3.12.1/lib/python3.12/site-packages/airflow/example_dags/example_passing_params_via_test_command.py                                           1           0  0.10s           2026-04-25T09:12:45
/usr/local/python/3.12.1/lib/python3.12/site-packages/airflow/example_dags/example_xcomargs.py                                                                  2           0  0.10s           2026-04-25T09:12:25
/usr/local/python/3.12.1/lib/python3.12/site-packages/airflow/example_dags/plugins/workday.py                                                                   0           0  0.10s           2026-04-25T09:12:20
/usr/local/python/3.12.1/lib/python3.12/site-packages/airflow/example_dags/example_bash_decorator.py                                                            1           0  0.10s           2026-04-25T09:12:17
/usr/local/python/3.12.1/lib/python3.12/site-packages/airflow/example_dags/example_params_ui_tutorial.py                                                        1           0  0.10s           2026-04-25T09:12:46
/usr/local/python/3.12.1/lib/python3.12/site-packages/airflow/example_dags/example_external_task_marker_dag.py                                                  2           0  0.10s           2026-04-25T09:12:54
/usr/local/python/3.12.1/lib/python3.12/site-packages/airflow/example_dags/example_sla_dag.py                                                                   1           0  0.10s           2026-04-25T09:12:35
/usr/local/python/3.12.1/lib/python3.12/site-packages/airflow/example_dags/example_python_operator.py                                                           1           0  0.10s           2026-04-25T09:12:44
/usr/local/python/3.12.1/lib/python3.12/site-packages/airflow/example_dags/example_task_group_decorator.py                                                      1           0  0.10s           2026-04-25T09:12:31
/usr/local/python/3.12.1/lib/python3.12/site-packages/airflow/example_dags/example_nested_branch_dag.py                                                         1           0  0.10s           2026-04-25T09:12:50
/usr/local/python/3.12.1/lib/python3.12/site-packages/airflow/example_dags/subdags/subdag.py                                                                    0           0  0.10s           2026-04-25T09:12:18
/usr/local/python/3.12.1/lib/python3.12/site-packages/airflow/example_dags/example_sensor_decorator.py                                                          1           0  0.10s           2026-04-25T09:12:41
================================================================================
[2026-04-25T09:13:15.379+0000] {manager.py:878} INFO - 
================================================================================
DAG File Processing Stats

File Path                                                                                                                              PID    Runtime      # DAGs    # Errors  Last Runtime    Last Run
-------------------------------------------------------------------------------------------------------------------------------------  -----  ---------  --------  ----------  --------------  -------------------
/usr/local/python/3.12.1/lib/python3.12/site-packages/airflow/example_dags/example_params_ui_tutorial.py                                                        1           0  0.42s           2026-04-25T09:12:38
/usr/local/python/3.12.1/lib/python3.12/site-packages/airflow/example_dags/example_datasets.py                                                                 10           0  0.31s           2026-04-25T09:12:22
/usr/local/python/3.12.1/lib/python3.12/site-packages/airflow/example_dags/example_sensors.py                                                                   1           0  0.23s           2026-04-25T09:12:34
/usr/local/python/3.12.1/lib/python3.12/site-packages/airflow/example_dags/example_params_trigger_ui.py                                                         1           0  0.21s           2026-04-25T09:12:41
/usr/local/python/3.12.1/lib/python3.12/site-packages/airflow/example_dags/example_xcomargs.py                                                                  2           0  0.21s           2026-04-25T09:12:48
/usr/local/python/3.12.1/lib/python3.12/site-packages/airflow/example_dags/example_subdag_operator.py                                                           3           0  0.21s           2026-04-25T09:12:58
/usr/local/python/3.12.1/lib/python3.12/site-packages/airflow/example_dags/tutorial_taskflow_api_virtualenv.py                                                  1           0  0.20s           2026-04-25T09:13:15
/usr/local/python/3.12.1/lib/python3.12/site-packages/airflow/example_dags/example_complex.py                                                                   1           0  0.20s           2026-04-25T09:12:44
/usr/local/python/3.12.1/lib/python3.12/site-packages/airflow/example_dags/example_latest_only.py                                                               1           0  0.20s           2026-04-25T09:13:03
/usr/local/python/3.12.1/lib/python3.12/site-packages/airflow/example_dags/example_branch_operator_decorator.py                                                 1           0  0.20s           2026-04-25T09:12:42
/usr/local/python/3.12.1/lib/python3.12/site-packages/airflow/example_dags/example_branch_operator.py                                                           1           0  0.20s           2026-04-25T09:12:45
/usr/local/python/3.12.1/lib/python3.12/site-packages/airflow/example_dags/example_latest_only_with_trigger.py                                                  1           0  0.11s           2026-04-25T09:12:39
/usr/local/python/3.12.1/lib/python3.12/site-packages/airflow/example_dags/example_sensor_decorator.py                                                          1           0  0.11s           2026-04-25T09:12:35
/usr/local/python/3.12.1/lib/python3.12/site-packages/airflow/example_dags/example_branch_python_dop_operator_3.py                                              1           0  0.11s           2026-04-25T09:12:43
/usr/local/python/3.12.1/lib/python3.12/site-packages/airflow/example_dags/example_trigger_controller_dag.py                                                    1           0  0.11s           2026-04-25T09:12:53
/usr/local/python/3.12.1/lib/python3.12/site-packages/airflow/example_dags/example_local_kubernetes_executor.py                                                 0           0  0.11s           2026-04-25T09:12:40
/usr/local/python/3.12.1/lib/python3.12/site-packages/airflow/example_dags/example_external_task_marker_dag.py                                                  2           0  0.11s           2026-04-25T09:13:05
/usr/local/python/3.12.1/lib/python3.12/site-packages/airflow/example_dags/example_python_operator.py                                                           1           0  0.11s           2026-04-25T09:12:21
/usr/local/python/3.12.1/lib/python3.12/site-packages/airflow/example_dags/example_trigger_target_dag.py                                                        1           0  0.11s           2026-04-25T09:12:50
/usr/local/python/3.12.1/lib/python3.12/site-packages/airflow/example_dags/example_short_circuit_operator.py                                                    1           0  0.11s           2026-04-25T09:12:56
/usr/local/python/3.12.1/lib/python3.12/site-packages/airflow/example_dags/example_passing_params_via_test_command.py                                           1           0  0.11s           2026-04-25T09:12:36
/usr/local/python/3.12.1/lib/python3.12/site-packages/airflow/example_dags/example_display_name.py                                                              1           0  0.11s           2026-04-25T09:12:23
/usr/local/python/3.12.1/lib/python3.12/site-packages/airflow/example_dags/plugins/workday.py                                                                   0           0  0.10s           2026-04-25T09:13:10
/usr/local/python/3.12.1/lib/python3.12/site-packages/airflow/example_dags/example_task_group.py                                                                1           0  0.10s           2026-04-25T09:12:56
/usr/local/python/3.12.1/lib/python3.12/site-packages/airflow/example_dags/tutorial_taskflow_api.py                                                             1           0  0.10s           2026-04-25T09:13:13
/usr/local/python/3.12.1/lib/python3.12/site-packages/airflow/example_dags/plugins/decreasing_priority_weight_strategy.py                                       0           0  0.10s           2026-04-25T09:13:11
/usr/local/python/3.12.1/lib/python3.12/site-packages/airflow/example_dags/plugins/event_listener.py                                                            0           0  0.10s           2026-04-25T09:13:11
/usr/local/python/3.12.1/lib/python3.12/site-packages/airflow/example_dags/example_xcom.py                                                                      1           0  0.10s           2026-04-25T09:12:51
/usr/local/python/3.12.1/lib/python3.12/site-packages/airflow/example_dags/example_skip_dag.py                                                                  1           0  0.10s           2026-04-25T09:12:59
/usr/local/python/3.12.1/lib/python3.12/site-packages/airflow/example_dags/tutorial_dag.py                                                                      1           0  0.10s           2026-04-25T09:12:52
/usr/local/python/3.12.1/lib/python3.12/site-packages/airflow/example_dags/subdags/subdag.py                                                                    0           0  0.10s           2026-04-25T09:13:07
/usr/local/python/3.12.1/lib/python3.12/site-packages/airflow/example_dags/plugins/listener_plugin.py                                                           0           0  0.10s           2026-04-25T09:13:09
/usr/local/python/3.12.1/lib/python3.12/site-packages/airflow/example_dags/example_task_group_decorator.py                                                      1           0  0.10s           2026-04-25T09:12:55
/usr/local/python/3.12.1/lib/python3.12/site-packages/airflow/example_dags/example_branch_day_of_week_operator.py                                               1           0  0.10s           2026-04-25T09:12:47
/usr/local/python/3.12.1/lib/python3.12/site-packages/airflow/example_dags/example_python_decorator.py                                                          1           0  0.10s           2026-04-25T09:12:20
/usr/local/python/3.12.1/lib/python3.12/site-packages/airflow/example_dags/example_branch_datetime_operator.py                                                  3           0  0.10s           2026-04-25T09:12:46
/usr/local/python/3.12.1/lib/python3.12/site-packages/airflow/example_dags/example_setup_teardown_taskflow.py                                                   1           0  0.10s           2026-04-25T09:12:18
/usr/local/python/3.12.1/lib/python3.12/site-packages/airflow/example_dags/example_nested_branch_dag.py                                                         1           0  0.10s           2026-04-25T09:13:01
/usr/local/python/3.12.1/lib/python3.12/site-packages/airflow/example_dags/example_kubernetes_executor.py                                                       0           0  0.10s           2026-04-25T09:13:02
/usr/local/python/3.12.1/lib/python3.12/site-packages/airflow/example_dags/tutorial.py                                                                          1           0  0.10s           2026-04-25T09:12:49
/usr/local/python/3.12.1/lib/python3.12/site-packages/airflow/example_dags/example_branch_labels.py                                                             1           0  0.10s           2026-04-25T09:13:05
/usr/local/python/3.12.1/lib/python3.12/site-packages/airflow/example_dags/example_dynamic_task_mapping_with_no_taskflow_operators.py                           1           0  0.10s           2026-04-25T09:13:01
/usr/local/python/3.12.1/lib/python3.12/site-packages/airflow/example_dags/example_dynamic_task_mapping.py                                                      1           0  0.10s           2026-04-25T09:12:24
/usr/local/python/3.12.1/lib/python3.12/site-packages/airflow/example_dags/example_dag_decorator.py                                                             1           0  0.10s           2026-04-25T09:12:25
/usr/local/python/3.12.1/lib/python3.12/site-packages/airflow/example_dags/example_bash_operator.py                                                             1           0  0.10s           2026-04-25T09:13:06
/usr/local/python/3.12.1/lib/python3.12/site-packages/airflow/example_dags/example_time_delta_sensor_async.py                                                   1           0  0.10s           2026-04-25T09:12:54
/usr/local/python/3.12.1/lib/python3.12/site-packages/airflow/example_dags/tutorial_objectstorage.py                                                            0           1  0.10s           2026-04-25T09:13:14
/usr/local/python/3.12.1/lib/python3.12/site-packages/airflow/example_dags/example_sla_dag.py                                                                   1           0  0.10s           2026-04-25T09:12:57
/usr/local/python/3.12.1/lib/python3.12/site-packages/airflow/example_dags/example_bash_decorator.py                                                            1           0  0.10s           2026-04-25T09:13:06
/usr/local/python/3.12.1/lib/python3.12/site-packages/airflow/example_dags/example_short_circuit_decorator.py                                                   1           0  0.10s           2026-04-25T09:12:19
/usr/local/python/3.12.1/lib/python3.12/site-packages/airflow/example_dags/example_setup_teardown.py                                                            1           0  0.10s           2026-04-25T09:12:34
================================================================================
[2026-04-25T09:13:25.885+0000] {manager.py:452} INFO - Exiting gracefully upon receiving signal 15
[2026-04-25T09:13:25.887+0000] {manager.py:452} INFO - Exiting gracefully upon receiving signal 15
[2026-04-25T09:13:26.904+0000] {manager.py:452} INFO - Exiting gracefully upon receiving signal 15
[2026-04-25T09:13:43.403+0000] {manager.py:470} INFO - Processing files using up to 1 processes at a time 
[2026-04-25T09:13:43.403+0000] {manager.py:471} INFO - Process each file at most once every 30 seconds
[2026-04-25T09:13:43.404+0000] {manager.py:472} INFO - Checking for new files in /workspaces/new-balance-price/airflow_home/dags every 300 seconds
[2026-04-25T09:13:43.404+0000] {manager.py:737} INFO - Searching for files in /workspaces/new-balance-price/airflow_home/dags
[2026-04-25T09:13:43.430+0000] {manager.py:740} INFO - There are 51 files in /workspaces/new-balance-price/airflow_home/dags
[2026-04-25T09:13:43.622+0000] {manager.py:878} INFO - 
================================================================================
DAG File Processing Stats

File Path                                                                                                                              PID    Runtime      # DAGs    # Errors  Last Runtime    Last Run
-------------------------------------------------------------------------------------------------------------------------------------  -----  ---------  --------  ----------  --------------  -------------------
/usr/local/python/3.12.1/lib/python3.12/site-packages/airflow/example_dags/subdags/subdag.py                                                                    0           0  0.11s           2026-04-25T09:13:43
/usr/local/python/3.12.1/lib/python3.12/site-packages/airflow/example_dags/example_dynamic_task_mapping_with_no_taskflow_operators.py                           0           0
/usr/local/python/3.12.1/lib/python3.12/site-packages/airflow/example_dags/example_datasets.py                                                                  0           0
/usr/local/python/3.12.1/lib/python3.12/site-packages/airflow/example_dags/example_python_decorator.py                                                          0           0
/usr/local/python/3.12.1/lib/python3.12/site-packages/airflow/example_dags/example_setup_teardown_taskflow.py                                                   0           0
/usr/local/python/3.12.1/lib/python3.12/site-packages/airflow/example_dags/example_xcomargs.py                                                                  0           0
/usr/local/python/3.12.1/lib/python3.12/site-packages/airflow/example_dags/example_branch_operator.py                                                           0           0
/usr/local/python/3.12.1/lib/python3.12/site-packages/airflow/example_dags/example_short_circuit_decorator.py                                                   0           0
/usr/local/python/3.12.1/lib/python3.12/site-packages/airflow/example_dags/example_short_circuit_operator.py                                                    0           0
/usr/local/python/3.12.1/lib/python3.12/site-packages/airflow/example_dags/example_bash_operator.py                                                             0           0
/usr/local/python/3.12.1/lib/python3.12/site-packages/airflow/example_dags/example_sla_dag.py                                                                   0           0
/usr/local/python/3.12.1/lib/python3.12/site-packages/airflow/example_dags/example_branch_datetime_operator.py                                                  0           0
/usr/local/python/3.12.1/lib/python3.12/site-packages/airflow/example_dags/example_trigger_controller_dag.py                                                    0           0
/usr/local/python/3.12.1/lib/python3.12/site-packages/airflow/example_dags/example_subdag_operator.py                                                           0           0
/usr/local/python/3.12.1/lib/python3.12/site-packages/airflow/example_dags/example_latest_only_with_trigger.py                                                  0           0
/usr/local/python/3.12.1/lib/python3.12/site-packages/airflow/example_dags/example_time_delta_sensor_async.py                                                   0           0
/usr/local/python/3.12.1/lib/python3.12/site-packages/airflow/example_dags/example_branch_day_of_week_operator.py                                               0           0
/usr/local/python/3.12.1/lib/python3.12/site-packages/airflow/example_dags/example_python_operator.py                                                           0           0
/usr/local/python/3.12.1/lib/python3.12/site-packages/airflow/example_dags/example_display_name.py                                                              0           0
/usr/local/python/3.12.1/lib/python3.12/site-packages/airflow/example_dags/example_passing_params_via_test_command.py                                           0           0
/usr/local/python/3.12.1/lib/python3.12/site-packages/airflow/example_dags/example_kubernetes_executor.py                                                       0           0
/usr/local/python/3.12.1/lib/python3.12/site-packages/airflow/example_dags/example_setup_teardown.py                                                            0           0
/usr/local/python/3.12.1/lib/python3.12/site-packages/airflow/example_dags/tutorial.py                                                                          0           0
/usr/local/python/3.12.1/lib/python3.12/site-packages/airflow/example_dags/example_dynamic_task_mapping.py                                                      0           0
/usr/local/python/3.12.1/lib/python3.12/site-packages/airflow/example_dags/example_local_kubernetes_executor.py                                                 0           0
/usr/local/python/3.12.1/lib/python3.12/site-packages/airflow/example_dags/example_sensors.py                                                                   0           0
/usr/local/python/3.12.1/lib/python3.12/site-packages/airflow/example_dags/example_params_trigger_ui.py                                                         0           0
/usr/local/python/3.12.1/lib/python3.12/site-packages/airflow/example_dags/example_params_ui_tutorial.py                                                        0           0
/usr/local/python/3.12.1/lib/python3.12/site-packages/airflow/example_dags/tutorial_taskflow_api.py                                                             0           0
/usr/local/python/3.12.1/lib/python3.12/site-packages/airflow/example_dags/example_trigger_target_dag.py                                                        0           0
/usr/local/python/3.12.1/lib/python3.12/site-packages/airflow/example_dags/example_skip_dag.py                                                                  0           0
/usr/local/python/3.12.1/lib/python3.12/site-packages/airflow/example_dags/tutorial_objectstorage.py                                                            0           0
/usr/local/python/3.12.1/lib/python3.12/site-packages/airflow/example_dags/example_latest_only.py                                                               0           0
/usr/local/python/3.12.1/lib/python3.12/site-packages/airflow/example_dags/example_dag_decorator.py                                                             0           0
/usr/local/python/3.12.1/lib/python3.12/site-packages/airflow/example_dags/example_external_task_marker_dag.py                                                  0           0
/usr/local/python/3.12.1/lib/python3.12/site-packages/airflow/example_dags/example_bash_decorator.py                                                            0           0
/usr/local/python/3.12.1/lib/python3.12/site-packages/airflow/example_dags/tutorial_taskflow_api_virtualenv.py                                                  0           0
/usr/local/python/3.12.1/lib/python3.12/site-packages/airflow/example_dags/example_branch_operator_decorator.py                                                 0           0
/usr/local/python/3.12.1/lib/python3.12/site-packages/airflow/example_dags/example_nested_branch_dag.py                                                         0           0
/usr/local/python/3.12.1/lib/python3.12/site-packages/airflow/example_dags/example_branch_labels.py                                                             0           0
/usr/local/python/3.12.1/lib/python3.12/site-packages/airflow/example_dags/example_xcom.py                                                                      0           0
/usr/local/python/3.12.1/lib/python3.12/site-packages/airflow/example_dags/example_task_group_decorator.py                                                      0           0
/usr/local/python/3.12.1/lib/python3.12/site-packages/airflow/example_dags/example_task_group.py                                                                0           0
/usr/local/python/3.12.1/lib/python3.12/site-packages/airflow/example_dags/tutorial_dag.py                                                                      0           0
/usr/local/python/3.12.1/lib/python3.12/site-packages/airflow/example_dags/example_sensor_decorator.py                                                          0           0
/usr/local/python/3.12.1/lib/python3.12/site-packages/airflow/example_dags/example_branch_python_dop_operator_3.py                                              0           0
/usr/local/python/3.12.1/lib/python3.12/site-packages/airflow/example_dags/example_complex.py                                                                   0           0
/usr/local/python/3.12.1/lib/python3.12/site-packages/airflow/example_dags/plugins/decreasing_priority_weight_strategy.py                                       0           0
/usr/local/python/3.12.1/lib/python3.12/site-packages/airflow/example_dags/plugins/listener_plugin.py                                                           0           0
/usr/local/python/3.12.1/lib/python3.12/site-packages/airflow/example_dags/plugins/workday.py                                                                   0           0
/usr/local/python/3.12.1/lib/python3.12/site-packages/airflow/example_dags/plugins/event_listener.py                                                            0           0
================================================================================
[2026-04-25T09:14:13.761+0000] {manager.py:878} INFO - 
================================================================================
DAG File Processing Stats

File Path                                                                                                                              PID    Runtime      # DAGs    # Errors  Last Runtime    Last Run
-------------------------------------------------------------------------------------------------------------------------------------  -----  ---------  --------  ----------  --------------  -------------------
/usr/local/python/3.12.1/lib/python3.12/site-packages/airflow/example_dags/example_latest_only_with_trigger.py                                                  1           0  0.22s           2026-04-25T09:14:11
/usr/local/python/3.12.1/lib/python3.12/site-packages/airflow/example_dags/tutorial_taskflow_api_virtualenv.py                                                  1           0  0.21s           2026-04-25T09:13:50
/usr/local/python/3.12.1/lib/python3.12/site-packages/airflow/example_dags/example_python_decorator.py                                                          1           0  0.21s           2026-04-25T09:14:07
/usr/local/python/3.12.1/lib/python3.12/site-packages/airflow/example_dags/example_python_operator.py                                                           1           0  0.20s           2026-04-25T09:14:08
/usr/local/python/3.12.1/lib/python3.12/site-packages/airflow/example_dags/subdags/subdag.py                                                                    0           0  0.11s           2026-04-25T09:13:43
/usr/local/python/3.12.1/lib/python3.12/site-packages/airflow/example_dags/tutorial_objectstorage.py                                                            0           1  0.11s           2026-04-25T09:13:49
/usr/local/python/3.12.1/lib/python3.12/site-packages/airflow/example_dags/example_local_kubernetes_executor.py                                                 0           0  0.11s           2026-04-25T09:14:12
/usr/local/python/3.12.1/lib/python3.12/site-packages/airflow/example_dags/plugins/listener_plugin.py                                                           0           0  0.11s           2026-04-25T09:13:44
/usr/local/python/3.12.1/lib/python3.12/site-packages/airflow/example_dags/example_passing_params_via_test_command.py                                           1           0  0.11s           2026-04-25T09:14:09
/usr/local/python/3.12.1/lib/python3.12/site-packages/airflow/example_dags/tutorial_dag.py                                                                      1           0  0.11s           2026-04-25T09:13:54
/usr/local/python/3.12.1/lib/python3.12/site-packages/airflow/example_dags/example_subdag_operator.py                                                           3           0  0.11s           2026-04-25T09:14:01
/usr/local/python/3.12.1/lib/python3.12/site-packages/airflow/example_dags/example_trigger_target_dag.py                                                        1           0  0.10s           2026-04-25T09:13:53
/usr/local/python/3.12.1/lib/python3.12/site-packages/airflow/example_dags/example_time_delta_sensor_async.py                                                   1           0  0.10s           2026-04-25T09:13:57
/usr/local/python/3.12.1/lib/python3.12/site-packages/airflow/example_dags/tutorial_taskflow_api.py                                                             1           0  0.10s           2026-04-25T09:13:48
/usr/local/python/3.12.1/lib/python3.12/site-packages/airflow/example_dags/plugins/event_listener.py                                                            0           0  0.10s           2026-04-25T09:13:47
/usr/local/python/3.12.1/lib/python3.12/site-packages/airflow/example_dags/example_task_group_decorator.py                                                      1           0  0.10s           2026-04-25T09:13:58
/usr/local/python/3.12.1/lib/python3.12/site-packages/airflow/example_dags/example_xcomargs.py                                                                  2           0  0.10s           2026-04-25T09:13:52
/usr/local/python/3.12.1/lib/python3.12/site-packages/airflow/example_dags/example_sla_dag.py                                                                   1           0  0.10s           2026-04-25T09:13:59
/usr/local/python/3.12.1/lib/python3.12/site-packages/airflow/example_dags/example_setup_teardown_taskflow.py                                                   1           0  0.10s           2026-04-25T09:14:03
/usr/local/python/3.12.1/lib/python3.12/site-packages/airflow/example_dags/example_trigger_controller_dag.py                                                    1           0  0.10s           2026-04-25T09:13:55
/usr/local/python/3.12.1/lib/python3.12/site-packages/airflow/example_dags/plugins/workday.py                                                                   0           0  0.10s           2026-04-25T09:13:45
/usr/local/python/3.12.1/lib/python3.12/site-packages/airflow/example_dags/example_skip_dag.py                                                                  1           0  0.10s           2026-04-25T09:14:02
/usr/local/python/3.12.1/lib/python3.12/site-packages/airflow/example_dags/example_short_circuit_operator.py                                                    1           0  0.10s           2026-04-25T09:13:58
/usr/local/python/3.12.1/lib/python3.12/site-packages/airflow/example_dags/plugins/decreasing_priority_weight_strategy.py                                       0           0  0.10s           2026-04-25T09:13:48
/usr/local/python/3.12.1/lib/python3.12/site-packages/airflow/example_dags/example_short_circuit_decorator.py                                                   1           0  0.10s           2026-04-25T09:14:03
/usr/local/python/3.12.1/lib/python3.12/site-packages/airflow/example_dags/tutorial.py                                                                          1           0  0.10s           2026-04-25T09:13:53
/usr/local/python/3.12.1/lib/python3.12/site-packages/airflow/example_dags/example_nested_branch_dag.py                                                         1           0  0.10s           2026-04-25T09:14:13
/usr/local/python/3.12.1/lib/python3.12/site-packages/airflow/example_dags/example_sensors.py                                                                   1           0  0.10s           2026-04-25T09:14:05
/usr/local/python/3.12.1/lib/python3.12/site-packages/airflow/example_dags/example_setup_teardown.py                                                            1           0  0.10s           2026-04-25T09:14:03
/usr/local/python/3.12.1/lib/python3.12/site-packages/airflow/example_dags/example_xcom.py                                                                      1           0  0.10s           2026-04-25T09:13:53
/usr/local/python/3.12.1/lib/python3.12/site-packages/airflow/example_dags/example_params_trigger_ui.py                                                         1           0  0.10s           2026-04-25T09:14:13
/usr/local/python/3.12.1/lib/python3.12/site-packages/airflow/example_dags/example_task_group.py                                                                1           0  0.10s           2026-04-25T09:13:58
/usr/local/python/3.12.1/lib/python3.12/site-packages/airflow/example_dags/example_sensor_decorator.py                                                          1           0  0.10s           2026-04-25T09:14:06
/usr/local/python/3.12.1/lib/python3.12/site-packages/airflow/example_dags/example_params_ui_tutorial.py                                                        1           0  0.10s           2026-04-25T09:14:10
/usr/local/python/3.12.1/lib/python3.12/site-packages/airflow/example_dags/example_dynamic_task_mapping_with_no_taskflow_operators.py                           0           0
/usr/local/python/3.12.1/lib/python3.12/site-packages/airflow/example_dags/example_datasets.py                                                                  0           0
/usr/local/python/3.12.1/lib/python3.12/site-packages/airflow/example_dags/example_branch_operator.py                                                           0           0
/usr/local/python/3.12.1/lib/python3.12/site-packages/airflow/example_dags/example_bash_operator.py                                                             0           0
/usr/local/python/3.12.1/lib/python3.12/site-packages/airflow/example_dags/example_branch_datetime_operator.py                                                  0           0
/usr/local/python/3.12.1/lib/python3.12/site-packages/airflow/example_dags/example_branch_day_of_week_operator.py                                               0           0
/usr/local/python/3.12.1/lib/python3.12/site-packages/airflow/example_dags/example_display_name.py                                                              0           0
/usr/local/python/3.12.1/lib/python3.12/site-packages/airflow/example_dags/example_kubernetes_executor.py                                                       0           0
/usr/local/python/3.12.1/lib/python3.12/site-packages/airflow/example_dags/example_dynamic_task_mapping.py                                                      0           0
/usr/local/python/3.12.1/lib/python3.12/site-packages/airflow/example_dags/example_latest_only.py                                                               0           0
/usr/local/python/3.12.1/lib/python3.12/site-packages/airflow/example_dags/example_dag_decorator.py                                                             0           0
/usr/local/python/3.12.1/lib/python3.12/site-packages/airflow/example_dags/example_external_task_marker_dag.py                                                  0           0
/usr/local/python/3.12.1/lib/python3.12/site-packages/airflow/example_dags/example_bash_decorator.py                                                            0           0
/usr/local/python/3.12.1/lib/python3.12/site-packages/airflow/example_dags/example_branch_operator_decorator.py                                                 0           0
/usr/local/python/3.12.1/lib/python3.12/site-packages/airflow/example_dags/example_branch_labels.py                                                             0           0
/usr/local/python/3.12.1/lib/python3.12/site-packages/airflow/example_dags/example_branch_python_dop_operator_3.py                                              0           0
/usr/local/python/3.12.1/lib/python3.12/site-packages/airflow/example_dags/example_complex.py                                                                   0           0
================================================================================
[2026-04-25T09:14:43.893+0000] {manager.py:878} INFO - 
================================================================================
DAG File Processing Stats

File Path                                                                                                                              PID    Runtime      # DAGs    # Errors  Last Runtime    Last Run
-------------------------------------------------------------------------------------------------------------------------------------  -----  ---------  --------  ----------  --------------  -------------------
/usr/local/python/3.12.1/lib/python3.12/site-packages/airflow/example_dags/example_branch_day_of_week_operator.py                                               1           0  0.44s           2026-04-25T09:14:28
/usr/local/python/3.12.1/lib/python3.12/site-packages/airflow/example_dags/example_dag_decorator.py                                                             1           0  0.31s           2026-04-25T09:14:21
/usr/local/python/3.12.1/lib/python3.12/site-packages/airflow/example_dags/example_latest_only_with_trigger.py                                                  1           0  0.22s           2026-04-25T09:14:11
/usr/local/python/3.12.1/lib/python3.12/site-packages/airflow/example_dags/example_python_decorator.py                                                          1           0  0.21s           2026-04-25T09:14:07
/usr/local/python/3.12.1/lib/python3.12/site-packages/airflow/example_dags/example_bash_decorator.py                                                            1           0  0.20s           2026-04-25T09:14:30
/usr/local/python/3.12.1/lib/python3.12/site-packages/airflow/example_dags/example_branch_operator.py                                                           1           0  0.20s           2026-04-25T09:14:25
/usr/local/python/3.12.1/lib/python3.12/site-packages/airflow/example_dags/example_branch_operator_decorator.py                                                 1           0  0.20s           2026-04-25T09:14:23
/usr/local/python/3.12.1/lib/python3.12/site-packages/airflow/example_dags/example_python_operator.py                                                           1           0  0.20s           2026-04-25T09:14:08
/usr/local/python/3.12.1/lib/python3.12/site-packages/airflow/example_dags/tutorial_taskflow_api.py                                                             1           0  0.11s           2026-04-25T09:14:37
/usr/local/python/3.12.1/lib/python3.12/site-packages/airflow/example_dags/example_datasets.py                                                                 10           0  0.11s           2026-04-25T09:14:18
/usr/local/python/3.12.1/lib/python3.12/site-packages/airflow/example_dags/subdags/subdag.py                                                                    0           0  0.11s           2026-04-25T09:14:32
/usr/local/python/3.12.1/lib/python3.12/site-packages/airflow/example_dags/example_trigger_target_dag.py                                                        1           0  0.11s           2026-04-25T09:14:42
/usr/local/python/3.12.1/lib/python3.12/site-packages/airflow/example_dags/example_bash_operator.py                                                             1           0  0.11s           2026-04-25T09:14:29
/usr/local/python/3.12.1/lib/python3.12/site-packages/airflow/example_dags/example_local_kubernetes_executor.py                                                 0           0  0.11s           2026-04-25T09:14:12
/usr/local/python/3.12.1/lib/python3.12/site-packages/airflow/example_dags/example_xcomargs.py                                                                  2           0  0.11s           2026-04-25T09:14:39
/usr/local/python/3.12.1/lib/python3.12/site-packages/airflow/example_dags/example_passing_params_via_test_command.py                                           1           0  0.11s           2026-04-25T09:14:09
/usr/local/python/3.12.1/lib/python3.12/site-packages/airflow/example_dags/example_dynamic_task_mapping_with_no_taskflow_operators.py                           1           0  0.11s           2026-04-25T09:14:14
/usr/local/python/3.12.1/lib/python3.12/site-packages/airflow/example_dags/example_kubernetes_executor.py                                                       0           0  0.11s           2026-04-25T09:14:15
/usr/local/python/3.12.1/lib/python3.12/site-packages/airflow/example_dags/example_subdag_operator.py                                                           3           0  0.11s           2026-04-25T09:14:01
/usr/local/python/3.12.1/lib/python3.12/site-packages/airflow/example_dags/plugins/event_listener.py                                                            0           0  0.10s           2026-04-25T09:14:34
/usr/local/python/3.12.1/lib/python3.12/site-packages/airflow/example_dags/example_time_delta_sensor_async.py                                                   1           0  0.10s           2026-04-25T09:13:57
/usr/local/python/3.12.1/lib/python3.12/site-packages/airflow/example_dags/plugins/workday.py                                                                   0           0  0.10s           2026-04-25T09:14:34
/usr/local/python/3.12.1/lib/python3.12/site-packages/airflow/example_dags/example_dynamic_task_mapping.py                                                      1           0  0.10s           2026-04-25T09:14:20
/usr/local/python/3.12.1/lib/python3.12/site-packages/airflow/example_dags/example_task_group_decorator.py                                                      1           0  0.10s           2026-04-25T09:13:58
/usr/local/python/3.12.1/lib/python3.12/site-packages/airflow/example_dags/plugins/listener_plugin.py                                                           0           0  0.10s           2026-04-25T09:14:33
/usr/local/python/3.12.1/lib/python3.12/site-packages/airflow/example_dags/example_complex.py                                                                   1           0  0.10s           2026-04-25T09:14:24
/usr/local/python/3.12.1/lib/python3.12/site-packages/airflow/example_dags/example_sla_dag.py                                                                   1           0  0.10s           2026-04-25T09:13:59
/usr/local/python/3.12.1/lib/python3.12/site-packages/airflow/example_dags/example_setup_teardown_taskflow.py                                                   1           0  0.10s           2026-04-25T09:14:03
/usr/local/python/3.12.1/lib/python3.12/site-packages/airflow/example_dags/plugins/decreasing_priority_weight_strategy.py                                       0           0  0.10s           2026-04-25T09:14:35
/usr/local/python/3.12.1/lib/python3.12/site-packages/airflow/example_dags/example_branch_datetime_operator.py                                                  3           0  0.10s           2026-04-25T09:14:26
/usr/local/python/3.12.1/lib/python3.12/site-packages/airflow/example_dags/tutorial_objectstorage.py                                                            0           1  0.10s           2026-04-25T09:14:38
/usr/local/python/3.12.1/lib/python3.12/site-packages/airflow/example_dags/tutorial_dag.py                                                                      1           0  0.10s           2026-04-25T09:14:43
/usr/local/python/3.12.1/lib/python3.12/site-packages/airflow/example_dags/example_xcom.py                                                                      1           0  0.10s           2026-04-25T09:14:43
/usr/local/python/3.12.1/lib/python3.12/site-packages/airflow/example_dags/example_skip_dag.py                                                                  1           0  0.10s           2026-04-25T09:14:02
/usr/local/python/3.12.1/lib/python3.12/site-packages/airflow/example_dags/tutorial.py                                                                          1           0  0.10s           2026-04-25T09:14:41
/usr/local/python/3.12.1/lib/python3.12/site-packages/airflow/example_dags/example_short_circuit_operator.py                                                    1           0  0.10s           2026-04-25T09:13:58
/usr/local/python/3.12.1/lib/python3.12/site-packages/airflow/example_dags/example_display_name.py                                                              1           0  0.10s           2026-04-25T09:14:19
/usr/local/python/3.12.1/lib/python3.12/site-packages/airflow/example_dags/example_short_circuit_decorator.py                                                   1           0  0.10s           2026-04-25T09:14:03
/usr/local/python/3.12.1/lib/python3.12/site-packages/airflow/example_dags/example_branch_python_dop_operator_3.py                                              1           0  0.10s           2026-04-25T09:14:23
/usr/local/python/3.12.1/lib/python3.12/site-packages/airflow/example_dags/example_nested_branch_dag.py                                                         1           0  0.10s           2026-04-25T09:14:13
/usr/local/python/3.12.1/lib/python3.12/site-packages/airflow/example_dags/example_sensors.py                                                                   1           0  0.10s           2026-04-25T09:14:05
/usr/local/python/3.12.1/lib/python3.12/site-packages/airflow/example_dags/example_setup_teardown.py                                                            1           0  0.10s           2026-04-25T09:14:03
/usr/local/python/3.12.1/lib/python3.12/site-packages/airflow/example_dags/tutorial_taskflow_api_virtualenv.py                                                  1           0  0.10s           2026-04-25T09:14:39
/usr/local/python/3.12.1/lib/python3.12/site-packages/airflow/example_dags/example_external_task_marker_dag.py                                                  2           0  0.10s           2026-04-25T09:14:17
/usr/local/python/3.12.1/lib/python3.12/site-packages/airflow/example_dags/example_latest_only.py                                                               1           0  0.10s           2026-04-25T09:14:16
/usr/local/python/3.12.1/lib/python3.12/site-packages/airflow/example_dags/example_params_trigger_ui.py                                                         1           0  0.10s           2026-04-25T09:14:13
/usr/local/python/3.12.1/lib/python3.12/site-packages/airflow/example_dags/example_trigger_controller_dag.py                                                    1           0  0.10s           2026-04-25T09:14:43
/usr/local/python/3.12.1/lib/python3.12/site-packages/airflow/example_dags/example_task_group.py                                                                1           0  0.10s           2026-04-25T09:13:58
/usr/local/python/3.12.1/lib/python3.12/site-packages/airflow/example_dags/example_sensor_decorator.py                                                          1           0  0.10s           2026-04-25T09:14:06
/usr/local/python/3.12.1/lib/python3.12/site-packages/airflow/example_dags/example_branch_labels.py                                                             1           0  0.10s           2026-04-25T09:14:28
/usr/local/python/3.12.1/lib/python3.12/site-packages/airflow/example_dags/example_params_ui_tutorial.py                                                        1           0  0.10s           2026-04-25T09:14:10
================================================================================
[2026-04-25T09:15:14.159+0000] {manager.py:878} INFO - 
================================================================================
DAG File Processing Stats

File Path                                                                                                                              PID    Runtime      # DAGs    # Errors  Last Runtime    Last Run
-------------------------------------------------------------------------------------------------------------------------------------  -----  ---------  --------  ----------  --------------  -------------------
/usr/local/python/3.12.1/lib/python3.12/site-packages/airflow/example_dags/example_branch_day_of_week_operator.py                                               1           0  0.44s           2026-04-25T09:14:28
/usr/local/python/3.12.1/lib/python3.12/site-packages/airflow/example_dags/example_dag_decorator.py                                                             1           0  0.31s           2026-04-25T09:14:21
/usr/local/python/3.12.1/lib/python3.12/site-packages/airflow/example_dags/example_latest_only_with_trigger.py                                                  1           0  0.20s           2026-04-25T09:15:00
/usr/local/python/3.12.1/lib/python3.12/site-packages/airflow/example_dags/example_bash_decorator.py                                                            1           0  0.20s           2026-04-25T09:14:30
/usr/local/python/3.12.1/lib/python3.12/site-packages/airflow/example_dags/example_branch_operator.py                                                           1           0  0.20s           2026-04-25T09:14:25
/usr/local/python/3.12.1/lib/python3.12/site-packages/airflow/example_dags/example_branch_operator_decorator.py                                                 1           0  0.20s           2026-04-25T09:14:23
/usr/local/python/3.12.1/lib/python3.12/site-packages/airflow/example_dags/tutorial_taskflow_api.py                                                             1           0  0.11s           2026-04-25T09:14:37
/usr/local/python/3.12.1/lib/python3.12/site-packages/airflow/example_dags/example_params_trigger_ui.py                                                         1           0  0.11s           2026-04-25T09:15:01
/usr/local/python/3.12.1/lib/python3.12/site-packages/airflow/example_dags/example_trigger_target_dag.py                                                        1           0  0.11s           2026-04-25T09:14:42
/usr/local/python/3.12.1/lib/python3.12/site-packages/airflow/example_dags/example_bash_operator.py                                                             1           0  0.11s           2026-04-25T09:14:29
/usr/local/python/3.12.1/lib/python3.12/site-packages/airflow/example_dags/example_datasets.py                                                                 10           0  0.11s           2026-04-25T09:15:07
/usr/local/python/3.12.1/lib/python3.12/site-packages/airflow/example_dags/example_setup_teardown.py                                                            1           0  0.11s           2026-04-25T09:14:53
/usr/local/python/3.12.1/lib/python3.12/site-packages/airflow/example_dags/example_xcomargs.py                                                                  2           0  0.11s           2026-04-25T09:14:39
/usr/local/python/3.12.1/lib/python3.12/site-packages/airflow/example_dags/example_external_task_marker_dag.py                                                  2           0  0.11s           2026-04-25T09:15:06
/usr/local/python/3.12.1/lib/python3.12/site-packages/airflow/example_dags/example_dynamic_task_mapping_with_no_taskflow_operators.py                           1           0  0.10s           2026-04-25T09:15:03
/usr/local/python/3.12.1/lib/python3.12/site-packages/airflow/example_dags/example_nested_branch_dag.py                                                         1           0  0.10s           2026-04-25T09:15:02
/usr/local/python/3.12.1/lib/python3.12/site-packages/airflow/example_dags/subdags/subdag.py                                                                    0           0  0.10s           2026-04-25T09:15:10
/usr/local/python/3.12.1/lib/python3.12/site-packages/airflow/example_dags/example_sensors.py                                                                   1           0  0.10s           2026-04-25T09:14:54
/usr/local/python/3.12.1/lib/python3.12/site-packages/airflow/example_dags/plugins/listener_plugin.py                                                           0           0  0.10s           2026-04-25T09:15:10
/usr/local/python/3.12.1/lib/python3.12/site-packages/airflow/example_dags/example_python_operator.py                                                           1           0  0.10s           2026-04-25T09:14:57
/usr/local/python/3.12.1/lib/python3.12/site-packages/airflow/example_dags/example_kubernetes_executor.py                                                       0           0  0.10s           2026-04-25T09:15:04
/usr/local/python/3.12.1/lib/python3.12/site-packages/airflow/example_dags/example_dynamic_task_mapping.py                                                      1           0  0.10s           2026-04-25T09:14:20
/usr/local/python/3.12.1/lib/python3.12/site-packages/airflow/example_dags/example_latest_only.py                                                               1           0  0.10s           2026-04-25T09:15:05
/usr/local/python/3.12.1/lib/python3.12/site-packages/airflow/example_dags/example_time_delta_sensor_async.py                                                   1           0  0.10s           2026-04-25T09:14:44
/usr/local/python/3.12.1/lib/python3.12/site-packages/airflow/example_dags/example_complex.py                                                                   1           0  0.10s           2026-04-25T09:14:24
/usr/local/python/3.12.1/lib/python3.12/site-packages/airflow/example_dags/example_subdag_operator.py                                                           3           0  0.10s           2026-04-25T09:14:49
/usr/local/python/3.12.1/lib/python3.12/site-packages/airflow/example_dags/example_local_kubernetes_executor.py                                                 0           0  0.10s           2026-04-25T09:15:00
/usr/local/python/3.12.1/lib/python3.12/site-packages/airflow/example_dags/plugins/workday.py                                                                   0           0  0.10s           2026-04-25T09:15:11
/usr/local/python/3.12.1/lib/python3.12/site-packages/airflow/example_dags/example_branch_datetime_operator.py                                                  3           0  0.10s           2026-04-25T09:14:26
/usr/local/python/3.12.1/lib/python3.12/site-packages/airflow/example_dags/example_display_name.py                                                              1           0  0.10s           2026-04-25T09:15:09
/usr/local/python/3.12.1/lib/python3.12/site-packages/airflow/example_dags/plugins/decreasing_priority_weight_strategy.py                                       0           0  0.10s           2026-04-25T09:15:14
/usr/local/python/3.12.1/lib/python3.12/site-packages/airflow/example_dags/tutorial_objectstorage.py                                                            0           1  0.10s           2026-04-25T09:14:38
/usr/local/python/3.12.1/lib/python3.12/site-packages/airflow/example_dags/example_sla_dag.py                                                                   1           0  0.10s           2026-04-25T09:14:48
/usr/local/python/3.12.1/lib/python3.12/site-packages/airflow/example_dags/tutorial_dag.py                                                                      1           0  0.10s           2026-04-25T09:14:43
/usr/local/python/3.12.1/lib/python3.12/site-packages/airflow/example_dags/example_xcom.py                                                                      1           0  0.10s           2026-04-25T09:14:43
/usr/local/python/3.12.1/lib/python3.12/site-packages/airflow/example_dags/plugins/event_listener.py                                                            0           0  0.10s           2026-04-25T09:15:13
/usr/local/python/3.12.1/lib/python3.12/site-packages/airflow/example_dags/example_python_decorator.py                                                          1           0  0.10s           2026-04-25T09:14:56
/usr/local/python/3.12.1/lib/python3.12/site-packages/airflow/example_dags/tutorial.py                                                                          1           0  0.10s           2026-04-25T09:14:41
/usr/local/python/3.12.1/lib/python3.12/site-packages/airflow/example_dags/example_short_circuit_operator.py                                                    1           0  0.10s           2026-04-25T09:14:47
/usr/local/python/3.12.1/lib/python3.12/site-packages/airflow/example_dags/example_skip_dag.py                                                                  1           0  0.10s           2026-04-25T09:14:50
/usr/local/python/3.12.1/lib/python3.12/site-packages/airflow/example_dags/example_branch_python_dop_operator_3.py                                              1           0  0.10s           2026-04-25T09:14:23
/usr/local/python/3.12.1/lib/python3.12/site-packages/airflow/example_dags/tutorial_taskflow_api_virtualenv.py                                                  1           0  0.10s           2026-04-25T09:14:39
/usr/local/python/3.12.1/lib/python3.12/site-packages/airflow/example_dags/example_setup_teardown_taskflow.py                                                   1           0  0.10s           2026-04-25T09:14:51
/usr/local/python/3.12.1/lib/python3.12/site-packages/airflow/example_dags/example_params_ui_tutorial.py                                                        1           0  0.10s           2026-04-25T09:14:59
/usr/local/python/3.12.1/lib/python3.12/site-packages/airflow/example_dags/example_trigger_controller_dag.py                                                    1           0  0.10s           2026-04-25T09:14:43
/usr/local/python/3.12.1/lib/python3.12/site-packages/airflow/example_dags/example_passing_params_via_test_command.py                                           1           0  0.10s           2026-04-25T09:14:58
/usr/local/python/3.12.1/lib/python3.12/site-packages/airflow/example_dags/example_short_circuit_decorator.py                                                   1           0  0.10s           2026-04-25T09:14:52
/usr/local/python/3.12.1/lib/python3.12/site-packages/airflow/example_dags/example_branch_labels.py                                                             1           0  0.10s           2026-04-25T09:14:28
/usr/local/python/3.12.1/lib/python3.12/site-packages/airflow/example_dags/example_sensor_decorator.py                                                          1           0  0.10s           2026-04-25T09:14:55
/usr/local/python/3.12.1/lib/python3.12/site-packages/airflow/example_dags/example_task_group.py                                                                1           0  0.10s           2026-04-25T09:14:46
/usr/local/python/3.12.1/lib/python3.12/site-packages/airflow/example_dags/example_task_group_decorator.py                                                      1           0  0.10s           2026-04-25T09:14:45
================================================================================
[2026-04-25T09:15:44.431+0000] {manager.py:878} INFO - 
================================================================================
DAG File Processing Stats

File Path                                                                                                                              PID    Runtime      # DAGs    # Errors  Last Runtime    Last Run
-------------------------------------------------------------------------------------------------------------------------------------  -----  ---------  --------  ----------  --------------  -------------------
/usr/local/python/3.12.1/lib/python3.12/site-packages/airflow/example_dags/example_task_group_decorator.py                                                      1           0  0.33s           2026-04-25T09:15:35
/usr/local/python/3.12.1/lib/python3.12/site-packages/airflow/example_dags/example_time_delta_sensor_async.py                                                   1           0  0.31s           2026-04-25T09:15:33
/usr/local/python/3.12.1/lib/python3.12/site-packages/airflow/example_dags/example_subdag_operator.py                                                           3           0  0.21s           2026-04-25T09:15:39
/usr/local/python/3.12.1/lib/python3.12/site-packages/airflow/example_dags/example_latest_only_with_trigger.py                                                  1           0  0.20s           2026-04-25T09:15:00
/usr/local/python/3.12.1/lib/python3.12/site-packages/airflow/example_dags/example_short_circuit_decorator.py                                                   1           0  0.20s           2026-04-25T09:15:42
/usr/local/python/3.12.1/lib/python3.12/site-packages/airflow/example_dags/example_dag_decorator.py                                                             1           0  0.20s           2026-04-25T09:15:19
/usr/local/python/3.12.1/lib/python3.12/site-packages/airflow/example_dags/example_task_group.py                                                                1           0  0.13s           2026-04-25T09:15:36
/usr/local/python/3.12.1/lib/python3.12/site-packages/airflow/example_dags/example_params_trigger_ui.py                                                         1           0  0.11s           2026-04-25T09:15:01
/usr/local/python/3.12.1/lib/python3.12/site-packages/airflow/example_dags/tutorial_dag.py                                                                      1           0  0.11s           2026-04-25T09:15:31
/usr/local/python/3.12.1/lib/python3.12/site-packages/airflow/example_dags/example_short_circuit_operator.py                                                    1           0  0.11s           2026-04-25T09:15:37
/usr/local/python/3.12.1/lib/python3.12/site-packages/airflow/example_dags/example_datasets.py                                                                 10           0  0.11s           2026-04-25T09:15:07
/usr/local/python/3.12.1/lib/python3.12/site-packages/airflow/example_dags/example_external_task_marker_dag.py                                                  2           0  0.11s           2026-04-25T09:15:06
/usr/local/python/3.12.1/lib/python3.12/site-packages/airflow/example_dags/example_sla_dag.py                                                                   1           0  0.11s           2026-04-25T09:15:38
/usr/local/python/3.12.1/lib/python3.12/site-packages/airflow/example_dags/example_bash_decorator.py                                                            1           0  0.10s           2026-04-25T09:15:27
/usr/local/python/3.12.1/lib/python3.12/site-packages/airflow/example_dags/example_dynamic_task_mapping_with_no_taskflow_operators.py                           1           0  0.10s           2026-04-25T09:15:03
/usr/local/python/3.12.1/lib/python3.12/site-packages/airflow/example_dags/example_nested_branch_dag.py                                                         1           0  0.10s           2026-04-25T09:15:02
/usr/local/python/3.12.1/lib/python3.12/site-packages/airflow/example_dags/example_branch_labels.py                                                             1           0  0.10s           2026-04-25T09:15:25
/usr/local/python/3.12.1/lib/python3.12/site-packages/airflow/example_dags/subdags/subdag.py                                                                    0           0  0.10s           2026-04-25T09:15:10
/usr/local/python/3.12.1/lib/python3.12/site-packages/airflow/example_dags/plugins/listener_plugin.py                                                           0           0  0.10s           2026-04-25T09:15:10
/usr/local/python/3.12.1/lib/python3.12/site-packages/airflow/example_dags/example_python_operator.py                                                           1           0  0.10s           2026-04-25T09:14:57
/usr/local/python/3.12.1/lib/python3.12/site-packages/airflow/example_dags/tutorial_objectstorage.py                                                            0           1  0.10s           2026-04-25T09:15:15
/usr/local/python/3.12.1/lib/python3.12/site-packages/airflow/example_dags/example_sensor_decorator.py                                                          1           0  0.10s           2026-04-25T09:15:44
/usr/local/python/3.12.1/lib/python3.12/site-packages/airflow/example_dags/example_kubernetes_executor.py                                                       0           0  0.10s           2026-04-25T09:15:04
/usr/local/python/3.12.1/lib/python3.12/site-packages/airflow/example_dags/example_complex.py                                                                   1           0  0.10s           2026-04-25T09:15:22
/usr/local/python/3.12.1/lib/python3.12/site-packages/airflow/example_dags/example_branch_operator_decorator.py                                                 1           0  0.10s           2026-04-25T09:15:20
/usr/local/python/3.12.1/lib/python3.12/site-packages/airflow/example_dags/example_latest_only.py                                                               1           0  0.10s           2026-04-25T09:15:05
/usr/local/python/3.12.1/lib/python3.12/site-packages/airflow/example_dags/example_branch_python_dop_operator_3.py                                              1           0  0.10s           2026-04-25T09:15:21
/usr/local/python/3.12.1/lib/python3.12/site-packages/airflow/example_dags/example_branch_datetime_operator.py                                                  3           0  0.10s           2026-04-25T09:15:24
/usr/local/python/3.12.1/lib/python3.12/site-packages/airflow/example_dags/example_branch_operator.py                                                           1           0  0.10s           2026-04-25T09:15:23
/usr/local/python/3.12.1/lib/python3.12/site-packages/airflow/example_dags/example_local_kubernetes_executor.py                                                 0           0  0.10s           2026-04-25T09:15:00
/usr/local/python/3.12.1/lib/python3.12/site-packages/airflow/example_dags/tutorial_taskflow_api_virtualenv.py                                                  1           0  0.10s           2026-04-25T09:15:15
/usr/local/python/3.12.1/lib/python3.12/site-packages/airflow/example_dags/plugins/workday.py                                                                   0           0  0.10s           2026-04-25T09:15:11
/usr/local/python/3.12.1/lib/python3.12/site-packages/airflow/example_dags/example_display_name.py                                                              1           0  0.10s           2026-04-25T09:15:09
/usr/local/python/3.12.1/lib/python3.12/site-packages/airflow/example_dags/plugins/decreasing_priority_weight_strategy.py                                       0           0  0.10s           2026-04-25T09:15:14
/usr/local/python/3.12.1/lib/python3.12/site-packages/airflow/example_dags/example_skip_dag.py                                                                  1           0  0.10s           2026-04-25T09:15:40
/usr/local/python/3.12.1/lib/python3.12/site-packages/airflow/example_dags/plugins/event_listener.py                                                            0           0  0.10s           2026-04-25T09:15:13
/usr/local/python/3.12.1/lib/python3.12/site-packages/airflow/example_dags/example_python_decorator.py                                                          1           0  0.10s           2026-04-25T09:14:56
/usr/local/python/3.12.1/lib/python3.12/site-packages/airflow/example_dags/example_sensors.py                                                                   1           0  0.10s           2026-04-25T09:15:43
/usr/local/python/3.12.1/lib/python3.12/site-packages/airflow/example_dags/example_setup_teardown_taskflow.py                                                   1           0  0.10s           2026-04-25T09:15:41
/usr/local/python/3.12.1/lib/python3.12/site-packages/airflow/example_dags/example_trigger_target_dag.py                                                        1           0  0.10s           2026-04-25T09:15:29
/usr/local/python/3.12.1/lib/python3.12/site-packages/airflow/example_dags/example_trigger_controller_dag.py                                                    1           0  0.10s           2026-04-25T09:15:32
/usr/local/python/3.12.1/lib/python3.12/site-packages/airflow/example_dags/example_xcom.py                                                                      1           0  0.10s           2026-04-25T09:15:30
/usr/local/python/3.12.1/lib/python3.12/site-packages/airflow/example_dags/tutorial_taskflow_api.py                                                             1           0  0.10s           2026-04-25T09:15:14
/usr/local/python/3.12.1/lib/python3.12/site-packages/airflow/example_dags/example_bash_operator.py                                                             1           0  0.10s           2026-04-25T09:15:26
/usr/local/python/3.12.1/lib/python3.12/site-packages/airflow/example_dags/example_dynamic_task_mapping.py                                                      1           0  0.10s           2026-04-25T09:15:18
/usr/local/python/3.12.1/lib/python3.12/site-packages/airflow/example_dags/example_branch_day_of_week_operator.py                                               1           0  0.10s           2026-04-25T09:15:24
/usr/local/python/3.12.1/lib/python3.12/site-packages/airflow/example_dags/tutorial.py                                                                          1           0  0.10s           2026-04-25T09:15:28
/usr/local/python/3.12.1/lib/python3.12/site-packages/airflow/example_dags/example_params_ui_tutorial.py                                                        1           0  0.10s           2026-04-25T09:14:59
/usr/local/python/3.12.1/lib/python3.12/site-packages/airflow/example_dags/example_xcomargs.py                                                                  2           0  0.10s           2026-04-25T09:15:17
/usr/local/python/3.12.1/lib/python3.12/site-packages/airflow/example_dags/example_setup_teardown.py                                                            1           0  0.10s           2026-04-25T09:15:43
/usr/local/python/3.12.1/lib/python3.12/site-packages/airflow/example_dags/example_passing_params_via_test_command.py                                           1           0  0.10s           2026-04-25T09:14:58
================================================================================
[2026-04-25T09:16:14.584+0000] {manager.py:878} INFO - 
================================================================================
DAG File Processing Stats

File Path                                                                                                                              PID    Runtime      # DAGs    # Errors  Last Runtime    Last Run
-------------------------------------------------------------------------------------------------------------------------------------  -----  ---------  --------  ----------  --------------  -------------------
/usr/local/python/3.12.1/lib/python3.12/site-packages/airflow/example_dags/example_subdag_operator.py                                                           3           0  0.21s           2026-04-25T09:15:39
/usr/local/python/3.12.1/lib/python3.12/site-packages/airflow/example_dags/example_short_circuit_decorator.py                                                   1           0  0.20s           2026-04-25T09:15:42
/usr/local/python/3.12.1/lib/python3.12/site-packages/airflow/example_dags/example_task_group.py                                                                1           0  0.13s           2026-04-25T09:15:36
/usr/local/python/3.12.1/lib/python3.12/site-packages/airflow/example_dags/example_passing_params_via_test_command.py                                           1           0  0.12s           2026-04-25T09:15:55
/usr/local/python/3.12.1/lib/python3.12/site-packages/airflow/example_dags/example_time_delta_sensor_async.py                                                   1           0  0.11s           2026-04-25T09:16:11
/usr/local/python/3.12.1/lib/python3.12/site-packages/airflow/example_dags/example_xcomargs.py                                                                  2           0  0.11s           2026-04-25T09:16:05
/usr/local/python/3.12.1/lib/python3.12/site-packages/airflow/example_dags/example_short_circuit_operator.py                                                    1           0  0.11s           2026-04-25T09:15:37
/usr/local/python/3.12.1/lib/python3.12/site-packages/airflow/example_dags/example_datasets.py                                                                 10           0  0.11s           2026-04-25T09:16:03
/usr/local/python/3.12.1/lib/python3.12/site-packages/airflow/example_dags/example_sla_dag.py                                                                   1           0  0.11s           2026-04-25T09:15:38
/usr/local/python/3.12.1/lib/python3.12/site-packages/airflow/example_dags/example_task_group_decorator.py                                                      1           0  0.11s           2026-04-25T09:16:12
/usr/local/python/3.12.1/lib/python3.12/site-packages/airflow/example_dags/example_external_task_marker_dag.py                                                  2           0  0.11s           2026-04-25T09:16:02
/usr/local/python/3.12.1/lib/python3.12/site-packages/airflow/example_dags/example_latest_only.py                                                               1           0  0.10s           2026-04-25T09:16:01
/usr/local/python/3.12.1/lib/python3.12/site-packages/airflow/example_dags/example_bash_decorator.py                                                            1           0  0.10s           2026-04-25T09:15:27
/usr/local/python/3.12.1/lib/python3.12/site-packages/airflow/example_dags/plugins/event_listener.py                                                            0           0  0.10s           2026-04-25T09:15:50
/usr/local/python/3.12.1/lib/python3.12/site-packages/airflow/example_dags/tutorial_objectstorage.py                                                            0           1  0.10s           2026-04-25T09:15:52
/usr/local/python/3.12.1/lib/python3.12/site-packages/airflow/example_dags/plugins/decreasing_priority_weight_strategy.py                                       0           0  0.10s           2026-04-25T09:15:51
/usr/local/python/3.12.1/lib/python3.12/site-packages/airflow/example_dags/example_branch_labels.py                                                             1           0  0.10s           2026-04-25T09:15:25
/usr/local/python/3.12.1/lib/python3.12/site-packages/airflow/example_dags/example_xcom.py                                                                      1           0  0.10s           2026-04-25T09:16:08
/usr/local/python/3.12.1/lib/python3.12/site-packages/airflow/example_dags/example_kubernetes_executor.py                                                       0           0  0.10s           2026-04-25T09:16:00
/usr/local/python/3.12.1/lib/python3.12/site-packages/airflow/example_dags/tutorial.py                                                                          1           0  0.10s           2026-04-25T09:16:06
/usr/local/python/3.12.1/lib/python3.12/site-packages/airflow/example_dags/example_local_kubernetes_executor.py                                                 0           0  0.10s           2026-04-25T09:15:56
/usr/local/python/3.12.1/lib/python3.12/site-packages/airflow/example_dags/example_sensor_decorator.py                                                          1           0  0.10s           2026-04-25T09:15:44
/usr/local/python/3.12.1/lib/python3.12/site-packages/airflow/example_dags/example_complex.py                                                                   1           0  0.10s           2026-04-25T09:15:22
/usr/local/python/3.12.1/lib/python3.12/site-packages/airflow/example_dags/example_branch_operator_decorator.py                                                 1           0  0.10s           2026-04-25T09:15:20
/usr/local/python/3.12.1/lib/python3.12/site-packages/airflow/example_dags/example_dag_decorator.py                                                             1           0  0.10s           2026-04-25T09:16:14
/usr/local/python/3.12.1/lib/python3.12/site-packages/airflow/example_dags/tutorial_taskflow_api.py                                                             1           0  0.10s           2026-04-25T09:15:51
/usr/local/python/3.12.1/lib/python3.12/site-packages/airflow/example_dags/example_params_trigger_ui.py                                                         1           0  0.10s           2026-04-25T09:15:58
/usr/local/python/3.12.1/lib/python3.12/site-packages/airflow/example_dags/example_python_decorator.py                                                          1           0  0.10s           2026-04-25T09:15:45
/usr/local/python/3.12.1/lib/python3.12/site-packages/airflow/example_dags/example_display_name.py                                                              1           0  0.10s           2026-04-25T09:16:04
/usr/local/python/3.12.1/lib/python3.12/site-packages/airflow/example_dags/tutorial_taskflow_api_virtualenv.py                                                  1           0  0.10s           2026-04-25T09:15:54
/usr/local/python/3.12.1/lib/python3.12/site-packages/airflow/example_dags/example_branch_python_dop_operator_3.py                                              1           0  0.10s           2026-04-25T09:15:21
/usr/local/python/3.12.1/lib/python3.12/site-packages/airflow/example_dags/example_branch_datetime_operator.py                                                  3           0  0.10s           2026-04-25T09:15:24
/usr/local/python/3.12.1/lib/python3.12/site-packages/airflow/example_dags/example_branch_operator.py                                                           1           0  0.10s           2026-04-25T09:15:23
/usr/local/python/3.12.1/lib/python3.12/site-packages/airflow/example_dags/plugins/workday.py                                                                   0           0  0.10s           2026-04-25T09:15:48
/usr/local/python/3.12.1/lib/python3.12/site-packages/airflow/example_dags/example_skip_dag.py                                                                  1           0  0.10s           2026-04-25T09:15:40
/usr/local/python/3.12.1/lib/python3.12/site-packages/airflow/example_dags/example_sensors.py                                                                   1           0  0.10s           2026-04-25T09:15:43
/usr/local/python/3.12.1/lib/python3.12/site-packages/airflow/example_dags/example_setup_teardown_taskflow.py                                                   1           0  0.10s           2026-04-25T09:15:41
/usr/local/python/3.12.1/lib/python3.12/site-packages/airflow/example_dags/example_dynamic_task_mapping.py                                                      1           0  0.10s           2026-04-25T09:16:13
/usr/local/python/3.12.1/lib/python3.12/site-packages/airflow/example_dags/example_python_operator.py                                                           1           0  0.10s           2026-04-25T09:15:46
/usr/local/python/3.12.1/lib/python3.12/site-packages/airflow/example_dags/example_dynamic_task_mapping_with_no_taskflow_operators.py                           1           0  0.10s           2026-04-25T09:15:59
/usr/local/python/3.12.1/lib/python3.12/site-packages/airflow/example_dags/subdags/subdag.py                                                                    0           0  0.10s           2026-04-25T09:15:46
/usr/local/python/3.12.1/lib/python3.12/site-packages/airflow/example_dags/example_trigger_target_dag.py                                                        1           0  0.10s           2026-04-25T09:16:07
/usr/local/python/3.12.1/lib/python3.12/site-packages/airflow/example_dags/example_trigger_controller_dag.py                                                    1           0  0.10s           2026-04-25T09:16:10
/usr/local/python/3.12.1/lib/python3.12/site-packages/airflow/example_dags/example_nested_branch_dag.py                                                         1           0  0.10s           2026-04-25T09:15:59
/usr/local/python/3.12.1/lib/python3.12/site-packages/airflow/example_dags/example_bash_operator.py                                                             1           0  0.10s           2026-04-25T09:15:26
/usr/local/python/3.12.1/lib/python3.12/site-packages/airflow/example_dags/example_branch_day_of_week_operator.py                                               1           0  0.10s           2026-04-25T09:15:24
/usr/local/python/3.12.1/lib/python3.12/site-packages/airflow/example_dags/example_params_ui_tutorial.py                                                        1           0  0.10s           2026-04-25T09:15:55
/usr/local/python/3.12.1/lib/python3.12/site-packages/airflow/example_dags/example_setup_teardown.py                                                            1           0  0.10s           2026-04-25T09:15:43
/usr/local/python/3.12.1/lib/python3.12/site-packages/airflow/example_dags/example_latest_only_with_trigger.py                                                  1           0  0.10s           2026-04-25T09:15:56
/usr/local/python/3.12.1/lib/python3.12/site-packages/airflow/example_dags/plugins/listener_plugin.py                                                           0           0  0.10s           2026-04-25T09:15:47
/usr/local/python/3.12.1/lib/python3.12/site-packages/airflow/example_dags/tutorial_dag.py                                                                      1           0  0.10s           2026-04-25T09:16:09
================================================================================
[2026-04-25T09:16:44.887+0000] {manager.py:878} INFO - 
================================================================================
DAG File Processing Stats

File Path                                                                                                                              PID    Runtime      # DAGs    # Errors  Last Runtime    Last Run
-------------------------------------------------------------------------------------------------------------------------------------  -----  ---------  --------  ----------  --------------  -------------------
/usr/local/python/3.12.1/lib/python3.12/site-packages/airflow/example_dags/example_branch_day_of_week_operator.py                                               1           0  0.32s           2026-04-25T09:16:21
/usr/local/python/3.12.1/lib/python3.12/site-packages/airflow/example_dags/example_passing_params_via_test_command.py                                           1           0  0.12s           2026-04-25T09:15:55
/usr/local/python/3.12.1/lib/python3.12/site-packages/airflow/example_dags/example_setup_teardown_taskflow.py                                                   1           0  0.12s           2026-04-25T09:16:38
/usr/local/python/3.12.1/lib/python3.12/site-packages/airflow/example_dags/example_time_delta_sensor_async.py                                                   1           0  0.11s           2026-04-25T09:16:11
/usr/local/python/3.12.1/lib/python3.12/site-packages/airflow/example_dags/example_xcomargs.py                                                                  2           0  0.11s           2026-04-25T09:16:44
/usr/local/python/3.12.1/lib/python3.12/site-packages/airflow/example_dags/tutorial_taskflow_api.py                                                             1           0  0.11s           2026-04-25T09:16:29
/usr/local/python/3.12.1/lib/python3.12/site-packages/airflow/example_dags/example_datasets.py                                                                 10           0  0.11s           2026-04-25T09:16:03
/usr/local/python/3.12.1/lib/python3.12/site-packages/airflow/example_dags/example_task_group_decorator.py                                                      1           0  0.11s           2026-04-25T09:16:12
/usr/local/python/3.12.1/lib/python3.12/site-packages/airflow/example_dags/example_external_task_marker_dag.py                                                  2           0  0.11s           2026-04-25T09:16:02
/usr/local/python/3.12.1/lib/python3.12/site-packages/airflow/example_dags/example_skip_dag.py                                                                  1           0  0.11s           2026-04-25T09:16:36
/usr/local/python/3.12.1/lib/python3.12/site-packages/airflow/example_dags/example_latest_only.py                                                               1           0  0.10s           2026-04-25T09:16:01
/usr/local/python/3.12.1/lib/python3.12/site-packages/airflow/example_dags/example_xcom.py                                                                      1           0  0.10s           2026-04-25T09:16:08
/usr/local/python/3.12.1/lib/python3.12/site-packages/airflow/example_dags/example_kubernetes_executor.py                                                       0           0  0.10s           2026-04-25T09:16:00
/usr/local/python/3.12.1/lib/python3.12/site-packages/airflow/example_dags/subdags/subdag.py                                                                    0           0  0.10s           2026-04-25T09:16:24
/usr/local/python/3.12.1/lib/python3.12/site-packages/airflow/example_dags/example_task_group.py                                                                1           0  0.10s           2026-04-25T09:16:32
/usr/local/python/3.12.1/lib/python3.12/site-packages/airflow/example_dags/tutorial.py                                                                          1           0  0.10s           2026-04-25T09:16:06
/usr/local/python/3.12.1/lib/python3.12/site-packages/airflow/example_dags/example_local_kubernetes_executor.py                                                 0           0  0.10s           2026-04-25T09:15:56
/usr/local/python/3.12.1/lib/python3.12/site-packages/airflow/example_dags/example_bash_operator.py                                                             1           0  0.10s           2026-04-25T09:16:22
/usr/local/python/3.12.1/lib/python3.12/site-packages/airflow/example_dags/example_short_circuit_operator.py                                                    1           0  0.10s           2026-04-25T09:16:34
/usr/local/python/3.12.1/lib/python3.12/site-packages/airflow/example_dags/plugins/decreasing_priority_weight_strategy.py                                       0           0  0.10s           2026-04-25T09:16:28
/usr/local/python/3.12.1/lib/python3.12/site-packages/airflow/example_dags/example_python_decorator.py                                                          1           0  0.10s           2026-04-25T09:16:43
/usr/local/python/3.12.1/lib/python3.12/site-packages/airflow/example_dags/example_dag_decorator.py                                                             1           0  0.10s           2026-04-25T09:16:14
/usr/local/python/3.12.1/lib/python3.12/site-packages/airflow/example_dags/example_params_trigger_ui.py                                                         1           0  0.10s           2026-04-25T09:15:58
/usr/local/python/3.12.1/lib/python3.12/site-packages/airflow/example_dags/example_display_name.py                                                              1           0  0.10s           2026-04-25T09:16:04
/usr/local/python/3.12.1/lib/python3.12/site-packages/airflow/example_dags/example_sla_dag.py                                                                   1           0  0.10s           2026-04-25T09:16:35
/usr/local/python/3.12.1/lib/python3.12/site-packages/airflow/example_dags/plugins/workday.py                                                                   0           0  0.10s           2026-04-25T09:16:26
/usr/local/python/3.12.1/lib/python3.12/site-packages/airflow/example_dags/tutorial_objectstorage.py                                                            0           1  0.10s           2026-04-25T09:16:30
/usr/local/python/3.12.1/lib/python3.12/site-packages/airflow/example_dags/example_setup_teardown.py                                                            1           0  0.10s           2026-04-25T09:16:40
/usr/local/python/3.12.1/lib/python3.12/site-packages/airflow/example_dags/example_bash_decorator.py                                                            1           0  0.10s           2026-04-25T09:16:23
/usr/local/python/3.12.1/lib/python3.12/site-packages/airflow/example_dags/plugins/listener_plugin.py                                                           0           0  0.10s           2026-04-25T09:16:25
/usr/local/python/3.12.1/lib/python3.12/site-packages/airflow/example_dags/example_sensors.py                                                                   1           0  0.10s           2026-04-25T09:16:41
/usr/local/python/3.12.1/lib/python3.12/site-packages/airflow/example_dags/example_subdag_operator.py                                                           3           0  0.10s           2026-04-25T09:16:35
/usr/local/python/3.12.1/lib/python3.12/site-packages/airflow/example_dags/example_dynamic_task_mapping.py                                                      1           0  0.10s           2026-04-25T09:16:13
/usr/local/python/3.12.1/lib/python3.12/site-packages/airflow/example_dags/example_dynamic_task_mapping_with_no_taskflow_operators.py                           1           0  0.10s           2026-04-25T09:15:59
/usr/local/python/3.12.1/lib/python3.12/site-packages/airflow/example_dags/plugins/event_listener.py                                                            0           0  0.10s           2026-04-25T09:16:27
/usr/local/python/3.12.1/lib/python3.12/site-packages/airflow/example_dags/example_trigger_target_dag.py                                                        1           0  0.10s           2026-04-25T09:16:07
/usr/local/python/3.12.1/lib/python3.12/site-packages/airflow/example_dags/example_branch_operator_decorator.py                                                 1           0  0.10s           2026-04-25T09:16:15
/usr/local/python/3.12.1/lib/python3.12/site-packages/airflow/example_dags/example_branch_labels.py                                                             1           0  0.10s           2026-04-25T09:16:22
/usr/local/python/3.12.1/lib/python3.12/site-packages/airflow/example_dags/tutorial_taskflow_api_virtualenv.py                                                  1           0  0.10s           2026-04-25T09:16:31
/usr/local/python/3.12.1/lib/python3.12/site-packages/airflow/example_dags/example_trigger_controller_dag.py                                                    1           0  0.10s           2026-04-25T09:16:10
/usr/local/python/3.12.1/lib/python3.12/site-packages/airflow/example_dags/example_nested_branch_dag.py                                                         1           0  0.10s           2026-04-25T09:15:59
/usr/local/python/3.12.1/lib/python3.12/site-packages/airflow/example_dags/example_sensor_decorator.py                                                          1           0  0.10s           2026-04-25T09:16:42
/usr/local/python/3.12.1/lib/python3.12/site-packages/airflow/example_dags/example_complex.py                                                                   1           0  0.10s           2026-04-25T09:16:17
/usr/local/python/3.12.1/lib/python3.12/site-packages/airflow/example_dags/example_branch_operator.py                                                           1           0  0.10s           2026-04-25T09:16:18
/usr/local/python/3.12.1/lib/python3.12/site-packages/airflow/example_dags/example_branch_datetime_operator.py                                                  3           0  0.10s           2026-04-25T09:16:19
/usr/local/python/3.12.1/lib/python3.12/site-packages/airflow/example_dags/example_params_ui_tutorial.py                                                        1           0  0.10s           2026-04-25T09:15:55
/usr/local/python/3.12.1/lib/python3.12/site-packages/airflow/example_dags/example_latest_only_with_trigger.py                                                  1           0  0.10s           2026-04-25T09:15:56
/usr/local/python/3.12.1/lib/python3.12/site-packages/airflow/example_dags/example_short_circuit_decorator.py                                                   1           0  0.10s           2026-04-25T09:16:39
/usr/local/python/3.12.1/lib/python3.12/site-packages/airflow/example_dags/tutorial_dag.py                                                                      1           0  0.10s           2026-04-25T09:16:09
/usr/local/python/3.12.1/lib/python3.12/site-packages/airflow/example_dags/example_python_operator.py                                                           1           0  0.10s           2026-04-25T09:16:43
/usr/local/python/3.12.1/lib/python3.12/site-packages/airflow/example_dags/example_branch_python_dop_operator_3.py                                              1           0  0.10s           2026-04-25T09:16:16
================================================================================
[2026-04-25T09:17:15.187+0000] {manager.py:878} INFO - 
================================================================================
DAG File Processing Stats

File Path                                                                                                                              PID    Runtime      # DAGs    # Errors  Last Runtime    Last Run
-------------------------------------------------------------------------------------------------------------------------------------  -----  ---------  --------  ----------  --------------  -------------------
/usr/local/python/3.12.1/lib/python3.12/site-packages/airflow/example_dags/example_latest_only_with_trigger.py                                                  1           0  0.41s           2026-04-25T09:16:56
/usr/local/python/3.12.1/lib/python3.12/site-packages/airflow/example_dags/example_time_delta_sensor_async.py                                                   1           0  0.32s           2026-04-25T09:16:51
/usr/local/python/3.12.1/lib/python3.12/site-packages/airflow/example_dags/example_branch_day_of_week_operator.py                                               1           0  0.32s           2026-04-25T09:16:21
/usr/local/python/3.12.1/lib/python3.12/site-packages/airflow/example_dags/example_params_ui_tutorial.py                                                        1           0  0.21s           2026-04-25T09:16:54
/usr/local/python/3.12.1/lib/python3.12/site-packages/airflow/example_dags/example_task_group_decorator.py                                                      1           0  0.21s           2026-04-25T09:16:53
/usr/local/python/3.12.1/lib/python3.12/site-packages/airflow/example_dags/example_setup_teardown_taskflow.py                                                   1           0  0.12s           2026-04-25T09:16:38
/usr/local/python/3.12.1/lib/python3.12/site-packages/airflow/example_dags/example_passing_params_via_test_command.py                                           1           0  0.12s           2026-04-25T09:16:53
/usr/local/python/3.12.1/lib/python3.12/site-packages/airflow/example_dags/example_xcomargs.py                                                                  2           0  0.11s           2026-04-25T09:16:44
/usr/local/python/3.12.1/lib/python3.12/site-packages/airflow/example_dags/subdags/subdag.py                                                                    0           0  0.11s           2026-04-25T09:17:08
/usr/local/python/3.12.1/lib/python3.12/site-packages/airflow/example_dags/example_trigger_controller_dag.py                                                    1           0  0.11s           2026-04-25T09:16:50
/usr/local/python/3.12.1/lib/python3.12/site-packages/airflow/example_dags/example_display_name.py                                                              1           0  0.11s           2026-04-25T09:17:05
/usr/local/python/3.12.1/lib/python3.12/site-packages/airflow/example_dags/example_local_kubernetes_executor.py                                                 0           0  0.11s           2026-04-25T09:16:57
/usr/local/python/3.12.1/lib/python3.12/site-packages/airflow/example_dags/example_params_trigger_ui.py                                                         1           0  0.11s           2026-04-25T09:16:58
/usr/local/python/3.12.1/lib/python3.12/site-packages/airflow/example_dags/example_kubernetes_executor.py                                                       0           0  0.11s           2026-04-25T09:17:01
/usr/local/python/3.12.1/lib/python3.12/site-packages/airflow/example_dags/example_nested_branch_dag.py                                                         1           0  0.11s           2026-04-25T09:16:59
/usr/local/python/3.12.1/lib/python3.12/site-packages/airflow/example_dags/example_skip_dag.py                                                                  1           0  0.11s           2026-04-25T09:16:36
/usr/local/python/3.12.1/lib/python3.12/site-packages/airflow/example_dags/example_task_group.py                                                                1           0  0.10s           2026-04-25T09:16:32
/usr/local/python/3.12.1/lib/python3.12/site-packages/airflow/example_dags/plugins/decreasing_priority_weight_strategy.py                                       0           0  0.10s           2026-04-25T09:17:13
/usr/local/python/3.12.1/lib/python3.12/site-packages/airflow/example_dags/plugins/workday.py                                                                   0           0  0.10s           2026-04-25T09:17:10
/usr/local/python/3.12.1/lib/python3.12/site-packages/airflow/example_dags/example_bash_operator.py                                                             1           0  0.10s           2026-04-25T09:16:22
/usr/local/python/3.12.1/lib/python3.12/site-packages/airflow/example_dags/example_short_circuit_operator.py                                                    1           0  0.10s           2026-04-25T09:16:34
/usr/local/python/3.12.1/lib/python3.12/site-packages/airflow/example_dags/example_python_decorator.py                                                          1           0  0.10s           2026-04-25T09:16:43
/usr/local/python/3.12.1/lib/python3.12/site-packages/airflow/example_dags/plugins/listener_plugin.py                                                           0           0  0.10s           2026-04-25T09:17:09
/usr/local/python/3.12.1/lib/python3.12/site-packages/airflow/example_dags/example_external_task_marker_dag.py                                                  2           0  0.10s           2026-04-25T09:17:03
/usr/local/python/3.12.1/lib/python3.12/site-packages/airflow/example_dags/example_sla_dag.py                                                                   1           0  0.10s           2026-04-25T09:16:35
/usr/local/python/3.12.1/lib/python3.12/site-packages/airflow/example_dags/example_latest_only.py                                                               1           0  0.10s           2026-04-25T09:17:02
/usr/local/python/3.12.1/lib/python3.12/site-packages/airflow/example_dags/tutorial_taskflow_api_virtualenv.py                                                  1           0  0.10s           2026-04-25T09:17:15
/usr/local/python/3.12.1/lib/python3.12/site-packages/airflow/example_dags/example_setup_teardown.py                                                            1           0  0.10s           2026-04-25T09:16:40
/usr/local/python/3.12.1/lib/python3.12/site-packages/airflow/example_dags/example_bash_decorator.py                                                            1           0  0.10s           2026-04-25T09:16:23
/usr/local/python/3.12.1/lib/python3.12/site-packages/airflow/example_dags/example_dynamic_task_mapping.py                                                      1           0  0.10s           2026-04-25T09:17:06
/usr/local/python/3.12.1/lib/python3.12/site-packages/airflow/example_dags/plugins/event_listener.py                                                            0           0  0.10s           2026-04-25T09:17:11
/usr/local/python/3.12.1/lib/python3.12/site-packages/airflow/example_dags/tutorial_taskflow_api.py                                                             1           0  0.10s           2026-04-25T09:17:13
/usr/local/python/3.12.1/lib/python3.12/site-packages/airflow/example_dags/example_datasets.py                                                                 10           0  0.10s           2026-04-25T09:17:04
/usr/local/python/3.12.1/lib/python3.12/site-packages/airflow/example_dags/example_sensors.py                                                                   1           0  0.10s           2026-04-25T09:16:41
/usr/local/python/3.12.1/lib/python3.12/site-packages/airflow/example_dags/example_trigger_target_dag.py                                                        1           0  0.10s           2026-04-25T09:16:47
/usr/local/python/3.12.1/lib/python3.12/site-packages/airflow/example_dags/example_subdag_operator.py                                                           3           0  0.10s           2026-04-25T09:16:35
/usr/local/python/3.12.1/lib/python3.12/site-packages/airflow/example_dags/tutorial_objectstorage.py                                                            0           1  0.10s           2026-04-25T09:17:14
/usr/local/python/3.12.1/lib/python3.12/site-packages/airflow/example_dags/example_branch_operator_decorator.py                                                 1           0  0.10s           2026-04-25T09:16:15
/usr/local/python/3.12.1/lib/python3.12/site-packages/airflow/example_dags/example_branch_labels.py                                                             1           0  0.10s           2026-04-25T09:16:22
/usr/local/python/3.12.1/lib/python3.12/site-packages/airflow/example_dags/example_xcom.py                                                                      1           0  0.10s           2026-04-25T09:16:48
/usr/local/python/3.12.1/lib/python3.12/site-packages/airflow/example_dags/example_dynamic_task_mapping_with_no_taskflow_operators.py                           1           0  0.10s           2026-04-25T09:17:00
/usr/local/python/3.12.1/lib/python3.12/site-packages/airflow/example_dags/example_sensor_decorator.py                                                          1           0  0.10s           2026-04-25T09:16:42
/usr/local/python/3.12.1/lib/python3.12/site-packages/airflow/example_dags/example_complex.py                                                                   1           0  0.10s           2026-04-25T09:16:17
/usr/local/python/3.12.1/lib/python3.12/site-packages/airflow/example_dags/example_branch_operator.py                                                           1           0  0.10s           2026-04-25T09:16:18
/usr/local/python/3.12.1/lib/python3.12/site-packages/airflow/example_dags/tutorial.py                                                                          1           0  0.10s           2026-04-25T09:16:45
/usr/local/python/3.12.1/lib/python3.12/site-packages/airflow/example_dags/example_branch_datetime_operator.py                                                  3           0  0.10s           2026-04-25T09:16:19
/usr/local/python/3.12.1/lib/python3.12/site-packages/airflow/example_dags/example_dag_decorator.py                                                             1           0  0.10s           2026-04-25T09:17:07
/usr/local/python/3.12.1/lib/python3.12/site-packages/airflow/example_dags/tutorial_dag.py                                                                      1           0  0.10s           2026-04-25T09:16:49
/usr/local/python/3.12.1/lib/python3.12/site-packages/airflow/example_dags/example_short_circuit_decorator.py                                                   1           0  0.10s           2026-04-25T09:16:39
/usr/local/python/3.12.1/lib/python3.12/site-packages/airflow/example_dags/example_python_operator.py                                                           1           0  0.10s           2026-04-25T09:16:43
/usr/local/python/3.12.1/lib/python3.12/site-packages/airflow/example_dags/example_branch_python_dop_operator_3.py                                              1           0  0.10s           2026-04-25T09:16:16
================================================================================
[2026-04-25T09:17:45.233+0000] {manager.py:878} INFO - 
================================================================================
DAG File Processing Stats

File Path                                                                                                                              PID    Runtime      # DAGs    # Errors  Last Runtime    Last Run
-------------------------------------------------------------------------------------------------------------------------------------  -----  ---------  --------  ----------  --------------  -------------------
/usr/local/python/3.12.1/lib/python3.12/site-packages/airflow/example_dags/example_bash_operator.py                                                             1           0  0.64s           2026-04-25T09:17:29
/usr/local/python/3.12.1/lib/python3.12/site-packages/airflow/example_dags/example_short_circuit_decorator.py                                                   1           0  0.52s           2026-04-25T09:17:40
/usr/local/python/3.12.1/lib/python3.12/site-packages/airflow/example_dags/example_latest_only_with_trigger.py                                                  1           0  0.41s           2026-04-25T09:16:56
/usr/local/python/3.12.1/lib/python3.12/site-packages/airflow/example_dags/example_trigger_target_dag.py                                                        1           0  0.23s           2026-04-25T09:17:34
/usr/local/python/3.12.1/lib/python3.12/site-packages/airflow/example_dags/example_task_group_decorator.py                                                      1           0  0.21s           2026-04-25T09:17:39
/usr/local/python/3.12.1/lib/python3.12/site-packages/airflow/example_dags/example_setup_teardown_taskflow.py                                                   1           0  0.21s           2026-04-25T09:17:21
/usr/local/python/3.12.1/lib/python3.12/site-packages/airflow/example_dags/example_params_ui_tutorial.py                                                        1           0  0.21s           2026-04-25T09:16:54
/usr/local/python/3.12.1/lib/python3.12/site-packages/airflow/example_dags/example_xcom.py                                                                      1           0  0.21s           2026-04-25T09:17:34
/usr/local/python/3.12.1/lib/python3.12/site-packages/airflow/example_dags/example_bash_decorator.py                                                            1           0  0.20s           2026-04-25T09:17:30
/usr/local/python/3.12.1/lib/python3.12/site-packages/airflow/example_dags/example_sensors.py                                                                   1           0  0.20s           2026-04-25T09:17:42
/usr/local/python/3.12.1/lib/python3.12/site-packages/airflow/example_dags/example_python_decorator.py                                                          1           0  0.20s           2026-04-25T09:17:43
/usr/local/python/3.12.1/lib/python3.12/site-packages/airflow/example_dags/tutorial_dag.py                                                                      1           0  0.20s           2026-04-25T09:17:35
/usr/local/python/3.12.1/lib/python3.12/site-packages/airflow/example_dags/example_python_operator.py                                                           1           0  0.20s           2026-04-25T09:17:45
/usr/local/python/3.12.1/lib/python3.12/site-packages/airflow/example_dags/example_sensor_decorator.py                                                          1           0  0.20s           2026-04-25T09:17:43
/usr/local/python/3.12.1/lib/python3.12/site-packages/airflow/example_dags/example_xcomargs.py                                                                  2           0  0.20s           2026-04-25T09:17:31
/usr/local/python/3.12.1/lib/python3.12/site-packages/airflow/example_dags/example_branch_labels.py                                                             1           0  0.20s           2026-04-25T09:17:27
/usr/local/python/3.12.1/lib/python3.12/site-packages/airflow/example_dags/example_setup_teardown.py                                                            1           0  0.20s           2026-04-25T09:17:41
/usr/local/python/3.12.1/lib/python3.12/site-packages/airflow/example_dags/example_branch_day_of_week_operator.py                                               1           0  0.20s           2026-04-25T09:17:26
/usr/local/python/3.12.1/lib/python3.12/site-packages/airflow/example_dags/example_trigger_controller_dag.py                                                    1           0  0.20s           2026-04-25T09:17:36
/usr/local/python/3.12.1/lib/python3.12/site-packages/airflow/example_dags/tutorial.py                                                                          1           0  0.20s           2026-04-25T09:17:32
/usr/local/python/3.12.1/lib/python3.12/site-packages/airflow/example_dags/example_time_delta_sensor_async.py                                                   1           0  0.20s           2026-04-25T09:17:38
/usr/local/python/3.12.1/lib/python3.12/site-packages/airflow/example_dags/example_passing_params_via_test_command.py                                           1           0  0.12s           2026-04-25T09:16:53
/usr/local/python/3.12.1/lib/python3.12/site-packages/airflow/example_dags/example_short_circuit_operator.py                                                    1           0  0.11s           2026-04-25T09:17:17
/usr/local/python/3.12.1/lib/python3.12/site-packages/airflow/example_dags/subdags/subdag.py                                                                    0           0  0.11s           2026-04-25T09:17:08
/usr/local/python/3.12.1/lib/python3.12/site-packages/airflow/example_dags/example_branch_python_dop_operator_3.py                                              1           0  0.11s           2026-04-25T09:17:23
/usr/local/python/3.12.1/lib/python3.12/site-packages/airflow/example_dags/example_display_name.py                                                              1           0  0.11s           2026-04-25T09:17:05
/usr/local/python/3.12.1/lib/python3.12/site-packages/airflow/example_dags/example_local_kubernetes_executor.py                                                 0           0  0.11s           2026-04-25T09:16:57
/usr/local/python/3.12.1/lib/python3.12/site-packages/airflow/example_dags/example_params_trigger_ui.py                                                         1           0  0.11s           2026-04-25T09:16:58
/usr/local/python/3.12.1/lib/python3.12/site-packages/airflow/example_dags/example_kubernetes_executor.py                                                       0           0  0.11s           2026-04-25T09:17:01
/usr/local/python/3.12.1/lib/python3.12/site-packages/airflow/example_dags/example_nested_branch_dag.py                                                         1           0  0.11s           2026-04-25T09:16:59
/usr/local/python/3.12.1/lib/python3.12/site-packages/airflow/example_dags/example_branch_operator_decorator.py                                                 1           0  0.10s           2026-04-25T09:17:22
/usr/local/python/3.12.1/lib/python3.12/site-packages/airflow/example_dags/example_skip_dag.py                                                                  1           0  0.10s           2026-04-25T09:17:19
/usr/local/python/3.12.1/lib/python3.12/site-packages/airflow/example_dags/example_complex.py                                                                   1           0  0.10s           2026-04-25T09:17:23
/usr/local/python/3.12.1/lib/python3.12/site-packages/airflow/example_dags/plugins/decreasing_priority_weight_strategy.py                                       0           0  0.10s           2026-04-25T09:17:13
/usr/local/python/3.12.1/lib/python3.12/site-packages/airflow/example_dags/plugins/workday.py                                                                   0           0  0.10s           2026-04-25T09:17:10
/usr/local/python/3.12.1/lib/python3.12/site-packages/airflow/example_dags/plugins/listener_plugin.py                                                           0           0  0.10s           2026-04-25T09:17:09
/usr/local/python/3.12.1/lib/python3.12/site-packages/airflow/example_dags/example_external_task_marker_dag.py                                                  2           0  0.10s           2026-04-25T09:17:03
/usr/local/python/3.12.1/lib/python3.12/site-packages/airflow/example_dags/example_latest_only.py                                                               1           0  0.10s           2026-04-25T09:17:02
/usr/local/python/3.12.1/lib/python3.12/site-packages/airflow/example_dags/tutorial_taskflow_api_virtualenv.py                                                  1           0  0.10s           2026-04-25T09:17:15
/usr/local/python/3.12.1/lib/python3.12/site-packages/airflow/example_dags/example_dynamic_task_mapping.py                                                      1           0  0.10s           2026-04-25T09:17:06
/usr/local/python/3.12.1/lib/python3.12/site-packages/airflow/example_dags/plugins/event_listener.py                                                            0           0  0.10s           2026-04-25T09:17:11
/usr/local/python/3.12.1/lib/python3.12/site-packages/airflow/example_dags/tutorial_taskflow_api.py                                                             1           0  0.10s           2026-04-25T09:17:13
/usr/local/python/3.12.1/lib/python3.12/site-packages/airflow/example_dags/example_datasets.py                                                                 10           0  0.10s           2026-04-25T09:17:04
/usr/local/python/3.12.1/lib/python3.12/site-packages/airflow/example_dags/tutorial_objectstorage.py                                                            0           1  0.10s           2026-04-25T09:17:14
/usr/local/python/3.12.1/lib/python3.12/site-packages/airflow/example_dags/example_dynamic_task_mapping_with_no_taskflow_operators.py                           1           0  0.10s           2026-04-25T09:17:00
/usr/local/python/3.12.1/lib/python3.12/site-packages/airflow/example_dags/example_task_group.py                                                                1           0  0.10s           2026-04-25T09:17:16
/usr/local/python/3.12.1/lib/python3.12/site-packages/airflow/example_dags/example_sla_dag.py                                                                   1           0  0.10s           2026-04-25T09:17:18
/usr/local/python/3.12.1/lib/python3.12/site-packages/airflow/example_dags/example_dag_decorator.py                                                             1           0  0.10s           2026-04-25T09:17:07
/usr/local/python/3.12.1/lib/python3.12/site-packages/airflow/example_dags/example_branch_operator.py                                                           1           0  0.10s           2026-04-25T09:17:25
/usr/local/python/3.12.1/lib/python3.12/site-packages/airflow/example_dags/example_subdag_operator.py                                                           3           0  0.10s           2026-04-25T09:17:18
/usr/local/python/3.12.1/lib/python3.12/site-packages/airflow/example_dags/example_branch_datetime_operator.py                                                  3           0  0.10s           2026-04-25T09:17:26
================================================================================
[2026-04-25T09:18:15.328+0000] {manager.py:878} INFO - 
================================================================================
DAG File Processing Stats

File Path                                                                                                                              PID    Runtime      # DAGs    # Errors  Last Runtime    Last Run
-------------------------------------------------------------------------------------------------------------------------------------  -----  ---------  --------  ----------  --------------  -------------------
/usr/local/python/3.12.1/lib/python3.12/site-packages/airflow/example_dags/example_bash_operator.py                                                             1           0  0.64s           2026-04-25T09:17:29
/usr/local/python/3.12.1/lib/python3.12/site-packages/airflow/example_dags/example_short_circuit_decorator.py                                                   1           0  0.52s           2026-04-25T09:17:40
/usr/local/python/3.12.1/lib/python3.12/site-packages/airflow/example_dags/example_skip_dag.py                                                                  1           0  0.31s           2026-04-25T09:18:06
/usr/local/python/3.12.1/lib/python3.12/site-packages/airflow/example_dags/example_datasets.py                                                                 10           0  0.30s           2026-04-25T09:18:11
/usr/local/python/3.12.1/lib/python3.12/site-packages/airflow/example_dags/example_trigger_target_dag.py                                                        1           0  0.23s           2026-04-25T09:17:34
/usr/local/python/3.12.1/lib/python3.12/site-packages/airflow/example_dags/example_sla_dag.py                                                                   1           0  0.21s           2026-04-25T09:18:03
/usr/local/python/3.12.1/lib/python3.12/site-packages/airflow/example_dags/example_task_group_decorator.py                                                      1           0  0.21s           2026-04-25T09:17:39
/usr/local/python/3.12.1/lib/python3.12/site-packages/airflow/example_dags/example_branch_operator_decorator.py                                                 1           0  0.21s           2026-04-25T09:18:15
/usr/local/python/3.12.1/lib/python3.12/site-packages/airflow/example_dags/example_xcom.py                                                                      1           0  0.21s           2026-04-25T09:17:34
/usr/local/python/3.12.1/lib/python3.12/site-packages/airflow/example_dags/example_params_ui_tutorial.py                                                        1           0  0.21s           2026-04-25T09:17:46
/usr/local/python/3.12.1/lib/python3.12/site-packages/airflow/example_dags/example_latest_only.py                                                               1           0  0.21s           2026-04-25T09:18:08
/usr/local/python/3.12.1/lib/python3.12/site-packages/airflow/example_dags/tutorial_taskflow_api.py                                                             1           0  0.21s           2026-04-25T09:17:59
/usr/local/python/3.12.1/lib/python3.12/site-packages/airflow/example_dags/example_bash_decorator.py                                                            1           0  0.20s           2026-04-25T09:17:30
/usr/local/python/3.12.1/lib/python3.12/site-packages/airflow/example_dags/example_dynamic_task_mapping_with_no_taskflow_operators.py                           1           0  0.20s           2026-04-25T09:17:52
/usr/local/python/3.12.1/lib/python3.12/site-packages/airflow/example_dags/example_sensors.py                                                                   1           0  0.20s           2026-04-25T09:17:42
/usr/local/python/3.12.1/lib/python3.12/site-packages/airflow/example_dags/example_python_decorator.py                                                          1           0  0.20s           2026-04-25T09:17:43
/usr/local/python/3.12.1/lib/python3.12/site-packages/airflow/example_dags/tutorial_dag.py                                                                      1           0  0.20s           2026-04-25T09:17:35
/usr/local/python/3.12.1/lib/python3.12/site-packages/airflow/example_dags/example_python_operator.py                                                           1           0  0.20s           2026-04-25T09:17:45
/usr/local/python/3.12.1/lib/python3.12/site-packages/airflow/example_dags/example_setup_teardown_taskflow.py                                                   1           0  0.20s           2026-04-25T09:18:07
/usr/local/python/3.12.1/lib/python3.12/site-packages/airflow/example_dags/example_passing_params_via_test_command.py                                           1           0  0.20s           2026-04-25T09:17:45
/usr/local/python/3.12.1/lib/python3.12/site-packages/airflow/example_dags/example_dag_decorator.py                                                             1           0  0.20s           2026-04-25T09:18:14
/usr/local/python/3.12.1/lib/python3.12/site-packages/airflow/example_dags/example_task_group.py                                                                1           0  0.20s           2026-04-25T09:18:01
/usr/local/python/3.12.1/lib/python3.12/site-packages/airflow/example_dags/example_sensor_decorator.py                                                          1           0  0.20s           2026-04-25T09:17:43
/usr/local/python/3.12.1/lib/python3.12/site-packages/airflow/example_dags/example_external_task_marker_dag.py                                                  2           0  0.20s           2026-04-25T09:18:09
/usr/local/python/3.12.1/lib/python3.12/site-packages/airflow/example_dags/example_xcomargs.py                                                                  2           0  0.20s           2026-04-25T09:17:31
/usr/local/python/3.12.1/lib/python3.12/site-packages/airflow/example_dags/example_display_name.py                                                              1           0  0.20s           2026-04-25T09:18:11
/usr/local/python/3.12.1/lib/python3.12/site-packages/airflow/example_dags/example_branch_labels.py                                                             1           0  0.20s           2026-04-25T09:17:27
/usr/local/python/3.12.1/lib/python3.12/site-packages/airflow/example_dags/example_subdag_operator.py                                                           3           0  0.20s           2026-04-25T09:18:05
/usr/local/python/3.12.1/lib/python3.12/site-packages/airflow/example_dags/example_params_trigger_ui.py                                                         1           0  0.20s           2026-04-25T09:17:50
/usr/local/python/3.12.1/lib/python3.12/site-packages/airflow/example_dags/example_short_circuit_operator.py                                                    1           0  0.20s           2026-04-25T09:18:02
/usr/local/python/3.12.1/lib/python3.12/site-packages/airflow/example_dags/example_setup_teardown.py                                                            1           0  0.20s           2026-04-25T09:17:41
/usr/local/python/3.12.1/lib/python3.12/site-packages/airflow/example_dags/example_nested_branch_dag.py                                                         1           0  0.20s           2026-04-25T09:17:50
/usr/local/python/3.12.1/lib/python3.12/site-packages/airflow/example_dags/example_branch_day_of_week_operator.py                                               1           0  0.20s           2026-04-25T09:17:26
/usr/local/python/3.12.1/lib/python3.12/site-packages/airflow/example_dags/example_trigger_controller_dag.py                                                    1           0  0.20s           2026-04-25T09:17:36
/usr/local/python/3.12.1/lib/python3.12/site-packages/airflow/example_dags/tutorial.py                                                                          1           0  0.20s           2026-04-25T09:17:32
/usr/local/python/3.12.1/lib/python3.12/site-packages/airflow/example_dags/tutorial_taskflow_api_virtualenv.py                                                  1           0  0.20s           2026-04-25T09:18:00
/usr/local/python/3.12.1/lib/python3.12/site-packages/airflow/example_dags/example_time_delta_sensor_async.py                                                   1           0  0.20s           2026-04-25T09:17:38
/usr/local/python/3.12.1/lib/python3.12/site-packages/airflow/example_dags/example_dynamic_task_mapping.py                                                      1           0  0.20s           2026-04-25T09:18:12
/usr/local/python/3.12.1/lib/python3.12/site-packages/airflow/example_dags/example_local_kubernetes_executor.py                                                 0           0  0.11s           2026-04-25T09:17:49
/usr/local/python/3.12.1/lib/python3.12/site-packages/airflow/example_dags/example_branch_python_dop_operator_3.py                                              1           0  0.11s           2026-04-25T09:17:23
/usr/local/python/3.12.1/lib/python3.12/site-packages/airflow/example_dags/plugins/workday.py                                                                   0           0  0.11s           2026-04-25T09:17:56
/usr/local/python/3.12.1/lib/python3.12/site-packages/airflow/example_dags/plugins/event_listener.py                                                            0           0  0.11s           2026-04-25T09:17:57
/usr/local/python/3.12.1/lib/python3.12/site-packages/airflow/example_dags/example_latest_only_with_trigger.py                                                  1           0  0.10s           2026-04-25T09:17:48
/usr/local/python/3.12.1/lib/python3.12/site-packages/airflow/example_dags/example_complex.py                                                                   1           0  0.10s           2026-04-25T09:17:23
/usr/local/python/3.12.1/lib/python3.12/site-packages/airflow/example_dags/plugins/listener_plugin.py                                                           0           0  0.10s           2026-04-25T09:17:55
/usr/local/python/3.12.1/lib/python3.12/site-packages/airflow/example_dags/plugins/decreasing_priority_weight_strategy.py                                       0           0  0.10s           2026-04-25T09:17:58
/usr/local/python/3.12.1/lib/python3.12/site-packages/airflow/example_dags/tutorial_objectstorage.py                                                            0           1  0.10s           2026-04-25T09:18:00
/usr/local/python/3.12.1/lib/python3.12/site-packages/airflow/example_dags/example_kubernetes_executor.py                                                       0           0  0.10s           2026-04-25T09:17:53
/usr/local/python/3.12.1/lib/python3.12/site-packages/airflow/example_dags/subdags/subdag.py                                                                    0           0  0.10s           2026-04-25T09:17:54
/usr/local/python/3.12.1/lib/python3.12/site-packages/airflow/example_dags/example_branch_operator.py                                                           1           0  0.10s           2026-04-25T09:17:25
/usr/local/python/3.12.1/lib/python3.12/site-packages/airflow/example_dags/example_branch_datetime_operator.py                                                  3           0  0.10s           2026-04-25T09:17:26
================================================================================
[2026-04-25T09:18:44.020+0000] {manager.py:737} INFO - Searching for files in /workspaces/new-balance-price/airflow_home/dags
[2026-04-25T09:18:44.034+0000] {manager.py:740} INFO - There are 51 files in /workspaces/new-balance-price/airflow_home/dags
[2026-04-25T09:18:46.419+0000] {manager.py:878} INFO - 
================================================================================
DAG File Processing Stats

File Path                                                                                                                              PID    Runtime      # DAGs    # Errors  Last Runtime    Last Run
-------------------------------------------------------------------------------------------------------------------------------------  -----  ---------  --------  ----------  --------------  -------------------
/usr/local/python/3.12.1/lib/python3.12/site-packages/airflow/example_dags/example_skip_dag.py                                                                  1           0  0.31s           2026-04-25T09:18:06
/usr/local/python/3.12.1/lib/python3.12/site-packages/airflow/example_dags/example_xcom.py                                                                      1           0  0.31s           2026-04-25T09:18:21
/usr/local/python/3.12.1/lib/python3.12/site-packages/airflow/example_dags/example_datasets.py                                                                 10           0  0.30s           2026-04-25T09:18:11
/usr/local/python/3.12.1/lib/python3.12/site-packages/airflow/example_dags/example_sla_dag.py                                                                   1           0  0.21s           2026-04-25T09:18:03
/usr/local/python/3.12.1/lib/python3.12/site-packages/airflow/example_dags/example_branch_operator_decorator.py                                                 1           0  0.21s           2026-04-25T09:18:15
/usr/local/python/3.12.1/lib/python3.12/site-packages/airflow/example_dags/example_branch_operator.py                                                           1           0  0.21s           2026-04-25T09:18:33
/usr/local/python/3.12.1/lib/python3.12/site-packages/airflow/example_dags/example_complex.py                                                                   1           0  0.21s           2026-04-25T09:18:16
/usr/local/python/3.12.1/lib/python3.12/site-packages/airflow/example_dags/example_latest_only.py                                                               1           0  0.21s           2026-04-25T09:18:08
/usr/local/python/3.12.1/lib/python3.12/site-packages/airflow/example_dags/example_dynamic_task_mapping_with_no_taskflow_operators.py                           1           0  0.20s           2026-04-25T09:17:52
/usr/local/python/3.12.1/lib/python3.12/site-packages/airflow/example_dags/example_setup_teardown_taskflow.py                                                   1           0  0.20s           2026-04-25T09:18:07
/usr/local/python/3.12.1/lib/python3.12/site-packages/airflow/example_dags/example_dag_decorator.py                                                             1           0  0.20s           2026-04-25T09:18:14
/usr/local/python/3.12.1/lib/python3.12/site-packages/airflow/example_dags/example_branch_python_dop_operator_3.py                                              1           0  0.20s           2026-04-25T09:18:16
/usr/local/python/3.12.1/lib/python3.12/site-packages/airflow/example_dags/example_external_task_marker_dag.py                                                  2           0  0.20s           2026-04-25T09:18:09
/usr/local/python/3.12.1/lib/python3.12/site-packages/airflow/example_dags/example_display_name.py                                                              1           0  0.20s           2026-04-25T09:18:11
/usr/local/python/3.12.1/lib/python3.12/site-packages/airflow/example_dags/example_subdag_operator.py                                                           3           0  0.20s           2026-04-25T09:18:05
/usr/local/python/3.12.1/lib/python3.12/site-packages/airflow/example_dags/example_params_trigger_ui.py                                                         1           0  0.20s           2026-04-25T09:17:50
/usr/local/python/3.12.1/lib/python3.12/site-packages/airflow/example_dags/example_short_circuit_operator.py                                                    1           0  0.20s           2026-04-25T09:18:02
/usr/local/python/3.12.1/lib/python3.12/site-packages/airflow/example_dags/example_nested_branch_dag.py                                                         1           0  0.20s           2026-04-25T09:17:50
/usr/local/python/3.12.1/lib/python3.12/site-packages/airflow/example_dags/example_dynamic_task_mapping.py                                                      1           0  0.20s           2026-04-25T09:18:12
/usr/local/python/3.12.1/lib/python3.12/site-packages/airflow/example_dags/example_branch_datetime_operator.py                                                  3           0  0.20s           2026-04-25T09:18:34
/usr/local/python/3.12.1/lib/python3.12/site-packages/airflow/example_dags/example_passing_params_via_test_command.py                                           1           0  0.11s           2026-04-25T09:18:31
/usr/local/python/3.12.1/lib/python3.12/site-packages/airflow/example_dags/example_short_circuit_decorator.py                                                   1           0  0.11s           2026-04-25T09:18:26
/usr/local/python/3.12.1/lib/python3.12/site-packages/airflow/example_dags/example_local_kubernetes_executor.py                                                 0           0  0.11s           2026-04-25T09:17:49
/usr/local/python/3.12.1/lib/python3.12/site-packages/airflow/example_dags/example_params_ui_tutorial.py                                                        1           0  0.11s           2026-04-25T09:18:32
/usr/local/python/3.12.1/lib/python3.12/site-packages/airflow/example_dags/example_setup_teardown.py                                                            1           0  0.11s           2026-04-25T09:18:27
/usr/local/python/3.12.1/lib/python3.12/site-packages/airflow/example_dags/tutorial.py                                                                          1           0  0.10s           2026-04-25T09:18:18
/usr/local/python/3.12.1/lib/python3.12/site-packages/airflow/example_dags/example_bash_operator.py                                                             1           0  0.10s           2026-04-25T09:18:37
/usr/local/python/3.12.1/lib/python3.12/site-packages/airflow/example_dags/example_latest_only_with_trigger.py                                                  1           0  0.10s           2026-04-25T09:17:48
/usr/local/python/3.12.1/lib/python3.12/site-packages/airflow/example_dags/example_sensors.py                                                                   1           0  0.10s           2026-04-25T09:18:27
/usr/local/python/3.12.1/lib/python3.12/site-packages/airflow/example_dags/example_time_delta_sensor_async.py                                                   1           0  0.10s           2026-04-25T09:18:24
/usr/local/python/3.12.1/lib/python3.12/site-packages/airflow/example_dags/example_trigger_controller_dag.py                                                    1           0  0.10s           2026-04-25T09:18:23
/usr/local/python/3.12.1/lib/python3.12/site-packages/airflow/example_dags/tutorial_taskflow_api.py                                                             1           0  0.10s           2026-04-25T09:18:43
/usr/local/python/3.12.1/lib/python3.12/site-packages/airflow/example_dags/example_branch_day_of_week_operator.py                                               1           0  0.10s           2026-04-25T09:18:35
/usr/local/python/3.12.1/lib/python3.12/site-packages/airflow/example_dags/tutorial_objectstorage.py                                                            0           1  0.10s           2026-04-25T09:18:44
/usr/local/python/3.12.1/lib/python3.12/site-packages/airflow/example_dags/plugins/listener_plugin.py                                                           0           0  0.10s           2026-04-25T09:18:39
/usr/local/python/3.12.1/lib/python3.12/site-packages/airflow/example_dags/example_bash_decorator.py                                                            1           0  0.10s           2026-04-25T09:18:37
/usr/local/python/3.12.1/lib/python3.12/site-packages/airflow/example_dags/subdags/subdag.py                                                                    0           0  0.10s           2026-04-25T09:18:38
/usr/local/python/3.12.1/lib/python3.12/site-packages/airflow/example_dags/example_task_group_decorator.py                                                      1           0  0.10s           2026-04-25T09:18:25
/usr/local/python/3.12.1/lib/python3.12/site-packages/airflow/example_dags/example_xcomargs.py                                                                  2           0  0.10s           2026-04-25T09:18:17
/usr/local/python/3.12.1/lib/python3.12/site-packages/airflow/example_dags/plugins/event_listener.py                                                            0           0  0.10s           2026-04-25T09:18:42
/usr/local/python/3.12.1/lib/python3.12/site-packages/airflow/example_dags/plugins/workday.py                                                                   0           0  0.10s           2026-04-25T09:18:41
/usr/local/python/3.12.1/lib/python3.12/site-packages/airflow/example_dags/example_kubernetes_executor.py                                                       0           0  0.10s           2026-04-25T09:17:53
/usr/local/python/3.12.1/lib/python3.12/site-packages/airflow/example_dags/example_trigger_target_dag.py                                                        1           0  0.10s           2026-04-25T09:18:19
/usr/local/python/3.12.1/lib/python3.12/site-packages/airflow/example_dags/example_sensor_decorator.py                                                          1           0  0.10s           2026-04-25T09:18:28
/usr/local/python/3.12.1/lib/python3.12/site-packages/airflow/example_dags/tutorial_dag.py                                                                      1           0  0.10s           2026-04-25T09:18:21
/usr/local/python/3.12.1/lib/python3.12/site-packages/airflow/example_dags/plugins/decreasing_priority_weight_strategy.py                                       0           0  0.10s           2026-04-25T09:18:42
/usr/local/python/3.12.1/lib/python3.12/site-packages/airflow/example_dags/tutorial_taskflow_api_virtualenv.py                                                  1           0  0.10s           2026-04-25T09:18:45
/usr/local/python/3.12.1/lib/python3.12/site-packages/airflow/example_dags/example_python_decorator.py                                                          1           0  0.10s           2026-04-25T09:18:29
/usr/local/python/3.12.1/lib/python3.12/site-packages/airflow/example_dags/example_branch_labels.py                                                             1           0  0.10s           2026-04-25T09:18:37
/usr/local/python/3.12.1/lib/python3.12/site-packages/airflow/example_dags/example_python_operator.py                                                           1           0  0.10s           2026-04-25T09:18:30
/usr/local/python/3.12.1/lib/python3.12/site-packages/airflow/example_dags/example_task_group.py                                                                1           0  0.10s           2026-04-25T09:18:46
================================================================================
[2026-04-25T09:19:16.690+0000] {manager.py:878} INFO - 
================================================================================
DAG File Processing Stats

File Path                                                                                                                              PID    Runtime      # DAGs    # Errors  Last Runtime    Last Run
-------------------------------------------------------------------------------------------------------------------------------------  -----  ---------  --------  ----------  --------------  -------------------
/usr/local/python/3.12.1/lib/python3.12/site-packages/airflow/example_dags/example_branch_operator.py                                                           1           0  0.21s           2026-04-25T09:18:33
/usr/local/python/3.12.1/lib/python3.12/site-packages/airflow/example_dags/example_skip_dag.py                                                                  1           0  0.20s           2026-04-25T09:18:50
/usr/local/python/3.12.1/lib/python3.12/site-packages/airflow/example_dags/example_dag_decorator.py                                                             1           0  0.20s           2026-04-25T09:19:11
/usr/local/python/3.12.1/lib/python3.12/site-packages/airflow/example_dags/example_setup_teardown.py                                                            1           0  0.20s           2026-04-25T09:19:06
/usr/local/python/3.12.1/lib/python3.12/site-packages/airflow/example_dags/example_branch_datetime_operator.py                                                  3           0  0.20s           2026-04-25T09:18:34
/usr/local/python/3.12.1/lib/python3.12/site-packages/airflow/example_dags/example_passing_params_via_test_command.py                                           1           0  0.11s           2026-04-25T09:18:31
/usr/local/python/3.12.1/lib/python3.12/site-packages/airflow/example_dags/example_datasets.py                                                                 10           0  0.11s           2026-04-25T09:19:08
/usr/local/python/3.12.1/lib/python3.12/site-packages/airflow/example_dags/example_params_ui_tutorial.py                                                        1           0  0.11s           2026-04-25T09:18:32
/usr/local/python/3.12.1/lib/python3.12/site-packages/airflow/example_dags/example_kubernetes_executor.py                                                       0           0  0.11s           2026-04-25T09:18:57
/usr/local/python/3.12.1/lib/python3.12/site-packages/airflow/example_dags/example_dynamic_task_mapping_with_no_taskflow_operators.py                           1           0  0.10s           2026-04-25T09:18:56
/usr/local/python/3.12.1/lib/python3.12/site-packages/airflow/example_dags/example_bash_operator.py                                                             1           0  0.10s           2026-04-25T09:18:37
/usr/local/python/3.12.1/lib/python3.12/site-packages/airflow/example_dags/example_trigger_target_dag.py                                                        1           0  0.10s           2026-04-25T09:19:00
/usr/local/python/3.12.1/lib/python3.12/site-packages/airflow/example_dags/example_xcomargs.py                                                                  2           0  0.10s           2026-04-25T09:18:57
/usr/local/python/3.12.1/lib/python3.12/site-packages/airflow/example_dags/example_external_task_marker_dag.py                                                  2           0  0.10s           2026-04-25T09:19:07
/usr/local/python/3.12.1/lib/python3.12/site-packages/airflow/example_dags/subdags/subdag.py                                                                    0           0  0.10s           2026-04-25T09:19:15
/usr/local/python/3.12.1/lib/python3.12/site-packages/airflow/example_dags/example_short_circuit_decorator.py                                                   1           0  0.10s           2026-04-25T09:19:05
/usr/local/python/3.12.1/lib/python3.12/site-packages/airflow/example_dags/example_sla_dag.py                                                                   1           0  0.10s           2026-04-25T09:18:47
/usr/local/python/3.12.1/lib/python3.12/site-packages/airflow/example_dags/example_trigger_controller_dag.py                                                    1           0  0.10s           2026-04-25T09:19:02
/usr/local/python/3.12.1/lib/python3.12/site-packages/airflow/example_dags/example_branch_operator_decorator.py                                                 1           0  0.10s           2026-04-25T09:19:12
/usr/local/python/3.12.1/lib/python3.12/site-packages/airflow/example_dags/tutorial_taskflow_api.py                                                             1           0  0.10s           2026-04-25T09:18:43
/usr/local/python/3.12.1/lib/python3.12/site-packages/airflow/example_dags/example_branch_day_of_week_operator.py                                               1           0  0.10s           2026-04-25T09:18:35
/usr/local/python/3.12.1/lib/python3.12/site-packages/airflow/example_dags/tutorial.py                                                                          1           0  0.10s           2026-04-25T09:18:59
/usr/local/python/3.12.1/lib/python3.12/site-packages/airflow/example_dags/tutorial_objectstorage.py                                                            0           1  0.10s           2026-04-25T09:18:44
/usr/local/python/3.12.1/lib/python3.12/site-packages/airflow/example_dags/example_params_trigger_ui.py                                                         1           0  0.10s           2026-04-25T09:18:53
/usr/local/python/3.12.1/lib/python3.12/site-packages/airflow/example_dags/example_bash_decorator.py                                                            1           0  0.10s           2026-04-25T09:18:37
/usr/local/python/3.12.1/lib/python3.12/site-packages/airflow/example_dags/example_sensors.py                                                                   1           0  0.10s           2026-04-25T09:19:07
/usr/local/python/3.12.1/lib/python3.12/site-packages/airflow/example_dags/plugins/listener_plugin.py                                                           0           0  0.10s           2026-04-25T09:19:16
/usr/local/python/3.12.1/lib/python3.12/site-packages/airflow/example_dags/tutorial_dag.py                                                                      1           0  0.10s           2026-04-25T09:19:01
/usr/local/python/3.12.1/lib/python3.12/site-packages/airflow/example_dags/example_complex.py                                                                   1           0  0.10s           2026-04-25T09:19:14
/usr/local/python/3.12.1/lib/python3.12/site-packages/airflow/example_dags/example_display_name.py                                                              1           0  0.10s           2026-04-25T09:19:09
/usr/local/python/3.12.1/lib/python3.12/site-packages/airflow/example_dags/plugins/event_listener.py                                                            0           0  0.10s           2026-04-25T09:18:42
/usr/local/python/3.12.1/lib/python3.12/site-packages/airflow/example_dags/plugins/workday.py                                                                   0           0  0.10s           2026-04-25T09:18:41
/usr/local/python/3.12.1/lib/python3.12/site-packages/airflow/example_dags/example_task_group_decorator.py                                                      1           0  0.10s           2026-04-25T09:19:04
/usr/local/python/3.12.1/lib/python3.12/site-packages/airflow/example_dags/example_sensor_decorator.py                                                          1           0  0.10s           2026-04-25T09:18:28
/usr/local/python/3.12.1/lib/python3.12/site-packages/airflow/example_dags/example_latest_only_with_trigger.py                                                  1           0  0.10s           2026-04-25T09:18:52
/usr/local/python/3.12.1/lib/python3.12/site-packages/airflow/example_dags/example_time_delta_sensor_async.py                                                   1           0  0.10s           2026-04-25T09:19:03
/usr/local/python/3.12.1/lib/python3.12/site-packages/airflow/example_dags/example_dynamic_task_mapping.py                                                      1           0  0.10s           2026-04-25T09:19:10
/usr/local/python/3.12.1/lib/python3.12/site-packages/airflow/example_dags/plugins/decreasing_priority_weight_strategy.py                                       0           0  0.10s           2026-04-25T09:18:42
/usr/local/python/3.12.1/lib/python3.12/site-packages/airflow/example_dags/tutorial_taskflow_api_virtualenv.py                                                  1           0  0.10s           2026-04-25T09:18:45
/usr/local/python/3.12.1/lib/python3.12/site-packages/airflow/example_dags/example_python_decorator.py                                                          1           0  0.10s           2026-04-25T09:18:29
/usr/local/python/3.12.1/lib/python3.12/site-packages/airflow/example_dags/example_xcom.py                                                                      1           0  0.10s           2026-04-25T09:19:01
/usr/local/python/3.12.1/lib/python3.12/site-packages/airflow/example_dags/example_short_circuit_operator.py                                                    1           0  0.10s           2026-04-25T09:18:47
/usr/local/python/3.12.1/lib/python3.12/site-packages/airflow/example_dags/example_nested_branch_dag.py                                                         1           0  0.10s           2026-04-25T09:18:55
/usr/local/python/3.12.1/lib/python3.12/site-packages/airflow/example_dags/example_local_kubernetes_executor.py                                                 0           0  0.10s           2026-04-25T09:18:52
/usr/local/python/3.12.1/lib/python3.12/site-packages/airflow/example_dags/example_branch_python_dop_operator_3.py                                              1           0  0.10s           2026-04-25T09:19:13
/usr/local/python/3.12.1/lib/python3.12/site-packages/airflow/example_dags/example_setup_teardown_taskflow.py                                                   1           0  0.10s           2026-04-25T09:18:51
/usr/local/python/3.12.1/lib/python3.12/site-packages/airflow/example_dags/example_branch_labels.py                                                             1           0  0.10s           2026-04-25T09:18:37
/usr/local/python/3.12.1/lib/python3.12/site-packages/airflow/example_dags/example_python_operator.py                                                           1           0  0.10s           2026-04-25T09:18:30
/usr/local/python/3.12.1/lib/python3.12/site-packages/airflow/example_dags/example_subdag_operator.py                                                           3           0  0.10s           2026-04-25T09:18:48
/usr/local/python/3.12.1/lib/python3.12/site-packages/airflow/example_dags/example_latest_only.py                                                               1           0  0.10s           2026-04-25T09:18:57
/usr/local/python/3.12.1/lib/python3.12/site-packages/airflow/example_dags/example_task_group.py                                                                1           0  0.10s           2026-04-25T09:18:46
================================================================================
[2026-04-25T09:19:46.963+0000] {manager.py:878} INFO - 
================================================================================
DAG File Processing Stats

File Path                                                                                                                              PID    Runtime      # DAGs    # Errors  Last Runtime    Last Run
-------------------------------------------------------------------------------------------------------------------------------------  -----  ---------  --------  ----------  --------------  -------------------
/usr/local/python/3.12.1/lib/python3.12/site-packages/airflow/example_dags/example_dag_decorator.py                                                             1           0  0.20s           2026-04-25T09:19:11
/usr/local/python/3.12.1/lib/python3.12/site-packages/airflow/example_dags/example_setup_teardown.py                                                            1           0  0.20s           2026-04-25T09:19:06
/usr/local/python/3.12.1/lib/python3.12/site-packages/airflow/example_dags/example_datasets.py                                                                 10           0  0.11s           2026-04-25T09:19:08
/usr/local/python/3.12.1/lib/python3.12/site-packages/airflow/example_dags/tutorial.py                                                                          1           0  0.11s           2026-04-25T09:19:35
/usr/local/python/3.12.1/lib/python3.12/site-packages/airflow/example_dags/example_xcomargs.py                                                                  2           0  0.11s           2026-04-25T09:19:33
/usr/local/python/3.12.1/lib/python3.12/site-packages/airflow/example_dags/example_kubernetes_executor.py                                                       0           0  0.11s           2026-04-25T09:18:57
/usr/local/python/3.12.1/lib/python3.12/site-packages/airflow/example_dags/example_trigger_controller_dag.py                                                    1           0  0.11s           2026-04-25T09:19:39
/usr/local/python/3.12.1/lib/python3.12/site-packages/airflow/example_dags/example_branch_datetime_operator.py                                                  3           0  0.11s           2026-04-25T09:19:28
/usr/local/python/3.12.1/lib/python3.12/site-packages/airflow/example_dags/example_sensor_decorator.py                                                          1           0  0.11s           2026-04-25T09:19:23
/usr/local/python/3.12.1/lib/python3.12/site-packages/airflow/example_dags/example_short_circuit_operator.py                                                    1           0  0.11s           2026-04-25T09:19:42
/usr/local/python/3.12.1/lib/python3.12/site-packages/airflow/example_dags/example_sla_dag.py                                                                   1           0  0.11s           2026-04-25T09:19:43
/usr/local/python/3.12.1/lib/python3.12/site-packages/airflow/example_dags/example_dynamic_task_mapping_with_no_taskflow_operators.py                           1           0  0.10s           2026-04-25T09:18:56
/usr/local/python/3.12.1/lib/python3.12/site-packages/airflow/example_dags/example_passing_params_via_test_command.py                                           1           0  0.10s           2026-04-25T09:19:25
/usr/local/python/3.12.1/lib/python3.12/site-packages/airflow/example_dags/example_trigger_target_dag.py                                                        1           0  0.10s           2026-04-25T09:19:36
/usr/local/python/3.12.1/lib/python3.12/site-packages/airflow/example_dags/example_branch_day_of_week_operator.py                                               1           0  0.10s           2026-04-25T09:19:29
/usr/local/python/3.12.1/lib/python3.12/site-packages/airflow/example_dags/example_external_task_marker_dag.py                                                  2           0  0.10s           2026-04-25T09:19:07
/usr/local/python/3.12.1/lib/python3.12/site-packages/airflow/example_dags/subdags/subdag.py                                                                    0           0  0.10s           2026-04-25T09:19:15
/usr/local/python/3.12.1/lib/python3.12/site-packages/airflow/example_dags/example_task_group.py                                                                1           0  0.10s           2026-04-25T09:19:41
/usr/local/python/3.12.1/lib/python3.12/site-packages/airflow/example_dags/example_short_circuit_decorator.py                                                   1           0  0.10s           2026-04-25T09:19:05
/usr/local/python/3.12.1/lib/python3.12/site-packages/airflow/example_dags/tutorial_taskflow_api.py                                                             1           0  0.10s           2026-04-25T09:19:19
/usr/local/python/3.12.1/lib/python3.12/site-packages/airflow/example_dags/example_python_decorator.py                                                          1           0  0.10s           2026-04-25T09:19:23
/usr/local/python/3.12.1/lib/python3.12/site-packages/airflow/example_dags/example_skip_dag.py                                                                  1           0  0.10s           2026-04-25T09:19:44
/usr/local/python/3.12.1/lib/python3.12/site-packages/airflow/example_dags/example_branch_operator_decorator.py                                                 1           0  0.10s           2026-04-25T09:19:12
/usr/local/python/3.12.1/lib/python3.12/site-packages/airflow/example_dags/example_local_kubernetes_executor.py                                                 0           0  0.10s           2026-04-25T09:19:46
/usr/local/python/3.12.1/lib/python3.12/site-packages/airflow/example_dags/example_branch_labels.py                                                             1           0  0.10s           2026-04-25T09:19:31
/usr/local/python/3.12.1/lib/python3.12/site-packages/airflow/example_dags/plugins/event_listener.py                                                            0           0  0.10s           2026-04-25T09:19:18
/usr/local/python/3.12.1/lib/python3.12/site-packages/airflow/example_dags/example_params_trigger_ui.py                                                         1           0  0.10s           2026-04-25T09:18:53
/usr/local/python/3.12.1/lib/python3.12/site-packages/airflow/example_dags/example_bash_decorator.py                                                            1           0  0.10s           2026-04-25T09:19:32
/usr/local/python/3.12.1/lib/python3.12/site-packages/airflow/example_dags/example_sensors.py                                                                   1           0  0.10s           2026-04-25T09:19:07
/usr/local/python/3.12.1/lib/python3.12/site-packages/airflow/example_dags/plugins/listener_plugin.py                                                           0           0  0.10s           2026-04-25T09:19:16
/usr/local/python/3.12.1/lib/python3.12/site-packages/airflow/example_dags/example_time_delta_sensor_async.py                                                   1           0  0.10s           2026-04-25T09:19:40
/usr/local/python/3.12.1/lib/python3.12/site-packages/airflow/example_dags/plugins/decreasing_priority_weight_strategy.py                                       0           0  0.10s           2026-04-25T09:19:18
/usr/local/python/3.12.1/lib/python3.12/site-packages/airflow/example_dags/example_complex.py                                                                   1           0  0.10s           2026-04-25T09:19:14
/usr/local/python/3.12.1/lib/python3.12/site-packages/airflow/example_dags/example_latest_only_with_trigger.py                                                  1           0  0.10s           2026-04-25T09:19:46
/usr/local/python/3.12.1/lib/python3.12/site-packages/airflow/example_dags/example_display_name.py                                                              1           0  0.10s           2026-04-25T09:19:09
/usr/local/python/3.12.1/lib/python3.12/site-packages/airflow/example_dags/example_python_operator.py                                                           1           0  0.10s           2026-04-25T09:19:24
/usr/local/python/3.12.1/lib/python3.12/site-packages/airflow/example_dags/tutorial_objectstorage.py                                                            0           1  0.10s           2026-04-25T09:19:20
/usr/local/python/3.12.1/lib/python3.12/site-packages/airflow/example_dags/tutorial_taskflow_api_virtualenv.py                                                  1           0  0.10s           2026-04-25T09:19:21
/usr/local/python/3.12.1/lib/python3.12/site-packages/airflow/example_dags/example_task_group_decorator.py                                                      1           0  0.10s           2026-04-25T09:19:04
/usr/local/python/3.12.1/lib/python3.12/site-packages/airflow/example_dags/example_branch_operator.py                                                           1           0  0.10s           2026-04-25T09:19:28
/usr/local/python/3.12.1/lib/python3.12/site-packages/airflow/example_dags/example_subdag_operator.py                                                           3           0  0.10s           2026-04-25T09:19:43
/usr/local/python/3.12.1/lib/python3.12/site-packages/airflow/example_dags/example_setup_teardown_taskflow.py                                                   1           0  0.10s           2026-04-25T09:19:45
/usr/local/python/3.12.1/lib/python3.12/site-packages/airflow/example_dags/example_dynamic_task_mapping.py                                                      1           0  0.10s           2026-04-25T09:19:10
/usr/local/python/3.12.1/lib/python3.12/site-packages/airflow/example_dags/example_nested_branch_dag.py                                                         1           0  0.10s           2026-04-25T09:18:55
/usr/local/python/3.12.1/lib/python3.12/site-packages/airflow/example_dags/tutorial_dag.py                                                                      1           0  0.10s           2026-04-25T09:19:38
/usr/local/python/3.12.1/lib/python3.12/site-packages/airflow/example_dags/example_params_ui_tutorial.py                                                        1           0  0.10s           2026-04-25T09:19:27
/usr/local/python/3.12.1/lib/python3.12/site-packages/airflow/example_dags/plugins/workday.py                                                                   0           0  0.10s           2026-04-25T09:19:17
/usr/local/python/3.12.1/lib/python3.12/site-packages/airflow/example_dags/example_branch_python_dop_operator_3.py                                              1           0  0.10s           2026-04-25T09:19:13
/usr/local/python/3.12.1/lib/python3.12/site-packages/airflow/example_dags/example_bash_operator.py                                                             1           0  0.10s           2026-04-25T09:19:31
/usr/local/python/3.12.1/lib/python3.12/site-packages/airflow/example_dags/example_latest_only.py                                                               1           0  0.10s           2026-04-25T09:18:57
/usr/local/python/3.12.1/lib/python3.12/site-packages/airflow/example_dags/example_xcom.py                                                                      1           0  0.10s           2026-04-25T09:19:37
================================================================================
[2026-04-25T09:20:17.231+0000] {manager.py:878} INFO - 
================================================================================
DAG File Processing Stats

File Path                                                                                                                              PID    Runtime      # DAGs    # Errors  Last Runtime    Last Run
-------------------------------------------------------------------------------------------------------------------------------------  -----  ---------  --------  ----------  --------------  -------------------
/usr/local/python/3.12.1/lib/python3.12/site-packages/airflow/example_dags/example_dag_decorator.py                                                             1           0  0.31s           2026-04-25T09:20:08
/usr/local/python/3.12.1/lib/python3.12/site-packages/airflow/example_dags/example_datasets.py                                                                 10           0  0.11s           2026-04-25T09:20:04
/usr/local/python/3.12.1/lib/python3.12/site-packages/airflow/example_dags/tutorial_taskflow_api.py                                                             1           0  0.11s           2026-04-25T09:19:57
/usr/local/python/3.12.1/lib/python3.12/site-packages/airflow/example_dags/example_branch_datetime_operator.py                                                  3           0  0.11s           2026-04-25T09:19:28
/usr/local/python/3.12.1/lib/python3.12/site-packages/airflow/example_dags/example_sensor_decorator.py                                                          1           0  0.11s           2026-04-25T09:19:23
/usr/local/python/3.12.1/lib/python3.12/site-packages/airflow/example_dags/example_short_circuit_operator.py                                                    1           0  0.11s           2026-04-25T09:19:42
/usr/local/python/3.12.1/lib/python3.12/site-packages/airflow/example_dags/example_sla_dag.py                                                                   1           0  0.11s           2026-04-25T09:19:43
/usr/local/python/3.12.1/lib/python3.12/site-packages/airflow/example_dags/example_passing_params_via_test_command.py                                           1           0  0.10s           2026-04-25T09:19:25
/usr/local/python/3.12.1/lib/python3.12/site-packages/airflow/example_dags/example_branch_python_dop_operator_3.py                                              1           0  0.10s           2026-04-25T09:20:09
/usr/local/python/3.12.1/lib/python3.12/site-packages/airflow/example_dags/example_nested_branch_dag.py                                                         1           0  0.10s           2026-04-25T09:19:48
/usr/local/python/3.12.1/lib/python3.12/site-packages/airflow/example_dags/example_external_task_marker_dag.py                                                  2           0  0.10s           2026-04-25T09:20:04
/usr/local/python/3.12.1/lib/python3.12/site-packages/airflow/example_dags/example_branch_day_of_week_operator.py                                               1           0  0.10s           2026-04-25T09:19:29
/usr/local/python/3.12.1/lib/python3.12/site-packages/airflow/example_dags/example_kubernetes_executor.py                                                       0           0  0.10s           2026-04-25T09:19:50
/usr/local/python/3.12.1/lib/python3.12/site-packages/airflow/example_dags/example_dynamic_task_mapping.py                                                      1           0  0.10s           2026-04-25T09:20:07
/usr/local/python/3.12.1/lib/python3.12/site-packages/airflow/example_dags/subdags/subdag.py                                                                    0           0  0.10s           2026-04-25T09:19:52
/usr/local/python/3.12.1/lib/python3.12/site-packages/airflow/example_dags/example_xcomargs.py                                                                  2           0  0.10s           2026-04-25T09:20:12
/usr/local/python/3.12.1/lib/python3.12/site-packages/airflow/example_dags/plugins/listener_plugin.py                                                           0           0  0.10s           2026-04-25T09:19:53
/usr/local/python/3.12.1/lib/python3.12/site-packages/airflow/example_dags/example_task_group.py                                                                1           0  0.10s           2026-04-25T09:19:41
/usr/local/python/3.12.1/lib/python3.12/site-packages/airflow/example_dags/plugins/event_listener.py                                                            0           0  0.10s           2026-04-25T09:19:55
/usr/local/python/3.12.1/lib/python3.12/site-packages/airflow/example_dags/example_complex.py                                                                   1           0  0.10s           2026-04-25T09:20:11
/usr/local/python/3.12.1/lib/python3.12/site-packages/airflow/example_dags/tutorial_dag.py                                                                      1           0  0.10s           2026-04-25T09:20:16
/usr/local/python/3.12.1/lib/python3.12/site-packages/airflow/example_dags/plugins/decreasing_priority_weight_strategy.py                                       0           0  0.10s           2026-04-25T09:19:56
/usr/local/python/3.12.1/lib/python3.12/site-packages/airflow/example_dags/example_python_decorator.py                                                          1           0  0.10s           2026-04-25T09:19:23
/usr/local/python/3.12.1/lib/python3.12/site-packages/airflow/example_dags/example_display_name.py                                                              1           0  0.10s           2026-04-25T09:20:05
/usr/local/python/3.12.1/lib/python3.12/site-packages/airflow/example_dags/example_setup_teardown.py                                                            1           0  0.10s           2026-04-25T09:20:02
/usr/local/python/3.12.1/lib/python3.12/site-packages/airflow/example_dags/tutorial.py                                                                          1           0  0.10s           2026-04-25T09:20:13
/usr/local/python/3.12.1/lib/python3.12/site-packages/airflow/example_dags/example_skip_dag.py                                                                  1           0  0.10s           2026-04-25T09:19:44
/usr/local/python/3.12.1/lib/python3.12/site-packages/airflow/example_dags/example_local_kubernetes_executor.py                                                 0           0  0.10s           2026-04-25T09:19:46
/usr/local/python/3.12.1/lib/python3.12/site-packages/airflow/example_dags/example_branch_labels.py                                                             1           0  0.10s           2026-04-25T09:19:31
/usr/local/python/3.12.1/lib/python3.12/site-packages/airflow/example_dags/example_branch_operator_decorator.py                                                 1           0  0.10s           2026-04-25T09:20:08
/usr/local/python/3.12.1/lib/python3.12/site-packages/airflow/example_dags/example_bash_decorator.py                                                            1           0  0.10s           2026-04-25T09:19:32
/usr/local/python/3.12.1/lib/python3.12/site-packages/airflow/example_dags/example_latest_only.py                                                               1           0  0.10s           2026-04-25T09:19:51
/usr/local/python/3.12.1/lib/python3.12/site-packages/airflow/example_dags/example_time_delta_sensor_async.py                                                   1           0  0.10s           2026-04-25T09:19:40
/usr/local/python/3.12.1/lib/python3.12/site-packages/airflow/example_dags/example_short_circuit_decorator.py                                                   1           0  0.10s           2026-04-25T09:20:01
/usr/local/python/3.12.1/lib/python3.12/site-packages/airflow/example_dags/example_params_trigger_ui.py                                                         1           0  0.10s           2026-04-25T09:19:48
/usr/local/python/3.12.1/lib/python3.12/site-packages/airflow/example_dags/example_latest_only_with_trigger.py                                                  1           0  0.10s           2026-04-25T09:19:46
/usr/local/python/3.12.1/lib/python3.12/site-packages/airflow/example_dags/example_xcom.py                                                                      1           0  0.10s           2026-04-25T09:20:15
/usr/local/python/3.12.1/lib/python3.12/site-packages/airflow/example_dags/example_python_operator.py                                                           1           0  0.10s           2026-04-25T09:19:24
/usr/local/python/3.12.1/lib/python3.12/site-packages/airflow/example_dags/tutorial_objectstorage.py                                                            0           1  0.10s           2026-04-25T09:19:58
/usr/local/python/3.12.1/lib/python3.12/site-packages/airflow/example_dags/plugins/workday.py                                                                   0           0  0.10s           2026-04-25T09:19:54
/usr/local/python/3.12.1/lib/python3.12/site-packages/airflow/example_dags/example_task_group_decorator.py                                                      1           0  0.10s           2026-04-25T09:20:00
/usr/local/python/3.12.1/lib/python3.12/site-packages/airflow/example_dags/example_branch_operator.py                                                           1           0  0.10s           2026-04-25T09:19:28
/usr/local/python/3.12.1/lib/python3.12/site-packages/airflow/example_dags/example_subdag_operator.py                                                           3           0  0.10s           2026-04-25T09:19:43
/usr/local/python/3.12.1/lib/python3.12/site-packages/airflow/example_dags/example_setup_teardown_taskflow.py                                                   1           0  0.10s           2026-04-25T09:19:45
/usr/local/python/3.12.1/lib/python3.12/site-packages/airflow/example_dags/example_sensors.py                                                                   1           0  0.10s           2026-04-25T09:20:03
/usr/local/python/3.12.1/lib/python3.12/site-packages/airflow/example_dags/tutorial_taskflow_api_virtualenv.py                                                  1           0  0.10s           2026-04-25T09:19:59
/usr/local/python/3.12.1/lib/python3.12/site-packages/airflow/example_dags/example_params_ui_tutorial.py                                                        1           0  0.10s           2026-04-25T09:19:27
/usr/local/python/3.12.1/lib/python3.12/site-packages/airflow/example_dags/example_trigger_target_dag.py                                                        1           0  0.10s           2026-04-25T09:20:14
/usr/local/python/3.12.1/lib/python3.12/site-packages/airflow/example_dags/example_dynamic_task_mapping_with_no_taskflow_operators.py                           1           0  0.10s           2026-04-25T09:19:49
/usr/local/python/3.12.1/lib/python3.12/site-packages/airflow/example_dags/example_trigger_controller_dag.py                                                    1           0  0.10s           2026-04-25T09:20:17
/usr/local/python/3.12.1/lib/python3.12/site-packages/airflow/example_dags/example_bash_operator.py                                                             1           0  0.10s           2026-04-25T09:19:31
================================================================================
[2026-04-25T09:20:47.501+0000] {manager.py:878} INFO - 
================================================================================
DAG File Processing Stats

File Path                                                                                                                              PID    Runtime      # DAGs    # Errors  Last Runtime    Last Run
-------------------------------------------------------------------------------------------------------------------------------------  -----  ---------  --------  ----------  --------------  -------------------
/usr/local/python/3.12.1/lib/python3.12/site-packages/airflow/example_dags/example_dag_decorator.py                                                             1           0  0.31s           2026-04-25T09:20:08
/usr/local/python/3.12.1/lib/python3.12/site-packages/airflow/example_dags/example_branch_labels.py                                                             1           0  0.21s           2026-04-25T09:20:28
/usr/local/python/3.12.1/lib/python3.12/site-packages/airflow/example_dags/example_params_ui_tutorial.py                                                        1           0  0.21s           2026-04-25T09:20:24
/usr/local/python/3.12.1/lib/python3.12/site-packages/airflow/example_dags/example_task_group.py                                                                1           0  0.20s           2026-04-25T09:20:18
/usr/local/python/3.12.1/lib/python3.12/site-packages/airflow/example_dags/example_dynamic_task_mapping_with_no_taskflow_operators.py                           1           0  0.20s           2026-04-25T09:20:45
/usr/local/python/3.12.1/lib/python3.12/site-packages/airflow/example_dags/example_short_circuit_operator.py                                                    1           0  0.12s           2026-04-25T09:20:38
/usr/local/python/3.12.1/lib/python3.12/site-packages/airflow/example_dags/example_datasets.py                                                                 10           0  0.11s           2026-04-25T09:20:04
/usr/local/python/3.12.1/lib/python3.12/site-packages/airflow/example_dags/plugins/decreasing_priority_weight_strategy.py                                       0           0  0.11s           2026-04-25T09:20:34
/usr/local/python/3.12.1/lib/python3.12/site-packages/airflow/example_dags/example_local_kubernetes_executor.py                                                 0           0  0.11s           2026-04-25T09:20:44
/usr/local/python/3.12.1/lib/python3.12/site-packages/airflow/example_dags/example_passing_params_via_test_command.py                                           1           0  0.11s           2026-04-25T09:20:23
/usr/local/python/3.12.1/lib/python3.12/site-packages/airflow/example_dags/subdags/subdag.py                                                                    0           0  0.11s           2026-04-25T09:20:30
/usr/local/python/3.12.1/lib/python3.12/site-packages/airflow/example_dags/example_skip_dag.py                                                                  1           0  0.11s           2026-04-25T09:20:40
/usr/local/python/3.12.1/lib/python3.12/site-packages/airflow/example_dags/tutorial_taskflow_api.py                                                             1           0  0.11s           2026-04-25T09:20:35
/usr/local/python/3.12.1/lib/python3.12/site-packages/airflow/example_dags/example_branch_python_dop_operator_3.py                                              1           0  0.10s           2026-04-25T09:20:09
/usr/local/python/3.12.1/lib/python3.12/site-packages/airflow/example_dags/example_external_task_marker_dag.py                                                  2           0  0.10s           2026-04-25T09:20:04
/usr/local/python/3.12.1/lib/python3.12/site-packages/airflow/example_dags/example_subdag_operator.py                                                           3           0  0.10s           2026-04-25T09:20:40
/usr/local/python/3.12.1/lib/python3.12/site-packages/airflow/example_dags/plugins/workday.py                                                                   0           0  0.10s           2026-04-25T09:20:32
/usr/local/python/3.12.1/lib/python3.12/site-packages/airflow/example_dags/example_time_delta_sensor_async.py                                                   1           0  0.10s           2026-04-25T09:20:18
/usr/local/python/3.12.1/lib/python3.12/site-packages/airflow/example_dags/example_dynamic_task_mapping.py                                                      1           0  0.10s           2026-04-25T09:20:07
/usr/local/python/3.12.1/lib/python3.12/site-packages/airflow/example_dags/plugins/event_listener.py                                                            0           0  0.10s           2026-04-25T09:20:33
/usr/local/python/3.12.1/lib/python3.12/site-packages/airflow/example_dags/example_branch_operator.py                                                           1           0  0.10s           2026-04-25T09:20:25
/usr/local/python/3.12.1/lib/python3.12/site-packages/airflow/example_dags/example_branch_day_of_week_operator.py                                               1           0  0.10s           2026-04-25T09:20:27
/usr/local/python/3.12.1/lib/python3.12/site-packages/airflow/example_dags/example_setup_teardown_taskflow.py                                                   1           0  0.10s           2026-04-25T09:20:41
/usr/local/python/3.12.1/lib/python3.12/site-packages/airflow/example_dags/example_xcomargs.py                                                                  2           0  0.10s           2026-04-25T09:20:12
/usr/local/python/3.12.1/lib/python3.12/site-packages/airflow/example_dags/plugins/listener_plugin.py                                                           0           0  0.10s           2026-04-25T09:20:31
/usr/local/python/3.12.1/lib/python3.12/site-packages/airflow/example_dags/example_complex.py                                                                   1           0  0.10s           2026-04-25T09:20:11
/usr/local/python/3.12.1/lib/python3.12/site-packages/airflow/example_dags/tutorial_dag.py                                                                      1           0  0.10s           2026-04-25T09:20:16
/usr/local/python/3.12.1/lib/python3.12/site-packages/airflow/example_dags/tutorial_objectstorage.py                                                            0           1  0.10s           2026-04-25T09:20:36
/usr/local/python/3.12.1/lib/python3.12/site-packages/airflow/example_dags/example_branch_datetime_operator.py                                                  3           0  0.10s           2026-04-25T09:20:26
/usr/local/python/3.12.1/lib/python3.12/site-packages/airflow/example_dags/example_sla_dag.py                                                                   1           0  0.10s           2026-04-25T09:20:39
/usr/local/python/3.12.1/lib/python3.12/site-packages/airflow/example_dags/tutorial_taskflow_api_virtualenv.py                                                  1           0  0.10s           2026-04-25T09:20:37
/usr/local/python/3.12.1/lib/python3.12/site-packages/airflow/example_dags/example_display_name.py                                                              1           0  0.10s           2026-04-25T09:20:05
/usr/local/python/3.12.1/lib/python3.12/site-packages/airflow/example_dags/example_setup_teardown.py                                                            1           0  0.10s           2026-04-25T09:20:02
/usr/local/python/3.12.1/lib/python3.12/site-packages/airflow/example_dags/tutorial.py                                                                          1           0  0.10s           2026-04-25T09:20:13
/usr/local/python/3.12.1/lib/python3.12/site-packages/airflow/example_dags/example_bash_operator.py                                                             1           0  0.10s           2026-04-25T09:20:29
/usr/local/python/3.12.1/lib/python3.12/site-packages/airflow/example_dags/example_python_decorator.py                                                          1           0  0.10s           2026-04-25T09:20:21
/usr/local/python/3.12.1/lib/python3.12/site-packages/airflow/example_dags/example_branch_operator_decorator.py                                                 1           0  0.10s           2026-04-25T09:20:08
/usr/local/python/3.12.1/lib/python3.12/site-packages/airflow/example_dags/example_bash_decorator.py                                                            1           0  0.10s           2026-04-25T09:20:30
/usr/local/python/3.12.1/lib/python3.12/site-packages/airflow/example_dags/example_kubernetes_executor.py                                                       0           0  0.10s           2026-04-25T09:20:47
/usr/local/python/3.12.1/lib/python3.12/site-packages/airflow/example_dags/example_nested_branch_dag.py                                                         1           0  0.10s           2026-04-25T09:20:45
/usr/local/python/3.12.1/lib/python3.12/site-packages/airflow/example_dags/example_short_circuit_decorator.py                                                   1           0  0.10s           2026-04-25T09:20:01
/usr/local/python/3.12.1/lib/python3.12/site-packages/airflow/example_dags/example_xcom.py                                                                      1           0  0.10s           2026-04-25T09:20:15
/usr/local/python/3.12.1/lib/python3.12/site-packages/airflow/example_dags/example_latest_only.py                                                               1           0  0.10s           2026-04-25T09:20:47
/usr/local/python/3.12.1/lib/python3.12/site-packages/airflow/example_dags/example_python_operator.py                                                           1           0  0.10s           2026-04-25T09:20:22
/usr/local/python/3.12.1/lib/python3.12/site-packages/airflow/example_dags/example_task_group_decorator.py                                                      1           0  0.10s           2026-04-25T09:20:00
/usr/local/python/3.12.1/lib/python3.12/site-packages/airflow/example_dags/example_sensor_decorator.py                                                          1           0  0.10s           2026-04-25T09:20:20
/usr/local/python/3.12.1/lib/python3.12/site-packages/airflow/example_dags/example_sensors.py                                                                   1           0  0.10s           2026-04-25T09:20:03
/usr/local/python/3.12.1/lib/python3.12/site-packages/airflow/example_dags/example_params_trigger_ui.py                                                         1           0  0.10s           2026-04-25T09:20:44
/usr/local/python/3.12.1/lib/python3.12/site-packages/airflow/example_dags/example_trigger_target_dag.py                                                        1           0  0.10s           2026-04-25T09:20:14
/usr/local/python/3.12.1/lib/python3.12/site-packages/airflow/example_dags/example_trigger_controller_dag.py                                                    1           0  0.10s           2026-04-25T09:20:17
/usr/local/python/3.12.1/lib/python3.12/site-packages/airflow/example_dags/example_latest_only_with_trigger.py                                                  1           0  0.10s           2026-04-25T09:20:42
================================================================================
[2026-04-25T09:21:17.716+0000] {manager.py:878} INFO - 
================================================================================
DAG File Processing Stats

File Path                                                                                                                              PID    Runtime      # DAGs    # Errors  Last Runtime    Last Run
-------------------------------------------------------------------------------------------------------------------------------------  -----  ---------  --------  ----------  --------------  -------------------
/usr/local/python/3.12.1/lib/python3.12/site-packages/airflow/example_dags/example_dag_decorator.py                                                             1           0  0.31s           2026-04-25T09:21:03
/usr/local/python/3.12.1/lib/python3.12/site-packages/airflow/example_dags/example_branch_labels.py                                                             1           0  0.21s           2026-04-25T09:20:28
/usr/local/python/3.12.1/lib/python3.12/site-packages/airflow/example_dags/example_params_ui_tutorial.py                                                        1           0  0.21s           2026-04-25T09:20:24
/usr/local/python/3.12.1/lib/python3.12/site-packages/airflow/example_dags/example_dynamic_task_mapping_with_no_taskflow_operators.py                           1           0  0.20s           2026-04-25T09:20:45
/usr/local/python/3.12.1/lib/python3.12/site-packages/airflow/example_dags/example_short_circuit_decorator.py                                                   1           0  0.20s           2026-04-25T09:20:56
/usr/local/python/3.12.1/lib/python3.12/site-packages/airflow/example_dags/example_python_decorator.py                                                          1           0  0.12s           2026-04-25T09:21:16
/usr/local/python/3.12.1/lib/python3.12/site-packages/airflow/example_dags/example_short_circuit_operator.py                                                    1           0  0.12s           2026-04-25T09:20:38
/usr/local/python/3.12.1/lib/python3.12/site-packages/airflow/example_dags/example_local_kubernetes_executor.py                                                 0           0  0.11s           2026-04-25T09:20:44
/usr/local/python/3.12.1/lib/python3.12/site-packages/airflow/example_dags/example_passing_params_via_test_command.py                                           1           0  0.11s           2026-04-25T09:20:23
/usr/local/python/3.12.1/lib/python3.12/site-packages/airflow/example_dags/example_skip_dag.py                                                                  1           0  0.11s           2026-04-25T09:20:40
/usr/local/python/3.12.1/lib/python3.12/site-packages/airflow/example_dags/example_datasets.py                                                                 10           0  0.11s           2026-04-25T09:21:00
/usr/local/python/3.12.1/lib/python3.12/site-packages/airflow/example_dags/example_setup_teardown.py                                                            1           0  0.11s           2026-04-25T09:20:57
/usr/local/python/3.12.1/lib/python3.12/site-packages/airflow/example_dags/example_subdag_operator.py                                                           3           0  0.10s           2026-04-25T09:20:40
/usr/local/python/3.12.1/lib/python3.12/site-packages/airflow/example_dags/tutorial.py                                                                          1           0  0.10s           2026-04-25T09:20:49
/usr/local/python/3.12.1/lib/python3.12/site-packages/airflow/example_dags/example_complex.py                                                                   1           0  0.10s           2026-04-25T09:21:06
/usr/local/python/3.12.1/lib/python3.12/site-packages/airflow/example_dags/example_display_name.py                                                              1           0  0.10s           2026-04-25T09:21:01
/usr/local/python/3.12.1/lib/python3.12/site-packages/airflow/example_dags/example_branch_operator.py                                                           1           0  0.10s           2026-04-25T09:20:25
/usr/local/python/3.12.1/lib/python3.12/site-packages/airflow/example_dags/example_branch_day_of_week_operator.py                                               1           0  0.10s           2026-04-25T09:20:27
/usr/local/python/3.12.1/lib/python3.12/site-packages/airflow/example_dags/example_setup_teardown_taskflow.py                                                   1           0  0.10s           2026-04-25T09:20:41
/usr/local/python/3.12.1/lib/python3.12/site-packages/airflow/example_dags/plugins/event_listener.py                                                            0           0  0.10s           2026-04-25T09:21:10
/usr/local/python/3.12.1/lib/python3.12/site-packages/airflow/example_dags/example_branch_datetime_operator.py                                                  3           0  0.10s           2026-04-25T09:20:26
/usr/local/python/3.12.1/lib/python3.12/site-packages/airflow/example_dags/example_sla_dag.py                                                                   1           0  0.10s           2026-04-25T09:20:39
/usr/local/python/3.12.1/lib/python3.12/site-packages/airflow/example_dags/tutorial_taskflow_api_virtualenv.py                                                  1           0  0.10s           2026-04-25T09:20:37
/usr/local/python/3.12.1/lib/python3.12/site-packages/airflow/example_dags/example_bash_operator.py                                                             1           0  0.10s           2026-04-25T09:20:29
/usr/local/python/3.12.1/lib/python3.12/site-packages/airflow/example_dags/tutorial_dag.py                                                                      1           0  0.10s           2026-04-25T09:20:52
/usr/local/python/3.12.1/lib/python3.12/site-packages/airflow/example_dags/example_branch_python_dop_operator_3.py                                              1           0  0.10s           2026-04-25T09:21:06
/usr/local/python/3.12.1/lib/python3.12/site-packages/airflow/example_dags/plugins/workday.py                                                                   0           0  0.10s           2026-04-25T09:21:09
/usr/local/python/3.12.1/lib/python3.12/site-packages/airflow/example_dags/example_bash_decorator.py                                                            1           0  0.10s           2026-04-25T09:20:30
/usr/local/python/3.12.1/lib/python3.12/site-packages/airflow/example_dags/example_kubernetes_executor.py                                                       0           0  0.10s           2026-04-25T09:20:47
/usr/local/python/3.12.1/lib/python3.12/site-packages/airflow/example_dags/example_nested_branch_dag.py                                                         1           0  0.10s           2026-04-25T09:20:45
/usr/local/python/3.12.1/lib/python3.12/site-packages/airflow/example_dags/example_branch_operator_decorator.py                                                 1           0  0.10s           2026-04-25T09:21:05
/usr/local/python/3.12.1/lib/python3.12/site-packages/airflow/example_dags/example_python_operator.py                                                           1           0  0.10s           2026-04-25T09:21:17
/usr/local/python/3.12.1/lib/python3.12/site-packages/airflow/example_dags/example_sensors.py                                                                   1           0  0.10s           2026-04-25T09:20:58
/usr/local/python/3.12.1/lib/python3.12/site-packages/airflow/example_dags/example_trigger_target_dag.py                                                        1           0  0.10s           2026-04-25T09:20:50
/usr/local/python/3.12.1/lib/python3.12/site-packages/airflow/example_dags/example_task_group.py                                                                1           0  0.10s           2026-04-25T09:21:15
/usr/local/python/3.12.1/lib/python3.12/site-packages/airflow/example_dags/example_trigger_controller_dag.py                                                    1           0  0.10s           2026-04-25T09:20:53
/usr/local/python/3.12.1/lib/python3.12/site-packages/airflow/example_dags/example_task_group_decorator.py                                                      1           0  0.10s           2026-04-25T09:20:55
/usr/local/python/3.12.1/lib/python3.12/site-packages/airflow/example_dags/example_xcom.py                                                                      1           0  0.10s           2026-04-25T09:20:51
/usr/local/python/3.12.1/lib/python3.12/site-packages/airflow/example_dags/subdags/subdag.py                                                                    0           0  0.10s           2026-04-25T09:21:07
/usr/local/python/3.12.1/lib/python3.12/site-packages/airflow/example_dags/example_xcomargs.py                                                                  2           0  0.10s           2026-04-25T09:20:48
/usr/local/python/3.12.1/lib/python3.12/site-packages/airflow/example_dags/example_latest_only.py                                                               1           0  0.10s           2026-04-25T09:20:47
/usr/local/python/3.12.1/lib/python3.12/site-packages/airflow/example_dags/plugins/decreasing_priority_weight_strategy.py                                       0           0  0.10s           2026-04-25T09:21:11
/usr/local/python/3.12.1/lib/python3.12/site-packages/airflow/example_dags/example_time_delta_sensor_async.py                                                   1           0  0.10s           2026-04-25T09:20:54
/usr/local/python/3.12.1/lib/python3.12/site-packages/airflow/example_dags/tutorial_taskflow_api.py                                                             1           0  0.10s           2026-04-25T09:21:12
/usr/local/python/3.12.1/lib/python3.12/site-packages/airflow/example_dags/tutorial_objectstorage.py                                                            0           1  0.10s           2026-04-25T09:21:13
/usr/local/python/3.12.1/lib/python3.12/site-packages/airflow/example_dags/example_params_trigger_ui.py                                                         1           0  0.10s           2026-04-25T09:20:44
/usr/local/python/3.12.1/lib/python3.12/site-packages/airflow/example_dags/example_dynamic_task_mapping.py                                                      1           0  0.10s           2026-04-25T09:21:02
/usr/local/python/3.12.1/lib/python3.12/site-packages/airflow/example_dags/example_external_task_marker_dag.py                                                  2           0  0.10s           2026-04-25T09:20:59
/usr/local/python/3.12.1/lib/python3.12/site-packages/airflow/example_dags/example_sensor_decorator.py                                                          1           0  0.10s           2026-04-25T09:21:16
/usr/local/python/3.12.1/lib/python3.12/site-packages/airflow/example_dags/plugins/listener_plugin.py                                                           0           0  0.10s           2026-04-25T09:21:08
/usr/local/python/3.12.1/lib/python3.12/site-packages/airflow/example_dags/example_latest_only_with_trigger.py                                                  1           0  0.10s           2026-04-25T09:20:42
================================================================================
[2026-04-25T09:21:47.985+0000] {manager.py:878} INFO - 
================================================================================
DAG File Processing Stats

File Path                                                                                                                              PID    Runtime      # DAGs    # Errors  Last Runtime    Last Run
-------------------------------------------------------------------------------------------------------------------------------------  -----  ---------  --------  ----------  --------------  -------------------
/usr/local/python/3.12.1/lib/python3.12/site-packages/airflow/example_dags/example_dag_decorator.py                                                             1           0  0.31s           2026-04-25T09:21:03
/usr/local/python/3.12.1/lib/python3.12/site-packages/airflow/example_dags/example_python_decorator.py                                                          1           0  0.12s           2026-04-25T09:21:16
/usr/local/python/3.12.1/lib/python3.12/site-packages/airflow/example_dags/example_branch_day_of_week_operator.py                                               1           0  0.11s           2026-04-25T09:21:23
/usr/local/python/3.12.1/lib/python3.12/site-packages/airflow/example_dags/example_datasets.py                                                                 10           0  0.11s           2026-04-25T09:21:00
/usr/local/python/3.12.1/lib/python3.12/site-packages/airflow/example_dags/example_setup_teardown.py                                                            1           0  0.11s           2026-04-25T09:20:57
/usr/local/python/3.12.1/lib/python3.12/site-packages/airflow/example_dags/tutorial_taskflow_api_virtualenv.py                                                  1           0  0.10s           2026-04-25T09:21:27
/usr/local/python/3.12.1/lib/python3.12/site-packages/airflow/example_dags/example_sla_dag.py                                                                   1           0  0.10s           2026-04-25T09:21:37
/usr/local/python/3.12.1/lib/python3.12/site-packages/airflow/example_dags/example_latest_only.py                                                               1           0  0.10s           2026-04-25T09:21:46
/usr/local/python/3.12.1/lib/python3.12/site-packages/airflow/example_dags/example_setup_teardown_taskflow.py                                                   1           0  0.10s           2026-04-25T09:21:40
/usr/local/python/3.12.1/lib/python3.12/site-packages/airflow/example_dags/example_bash_operator.py                                                             1           0  0.10s           2026-04-25T09:21:25
/usr/local/python/3.12.1/lib/python3.12/site-packages/airflow/example_dags/example_complex.py                                                                   1           0  0.10s           2026-04-25T09:21:06
/usr/local/python/3.12.1/lib/python3.12/site-packages/airflow/example_dags/example_passing_params_via_test_command.py                                           1           0  0.10s           2026-04-25T09:21:18
/usr/local/python/3.12.1/lib/python3.12/site-packages/airflow/example_dags/example_params_ui_tutorial.py                                                        1           0  0.10s           2026-04-25T09:21:19
/usr/local/python/3.12.1/lib/python3.12/site-packages/airflow/example_dags/example_display_name.py                                                              1           0  0.10s           2026-04-25T09:21:01
/usr/local/python/3.12.1/lib/python3.12/site-packages/airflow/example_dags/example_short_circuit_decorator.py                                                   1           0  0.10s           2026-04-25T09:21:41
/usr/local/python/3.12.1/lib/python3.12/site-packages/airflow/example_dags/plugins/event_listener.py                                                            0           0  0.10s           2026-04-25T09:21:10
/usr/local/python/3.12.1/lib/python3.12/site-packages/airflow/example_dags/tutorial_dag.py                                                                      1           0  0.10s           2026-04-25T09:21:32
/usr/local/python/3.12.1/lib/python3.12/site-packages/airflow/example_dags/plugins/listener_plugin.py                                                           0           0  0.10s           2026-04-25T09:21:47
/usr/local/python/3.12.1/lib/python3.12/site-packages/airflow/example_dags/example_nested_branch_dag.py                                                         1           0  0.10s           2026-04-25T09:21:43
/usr/local/python/3.12.1/lib/python3.12/site-packages/airflow/example_dags/example_short_circuit_operator.py                                                    1           0  0.10s           2026-04-25T09:21:36
/usr/local/python/3.12.1/lib/python3.12/site-packages/airflow/example_dags/example_branch_operator.py                                                           1           0  0.10s           2026-04-25T09:21:20
/usr/local/python/3.12.1/lib/python3.12/site-packages/airflow/example_dags/example_params_trigger_ui.py                                                         1           0  0.10s           2026-04-25T09:21:43
/usr/local/python/3.12.1/lib/python3.12/site-packages/airflow/example_dags/example_branch_python_dop_operator_3.py                                              1           0  0.10s           2026-04-25T09:21:06
/usr/local/python/3.12.1/lib/python3.12/site-packages/airflow/example_dags/plugins/workday.py                                                                   0           0  0.10s           2026-04-25T09:21:09
/usr/local/python/3.12.1/lib/python3.12/site-packages/airflow/example_dags/example_xcom.py                                                                      1           0  0.10s           2026-04-25T09:21:31
/usr/local/python/3.12.1/lib/python3.12/site-packages/airflow/example_dags/tutorial.py                                                                          1           0  0.10s           2026-04-25T09:21:29
/usr/local/python/3.12.1/lib/python3.12/site-packages/airflow/example_dags/example_branch_datetime_operator.py                                                  3           0  0.10s           2026-04-25T09:21:22
/usr/local/python/3.12.1/lib/python3.12/site-packages/airflow/example_dags/example_local_kubernetes_executor.py                                                 0           0  0.10s           2026-04-25T09:21:42
/usr/local/python/3.12.1/lib/python3.12/site-packages/airflow/example_dags/example_branch_operator_decorator.py                                                 1           0  0.10s           2026-04-25T09:21:05
/usr/local/python/3.12.1/lib/python3.12/site-packages/airflow/example_dags/example_python_operator.py                                                           1           0  0.10s           2026-04-25T09:21:17
/usr/local/python/3.12.1/lib/python3.12/site-packages/airflow/example_dags/example_kubernetes_executor.py                                                       0           0  0.10s           2026-04-25T09:21:45
/usr/local/python/3.12.1/lib/python3.12/site-packages/airflow/example_dags/example_subdag_operator.py                                                           3           0  0.10s           2026-04-25T09:21:38
/usr/local/python/3.12.1/lib/python3.12/site-packages/airflow/example_dags/example_time_delta_sensor_async.py                                                   1           0  0.10s           2026-04-25T09:21:33
/usr/local/python/3.12.1/lib/python3.12/site-packages/airflow/example_dags/example_sensors.py                                                                   1           0  0.10s           2026-04-25T09:20:58
/usr/local/python/3.12.1/lib/python3.12/site-packages/airflow/example_dags/example_task_group.py                                                                1           0  0.10s           2026-04-25T09:21:15
/usr/local/python/3.12.1/lib/python3.12/site-packages/airflow/example_dags/example_latest_only_with_trigger.py                                                  1           0  0.10s           2026-04-25T09:21:42
/usr/local/python/3.12.1/lib/python3.12/site-packages/airflow/example_dags/example_branch_labels.py                                                             1           0  0.10s           2026-04-25T09:21:24
/usr/local/python/3.12.1/lib/python3.12/site-packages/airflow/example_dags/subdags/subdag.py                                                                    0           0  0.10s           2026-04-25T09:21:47
/usr/local/python/3.12.1/lib/python3.12/site-packages/airflow/example_dags/example_dynamic_task_mapping_with_no_taskflow_operators.py                           1           0  0.10s           2026-04-25T09:21:44
/usr/local/python/3.12.1/lib/python3.12/site-packages/airflow/example_dags/example_skip_dag.py                                                                  1           0  0.10s           2026-04-25T09:21:39
/usr/local/python/3.12.1/lib/python3.12/site-packages/airflow/example_dags/plugins/decreasing_priority_weight_strategy.py                                       0           0  0.10s           2026-04-25T09:21:11
/usr/local/python/3.12.1/lib/python3.12/site-packages/airflow/example_dags/example_trigger_controller_dag.py                                                    1           0  0.10s           2026-04-25T09:21:32
/usr/local/python/3.12.1/lib/python3.12/site-packages/airflow/example_dags/tutorial_taskflow_api.py                                                             1           0  0.10s           2026-04-25T09:21:12
/usr/local/python/3.12.1/lib/python3.12/site-packages/airflow/example_dags/example_xcomargs.py                                                                  2           0  0.10s           2026-04-25T09:21:28
/usr/local/python/3.12.1/lib/python3.12/site-packages/airflow/example_dags/tutorial_objectstorage.py                                                            0           1  0.10s           2026-04-25T09:21:13
/usr/local/python/3.12.1/lib/python3.12/site-packages/airflow/example_dags/example_task_group_decorator.py                                                      1           0  0.10s           2026-04-25T09:21:35
/usr/local/python/3.12.1/lib/python3.12/site-packages/airflow/example_dags/example_dynamic_task_mapping.py                                                      1           0  0.10s           2026-04-25T09:21:02
/usr/local/python/3.12.1/lib/python3.12/site-packages/airflow/example_dags/example_external_task_marker_dag.py                                                  2           0  0.10s           2026-04-25T09:20:59
/usr/local/python/3.12.1/lib/python3.12/site-packages/airflow/example_dags/example_trigger_target_dag.py                                                        1           0  0.10s           2026-04-25T09:21:29
/usr/local/python/3.12.1/lib/python3.12/site-packages/airflow/example_dags/example_sensor_decorator.py                                                          1           0  0.10s           2026-04-25T09:21:16
/usr/local/python/3.12.1/lib/python3.12/site-packages/airflow/example_dags/example_bash_decorator.py                                                            1           0  0.10s           2026-04-25T09:21:26
================================================================================
[2026-04-25T09:22:18.181+0000] {manager.py:878} INFO - 
================================================================================
DAG File Processing Stats

File Path                                                                                                                              PID    Runtime      # DAGs    # Errors  Last Runtime    Last Run
-------------------------------------------------------------------------------------------------------------------------------------  -----  ---------  --------  ----------  --------------  -------------------
/usr/local/python/3.12.1/lib/python3.12/site-packages/airflow/example_dags/example_dag_decorator.py                                                             1           0  0.41s           2026-04-25T09:22:03
/usr/local/python/3.12.1/lib/python3.12/site-packages/airflow/example_dags/example_datasets.py                                                                 10           0  0.22s           2026-04-25T09:22:00
/usr/local/python/3.12.1/lib/python3.12/site-packages/airflow/example_dags/example_branch_operator_decorator.py                                                 1           0  0.21s           2026-04-25T09:22:04
/usr/local/python/3.12.1/lib/python3.12/site-packages/airflow/example_dags/example_xcomargs.py                                                                  2           0  0.11s           2026-04-25T09:22:08
/usr/local/python/3.12.1/lib/python3.12/site-packages/airflow/example_dags/example_branch_day_of_week_operator.py                                               1           0  0.11s           2026-04-25T09:21:23
/usr/local/python/3.12.1/lib/python3.12/site-packages/airflow/example_dags/example_trigger_target_dag.py                                                        1           0  0.11s           2026-04-25T09:22:10
/usr/local/python/3.12.1/lib/python3.12/site-packages/airflow/example_dags/tutorial_dag.py                                                                      1           0  0.11s           2026-04-25T09:22:12
/usr/local/python/3.12.1/lib/python3.12/site-packages/airflow/example_dags/example_sensors.py                                                                   1           0  0.11s           2026-04-25T09:21:56
/usr/local/python/3.12.1/lib/python3.12/site-packages/airflow/example_dags/tutorial.py                                                                          1           0  0.10s           2026-04-25T09:22:09
/usr/local/python/3.12.1/lib/python3.12/site-packages/airflow/example_dags/tutorial_objectstorage.py                                                            0           1  0.10s           2026-04-25T09:21:52
/usr/local/python/3.12.1/lib/python3.12/site-packages/airflow/example_dags/example_latest_only.py                                                               1           0  0.10s           2026-04-25T09:21:46
/usr/local/python/3.12.1/lib/python3.12/site-packages/airflow/example_dags/example_setup_teardown_taskflow.py                                                   1           0  0.10s           2026-04-25T09:21:40
/usr/local/python/3.12.1/lib/python3.12/site-packages/airflow/example_dags/example_display_name.py                                                              1           0  0.10s           2026-04-25T09:22:01
/usr/local/python/3.12.1/lib/python3.12/site-packages/airflow/example_dags/example_bash_operator.py                                                             1           0  0.10s           2026-04-25T09:21:25
/usr/local/python/3.12.1/lib/python3.12/site-packages/airflow/example_dags/plugins/event_listener.py                                                            0           0  0.10s           2026-04-25T09:21:50
/usr/local/python/3.12.1/lib/python3.12/site-packages/airflow/example_dags/example_passing_params_via_test_command.py                                           1           0  0.10s           2026-04-25T09:21:18
/usr/local/python/3.12.1/lib/python3.12/site-packages/airflow/example_dags/example_params_ui_tutorial.py                                                        1           0  0.10s           2026-04-25T09:21:19
/usr/local/python/3.12.1/lib/python3.12/site-packages/airflow/example_dags/example_short_circuit_decorator.py                                                   1           0  0.10s           2026-04-25T09:21:41
/usr/local/python/3.12.1/lib/python3.12/site-packages/airflow/example_dags/example_dynamic_task_mapping.py                                                      1           0  0.10s           2026-04-25T09:22:02
/usr/local/python/3.12.1/lib/python3.12/site-packages/airflow/example_dags/plugins/listener_plugin.py                                                           0           0  0.10s           2026-04-25T09:21:47
/usr/local/python/3.12.1/lib/python3.12/site-packages/airflow/example_dags/tutorial_taskflow_api_virtualenv.py                                                  1           0  0.10s           2026-04-25T09:22:07
/usr/local/python/3.12.1/lib/python3.12/site-packages/airflow/example_dags/example_nested_branch_dag.py                                                         1           0  0.10s           2026-04-25T09:21:43
/usr/local/python/3.12.1/lib/python3.12/site-packages/airflow/example_dags/example_xcom.py                                                                      1           0  0.10s           2026-04-25T09:22:11
/usr/local/python/3.12.1/lib/python3.12/site-packages/airflow/example_dags/example_branch_operator.py                                                           1           0  0.10s           2026-04-25T09:21:20
/usr/local/python/3.12.1/lib/python3.12/site-packages/airflow/example_dags/example_params_trigger_ui.py                                                         1           0  0.10s           2026-04-25T09:21:43
/usr/local/python/3.12.1/lib/python3.12/site-packages/airflow/example_dags/example_python_decorator.py                                                          1           0  0.10s           2026-04-25T09:21:57
/usr/local/python/3.12.1/lib/python3.12/site-packages/airflow/example_dags/example_short_circuit_operator.py                                                    1           0  0.10s           2026-04-25T09:22:17
/usr/local/python/3.12.1/lib/python3.12/site-packages/airflow/example_dags/example_trigger_controller_dag.py                                                    1           0  0.10s           2026-04-25T09:22:13
/usr/local/python/3.12.1/lib/python3.12/site-packages/airflow/example_dags/example_branch_datetime_operator.py                                                  3           0  0.10s           2026-04-25T09:21:22
/usr/local/python/3.12.1/lib/python3.12/site-packages/airflow/example_dags/example_local_kubernetes_executor.py                                                 0           0  0.10s           2026-04-25T09:21:42
/usr/local/python/3.12.1/lib/python3.12/site-packages/airflow/example_dags/example_branch_python_dop_operator_3.py                                              1           0  0.10s           2026-04-25T09:22:05
/usr/local/python/3.12.1/lib/python3.12/site-packages/airflow/example_dags/example_python_operator.py                                                           1           0  0.10s           2026-04-25T09:21:17
/usr/local/python/3.12.1/lib/python3.12/site-packages/airflow/example_dags/example_kubernetes_executor.py                                                       0           0  0.10s           2026-04-25T09:21:45
/usr/local/python/3.12.1/lib/python3.12/site-packages/airflow/example_dags/example_subdag_operator.py                                                           3           0  0.10s           2026-04-25T09:21:38
/usr/local/python/3.12.1/lib/python3.12/site-packages/airflow/example_dags/example_setup_teardown.py                                                            1           0  0.10s           2026-04-25T09:21:55
/usr/local/python/3.12.1/lib/python3.12/site-packages/airflow/example_dags/plugins/workday.py                                                                   0           0  0.10s           2026-04-25T09:21:49
/usr/local/python/3.12.1/lib/python3.12/site-packages/airflow/example_dags/example_latest_only_with_trigger.py                                                  1           0  0.10s           2026-04-25T09:21:42
/usr/local/python/3.12.1/lib/python3.12/site-packages/airflow/example_dags/example_branch_labels.py                                                             1           0  0.10s           2026-04-25T09:21:24
/usr/local/python/3.12.1/lib/python3.12/site-packages/airflow/example_dags/example_sensor_decorator.py                                                          1           0  0.10s           2026-04-25T09:21:57
/usr/local/python/3.12.1/lib/python3.12/site-packages/airflow/example_dags/subdags/subdag.py                                                                    0           0  0.10s           2026-04-25T09:21:47
/usr/local/python/3.12.1/lib/python3.12/site-packages/airflow/example_dags/plugins/decreasing_priority_weight_strategy.py                                       0           0  0.10s           2026-04-25T09:21:51
/usr/local/python/3.12.1/lib/python3.12/site-packages/airflow/example_dags/example_dynamic_task_mapping_with_no_taskflow_operators.py                           1           0  0.10s           2026-04-25T09:21:44
/usr/local/python/3.12.1/lib/python3.12/site-packages/airflow/example_dags/example_skip_dag.py                                                                  1           0  0.10s           2026-04-25T09:21:39
/usr/local/python/3.12.1/lib/python3.12/site-packages/airflow/example_dags/example_external_task_marker_dag.py                                                  2           0  0.10s           2026-04-25T09:21:59
/usr/local/python/3.12.1/lib/python3.12/site-packages/airflow/example_dags/tutorial_taskflow_api.py                                                             1           0  0.10s           2026-04-25T09:21:52
/usr/local/python/3.12.1/lib/python3.12/site-packages/airflow/example_dags/example_time_delta_sensor_async.py                                                   1           0  0.10s           2026-04-25T09:22:14
/usr/local/python/3.12.1/lib/python3.12/site-packages/airflow/example_dags/example_task_group_decorator.py                                                      1           0  0.10s           2026-04-25T09:22:15
/usr/local/python/3.12.1/lib/python3.12/site-packages/airflow/example_dags/example_sla_dag.py                                                                   1           0  0.10s           2026-04-25T09:22:18
/usr/local/python/3.12.1/lib/python3.12/site-packages/airflow/example_dags/example_task_group.py                                                                1           0  0.10s           2026-04-25T09:21:53
/usr/local/python/3.12.1/lib/python3.12/site-packages/airflow/example_dags/example_complex.py                                                                   1           0  0.10s           2026-04-25T09:22:06
/usr/local/python/3.12.1/lib/python3.12/site-packages/airflow/example_dags/example_bash_decorator.py                                                            1           0  0.10s           2026-04-25T09:21:26
================================================================================
[2026-04-25T09:22:48.750+0000] {manager.py:878} INFO - 
================================================================================
DAG File Processing Stats

File Path                                                                                                                              PID    Runtime      # DAGs    # Errors  Last Runtime    Last Run
-------------------------------------------------------------------------------------------------------------------------------------  -----  ---------  --------  ----------  --------------  -------------------
/usr/local/python/3.12.1/lib/python3.12/site-packages/airflow/example_dags/example_dag_decorator.py                                                             1           0  0.41s           2026-04-25T09:22:03
/usr/local/python/3.12.1/lib/python3.12/site-packages/airflow/example_dags/example_datasets.py                                                                 10           0  0.22s           2026-04-25T09:22:00
/usr/local/python/3.12.1/lib/python3.12/site-packages/airflow/example_dags/example_branch_operator.py                                                           1           0  0.21s           2026-04-25T09:22:20
/usr/local/python/3.12.1/lib/python3.12/site-packages/airflow/example_dags/example_branch_operator_decorator.py                                                 1           0  0.21s           2026-04-25T09:22:04
/usr/local/python/3.12.1/lib/python3.12/site-packages/airflow/example_dags/example_bash_decorator.py                                                            1           0  0.20s           2026-04-25T09:22:26
/usr/local/python/3.12.1/lib/python3.12/site-packages/airflow/example_dags/example_latest_only_with_trigger.py                                                  1           0  0.11s           2026-04-25T09:22:40
/usr/local/python/3.12.1/lib/python3.12/site-packages/airflow/example_dags/example_branch_day_of_week_operator.py                                               1           0  0.11s           2026-04-25T09:22:22
/usr/local/python/3.12.1/lib/python3.12/site-packages/airflow/example_dags/example_setup_teardown.py                                                            1           0  0.11s           2026-04-25T09:22:38
/usr/local/python/3.12.1/lib/python3.12/site-packages/airflow/example_dags/example_trigger_target_dag.py                                                        1           0  0.11s           2026-04-25T09:22:10
/usr/local/python/3.12.1/lib/python3.12/site-packages/airflow/example_dags/plugins/decreasing_priority_weight_strategy.py                                       0           0  0.11s           2026-04-25T09:22:30
/usr/local/python/3.12.1/lib/python3.12/site-packages/airflow/example_dags/example_short_circuit_decorator.py                                                   1           0  0.11s           2026-04-25T09:22:37
/usr/local/python/3.12.1/lib/python3.12/site-packages/airflow/example_dags/tutorial_dag.py                                                                      1           0  0.11s           2026-04-25T09:22:12
/usr/local/python/3.12.1/lib/python3.12/site-packages/airflow/example_dags/tutorial.py                                                                          1           0  0.10s           2026-04-25T09:22:09
/usr/local/python/3.12.1/lib/python3.12/site-packages/airflow/example_dags/example_display_name.py                                                              1           0  0.10s           2026-04-25T09:22:01
/usr/local/python/3.12.1/lib/python3.12/site-packages/airflow/example_dags/example_dynamic_task_mapping_with_no_taskflow_operators.py                           1           0  0.10s           2026-04-25T09:22:44
/usr/local/python/3.12.1/lib/python3.12/site-packages/airflow/example_dags/example_dynamic_task_mapping.py                                                      1           0  0.10s           2026-04-25T09:22:02
/usr/local/python/3.12.1/lib/python3.12/site-packages/airflow/example_dags/example_setup_teardown_taskflow.py                                                   1           0  0.10s           2026-04-25T09:22:36
/usr/local/python/3.12.1/lib/python3.12/site-packages/airflow/example_dags/example_sensor_decorator.py                                                          1           0  0.10s           2026-04-25T09:22:40
/usr/local/python/3.12.1/lib/python3.12/site-packages/airflow/example_dags/example_xcom.py                                                                      1           0  0.10s           2026-04-25T09:22:11
/usr/local/python/3.12.1/lib/python3.12/site-packages/airflow/example_dags/example_passing_params_via_test_command.py                                           1           0  0.10s           2026-04-25T09:22:18
/usr/local/python/3.12.1/lib/python3.12/site-packages/airflow/example_dags/example_python_decorator.py                                                          1           0  0.10s           2026-04-25T09:21:57
/usr/local/python/3.12.1/lib/python3.12/site-packages/airflow/example_dags/subdags/subdag.py                                                                    0           0  0.10s           2026-04-25T09:22:27
/usr/local/python/3.12.1/lib/python3.12/site-packages/airflow/example_dags/example_short_circuit_operator.py                                                    1           0  0.10s           2026-04-25T09:22:17
/usr/local/python/3.12.1/lib/python3.12/site-packages/airflow/example_dags/tutorial_taskflow_api.py                                                             1           0  0.10s           2026-04-25T09:22:31
/usr/local/python/3.12.1/lib/python3.12/site-packages/airflow/example_dags/example_latest_only.py                                                               1           0  0.10s           2026-04-25T09:22:46
/usr/local/python/3.12.1/lib/python3.12/site-packages/airflow/example_dags/example_trigger_controller_dag.py                                                    1           0  0.10s           2026-04-25T09:22:13
/usr/local/python/3.12.1/lib/python3.12/site-packages/airflow/example_dags/example_branch_python_dop_operator_3.py                                              1           0  0.10s           2026-04-25T09:22:05
/usr/local/python/3.12.1/lib/python3.12/site-packages/airflow/example_dags/example_subdag_operator.py                                                           3           0  0.10s           2026-04-25T09:22:34
/usr/local/python/3.12.1/lib/python3.12/site-packages/airflow/example_dags/example_python_operator.py                                                           1           0  0.10s           2026-04-25T09:22:18
/usr/local/python/3.12.1/lib/python3.12/site-packages/airflow/example_dags/example_kubernetes_executor.py                                                       0           0  0.10s           2026-04-25T09:22:45
/usr/local/python/3.12.1/lib/python3.12/site-packages/airflow/example_dags/example_branch_datetime_operator.py                                                  3           0  0.10s           2026-04-25T09:22:21
/usr/local/python/3.12.1/lib/python3.12/site-packages/airflow/example_dags/example_nested_branch_dag.py                                                         1           0  0.10s           2026-04-25T09:22:44
/usr/local/python/3.12.1/lib/python3.12/site-packages/airflow/example_dags/example_params_trigger_ui.py                                                         1           0  0.10s           2026-04-25T09:22:43
/usr/local/python/3.12.1/lib/python3.12/site-packages/airflow/example_dags/plugins/workday.py                                                                   0           0  0.10s           2026-04-25T09:22:29
/usr/local/python/3.12.1/lib/python3.12/site-packages/airflow/example_dags/tutorial_objectstorage.py                                                            0           1  0.10s           2026-04-25T09:22:33
/usr/local/python/3.12.1/lib/python3.12/site-packages/airflow/example_dags/example_local_kubernetes_executor.py                                                 0           0  0.10s           2026-04-25T09:22:42
/usr/local/python/3.12.1/lib/python3.12/site-packages/airflow/example_dags/tutorial_taskflow_api_virtualenv.py                                                  1           0  0.10s           2026-04-25T09:22:48
/usr/local/python/3.12.1/lib/python3.12/site-packages/airflow/example_dags/example_external_task_marker_dag.py                                                  2           0  0.10s           2026-04-25T09:21:59
/usr/local/python/3.12.1/lib/python3.12/site-packages/airflow/example_dags/example_skip_dag.py                                                                  1           0  0.10s           2026-04-25T09:22:35
/usr/local/python/3.12.1/lib/python3.12/site-packages/airflow/example_dags/example_bash_operator.py                                                             1           0  0.10s           2026-04-25T09:22:25
/usr/local/python/3.12.1/lib/python3.12/site-packages/airflow/example_dags/plugins/listener_plugin.py                                                           0           0  0.10s           2026-04-25T09:22:28
/usr/local/python/3.12.1/lib/python3.12/site-packages/airflow/example_dags/example_xcomargs.py                                                                  2           0  0.10s           2026-04-25T09:22:48
/usr/local/python/3.12.1/lib/python3.12/site-packages/airflow/example_dags/plugins/event_listener.py                                                            0           0  0.10s           2026-04-25T09:22:30
/usr/local/python/3.12.1/lib/python3.12/site-packages/airflow/example_dags/example_time_delta_sensor_async.py                                                   1           0  0.10s           2026-04-25T09:22:14
/usr/local/python/3.12.1/lib/python3.12/site-packages/airflow/example_dags/example_task_group_decorator.py                                                      1           0  0.10s           2026-04-25T09:22:15
/usr/local/python/3.12.1/lib/python3.12/site-packages/airflow/example_dags/example_sla_dag.py                                                                   1           0  0.10s           2026-04-25T09:22:18
/usr/local/python/3.12.1/lib/python3.12/site-packages/airflow/example_dags/example_params_ui_tutorial.py                                                        1           0  0.10s           2026-04-25T09:22:19
/usr/local/python/3.12.1/lib/python3.12/site-packages/airflow/example_dags/example_sensors.py                                                                   1           0  0.10s           2026-04-25T09:22:39
/usr/local/python/3.12.1/lib/python3.12/site-packages/airflow/example_dags/example_branch_labels.py                                                             1           0  0.10s           2026-04-25T09:22:23
/usr/local/python/3.12.1/lib/python3.12/site-packages/airflow/example_dags/example_complex.py                                                                   1           0  0.10s           2026-04-25T09:22:06
/usr/local/python/3.12.1/lib/python3.12/site-packages/airflow/example_dags/example_task_group.py                                                                1           0  0.10s           2026-04-25T09:22:33
================================================================================
[2026-04-25T09:23:19.028+0000] {manager.py:878} INFO - 
================================================================================
DAG File Processing Stats

File Path                                                                                                                              PID    Runtime      # DAGs    # Errors  Last Runtime    Last Run
-------------------------------------------------------------------------------------------------------------------------------------  -----  ---------  --------  ----------  --------------  -------------------
/usr/local/python/3.12.1/lib/python3.12/site-packages/airflow/example_dags/example_dag_decorator.py                                                             1           0  0.20s           2026-04-25T09:23:02
/usr/local/python/3.12.1/lib/python3.12/site-packages/airflow/example_dags/example_bash_decorator.py                                                            1           0  0.20s           2026-04-25T09:22:26
/usr/local/python/3.12.1/lib/python3.12/site-packages/airflow/example_dags/example_latest_only_with_trigger.py                                                  1           0  0.11s           2026-04-25T09:22:40
/usr/local/python/3.12.1/lib/python3.12/site-packages/airflow/example_dags/example_branch_day_of_week_operator.py                                               1           0  0.11s           2026-04-25T09:22:22
/usr/local/python/3.12.1/lib/python3.12/site-packages/airflow/example_dags/example_setup_teardown.py                                                            1           0  0.11s           2026-04-25T09:22:38
/usr/local/python/3.12.1/lib/python3.12/site-packages/airflow/example_dags/example_short_circuit_decorator.py                                                   1           0  0.11s           2026-04-25T09:22:37
/usr/local/python/3.12.1/lib/python3.12/site-packages/airflow/example_dags/example_datasets.py                                                                 10           0  0.11s           2026-04-25T09:22:59
/usr/local/python/3.12.1/lib/python3.12/site-packages/airflow/example_dags/example_branch_operator.py                                                           1           0  0.10s           2026-04-25T09:23:19
/usr/local/python/3.12.1/lib/python3.12/site-packages/airflow/example_dags/example_dynamic_task_mapping.py                                                      1           0  0.10s           2026-04-25T09:23:01
/usr/local/python/3.12.1/lib/python3.12/site-packages/airflow/example_dags/example_dynamic_task_mapping_with_no_taskflow_operators.py                           1           0  0.10s           2026-04-25T09:22:44
/usr/local/python/3.12.1/lib/python3.12/site-packages/airflow/example_dags/example_setup_teardown_taskflow.py                                                   1           0  0.10s           2026-04-25T09:22:36
/usr/local/python/3.12.1/lib/python3.12/site-packages/airflow/example_dags/example_sla_dag.py                                                                   1           0  0.10s           2026-04-25T09:23:13
/usr/local/python/3.12.1/lib/python3.12/site-packages/airflow/example_dags/example_sensor_decorator.py                                                          1           0  0.10s           2026-04-25T09:22:40
/usr/local/python/3.12.1/lib/python3.12/site-packages/airflow/example_dags/tutorial_taskflow_api.py                                                             1           0  0.10s           2026-04-25T09:23:11
/usr/local/python/3.12.1/lib/python3.12/site-packages/airflow/example_dags/example_short_circuit_operator.py                                                    1           0  0.10s           2026-04-25T09:22:56
/usr/local/python/3.12.1/lib/python3.12/site-packages/airflow/example_dags/example_python_operator.py                                                           1           0  0.10s           2026-04-25T09:23:16
/usr/local/python/3.12.1/lib/python3.12/site-packages/airflow/example_dags/example_subdag_operator.py                                                           3           0  0.10s           2026-04-25T09:23:14
/usr/local/python/3.12.1/lib/python3.12/site-packages/airflow/example_dags/tutorial_objectstorage.py                                                            0           1  0.10s           2026-04-25T09:23:11
/usr/local/python/3.12.1/lib/python3.12/site-packages/airflow/example_dags/tutorial_dag.py                                                                      1           0  0.10s           2026-04-25T09:22:52
/usr/local/python/3.12.1/lib/python3.12/site-packages/airflow/example_dags/plugins/workday.py                                                                   0           0  0.10s           2026-04-25T09:23:08
/usr/local/python/3.12.1/lib/python3.12/site-packages/airflow/example_dags/tutorial.py                                                                          1           0  0.10s           2026-04-25T09:22:49
/usr/local/python/3.12.1/lib/python3.12/site-packages/airflow/example_dags/example_latest_only.py                                                               1           0  0.10s           2026-04-25T09:22:46
/usr/local/python/3.12.1/lib/python3.12/site-packages/airflow/example_dags/example_skip_dag.py                                                                  1           0  0.10s           2026-04-25T09:23:15
/usr/local/python/3.12.1/lib/python3.12/site-packages/airflow/example_dags/example_xcom.py                                                                      1           0  0.10s           2026-04-25T09:22:51
/usr/local/python/3.12.1/lib/python3.12/site-packages/airflow/example_dags/example_python_decorator.py                                                          1           0  0.10s           2026-04-25T09:22:57
/usr/local/python/3.12.1/lib/python3.12/site-packages/airflow/example_dags/example_task_group.py                                                                1           0  0.10s           2026-04-25T09:23:12
/usr/local/python/3.12.1/lib/python3.12/site-packages/airflow/example_dags/example_passing_params_via_test_command.py                                           1           0  0.10s           2026-04-25T09:23:17
/usr/local/python/3.12.1/lib/python3.12/site-packages/airflow/example_dags/example_trigger_controller_dag.py                                                    1           0  0.10s           2026-04-25T09:22:53
/usr/local/python/3.12.1/lib/python3.12/site-packages/airflow/example_dags/example_time_delta_sensor_async.py                                                   1           0  0.10s           2026-04-25T09:22:54
/usr/local/python/3.12.1/lib/python3.12/site-packages/airflow/example_dags/example_kubernetes_executor.py                                                       0           0  0.10s           2026-04-25T09:22:45
/usr/local/python/3.12.1/lib/python3.12/site-packages/airflow/example_dags/example_branch_datetime_operator.py                                                  3           0  0.10s           2026-04-25T09:22:21
/usr/local/python/3.12.1/lib/python3.12/site-packages/airflow/example_dags/example_nested_branch_dag.py                                                         1           0  0.10s           2026-04-25T09:22:44
/usr/local/python/3.12.1/lib/python3.12/site-packages/airflow/example_dags/example_params_trigger_ui.py                                                         1           0  0.10s           2026-04-25T09:22:43
/usr/local/python/3.12.1/lib/python3.12/site-packages/airflow/example_dags/example_local_kubernetes_executor.py                                                 0           0  0.10s           2026-04-25T09:22:42
/usr/local/python/3.12.1/lib/python3.12/site-packages/airflow/example_dags/tutorial_taskflow_api_virtualenv.py                                                  1           0  0.10s           2026-04-25T09:22:48
/usr/local/python/3.12.1/lib/python3.12/site-packages/airflow/example_dags/example_task_group_decorator.py                                                      1           0  0.10s           2026-04-25T09:22:55
/usr/local/python/3.12.1/lib/python3.12/site-packages/airflow/example_dags/example_bash_operator.py                                                             1           0  0.10s           2026-04-25T09:22:25
/usr/local/python/3.12.1/lib/python3.12/site-packages/airflow/example_dags/example_branch_operator_decorator.py                                                 1           0  0.10s           2026-04-25T09:23:03
/usr/local/python/3.12.1/lib/python3.12/site-packages/airflow/example_dags/example_external_task_marker_dag.py                                                  2           0  0.10s           2026-04-25T09:22:59
/usr/local/python/3.12.1/lib/python3.12/site-packages/airflow/example_dags/example_complex.py                                                                   1           0  0.10s           2026-04-25T09:23:04
/usr/local/python/3.12.1/lib/python3.12/site-packages/airflow/example_dags/example_display_name.py                                                              1           0  0.10s           2026-04-25T09:23:00
/usr/local/python/3.12.1/lib/python3.12/site-packages/airflow/example_dags/subdags/subdag.py                                                                    0           0  0.10s           2026-04-25T09:23:05
/usr/local/python/3.12.1/lib/python3.12/site-packages/airflow/example_dags/example_xcomargs.py                                                                  2           0  0.10s           2026-04-25T09:22:48
/usr/local/python/3.12.1/lib/python3.12/site-packages/airflow/example_dags/example_params_ui_tutorial.py                                                        1           0  0.10s           2026-04-25T09:23:18
/usr/local/python/3.12.1/lib/python3.12/site-packages/airflow/example_dags/plugins/decreasing_priority_weight_strategy.py                                       0           0  0.10s           2026-04-25T09:23:09
/usr/local/python/3.12.1/lib/python3.12/site-packages/airflow/example_dags/plugins/listener_plugin.py                                                           0           0  0.10s           2026-04-25T09:23:07
/usr/local/python/3.12.1/lib/python3.12/site-packages/airflow/example_dags/example_trigger_target_dag.py                                                        1           0  0.10s           2026-04-25T09:22:50
/usr/local/python/3.12.1/lib/python3.12/site-packages/airflow/example_dags/example_sensors.py                                                                   1           0  0.10s           2026-04-25T09:22:39
/usr/local/python/3.12.1/lib/python3.12/site-packages/airflow/example_dags/plugins/event_listener.py                                                            0           0  0.10s           2026-04-25T09:23:09
/usr/local/python/3.12.1/lib/python3.12/site-packages/airflow/example_dags/example_branch_labels.py                                                             1           0  0.10s           2026-04-25T09:22:23
/usr/local/python/3.12.1/lib/python3.12/site-packages/airflow/example_dags/example_branch_python_dop_operator_3.py                                              1           0  0.10s           2026-04-25T09:23:03
================================================================================
[2026-04-25T09:23:44.709+0000] {manager.py:737} INFO - Searching for files in /workspaces/new-balance-price/airflow_home/dags
[2026-04-25T09:23:44.724+0000] {manager.py:740} INFO - There are 51 files in /workspaces/new-balance-price/airflow_home/dags
[2026-04-25T09:23:49.318+0000] {manager.py:878} INFO - 
================================================================================
DAG File Processing Stats

File Path                                                                                                                              PID    Runtime      # DAGs    # Errors  Last Runtime    Last Run
-------------------------------------------------------------------------------------------------------------------------------------  -----  ---------  --------  ----------  --------------  -------------------
/usr/local/python/3.12.1/lib/python3.12/site-packages/airflow/example_dags/example_trigger_controller_dag.py                                                    1           0  0.21s           2026-04-25T09:23:30
/usr/local/python/3.12.1/lib/python3.12/site-packages/airflow/example_dags/example_dag_decorator.py                                                             1           0  0.20s           2026-04-25T09:23:02
/usr/local/python/3.12.1/lib/python3.12/site-packages/airflow/example_dags/example_datasets.py                                                                 10           0  0.11s           2026-04-25T09:22:59
/usr/local/python/3.12.1/lib/python3.12/site-packages/airflow/example_dags/tutorial_taskflow_api_virtualenv.py                                                  1           0  0.11s           2026-04-25T09:23:24
/usr/local/python/3.12.1/lib/python3.12/site-packages/airflow/example_dags/example_sensors.py                                                                   1           0  0.10s           2026-04-25T09:23:35
/usr/local/python/3.12.1/lib/python3.12/site-packages/airflow/example_dags/example_branch_operator.py                                                           1           0  0.10s           2026-04-25T09:23:19
/usr/local/python/3.12.1/lib/python3.12/site-packages/airflow/example_dags/example_short_circuit_decorator.py                                                   1           0  0.10s           2026-04-25T09:23:33
/usr/local/python/3.12.1/lib/python3.12/site-packages/airflow/example_dags/example_dynamic_task_mapping.py                                                      1           0  0.10s           2026-04-25T09:23:01
/usr/local/python/3.12.1/lib/python3.12/site-packages/airflow/example_dags/plugins/decreasing_priority_weight_strategy.py                                       0           0  0.10s           2026-04-25T09:23:47
/usr/local/python/3.12.1/lib/python3.12/site-packages/airflow/example_dags/plugins/event_listener.py                                                            0           0  0.10s           2026-04-25T09:23:45
/usr/local/python/3.12.1/lib/python3.12/site-packages/airflow/example_dags/example_nested_branch_dag.py                                                         1           0  0.10s           2026-04-25T09:23:40
/usr/local/python/3.12.1/lib/python3.12/site-packages/airflow/example_dags/example_bash_decorator.py                                                            1           0  0.10s           2026-04-25T09:23:23
/usr/local/python/3.12.1/lib/python3.12/site-packages/airflow/example_dags/example_time_delta_sensor_async.py                                                   1           0  0.10s           2026-04-25T09:23:31
/usr/local/python/3.12.1/lib/python3.12/site-packages/airflow/example_dags/example_sla_dag.py                                                                   1           0  0.10s           2026-04-25T09:23:13
/usr/local/python/3.12.1/lib/python3.12/site-packages/airflow/example_dags/example_setup_teardown.py                                                            1           0  0.10s           2026-04-25T09:23:34
/usr/local/python/3.12.1/lib/python3.12/site-packages/airflow/example_dags/tutorial.py                                                                          1           0  0.10s           2026-04-25T09:23:26
/usr/local/python/3.12.1/lib/python3.12/site-packages/airflow/example_dags/example_short_circuit_operator.py                                                    1           0  0.10s           2026-04-25T09:22:56
/usr/local/python/3.12.1/lib/python3.12/site-packages/airflow/example_dags/example_python_operator.py                                                           1           0  0.10s           2026-04-25T09:23:16
/usr/local/python/3.12.1/lib/python3.12/site-packages/airflow/example_dags/example_subdag_operator.py                                                           3           0  0.10s           2026-04-25T09:23:14
/usr/local/python/3.12.1/lib/python3.12/site-packages/airflow/example_dags/example_skip_dag.py                                                                  1           0  0.10s           2026-04-25T09:23:15
/usr/local/python/3.12.1/lib/python3.12/site-packages/airflow/example_dags/example_python_decorator.py                                                          1           0  0.10s           2026-04-25T09:22:57
/usr/local/python/3.12.1/lib/python3.12/site-packages/airflow/example_dags/example_task_group.py                                                                1           0  0.10s           2026-04-25T09:23:12
/usr/local/python/3.12.1/lib/python3.12/site-packages/airflow/example_dags/example_passing_params_via_test_command.py                                           1           0  0.10s           2026-04-25T09:23:17
/usr/local/python/3.12.1/lib/python3.12/site-packages/airflow/example_dags/plugins/workday.py                                                                   0           0  0.10s           2026-04-25T09:23:44
/usr/local/python/3.12.1/lib/python3.12/site-packages/airflow/example_dags/example_branch_labels.py                                                             1           0  0.10s           2026-04-25T09:23:21
/usr/local/python/3.12.1/lib/python3.12/site-packages/airflow/example_dags/tutorial_taskflow_api.py                                                             1           0  0.10s           2026-04-25T09:23:48
/usr/local/python/3.12.1/lib/python3.12/site-packages/airflow/example_dags/example_bash_operator.py                                                             1           0  0.10s           2026-04-25T09:23:22
/usr/local/python/3.12.1/lib/python3.12/site-packages/airflow/example_dags/example_latest_only.py                                                               1           0  0.10s           2026-04-25T09:23:42
/usr/local/python/3.12.1/lib/python3.12/site-packages/airflow/example_dags/example_sensor_decorator.py                                                          1           0  0.10s           2026-04-25T09:23:35
/usr/local/python/3.12.1/lib/python3.12/site-packages/airflow/example_dags/example_branch_datetime_operator.py                                                  3           0  0.10s           2026-04-25T09:23:20
/usr/local/python/3.12.1/lib/python3.12/site-packages/airflow/example_dags/example_latest_only_with_trigger.py                                                  1           0  0.10s           2026-04-25T09:23:36
/usr/local/python/3.12.1/lib/python3.12/site-packages/airflow/example_dags/tutorial_dag.py                                                                      1           0  0.10s           2026-04-25T09:23:29
/usr/local/python/3.12.1/lib/python3.12/site-packages/airflow/example_dags/example_task_group_decorator.py                                                      1           0  0.10s           2026-04-25T09:22:55
/usr/local/python/3.12.1/lib/python3.12/site-packages/airflow/example_dags/example_branch_operator_decorator.py                                                 1           0  0.10s           2026-04-25T09:23:03
/usr/local/python/3.12.1/lib/python3.12/site-packages/airflow/example_dags/example_external_task_marker_dag.py                                                  2           0  0.10s           2026-04-25T09:22:59
/usr/local/python/3.12.1/lib/python3.12/site-packages/airflow/example_dags/example_complex.py                                                                   1           0  0.10s           2026-04-25T09:23:04
/usr/local/python/3.12.1/lib/python3.12/site-packages/airflow/example_dags/example_display_name.py                                                              1           0  0.10s           2026-04-25T09:23:00
/usr/local/python/3.12.1/lib/python3.12/site-packages/airflow/example_dags/plugins/listener_plugin.py                                                           0           0  0.10s           2026-04-25T09:23:44
/usr/local/python/3.12.1/lib/python3.12/site-packages/airflow/example_dags/example_params_ui_tutorial.py                                                        1           0  0.10s           2026-04-25T09:23:18
/usr/local/python/3.12.1/lib/python3.12/site-packages/airflow/example_dags/example_params_trigger_ui.py                                                         1           0  0.10s           2026-04-25T09:23:39
/usr/local/python/3.12.1/lib/python3.12/site-packages/airflow/example_dags/example_trigger_target_dag.py                                                        1           0  0.10s           2026-04-25T09:23:27
/usr/local/python/3.12.1/lib/python3.12/site-packages/airflow/example_dags/subdags/subdag.py                                                                    0           0  0.10s           2026-04-25T09:23:43
/usr/local/python/3.12.1/lib/python3.12/site-packages/airflow/example_dags/tutorial_objectstorage.py                                                            0           1  0.10s           2026-04-25T09:23:49
/usr/local/python/3.12.1/lib/python3.12/site-packages/airflow/example_dags/example_kubernetes_executor.py                                                       0           0  0.10s           2026-04-25T09:23:41
/usr/local/python/3.12.1/lib/python3.12/site-packages/airflow/example_dags/example_xcom.py                                                                      1           0  0.10s           2026-04-25T09:23:28
/usr/local/python/3.12.1/lib/python3.12/site-packages/airflow/example_dags/example_branch_day_of_week_operator.py                                               1           0  0.10s           2026-04-25T09:23:21
/usr/local/python/3.12.1/lib/python3.12/site-packages/airflow/example_dags/example_dynamic_task_mapping_with_no_taskflow_operators.py                           1           0  0.10s           2026-04-25T09:23:40
/usr/local/python/3.12.1/lib/python3.12/site-packages/airflow/example_dags/example_xcomargs.py                                                                  2           0  0.10s           2026-04-25T09:23:25
/usr/local/python/3.12.1/lib/python3.12/site-packages/airflow/example_dags/example_local_kubernetes_executor.py                                                 0           0  0.10s           2026-04-25T09:23:37
/usr/local/python/3.12.1/lib/python3.12/site-packages/airflow/example_dags/example_setup_teardown_taskflow.py                                                   1           0  0.10s           2026-04-25T09:23:32
/usr/local/python/3.12.1/lib/python3.12/site-packages/airflow/example_dags/example_branch_python_dop_operator_3.py                                              1           0  0.10s           2026-04-25T09:23:03
================================================================================
[2026-04-25T09:24:19.534+0000] {manager.py:878} INFO - 
================================================================================
DAG File Processing Stats

File Path                                                                                                                              PID    Runtime      # DAGs    # Errors  Last Runtime    Last Run
-------------------------------------------------------------------------------------------------------------------------------------  -----  ---------  --------  ----------  --------------  -------------------
/usr/local/python/3.12.1/lib/python3.12/site-packages/airflow/example_dags/example_dag_decorator.py                                                             1           0  0.31s           2026-04-25T09:23:58
/usr/local/python/3.12.1/lib/python3.12/site-packages/airflow/example_dags/example_dynamic_task_mapping.py                                                      1           0  0.11s           2026-04-25T09:23:57
/usr/local/python/3.12.1/lib/python3.12/site-packages/airflow/example_dags/example_datasets.py                                                                 10           0  0.11s           2026-04-25T09:23:55
/usr/local/python/3.12.1/lib/python3.12/site-packages/airflow/example_dags/example_sensors.py                                                                   1           0  0.10s           2026-04-25T09:23:35
/usr/local/python/3.12.1/lib/python3.12/site-packages/airflow/example_dags/example_short_circuit_decorator.py                                                   1           0  0.10s           2026-04-25T09:23:33
/usr/local/python/3.12.1/lib/python3.12/site-packages/airflow/example_dags/example_time_delta_sensor_async.py                                                   1           0  0.10s           2026-04-25T09:24:09
/usr/local/python/3.12.1/lib/python3.12/site-packages/airflow/example_dags/example_branch_datetime_operator.py                                                  3           0  0.10s           2026-04-25T09:24:17
/usr/local/python/3.12.1/lib/python3.12/site-packages/airflow/example_dags/plugins/decreasing_priority_weight_strategy.py                                       0           0  0.10s           2026-04-25T09:23:47
/usr/local/python/3.12.1/lib/python3.12/site-packages/airflow/example_dags/example_skip_dag.py                                                                  1           0  0.10s           2026-04-25T09:24:12
/usr/local/python/3.12.1/lib/python3.12/site-packages/airflow/example_dags/plugins/event_listener.py                                                            0           0  0.10s           2026-04-25T09:23:45
/usr/local/python/3.12.1/lib/python3.12/site-packages/airflow/example_dags/example_nested_branch_dag.py                                                         1           0  0.10s           2026-04-25T09:23:40
/usr/local/python/3.12.1/lib/python3.12/site-packages/airflow/example_dags/example_bash_decorator.py                                                            1           0  0.10s           2026-04-25T09:23:23
/usr/local/python/3.12.1/lib/python3.12/site-packages/airflow/example_dags/example_complex.py                                                                   1           0  0.10s           2026-04-25T09:24:01
/usr/local/python/3.12.1/lib/python3.12/site-packages/airflow/example_dags/example_branch_day_of_week_operator.py                                               1           0  0.10s           2026-04-25T09:24:19
/usr/local/python/3.12.1/lib/python3.12/site-packages/airflow/example_dags/example_setup_teardown.py                                                            1           0  0.10s           2026-04-25T09:23:34
/usr/local/python/3.12.1/lib/python3.12/site-packages/airflow/example_dags/tutorial_taskflow_api_virtualenv.py                                                  1           0  0.10s           2026-04-25T09:24:02
/usr/local/python/3.12.1/lib/python3.12/site-packages/airflow/example_dags/example_params_ui_tutorial.py                                                        1           0  0.10s           2026-04-25T09:24:15
/usr/local/python/3.12.1/lib/python3.12/site-packages/airflow/example_dags/example_task_group.py                                                                1           0  0.10s           2026-04-25T09:23:51
/usr/local/python/3.12.1/lib/python3.12/site-packages/airflow/example_dags/example_branch_operator.py                                                           1           0  0.10s           2026-04-25T09:24:16
/usr/local/python/3.12.1/lib/python3.12/site-packages/airflow/example_dags/tutorial.py                                                                          1           0  0.10s           2026-04-25T09:24:04
/usr/local/python/3.12.1/lib/python3.12/site-packages/airflow/example_dags/plugins/workday.py                                                                   0           0  0.10s           2026-04-25T09:23:44
/usr/local/python/3.12.1/lib/python3.12/site-packages/airflow/example_dags/tutorial_taskflow_api.py                                                             1           0  0.10s           2026-04-25T09:23:48
/usr/local/python/3.12.1/lib/python3.12/site-packages/airflow/example_dags/example_bash_operator.py                                                             1           0  0.10s           2026-04-25T09:23:22
/usr/local/python/3.12.1/lib/python3.12/site-packages/airflow/example_dags/example_latest_only.py                                                               1           0  0.10s           2026-04-25T09:23:42
/usr/local/python/3.12.1/lib/python3.12/site-packages/airflow/example_dags/example_branch_operator_decorator.py                                                 1           0  0.10s           2026-04-25T09:23:59
/usr/local/python/3.12.1/lib/python3.12/site-packages/airflow/example_dags/example_sensor_decorator.py                                                          1           0  0.10s           2026-04-25T09:23:35
/usr/local/python/3.12.1/lib/python3.12/site-packages/airflow/example_dags/example_branch_python_dop_operator_3.py                                              1           0  0.10s           2026-04-25T09:24:00
/usr/local/python/3.12.1/lib/python3.12/site-packages/airflow/example_dags/example_external_task_marker_dag.py                                                  2           0  0.10s           2026-04-25T09:23:54
/usr/local/python/3.12.1/lib/python3.12/site-packages/airflow/example_dags/example_passing_params_via_test_command.py                                           1           0  0.10s           2026-04-25T09:24:14
/usr/local/python/3.12.1/lib/python3.12/site-packages/airflow/example_dags/example_latest_only_with_trigger.py                                                  1           0  0.10s           2026-04-25T09:23:36
/usr/local/python/3.12.1/lib/python3.12/site-packages/airflow/example_dags/example_trigger_target_dag.py                                                        1           0  0.10s           2026-04-25T09:24:05
/usr/local/python/3.12.1/lib/python3.12/site-packages/airflow/example_dags/example_task_group_decorator.py                                                      1           0  0.10s           2026-04-25T09:23:50
/usr/local/python/3.12.1/lib/python3.12/site-packages/airflow/example_dags/example_short_circuit_operator.py                                                    1           0  0.10s           2026-04-25T09:23:51
/usr/local/python/3.12.1/lib/python3.12/site-packages/airflow/example_dags/example_python_operator.py                                                           1           0  0.10s           2026-04-25T09:24:13
/usr/local/python/3.12.1/lib/python3.12/site-packages/airflow/example_dags/tutorial_dag.py                                                                      1           0  0.10s           2026-04-25T09:24:07
/usr/local/python/3.12.1/lib/python3.12/site-packages/airflow/example_dags/example_sla_dag.py                                                                   1           0  0.10s           2026-04-25T09:24:11
/usr/local/python/3.12.1/lib/python3.12/site-packages/airflow/example_dags/example_display_name.py                                                              1           0  0.10s           2026-04-25T09:23:56
/usr/local/python/3.12.1/lib/python3.12/site-packages/airflow/example_dags/example_xcomargs.py                                                                  2           0  0.10s           2026-04-25T09:24:03
/usr/local/python/3.12.1/lib/python3.12/site-packages/airflow/example_dags/plugins/listener_plugin.py                                                           0           0  0.10s           2026-04-25T09:23:44
/usr/local/python/3.12.1/lib/python3.12/site-packages/airflow/example_dags/example_branch_labels.py                                                             1           0  0.10s           2026-04-25T09:24:19
/usr/local/python/3.12.1/lib/python3.12/site-packages/airflow/example_dags/example_params_trigger_ui.py                                                         1           0  0.10s           2026-04-25T09:23:39
/usr/local/python/3.12.1/lib/python3.12/site-packages/airflow/example_dags/subdags/subdag.py                                                                    0           0  0.10s           2026-04-25T09:23:43
/usr/local/python/3.12.1/lib/python3.12/site-packages/airflow/example_dags/tutorial_objectstorage.py                                                            0           1  0.10s           2026-04-25T09:23:49
/usr/local/python/3.12.1/lib/python3.12/site-packages/airflow/example_dags/example_kubernetes_executor.py                                                       0           0  0.10s           2026-04-25T09:23:41
/usr/local/python/3.12.1/lib/python3.12/site-packages/airflow/example_dags/example_subdag_operator.py                                                           3           0  0.10s           2026-04-25T09:24:11
/usr/local/python/3.12.1/lib/python3.12/site-packages/airflow/example_dags/example_dynamic_task_mapping_with_no_taskflow_operators.py                           1           0  0.10s           2026-04-25T09:23:40
/usr/local/python/3.12.1/lib/python3.12/site-packages/airflow/example_dags/example_trigger_controller_dag.py                                                    1           0  0.10s           2026-04-25T09:24:08
/usr/local/python/3.12.1/lib/python3.12/site-packages/airflow/example_dags/example_xcom.py                                                                      1           0  0.10s           2026-04-25T09:24:06
/usr/local/python/3.12.1/lib/python3.12/site-packages/airflow/example_dags/example_local_kubernetes_executor.py                                                 0           0  0.10s           2026-04-25T09:23:37
/usr/local/python/3.12.1/lib/python3.12/site-packages/airflow/example_dags/example_setup_teardown_taskflow.py                                                   1           0  0.10s           2026-04-25T09:23:32
/usr/local/python/3.12.1/lib/python3.12/site-packages/airflow/example_dags/example_python_decorator.py                                                          1           0  0.10s           2026-04-25T09:23:53
================================================================================
[2026-04-25T09:24:49.756+0000] {manager.py:878} INFO - 
================================================================================
DAG File Processing Stats

File Path                                                                                                                              PID    Runtime      # DAGs    # Errors  Last Runtime    Last Run
-------------------------------------------------------------------------------------------------------------------------------------  -----  ---------  --------  ----------  --------------  -------------------
/usr/local/python/3.12.1/lib/python3.12/site-packages/airflow/example_dags/example_dag_decorator.py                                                             1           0  0.31s           2026-04-25T09:23:58
/usr/local/python/3.12.1/lib/python3.12/site-packages/airflow/example_dags/example_params_trigger_ui.py                                                         1           0  0.21s           2026-04-25T09:24:39
/usr/local/python/3.12.1/lib/python3.12/site-packages/airflow/example_dags/example_dynamic_task_mapping.py                                                      1           0  0.11s           2026-04-25T09:23:57
/usr/local/python/3.12.1/lib/python3.12/site-packages/airflow/example_dags/tutorial_objectstorage.py                                                            0           1  0.11s           2026-04-25T09:24:29
/usr/local/python/3.12.1/lib/python3.12/site-packages/airflow/example_dags/example_datasets.py                                                                 10           0  0.11s           2026-04-25T09:23:55
/usr/local/python/3.12.1/lib/python3.12/site-packages/airflow/example_dags/example_nested_branch_dag.py                                                         1           0  0.11s           2026-04-25T09:24:40
/usr/local/python/3.12.1/lib/python3.12/site-packages/airflow/example_dags/plugins/workday.py                                                                   0           0  0.11s           2026-04-25T09:24:24
/usr/local/python/3.12.1/lib/python3.12/site-packages/airflow/example_dags/example_time_delta_sensor_async.py                                                   1           0  0.10s           2026-04-25T09:24:09
/usr/local/python/3.12.1/lib/python3.12/site-packages/airflow/example_dags/example_branch_datetime_operator.py                                                  3           0  0.10s           2026-04-25T09:24:17
/usr/local/python/3.12.1/lib/python3.12/site-packages/airflow/example_dags/example_latest_only.py                                                               1           0  0.10s           2026-04-25T09:24:42
/usr/local/python/3.12.1/lib/python3.12/site-packages/airflow/example_dags/example_xcom.py                                                                      1           0  0.10s           2026-04-25T09:24:47
/usr/local/python/3.12.1/lib/python3.12/site-packages/airflow/example_dags/example_skip_dag.py                                                                  1           0  0.10s           2026-04-25T09:24:12
/usr/local/python/3.12.1/lib/python3.12/site-packages/airflow/example_dags/example_complex.py                                                                   1           0  0.10s           2026-04-25T09:24:01
/usr/local/python/3.12.1/lib/python3.12/site-packages/airflow/example_dags/example_branch_day_of_week_operator.py                                               1           0  0.10s           2026-04-25T09:24:19
/usr/local/python/3.12.1/lib/python3.12/site-packages/airflow/example_dags/example_params_ui_tutorial.py                                                        1           0  0.10s           2026-04-25T09:24:15
/usr/local/python/3.12.1/lib/python3.12/site-packages/airflow/example_dags/example_branch_operator.py                                                           1           0  0.10s           2026-04-25T09:24:16
/usr/local/python/3.12.1/lib/python3.12/site-packages/airflow/example_dags/example_bash_decorator.py                                                            1           0  0.10s           2026-04-25T09:24:21
/usr/local/python/3.12.1/lib/python3.12/site-packages/airflow/example_dags/example_task_group.py                                                                1           0  0.10s           2026-04-25T09:24:31
/usr/local/python/3.12.1/lib/python3.12/site-packages/airflow/example_dags/example_short_circuit_decorator.py                                                   1           0  0.10s           2026-04-25T09:24:33
/usr/local/python/3.12.1/lib/python3.12/site-packages/airflow/example_dags/example_sensor_decorator.py                                                          1           0  0.10s           2026-04-25T09:24:36
/usr/local/python/3.12.1/lib/python3.12/site-packages/airflow/example_dags/example_bash_operator.py                                                             1           0  0.10s           2026-04-25T09:24:20
/usr/local/python/3.12.1/lib/python3.12/site-packages/airflow/example_dags/example_kubernetes_executor.py                                                       0           0  0.10s           2026-04-25T09:24:42
/usr/local/python/3.12.1/lib/python3.12/site-packages/airflow/example_dags/example_xcomargs.py                                                                  2           0  0.10s           2026-04-25T09:24:44
/usr/local/python/3.12.1/lib/python3.12/site-packages/airflow/example_dags/tutorial_taskflow_api_virtualenv.py                                                  1           0  0.10s           2026-04-25T09:24:43
/usr/local/python/3.12.1/lib/python3.12/site-packages/airflow/example_dags/example_dynamic_task_mapping_with_no_taskflow_operators.py                           1           0  0.10s           2026-04-25T09:24:41
/usr/local/python/3.12.1/lib/python3.12/site-packages/airflow/example_dags/example_branch_operator_decorator.py                                                 1           0  0.10s           2026-04-25T09:23:59
/usr/local/python/3.12.1/lib/python3.12/site-packages/airflow/example_dags/example_setup_teardown_taskflow.py                                                   1           0  0.10s           2026-04-25T09:24:32
/usr/local/python/3.12.1/lib/python3.12/site-packages/airflow/example_dags/example_branch_python_dop_operator_3.py                                              1           0  0.10s           2026-04-25T09:24:00
/usr/local/python/3.12.1/lib/python3.12/site-packages/airflow/example_dags/example_external_task_marker_dag.py                                                  2           0  0.10s           2026-04-25T09:23:54
/usr/local/python/3.12.1/lib/python3.12/site-packages/airflow/example_dags/example_passing_params_via_test_command.py                                           1           0  0.10s           2026-04-25T09:24:14
/usr/local/python/3.12.1/lib/python3.12/site-packages/airflow/example_dags/tutorial_taskflow_api.py                                                             1           0  0.10s           2026-04-25T09:24:28
/usr/local/python/3.12.1/lib/python3.12/site-packages/airflow/example_dags/example_python_operator.py                                                           1           0  0.10s           2026-04-25T09:24:13
/usr/local/python/3.12.1/lib/python3.12/site-packages/airflow/example_dags/example_sla_dag.py                                                                   1           0  0.10s           2026-04-25T09:24:11
/usr/local/python/3.12.1/lib/python3.12/site-packages/airflow/example_dags/example_display_name.py                                                              1           0  0.10s           2026-04-25T09:23:56
/usr/local/python/3.12.1/lib/python3.12/site-packages/airflow/example_dags/example_trigger_target_dag.py                                                        1           0  0.10s           2026-04-25T09:24:47
/usr/local/python/3.12.1/lib/python3.12/site-packages/airflow/example_dags/tutorial.py                                                                          1           0  0.10s           2026-04-25T09:24:46
/usr/local/python/3.12.1/lib/python3.12/site-packages/airflow/example_dags/example_branch_labels.py                                                             1           0  0.10s           2026-04-25T09:24:19
/usr/local/python/3.12.1/lib/python3.12/site-packages/airflow/example_dags/plugins/listener_plugin.py                                                           0           0  0.10s           2026-04-25T09:24:23
/usr/local/python/3.12.1/lib/python3.12/site-packages/airflow/example_dags/plugins/decreasing_priority_weight_strategy.py                                       0           0  0.10s           2026-04-25T09:24:26
/usr/local/python/3.12.1/lib/python3.12/site-packages/airflow/example_dags/example_subdag_operator.py                                                           3           0  0.10s           2026-04-25T09:24:11
/usr/local/python/3.12.1/lib/python3.12/site-packages/airflow/example_dags/example_setup_teardown.py                                                            1           0  0.10s           2026-04-25T09:24:34
/usr/local/python/3.12.1/lib/python3.12/site-packages/airflow/example_dags/example_short_circuit_operator.py                                                    1           0  0.10s           2026-04-25T09:24:32
/usr/local/python/3.12.1/lib/python3.12/site-packages/airflow/example_dags/example_trigger_controller_dag.py                                                    1           0  0.10s           2026-04-25T09:24:49
/usr/local/python/3.12.1/lib/python3.12/site-packages/airflow/example_dags/subdags/subdag.py                                                                    0           0  0.10s           2026-04-25T09:24:22
/usr/local/python/3.12.1/lib/python3.12/site-packages/airflow/example_dags/example_latest_only_with_trigger.py                                                  1           0  0.10s           2026-04-25T09:24:37
/usr/local/python/3.12.1/lib/python3.12/site-packages/airflow/example_dags/example_local_kubernetes_executor.py                                                 0           0  0.10s           2026-04-25T09:24:38
/usr/local/python/3.12.1/lib/python3.12/site-packages/airflow/example_dags/plugins/event_listener.py                                                            0           0  0.10s           2026-04-25T09:24:25
/usr/local/python/3.12.1/lib/python3.12/site-packages/airflow/example_dags/example_task_group_decorator.py                                                      1           0  0.10s           2026-04-25T09:24:30
/usr/local/python/3.12.1/lib/python3.12/site-packages/airflow/example_dags/example_sensors.py                                                                   1           0  0.10s           2026-04-25T09:24:35
/usr/local/python/3.12.1/lib/python3.12/site-packages/airflow/example_dags/example_python_decorator.py                                                          1           0  0.10s           2026-04-25T09:23:53
/usr/local/python/3.12.1/lib/python3.12/site-packages/airflow/example_dags/tutorial_dag.py                                                                      1           0  0.10s           2026-04-25T09:24:48
================================================================================
[2026-04-25T09:25:20.071+0000] {manager.py:878} INFO - 
================================================================================
DAG File Processing Stats

File Path                                                                                                                              PID    Runtime      # DAGs    # Errors  Last Runtime    Last Run
-------------------------------------------------------------------------------------------------------------------------------------  -----  ---------  --------  ----------  --------------  -------------------
/usr/local/python/3.12.1/lib/python3.12/site-packages/airflow/example_dags/example_task_group.py                                                                1           0  0.21s           2026-04-25T09:25:12
/usr/local/python/3.12.1/lib/python3.12/site-packages/airflow/example_dags/example_params_trigger_ui.py                                                         1           0  0.21s           2026-04-25T09:24:39
/usr/local/python/3.12.1/lib/python3.12/site-packages/airflow/example_dags/example_datasets.py                                                                 10           0  0.20s           2026-04-25T09:24:57
/usr/local/python/3.12.1/lib/python3.12/site-packages/airflow/example_dags/example_branch_python_dop_operator_3.py                                              1           0  0.12s           2026-04-25T09:25:02
/usr/local/python/3.12.1/lib/python3.12/site-packages/airflow/example_dags/example_nested_branch_dag.py                                                         1           0  0.11s           2026-04-25T09:24:40
/usr/local/python/3.12.1/lib/python3.12/site-packages/airflow/example_dags/example_params_ui_tutorial.py                                                        1           0  0.10s           2026-04-25T09:25:16
/usr/local/python/3.12.1/lib/python3.12/site-packages/airflow/example_dags/example_external_task_marker_dag.py                                                  2           0  0.10s           2026-04-25T09:24:56
/usr/local/python/3.12.1/lib/python3.12/site-packages/airflow/example_dags/example_dag_decorator.py                                                             1           0  0.10s           2026-04-25T09:25:00
/usr/local/python/3.12.1/lib/python3.12/site-packages/airflow/example_dags/tutorial_taskflow_api.py                                                             1           0  0.10s           2026-04-25T09:25:09
/usr/local/python/3.12.1/lib/python3.12/site-packages/airflow/example_dags/plugins/listener_plugin.py                                                           0           0  0.10s           2026-04-25T09:25:04
/usr/local/python/3.12.1/lib/python3.12/site-packages/airflow/example_dags/example_latest_only.py                                                               1           0  0.10s           2026-04-25T09:24:42
/usr/local/python/3.12.1/lib/python3.12/site-packages/airflow/example_dags/example_xcom.py                                                                      1           0  0.10s           2026-04-25T09:24:47
/usr/local/python/3.12.1/lib/python3.12/site-packages/airflow/example_dags/example_time_delta_sensor_async.py                                                   1           0  0.10s           2026-04-25T09:24:50
/usr/local/python/3.12.1/lib/python3.12/site-packages/airflow/example_dags/example_short_circuit_decorator.py                                                   1           0  0.10s           2026-04-25T09:25:14
/usr/local/python/3.12.1/lib/python3.12/site-packages/airflow/example_dags/example_short_circuit_operator.py                                                    1           0  0.10s           2026-04-25T09:25:13
/usr/local/python/3.12.1/lib/python3.12/site-packages/airflow/example_dags/example_bash_decorator.py                                                            1           0  0.10s           2026-04-25T09:24:21
/usr/local/python/3.12.1/lib/python3.12/site-packages/airflow/example_dags/example_sensor_decorator.py                                                          1           0  0.10s           2026-04-25T09:24:36
/usr/local/python/3.12.1/lib/python3.12/site-packages/airflow/example_dags/example_bash_operator.py                                                             1           0  0.10s           2026-04-25T09:24:20
/usr/local/python/3.12.1/lib/python3.12/site-packages/airflow/example_dags/example_kubernetes_executor.py                                                       0           0  0.10s           2026-04-25T09:24:42
/usr/local/python/3.12.1/lib/python3.12/site-packages/airflow/example_dags/example_xcomargs.py                                                                  2           0  0.10s           2026-04-25T09:24:44
/usr/local/python/3.12.1/lib/python3.12/site-packages/airflow/example_dags/plugins/decreasing_priority_weight_strategy.py                                       0           0  0.10s           2026-04-25T09:25:08
/usr/local/python/3.12.1/lib/python3.12/site-packages/airflow/example_dags/example_python_operator.py                                                           1           0  0.10s           2026-04-25T09:24:55
/usr/local/python/3.12.1/lib/python3.12/site-packages/airflow/example_dags/example_complex.py                                                                   1           0  0.10s           2026-04-25T09:25:02
/usr/local/python/3.12.1/lib/python3.12/site-packages/airflow/example_dags/example_dynamic_task_mapping.py                                                      1           0  0.10s           2026-04-25T09:24:58
/usr/local/python/3.12.1/lib/python3.12/site-packages/airflow/example_dags/tutorial_taskflow_api_virtualenv.py                                                  1           0  0.10s           2026-04-25T09:24:43
/usr/local/python/3.12.1/lib/python3.12/site-packages/airflow/example_dags/example_dynamic_task_mapping_with_no_taskflow_operators.py                           1           0  0.10s           2026-04-25T09:24:41
/usr/local/python/3.12.1/lib/python3.12/site-packages/airflow/example_dags/example_skip_dag.py                                                                  1           0  0.10s           2026-04-25T09:24:52
/usr/local/python/3.12.1/lib/python3.12/site-packages/airflow/example_dags/example_task_group_decorator.py                                                      1           0  0.10s           2026-04-25T09:25:11
/usr/local/python/3.12.1/lib/python3.12/site-packages/airflow/example_dags/example_subdag_operator.py                                                           3           0  0.10s           2026-04-25T09:24:52
/usr/local/python/3.12.1/lib/python3.12/site-packages/airflow/example_dags/example_display_name.py                                                              1           0  0.10s           2026-04-25T09:24:57
/usr/local/python/3.12.1/lib/python3.12/site-packages/airflow/example_dags/subdags/subdag.py                                                                    0           0  0.10s           2026-04-25T09:25:04
/usr/local/python/3.12.1/lib/python3.12/site-packages/airflow/example_dags/example_branch_operator_decorator.py                                                 1           0  0.10s           2026-04-25T09:25:01
/usr/local/python/3.12.1/lib/python3.12/site-packages/airflow/example_dags/example_trigger_target_dag.py                                                        1           0  0.10s           2026-04-25T09:24:47
/usr/local/python/3.12.1/lib/python3.12/site-packages/airflow/example_dags/tutorial_objectstorage.py                                                            0           1  0.10s           2026-04-25T09:25:10
/usr/local/python/3.12.1/lib/python3.12/site-packages/airflow/example_dags/tutorial.py                                                                          1           0  0.10s           2026-04-25T09:24:46
/usr/local/python/3.12.1/lib/python3.12/site-packages/airflow/example_dags/example_branch_operator.py                                                           1           0  0.10s           2026-04-25T09:25:17
/usr/local/python/3.12.1/lib/python3.12/site-packages/airflow/example_dags/example_setup_teardown_taskflow.py                                                   1           0  0.10s           2026-04-25T09:25:13
/usr/local/python/3.12.1/lib/python3.12/site-packages/airflow/example_dags/example_setup_teardown.py                                                            1           0  0.10s           2026-04-25T09:24:34
/usr/local/python/3.12.1/lib/python3.12/site-packages/airflow/example_dags/plugins/event_listener.py                                                            0           0  0.10s           2026-04-25T09:25:07
/usr/local/python/3.12.1/lib/python3.12/site-packages/airflow/example_dags/example_sla_dag.py                                                                   1           0  0.10s           2026-04-25T09:24:52
/usr/local/python/3.12.1/lib/python3.12/site-packages/airflow/example_dags/example_python_decorator.py                                                          1           0  0.10s           2026-04-25T09:24:53
/usr/local/python/3.12.1/lib/python3.12/site-packages/airflow/example_dags/example_passing_params_via_test_command.py                                           1           0  0.10s           2026-04-25T09:25:15
/usr/local/python/3.12.1/lib/python3.12/site-packages/airflow/example_dags/plugins/workday.py                                                                   0           0  0.10s           2026-04-25T09:25:06
/usr/local/python/3.12.1/lib/python3.12/site-packages/airflow/example_dags/example_branch_labels.py                                                             1           0  0.10s           2026-04-25T09:25:20
/usr/local/python/3.12.1/lib/python3.12/site-packages/airflow/example_dags/example_trigger_controller_dag.py                                                    1           0  0.10s           2026-04-25T09:24:49
/usr/local/python/3.12.1/lib/python3.12/site-packages/airflow/example_dags/example_latest_only_with_trigger.py                                                  1           0  0.10s           2026-04-25T09:24:37
/usr/local/python/3.12.1/lib/python3.12/site-packages/airflow/example_dags/example_local_kubernetes_executor.py                                                 0           0  0.10s           2026-04-25T09:24:38
/usr/local/python/3.12.1/lib/python3.12/site-packages/airflow/example_dags/example_branch_datetime_operator.py                                                  3           0  0.10s           2026-04-25T09:25:18
/usr/local/python/3.12.1/lib/python3.12/site-packages/airflow/example_dags/example_sensors.py                                                                   1           0  0.10s           2026-04-25T09:24:35
/usr/local/python/3.12.1/lib/python3.12/site-packages/airflow/example_dags/example_branch_day_of_week_operator.py                                               1           0  0.10s           2026-04-25T09:25:19
/usr/local/python/3.12.1/lib/python3.12/site-packages/airflow/example_dags/tutorial_dag.py                                                                      1           0  0.10s           2026-04-25T09:24:48
================================================================================
[2026-04-25T09:25:50.277+0000] {manager.py:878} INFO - 
================================================================================
DAG File Processing Stats

File Path                                                                                                                              PID    Runtime      # DAGs    # Errors  Last Runtime    Last Run
-------------------------------------------------------------------------------------------------------------------------------------  -----  ---------  --------  ----------  --------------  -------------------
/usr/local/python/3.12.1/lib/python3.12/site-packages/airflow/example_dags/example_task_group.py                                                                1           0  0.21s           2026-04-25T09:25:12
/usr/local/python/3.12.1/lib/python3.12/site-packages/airflow/example_dags/example_datasets.py                                                                 10           0  0.20s           2026-04-25T09:24:57
/usr/local/python/3.12.1/lib/python3.12/site-packages/airflow/example_dags/example_branch_python_dop_operator_3.py                                              1           0  0.12s           2026-04-25T09:25:02
/usr/local/python/3.12.1/lib/python3.12/site-packages/airflow/example_dags/example_latest_only_with_trigger.py                                                  1           0  0.12s           2026-04-25T09:25:35
/usr/local/python/3.12.1/lib/python3.12/site-packages/airflow/example_dags/plugins/event_listener.py                                                            0           0  0.11s           2026-04-25T09:25:44
/usr/local/python/3.12.1/lib/python3.12/site-packages/airflow/example_dags/example_sla_dag.py                                                                   1           0  0.11s           2026-04-25T09:25:30
/usr/local/python/3.12.1/lib/python3.12/site-packages/airflow/example_dags/example_trigger_controller_dag.py                                                    1           0  0.11s           2026-04-25T09:25:28
/usr/local/python/3.12.1/lib/python3.12/site-packages/airflow/example_dags/example_params_ui_tutorial.py                                                        1           0  0.10s           2026-04-25T09:25:16
/usr/local/python/3.12.1/lib/python3.12/site-packages/airflow/example_dags/example_external_task_marker_dag.py                                                  2           0  0.10s           2026-04-25T09:24:56
/usr/local/python/3.12.1/lib/python3.12/site-packages/airflow/example_dags/tutorial.py                                                                          1           0  0.10s           2026-04-25T09:25:24
/usr/local/python/3.12.1/lib/python3.12/site-packages/airflow/example_dags/example_dag_decorator.py                                                             1           0  0.10s           2026-04-25T09:25:00
/usr/local/python/3.12.1/lib/python3.12/site-packages/airflow/example_dags/example_dynamic_task_mapping_with_no_taskflow_operators.py                           1           0  0.10s           2026-04-25T09:25:38
/usr/local/python/3.12.1/lib/python3.12/site-packages/airflow/example_dags/example_kubernetes_executor.py                                                       0           0  0.10s           2026-04-25T09:25:39
/usr/local/python/3.12.1/lib/python3.12/site-packages/airflow/example_dags/example_skip_dag.py                                                                  1           0  0.10s           2026-04-25T09:25:33
/usr/local/python/3.12.1/lib/python3.12/site-packages/airflow/example_dags/example_short_circuit_decorator.py                                                   1           0  0.10s           2026-04-25T09:25:14
/usr/local/python/3.12.1/lib/python3.12/site-packages/airflow/example_dags/example_short_circuit_operator.py                                                    1           0  0.10s           2026-04-25T09:25:13
/usr/local/python/3.12.1/lib/python3.12/site-packages/airflow/example_dags/example_task_group_decorator.py                                                      1           0  0.10s           2026-04-25T09:25:48
/usr/local/python/3.12.1/lib/python3.12/site-packages/airflow/example_dags/example_params_trigger_ui.py                                                         1           0  0.10s           2026-04-25T09:25:37
/usr/local/python/3.12.1/lib/python3.12/site-packages/airflow/example_dags/plugins/decreasing_priority_weight_strategy.py                                       0           0  0.10s           2026-04-25T09:25:45
/usr/local/python/3.12.1/lib/python3.12/site-packages/airflow/example_dags/example_python_decorator.py                                                          1           0  0.10s           2026-04-25T09:25:49
/usr/local/python/3.12.1/lib/python3.12/site-packages/airflow/example_dags/example_subdag_operator.py                                                           3           0  0.10s           2026-04-25T09:25:31
/usr/local/python/3.12.1/lib/python3.12/site-packages/airflow/example_dags/example_latest_only.py                                                               1           0  0.10s           2026-04-25T09:25:41
/usr/local/python/3.12.1/lib/python3.12/site-packages/airflow/example_dags/subdags/subdag.py                                                                    0           0  0.10s           2026-04-25T09:25:42
/usr/local/python/3.12.1/lib/python3.12/site-packages/airflow/example_dags/tutorial_taskflow_api_virtualenv.py                                                  1           0  0.10s           2026-04-25T09:25:23
/usr/local/python/3.12.1/lib/python3.12/site-packages/airflow/example_dags/example_complex.py                                                                   1           0  0.10s           2026-04-25T09:25:02
/usr/local/python/3.12.1/lib/python3.12/site-packages/airflow/example_dags/example_xcomargs.py                                                                  2           0  0.10s           2026-04-25T09:25:23
/usr/local/python/3.12.1/lib/python3.12/site-packages/airflow/example_dags/example_dynamic_task_mapping.py                                                      1           0  0.10s           2026-04-25T09:24:58
/usr/local/python/3.12.1/lib/python3.12/site-packages/airflow/example_dags/tutorial_objectstorage.py                                                            0           1  0.10s           2026-04-25T09:25:47
/usr/local/python/3.12.1/lib/python3.12/site-packages/airflow/example_dags/example_nested_branch_dag.py                                                         1           0  0.10s           2026-04-25T09:25:38
/usr/local/python/3.12.1/lib/python3.12/site-packages/airflow/example_dags/tutorial_dag.py                                                                      1           0  0.10s           2026-04-25T09:25:27
/usr/local/python/3.12.1/lib/python3.12/site-packages/airflow/example_dags/example_setup_teardown.py                                                            1           0  0.10s           2026-04-25T09:25:33
/usr/local/python/3.12.1/lib/python3.12/site-packages/airflow/example_dags/plugins/listener_plugin.py                                                           0           0  0.10s           2026-04-25T09:25:43
/usr/local/python/3.12.1/lib/python3.12/site-packages/airflow/example_dags/plugins/workday.py                                                                   0           0  0.10s           2026-04-25T09:25:43
/usr/local/python/3.12.1/lib/python3.12/site-packages/airflow/example_dags/example_trigger_target_dag.py                                                        1           0  0.10s           2026-04-25T09:25:25
/usr/local/python/3.12.1/lib/python3.12/site-packages/airflow/example_dags/example_display_name.py                                                              1           0  0.10s           2026-04-25T09:24:57
/usr/local/python/3.12.1/lib/python3.12/site-packages/airflow/example_dags/example_bash_operator.py                                                             1           0  0.10s           2026-04-25T09:25:21
/usr/local/python/3.12.1/lib/python3.12/site-packages/airflow/example_dags/example_branch_operator_decorator.py                                                 1           0  0.10s           2026-04-25T09:25:01
/usr/local/python/3.12.1/lib/python3.12/site-packages/airflow/example_dags/example_xcom.py                                                                      1           0  0.10s           2026-04-25T09:25:26
/usr/local/python/3.12.1/lib/python3.12/site-packages/airflow/example_dags/example_sensors.py                                                                   1           0  0.10s           2026-04-25T09:25:33
/usr/local/python/3.12.1/lib/python3.12/site-packages/airflow/example_dags/example_branch_operator.py                                                           1           0  0.10s           2026-04-25T09:25:17
/usr/local/python/3.12.1/lib/python3.12/site-packages/airflow/example_dags/example_setup_teardown_taskflow.py                                                   1           0  0.10s           2026-04-25T09:25:13
/usr/local/python/3.12.1/lib/python3.12/site-packages/airflow/example_dags/example_python_operator.py                                                           1           0  0.10s           2026-04-25T09:25:50
/usr/local/python/3.12.1/lib/python3.12/site-packages/airflow/example_dags/tutorial_taskflow_api.py                                                             1           0  0.10s           2026-04-25T09:25:46
/usr/local/python/3.12.1/lib/python3.12/site-packages/airflow/example_dags/example_sensor_decorator.py                                                          1           0  0.10s           2026-04-25T09:25:34
/usr/local/python/3.12.1/lib/python3.12/site-packages/airflow/example_dags/example_passing_params_via_test_command.py                                           1           0  0.10s           2026-04-25T09:25:15
/usr/local/python/3.12.1/lib/python3.12/site-packages/airflow/example_dags/example_branch_labels.py                                                             1           0  0.10s           2026-04-25T09:25:20
/usr/local/python/3.12.1/lib/python3.12/site-packages/airflow/example_dags/example_time_delta_sensor_async.py                                                   1           0  0.10s           2026-04-25T09:25:29
/usr/local/python/3.12.1/lib/python3.12/site-packages/airflow/example_dags/example_branch_datetime_operator.py                                                  3           0  0.10s           2026-04-25T09:25:18
/usr/local/python/3.12.1/lib/python3.12/site-packages/airflow/example_dags/example_bash_decorator.py                                                            1           0  0.10s           2026-04-25T09:25:22
/usr/local/python/3.12.1/lib/python3.12/site-packages/airflow/example_dags/example_branch_day_of_week_operator.py                                               1           0  0.10s           2026-04-25T09:25:19
/usr/local/python/3.12.1/lib/python3.12/site-packages/airflow/example_dags/example_local_kubernetes_executor.py                                                 0           0  0.10s           2026-04-25T09:25:36
================================================================================
[2026-04-25T09:26:20.561+0000] {manager.py:878} INFO - 
================================================================================
DAG File Processing Stats

File Path                                                                                                                              PID    Runtime      # DAGs    # Errors  Last Runtime    Last Run
-------------------------------------------------------------------------------------------------------------------------------------  -----  ---------  --------  ----------  --------------  -------------------
/usr/local/python/3.12.1/lib/python3.12/site-packages/airflow/example_dags/example_dag_decorator.py                                                             1           0  0.20s           2026-04-25T09:25:55
/usr/local/python/3.12.1/lib/python3.12/site-packages/airflow/example_dags/example_latest_only_with_trigger.py                                                  1           0  0.12s           2026-04-25T09:25:35
/usr/local/python/3.12.1/lib/python3.12/site-packages/airflow/example_dags/tutorial_dag.py                                                                      1           0  0.11s           2026-04-25T09:26:04
/usr/local/python/3.12.1/lib/python3.12/site-packages/airflow/example_dags/example_branch_day_of_week_operator.py                                               1           0  0.11s           2026-04-25T09:26:14
/usr/local/python/3.12.1/lib/python3.12/site-packages/airflow/example_dags/plugins/event_listener.py                                                            0           0  0.11s           2026-04-25T09:25:44
/usr/local/python/3.12.1/lib/python3.12/site-packages/airflow/example_dags/example_sla_dag.py                                                                   1           0  0.11s           2026-04-25T09:25:30
/usr/local/python/3.12.1/lib/python3.12/site-packages/airflow/example_dags/example_xcom.py                                                                      1           0  0.11s           2026-04-25T09:26:03
/usr/local/python/3.12.1/lib/python3.12/site-packages/airflow/example_dags/plugins/workday.py                                                                   0           0  0.10s           2026-04-25T09:26:20
/usr/local/python/3.12.1/lib/python3.12/site-packages/airflow/example_dags/example_short_circuit_operator.py                                                    1           0  0.10s           2026-04-25T09:26:07
/usr/local/python/3.12.1/lib/python3.12/site-packages/airflow/example_dags/example_xcomargs.py                                                                  2           0  0.10s           2026-04-25T09:26:00
/usr/local/python/3.12.1/lib/python3.12/site-packages/airflow/example_dags/example_dynamic_task_mapping_with_no_taskflow_operators.py                           1           0  0.10s           2026-04-25T09:25:38
/usr/local/python/3.12.1/lib/python3.12/site-packages/airflow/example_dags/example_params_ui_tutorial.py                                                        1           0  0.10s           2026-04-25T09:26:11
/usr/local/python/3.12.1/lib/python3.12/site-packages/airflow/example_dags/example_datasets.py                                                                 10           0  0.10s           2026-04-25T09:25:52
/usr/local/python/3.12.1/lib/python3.12/site-packages/airflow/example_dags/example_bash_decorator.py                                                            1           0  0.10s           2026-04-25T09:26:18
/usr/local/python/3.12.1/lib/python3.12/site-packages/airflow/example_dags/example_kubernetes_executor.py                                                       0           0  0.10s           2026-04-25T09:25:39
/usr/local/python/3.12.1/lib/python3.12/site-packages/airflow/example_dags/example_skip_dag.py                                                                  1           0  0.10s           2026-04-25T09:25:33
/usr/local/python/3.12.1/lib/python3.12/site-packages/airflow/example_dags/example_setup_teardown_taskflow.py                                                   1           0  0.10s           2026-04-25T09:26:08
/usr/local/python/3.12.1/lib/python3.12/site-packages/airflow/example_dags/example_task_group_decorator.py                                                      1           0  0.10s           2026-04-25T09:25:48
/usr/local/python/3.12.1/lib/python3.12/site-packages/airflow/example_dags/example_params_trigger_ui.py                                                         1           0  0.10s           2026-04-25T09:25:37
/usr/local/python/3.12.1/lib/python3.12/site-packages/airflow/example_dags/plugins/decreasing_priority_weight_strategy.py                                       0           0  0.10s           2026-04-25T09:25:45
/usr/local/python/3.12.1/lib/python3.12/site-packages/airflow/example_dags/example_branch_operator.py                                                           1           0  0.10s           2026-04-25T09:26:13
/usr/local/python/3.12.1/lib/python3.12/site-packages/airflow/example_dags/example_python_decorator.py                                                          1           0  0.10s           2026-04-25T09:25:49
/usr/local/python/3.12.1/lib/python3.12/site-packages/airflow/example_dags/example_subdag_operator.py                                                           3           0  0.10s           2026-04-25T09:25:31
/usr/local/python/3.12.1/lib/python3.12/site-packages/airflow/example_dags/example_display_name.py                                                              1           0  0.10s           2026-04-25T09:25:53
/usr/local/python/3.12.1/lib/python3.12/site-packages/airflow/example_dags/example_latest_only.py                                                               1           0  0.10s           2026-04-25T09:25:41
/usr/local/python/3.12.1/lib/python3.12/site-packages/airflow/example_dags/example_short_circuit_decorator.py                                                   1           0  0.10s           2026-04-25T09:26:09
/usr/local/python/3.12.1/lib/python3.12/site-packages/airflow/example_dags/example_branch_python_dop_operator_3.py                                              1           0  0.10s           2026-04-25T09:25:57
/usr/local/python/3.12.1/lib/python3.12/site-packages/airflow/example_dags/tutorial_objectstorage.py                                                            0           1  0.10s           2026-04-25T09:25:47
/usr/local/python/3.12.1/lib/python3.12/site-packages/airflow/example_dags/example_nested_branch_dag.py                                                         1           0  0.10s           2026-04-25T09:25:38
/usr/local/python/3.12.1/lib/python3.12/site-packages/airflow/example_dags/example_external_task_marker_dag.py                                                  2           0  0.10s           2026-04-25T09:25:51
/usr/local/python/3.12.1/lib/python3.12/site-packages/airflow/example_dags/example_setup_teardown.py                                                            1           0  0.10s           2026-04-25T09:25:33
/usr/local/python/3.12.1/lib/python3.12/site-packages/airflow/example_dags/tutorial_taskflow_api_virtualenv.py                                                  1           0  0.10s           2026-04-25T09:25:59
/usr/local/python/3.12.1/lib/python3.12/site-packages/airflow/example_dags/example_passing_params_via_test_command.py                                           1           0  0.10s           2026-04-25T09:26:10
/usr/local/python/3.12.1/lib/python3.12/site-packages/airflow/example_dags/example_trigger_controller_dag.py                                                    1           0  0.10s           2026-04-25T09:26:05
/usr/local/python/3.12.1/lib/python3.12/site-packages/airflow/example_dags/example_complex.py                                                                   1           0  0.10s           2026-04-25T09:25:58
/usr/local/python/3.12.1/lib/python3.12/site-packages/airflow/example_dags/example_sensors.py                                                                   1           0  0.10s           2026-04-25T09:25:33
/usr/local/python/3.12.1/lib/python3.12/site-packages/airflow/example_dags/example_task_group.py                                                                1           0  0.10s           2026-04-25T09:26:06
/usr/local/python/3.12.1/lib/python3.12/site-packages/airflow/example_dags/plugins/listener_plugin.py                                                           0           0  0.10s           2026-04-25T09:26:20
/usr/local/python/3.12.1/lib/python3.12/site-packages/airflow/example_dags/example_branch_datetime_operator.py                                                  3           0  0.10s           2026-04-25T09:26:13
/usr/local/python/3.12.1/lib/python3.12/site-packages/airflow/example_dags/tutorial.py                                                                          1           0  0.10s           2026-04-25T09:26:01
/usr/local/python/3.12.1/lib/python3.12/site-packages/airflow/example_dags/example_python_operator.py                                                           1           0  0.10s           2026-04-25T09:25:50
/usr/local/python/3.12.1/lib/python3.12/site-packages/airflow/example_dags/example_bash_operator.py                                                             1           0  0.10s           2026-04-25T09:26:17
/usr/local/python/3.12.1/lib/python3.12/site-packages/airflow/example_dags/tutorial_taskflow_api.py                                                             1           0  0.10s           2026-04-25T09:25:46
/usr/local/python/3.12.1/lib/python3.12/site-packages/airflow/example_dags/example_sensor_decorator.py                                                          1           0  0.10s           2026-04-25T09:25:34
/usr/local/python/3.12.1/lib/python3.12/site-packages/airflow/example_dags/example_dynamic_task_mapping.py                                                      1           0  0.10s           2026-04-25T09:25:54
/usr/local/python/3.12.1/lib/python3.12/site-packages/airflow/example_dags/example_trigger_target_dag.py                                                        1           0  0.10s           2026-04-25T09:26:02
/usr/local/python/3.12.1/lib/python3.12/site-packages/airflow/example_dags/example_branch_operator_decorator.py                                                 1           0  0.10s           2026-04-25T09:25:56
/usr/local/python/3.12.1/lib/python3.12/site-packages/airflow/example_dags/example_branch_labels.py                                                             1           0  0.10s           2026-04-25T09:26:16
/usr/local/python/3.12.1/lib/python3.12/site-packages/airflow/example_dags/example_time_delta_sensor_async.py                                                   1           0  0.10s           2026-04-25T09:25:29
/usr/local/python/3.12.1/lib/python3.12/site-packages/airflow/example_dags/subdags/subdag.py                                                                    0           0  0.10s           2026-04-25T09:26:19
/usr/local/python/3.12.1/lib/python3.12/site-packages/airflow/example_dags/example_local_kubernetes_executor.py                                                 0           0  0.10s           2026-04-25T09:25:36
================================================================================
[2026-04-25T09:26:50.726+0000] {manager.py:878} INFO - 
================================================================================
DAG File Processing Stats

File Path                                                                                                                              PID    Runtime      # DAGs    # Errors  Last Runtime    Last Run
-------------------------------------------------------------------------------------------------------------------------------------  -----  ---------  --------  ----------  --------------  -------------------
/usr/local/python/3.12.1/lib/python3.12/site-packages/airflow/example_dags/example_latest_only_with_trigger.py                                                  1           0  0.21s           2026-04-25T09:26:35
/usr/local/python/3.12.1/lib/python3.12/site-packages/airflow/example_dags/example_dag_decorator.py                                                             1           0  0.20s           2026-04-25T09:25:55
/usr/local/python/3.12.1/lib/python3.12/site-packages/airflow/example_dags/example_branch_day_of_week_operator.py                                               1           0  0.11s           2026-04-25T09:26:14
/usr/local/python/3.12.1/lib/python3.12/site-packages/airflow/example_dags/example_params_trigger_ui.py                                                         1           0  0.11s           2026-04-25T09:26:36
/usr/local/python/3.12.1/lib/python3.12/site-packages/airflow/example_dags/example_task_group.py                                                                1           0  0.11s           2026-04-25T09:26:47
/usr/local/python/3.12.1/lib/python3.12/site-packages/airflow/example_dags/plugins/decreasing_priority_weight_strategy.py                                       0           0  0.11s           2026-04-25T09:26:22
/usr/local/python/3.12.1/lib/python3.12/site-packages/airflow/example_dags/tutorial_dag.py                                                                      1           0  0.11s           2026-04-25T09:26:45
/usr/local/python/3.12.1/lib/python3.12/site-packages/airflow/example_dags/tutorial_taskflow_api.py                                                             1           0  0.11s           2026-04-25T09:26:23
/usr/local/python/3.12.1/lib/python3.12/site-packages/airflow/example_dags/plugins/workday.py                                                                   0           0  0.10s           2026-04-25T09:26:20
/usr/local/python/3.12.1/lib/python3.12/site-packages/airflow/example_dags/tutorial_objectstorage.py                                                            0           1  0.10s           2026-04-25T09:26:25
/usr/local/python/3.12.1/lib/python3.12/site-packages/airflow/example_dags/example_params_ui_tutorial.py                                                        1           0  0.10s           2026-04-25T09:26:11
/usr/local/python/3.12.1/lib/python3.12/site-packages/airflow/example_dags/example_datasets.py                                                                 10           0  0.10s           2026-04-25T09:25:52
/usr/local/python/3.12.1/lib/python3.12/site-packages/airflow/example_dags/tutorial_taskflow_api_virtualenv.py                                                  1           0  0.10s           2026-04-25T09:26:41
/usr/local/python/3.12.1/lib/python3.12/site-packages/airflow/example_dags/example_setup_teardown.py                                                            1           0  0.10s           2026-04-25T09:26:31
/usr/local/python/3.12.1/lib/python3.12/site-packages/airflow/example_dags/example_short_circuit_operator.py                                                    1           0  0.10s           2026-04-25T09:26:48
/usr/local/python/3.12.1/lib/python3.12/site-packages/airflow/example_dags/example_bash_decorator.py                                                            1           0  0.10s           2026-04-25T09:26:18
/usr/local/python/3.12.1/lib/python3.12/site-packages/airflow/example_dags/example_trigger_target_dag.py                                                        1           0  0.10s           2026-04-25T09:26:44
/usr/local/python/3.12.1/lib/python3.12/site-packages/airflow/example_dags/example_sensors.py                                                                   1           0  0.10s           2026-04-25T09:26:32
/usr/local/python/3.12.1/lib/python3.12/site-packages/airflow/example_dags/example_branch_operator.py                                                           1           0  0.10s           2026-04-25T09:26:13
/usr/local/python/3.12.1/lib/python3.12/site-packages/airflow/example_dags/example_task_group_decorator.py                                                      1           0  0.10s           2026-04-25T09:26:27
/usr/local/python/3.12.1/lib/python3.12/site-packages/airflow/example_dags/example_display_name.py                                                              1           0  0.10s           2026-04-25T09:25:53
/usr/local/python/3.12.1/lib/python3.12/site-packages/airflow/example_dags/example_branch_python_dop_operator_3.py                                              1           0  0.10s           2026-04-25T09:25:57
/usr/local/python/3.12.1/lib/python3.12/site-packages/airflow/example_dags/example_python_decorator.py                                                          1           0  0.10s           2026-04-25T09:26:34
/usr/local/python/3.12.1/lib/python3.12/site-packages/airflow/example_dags/example_external_task_marker_dag.py                                                  2           0  0.10s           2026-04-25T09:25:51
/usr/local/python/3.12.1/lib/python3.12/site-packages/airflow/example_dags/example_short_circuit_decorator.py                                                   1           0  0.10s           2026-04-25T09:26:50
/usr/local/python/3.12.1/lib/python3.12/site-packages/airflow/example_dags/example_subdag_operator.py                                                           3           0  0.10s           2026-04-25T09:26:29
/usr/local/python/3.12.1/lib/python3.12/site-packages/airflow/example_dags/example_setup_teardown_taskflow.py                                                   1           0  0.10s           2026-04-25T09:26:50
/usr/local/python/3.12.1/lib/python3.12/site-packages/airflow/example_dags/example_passing_params_via_test_command.py                                           1           0  0.10s           2026-04-25T09:26:10
/usr/local/python/3.12.1/lib/python3.12/site-packages/airflow/example_dags/example_dynamic_task_mapping_with_no_taskflow_operators.py                           1           0  0.10s           2026-04-25T09:26:39
/usr/local/python/3.12.1/lib/python3.12/site-packages/airflow/example_dags/example_sla_dag.py                                                                   1           0  0.10s           2026-04-25T09:26:28
/usr/local/python/3.12.1/lib/python3.12/site-packages/airflow/example_dags/example_local_kubernetes_executor.py                                                 0           0  0.10s           2026-04-25T09:26:35
/usr/local/python/3.12.1/lib/python3.12/site-packages/airflow/example_dags/tutorial.py                                                                          1           0  0.10s           2026-04-25T09:26:43
/usr/local/python/3.12.1/lib/python3.12/site-packages/airflow/example_dags/example_complex.py                                                                   1           0  0.10s           2026-04-25T09:25:58
/usr/local/python/3.12.1/lib/python3.12/site-packages/airflow/example_dags/example_trigger_controller_dag.py                                                    1           0  0.10s           2026-04-25T09:26:46
/usr/local/python/3.12.1/lib/python3.12/site-packages/airflow/example_dags/example_time_delta_sensor_async.py                                                   1           0  0.10s           2026-04-25T09:26:26
/usr/local/python/3.12.1/lib/python3.12/site-packages/airflow/example_dags/example_kubernetes_executor.py                                                       0           0  0.10s           2026-04-25T09:26:40
/usr/local/python/3.12.1/lib/python3.12/site-packages/airflow/example_dags/plugins/listener_plugin.py                                                           0           0  0.10s           2026-04-25T09:26:20
/usr/local/python/3.12.1/lib/python3.12/site-packages/airflow/example_dags/example_branch_datetime_operator.py                                                  3           0  0.10s           2026-04-25T09:26:13
/usr/local/python/3.12.1/lib/python3.12/site-packages/airflow/example_dags/example_python_operator.py                                                           1           0  0.10s           2026-04-25T09:25:50
/usr/local/python/3.12.1/lib/python3.12/site-packages/airflow/example_dags/example_bash_operator.py                                                             1           0  0.10s           2026-04-25T09:26:17
/usr/local/python/3.12.1/lib/python3.12/site-packages/airflow/example_dags/example_xcom.py                                                                      1           0  0.10s           2026-04-25T09:26:45
/usr/local/python/3.12.1/lib/python3.12/site-packages/airflow/example_dags/example_latest_only.py                                                               1           0  0.10s           2026-04-25T09:26:40
/usr/local/python/3.12.1/lib/python3.12/site-packages/airflow/example_dags/example_dynamic_task_mapping.py                                                      1           0  0.10s           2026-04-25T09:25:54
/usr/local/python/3.12.1/lib/python3.12/site-packages/airflow/example_dags/example_sensor_decorator.py                                                          1           0  0.10s           2026-04-25T09:26:33
/usr/local/python/3.12.1/lib/python3.12/site-packages/airflow/example_dags/example_branch_operator_decorator.py                                                 1           0  0.10s           2026-04-25T09:25:56
/usr/local/python/3.12.1/lib/python3.12/site-packages/airflow/example_dags/example_nested_branch_dag.py                                                         1           0  0.10s           2026-04-25T09:26:37
/usr/local/python/3.12.1/lib/python3.12/site-packages/airflow/example_dags/plugins/event_listener.py                                                            0           0  0.10s           2026-04-25T09:26:21
/usr/local/python/3.12.1/lib/python3.12/site-packages/airflow/example_dags/example_xcomargs.py                                                                  2           0  0.10s           2026-04-25T09:26:42
/usr/local/python/3.12.1/lib/python3.12/site-packages/airflow/example_dags/example_branch_labels.py                                                             1           0  0.10s           2026-04-25T09:26:16
/usr/local/python/3.12.1/lib/python3.12/site-packages/airflow/example_dags/example_skip_dag.py                                                                  1           0  0.10s           2026-04-25T09:26:30
/usr/local/python/3.12.1/lib/python3.12/site-packages/airflow/example_dags/subdags/subdag.py                                                                    0           0  0.10s           2026-04-25T09:26:19
================================================================================
[2026-04-25T09:27:20.949+0000] {manager.py:878} INFO - 
================================================================================
DAG File Processing Stats

File Path                                                                                                                              PID    Runtime      # DAGs    # Errors  Last Runtime    Last Run
-------------------------------------------------------------------------------------------------------------------------------------  -----  ---------  --------  ----------  --------------  -------------------
/usr/local/python/3.12.1/lib/python3.12/site-packages/airflow/example_dags/example_task_group_decorator.py                                                      1           0  0.30s           2026-04-25T09:27:08
/usr/local/python/3.12.1/lib/python3.12/site-packages/airflow/example_dags/example_datasets.py                                                                 10           0  0.30s           2026-04-25T09:26:54
/usr/local/python/3.12.1/lib/python3.12/site-packages/airflow/example_dags/example_dag_decorator.py                                                             1           0  0.30s           2026-04-25T09:26:57
/usr/local/python/3.12.1/lib/python3.12/site-packages/airflow/example_dags/example_latest_only_with_trigger.py                                                  1           0  0.21s           2026-04-25T09:26:35
/usr/local/python/3.12.1/lib/python3.12/site-packages/airflow/example_dags/example_params_ui_tutorial.py                                                        1           0  0.21s           2026-04-25T09:27:12
/usr/local/python/3.12.1/lib/python3.12/site-packages/airflow/example_dags/example_branch_datetime_operator.py                                                  3           0  0.14s           2026-04-25T09:27:14
/usr/local/python/3.12.1/lib/python3.12/site-packages/airflow/example_dags/example_dynamic_task_mapping.py                                                      1           0  0.11s           2026-04-25T09:26:55
/usr/local/python/3.12.1/lib/python3.12/site-packages/airflow/example_dags/example_params_trigger_ui.py                                                         1           0  0.11s           2026-04-25T09:26:36
/usr/local/python/3.12.1/lib/python3.12/site-packages/airflow/example_dags/example_xcomargs.py                                                                  2           0  0.11s           2026-04-25T09:27:20
/usr/local/python/3.12.1/lib/python3.12/site-packages/airflow/example_dags/plugins/listener_plugin.py                                                           0           0  0.11s           2026-04-25T09:27:02
/usr/local/python/3.12.1/lib/python3.12/site-packages/airflow/example_dags/example_task_group.py                                                                1           0  0.11s           2026-04-25T09:26:47
/usr/local/python/3.12.1/lib/python3.12/site-packages/airflow/example_dags/example_branch_labels.py                                                             1           0  0.11s           2026-04-25T09:27:16
/usr/local/python/3.12.1/lib/python3.12/site-packages/airflow/example_dags/example_passing_params_via_test_command.py                                           1           0  0.11s           2026-04-25T09:26:53
/usr/local/python/3.12.1/lib/python3.12/site-packages/airflow/example_dags/example_branch_operator_decorator.py                                                 1           0  0.11s           2026-04-25T09:26:58
/usr/local/python/3.12.1/lib/python3.12/site-packages/airflow/example_dags/tutorial_dag.py                                                                      1           0  0.11s           2026-04-25T09:26:45
/usr/local/python/3.12.1/lib/python3.12/site-packages/airflow/example_dags/example_branch_operator.py                                                           1           0  0.11s           2026-04-25T09:27:13
/usr/local/python/3.12.1/lib/python3.12/site-packages/airflow/example_dags/example_python_operator.py                                                           1           0  0.10s           2026-04-25T09:26:51
/usr/local/python/3.12.1/lib/python3.12/site-packages/airflow/example_dags/example_setup_teardown.py                                                            1           0  0.10s           2026-04-25T09:26:31
/usr/local/python/3.12.1/lib/python3.12/site-packages/airflow/example_dags/example_short_circuit_operator.py                                                    1           0  0.10s           2026-04-25T09:26:48
/usr/local/python/3.12.1/lib/python3.12/site-packages/airflow/example_dags/example_complex.py                                                                   1           0  0.10s           2026-04-25T09:27:00
/usr/local/python/3.12.1/lib/python3.12/site-packages/airflow/example_dags/example_trigger_target_dag.py                                                        1           0  0.10s           2026-04-25T09:26:44
/usr/local/python/3.12.1/lib/python3.12/site-packages/airflow/example_dags/tutorial_taskflow_api_virtualenv.py                                                  1           0  0.10s           2026-04-25T09:27:19
/usr/local/python/3.12.1/lib/python3.12/site-packages/airflow/example_dags/example_sensors.py                                                                   1           0  0.10s           2026-04-25T09:26:32
/usr/local/python/3.12.1/lib/python3.12/site-packages/airflow/example_dags/tutorial_objectstorage.py                                                            0           1  0.10s           2026-04-25T09:27:06
/usr/local/python/3.12.1/lib/python3.12/site-packages/airflow/example_dags/plugins/event_listener.py                                                            0           0  0.10s           2026-04-25T09:27:04
/usr/local/python/3.12.1/lib/python3.12/site-packages/airflow/example_dags/plugins/decreasing_priority_weight_strategy.py                                       0           0  0.10s           2026-04-25T09:27:04
/usr/local/python/3.12.1/lib/python3.12/site-packages/airflow/example_dags/example_subdag_operator.py                                                           3           0  0.10s           2026-04-25T09:27:10
/usr/local/python/3.12.1/lib/python3.12/site-packages/airflow/example_dags/tutorial_taskflow_api.py                                                             1           0  0.10s           2026-04-25T09:27:05
/usr/local/python/3.12.1/lib/python3.12/site-packages/airflow/example_dags/example_python_decorator.py                                                          1           0  0.10s           2026-04-25T09:26:34
/usr/local/python/3.12.1/lib/python3.12/site-packages/airflow/example_dags/example_short_circuit_decorator.py                                                   1           0  0.10s           2026-04-25T09:26:50
/usr/local/python/3.12.1/lib/python3.12/site-packages/airflow/example_dags/example_sla_dag.py                                                                   1           0  0.10s           2026-04-25T09:27:09
/usr/local/python/3.12.1/lib/python3.12/site-packages/airflow/example_dags/example_setup_teardown_taskflow.py                                                   1           0  0.10s           2026-04-25T09:26:50
/usr/local/python/3.12.1/lib/python3.12/site-packages/airflow/example_dags/example_external_task_marker_dag.py                                                  2           0  0.10s           2026-04-25T09:26:54
/usr/local/python/3.12.1/lib/python3.12/site-packages/airflow/example_dags/example_dynamic_task_mapping_with_no_taskflow_operators.py                           1           0  0.10s           2026-04-25T09:26:39
/usr/local/python/3.12.1/lib/python3.12/site-packages/airflow/example_dags/example_local_kubernetes_executor.py                                                 0           0  0.10s           2026-04-25T09:26:35
/usr/local/python/3.12.1/lib/python3.12/site-packages/airflow/example_dags/tutorial.py                                                                          1           0  0.10s           2026-04-25T09:26:43
/usr/local/python/3.12.1/lib/python3.12/site-packages/airflow/example_dags/example_trigger_controller_dag.py                                                    1           0  0.10s           2026-04-25T09:26:46
/usr/local/python/3.12.1/lib/python3.12/site-packages/airflow/example_dags/example_kubernetes_executor.py                                                       0           0  0.10s           2026-04-25T09:26:40
/usr/local/python/3.12.1/lib/python3.12/site-packages/airflow/example_dags/plugins/workday.py                                                                   0           0  0.10s           2026-04-25T09:27:03
/usr/local/python/3.12.1/lib/python3.12/site-packages/airflow/example_dags/example_display_name.py                                                              1           0  0.10s           2026-04-25T09:26:55
/usr/local/python/3.12.1/lib/python3.12/site-packages/airflow/example_dags/example_xcom.py                                                                      1           0  0.10s           2026-04-25T09:26:45
/usr/local/python/3.12.1/lib/python3.12/site-packages/airflow/example_dags/example_latest_only.py                                                               1           0  0.10s           2026-04-25T09:26:40
/usr/local/python/3.12.1/lib/python3.12/site-packages/airflow/example_dags/example_time_delta_sensor_async.py                                                   1           0  0.10s           2026-04-25T09:27:07
/usr/local/python/3.12.1/lib/python3.12/site-packages/airflow/example_dags/example_branch_python_dop_operator_3.py                                              1           0  0.10s           2026-04-25T09:26:59
/usr/local/python/3.12.1/lib/python3.12/site-packages/airflow/example_dags/subdags/subdag.py                                                                    0           0  0.10s           2026-04-25T09:27:01
/usr/local/python/3.12.1/lib/python3.12/site-packages/airflow/example_dags/example_sensor_decorator.py                                                          1           0  0.10s           2026-04-25T09:26:33
/usr/local/python/3.12.1/lib/python3.12/site-packages/airflow/example_dags/example_nested_branch_dag.py                                                         1           0  0.10s           2026-04-25T09:26:37
/usr/local/python/3.12.1/lib/python3.12/site-packages/airflow/example_dags/example_bash_decorator.py                                                            1           0  0.10s           2026-04-25T09:27:18
/usr/local/python/3.12.1/lib/python3.12/site-packages/airflow/example_dags/example_skip_dag.py                                                                  1           0  0.10s           2026-04-25T09:27:11
/usr/local/python/3.12.1/lib/python3.12/site-packages/airflow/example_dags/example_bash_operator.py                                                             1           0  0.10s           2026-04-25T09:27:17
/usr/local/python/3.12.1/lib/python3.12/site-packages/airflow/example_dags/example_branch_day_of_week_operator.py                                               1           0  0.10s           2026-04-25T09:27:15
================================================================================
[2026-04-25T09:27:51.242+0000] {manager.py:878} INFO - 
================================================================================
DAG File Processing Stats

File Path                                                                                                                              PID    Runtime      # DAGs    # Errors  Last Runtime    Last Run
-------------------------------------------------------------------------------------------------------------------------------------  -----  ---------  --------  ----------  --------------  -------------------
/usr/local/python/3.12.1/lib/python3.12/site-packages/airflow/example_dags/example_datasets.py                                                                 10           0  0.30s           2026-04-25T09:26:54
/usr/local/python/3.12.1/lib/python3.12/site-packages/airflow/example_dags/example_dag_decorator.py                                                             1           0  0.30s           2026-04-25T09:26:57
/usr/local/python/3.12.1/lib/python3.12/site-packages/airflow/example_dags/example_sensor_decorator.py                                                          1           0  0.21s           2026-04-25T09:27:31
/usr/local/python/3.12.1/lib/python3.12/site-packages/airflow/example_dags/example_params_ui_tutorial.py                                                        1           0  0.21s           2026-04-25T09:27:12
/usr/local/python/3.12.1/lib/python3.12/site-packages/airflow/example_dags/example_branch_datetime_operator.py                                                  3           0  0.14s           2026-04-25T09:27:14
/usr/local/python/3.12.1/lib/python3.12/site-packages/airflow/example_dags/example_dynamic_task_mapping.py                                                      1           0  0.11s           2026-04-25T09:26:55
/usr/local/python/3.12.1/lib/python3.12/site-packages/airflow/example_dags/tutorial_objectstorage.py                                                            0           1  0.11s           2026-04-25T09:27:46
/usr/local/python/3.12.1/lib/python3.12/site-packages/airflow/example_dags/example_xcomargs.py                                                                  2           0  0.11s           2026-04-25T09:27:20
/usr/local/python/3.12.1/lib/python3.12/site-packages/airflow/example_dags/plugins/listener_plugin.py                                                           0           0  0.11s           2026-04-25T09:27:41
/usr/local/python/3.12.1/lib/python3.12/site-packages/airflow/example_dags/example_dynamic_task_mapping_with_no_taskflow_operators.py                           1           0  0.11s           2026-04-25T09:27:37
/usr/local/python/3.12.1/lib/python3.12/site-packages/airflow/example_dags/example_branch_labels.py                                                             1           0  0.11s           2026-04-25T09:27:16
/usr/local/python/3.12.1/lib/python3.12/site-packages/airflow/example_dags/example_passing_params_via_test_command.py                                           1           0  0.11s           2026-04-25T09:26:53
/usr/local/python/3.12.1/lib/python3.12/site-packages/airflow/example_dags/example_branch_operator_decorator.py                                                 1           0  0.11s           2026-04-25T09:26:58
/usr/local/python/3.12.1/lib/python3.12/site-packages/airflow/example_dags/example_setup_teardown.py                                                            1           0  0.11s           2026-04-25T09:27:28
/usr/local/python/3.12.1/lib/python3.12/site-packages/airflow/example_dags/example_branch_operator.py                                                           1           0  0.11s           2026-04-25T09:27:13
/usr/local/python/3.12.1/lib/python3.12/site-packages/airflow/example_dags/example_local_kubernetes_executor.py                                                 0           0  0.10s           2026-04-25T09:27:34
/usr/local/python/3.12.1/lib/python3.12/site-packages/airflow/example_dags/example_kubernetes_executor.py                                                       0           0  0.10s           2026-04-25T09:27:38
/usr/local/python/3.12.1/lib/python3.12/site-packages/airflow/example_dags/example_params_trigger_ui.py                                                         1           0  0.10s           2026-04-25T09:27:35
/usr/local/python/3.12.1/lib/python3.12/site-packages/airflow/example_dags/example_trigger_controller_dag.py                                                    1           0  0.10s           2026-04-25T09:27:26
/usr/local/python/3.12.1/lib/python3.12/site-packages/airflow/example_dags/tutorial_taskflow_api.py                                                             1           0  0.10s           2026-04-25T09:27:45
/usr/local/python/3.12.1/lib/python3.12/site-packages/airflow/example_dags/plugins/decreasing_priority_weight_strategy.py                                       0           0  0.10s           2026-04-25T09:27:44
/usr/local/python/3.12.1/lib/python3.12/site-packages/airflow/example_dags/example_time_delta_sensor_async.py                                                   1           0  0.10s           2026-04-25T09:27:47
/usr/local/python/3.12.1/lib/python3.12/site-packages/airflow/example_dags/example_nested_branch_dag.py                                                         1           0  0.10s           2026-04-25T09:27:36
/usr/local/python/3.12.1/lib/python3.12/site-packages/airflow/example_dags/example_setup_teardown_taskflow.py                                                   1           0  0.10s           2026-04-25T09:27:50
/usr/local/python/3.12.1/lib/python3.12/site-packages/airflow/example_dags/example_sla_dag.py                                                                   1           0  0.10s           2026-04-25T09:27:49
/usr/local/python/3.12.1/lib/python3.12/site-packages/airflow/example_dags/example_python_operator.py                                                           1           0  0.10s           2026-04-25T09:26:51
/usr/local/python/3.12.1/lib/python3.12/site-packages/airflow/example_dags/example_xcom.py                                                                      1           0  0.10s           2026-04-25T09:27:23
/usr/local/python/3.12.1/lib/python3.12/site-packages/airflow/example_dags/example_latest_only_with_trigger.py                                                  1           0  0.10s           2026-04-25T09:27:33
/usr/local/python/3.12.1/lib/python3.12/site-packages/airflow/example_dags/example_task_group_decorator.py                                                      1           0  0.10s           2026-04-25T09:27:48
/usr/local/python/3.12.1/lib/python3.12/site-packages/airflow/example_dags/subdags/subdag.py                                                                    0           0  0.10s           2026-04-25T09:27:40
/usr/local/python/3.12.1/lib/python3.12/site-packages/airflow/example_dags/example_latest_only.py                                                               1           0  0.10s           2026-04-25T09:27:39
/usr/local/python/3.12.1/lib/python3.12/site-packages/airflow/example_dags/example_short_circuit_operator.py                                                    1           0  0.10s           2026-04-25T09:27:27
/usr/local/python/3.12.1/lib/python3.12/site-packages/airflow/example_dags/example_python_decorator.py                                                          1           0  0.10s           2026-04-25T09:27:31
/usr/local/python/3.12.1/lib/python3.12/site-packages/airflow/example_dags/plugins/workday.py                                                                   0           0  0.10s           2026-04-25T09:27:42
/usr/local/python/3.12.1/lib/python3.12/site-packages/airflow/example_dags/example_sensors.py                                                                   1           0  0.10s           2026-04-25T09:27:30
/usr/local/python/3.12.1/lib/python3.12/site-packages/airflow/example_dags/plugins/event_listener.py                                                            0           0  0.10s           2026-04-25T09:27:43
/usr/local/python/3.12.1/lib/python3.12/site-packages/airflow/example_dags/example_complex.py                                                                   1           0  0.10s           2026-04-25T09:27:00
/usr/local/python/3.12.1/lib/python3.12/site-packages/airflow/example_dags/example_short_circuit_decorator.py                                                   1           0  0.10s           2026-04-25T09:27:51
/usr/local/python/3.12.1/lib/python3.12/site-packages/airflow/example_dags/tutorial_taskflow_api_virtualenv.py                                                  1           0  0.10s           2026-04-25T09:27:19
/usr/local/python/3.12.1/lib/python3.12/site-packages/airflow/example_dags/example_trigger_target_dag.py                                                        1           0  0.10s           2026-04-25T09:27:22
/usr/local/python/3.12.1/lib/python3.12/site-packages/airflow/example_dags/example_subdag_operator.py                                                           3           0  0.10s           2026-04-25T09:27:10
/usr/local/python/3.12.1/lib/python3.12/site-packages/airflow/example_dags/example_task_group.py                                                                1           0  0.10s           2026-04-25T09:27:26
/usr/local/python/3.12.1/lib/python3.12/site-packages/airflow/example_dags/example_external_task_marker_dag.py                                                  2           0  0.10s           2026-04-25T09:26:54
/usr/local/python/3.12.1/lib/python3.12/site-packages/airflow/example_dags/tutorial.py                                                                          1           0  0.10s           2026-04-25T09:27:21
/usr/local/python/3.12.1/lib/python3.12/site-packages/airflow/example_dags/example_display_name.py                                                              1           0  0.10s           2026-04-25T09:26:55
/usr/local/python/3.12.1/lib/python3.12/site-packages/airflow/example_dags/tutorial_dag.py                                                                      1           0  0.10s           2026-04-25T09:27:24
/usr/local/python/3.12.1/lib/python3.12/site-packages/airflow/example_dags/example_branch_python_dop_operator_3.py                                              1           0  0.10s           2026-04-25T09:26:59
/usr/local/python/3.12.1/lib/python3.12/site-packages/airflow/example_dags/example_bash_decorator.py                                                            1           0  0.10s           2026-04-25T09:27:18
/usr/local/python/3.12.1/lib/python3.12/site-packages/airflow/example_dags/example_skip_dag.py                                                                  1           0  0.10s           2026-04-25T09:27:11
/usr/local/python/3.12.1/lib/python3.12/site-packages/airflow/example_dags/example_bash_operator.py                                                             1           0  0.10s           2026-04-25T09:27:17
/usr/local/python/3.12.1/lib/python3.12/site-packages/airflow/example_dags/example_branch_day_of_week_operator.py                                               1           0  0.10s           2026-04-25T09:27:15
================================================================================
[2026-04-25T09:28:21.485+0000] {manager.py:878} INFO - 
================================================================================
DAG File Processing Stats

File Path                                                                                                                              PID    Runtime      # DAGs    # Errors  Last Runtime    Last Run
-------------------------------------------------------------------------------------------------------------------------------------  -----  ---------  --------  ----------  --------------  -------------------
/usr/local/python/3.12.1/lib/python3.12/site-packages/airflow/example_dags/example_dag_decorator.py                                                             1           0  0.32s           2026-04-25T09:27:58
/usr/local/python/3.12.1/lib/python3.12/site-packages/airflow/example_dags/example_params_ui_tutorial.py                                                        1           0  0.21s           2026-04-25T09:28:17
/usr/local/python/3.12.1/lib/python3.12/site-packages/airflow/example_dags/example_complex.py                                                                   1           0  0.20s           2026-04-25T09:28:02
/usr/local/python/3.12.1/lib/python3.12/site-packages/airflow/example_dags/example_datasets.py                                                                 10           0  0.20s           2026-04-25T09:27:55
/usr/local/python/3.12.1/lib/python3.12/site-packages/airflow/example_dags/example_python_decorator.py                                                          1           0  0.11s           2026-04-25T09:28:15
/usr/local/python/3.12.1/lib/python3.12/site-packages/airflow/example_dags/example_xcomargs.py                                                                  2           0  0.11s           2026-04-25T09:28:03
/usr/local/python/3.12.1/lib/python3.12/site-packages/airflow/example_dags/tutorial_objectstorage.py                                                            0           1  0.11s           2026-04-25T09:27:46
/usr/local/python/3.12.1/lib/python3.12/site-packages/airflow/example_dags/example_xcom.py                                                                      1           0  0.11s           2026-04-25T09:28:06
/usr/local/python/3.12.1/lib/python3.12/site-packages/airflow/example_dags/example_trigger_target_dag.py                                                        1           0  0.11s           2026-04-25T09:28:05
/usr/local/python/3.12.1/lib/python3.12/site-packages/airflow/example_dags/plugins/listener_plugin.py                                                           0           0  0.11s           2026-04-25T09:27:41
/usr/local/python/3.12.1/lib/python3.12/site-packages/airflow/example_dags/example_dynamic_task_mapping_with_no_taskflow_operators.py                           1           0  0.11s           2026-04-25T09:27:37
/usr/local/python/3.12.1/lib/python3.12/site-packages/airflow/example_dags/example_branch_labels.py                                                             1           0  0.11s           2026-04-25T09:28:21
/usr/local/python/3.12.1/lib/python3.12/site-packages/airflow/example_dags/example_branch_python_dop_operator_3.py                                              1           0  0.11s           2026-04-25T09:28:01
/usr/local/python/3.12.1/lib/python3.12/site-packages/airflow/example_dags/example_short_circuit_operator.py                                                    1           0  0.10s           2026-04-25T09:28:10
/usr/local/python/3.12.1/lib/python3.12/site-packages/airflow/example_dags/example_trigger_controller_dag.py                                                    1           0  0.10s           2026-04-25T09:28:07
/usr/local/python/3.12.1/lib/python3.12/site-packages/airflow/example_dags/example_local_kubernetes_executor.py                                                 0           0  0.10s           2026-04-25T09:27:34
/usr/local/python/3.12.1/lib/python3.12/site-packages/airflow/example_dags/example_kubernetes_executor.py                                                       0           0  0.10s           2026-04-25T09:27:38
/usr/local/python/3.12.1/lib/python3.12/site-packages/airflow/example_dags/example_params_trigger_ui.py                                                         1           0  0.10s           2026-04-25T09:27:35
/usr/local/python/3.12.1/lib/python3.12/site-packages/airflow/example_dags/tutorial.py                                                                          1           0  0.10s           2026-04-25T09:28:04
/usr/local/python/3.12.1/lib/python3.12/site-packages/airflow/example_dags/tutorial_taskflow_api.py                                                             1           0  0.10s           2026-04-25T09:27:45
/usr/local/python/3.12.1/lib/python3.12/site-packages/airflow/example_dags/plugins/decreasing_priority_weight_strategy.py                                       0           0  0.10s           2026-04-25T09:27:44
/usr/local/python/3.12.1/lib/python3.12/site-packages/airflow/example_dags/example_time_delta_sensor_async.py                                                   1           0  0.10s           2026-04-25T09:27:47
/usr/local/python/3.12.1/lib/python3.12/site-packages/airflow/example_dags/example_setup_teardown.py                                                            1           0  0.10s           2026-04-25T09:28:12
/usr/local/python/3.12.1/lib/python3.12/site-packages/airflow/example_dags/example_nested_branch_dag.py                                                         1           0  0.10s           2026-04-25T09:27:36
/usr/local/python/3.12.1/lib/python3.12/site-packages/airflow/example_dags/example_setup_teardown_taskflow.py                                                   1           0  0.10s           2026-04-25T09:27:50
/usr/local/python/3.12.1/lib/python3.12/site-packages/airflow/example_dags/example_sla_dag.py                                                                   1           0  0.10s           2026-04-25T09:27:49
/usr/local/python/3.12.1/lib/python3.12/site-packages/airflow/example_dags/example_branch_datetime_operator.py                                                  3           0  0.10s           2026-04-25T09:28:19
/usr/local/python/3.12.1/lib/python3.12/site-packages/airflow/example_dags/example_skip_dag.py                                                                  1           0  0.10s           2026-04-25T09:28:12
/usr/local/python/3.12.1/lib/python3.12/site-packages/airflow/example_dags/tutorial_dag.py                                                                      1           0  0.10s           2026-04-25T09:28:07
/usr/local/python/3.12.1/lib/python3.12/site-packages/airflow/example_dags/tutorial_taskflow_api_virtualenv.py                                                  1           0  0.10s           2026-04-25T09:28:02
/usr/local/python/3.12.1/lib/python3.12/site-packages/airflow/example_dags/example_latest_only_with_trigger.py                                                  1           0  0.10s           2026-04-25T09:27:33
/usr/local/python/3.12.1/lib/python3.12/site-packages/airflow/example_dags/example_task_group_decorator.py                                                      1           0  0.10s           2026-04-25T09:27:48
/usr/local/python/3.12.1/lib/python3.12/site-packages/airflow/example_dags/subdags/subdag.py                                                                    0           0  0.10s           2026-04-25T09:27:40
/usr/local/python/3.12.1/lib/python3.12/site-packages/airflow/example_dags/example_branch_operator.py                                                           1           0  0.10s           2026-04-25T09:28:18
/usr/local/python/3.12.1/lib/python3.12/site-packages/airflow/example_dags/example_latest_only.py                                                               1           0  0.10s           2026-04-25T09:27:39
/usr/local/python/3.12.1/lib/python3.12/site-packages/airflow/example_dags/example_task_group.py                                                                1           0  0.10s           2026-04-25T09:28:08
/usr/local/python/3.12.1/lib/python3.12/site-packages/airflow/example_dags/example_branch_operator_decorator.py                                                 1           0  0.10s           2026-04-25T09:28:00
/usr/local/python/3.12.1/lib/python3.12/site-packages/airflow/example_dags/example_branch_day_of_week_operator.py                                               1           0  0.10s           2026-04-25T09:28:20
/usr/local/python/3.12.1/lib/python3.12/site-packages/airflow/example_dags/example_subdag_operator.py                                                           3           0  0.10s           2026-04-25T09:28:11
/usr/local/python/3.12.1/lib/python3.12/site-packages/airflow/example_dags/plugins/workday.py                                                                   0           0  0.10s           2026-04-25T09:27:42
/usr/local/python/3.12.1/lib/python3.12/site-packages/airflow/example_dags/plugins/event_listener.py                                                            0           0  0.10s           2026-04-25T09:27:43
/usr/local/python/3.12.1/lib/python3.12/site-packages/airflow/example_dags/example_sensors.py                                                                   1           0  0.10s           2026-04-25T09:28:14
/usr/local/python/3.12.1/lib/python3.12/site-packages/airflow/example_dags/example_sensor_decorator.py                                                          1           0  0.10s           2026-04-25T09:28:15
/usr/local/python/3.12.1/lib/python3.12/site-packages/airflow/example_dags/example_short_circuit_decorator.py                                                   1           0  0.10s           2026-04-25T09:27:51
/usr/local/python/3.12.1/lib/python3.12/site-packages/airflow/example_dags/example_display_name.py                                                              1           0  0.10s           2026-04-25T09:27:56
/usr/local/python/3.12.1/lib/python3.12/site-packages/airflow/example_dags/example_external_task_marker_dag.py                                                  2           0  0.10s           2026-04-25T09:27:54
/usr/local/python/3.12.1/lib/python3.12/site-packages/airflow/example_dags/example_dynamic_task_mapping.py                                                      1           0  0.10s           2026-04-25T09:27:57
/usr/local/python/3.12.1/lib/python3.12/site-packages/airflow/example_dags/example_python_operator.py                                                           1           0  0.10s           2026-04-25T09:27:52
/usr/local/python/3.12.1/lib/python3.12/site-packages/airflow/example_dags/example_bash_decorator.py                                                            1           0  0.10s           2026-04-25T09:27:18
/usr/local/python/3.12.1/lib/python3.12/site-packages/airflow/example_dags/example_bash_operator.py                                                             1           0  0.10s           2026-04-25T09:27:17
/usr/local/python/3.12.1/lib/python3.12/site-packages/airflow/example_dags/example_passing_params_via_test_command.py                                           1           0  0.10s           2026-04-25T09:27:53
================================================================================
[2026-04-25T09:28:44.841+0000] {manager.py:737} INFO - Searching for files in /workspaces/new-balance-price/airflow_home/dags
[2026-04-25T09:28:44.856+0000] {manager.py:740} INFO - There are 51 files in /workspaces/new-balance-price/airflow_home/dags
[2026-04-25T09:28:51.984+0000] {manager.py:878} INFO - 
================================================================================
DAG File Processing Stats

File Path                                                                                                                              PID    Runtime      # DAGs    # Errors  Last Runtime    Last Run
-------------------------------------------------------------------------------------------------------------------------------------  -----  ---------  --------  ----------  --------------  -------------------
/usr/local/python/3.12.1/lib/python3.12/site-packages/airflow/example_dags/example_dag_decorator.py                                                             1           0  0.32s           2026-04-25T09:27:58
/usr/local/python/3.12.1/lib/python3.12/site-packages/airflow/example_dags/example_passing_params_via_test_command.py                                           1           0  0.31s           2026-04-25T09:28:36
/usr/local/python/3.12.1/lib/python3.12/site-packages/airflow/example_dags/example_task_group_decorator.py                                                      1           0  0.31s           2026-04-25T09:28:33
/usr/local/python/3.12.1/lib/python3.12/site-packages/airflow/example_dags/example_params_ui_tutorial.py                                                        1           0  0.21s           2026-04-25T09:28:17
/usr/local/python/3.12.1/lib/python3.12/site-packages/airflow/example_dags/example_latest_only_with_trigger.py                                                  1           0  0.21s           2026-04-25T09:28:38
/usr/local/python/3.12.1/lib/python3.12/site-packages/airflow/example_dags/example_complex.py                                                                   1           0  0.20s           2026-04-25T09:28:02
/usr/local/python/3.12.1/lib/python3.12/site-packages/airflow/example_dags/example_latest_only.py                                                               1           0  0.20s           2026-04-25T09:28:43
/usr/local/python/3.12.1/lib/python3.12/site-packages/airflow/example_dags/example_datasets.py                                                                 10           0  0.20s           2026-04-25T09:27:55
/usr/local/python/3.12.1/lib/python3.12/site-packages/airflow/example_dags/example_time_delta_sensor_async.py                                                   1           0  0.11s           2026-04-25T09:28:31
/usr/local/python/3.12.1/lib/python3.12/site-packages/airflow/example_dags/plugins/workday.py                                                                   0           0  0.11s           2026-04-25T09:28:25
/usr/local/python/3.12.1/lib/python3.12/site-packages/airflow/example_dags/example_task_group.py                                                                1           0  0.11s           2026-04-25T09:28:51
/usr/local/python/3.12.1/lib/python3.12/site-packages/airflow/example_dags/example_python_decorator.py                                                          1           0  0.11s           2026-04-25T09:28:15
/usr/local/python/3.12.1/lib/python3.12/site-packages/airflow/example_dags/plugins/event_listener.py                                                            0           0  0.11s           2026-04-25T09:28:27
/usr/local/python/3.12.1/lib/python3.12/site-packages/airflow/example_dags/example_sla_dag.py                                                                   1           0  0.11s           2026-04-25T09:28:33
/usr/local/python/3.12.1/lib/python3.12/site-packages/airflow/example_dags/example_branch_labels.py                                                             1           0  0.11s           2026-04-25T09:28:21
/usr/local/python/3.12.1/lib/python3.12/site-packages/airflow/example_dags/tutorial.py                                                                          1           0  0.11s           2026-04-25T09:28:46
/usr/local/python/3.12.1/lib/python3.12/site-packages/airflow/example_dags/example_branch_python_dop_operator_3.py                                              1           0  0.11s           2026-04-25T09:28:01
/usr/local/python/3.12.1/lib/python3.12/site-packages/airflow/example_dags/example_setup_teardown.py                                                            1           0  0.10s           2026-04-25T09:28:12
/usr/local/python/3.12.1/lib/python3.12/site-packages/airflow/example_dags/example_branch_datetime_operator.py                                                  3           0  0.10s           2026-04-25T09:28:19
/usr/local/python/3.12.1/lib/python3.12/site-packages/airflow/example_dags/example_skip_dag.py                                                                  1           0  0.10s           2026-04-25T09:28:12
/usr/local/python/3.12.1/lib/python3.12/site-packages/airflow/example_dags/tutorial_dag.py                                                                      1           0  0.10s           2026-04-25T09:28:48
/usr/local/python/3.12.1/lib/python3.12/site-packages/airflow/example_dags/example_trigger_target_dag.py                                                        1           0  0.10s           2026-04-25T09:28:47
/usr/local/python/3.12.1/lib/python3.12/site-packages/airflow/example_dags/example_branch_operator.py                                                           1           0  0.10s           2026-04-25T09:28:18
/usr/local/python/3.12.1/lib/python3.12/site-packages/airflow/example_dags/example_branch_operator_decorator.py                                                 1           0  0.10s           2026-04-25T09:28:00
/usr/local/python/3.12.1/lib/python3.12/site-packages/airflow/example_dags/example_branch_day_of_week_operator.py                                               1           0  0.10s           2026-04-25T09:28:20
/usr/local/python/3.12.1/lib/python3.12/site-packages/airflow/example_dags/example_short_circuit_operator.py                                                    1           0  0.10s           2026-04-25T09:28:51
/usr/local/python/3.12.1/lib/python3.12/site-packages/airflow/example_dags/example_subdag_operator.py                                                           3           0  0.10s           2026-04-25T09:28:11
/usr/local/python/3.12.1/lib/python3.12/site-packages/airflow/example_dags/example_trigger_controller_dag.py                                                    1           0  0.10s           2026-04-25T09:28:50
/usr/local/python/3.12.1/lib/python3.12/site-packages/airflow/example_dags/example_short_circuit_decorator.py                                                   1           0  0.10s           2026-04-25T09:28:35
/usr/local/python/3.12.1/lib/python3.12/site-packages/airflow/example_dags/example_sensors.py                                                                   1           0  0.10s           2026-04-25T09:28:14
/usr/local/python/3.12.1/lib/python3.12/site-packages/airflow/example_dags/example_sensor_decorator.py                                                          1           0  0.10s           2026-04-25T09:28:15
/usr/local/python/3.12.1/lib/python3.12/site-packages/airflow/example_dags/subdags/subdag.py                                                                    0           0  0.10s           2026-04-25T09:28:24
/usr/local/python/3.12.1/lib/python3.12/site-packages/airflow/example_dags/tutorial_taskflow_api_virtualenv.py                                                  1           0  0.10s           2026-04-25T09:28:44
/usr/local/python/3.12.1/lib/python3.12/site-packages/airflow/example_dags/plugins/decreasing_priority_weight_strategy.py                                       0           0  0.10s           2026-04-25T09:28:28
/usr/local/python/3.12.1/lib/python3.12/site-packages/airflow/example_dags/example_display_name.py                                                              1           0  0.10s           2026-04-25T09:27:56
/usr/local/python/3.12.1/lib/python3.12/site-packages/airflow/example_dags/example_local_kubernetes_executor.py                                                 0           0  0.10s           2026-04-25T09:28:38
/usr/local/python/3.12.1/lib/python3.12/site-packages/airflow/example_dags/example_setup_teardown_taskflow.py                                                   1           0  0.10s           2026-04-25T09:28:34
/usr/local/python/3.12.1/lib/python3.12/site-packages/airflow/example_dags/example_bash_decorator.py                                                            1           0  0.10s           2026-04-25T09:28:23
/usr/local/python/3.12.1/lib/python3.12/site-packages/airflow/example_dags/example_xcom.py                                                                      1           0  0.10s           2026-04-25T09:28:48
/usr/local/python/3.12.1/lib/python3.12/site-packages/airflow/example_dags/example_xcomargs.py                                                                  2           0  0.10s           2026-04-25T09:28:45
/usr/local/python/3.12.1/lib/python3.12/site-packages/airflow/example_dags/example_external_task_marker_dag.py                                                  2           0  0.10s           2026-04-25T09:27:54
/usr/local/python/3.12.1/lib/python3.12/site-packages/airflow/example_dags/example_dynamic_task_mapping.py                                                      1           0  0.10s           2026-04-25T09:27:57
/usr/local/python/3.12.1/lib/python3.12/site-packages/airflow/example_dags/example_nested_branch_dag.py                                                         1           0  0.10s           2026-04-25T09:28:40
/usr/local/python/3.12.1/lib/python3.12/site-packages/airflow/example_dags/plugins/listener_plugin.py                                                           0           0  0.10s           2026-04-25T09:28:25
/usr/local/python/3.12.1/lib/python3.12/site-packages/airflow/example_dags/example_params_trigger_ui.py                                                         1           0  0.10s           2026-04-25T09:28:39
/usr/local/python/3.12.1/lib/python3.12/site-packages/airflow/example_dags/tutorial_taskflow_api.py                                                             1           0  0.10s           2026-04-25T09:28:29
/usr/local/python/3.12.1/lib/python3.12/site-packages/airflow/example_dags/example_python_operator.py                                                           1           0  0.10s           2026-04-25T09:28:36
/usr/local/python/3.12.1/lib/python3.12/site-packages/airflow/example_dags/example_bash_operator.py                                                             1           0  0.10s           2026-04-25T09:28:22
/usr/local/python/3.12.1/lib/python3.12/site-packages/airflow/example_dags/example_kubernetes_executor.py                                                       0           0  0.10s           2026-04-25T09:28:43
/usr/local/python/3.12.1/lib/python3.12/site-packages/airflow/example_dags/example_dynamic_task_mapping_with_no_taskflow_operators.py                           1           0  0.10s           2026-04-25T09:28:41
/usr/local/python/3.12.1/lib/python3.12/site-packages/airflow/example_dags/tutorial_objectstorage.py                                                            0           1  0.10s           2026-04-25T09:28:30
================================================================================
[2026-04-25T09:29:22.264+0000] {manager.py:878} INFO - 
================================================================================
DAG File Processing Stats

File Path                                                                                                                              PID    Runtime      # DAGs    # Errors  Last Runtime    Last Run
-------------------------------------------------------------------------------------------------------------------------------------  -----  ---------  --------  ----------  --------------  -------------------
/usr/local/python/3.12.1/lib/python3.12/site-packages/airflow/example_dags/example_passing_params_via_test_command.py                                           1           0  0.31s           2026-04-25T09:28:36
/usr/local/python/3.12.1/lib/python3.12/site-packages/airflow/example_dags/example_dag_decorator.py                                                             1           0  0.30s           2026-04-25T09:29:01
/usr/local/python/3.12.1/lib/python3.12/site-packages/airflow/example_dags/example_latest_only_with_trigger.py                                                  1           0  0.21s           2026-04-25T09:28:38
/usr/local/python/3.12.1/lib/python3.12/site-packages/airflow/example_dags/example_latest_only.py                                                               1           0  0.20s           2026-04-25T09:28:43
/usr/local/python/3.12.1/lib/python3.12/site-packages/airflow/example_dags/example_dynamic_task_mapping.py                                                      1           0  0.11s           2026-04-25T09:29:00
/usr/local/python/3.12.1/lib/python3.12/site-packages/airflow/example_dags/example_task_group.py                                                                1           0  0.11s           2026-04-25T09:28:51
/usr/local/python/3.12.1/lib/python3.12/site-packages/airflow/example_dags/example_skip_dag.py                                                                  1           0  0.11s           2026-04-25T09:28:54
/usr/local/python/3.12.1/lib/python3.12/site-packages/airflow/example_dags/example_time_delta_sensor_async.py                                                   1           0  0.11s           2026-04-25T09:29:12
/usr/local/python/3.12.1/lib/python3.12/site-packages/airflow/example_dags/example_setup_teardown_taskflow.py                                                   1           0  0.11s           2026-04-25T09:29:15
/usr/local/python/3.12.1/lib/python3.12/site-packages/airflow/example_dags/example_sensors.py                                                                   1           0  0.11s           2026-04-25T09:28:56
/usr/local/python/3.12.1/lib/python3.12/site-packages/airflow/example_dags/tutorial.py                                                                          1           0  0.11s           2026-04-25T09:28:46
/usr/local/python/3.12.1/lib/python3.12/site-packages/airflow/example_dags/example_datasets.py                                                                 10           0  0.10s           2026-04-25T09:28:58
/usr/local/python/3.12.1/lib/python3.12/site-packages/airflow/example_dags/example_branch_operator_decorator.py                                                 1           0  0.10s           2026-04-25T09:29:02
/usr/local/python/3.12.1/lib/python3.12/site-packages/airflow/example_dags/plugins/listener_plugin.py                                                           0           0  0.10s           2026-04-25T09:29:06
/usr/local/python/3.12.1/lib/python3.12/site-packages/airflow/example_dags/example_task_group_decorator.py                                                      1           0  0.10s           2026-04-25T09:29:13
/usr/local/python/3.12.1/lib/python3.12/site-packages/airflow/example_dags/plugins/event_listener.py                                                            0           0  0.10s           2026-04-25T09:29:08
/usr/local/python/3.12.1/lib/python3.12/site-packages/airflow/example_dags/example_branch_day_of_week_operator.py                                               1           0  0.10s           2026-04-25T09:29:21
/usr/local/python/3.12.1/lib/python3.12/site-packages/airflow/example_dags/example_python_decorator.py                                                          1           0  0.10s           2026-04-25T09:29:17
/usr/local/python/3.12.1/lib/python3.12/site-packages/airflow/example_dags/example_setup_teardown.py                                                            1           0  0.10s           2026-04-25T09:28:55
/usr/local/python/3.12.1/lib/python3.12/site-packages/airflow/example_dags/example_sensor_decorator.py                                                          1           0  0.10s           2026-04-25T09:29:16
/usr/local/python/3.12.1/lib/python3.12/site-packages/airflow/example_dags/tutorial_taskflow_api.py                                                             1           0  0.10s           2026-04-25T09:29:10
/usr/local/python/3.12.1/lib/python3.12/site-packages/airflow/example_dags/tutorial_objectstorage.py                                                            0           1  0.10s           2026-04-25T09:29:11
/usr/local/python/3.12.1/lib/python3.12/site-packages/airflow/example_dags/example_branch_python_dop_operator_3.py                                              1           0  0.10s           2026-04-25T09:29:03
/usr/local/python/3.12.1/lib/python3.12/site-packages/airflow/example_dags/plugins/workday.py                                                                   0           0  0.10s           2026-04-25T09:29:07
/usr/local/python/3.12.1/lib/python3.12/site-packages/airflow/example_dags/example_sla_dag.py                                                                   1           0  0.10s           2026-04-25T09:29:14
/usr/local/python/3.12.1/lib/python3.12/site-packages/airflow/example_dags/tutorial_dag.py                                                                      1           0  0.10s           2026-04-25T09:28:48
/usr/local/python/3.12.1/lib/python3.12/site-packages/airflow/example_dags/example_trigger_target_dag.py                                                        1           0  0.10s           2026-04-25T09:28:47
/usr/local/python/3.12.1/lib/python3.12/site-packages/airflow/example_dags/plugins/decreasing_priority_weight_strategy.py                                       0           0  0.10s           2026-04-25T09:29:09
/usr/local/python/3.12.1/lib/python3.12/site-packages/airflow/example_dags/example_subdag_operator.py                                                           3           0  0.10s           2026-04-25T09:28:53
/usr/local/python/3.12.1/lib/python3.12/site-packages/airflow/example_dags/example_display_name.py                                                              1           0  0.10s           2026-04-25T09:28:59
/usr/local/python/3.12.1/lib/python3.12/site-packages/airflow/example_dags/example_complex.py                                                                   1           0  0.10s           2026-04-25T09:29:04
/usr/local/python/3.12.1/lib/python3.12/site-packages/airflow/example_dags/example_short_circuit_operator.py                                                    1           0  0.10s           2026-04-25T09:28:51
/usr/local/python/3.12.1/lib/python3.12/site-packages/airflow/example_dags/example_trigger_controller_dag.py                                                    1           0  0.10s           2026-04-25T09:28:50
/usr/local/python/3.12.1/lib/python3.12/site-packages/airflow/example_dags/example_short_circuit_decorator.py                                                   1           0  0.10s           2026-04-25T09:28:35
/usr/local/python/3.12.1/lib/python3.12/site-packages/airflow/example_dags/example_external_task_marker_dag.py                                                  2           0  0.10s           2026-04-25T09:28:57
/usr/local/python/3.12.1/lib/python3.12/site-packages/airflow/example_dags/tutorial_taskflow_api_virtualenv.py                                                  1           0  0.10s           2026-04-25T09:28:44
/usr/local/python/3.12.1/lib/python3.12/site-packages/airflow/example_dags/subdags/subdag.py                                                                    0           0  0.10s           2026-04-25T09:29:05
/usr/local/python/3.12.1/lib/python3.12/site-packages/airflow/example_dags/example_branch_datetime_operator.py                                                  3           0  0.10s           2026-04-25T09:29:20
/usr/local/python/3.12.1/lib/python3.12/site-packages/airflow/example_dags/example_local_kubernetes_executor.py                                                 0           0  0.10s           2026-04-25T09:28:38
/usr/local/python/3.12.1/lib/python3.12/site-packages/airflow/example_dags/example_bash_decorator.py                                                            1           0  0.10s           2026-04-25T09:28:23
/usr/local/python/3.12.1/lib/python3.12/site-packages/airflow/example_dags/example_params_ui_tutorial.py                                                        1           0  0.10s           2026-04-25T09:29:18
/usr/local/python/3.12.1/lib/python3.12/site-packages/airflow/example_dags/example_branch_labels.py                                                             1           0  0.10s           2026-04-25T09:29:22
/usr/local/python/3.12.1/lib/python3.12/site-packages/airflow/example_dags/example_xcom.py                                                                      1           0  0.10s           2026-04-25T09:28:48
/usr/local/python/3.12.1/lib/python3.12/site-packages/airflow/example_dags/example_xcomargs.py                                                                  2           0  0.10s           2026-04-25T09:28:45
/usr/local/python/3.12.1/lib/python3.12/site-packages/airflow/example_dags/example_nested_branch_dag.py                                                         1           0  0.10s           2026-04-25T09:28:40
/usr/local/python/3.12.1/lib/python3.12/site-packages/airflow/example_dags/example_branch_operator.py                                                           1           0  0.10s           2026-04-25T09:29:19
/usr/local/python/3.12.1/lib/python3.12/site-packages/airflow/example_dags/example_params_trigger_ui.py                                                         1           0  0.10s           2026-04-25T09:28:39
/usr/local/python/3.12.1/lib/python3.12/site-packages/airflow/example_dags/example_python_operator.py                                                           1           0  0.10s           2026-04-25T09:28:36
/usr/local/python/3.12.1/lib/python3.12/site-packages/airflow/example_dags/example_bash_operator.py                                                             1           0  0.10s           2026-04-25T09:28:22
/usr/local/python/3.12.1/lib/python3.12/site-packages/airflow/example_dags/example_kubernetes_executor.py                                                       0           0  0.10s           2026-04-25T09:28:43
/usr/local/python/3.12.1/lib/python3.12/site-packages/airflow/example_dags/example_dynamic_task_mapping_with_no_taskflow_operators.py                           1           0  0.10s           2026-04-25T09:28:41
================================================================================
[2026-04-25T09:29:52.532+0000] {manager.py:878} INFO - 
================================================================================
DAG File Processing Stats

File Path                                                                                                                              PID    Runtime      # DAGs    # Errors  Last Runtime    Last Run
-------------------------------------------------------------------------------------------------------------------------------------  -----  ---------  --------  ----------  --------------  -------------------
/usr/local/python/3.12.1/lib/python3.12/site-packages/airflow/example_dags/example_nested_branch_dag.py                                                         1           0  0.30s           2026-04-25T09:29:41
/usr/local/python/3.12.1/lib/python3.12/site-packages/airflow/example_dags/example_params_trigger_ui.py                                                         1           0  0.30s           2026-04-25T09:29:40
/usr/local/python/3.12.1/lib/python3.12/site-packages/airflow/example_dags/example_dag_decorator.py                                                             1           0  0.30s           2026-04-25T09:29:01
/usr/local/python/3.12.1/lib/python3.12/site-packages/airflow/example_dags/example_dynamic_task_mapping_with_no_taskflow_operators.py                           1           0  0.30s           2026-04-25T09:29:43
/usr/local/python/3.12.1/lib/python3.12/site-packages/airflow/example_dags/example_latest_only.py                                                               1           0  0.20s           2026-04-25T09:29:44
/usr/local/python/3.12.1/lib/python3.12/site-packages/airflow/example_dags/example_dynamic_task_mapping.py                                                      1           0  0.11s           2026-04-25T09:29:00
/usr/local/python/3.12.1/lib/python3.12/site-packages/airflow/example_dags/example_setup_teardown_taskflow.py                                                   1           0  0.11s           2026-04-25T09:29:15
/usr/local/python/3.12.1/lib/python3.12/site-packages/airflow/example_dags/example_sensors.py                                                                   1           0  0.11s           2026-04-25T09:28:56
/usr/local/python/3.12.1/lib/python3.12/site-packages/airflow/example_dags/tutorial_dag.py                                                                      1           0  0.11s           2026-04-25T09:29:29
/usr/local/python/3.12.1/lib/python3.12/site-packages/airflow/example_dags/example_local_kubernetes_executor.py                                                 0           0  0.11s           2026-04-25T09:29:39
/usr/local/python/3.12.1/lib/python3.12/site-packages/airflow/example_dags/plugins/event_listener.py                                                            0           0  0.11s           2026-04-25T09:29:48
/usr/local/python/3.12.1/lib/python3.12/site-packages/airflow/example_dags/example_datasets.py                                                                 10           0  0.10s           2026-04-25T09:28:58
/usr/local/python/3.12.1/lib/python3.12/site-packages/airflow/example_dags/example_branch_operator_decorator.py                                                 1           0  0.10s           2026-04-25T09:29:02
/usr/local/python/3.12.1/lib/python3.12/site-packages/airflow/example_dags/example_branch_day_of_week_operator.py                                               1           0  0.10s           2026-04-25T09:29:21
/usr/local/python/3.12.1/lib/python3.12/site-packages/airflow/example_dags/example_python_decorator.py                                                          1           0  0.10s           2026-04-25T09:29:17
/usr/local/python/3.12.1/lib/python3.12/site-packages/airflow/example_dags/example_setup_teardown.py                                                            1           0  0.10s           2026-04-25T09:28:55
/usr/local/python/3.12.1/lib/python3.12/site-packages/airflow/example_dags/example_sensor_decorator.py                                                          1           0  0.10s           2026-04-25T09:29:16
/usr/local/python/3.12.1/lib/python3.12/site-packages/airflow/example_dags/example_branch_python_dop_operator_3.py                                              1           0  0.10s           2026-04-25T09:29:03
/usr/local/python/3.12.1/lib/python3.12/site-packages/airflow/example_dags/example_sla_dag.py                                                                   1           0  0.10s           2026-04-25T09:29:14
/usr/local/python/3.12.1/lib/python3.12/site-packages/airflow/example_dags/example_bash_operator.py                                                             1           0  0.10s           2026-04-25T09:29:23
/usr/local/python/3.12.1/lib/python3.12/site-packages/airflow/example_dags/example_display_name.py                                                              1           0  0.10s           2026-04-25T09:28:59
/usr/local/python/3.12.1/lib/python3.12/site-packages/airflow/example_dags/example_complex.py                                                                   1           0  0.10s           2026-04-25T09:29:04
/usr/local/python/3.12.1/lib/python3.12/site-packages/airflow/example_dags/tutorial_objectstorage.py                                                            0           1  0.10s           2026-04-25T09:29:50
/usr/local/python/3.12.1/lib/python3.12/site-packages/airflow/example_dags/example_trigger_target_dag.py                                                        1           0  0.10s           2026-04-25T09:29:27
/usr/local/python/3.12.1/lib/python3.12/site-packages/airflow/example_dags/example_external_task_marker_dag.py                                                  2           0  0.10s           2026-04-25T09:28:57
/usr/local/python/3.12.1/lib/python3.12/site-packages/airflow/example_dags/example_task_group.py                                                                1           0  0.10s           2026-04-25T09:29:32
/usr/local/python/3.12.1/lib/python3.12/site-packages/airflow/example_dags/example_task_group_decorator.py                                                      1           0  0.10s           2026-04-25T09:29:52
/usr/local/python/3.12.1/lib/python3.12/site-packages/airflow/example_dags/example_short_circuit_operator.py                                                    1           0  0.10s           2026-04-25T09:29:33
/usr/local/python/3.12.1/lib/python3.12/site-packages/airflow/example_dags/example_xcomargs.py                                                                  2           0  0.10s           2026-04-25T09:29:25
/usr/local/python/3.12.1/lib/python3.12/site-packages/airflow/example_dags/plugins/decreasing_priority_weight_strategy.py                                       0           0  0.10s           2026-04-25T09:29:49
/usr/local/python/3.12.1/lib/python3.12/site-packages/airflow/example_dags/example_branch_datetime_operator.py                                                  3           0  0.10s           2026-04-25T09:29:20
/usr/local/python/3.12.1/lib/python3.12/site-packages/airflow/example_dags/example_xcom.py                                                                      1           0  0.10s           2026-04-25T09:29:29
/usr/local/python/3.12.1/lib/python3.12/site-packages/airflow/example_dags/example_trigger_controller_dag.py                                                    1           0  0.10s           2026-04-25T09:29:31
/usr/local/python/3.12.1/lib/python3.12/site-packages/airflow/example_dags/example_skip_dag.py                                                                  1           0  0.10s           2026-04-25T09:29:35
/usr/local/python/3.12.1/lib/python3.12/site-packages/airflow/example_dags/example_time_delta_sensor_async.py                                                   1           0  0.10s           2026-04-25T09:29:51
/usr/local/python/3.12.1/lib/python3.12/site-packages/airflow/example_dags/example_short_circuit_decorator.py                                                   1           0  0.10s           2026-04-25T09:29:36
/usr/local/python/3.12.1/lib/python3.12/site-packages/airflow/example_dags/example_latest_only_with_trigger.py                                                  1           0  0.10s           2026-04-25T09:29:38
/usr/local/python/3.12.1/lib/python3.12/site-packages/airflow/example_dags/example_params_ui_tutorial.py                                                        1           0  0.10s           2026-04-25T09:29:18
/usr/local/python/3.12.1/lib/python3.12/site-packages/airflow/example_dags/example_bash_decorator.py                                                            1           0  0.10s           2026-04-25T09:29:24
/usr/local/python/3.12.1/lib/python3.12/site-packages/airflow/example_dags/example_branch_labels.py                                                             1           0  0.10s           2026-04-25T09:29:22
/usr/local/python/3.12.1/lib/python3.12/site-packages/airflow/example_dags/plugins/listener_plugin.py                                                           0           0  0.10s           2026-04-25T09:29:46
/usr/local/python/3.12.1/lib/python3.12/site-packages/airflow/example_dags/tutorial_taskflow_api.py                                                             1           0  0.10s           2026-04-25T09:29:50
/usr/local/python/3.12.1/lib/python3.12/site-packages/airflow/example_dags/plugins/workday.py                                                                   0           0  0.10s           2026-04-25T09:29:47
/usr/local/python/3.12.1/lib/python3.12/site-packages/airflow/example_dags/example_branch_operator.py                                                           1           0  0.10s           2026-04-25T09:29:19
/usr/local/python/3.12.1/lib/python3.12/site-packages/airflow/example_dags/example_kubernetes_executor.py                                                       0           0  0.10s           2026-04-25T09:29:44
/usr/local/python/3.12.1/lib/python3.12/site-packages/airflow/example_dags/example_python_operator.py                                                           1           0  0.10s           2026-04-25T09:29:36
/usr/local/python/3.12.1/lib/python3.12/site-packages/airflow/example_dags/tutorial_taskflow_api_virtualenv.py                                                  1           0  0.10s           2026-04-25T09:29:24
/usr/local/python/3.12.1/lib/python3.12/site-packages/airflow/example_dags/subdags/subdag.py                                                                    0           0  0.10s           2026-04-25T09:29:45
/usr/local/python/3.12.1/lib/python3.12/site-packages/airflow/example_dags/example_subdag_operator.py                                                           3           0  0.10s           2026-04-25T09:29:34
/usr/local/python/3.12.1/lib/python3.12/site-packages/airflow/example_dags/tutorial.py                                                                          1           0  0.10s           2026-04-25T09:29:26
/usr/local/python/3.12.1/lib/python3.12/site-packages/airflow/example_dags/example_passing_params_via_test_command.py                                           1           0  0.10s           2026-04-25T09:29:37
================================================================================
[2026-04-25T09:30:22.672+0000] {manager.py:878} INFO - 
================================================================================
DAG File Processing Stats

File Path                                                                                                                              PID    Runtime      # DAGs    # Errors  Last Runtime    Last Run
-------------------------------------------------------------------------------------------------------------------------------------  -----  ---------  --------  ----------  --------------  -------------------
/usr/local/python/3.12.1/lib/python3.12/site-packages/airflow/example_dags/example_dag_decorator.py                                                             1           0  0.30s           2026-04-25T09:30:00
/usr/local/python/3.12.1/lib/python3.12/site-packages/airflow/example_dags/example_nested_branch_dag.py                                                         1           0  0.30s           2026-04-25T09:29:41
/usr/local/python/3.12.1/lib/python3.12/site-packages/airflow/example_dags/example_params_trigger_ui.py                                                         1           0  0.30s           2026-04-25T09:29:40
/usr/local/python/3.12.1/lib/python3.12/site-packages/airflow/example_dags/example_dynamic_task_mapping_with_no_taskflow_operators.py                           1           0  0.30s           2026-04-25T09:29:43
/usr/local/python/3.12.1/lib/python3.12/site-packages/airflow/example_dags/example_params_ui_tutorial.py                                                        1           0  0.20s           2026-04-25T09:30:15
/usr/local/python/3.12.1/lib/python3.12/site-packages/airflow/example_dags/example_latest_only.py                                                               1           0  0.20s           2026-04-25T09:29:44
/usr/local/python/3.12.1/lib/python3.12/site-packages/airflow/example_dags/example_trigger_target_dag.py                                                        1           0  0.11s           2026-04-25T09:30:07
/usr/local/python/3.12.1/lib/python3.12/site-packages/airflow/example_dags/example_display_name.py                                                              1           0  0.11s           2026-04-25T09:29:58
/usr/local/python/3.12.1/lib/python3.12/site-packages/airflow/example_dags/example_branch_python_dop_operator_3.py                                              1           0  0.11s           2026-04-25T09:30:02
/usr/local/python/3.12.1/lib/python3.12/site-packages/airflow/example_dags/tutorial_dag.py                                                                      1           0  0.11s           2026-04-25T09:30:08
/usr/local/python/3.12.1/lib/python3.12/site-packages/airflow/example_dags/example_datasets.py                                                                 10           0  0.11s           2026-04-25T09:29:57
/usr/local/python/3.12.1/lib/python3.12/site-packages/airflow/example_dags/example_short_circuit_operator.py                                                    1           0  0.11s           2026-04-25T09:30:11
/usr/local/python/3.12.1/lib/python3.12/site-packages/airflow/example_dags/example_local_kubernetes_executor.py                                                 0           0  0.11s           2026-04-25T09:29:39
/usr/local/python/3.12.1/lib/python3.12/site-packages/airflow/example_dags/example_trigger_controller_dag.py                                                    1           0  0.11s           2026-04-25T09:30:09
/usr/local/python/3.12.1/lib/python3.12/site-packages/airflow/example_dags/plugins/event_listener.py                                                            0           0  0.11s           2026-04-25T09:29:48
/usr/local/python/3.12.1/lib/python3.12/site-packages/airflow/example_dags/example_sensor_decorator.py                                                          1           0  0.10s           2026-04-25T09:30:13
/usr/local/python/3.12.1/lib/python3.12/site-packages/airflow/example_dags/tutorial_taskflow_api_virtualenv.py                                                  1           0  0.10s           2026-04-25T09:30:04
/usr/local/python/3.12.1/lib/python3.12/site-packages/airflow/example_dags/example_xcom.py                                                                      1           0  0.10s           2026-04-25T09:30:07
/usr/local/python/3.12.1/lib/python3.12/site-packages/airflow/example_dags/example_dynamic_task_mapping.py                                                      1           0  0.10s           2026-04-25T09:29:59
/usr/local/python/3.12.1/lib/python3.12/site-packages/airflow/example_dags/example_branch_labels.py                                                             1           0  0.10s           2026-04-25T09:30:19
/usr/local/python/3.12.1/lib/python3.12/site-packages/airflow/example_dags/tutorial_objectstorage.py                                                            0           1  0.10s           2026-04-25T09:29:50
/usr/local/python/3.12.1/lib/python3.12/site-packages/airflow/example_dags/example_sla_dag.py                                                                   1           0  0.10s           2026-04-25T09:29:53
/usr/local/python/3.12.1/lib/python3.12/site-packages/airflow/example_dags/example_python_decorator.py                                                          1           0  0.10s           2026-04-25T09:30:14
/usr/local/python/3.12.1/lib/python3.12/site-packages/airflow/example_dags/subdags/subdag.py                                                                    0           0  0.10s           2026-04-25T09:30:22
/usr/local/python/3.12.1/lib/python3.12/site-packages/airflow/example_dags/example_task_group.py                                                                1           0  0.10s           2026-04-25T09:30:11
/usr/local/python/3.12.1/lib/python3.12/site-packages/airflow/example_dags/example_task_group_decorator.py                                                      1           0  0.10s           2026-04-25T09:29:52
/usr/local/python/3.12.1/lib/python3.12/site-packages/airflow/example_dags/example_xcomargs.py                                                                  2           0  0.10s           2026-04-25T09:30:05
/usr/local/python/3.12.1/lib/python3.12/site-packages/airflow/example_dags/example_external_task_marker_dag.py                                                  2           0  0.10s           2026-04-25T09:29:56
/usr/local/python/3.12.1/lib/python3.12/site-packages/airflow/example_dags/plugins/decreasing_priority_weight_strategy.py                                       0           0  0.10s           2026-04-25T09:29:49
/usr/local/python/3.12.1/lib/python3.12/site-packages/airflow/example_dags/example_skip_dag.py                                                                  1           0  0.10s           2026-04-25T09:29:35
/usr/local/python/3.12.1/lib/python3.12/site-packages/airflow/example_dags/example_bash_operator.py                                                             1           0  0.10s           2026-04-25T09:30:20
/usr/local/python/3.12.1/lib/python3.12/site-packages/airflow/example_dags/example_time_delta_sensor_async.py                                                   1           0  0.10s           2026-04-25T09:29:51
/usr/local/python/3.12.1/lib/python3.12/site-packages/airflow/example_dags/example_short_circuit_decorator.py                                                   1           0  0.10s           2026-04-25T09:29:36
/usr/local/python/3.12.1/lib/python3.12/site-packages/airflow/example_dags/example_latest_only_with_trigger.py                                                  1           0  0.10s           2026-04-25T09:29:38
/usr/local/python/3.12.1/lib/python3.12/site-packages/airflow/example_dags/plugins/listener_plugin.py                                                           0           0  0.10s           2026-04-25T09:29:46
/usr/local/python/3.12.1/lib/python3.12/site-packages/airflow/example_dags/example_branch_day_of_week_operator.py                                               1           0  0.10s           2026-04-25T09:30:18
/usr/local/python/3.12.1/lib/python3.12/site-packages/airflow/example_dags/tutorial_taskflow_api.py                                                             1           0  0.10s           2026-04-25T09:29:50
/usr/local/python/3.12.1/lib/python3.12/site-packages/airflow/example_dags/example_setup_teardown.py                                                            1           0  0.10s           2026-04-25T09:29:54
/usr/local/python/3.12.1/lib/python3.12/site-packages/airflow/example_dags/plugins/workday.py                                                                   0           0  0.10s           2026-04-25T09:29:47
/usr/local/python/3.12.1/lib/python3.12/site-packages/airflow/example_dags/example_branch_operator.py                                                           1           0  0.10s           2026-04-25T09:30:16
/usr/local/python/3.12.1/lib/python3.12/site-packages/airflow/example_dags/example_branch_operator_decorator.py                                                 1           0  0.10s           2026-04-25T09:30:00
/usr/local/python/3.12.1/lib/python3.12/site-packages/airflow/example_dags/example_kubernetes_executor.py                                                       0           0  0.10s           2026-04-25T09:29:44
/usr/local/python/3.12.1/lib/python3.12/site-packages/airflow/example_dags/example_python_operator.py                                                           1           0  0.10s           2026-04-25T09:29:36
/usr/local/python/3.12.1/lib/python3.12/site-packages/airflow/example_dags/example_setup_teardown_taskflow.py                                                   1           0  0.10s           2026-04-25T09:30:12
/usr/local/python/3.12.1/lib/python3.12/site-packages/airflow/example_dags/tutorial.py                                                                          1           0  0.10s           2026-04-25T09:30:06
/usr/local/python/3.12.1/lib/python3.12/site-packages/airflow/example_dags/example_complex.py                                                                   1           0  0.10s           2026-04-25T09:30:03
/usr/local/python/3.12.1/lib/python3.12/site-packages/airflow/example_dags/example_bash_decorator.py                                                            1           0  0.10s           2026-04-25T09:30:21
/usr/local/python/3.12.1/lib/python3.12/site-packages/airflow/example_dags/example_sensors.py                                                                   1           0  0.10s           2026-04-25T09:29:55
/usr/local/python/3.12.1/lib/python3.12/site-packages/airflow/example_dags/example_branch_datetime_operator.py                                                  3           0  0.10s           2026-04-25T09:30:17
/usr/local/python/3.12.1/lib/python3.12/site-packages/airflow/example_dags/example_subdag_operator.py                                                           3           0  0.10s           2026-04-25T09:29:34
/usr/local/python/3.12.1/lib/python3.12/site-packages/airflow/example_dags/example_passing_params_via_test_command.py                                           1           0  0.10s           2026-04-25T09:29:37
================================================================================
[2026-04-25T09:30:53.038+0000] {manager.py:878} INFO - 
================================================================================
DAG File Processing Stats

File Path                                                                                                                              PID    Runtime      # DAGs    # Errors  Last Runtime    Last Run
-------------------------------------------------------------------------------------------------------------------------------------  -----  ---------  --------  ----------  --------------  -------------------
/usr/local/python/3.12.1/lib/python3.12/site-packages/airflow/example_dags/example_sla_dag.py                                                                   1           0  0.31s           2026-04-25T09:30:53
/usr/local/python/3.12.1/lib/python3.12/site-packages/airflow/example_dags/example_xcom.py                                                                      1           0  0.31s           2026-04-25T09:30:48
/usr/local/python/3.12.1/lib/python3.12/site-packages/airflow/example_dags/example_dag_decorator.py                                                             1           0  0.30s           2026-04-25T09:30:00
/usr/local/python/3.12.1/lib/python3.12/site-packages/airflow/example_dags/example_short_circuit_operator.py                                                    1           0  0.30s           2026-04-25T09:30:52
/usr/local/python/3.12.1/lib/python3.12/site-packages/airflow/example_dags/example_task_group.py                                                                1           0  0.30s           2026-04-25T09:30:51
/usr/local/python/3.12.1/lib/python3.12/site-packages/airflow/example_dags/tutorial.py                                                                          1           0  0.21s           2026-04-25T09:30:46
/usr/local/python/3.12.1/lib/python3.12/site-packages/airflow/example_dags/example_latest_only.py                                                               1           0  0.21s           2026-04-25T09:30:43
/usr/local/python/3.12.1/lib/python3.12/site-packages/airflow/example_dags/example_trigger_controller_dag.py                                                    1           0  0.21s           2026-04-25T09:30:50
/usr/local/python/3.12.1/lib/python3.12/site-packages/airflow/example_dags/example_params_ui_tutorial.py                                                        1           0  0.20s           2026-04-25T09:30:15
/usr/local/python/3.12.1/lib/python3.12/site-packages/airflow/example_dags/example_subdag_operator.py                                                           3           0  0.20s           2026-04-25T09:30:31
/usr/local/python/3.12.1/lib/python3.12/site-packages/airflow/example_dags/example_local_kubernetes_executor.py                                                 0           0  0.11s           2026-04-25T09:30:37
/usr/local/python/3.12.1/lib/python3.12/site-packages/airflow/example_dags/example_display_name.py                                                              1           0  0.11s           2026-04-25T09:29:58
/usr/local/python/3.12.1/lib/python3.12/site-packages/airflow/example_dags/example_branch_python_dop_operator_3.py                                              1           0  0.11s           2026-04-25T09:30:02
/usr/local/python/3.12.1/lib/python3.12/site-packages/airflow/example_dags/example_datasets.py                                                                 10           0  0.11s           2026-04-25T09:29:57
/usr/local/python/3.12.1/lib/python3.12/site-packages/airflow/example_dags/example_sensor_decorator.py                                                          1           0  0.10s           2026-04-25T09:30:13
/usr/local/python/3.12.1/lib/python3.12/site-packages/airflow/example_dags/tutorial_dag.py                                                                      1           0  0.10s           2026-04-25T09:30:49
/usr/local/python/3.12.1/lib/python3.12/site-packages/airflow/example_dags/plugins/decreasing_priority_weight_strategy.py                                       0           0  0.10s           2026-04-25T09:30:26
/usr/local/python/3.12.1/lib/python3.12/site-packages/airflow/example_dags/example_kubernetes_executor.py                                                       0           0  0.10s           2026-04-25T09:30:42
/usr/local/python/3.12.1/lib/python3.12/site-packages/airflow/example_dags/example_dynamic_task_mapping.py                                                      1           0  0.10s           2026-04-25T09:29:59
/usr/local/python/3.12.1/lib/python3.12/site-packages/airflow/example_dags/example_passing_params_via_test_command.py                                           1           0  0.10s           2026-04-25T09:30:36
/usr/local/python/3.12.1/lib/python3.12/site-packages/airflow/example_dags/example_branch_labels.py                                                             1           0  0.10s           2026-04-25T09:30:19
/usr/local/python/3.12.1/lib/python3.12/site-packages/airflow/example_dags/example_params_trigger_ui.py                                                         1           0  0.10s           2026-04-25T09:30:38
/usr/local/python/3.12.1/lib/python3.12/site-packages/airflow/example_dags/example_nested_branch_dag.py                                                         1           0  0.10s           2026-04-25T09:30:39
/usr/local/python/3.12.1/lib/python3.12/site-packages/airflow/example_dags/example_task_group_decorator.py                                                      1           0  0.10s           2026-04-25T09:30:30
/usr/local/python/3.12.1/lib/python3.12/site-packages/airflow/example_dags/example_python_decorator.py                                                          1           0  0.10s           2026-04-25T09:30:14
/usr/local/python/3.12.1/lib/python3.12/site-packages/airflow/example_dags/plugins/workday.py                                                                   0           0  0.10s           2026-04-25T09:30:24
/usr/local/python/3.12.1/lib/python3.12/site-packages/airflow/example_dags/plugins/listener_plugin.py                                                           0           0  0.10s           2026-04-25T09:30:23
/usr/local/python/3.12.1/lib/python3.12/site-packages/airflow/example_dags/subdags/subdag.py                                                                    0           0  0.10s           2026-04-25T09:30:22
/usr/local/python/3.12.1/lib/python3.12/site-packages/airflow/example_dags/tutorial_objectstorage.py                                                            0           1  0.10s           2026-04-25T09:30:28
/usr/local/python/3.12.1/lib/python3.12/site-packages/airflow/example_dags/example_python_operator.py                                                           1           0  0.10s           2026-04-25T09:30:35
/usr/local/python/3.12.1/lib/python3.12/site-packages/airflow/example_dags/tutorial_taskflow_api_virtualenv.py                                                  1           0  0.10s           2026-04-25T09:30:44
/usr/local/python/3.12.1/lib/python3.12/site-packages/airflow/example_dags/example_time_delta_sensor_async.py                                                   1           0  0.10s           2026-04-25T09:30:29
/usr/local/python/3.12.1/lib/python3.12/site-packages/airflow/example_dags/example_skip_dag.py                                                                  1           0  0.10s           2026-04-25T09:30:33
/usr/local/python/3.12.1/lib/python3.12/site-packages/airflow/example_dags/example_external_task_marker_dag.py                                                  2           0  0.10s           2026-04-25T09:29:56
/usr/local/python/3.12.1/lib/python3.12/site-packages/airflow/example_dags/example_xcomargs.py                                                                  2           0  0.10s           2026-04-25T09:30:45
/usr/local/python/3.12.1/lib/python3.12/site-packages/airflow/example_dags/example_dynamic_task_mapping_with_no_taskflow_operators.py                           1           0  0.10s           2026-04-25T09:30:41
/usr/local/python/3.12.1/lib/python3.12/site-packages/airflow/example_dags/example_bash_operator.py                                                             1           0  0.10s           2026-04-25T09:30:20
/usr/local/python/3.12.1/lib/python3.12/site-packages/airflow/example_dags/example_short_circuit_decorator.py                                                   1           0  0.10s           2026-04-25T09:30:34
/usr/local/python/3.12.1/lib/python3.12/site-packages/airflow/example_dags/example_trigger_target_dag.py                                                        1           0  0.10s           2026-04-25T09:30:47
/usr/local/python/3.12.1/lib/python3.12/site-packages/airflow/example_dags/example_branch_day_of_week_operator.py                                               1           0  0.10s           2026-04-25T09:30:18
/usr/local/python/3.12.1/lib/python3.12/site-packages/airflow/example_dags/example_setup_teardown.py                                                            1           0  0.10s           2026-04-25T09:29:54
/usr/local/python/3.12.1/lib/python3.12/site-packages/airflow/example_dags/example_branch_operator.py                                                           1           0  0.10s           2026-04-25T09:30:16
/usr/local/python/3.12.1/lib/python3.12/site-packages/airflow/example_dags/example_branch_operator_decorator.py                                                 1           0  0.10s           2026-04-25T09:30:00
/usr/local/python/3.12.1/lib/python3.12/site-packages/airflow/example_dags/example_latest_only_with_trigger.py                                                  1           0  0.10s           2026-04-25T09:30:37
/usr/local/python/3.12.1/lib/python3.12/site-packages/airflow/example_dags/example_setup_teardown_taskflow.py                                                   1           0  0.10s           2026-04-25T09:30:12
/usr/local/python/3.12.1/lib/python3.12/site-packages/airflow/example_dags/tutorial_taskflow_api.py                                                             1           0  0.10s           2026-04-25T09:30:27
/usr/local/python/3.12.1/lib/python3.12/site-packages/airflow/example_dags/example_complex.py                                                                   1           0  0.10s           2026-04-25T09:30:03
/usr/local/python/3.12.1/lib/python3.12/site-packages/airflow/example_dags/example_bash_decorator.py                                                            1           0  0.10s           2026-04-25T09:30:21
/usr/local/python/3.12.1/lib/python3.12/site-packages/airflow/example_dags/example_sensors.py                                                                   1           0  0.10s           2026-04-25T09:29:55
/usr/local/python/3.12.1/lib/python3.12/site-packages/airflow/example_dags/example_branch_datetime_operator.py                                                  3           0  0.10s           2026-04-25T09:30:17
/usr/local/python/3.12.1/lib/python3.12/site-packages/airflow/example_dags/plugins/event_listener.py                                                            0           0  0.10s           2026-04-25T09:30:26
================================================================================
[2026-04-25T09:31:23.333+0000] {manager.py:878} INFO - 
================================================================================
DAG File Processing Stats

File Path                                                                                                                              PID    Runtime      # DAGs    # Errors  Last Runtime    Last Run
-------------------------------------------------------------------------------------------------------------------------------------  -----  ---------  --------  ----------  --------------  -------------------
/usr/local/python/3.12.1/lib/python3.12/site-packages/airflow/example_dags/example_dag_decorator.py                                                             1           0  0.41s           2026-04-25T09:31:03
/usr/local/python/3.12.1/lib/python3.12/site-packages/airflow/example_dags/example_datasets.py                                                                 10           0  0.32s           2026-04-25T09:30:59
/usr/local/python/3.12.1/lib/python3.12/site-packages/airflow/example_dags/example_sla_dag.py                                                                   1           0  0.31s           2026-04-25T09:30:53
/usr/local/python/3.12.1/lib/python3.12/site-packages/airflow/example_dags/example_xcom.py                                                                      1           0  0.31s           2026-04-25T09:30:48
/usr/local/python/3.12.1/lib/python3.12/site-packages/airflow/example_dags/example_setup_teardown_taskflow.py                                                   1           0  0.31s           2026-04-25T09:30:54
/usr/local/python/3.12.1/lib/python3.12/site-packages/airflow/example_dags/example_branch_operator_decorator.py                                                 1           0  0.31s           2026-04-25T09:31:04
/usr/local/python/3.12.1/lib/python3.12/site-packages/airflow/example_dags/example_setup_teardown.py                                                            1           0  0.30s           2026-04-25T09:30:55
/usr/local/python/3.12.1/lib/python3.12/site-packages/airflow/example_dags/example_short_circuit_operator.py                                                    1           0  0.30s           2026-04-25T09:30:52
/usr/local/python/3.12.1/lib/python3.12/site-packages/airflow/example_dags/example_display_name.py                                                              1           0  0.30s           2026-04-25T09:31:00
/usr/local/python/3.12.1/lib/python3.12/site-packages/airflow/example_dags/example_branch_python_dop_operator_3.py                                              1           0  0.30s           2026-04-25T09:31:05
/usr/local/python/3.12.1/lib/python3.12/site-packages/airflow/example_dags/example_task_group.py                                                                1           0  0.30s           2026-04-25T09:30:51
/usr/local/python/3.12.1/lib/python3.12/site-packages/airflow/example_dags/example_latest_only_with_trigger.py                                                  1           0  0.22s           2026-04-25T09:31:23
/usr/local/python/3.12.1/lib/python3.12/site-packages/airflow/example_dags/example_external_task_marker_dag.py                                                  2           0  0.21s           2026-04-25T09:30:58
/usr/local/python/3.12.1/lib/python3.12/site-packages/airflow/example_dags/tutorial.py                                                                          1           0  0.21s           2026-04-25T09:30:46
/usr/local/python/3.12.1/lib/python3.12/site-packages/airflow/example_dags/example_latest_only.py                                                               1           0  0.21s           2026-04-25T09:30:43
/usr/local/python/3.12.1/lib/python3.12/site-packages/airflow/example_dags/example_sensors.py                                                                   1           0  0.21s           2026-04-25T09:30:56
/usr/local/python/3.12.1/lib/python3.12/site-packages/airflow/example_dags/example_dynamic_task_mapping.py                                                      1           0  0.21s           2026-04-25T09:31:02
/usr/local/python/3.12.1/lib/python3.12/site-packages/airflow/example_dags/example_subdag_operator.py                                                           3           0  0.21s           2026-04-25T09:31:17
/usr/local/python/3.12.1/lib/python3.12/site-packages/airflow/example_dags/example_trigger_controller_dag.py                                                    1           0  0.21s           2026-04-25T09:30:50
/usr/local/python/3.12.1/lib/python3.12/site-packages/airflow/example_dags/example_local_kubernetes_executor.py                                                 0           0  0.11s           2026-04-25T09:30:37
/usr/local/python/3.12.1/lib/python3.12/site-packages/airflow/example_dags/example_skip_dag.py                                                                  1           0  0.11s           2026-04-25T09:31:18
/usr/local/python/3.12.1/lib/python3.12/site-packages/airflow/example_dags/tutorial_dag.py                                                                      1           0  0.10s           2026-04-25T09:30:49
/usr/local/python/3.12.1/lib/python3.12/site-packages/airflow/example_dags/example_sensor_decorator.py                                                          1           0  0.10s           2026-04-25T09:30:57
/usr/local/python/3.12.1/lib/python3.12/site-packages/airflow/example_dags/tutorial_taskflow_api.py                                                             1           0  0.10s           2026-04-25T09:31:12
/usr/local/python/3.12.1/lib/python3.12/site-packages/airflow/example_dags/example_kubernetes_executor.py                                                       0           0  0.10s           2026-04-25T09:30:42
/usr/local/python/3.12.1/lib/python3.12/site-packages/airflow/example_dags/example_branch_labels.py                                                             1           0  0.10s           2026-04-25T09:30:19
/usr/local/python/3.12.1/lib/python3.12/site-packages/airflow/example_dags/example_params_trigger_ui.py                                                         1           0  0.10s           2026-04-25T09:30:38
/usr/local/python/3.12.1/lib/python3.12/site-packages/airflow/example_dags/example_nested_branch_dag.py                                                         1           0  0.10s           2026-04-25T09:30:39
/usr/local/python/3.12.1/lib/python3.12/site-packages/airflow/example_dags/example_complex.py                                                                   1           0  0.10s           2026-04-25T09:31:07
/usr/local/python/3.12.1/lib/python3.12/site-packages/airflow/example_dags/tutorial_taskflow_api_virtualenv.py                                                  1           0  0.10s           2026-04-25T09:30:44
/usr/local/python/3.12.1/lib/python3.12/site-packages/airflow/example_dags/plugins/listener_plugin.py                                                           0           0  0.10s           2026-04-25T09:31:08
/usr/local/python/3.12.1/lib/python3.12/site-packages/airflow/example_dags/example_time_delta_sensor_async.py                                                   1           0  0.10s           2026-04-25T09:31:14
/usr/local/python/3.12.1/lib/python3.12/site-packages/airflow/example_dags/example_xcomargs.py                                                                  2           0  0.10s           2026-04-25T09:30:45
/usr/local/python/3.12.1/lib/python3.12/site-packages/airflow/example_dags/example_params_ui_tutorial.py                                                        1           0  0.10s           2026-04-25T09:31:22
/usr/local/python/3.12.1/lib/python3.12/site-packages/airflow/example_dags/plugins/workday.py                                                                   0           0  0.10s           2026-04-25T09:31:09
/usr/local/python/3.12.1/lib/python3.12/site-packages/airflow/example_dags/plugins/event_listener.py                                                            0           0  0.10s           2026-04-25T09:31:10
/usr/local/python/3.12.1/lib/python3.12/site-packages/airflow/example_dags/example_dynamic_task_mapping_with_no_taskflow_operators.py                           1           0  0.10s           2026-04-25T09:30:41
/usr/local/python/3.12.1/lib/python3.12/site-packages/airflow/example_dags/example_short_circuit_decorator.py                                                   1           0  0.10s           2026-04-25T09:31:18
/usr/local/python/3.12.1/lib/python3.12/site-packages/airflow/example_dags/example_bash_operator.py                                                             1           0  0.10s           2026-04-25T09:30:20
/usr/local/python/3.12.1/lib/python3.12/site-packages/airflow/example_dags/subdags/subdag.py                                                                    0           0  0.10s           2026-04-25T09:31:08
/usr/local/python/3.12.1/lib/python3.12/site-packages/airflow/example_dags/example_trigger_target_dag.py                                                        1           0  0.10s           2026-04-25T09:30:47
/usr/local/python/3.12.1/lib/python3.12/site-packages/airflow/example_dags/example_python_decorator.py                                                          1           0  0.10s           2026-04-25T09:31:18
/usr/local/python/3.12.1/lib/python3.12/site-packages/airflow/example_dags/example_branch_day_of_week_operator.py                                               1           0  0.10s           2026-04-25T09:30:18
/usr/local/python/3.12.1/lib/python3.12/site-packages/airflow/example_dags/tutorial_objectstorage.py                                                            0           1  0.10s           2026-04-25T09:31:13
/usr/local/python/3.12.1/lib/python3.12/site-packages/airflow/example_dags/example_branch_operator.py                                                           1           0  0.10s           2026-04-25T09:30:16
/usr/local/python/3.12.1/lib/python3.12/site-packages/airflow/example_dags/example_task_group_decorator.py                                                      1           0  0.10s           2026-04-25T09:31:15
/usr/local/python/3.12.1/lib/python3.12/site-packages/airflow/example_dags/example_passing_params_via_test_command.py                                           1           0  0.10s           2026-04-25T09:31:20
/usr/local/python/3.12.1/lib/python3.12/site-packages/airflow/example_dags/plugins/decreasing_priority_weight_strategy.py                                       0           0  0.10s           2026-04-25T09:31:11
/usr/local/python/3.12.1/lib/python3.12/site-packages/airflow/example_dags/example_python_operator.py                                                           1           0  0.10s           2026-04-25T09:31:19
/usr/local/python/3.12.1/lib/python3.12/site-packages/airflow/example_dags/example_bash_decorator.py                                                            1           0  0.10s           2026-04-25T09:30:21
/usr/local/python/3.12.1/lib/python3.12/site-packages/airflow/example_dags/example_branch_datetime_operator.py                                                  3           0  0.10s           2026-04-25T09:30:17
================================================================================
[2026-04-25T09:31:53.614+0000] {manager.py:878} INFO - 
================================================================================
DAG File Processing Stats

File Path                                                                                                                              PID    Runtime      # DAGs    # Errors  Last Runtime    Last Run
-------------------------------------------------------------------------------------------------------------------------------------  -----  ---------  --------  ----------  --------------  -------------------
/usr/local/python/3.12.1/lib/python3.12/site-packages/airflow/example_dags/example_dag_decorator.py                                                             1           0  0.41s           2026-04-25T09:31:03
/usr/local/python/3.12.1/lib/python3.12/site-packages/airflow/example_dags/example_datasets.py                                                                 10           0  0.31s           2026-04-25T09:31:49
/usr/local/python/3.12.1/lib/python3.12/site-packages/airflow/example_dags/example_branch_operator_decorator.py                                                 1           0  0.31s           2026-04-25T09:31:04
/usr/local/python/3.12.1/lib/python3.12/site-packages/airflow/example_dags/example_display_name.py                                                              1           0  0.30s           2026-04-25T09:31:00
/usr/local/python/3.12.1/lib/python3.12/site-packages/airflow/example_dags/example_branch_python_dop_operator_3.py                                              1           0  0.30s           2026-04-25T09:31:05
/usr/local/python/3.12.1/lib/python3.12/site-packages/airflow/example_dags/example_latest_only_with_trigger.py                                                  1           0  0.22s           2026-04-25T09:31:23
/usr/local/python/3.12.1/lib/python3.12/site-packages/airflow/example_dags/example_dynamic_task_mapping.py                                                      1           0  0.21s           2026-04-25T09:31:02
/usr/local/python/3.12.1/lib/python3.12/site-packages/airflow/example_dags/example_subdag_operator.py                                                           3           0  0.21s           2026-04-25T09:31:17
/usr/local/python/3.12.1/lib/python3.12/site-packages/airflow/example_dags/example_setup_teardown.py                                                            1           0  0.12s           2026-04-25T09:31:40
/usr/local/python/3.12.1/lib/python3.12/site-packages/airflow/example_dags/example_trigger_target_dag.py                                                        1           0  0.11s           2026-04-25T09:31:33
/usr/local/python/3.12.1/lib/python3.12/site-packages/airflow/example_dags/example_skip_dag.py                                                                  1           0  0.11s           2026-04-25T09:31:18
/usr/local/python/3.12.1/lib/python3.12/site-packages/airflow/example_dags/example_external_task_marker_dag.py                                                  2           0  0.11s           2026-04-25T09:31:48
/usr/local/python/3.12.1/lib/python3.12/site-packages/airflow/example_dags/example_task_group.py                                                                1           0  0.11s           2026-04-25T09:31:37
/usr/local/python/3.12.1/lib/python3.12/site-packages/airflow/example_dags/example_sensor_decorator.py                                                          1           0  0.11s           2026-04-25T09:31:42
/usr/local/python/3.12.1/lib/python3.12/site-packages/airflow/example_dags/example_branch_operator.py                                                           1           0  0.11s           2026-04-25T09:31:24
/usr/local/python/3.12.1/lib/python3.12/site-packages/airflow/example_dags/example_short_circuit_operator.py                                                    1           0  0.11s           2026-04-25T09:31:38
/usr/local/python/3.12.1/lib/python3.12/site-packages/airflow/example_dags/example_branch_labels.py                                                             1           0  0.10s           2026-04-25T09:31:28
/usr/local/python/3.12.1/lib/python3.12/site-packages/airflow/example_dags/tutorial_taskflow_api.py                                                             1           0  0.10s           2026-04-25T09:31:12
/usr/local/python/3.12.1/lib/python3.12/site-packages/airflow/example_dags/example_params_trigger_ui.py                                                         1           0  0.10s           2026-04-25T09:31:43
/usr/local/python/3.12.1/lib/python3.12/site-packages/airflow/example_dags/plugins/workday.py                                                                   0           0  0.10s           2026-04-25T09:31:51
/usr/local/python/3.12.1/lib/python3.12/site-packages/airflow/example_dags/example_trigger_controller_dag.py                                                    1           0  0.10s           2026-04-25T09:31:36
/usr/local/python/3.12.1/lib/python3.12/site-packages/airflow/example_dags/subdags/subdag.py                                                                    0           0  0.10s           2026-04-25T09:31:49
/usr/local/python/3.12.1/lib/python3.12/site-packages/airflow/example_dags/example_sla_dag.py                                                                   1           0  0.10s           2026-04-25T09:31:38
/usr/local/python/3.12.1/lib/python3.12/site-packages/airflow/example_dags/tutorial.py                                                                          1           0  0.10s           2026-04-25T09:31:32
/usr/local/python/3.12.1/lib/python3.12/site-packages/airflow/example_dags/example_bash_operator.py                                                             1           0  0.10s           2026-04-25T09:31:28
/usr/local/python/3.12.1/lib/python3.12/site-packages/airflow/example_dags/example_complex.py                                                                   1           0  0.10s           2026-04-25T09:31:07
/usr/local/python/3.12.1/lib/python3.12/site-packages/airflow/example_dags/example_xcomargs.py                                                                  2           0  0.10s           2026-04-25T09:31:31
/usr/local/python/3.12.1/lib/python3.12/site-packages/airflow/example_dags/example_latest_only.py                                                               1           0  0.10s           2026-04-25T09:31:46
/usr/local/python/3.12.1/lib/python3.12/site-packages/airflow/example_dags/example_sensors.py                                                                   1           0  0.10s           2026-04-25T09:31:41
/usr/local/python/3.12.1/lib/python3.12/site-packages/airflow/example_dags/tutorial_taskflow_api_virtualenv.py                                                  1           0  0.10s           2026-04-25T09:31:30
/usr/local/python/3.12.1/lib/python3.12/site-packages/airflow/example_dags/example_time_delta_sensor_async.py                                                   1           0  0.10s           2026-04-25T09:31:14
/usr/local/python/3.12.1/lib/python3.12/site-packages/airflow/example_dags/example_kubernetes_executor.py                                                       0           0  0.10s           2026-04-25T09:31:45
/usr/local/python/3.12.1/lib/python3.12/site-packages/airflow/example_dags/example_bash_decorator.py                                                            1           0  0.10s           2026-04-25T09:31:28
/usr/local/python/3.12.1/lib/python3.12/site-packages/airflow/example_dags/example_params_ui_tutorial.py                                                        1           0  0.10s           2026-04-25T09:31:22
/usr/local/python/3.12.1/lib/python3.12/site-packages/airflow/example_dags/example_short_circuit_decorator.py                                                   1           0  0.10s           2026-04-25T09:31:18
/usr/local/python/3.12.1/lib/python3.12/site-packages/airflow/example_dags/tutorial_dag.py                                                                      1           0  0.10s           2026-04-25T09:31:35
/usr/local/python/3.12.1/lib/python3.12/site-packages/airflow/example_dags/example_local_kubernetes_executor.py                                                 0           0  0.10s           2026-04-25T09:31:23
/usr/local/python/3.12.1/lib/python3.12/site-packages/airflow/example_dags/example_dynamic_task_mapping_with_no_taskflow_operators.py                           1           0  0.10s           2026-04-25T09:31:44
/usr/local/python/3.12.1/lib/python3.12/site-packages/airflow/example_dags/plugins/event_listener.py                                                            0           0  0.10s           2026-04-25T09:31:52
/usr/local/python/3.12.1/lib/python3.12/site-packages/airflow/example_dags/example_branch_datetime_operator.py                                                  3           0  0.10s           2026-04-25T09:31:26
/usr/local/python/3.12.1/lib/python3.12/site-packages/airflow/example_dags/example_python_decorator.py                                                          1           0  0.10s           2026-04-25T09:31:18
/usr/local/python/3.12.1/lib/python3.12/site-packages/airflow/example_dags/example_xcom.py                                                                      1           0  0.10s           2026-04-25T09:31:34
/usr/local/python/3.12.1/lib/python3.12/site-packages/airflow/example_dags/plugins/decreasing_priority_weight_strategy.py                                       0           0  0.10s           2026-04-25T09:31:53
/usr/local/python/3.12.1/lib/python3.12/site-packages/airflow/example_dags/tutorial_objectstorage.py                                                            0           1  0.10s           2026-04-25T09:31:13
/usr/local/python/3.12.1/lib/python3.12/site-packages/airflow/example_dags/example_nested_branch_dag.py                                                         1           0  0.10s           2026-04-25T09:31:44
/usr/local/python/3.12.1/lib/python3.12/site-packages/airflow/example_dags/example_task_group_decorator.py                                                      1           0  0.10s           2026-04-25T09:31:15
/usr/local/python/3.12.1/lib/python3.12/site-packages/airflow/example_dags/example_passing_params_via_test_command.py                                           1           0  0.10s           2026-04-25T09:31:20
/usr/local/python/3.12.1/lib/python3.12/site-packages/airflow/example_dags/example_python_operator.py                                                           1           0  0.10s           2026-04-25T09:31:19
/usr/local/python/3.12.1/lib/python3.12/site-packages/airflow/example_dags/example_branch_day_of_week_operator.py                                               1           0  0.10s           2026-04-25T09:31:27
/usr/local/python/3.12.1/lib/python3.12/site-packages/airflow/example_dags/plugins/listener_plugin.py                                                           0           0  0.10s           2026-04-25T09:31:50
/usr/local/python/3.12.1/lib/python3.12/site-packages/airflow/example_dags/example_setup_teardown_taskflow.py                                                   1           0  0.10s           2026-04-25T09:31:39
================================================================================
[2026-04-25T09:32:24.118+0000] {manager.py:878} INFO - 
================================================================================
DAG File Processing Stats

File Path                                                                                                                              PID    Runtime      # DAGs    # Errors  Last Runtime    Last Run
-------------------------------------------------------------------------------------------------------------------------------------  -----  ---------  --------  ----------  --------------  -------------------
/usr/local/python/3.12.1/lib/python3.12/site-packages/airflow/example_dags/example_dag_decorator.py                                                             1           0  0.40s           2026-04-25T09:32:06
/usr/local/python/3.12.1/lib/python3.12/site-packages/airflow/example_dags/example_branch_python_dop_operator_3.py                                              1           0  0.32s           2026-04-25T09:32:08
/usr/local/python/3.12.1/lib/python3.12/site-packages/airflow/example_dags/example_subdag_operator.py                                                           3           0  0.31s           2026-04-25T09:31:59
/usr/local/python/3.12.1/lib/python3.12/site-packages/airflow/example_dags/example_datasets.py                                                                 10           0  0.31s           2026-04-25T09:31:49
/usr/local/python/3.12.1/lib/python3.12/site-packages/airflow/example_dags/example_python_decorator.py                                                          1           0  0.31s           2026-04-25T09:32:02
/usr/local/python/3.12.1/lib/python3.12/site-packages/airflow/example_dags/example_skip_dag.py                                                                  1           0  0.31s           2026-04-25T09:31:59
/usr/local/python/3.12.1/lib/python3.12/site-packages/airflow/example_dags/example_display_name.py                                                              1           0  0.30s           2026-04-25T09:32:03
/usr/local/python/3.12.1/lib/python3.12/site-packages/airflow/example_dags/example_dynamic_task_mapping.py                                                      1           0  0.30s           2026-04-25T09:32:05
/usr/local/python/3.12.1/lib/python3.12/site-packages/airflow/example_dags/example_task_group.py                                                                1           0  0.30s           2026-04-25T09:32:19
/usr/local/python/3.12.1/lib/python3.12/site-packages/airflow/example_dags/example_task_group_decorator.py                                                      1           0  0.30s           2026-04-25T09:31:58
/usr/local/python/3.12.1/lib/python3.12/site-packages/airflow/example_dags/example_xcom.py                                                                      1           0  0.30s           2026-04-25T09:32:15
/usr/local/python/3.12.1/lib/python3.12/site-packages/airflow/example_dags/tutorial_taskflow_api_virtualenv.py                                                  1           0  0.30s           2026-04-25T09:32:10
/usr/local/python/3.12.1/lib/python3.12/site-packages/airflow/example_dags/example_short_circuit_decorator.py                                                   1           0  0.30s           2026-04-25T09:32:01
/usr/local/python/3.12.1/lib/python3.12/site-packages/airflow/example_dags/example_trigger_controller_dag.py                                                    1           0  0.30s           2026-04-25T09:32:18
/usr/local/python/3.12.1/lib/python3.12/site-packages/airflow/example_dags/example_branch_operator_decorator.py                                                 1           0  0.30s           2026-04-25T09:32:08
/usr/local/python/3.12.1/lib/python3.12/site-packages/airflow/example_dags/tutorial.py                                                                          1           0  0.30s           2026-04-25T09:32:13
/usr/local/python/3.12.1/lib/python3.12/site-packages/airflow/example_dags/example_complex.py                                                                   1           0  0.30s           2026-04-25T09:32:09
/usr/local/python/3.12.1/lib/python3.12/site-packages/airflow/example_dags/example_latest_only_with_trigger.py                                                  1           0  0.22s           2026-04-25T09:31:23
/usr/local/python/3.12.1/lib/python3.12/site-packages/airflow/example_dags/example_xcomargs.py                                                                  2           0  0.21s           2026-04-25T09:32:11
/usr/local/python/3.12.1/lib/python3.12/site-packages/airflow/example_dags/tutorial_dag.py                                                                      1           0  0.21s           2026-04-25T09:32:17
/usr/local/python/3.12.1/lib/python3.12/site-packages/airflow/example_dags/example_trigger_target_dag.py                                                        1           0  0.20s           2026-04-25T09:32:14
/usr/local/python/3.12.1/lib/python3.12/site-packages/airflow/example_dags/example_setup_teardown_taskflow.py                                                   1           0  0.12s           2026-04-25T09:32:23
/usr/local/python/3.12.1/lib/python3.12/site-packages/airflow/example_dags/example_setup_teardown.py                                                            1           0  0.12s           2026-04-25T09:31:40
/usr/local/python/3.12.1/lib/python3.12/site-packages/airflow/example_dags/example_external_task_marker_dag.py                                                  2           0  0.11s           2026-04-25T09:31:48
/usr/local/python/3.12.1/lib/python3.12/site-packages/airflow/example_dags/example_sensor_decorator.py                                                          1           0  0.11s           2026-04-25T09:31:42
/usr/local/python/3.12.1/lib/python3.12/site-packages/airflow/example_dags/example_branch_operator.py                                                           1           0  0.11s           2026-04-25T09:31:24
/usr/local/python/3.12.1/lib/python3.12/site-packages/airflow/example_dags/example_sla_dag.py                                                                   1           0  0.10s           2026-04-25T09:32:22
/usr/local/python/3.12.1/lib/python3.12/site-packages/airflow/example_dags/example_branch_labels.py                                                             1           0  0.10s           2026-04-25T09:31:28
/usr/local/python/3.12.1/lib/python3.12/site-packages/airflow/example_dags/example_short_circuit_operator.py                                                    1           0  0.10s           2026-04-25T09:32:21
/usr/local/python/3.12.1/lib/python3.12/site-packages/airflow/example_dags/example_params_trigger_ui.py                                                         1           0  0.10s           2026-04-25T09:31:43
/usr/local/python/3.12.1/lib/python3.12/site-packages/airflow/example_dags/plugins/workday.py                                                                   0           0  0.10s           2026-04-25T09:31:51
/usr/local/python/3.12.1/lib/python3.12/site-packages/airflow/example_dags/subdags/subdag.py                                                                    0           0  0.10s           2026-04-25T09:31:49
/usr/local/python/3.12.1/lib/python3.12/site-packages/airflow/example_dags/tutorial_objectstorage.py                                                            0           1  0.10s           2026-04-25T09:31:55
/usr/local/python/3.12.1/lib/python3.12/site-packages/airflow/example_dags/example_bash_operator.py                                                             1           0  0.10s           2026-04-25T09:31:28
/usr/local/python/3.12.1/lib/python3.12/site-packages/airflow/example_dags/example_python_operator.py                                                           1           0  0.10s           2026-04-25T09:32:24
/usr/local/python/3.12.1/lib/python3.12/site-packages/airflow/example_dags/example_latest_only.py                                                               1           0  0.10s           2026-04-25T09:31:46
/usr/local/python/3.12.1/lib/python3.12/site-packages/airflow/example_dags/example_sensors.py                                                                   1           0  0.10s           2026-04-25T09:31:41
/usr/local/python/3.12.1/lib/python3.12/site-packages/airflow/example_dags/example_kubernetes_executor.py                                                       0           0  0.10s           2026-04-25T09:31:45
/usr/local/python/3.12.1/lib/python3.12/site-packages/airflow/example_dags/example_bash_decorator.py                                                            1           0  0.10s           2026-04-25T09:31:28
/usr/local/python/3.12.1/lib/python3.12/site-packages/airflow/example_dags/example_params_ui_tutorial.py                                                        1           0  0.10s           2026-04-25T09:31:22
/usr/local/python/3.12.1/lib/python3.12/site-packages/airflow/example_dags/example_local_kubernetes_executor.py                                                 0           0  0.10s           2026-04-25T09:31:23
/usr/local/python/3.12.1/lib/python3.12/site-packages/airflow/example_dags/example_dynamic_task_mapping_with_no_taskflow_operators.py                           1           0  0.10s           2026-04-25T09:31:44
/usr/local/python/3.12.1/lib/python3.12/site-packages/airflow/example_dags/plugins/event_listener.py                                                            0           0  0.10s           2026-04-25T09:31:52
/usr/local/python/3.12.1/lib/python3.12/site-packages/airflow/example_dags/example_branch_datetime_operator.py                                                  3           0  0.10s           2026-04-25T09:31:26
/usr/local/python/3.12.1/lib/python3.12/site-packages/airflow/example_dags/plugins/decreasing_priority_weight_strategy.py                                       0           0  0.10s           2026-04-25T09:31:53
/usr/local/python/3.12.1/lib/python3.12/site-packages/airflow/example_dags/tutorial_taskflow_api.py                                                             1           0  0.10s           2026-04-25T09:31:54
/usr/local/python/3.12.1/lib/python3.12/site-packages/airflow/example_dags/example_nested_branch_dag.py                                                         1           0  0.10s           2026-04-25T09:31:44
/usr/local/python/3.12.1/lib/python3.12/site-packages/airflow/example_dags/example_time_delta_sensor_async.py                                                   1           0  0.10s           2026-04-25T09:31:56
/usr/local/python/3.12.1/lib/python3.12/site-packages/airflow/example_dags/example_passing_params_via_test_command.py                                           1           0  0.10s           2026-04-25T09:31:20
/usr/local/python/3.12.1/lib/python3.12/site-packages/airflow/example_dags/example_branch_day_of_week_operator.py                                               1           0  0.10s           2026-04-25T09:31:27
/usr/local/python/3.12.1/lib/python3.12/site-packages/airflow/example_dags/plugins/listener_plugin.py                                                           0           0  0.10s           2026-04-25T09:31:50
================================================================================
[2026-04-25T09:32:54.252+0000] {manager.py:878} INFO - 
================================================================================
DAG File Processing Stats

File Path                                                                                                                              PID    Runtime      # DAGs    # Errors  Last Runtime    Last Run
-------------------------------------------------------------------------------------------------------------------------------------  -----  ---------  --------  ----------  --------------  -------------------
/usr/local/python/3.12.1/lib/python3.12/site-packages/airflow/example_dags/example_dag_decorator.py                                                             1           0  0.40s           2026-04-25T09:32:06
/usr/local/python/3.12.1/lib/python3.12/site-packages/airflow/example_dags/example_branch_python_dop_operator_3.py                                              1           0  0.32s           2026-04-25T09:32:08
/usr/local/python/3.12.1/lib/python3.12/site-packages/airflow/example_dags/example_datasets.py                                                                 10           0  0.31s           2026-04-25T09:31:49
/usr/local/python/3.12.1/lib/python3.12/site-packages/airflow/example_dags/example_display_name.py                                                              1           0  0.30s           2026-04-25T09:32:03
/usr/local/python/3.12.1/lib/python3.12/site-packages/airflow/example_dags/example_dynamic_task_mapping.py                                                      1           0  0.30s           2026-04-25T09:32:05
/usr/local/python/3.12.1/lib/python3.12/site-packages/airflow/example_dags/example_task_group.py                                                                1           0  0.30s           2026-04-25T09:32:19
/usr/local/python/3.12.1/lib/python3.12/site-packages/airflow/example_dags/example_xcom.py                                                                      1           0  0.30s           2026-04-25T09:32:15
/usr/local/python/3.12.1/lib/python3.12/site-packages/airflow/example_dags/tutorial_taskflow_api_virtualenv.py                                                  1           0  0.30s           2026-04-25T09:32:10
/usr/local/python/3.12.1/lib/python3.12/site-packages/airflow/example_dags/example_trigger_controller_dag.py                                                    1           0  0.30s           2026-04-25T09:32:18
/usr/local/python/3.12.1/lib/python3.12/site-packages/airflow/example_dags/example_branch_operator_decorator.py                                                 1           0  0.30s           2026-04-25T09:32:08
/usr/local/python/3.12.1/lib/python3.12/site-packages/airflow/example_dags/tutorial.py                                                                          1           0  0.30s           2026-04-25T09:32:13
/usr/local/python/3.12.1/lib/python3.12/site-packages/airflow/example_dags/example_complex.py                                                                   1           0  0.30s           2026-04-25T09:32:09
/usr/local/python/3.12.1/lib/python3.12/site-packages/airflow/example_dags/example_xcomargs.py                                                                  2           0  0.21s           2026-04-25T09:32:11
/usr/local/python/3.12.1/lib/python3.12/site-packages/airflow/example_dags/tutorial_dag.py                                                                      1           0  0.21s           2026-04-25T09:32:17
/usr/local/python/3.12.1/lib/python3.12/site-packages/airflow/example_dags/example_branch_labels.py                                                             1           0  0.21s           2026-04-25T09:32:31
/usr/local/python/3.12.1/lib/python3.12/site-packages/airflow/example_dags/example_trigger_target_dag.py                                                        1           0  0.20s           2026-04-25T09:32:14
/usr/local/python/3.12.1/lib/python3.12/site-packages/airflow/example_dags/example_setup_teardown_taskflow.py                                                   1           0  0.12s           2026-04-25T09:32:23
/usr/local/python/3.12.1/lib/python3.12/site-packages/airflow/example_dags/example_params_trigger_ui.py                                                         1           0  0.12s           2026-04-25T09:32:50
/usr/local/python/3.12.1/lib/python3.12/site-packages/airflow/example_dags/example_latest_only_with_trigger.py                                                  1           0  0.11s           2026-04-25T09:32:27
/usr/local/python/3.12.1/lib/python3.12/site-packages/airflow/example_dags/example_external_task_marker_dag.py                                                  2           0  0.11s           2026-04-25T09:31:48
/usr/local/python/3.12.1/lib/python3.12/site-packages/airflow/example_dags/example_latest_only.py                                                               1           0  0.11s           2026-04-25T09:32:54
/usr/local/python/3.12.1/lib/python3.12/site-packages/airflow/example_dags/example_bash_decorator.py                                                            1           0  0.11s           2026-04-25T09:32:33
/usr/local/python/3.12.1/lib/python3.12/site-packages/airflow/example_dags/example_skip_dag.py                                                                  1           0  0.10s           2026-04-25T09:32:43
/usr/local/python/3.12.1/lib/python3.12/site-packages/airflow/example_dags/example_branch_operator.py                                                           1           0  0.10s           2026-04-25T09:32:29
/usr/local/python/3.12.1/lib/python3.12/site-packages/airflow/example_dags/tutorial_taskflow_api.py                                                             1           0  0.10s           2026-04-25T09:32:39
/usr/local/python/3.12.1/lib/python3.12/site-packages/airflow/example_dags/example_python_decorator.py                                                          1           0  0.10s           2026-04-25T09:32:49
/usr/local/python/3.12.1/lib/python3.12/site-packages/airflow/example_dags/example_time_delta_sensor_async.py                                                   1           0  0.10s           2026-04-25T09:32:41
/usr/local/python/3.12.1/lib/python3.12/site-packages/airflow/example_dags/example_sla_dag.py                                                                   1           0  0.10s           2026-04-25T09:32:22
/usr/local/python/3.12.1/lib/python3.12/site-packages/airflow/example_dags/example_sensor_decorator.py                                                          1           0  0.10s           2026-04-25T09:32:47
/usr/local/python/3.12.1/lib/python3.12/site-packages/airflow/example_dags/example_sensors.py                                                                   1           0  0.10s           2026-04-25T09:32:46
/usr/local/python/3.12.1/lib/python3.12/site-packages/airflow/example_dags/plugins/decreasing_priority_weight_strategy.py                                       0           0  0.10s           2026-04-25T09:32:38
/usr/local/python/3.12.1/lib/python3.12/site-packages/airflow/example_dags/example_branch_day_of_week_operator.py                                               1           0  0.10s           2026-04-25T09:32:31
/usr/local/python/3.12.1/lib/python3.12/site-packages/airflow/example_dags/example_short_circuit_operator.py                                                    1           0  0.10s           2026-04-25T09:32:21
/usr/local/python/3.12.1/lib/python3.12/site-packages/airflow/example_dags/example_kubernetes_executor.py                                                       0           0  0.10s           2026-04-25T09:32:53
/usr/local/python/3.12.1/lib/python3.12/site-packages/airflow/example_dags/example_params_ui_tutorial.py                                                        1           0  0.10s           2026-04-25T09:32:26
/usr/local/python/3.12.1/lib/python3.12/site-packages/airflow/example_dags/tutorial_objectstorage.py                                                            0           1  0.10s           2026-04-25T09:32:40
/usr/local/python/3.12.1/lib/python3.12/site-packages/airflow/example_dags/example_short_circuit_decorator.py                                                   1           0  0.10s           2026-04-25T09:32:45
/usr/local/python/3.12.1/lib/python3.12/site-packages/airflow/example_dags/subdags/subdag.py                                                                    0           0  0.10s           2026-04-25T09:32:34
/usr/local/python/3.12.1/lib/python3.12/site-packages/airflow/example_dags/example_python_operator.py                                                           1           0  0.10s           2026-04-25T09:32:24
/usr/local/python/3.12.1/lib/python3.12/site-packages/airflow/example_dags/plugins/listener_plugin.py                                                           0           0  0.10s           2026-04-25T09:32:35
/usr/local/python/3.12.1/lib/python3.12/site-packages/airflow/example_dags/example_nested_branch_dag.py                                                         1           0  0.10s           2026-04-25T09:32:51
/usr/local/python/3.12.1/lib/python3.12/site-packages/airflow/example_dags/example_setup_teardown.py                                                            1           0  0.10s           2026-04-25T09:32:45
/usr/local/python/3.12.1/lib/python3.12/site-packages/airflow/example_dags/example_branch_datetime_operator.py                                                  3           0  0.10s           2026-04-25T09:32:30
/usr/local/python/3.12.1/lib/python3.12/site-packages/airflow/example_dags/example_local_kubernetes_executor.py                                                 0           0  0.10s           2026-04-25T09:32:28
/usr/local/python/3.12.1/lib/python3.12/site-packages/airflow/example_dags/plugins/workday.py                                                                   0           0  0.10s           2026-04-25T09:32:36
/usr/local/python/3.12.1/lib/python3.12/site-packages/airflow/example_dags/plugins/event_listener.py                                                            0           0  0.10s           2026-04-25T09:32:37
/usr/local/python/3.12.1/lib/python3.12/site-packages/airflow/example_dags/example_passing_params_via_test_command.py                                           1           0  0.10s           2026-04-25T09:32:25
/usr/local/python/3.12.1/lib/python3.12/site-packages/airflow/example_dags/example_dynamic_task_mapping_with_no_taskflow_operators.py                           1           0  0.10s           2026-04-25T09:32:51
/usr/local/python/3.12.1/lib/python3.12/site-packages/airflow/example_dags/example_subdag_operator.py                                                           3           0  0.10s           2026-04-25T09:32:42
/usr/local/python/3.12.1/lib/python3.12/site-packages/airflow/example_dags/example_task_group_decorator.py                                                      1           0  0.10s           2026-04-25T09:32:41
/usr/local/python/3.12.1/lib/python3.12/site-packages/airflow/example_dags/example_bash_operator.py                                                             1           0  0.10s           2026-04-25T09:32:32
================================================================================
[2026-04-25T09:33:24.663+0000] {manager.py:878} INFO - 
================================================================================
DAG File Processing Stats

File Path                                                                                                                              PID    Runtime      # DAGs    # Errors  Last Runtime    Last Run
-------------------------------------------------------------------------------------------------------------------------------------  -----  ---------  --------  ----------  --------------  -------------------
/usr/local/python/3.12.1/lib/python3.12/site-packages/airflow/example_dags/example_params_ui_tutorial.py                                                        1           0  0.41s           2026-04-25T09:33:12
/usr/local/python/3.12.1/lib/python3.12/site-packages/airflow/example_dags/example_dag_decorator.py                                                             1           0  0.31s           2026-04-25T09:33:14
/usr/local/python/3.12.1/lib/python3.12/site-packages/airflow/example_dags/example_task_group.py                                                                1           0  0.31s           2026-04-25T09:33:04
/usr/local/python/3.12.1/lib/python3.12/site-packages/airflow/example_dags/example_python_operator.py                                                           1           0  0.31s           2026-04-25T09:33:09
/usr/local/python/3.12.1/lib/python3.12/site-packages/airflow/example_dags/example_dynamic_task_mapping.py                                                      1           0  0.31s           2026-04-25T09:33:12
/usr/local/python/3.12.1/lib/python3.12/site-packages/airflow/example_dags/example_setup_teardown_taskflow.py                                                   1           0  0.31s           2026-04-25T09:33:08
/usr/local/python/3.12.1/lib/python3.12/site-packages/airflow/example_dags/example_passing_params_via_test_command.py                                           1           0  0.31s           2026-04-25T09:33:10
/usr/local/python/3.12.1/lib/python3.12/site-packages/airflow/example_dags/example_datasets.py                                                                 10           0  0.30s           2026-04-25T09:32:55
/usr/local/python/3.12.1/lib/python3.12/site-packages/airflow/example_dags/example_short_circuit_operator.py                                                    1           0  0.30s           2026-04-25T09:33:06
/usr/local/python/3.12.1/lib/python3.12/site-packages/airflow/example_dags/example_sla_dag.py                                                                   1           0  0.30s           2026-04-25T09:33:07
/usr/local/python/3.12.1/lib/python3.12/site-packages/airflow/example_dags/example_branch_python_dop_operator_3.py                                              1           0  0.30s           2026-04-25T09:33:16
/usr/local/python/3.12.1/lib/python3.12/site-packages/airflow/example_dags/example_complex.py                                                                   1           0  0.30s           2026-04-25T09:33:18
/usr/local/python/3.12.1/lib/python3.12/site-packages/airflow/example_dags/example_trigger_controller_dag.py                                                    1           0  0.30s           2026-04-25T09:33:03
/usr/local/python/3.12.1/lib/python3.12/site-packages/airflow/example_dags/example_branch_operator_decorator.py                                                 1           0  0.30s           2026-04-25T09:33:15
/usr/local/python/3.12.1/lib/python3.12/site-packages/airflow/example_dags/tutorial.py                                                                          1           0  0.30s           2026-04-25T09:32:59
/usr/local/python/3.12.1/lib/python3.12/site-packages/airflow/example_dags/tutorial_taskflow_api.py                                                             1           0  0.22s           2026-04-25T09:33:23
/usr/local/python/3.12.1/lib/python3.12/site-packages/airflow/example_dags/example_xcom.py                                                                      1           0  0.21s           2026-04-25T09:33:01
/usr/local/python/3.12.1/lib/python3.12/site-packages/airflow/example_dags/example_branch_labels.py                                                             1           0  0.21s           2026-04-25T09:32:31
/usr/local/python/3.12.1/lib/python3.12/site-packages/airflow/example_dags/example_params_trigger_ui.py                                                         1           0  0.12s           2026-04-25T09:32:50
/usr/local/python/3.12.1/lib/python3.12/site-packages/airflow/example_dags/example_latest_only_with_trigger.py                                                  1           0  0.11s           2026-04-25T09:32:27
/usr/local/python/3.12.1/lib/python3.12/site-packages/airflow/example_dags/example_latest_only.py                                                               1           0  0.11s           2026-04-25T09:32:54
/usr/local/python/3.12.1/lib/python3.12/site-packages/airflow/example_dags/example_external_task_marker_dag.py                                                  2           0  0.11s           2026-04-25T09:32:54
/usr/local/python/3.12.1/lib/python3.12/site-packages/airflow/example_dags/example_bash_decorator.py                                                            1           0  0.11s           2026-04-25T09:32:33
/usr/local/python/3.12.1/lib/python3.12/site-packages/airflow/example_dags/plugins/event_listener.py                                                            0           0  0.11s           2026-04-25T09:33:22
/usr/local/python/3.12.1/lib/python3.12/site-packages/airflow/example_dags/example_skip_dag.py                                                                  1           0  0.10s           2026-04-25T09:32:43
/usr/local/python/3.12.1/lib/python3.12/site-packages/airflow/example_dags/example_branch_operator.py                                                           1           0  0.10s           2026-04-25T09:32:29
/usr/local/python/3.12.1/lib/python3.12/site-packages/airflow/example_dags/example_python_decorator.py                                                          1           0  0.10s           2026-04-25T09:32:49
/usr/local/python/3.12.1/lib/python3.12/site-packages/airflow/example_dags/example_time_delta_sensor_async.py                                                   1           0  0.10s           2026-04-25T09:32:41
/usr/local/python/3.12.1/lib/python3.12/site-packages/airflow/example_dags/example_trigger_target_dag.py                                                        1           0  0.10s           2026-04-25T09:33:00
/usr/local/python/3.12.1/lib/python3.12/site-packages/airflow/example_dags/tutorial_dag.py                                                                      1           0  0.10s           2026-04-25T09:33:02
/usr/local/python/3.12.1/lib/python3.12/site-packages/airflow/example_dags/example_sensor_decorator.py                                                          1           0  0.10s           2026-04-25T09:32:47
/usr/local/python/3.12.1/lib/python3.12/site-packages/airflow/example_dags/example_sensors.py                                                                   1           0  0.10s           2026-04-25T09:32:46
/usr/local/python/3.12.1/lib/python3.12/site-packages/airflow/example_dags/example_branch_day_of_week_operator.py                                               1           0  0.10s           2026-04-25T09:32:31
/usr/local/python/3.12.1/lib/python3.12/site-packages/airflow/example_dags/tutorial_taskflow_api_virtualenv.py                                                  1           0  0.10s           2026-04-25T09:32:57
/usr/local/python/3.12.1/lib/python3.12/site-packages/airflow/example_dags/example_display_name.py                                                              1           0  0.10s           2026-04-25T09:32:56
/usr/local/python/3.12.1/lib/python3.12/site-packages/airflow/example_dags/example_kubernetes_executor.py                                                       0           0  0.10s           2026-04-25T09:32:53
/usr/local/python/3.12.1/lib/python3.12/site-packages/airflow/example_dags/example_short_circuit_decorator.py                                                   1           0  0.10s           2026-04-25T09:32:45
/usr/local/python/3.12.1/lib/python3.12/site-packages/airflow/example_dags/tutorial_objectstorage.py                                                            0           1  0.10s           2026-04-25T09:33:24
/usr/local/python/3.12.1/lib/python3.12/site-packages/airflow/example_dags/example_nested_branch_dag.py                                                         1           0  0.10s           2026-04-25T09:32:51
/usr/local/python/3.12.1/lib/python3.12/site-packages/airflow/example_dags/example_setup_teardown.py                                                            1           0  0.10s           2026-04-25T09:32:45
/usr/local/python/3.12.1/lib/python3.12/site-packages/airflow/example_dags/example_branch_datetime_operator.py                                                  3           0  0.10s           2026-04-25T09:32:30
/usr/local/python/3.12.1/lib/python3.12/site-packages/airflow/example_dags/example_local_kubernetes_executor.py                                                 0           0  0.10s           2026-04-25T09:32:28
/usr/local/python/3.12.1/lib/python3.12/site-packages/airflow/example_dags/plugins/decreasing_priority_weight_strategy.py                                       0           0  0.10s           2026-04-25T09:33:23
/usr/local/python/3.12.1/lib/python3.12/site-packages/airflow/example_dags/example_dynamic_task_mapping_with_no_taskflow_operators.py                           1           0  0.10s           2026-04-25T09:32:51
/usr/local/python/3.12.1/lib/python3.12/site-packages/airflow/example_dags/plugins/workday.py                                                                   0           0  0.10s           2026-04-25T09:33:20
/usr/local/python/3.12.1/lib/python3.12/site-packages/airflow/example_dags/example_subdag_operator.py                                                           3           0  0.10s           2026-04-25T09:32:42
/usr/local/python/3.12.1/lib/python3.12/site-packages/airflow/example_dags/subdags/subdag.py                                                                    0           0  0.10s           2026-04-25T09:33:19
/usr/local/python/3.12.1/lib/python3.12/site-packages/airflow/example_dags/example_xcomargs.py                                                                  2           0  0.10s           2026-04-25T09:32:58
/usr/local/python/3.12.1/lib/python3.12/site-packages/airflow/example_dags/example_task_group_decorator.py                                                      1           0  0.10s           2026-04-25T09:32:41
/usr/local/python/3.12.1/lib/python3.12/site-packages/airflow/example_dags/plugins/listener_plugin.py                                                           0           0  0.10s           2026-04-25T09:33:20
/usr/local/python/3.12.1/lib/python3.12/site-packages/airflow/example_dags/example_bash_operator.py                                                             1           0  0.10s           2026-04-25T09:32:32
================================================================================
[2026-04-25T09:33:45.917+0000] {manager.py:737} INFO - Searching for files in /workspaces/new-balance-price/airflow_home/dags
[2026-04-25T09:33:45.931+0000] {manager.py:740} INFO - There are 51 files in /workspaces/new-balance-price/airflow_home/dags
[2026-04-25T09:33:55.387+0000] {manager.py:878} INFO - 
================================================================================
DAG File Processing Stats

File Path                                                                                                                              PID    Runtime      # DAGs    # Errors  Last Runtime    Last Run
-------------------------------------------------------------------------------------------------------------------------------------  -----  ---------  --------  ----------  --------------  -------------------
/usr/local/python/3.12.1/lib/python3.12/site-packages/airflow/example_dags/example_dag_decorator.py                                                             1           0  0.31s           2026-04-25T09:33:14
/usr/local/python/3.12.1/lib/python3.12/site-packages/airflow/example_dags/example_dynamic_task_mapping.py                                                      1           0  0.31s           2026-04-25T09:33:12
/usr/local/python/3.12.1/lib/python3.12/site-packages/airflow/example_dags/example_datasets.py                                                                 10           0  0.30s           2026-04-25T09:32:55
/usr/local/python/3.12.1/lib/python3.12/site-packages/airflow/example_dags/example_python_decorator.py                                                          1           0  0.30s           2026-04-25T09:33:34
/usr/local/python/3.12.1/lib/python3.12/site-packages/airflow/example_dags/example_short_circuit_decorator.py                                                   1           0  0.30s           2026-04-25T09:33:30
/usr/local/python/3.12.1/lib/python3.12/site-packages/airflow/example_dags/example_branch_python_dop_operator_3.py                                              1           0  0.30s           2026-04-25T09:33:16
/usr/local/python/3.12.1/lib/python3.12/site-packages/airflow/example_dags/example_complex.py                                                                   1           0  0.30s           2026-04-25T09:33:18
/usr/local/python/3.12.1/lib/python3.12/site-packages/airflow/example_dags/example_task_group_decorator.py                                                      1           0  0.30s           2026-04-25T09:33:26
/usr/local/python/3.12.1/lib/python3.12/site-packages/airflow/example_dags/example_time_delta_sensor_async.py                                                   1           0  0.30s           2026-04-25T09:33:25
/usr/local/python/3.12.1/lib/python3.12/site-packages/airflow/example_dags/example_branch_operator_decorator.py                                                 1           0  0.30s           2026-04-25T09:33:15
/usr/local/python/3.12.1/lib/python3.12/site-packages/airflow/example_dags/example_subdag_operator.py                                                           3           0  0.30s           2026-04-25T09:33:27
/usr/local/python/3.12.1/lib/python3.12/site-packages/airflow/example_dags/tutorial_taskflow_api.py                                                             1           0  0.22s           2026-04-25T09:33:23
/usr/local/python/3.12.1/lib/python3.12/site-packages/airflow/example_dags/example_skip_dag.py                                                                  1           0  0.21s           2026-04-25T09:33:28
/usr/local/python/3.12.1/lib/python3.12/site-packages/airflow/example_dags/example_latest_only_with_trigger.py                                                  1           0  0.21s           2026-04-25T09:33:35
/usr/local/python/3.12.1/lib/python3.12/site-packages/airflow/example_dags/example_sensors.py                                                                   1           0  0.21s           2026-04-25T09:33:32
/usr/local/python/3.12.1/lib/python3.12/site-packages/airflow/example_dags/example_sensor_decorator.py                                                          1           0  0.20s           2026-04-25T09:33:33
/usr/local/python/3.12.1/lib/python3.12/site-packages/airflow/example_dags/example_branch_operator.py                                                           1           0  0.12s           2026-04-25T09:33:37
/usr/local/python/3.12.1/lib/python3.12/site-packages/airflow/example_dags/example_params_trigger_ui.py                                                         1           0  0.12s           2026-04-25T09:32:50
/usr/local/python/3.12.1/lib/python3.12/site-packages/airflow/example_dags/example_latest_only.py                                                               1           0  0.11s           2026-04-25T09:32:54
/usr/local/python/3.12.1/lib/python3.12/site-packages/airflow/example_dags/example_branch_labels.py                                                             1           0  0.11s           2026-04-25T09:33:40
/usr/local/python/3.12.1/lib/python3.12/site-packages/airflow/example_dags/example_xcomargs.py                                                                  2           0  0.11s           2026-04-25T09:33:43
/usr/local/python/3.12.1/lib/python3.12/site-packages/airflow/example_dags/example_external_task_marker_dag.py                                                  2           0  0.11s           2026-04-25T09:32:54
/usr/local/python/3.12.1/lib/python3.12/site-packages/airflow/example_dags/plugins/event_listener.py                                                            0           0  0.11s           2026-04-25T09:33:22
/usr/local/python/3.12.1/lib/python3.12/site-packages/airflow/example_dags/tutorial_taskflow_api_virtualenv.py                                                  1           0  0.11s           2026-04-25T09:33:43
/usr/local/python/3.12.1/lib/python3.12/site-packages/airflow/example_dags/example_passing_params_via_test_command.py                                           1           0  0.10s           2026-04-25T09:33:54
/usr/local/python/3.12.1/lib/python3.12/site-packages/airflow/example_dags/example_display_name.py                                                              1           0  0.10s           2026-04-25T09:32:56
/usr/local/python/3.12.1/lib/python3.12/site-packages/airflow/example_dags/example_kubernetes_executor.py                                                       0           0  0.10s           2026-04-25T09:32:53
/usr/local/python/3.12.1/lib/python3.12/site-packages/airflow/example_dags/example_short_circuit_operator.py                                                    1           0  0.10s           2026-04-25T09:33:50
/usr/local/python/3.12.1/lib/python3.12/site-packages/airflow/example_dags/tutorial_objectstorage.py                                                            0           1  0.10s           2026-04-25T09:33:24
/usr/local/python/3.12.1/lib/python3.12/site-packages/airflow/example_dags/example_setup_teardown.py                                                            1           0  0.10s           2026-04-25T09:33:31
/usr/local/python/3.12.1/lib/python3.12/site-packages/airflow/example_dags/example_nested_branch_dag.py                                                         1           0  0.10s           2026-04-25T09:32:51
/usr/local/python/3.12.1/lib/python3.12/site-packages/airflow/example_dags/example_trigger_target_dag.py                                                        1           0  0.10s           2026-04-25T09:33:44
/usr/local/python/3.12.1/lib/python3.12/site-packages/airflow/example_dags/example_bash_operator.py                                                             1           0  0.10s           2026-04-25T09:33:41
/usr/local/python/3.12.1/lib/python3.12/site-packages/airflow/example_dags/example_local_kubernetes_executor.py                                                 0           0  0.10s           2026-04-25T09:33:36
/usr/local/python/3.12.1/lib/python3.12/site-packages/airflow/example_dags/example_trigger_controller_dag.py                                                    1           0  0.10s           2026-04-25T09:33:48
/usr/local/python/3.12.1/lib/python3.12/site-packages/airflow/example_dags/example_setup_teardown_taskflow.py                                                   1           0  0.10s           2026-04-25T09:33:52
/usr/local/python/3.12.1/lib/python3.12/site-packages/airflow/example_dags/example_task_group.py                                                                1           0  0.10s           2026-04-25T09:33:49
/usr/local/python/3.12.1/lib/python3.12/site-packages/airflow/example_dags/example_xcom.py                                                                      1           0  0.10s           2026-04-25T09:33:46
/usr/local/python/3.12.1/lib/python3.12/site-packages/airflow/example_dags/plugins/decreasing_priority_weight_strategy.py                                       0           0  0.10s           2026-04-25T09:33:23
/usr/local/python/3.12.1/lib/python3.12/site-packages/airflow/example_dags/example_branch_datetime_operator.py                                                  3           0  0.10s           2026-04-25T09:33:38
/usr/local/python/3.12.1/lib/python3.12/site-packages/airflow/example_dags/example_dynamic_task_mapping_with_no_taskflow_operators.py                           1           0  0.10s           2026-04-25T09:32:51
/usr/local/python/3.12.1/lib/python3.12/site-packages/airflow/example_dags/plugins/workday.py                                                                   0           0  0.10s           2026-04-25T09:33:20
/usr/local/python/3.12.1/lib/python3.12/site-packages/airflow/example_dags/subdags/subdag.py                                                                    0           0  0.10s           2026-04-25T09:33:19
/usr/local/python/3.12.1/lib/python3.12/site-packages/airflow/example_dags/example_params_ui_tutorial.py                                                        1           0  0.10s           2026-04-25T09:33:55
/usr/local/python/3.12.1/lib/python3.12/site-packages/airflow/example_dags/example_python_operator.py                                                           1           0  0.10s           2026-04-25T09:33:53
/usr/local/python/3.12.1/lib/python3.12/site-packages/airflow/example_dags/example_branch_day_of_week_operator.py                                               1           0  0.10s           2026-04-25T09:33:39
/usr/local/python/3.12.1/lib/python3.12/site-packages/airflow/example_dags/tutorial.py                                                                          1           0  0.10s           2026-04-25T09:33:44
/usr/local/python/3.12.1/lib/python3.12/site-packages/airflow/example_dags/tutorial_dag.py                                                                      1           0  0.10s           2026-04-25T09:33:47
/usr/local/python/3.12.1/lib/python3.12/site-packages/airflow/example_dags/plugins/listener_plugin.py                                                           0           0  0.10s           2026-04-25T09:33:20
/usr/local/python/3.12.1/lib/python3.12/site-packages/airflow/example_dags/example_bash_decorator.py                                                            1           0  0.10s           2026-04-25T09:33:42
/usr/local/python/3.12.1/lib/python3.12/site-packages/airflow/example_dags/example_sla_dag.py                                                                   1           0  0.10s           2026-04-25T09:33:51
================================================================================
[2026-04-25T09:34:25.483+0000] {manager.py:878} INFO - 
================================================================================
DAG File Processing Stats

File Path                                                                                                                              PID    Runtime      # DAGs    # Errors  Last Runtime    Last Run
-------------------------------------------------------------------------------------------------------------------------------------  -----  ---------  --------  ----------  --------------  -------------------
/usr/local/python/3.12.1/lib/python3.12/site-packages/airflow/example_dags/example_dag_decorator.py                                                             1           0  0.21s           2026-04-25T09:34:21
/usr/local/python/3.12.1/lib/python3.12/site-packages/airflow/example_dags/example_skip_dag.py                                                                  1           0  0.20s           2026-04-25T09:34:15
/usr/local/python/3.12.1/lib/python3.12/site-packages/airflow/example_dags/example_branch_operator.py                                                           1           0  0.12s           2026-04-25T09:33:37
/usr/local/python/3.12.1/lib/python3.12/site-packages/airflow/example_dags/plugins/event_listener.py                                                            0           0  0.11s           2026-04-25T09:34:09
/usr/local/python/3.12.1/lib/python3.12/site-packages/airflow/example_dags/example_branch_labels.py                                                             1           0  0.11s           2026-04-25T09:33:40
/usr/local/python/3.12.1/lib/python3.12/site-packages/airflow/example_dags/example_xcomargs.py                                                                  2           0  0.11s           2026-04-25T09:33:43
/usr/local/python/3.12.1/lib/python3.12/site-packages/airflow/example_dags/tutorial_taskflow_api_virtualenv.py                                                  1           0  0.11s           2026-04-25T09:34:25
/usr/local/python/3.12.1/lib/python3.12/site-packages/airflow/example_dags/example_datasets.py                                                                 10           0  0.11s           2026-04-25T09:34:02
/usr/local/python/3.12.1/lib/python3.12/site-packages/airflow/example_dags/example_short_circuit_decorator.py                                                   1           0  0.11s           2026-04-25T09:34:16
/usr/local/python/3.12.1/lib/python3.12/site-packages/airflow/example_dags/example_passing_params_via_test_command.py                                           1           0  0.10s           2026-04-25T09:33:54
/usr/local/python/3.12.1/lib/python3.12/site-packages/airflow/example_dags/example_short_circuit_operator.py                                                    1           0  0.10s           2026-04-25T09:33:50
/usr/local/python/3.12.1/lib/python3.12/site-packages/airflow/example_dags/example_dynamic_task_mapping_with_no_taskflow_operators.py                           1           0  0.10s           2026-04-25T09:33:58
/usr/local/python/3.12.1/lib/python3.12/site-packages/airflow/example_dags/example_time_delta_sensor_async.py                                                   1           0  0.10s           2026-04-25T09:34:12
/usr/local/python/3.12.1/lib/python3.12/site-packages/airflow/example_dags/example_complex.py                                                                   1           0  0.10s           2026-04-25T09:34:25
/usr/local/python/3.12.1/lib/python3.12/site-packages/airflow/example_dags/example_subdag_operator.py                                                           3           0  0.10s           2026-04-25T09:34:14
/usr/local/python/3.12.1/lib/python3.12/site-packages/airflow/example_dags/tutorial_objectstorage.py                                                            0           1  0.10s           2026-04-25T09:34:11
/usr/local/python/3.12.1/lib/python3.12/site-packages/airflow/example_dags/example_params_trigger_ui.py                                                         1           0  0.10s           2026-04-25T09:33:56
/usr/local/python/3.12.1/lib/python3.12/site-packages/airflow/example_dags/example_trigger_target_dag.py                                                        1           0  0.10s           2026-04-25T09:33:44
/usr/local/python/3.12.1/lib/python3.12/site-packages/airflow/example_dags/example_nested_branch_dag.py                                                         1           0  0.10s           2026-04-25T09:33:57
/usr/local/python/3.12.1/lib/python3.12/site-packages/airflow/example_dags/plugins/workday.py                                                                   0           0  0.10s           2026-04-25T09:34:08
/usr/local/python/3.12.1/lib/python3.12/site-packages/airflow/example_dags/example_latest_only_with_trigger.py                                                  1           0  0.10s           2026-04-25T09:34:21
/usr/local/python/3.12.1/lib/python3.12/site-packages/airflow/example_dags/tutorial_taskflow_api.py                                                             1           0  0.10s           2026-04-25T09:34:10
/usr/local/python/3.12.1/lib/python3.12/site-packages/airflow/example_dags/example_bash_operator.py                                                             1           0  0.10s           2026-04-25T09:33:41
/usr/local/python/3.12.1/lib/python3.12/site-packages/airflow/example_dags/example_local_kubernetes_executor.py                                                 0           0  0.10s           2026-04-25T09:33:36
/usr/local/python/3.12.1/lib/python3.12/site-packages/airflow/example_dags/example_trigger_controller_dag.py                                                    1           0  0.10s           2026-04-25T09:33:48
/usr/local/python/3.12.1/lib/python3.12/site-packages/airflow/example_dags/example_setup_teardown_taskflow.py                                                   1           0  0.10s           2026-04-25T09:33:52
/usr/local/python/3.12.1/lib/python3.12/site-packages/airflow/example_dags/example_task_group.py                                                                1           0  0.10s           2026-04-25T09:33:49
/usr/local/python/3.12.1/lib/python3.12/site-packages/airflow/example_dags/example_python_decorator.py                                                          1           0  0.10s           2026-04-25T09:34:20
/usr/local/python/3.12.1/lib/python3.12/site-packages/airflow/example_dags/example_xcom.py                                                                      1           0  0.10s           2026-04-25T09:33:46
/usr/local/python/3.12.1/lib/python3.12/site-packages/airflow/example_dags/plugins/listener_plugin.py                                                           0           0  0.10s           2026-04-25T09:34:07
/usr/local/python/3.12.1/lib/python3.12/site-packages/airflow/example_dags/example_branch_datetime_operator.py                                                  3           0  0.10s           2026-04-25T09:33:38
/usr/local/python/3.12.1/lib/python3.12/site-packages/airflow/example_dags/example_display_name.py                                                              1           0  0.10s           2026-04-25T09:34:03
/usr/local/python/3.12.1/lib/python3.12/site-packages/airflow/example_dags/example_dynamic_task_mapping.py                                                      1           0  0.10s           2026-04-25T09:34:04
/usr/local/python/3.12.1/lib/python3.12/site-packages/airflow/example_dags/subdags/subdag.py                                                                    0           0  0.10s           2026-04-25T09:34:05
/usr/local/python/3.12.1/lib/python3.12/site-packages/airflow/example_dags/example_setup_teardown.py                                                            1           0  0.10s           2026-04-25T09:34:17
/usr/local/python/3.12.1/lib/python3.12/site-packages/airflow/example_dags/example_params_ui_tutorial.py                                                        1           0  0.10s           2026-04-25T09:33:55
/usr/local/python/3.12.1/lib/python3.12/site-packages/airflow/example_dags/example_python_operator.py                                                           1           0  0.10s           2026-04-25T09:33:53
/usr/local/python/3.12.1/lib/python3.12/site-packages/airflow/example_dags/example_task_group_decorator.py                                                      1           0  0.10s           2026-04-25T09:34:13
/usr/local/python/3.12.1/lib/python3.12/site-packages/airflow/example_dags/example_external_task_marker_dag.py                                                  2           0  0.10s           2026-04-25T09:34:01
/usr/local/python/3.12.1/lib/python3.12/site-packages/airflow/example_dags/example_kubernetes_executor.py                                                       0           0  0.10s           2026-04-25T09:33:59
/usr/local/python/3.12.1/lib/python3.12/site-packages/airflow/example_dags/example_branch_day_of_week_operator.py                                               1           0  0.10s           2026-04-25T09:33:39
/usr/local/python/3.12.1/lib/python3.12/site-packages/airflow/example_dags/tutorial.py                                                                          1           0  0.10s           2026-04-25T09:33:44
/usr/local/python/3.12.1/lib/python3.12/site-packages/airflow/example_dags/tutorial_dag.py                                                                      1           0  0.10s           2026-04-25T09:33:47
/usr/local/python/3.12.1/lib/python3.12/site-packages/airflow/example_dags/example_bash_decorator.py                                                            1           0  0.10s           2026-04-25T09:33:42
/usr/local/python/3.12.1/lib/python3.12/site-packages/airflow/example_dags/plugins/decreasing_priority_weight_strategy.py                                       0           0  0.10s           2026-04-25T09:34:09
/usr/local/python/3.12.1/lib/python3.12/site-packages/airflow/example_dags/example_sensors.py                                                                   1           0  0.10s           2026-04-25T09:34:18
/usr/local/python/3.12.1/lib/python3.12/site-packages/airflow/example_dags/example_latest_only.py                                                               1           0  0.10s           2026-04-25T09:34:00
/usr/local/python/3.12.1/lib/python3.12/site-packages/airflow/example_dags/example_sla_dag.py                                                                   1           0  0.10s           2026-04-25T09:33:51
/usr/local/python/3.12.1/lib/python3.12/site-packages/airflow/example_dags/example_sensor_decorator.py                                                          1           0  0.10s           2026-04-25T09:34:19
/usr/local/python/3.12.1/lib/python3.12/site-packages/airflow/example_dags/example_branch_python_dop_operator_3.py                                              1           0  0.10s           2026-04-25T09:34:24
/usr/local/python/3.12.1/lib/python3.12/site-packages/airflow/example_dags/example_branch_operator_decorator.py                                                 1           0  0.10s           2026-04-25T09:34:22
================================================================================
[2026-04-25T09:34:55.575+0000] {manager.py:878} INFO - 
================================================================================
DAG File Processing Stats

File Path                                                                                                                              PID    Runtime      # DAGs    # Errors  Last Runtime    Last Run
-------------------------------------------------------------------------------------------------------------------------------------  -----  ---------  --------  ----------  --------------  -------------------
/usr/local/python/3.12.1/lib/python3.12/site-packages/airflow/example_dags/example_branch_operator.py                                                           1           0  0.21s           2026-04-25T09:34:38
/usr/local/python/3.12.1/lib/python3.12/site-packages/airflow/example_dags/example_bash_operator.py                                                             1           0  0.21s           2026-04-25T09:34:41
/usr/local/python/3.12.1/lib/python3.12/site-packages/airflow/example_dags/example_passing_params_via_test_command.py                                           1           0  0.21s           2026-04-25T09:34:35
/usr/local/python/3.12.1/lib/python3.12/site-packages/airflow/example_dags/example_dag_decorator.py                                                             1           0  0.21s           2026-04-25T09:34:21
/usr/local/python/3.12.1/lib/python3.12/site-packages/airflow/example_dags/example_skip_dag.py                                                                  1           0  0.20s           2026-04-25T09:34:15
/usr/local/python/3.12.1/lib/python3.12/site-packages/airflow/example_dags/plugins/event_listener.py                                                            0           0  0.11s           2026-04-25T09:34:46
/usr/local/python/3.12.1/lib/python3.12/site-packages/airflow/example_dags/tutorial_taskflow_api_virtualenv.py                                                  1           0  0.11s           2026-04-25T09:34:25
/usr/local/python/3.12.1/lib/python3.12/site-packages/airflow/example_dags/example_datasets.py                                                                 10           0  0.11s           2026-04-25T09:34:02
/usr/local/python/3.12.1/lib/python3.12/site-packages/airflow/example_dags/example_short_circuit_decorator.py                                                   1           0  0.11s           2026-04-25T09:34:16
/usr/local/python/3.12.1/lib/python3.12/site-packages/airflow/example_dags/example_params_trigger_ui.py                                                         1           0  0.10s           2026-04-25T09:34:52
/usr/local/python/3.12.1/lib/python3.12/site-packages/airflow/example_dags/example_params_ui_tutorial.py                                                        1           0  0.10s           2026-04-25T09:34:51
/usr/local/python/3.12.1/lib/python3.12/site-packages/airflow/example_dags/subdags/subdag.py                                                                    0           0  0.10s           2026-04-25T09:34:43
/usr/local/python/3.12.1/lib/python3.12/site-packages/airflow/example_dags/example_setup_teardown_taskflow.py                                                   1           0  0.10s           2026-04-25T09:34:34
/usr/local/python/3.12.1/lib/python3.12/site-packages/airflow/example_dags/example_short_circuit_operator.py                                                    1           0  0.10s           2026-04-25T09:34:31
/usr/local/python/3.12.1/lib/python3.12/site-packages/airflow/example_dags/example_task_group.py                                                                1           0  0.10s           2026-04-25T09:34:31
/usr/local/python/3.12.1/lib/python3.12/site-packages/airflow/example_dags/example_complex.py                                                                   1           0  0.10s           2026-04-25T09:34:25
/usr/local/python/3.12.1/lib/python3.12/site-packages/airflow/example_dags/example_sla_dag.py                                                                   1           0  0.10s           2026-04-25T09:34:33
/usr/local/python/3.12.1/lib/python3.12/site-packages/airflow/example_dags/example_subdag_operator.py                                                           3           0  0.10s           2026-04-25T09:34:14
/usr/local/python/3.12.1/lib/python3.12/site-packages/airflow/example_dags/example_xcom.py                                                                      1           0  0.10s           2026-04-25T09:34:29
/usr/local/python/3.12.1/lib/python3.12/site-packages/airflow/example_dags/example_local_kubernetes_executor.py                                                 0           0  0.10s           2026-04-25T09:34:37
/usr/local/python/3.12.1/lib/python3.12/site-packages/airflow/example_dags/example_trigger_controller_dag.py                                                    1           0  0.10s           2026-04-25T09:34:30
/usr/local/python/3.12.1/lib/python3.12/site-packages/airflow/example_dags/tutorial_dag.py                                                                      1           0  0.10s           2026-04-25T09:34:30
/usr/local/python/3.12.1/lib/python3.12/site-packages/airflow/example_dags/example_latest_only_with_trigger.py                                                  1           0  0.10s           2026-04-25T09:34:21
/usr/local/python/3.12.1/lib/python3.12/site-packages/airflow/example_dags/example_branch_day_of_week_operator.py                                               1           0  0.10s           2026-04-25T09:34:40
/usr/local/python/3.12.1/lib/python3.12/site-packages/airflow/example_dags/example_kubernetes_executor.py                                                       0           0  0.10s           2026-04-25T09:34:55
/usr/local/python/3.12.1/lib/python3.12/site-packages/airflow/example_dags/example_branch_labels.py                                                             1           0  0.10s           2026-04-25T09:34:40
/usr/local/python/3.12.1/lib/python3.12/site-packages/airflow/example_dags/plugins/decreasing_priority_weight_strategy.py                                       0           0  0.10s           2026-04-25T09:34:47
/usr/local/python/3.12.1/lib/python3.12/site-packages/airflow/example_dags/plugins/workday.py                                                                   0           0  0.10s           2026-04-25T09:34:45
/usr/local/python/3.12.1/lib/python3.12/site-packages/airflow/example_dags/example_python_decorator.py                                                          1           0  0.10s           2026-04-25T09:34:20
/usr/local/python/3.12.1/lib/python3.12/site-packages/airflow/example_dags/example_xcomargs.py                                                                  2           0  0.10s           2026-04-25T09:34:25
/usr/local/python/3.12.1/lib/python3.12/site-packages/airflow/example_dags/example_trigger_target_dag.py                                                        1           0  0.10s           2026-04-25T09:34:27
/usr/local/python/3.12.1/lib/python3.12/site-packages/airflow/example_dags/example_python_operator.py                                                           1           0  0.10s           2026-04-25T09:34:35
/usr/local/python/3.12.1/lib/python3.12/site-packages/airflow/example_dags/example_nested_branch_dag.py                                                         1           0  0.10s           2026-04-25T09:34:53
/usr/local/python/3.12.1/lib/python3.12/site-packages/airflow/example_dags/example_display_name.py                                                              1           0  0.10s           2026-04-25T09:34:03
/usr/local/python/3.12.1/lib/python3.12/site-packages/airflow/example_dags/example_dynamic_task_mapping.py                                                      1           0  0.10s           2026-04-25T09:34:04
/usr/local/python/3.12.1/lib/python3.12/site-packages/airflow/example_dags/tutorial_objectstorage.py                                                            0           1  0.10s           2026-04-25T09:34:49
/usr/local/python/3.12.1/lib/python3.12/site-packages/airflow/example_dags/example_setup_teardown.py                                                            1           0  0.10s           2026-04-25T09:34:17
/usr/local/python/3.12.1/lib/python3.12/site-packages/airflow/example_dags/tutorial_taskflow_api.py                                                             1           0  0.10s           2026-04-25T09:34:48
/usr/local/python/3.12.1/lib/python3.12/site-packages/airflow/example_dags/example_task_group_decorator.py                                                      1           0  0.10s           2026-04-25T09:34:13
/usr/local/python/3.12.1/lib/python3.12/site-packages/airflow/example_dags/example_external_task_marker_dag.py                                                  2           0  0.10s           2026-04-25T09:34:01
/usr/local/python/3.12.1/lib/python3.12/site-packages/airflow/example_dags/example_bash_decorator.py                                                            1           0  0.10s           2026-04-25T09:34:42
/usr/local/python/3.12.1/lib/python3.12/site-packages/airflow/example_dags/example_branch_datetime_operator.py                                                  3           0  0.10s           2026-04-25T09:34:39
/usr/local/python/3.12.1/lib/python3.12/site-packages/airflow/example_dags/example_time_delta_sensor_async.py                                                   1           0  0.10s           2026-04-25T09:34:50
/usr/local/python/3.12.1/lib/python3.12/site-packages/airflow/example_dags/example_dynamic_task_mapping_with_no_taskflow_operators.py                           1           0  0.10s           2026-04-25T09:34:54
/usr/local/python/3.12.1/lib/python3.12/site-packages/airflow/example_dags/example_sensors.py                                                                   1           0  0.10s           2026-04-25T09:34:18
/usr/local/python/3.12.1/lib/python3.12/site-packages/airflow/example_dags/example_latest_only.py                                                               1           0  0.10s           2026-04-25T09:34:00
/usr/local/python/3.12.1/lib/python3.12/site-packages/airflow/example_dags/example_sensor_decorator.py                                                          1           0  0.10s           2026-04-25T09:34:19
/usr/local/python/3.12.1/lib/python3.12/site-packages/airflow/example_dags/example_branch_python_dop_operator_3.py                                              1           0  0.10s           2026-04-25T09:34:24
/usr/local/python/3.12.1/lib/python3.12/site-packages/airflow/example_dags/example_branch_operator_decorator.py                                                 1           0  0.10s           2026-04-25T09:34:22
/usr/local/python/3.12.1/lib/python3.12/site-packages/airflow/example_dags/tutorial.py                                                                          1           0  0.10s           2026-04-25T09:34:26
/usr/local/python/3.12.1/lib/python3.12/site-packages/airflow/example_dags/plugins/listener_plugin.py                                                           0           0  0.10s           2026-04-25T09:34:44
================================================================================
[2026-04-25T09:35:25.975+0000] {manager.py:878} INFO - 
================================================================================
DAG File Processing Stats

File Path                                                                                                                              PID    Runtime      # DAGs    # Errors  Last Runtime    Last Run
-------------------------------------------------------------------------------------------------------------------------------------  -----  ---------  --------  ----------  --------------  -------------------
/usr/local/python/3.12.1/lib/python3.12/site-packages/airflow/example_dags/example_branch_operator.py                                                           1           0  0.21s           2026-04-25T09:34:38
/usr/local/python/3.12.1/lib/python3.12/site-packages/airflow/example_dags/example_bash_operator.py                                                             1           0  0.21s           2026-04-25T09:34:41
/usr/local/python/3.12.1/lib/python3.12/site-packages/airflow/example_dags/example_passing_params_via_test_command.py                                           1           0  0.21s           2026-04-25T09:34:35
/usr/local/python/3.12.1/lib/python3.12/site-packages/airflow/example_dags/example_dag_decorator.py                                                             1           0  0.21s           2026-04-25T09:35:17
/usr/local/python/3.12.1/lib/python3.12/site-packages/airflow/example_dags/example_trigger_controller_dag.py                                                    1           0  0.11s           2026-04-25T09:35:06
/usr/local/python/3.12.1/lib/python3.12/site-packages/airflow/example_dags/example_datasets.py                                                                 10           0  0.11s           2026-04-25T09:34:57
/usr/local/python/3.12.1/lib/python3.12/site-packages/airflow/example_dags/subdags/subdag.py                                                                    0           0  0.11s           2026-04-25T09:35:21
/usr/local/python/3.12.1/lib/python3.12/site-packages/airflow/example_dags/example_branch_operator_decorator.py                                                 1           0  0.10s           2026-04-25T09:35:18
/usr/local/python/3.12.1/lib/python3.12/site-packages/airflow/example_dags/tutorial_taskflow_api_virtualenv.py                                                  1           0  0.10s           2026-04-25T09:35:01
/usr/local/python/3.12.1/lib/python3.12/site-packages/airflow/example_dags/tutorial.py                                                                          1           0  0.10s           2026-04-25T09:35:02
/usr/local/python/3.12.1/lib/python3.12/site-packages/airflow/example_dags/example_params_trigger_ui.py                                                         1           0  0.10s           2026-04-25T09:34:52
/usr/local/python/3.12.1/lib/python3.12/site-packages/airflow/example_dags/plugins/decreasing_priority_weight_strategy.py                                       0           0  0.10s           2026-04-25T09:35:24
/usr/local/python/3.12.1/lib/python3.12/site-packages/airflow/example_dags/example_xcomargs.py                                                                  2           0  0.10s           2026-04-25T09:35:01
/usr/local/python/3.12.1/lib/python3.12/site-packages/airflow/example_dags/example_params_ui_tutorial.py                                                        1           0  0.10s           2026-04-25T09:34:51
/usr/local/python/3.12.1/lib/python3.12/site-packages/airflow/example_dags/plugins/listener_plugin.py                                                           0           0  0.10s           2026-04-25T09:35:22
/usr/local/python/3.12.1/lib/python3.12/site-packages/airflow/example_dags/example_skip_dag.py                                                                  1           0  0.10s           2026-04-25T09:35:10
/usr/local/python/3.12.1/lib/python3.12/site-packages/airflow/example_dags/example_dynamic_task_mapping.py                                                      1           0  0.10s           2026-04-25T09:34:59
/usr/local/python/3.12.1/lib/python3.12/site-packages/airflow/example_dags/example_setup_teardown_taskflow.py                                                   1           0  0.10s           2026-04-25T09:34:34
/usr/local/python/3.12.1/lib/python3.12/site-packages/airflow/example_dags/example_short_circuit_operator.py                                                    1           0  0.10s           2026-04-25T09:34:31
/usr/local/python/3.12.1/lib/python3.12/site-packages/airflow/example_dags/example_task_group.py                                                                1           0  0.10s           2026-04-25T09:34:31
/usr/local/python/3.12.1/lib/python3.12/site-packages/airflow/example_dags/example_sensor_decorator.py                                                          1           0  0.10s           2026-04-25T09:35:13
/usr/local/python/3.12.1/lib/python3.12/site-packages/airflow/example_dags/example_latest_only.py                                                               1           0  0.10s           2026-04-25T09:34:55
/usr/local/python/3.12.1/lib/python3.12/site-packages/airflow/example_dags/example_short_circuit_decorator.py                                                   1           0  0.10s           2026-04-25T09:35:11
/usr/local/python/3.12.1/lib/python3.12/site-packages/airflow/example_dags/example_sla_dag.py                                                                   1           0  0.10s           2026-04-25T09:34:33
/usr/local/python/3.12.1/lib/python3.12/site-packages/airflow/example_dags/example_local_kubernetes_executor.py                                                 0           0  0.10s           2026-04-25T09:34:37
/usr/local/python/3.12.1/lib/python3.12/site-packages/airflow/example_dags/plugins/event_listener.py                                                            0           0  0.10s           2026-04-25T09:35:23
/usr/local/python/3.12.1/lib/python3.12/site-packages/airflow/example_dags/example_latest_only_with_trigger.py                                                  1           0  0.10s           2026-04-25T09:35:15
/usr/local/python/3.12.1/lib/python3.12/site-packages/airflow/example_dags/example_branch_day_of_week_operator.py                                               1           0  0.10s           2026-04-25T09:34:40
/usr/local/python/3.12.1/lib/python3.12/site-packages/airflow/example_dags/example_kubernetes_executor.py                                                       0           0  0.10s           2026-04-25T09:34:55
/usr/local/python/3.12.1/lib/python3.12/site-packages/airflow/example_dags/example_branch_labels.py                                                             1           0  0.10s           2026-04-25T09:34:40
/usr/local/python/3.12.1/lib/python3.12/site-packages/airflow/example_dags/example_branch_python_dop_operator_3.py                                              1           0  0.10s           2026-04-25T09:35:19
/usr/local/python/3.12.1/lib/python3.12/site-packages/airflow/example_dags/example_display_name.py                                                              1           0  0.10s           2026-04-25T09:34:58
/usr/local/python/3.12.1/lib/python3.12/site-packages/airflow/example_dags/example_task_group_decorator.py                                                      1           0  0.10s           2026-04-25T09:35:07
/usr/local/python/3.12.1/lib/python3.12/site-packages/airflow/example_dags/example_python_decorator.py                                                          1           0  0.10s           2026-04-25T09:35:14
/usr/local/python/3.12.1/lib/python3.12/site-packages/airflow/example_dags/example_subdag_operator.py                                                           3           0  0.10s           2026-04-25T09:35:09
/usr/local/python/3.12.1/lib/python3.12/site-packages/airflow/example_dags/example_external_task_marker_dag.py                                                  2           0  0.10s           2026-04-25T09:34:56
/usr/local/python/3.12.1/lib/python3.12/site-packages/airflow/example_dags/example_python_operator.py                                                           1           0  0.10s           2026-04-25T09:34:35
/usr/local/python/3.12.1/lib/python3.12/site-packages/airflow/example_dags/example_complex.py                                                                   1           0  0.10s           2026-04-25T09:35:20
/usr/local/python/3.12.1/lib/python3.12/site-packages/airflow/example_dags/example_nested_branch_dag.py                                                         1           0  0.10s           2026-04-25T09:34:53
/usr/local/python/3.12.1/lib/python3.12/site-packages/airflow/example_dags/example_xcom.py                                                                      1           0  0.10s           2026-04-25T09:35:04
/usr/local/python/3.12.1/lib/python3.12/site-packages/airflow/example_dags/tutorial_objectstorage.py                                                            0           1  0.10s           2026-04-25T09:34:49
/usr/local/python/3.12.1/lib/python3.12/site-packages/airflow/example_dags/tutorial_taskflow_api.py                                                             1           0  0.10s           2026-04-25T09:35:25
/usr/local/python/3.12.1/lib/python3.12/site-packages/airflow/example_dags/example_bash_decorator.py                                                            1           0  0.10s           2026-04-25T09:34:42
/usr/local/python/3.12.1/lib/python3.12/site-packages/airflow/example_dags/plugins/workday.py                                                                   0           0  0.10s           2026-04-25T09:35:22
/usr/local/python/3.12.1/lib/python3.12/site-packages/airflow/example_dags/example_setup_teardown.py                                                            1           0  0.10s           2026-04-25T09:35:11
/usr/local/python/3.12.1/lib/python3.12/site-packages/airflow/example_dags/example_branch_datetime_operator.py                                                  3           0  0.10s           2026-04-25T09:34:39
/usr/local/python/3.12.1/lib/python3.12/site-packages/airflow/example_dags/example_sensors.py                                                                   1           0  0.10s           2026-04-25T09:35:12
/usr/local/python/3.12.1/lib/python3.12/site-packages/airflow/example_dags/example_time_delta_sensor_async.py                                                   1           0  0.10s           2026-04-25T09:34:50
/usr/local/python/3.12.1/lib/python3.12/site-packages/airflow/example_dags/example_dynamic_task_mapping_with_no_taskflow_operators.py                           1           0  0.10s           2026-04-25T09:34:54
/usr/local/python/3.12.1/lib/python3.12/site-packages/airflow/example_dags/example_trigger_target_dag.py                                                        1           0  0.10s           2026-04-25T09:35:03
/usr/local/python/3.12.1/lib/python3.12/site-packages/airflow/example_dags/tutorial_dag.py                                                                      1           0  0.10s           2026-04-25T09:35:05
================================================================================
[2026-04-25T09:35:56.330+0000] {manager.py:878} INFO - 
================================================================================
DAG File Processing Stats

File Path                                                                                                                              PID    Runtime      # DAGs    # Errors  Last Runtime    Last Run
-------------------------------------------------------------------------------------------------------------------------------------  -----  ---------  --------  ----------  --------------  -------------------
/usr/local/python/3.12.1/lib/python3.12/site-packages/airflow/example_dags/example_dag_decorator.py                                                             1           0  0.21s           2026-04-25T09:35:17
/usr/local/python/3.12.1/lib/python3.12/site-packages/airflow/example_dags/example_trigger_target_dag.py                                                        1           0  0.11s           2026-04-25T09:35:43
/usr/local/python/3.12.1/lib/python3.12/site-packages/airflow/example_dags/example_short_circuit_decorator.py                                                   1           0  0.11s           2026-04-25T09:35:50
/usr/local/python/3.12.1/lib/python3.12/site-packages/airflow/example_dags/example_time_delta_sensor_async.py                                                   1           0  0.11s           2026-04-25T09:35:27
/usr/local/python/3.12.1/lib/python3.12/site-packages/airflow/example_dags/example_datasets.py                                                                 10           0  0.11s           2026-04-25T09:34:57
/usr/local/python/3.12.1/lib/python3.12/site-packages/airflow/example_dags/example_branch_datetime_operator.py                                                  3           0  0.11s           2026-04-25T09:35:37
/usr/local/python/3.12.1/lib/python3.12/site-packages/airflow/example_dags/subdags/subdag.py                                                                    0           0  0.11s           2026-04-25T09:35:21
/usr/local/python/3.12.1/lib/python3.12/site-packages/airflow/example_dags/example_branch_operator_decorator.py                                                 1           0  0.10s           2026-04-25T09:35:18
/usr/local/python/3.12.1/lib/python3.12/site-packages/airflow/example_dags/plugins/decreasing_priority_weight_strategy.py                                       0           0  0.10s           2026-04-25T09:35:24
/usr/local/python/3.12.1/lib/python3.12/site-packages/airflow/example_dags/example_params_ui_tutorial.py                                                        1           0  0.10s           2026-04-25T09:35:33
/usr/local/python/3.12.1/lib/python3.12/site-packages/airflow/example_dags/tutorial_objectstorage.py                                                            0           1  0.10s           2026-04-25T09:35:26
/usr/local/python/3.12.1/lib/python3.12/site-packages/airflow/example_dags/plugins/listener_plugin.py                                                           0           0  0.10s           2026-04-25T09:35:22
/usr/local/python/3.12.1/lib/python3.12/site-packages/airflow/example_dags/tutorial_dag.py                                                                      1           0  0.10s           2026-04-25T09:35:46
/usr/local/python/3.12.1/lib/python3.12/site-packages/airflow/example_dags/example_dynamic_task_mapping.py                                                      1           0  0.10s           2026-04-25T09:34:59
/usr/local/python/3.12.1/lib/python3.12/site-packages/airflow/example_dags/example_xcom.py                                                                      1           0  0.10s           2026-04-25T09:35:45
/usr/local/python/3.12.1/lib/python3.12/site-packages/airflow/example_dags/example_nested_branch_dag.py                                                         1           0  0.10s           2026-04-25T09:35:52
/usr/local/python/3.12.1/lib/python3.12/site-packages/airflow/example_dags/example_sensor_decorator.py                                                          1           0  0.10s           2026-04-25T09:35:13
/usr/local/python/3.12.1/lib/python3.12/site-packages/airflow/example_dags/example_local_kubernetes_executor.py                                                 0           0  0.10s           2026-04-25T09:35:34
/usr/local/python/3.12.1/lib/python3.12/site-packages/airflow/example_dags/example_task_group_decorator.py                                                      1           0  0.10s           2026-04-25T09:35:47
/usr/local/python/3.12.1/lib/python3.12/site-packages/airflow/example_dags/example_setup_teardown_taskflow.py                                                   1           0  0.10s           2026-04-25T09:35:31
/usr/local/python/3.12.1/lib/python3.12/site-packages/airflow/example_dags/example_xcomargs.py                                                                  2           0  0.10s           2026-04-25T09:35:42
/usr/local/python/3.12.1/lib/python3.12/site-packages/airflow/example_dags/plugins/event_listener.py                                                            0           0  0.10s           2026-04-25T09:35:23
/usr/local/python/3.12.1/lib/python3.12/site-packages/airflow/example_dags/example_bash_decorator.py                                                            1           0  0.10s           2026-04-25T09:35:41
/usr/local/python/3.12.1/lib/python3.12/site-packages/airflow/example_dags/example_latest_only_with_trigger.py                                                  1           0  0.10s           2026-04-25T09:35:15
/usr/local/python/3.12.1/lib/python3.12/site-packages/airflow/example_dags/example_kubernetes_executor.py                                                       0           0  0.10s           2026-04-25T09:35:54
/usr/local/python/3.12.1/lib/python3.12/site-packages/airflow/example_dags/example_branch_labels.py                                                             1           0  0.10s           2026-04-25T09:35:38
/usr/local/python/3.12.1/lib/python3.12/site-packages/airflow/example_dags/example_short_circuit_operator.py                                                    1           0  0.10s           2026-04-25T09:35:29
/usr/local/python/3.12.1/lib/python3.12/site-packages/airflow/example_dags/example_external_task_marker_dag.py                                                  2           0  0.10s           2026-04-25T09:35:56
/usr/local/python/3.12.1/lib/python3.12/site-packages/airflow/example_dags/example_python_operator.py                                                           1           0  0.10s           2026-04-25T09:35:32
/usr/local/python/3.12.1/lib/python3.12/site-packages/airflow/example_dags/example_latest_only.py                                                               1           0  0.10s           2026-04-25T09:35:55
/usr/local/python/3.12.1/lib/python3.12/site-packages/airflow/example_dags/example_branch_python_dop_operator_3.py                                              1           0  0.10s           2026-04-25T09:35:19
/usr/local/python/3.12.1/lib/python3.12/site-packages/airflow/example_dags/example_display_name.py                                                              1           0  0.10s           2026-04-25T09:34:58
/usr/local/python/3.12.1/lib/python3.12/site-packages/airflow/example_dags/tutorial_taskflow_api_virtualenv.py                                                  1           0  0.10s           2026-04-25T09:35:41
/usr/local/python/3.12.1/lib/python3.12/site-packages/airflow/example_dags/example_python_decorator.py                                                          1           0  0.10s           2026-04-25T09:35:14
/usr/local/python/3.12.1/lib/python3.12/site-packages/airflow/example_dags/example_branch_day_of_week_operator.py                                               1           0  0.10s           2026-04-25T09:35:37
/usr/local/python/3.12.1/lib/python3.12/site-packages/airflow/example_dags/example_trigger_controller_dag.py                                                    1           0  0.10s           2026-04-25T09:35:46
/usr/local/python/3.12.1/lib/python3.12/site-packages/airflow/example_dags/example_complex.py                                                                   1           0  0.10s           2026-04-25T09:35:20
/usr/local/python/3.12.1/lib/python3.12/site-packages/airflow/example_dags/example_params_trigger_ui.py                                                         1           0  0.10s           2026-04-25T09:35:51
/usr/local/python/3.12.1/lib/python3.12/site-packages/airflow/example_dags/tutorial_taskflow_api.py                                                             1           0  0.10s           2026-04-25T09:35:25
/usr/local/python/3.12.1/lib/python3.12/site-packages/airflow/example_dags/plugins/workday.py                                                                   0           0  0.10s           2026-04-25T09:35:22
/usr/local/python/3.12.1/lib/python3.12/site-packages/airflow/example_dags/example_setup_teardown.py                                                            1           0  0.10s           2026-04-25T09:35:11
/usr/local/python/3.12.1/lib/python3.12/site-packages/airflow/example_dags/example_sla_dag.py                                                                   1           0  0.10s           2026-04-25T09:35:30
/usr/local/python/3.12.1/lib/python3.12/site-packages/airflow/example_dags/example_branch_operator.py                                                           1           0  0.10s           2026-04-25T09:35:36
/usr/local/python/3.12.1/lib/python3.12/site-packages/airflow/example_dags/tutorial.py                                                                          1           0  0.10s           2026-04-25T09:35:42
/usr/local/python/3.12.1/lib/python3.12/site-packages/airflow/example_dags/example_task_group.py                                                                1           0  0.10s           2026-04-25T09:35:28
/usr/local/python/3.12.1/lib/python3.12/site-packages/airflow/example_dags/example_sensors.py                                                                   1           0  0.10s           2026-04-25T09:35:12
/usr/local/python/3.12.1/lib/python3.12/site-packages/airflow/example_dags/example_passing_params_via_test_command.py                                           1           0  0.10s           2026-04-25T09:35:32
/usr/local/python/3.12.1/lib/python3.12/site-packages/airflow/example_dags/example_skip_dag.py                                                                  1           0  0.10s           2026-04-25T09:35:49
/usr/local/python/3.12.1/lib/python3.12/site-packages/airflow/example_dags/example_subdag_operator.py                                                           3           0  0.10s           2026-04-25T09:35:47
/usr/local/python/3.12.1/lib/python3.12/site-packages/airflow/example_dags/example_dynamic_task_mapping_with_no_taskflow_operators.py                           1           0  0.10s           2026-04-25T09:35:52
/usr/local/python/3.12.1/lib/python3.12/site-packages/airflow/example_dags/example_bash_operator.py                                                             1           0  0.10s           2026-04-25T09:35:39
================================================================================
[2026-04-25T09:36:26.614+0000] {manager.py:878} INFO - 
================================================================================
DAG File Processing Stats

File Path                                                                                                                              PID    Runtime      # DAGs    # Errors  Last Runtime    Last Run
-------------------------------------------------------------------------------------------------------------------------------------  -----  ---------  --------  ----------  --------------  -------------------
/usr/local/python/3.12.1/lib/python3.12/site-packages/airflow/example_dags/example_dag_decorator.py                                                             1           0  0.20s           2026-04-25T09:36:13
/usr/local/python/3.12.1/lib/python3.12/site-packages/airflow/example_dags/example_xcom.py                                                                      1           0  0.11s           2026-04-25T09:36:22
/usr/local/python/3.12.1/lib/python3.12/site-packages/airflow/example_dags/example_short_circuit_decorator.py                                                   1           0  0.11s           2026-04-25T09:35:50
/usr/local/python/3.12.1/lib/python3.12/site-packages/airflow/example_dags/example_datasets.py                                                                 10           0  0.11s           2026-04-25T09:35:57
/usr/local/python/3.12.1/lib/python3.12/site-packages/airflow/example_dags/subdags/subdag.py                                                                    0           0  0.11s           2026-04-25T09:36:00
/usr/local/python/3.12.1/lib/python3.12/site-packages/airflow/example_dags/plugins/workday.py                                                                   0           0  0.11s           2026-04-25T09:36:02
/usr/local/python/3.12.1/lib/python3.12/site-packages/airflow/example_dags/example_branch_datetime_operator.py                                                  3           0  0.11s           2026-04-25T09:35:37
/usr/local/python/3.12.1/lib/python3.12/site-packages/airflow/example_dags/example_sla_dag.py                                                                   1           0  0.10s           2026-04-25T09:36:26
/usr/local/python/3.12.1/lib/python3.12/site-packages/airflow/example_dags/tutorial_objectstorage.py                                                            0           1  0.10s           2026-04-25T09:36:05
/usr/local/python/3.12.1/lib/python3.12/site-packages/airflow/example_dags/example_latest_only_with_trigger.py                                                  1           0  0.10s           2026-04-25T09:36:13
/usr/local/python/3.12.1/lib/python3.12/site-packages/airflow/example_dags/example_params_ui_tutorial.py                                                        1           0  0.10s           2026-04-25T09:35:33
/usr/local/python/3.12.1/lib/python3.12/site-packages/airflow/example_dags/example_branch_python_dop_operator_3.py                                              1           0  0.10s           2026-04-25T09:36:15
/usr/local/python/3.12.1/lib/python3.12/site-packages/airflow/example_dags/plugins/listener_plugin.py                                                           0           0  0.10s           2026-04-25T09:36:01
/usr/local/python/3.12.1/lib/python3.12/site-packages/airflow/example_dags/example_task_group.py                                                                1           0  0.10s           2026-04-25T09:36:07
/usr/local/python/3.12.1/lib/python3.12/site-packages/airflow/example_dags/example_display_name.py                                                              1           0  0.10s           2026-04-25T09:35:58
/usr/local/python/3.12.1/lib/python3.12/site-packages/airflow/example_dags/example_nested_branch_dag.py                                                         1           0  0.10s           2026-04-25T09:35:52
/usr/local/python/3.12.1/lib/python3.12/site-packages/airflow/example_dags/example_local_kubernetes_executor.py                                                 0           0  0.10s           2026-04-25T09:35:34
/usr/local/python/3.12.1/lib/python3.12/site-packages/airflow/example_dags/tutorial_dag.py                                                                      1           0  0.10s           2026-04-25T09:36:23
/usr/local/python/3.12.1/lib/python3.12/site-packages/airflow/example_dags/example_setup_teardown_taskflow.py                                                   1           0  0.10s           2026-04-25T09:35:31
/usr/local/python/3.12.1/lib/python3.12/site-packages/airflow/example_dags/example_bash_decorator.py                                                            1           0  0.10s           2026-04-25T09:35:41
/usr/local/python/3.12.1/lib/python3.12/site-packages/airflow/example_dags/example_branch_operator_decorator.py                                                 1           0  0.10s           2026-04-25T09:36:14
/usr/local/python/3.12.1/lib/python3.12/site-packages/airflow/example_dags/plugins/event_listener.py                                                            0           0  0.10s           2026-04-25T09:36:03
/usr/local/python/3.12.1/lib/python3.12/site-packages/airflow/example_dags/example_subdag_operator.py                                                           3           0  0.10s           2026-04-25T09:36:26
/usr/local/python/3.12.1/lib/python3.12/site-packages/airflow/example_dags/tutorial_taskflow_api_virtualenv.py                                                  1           0  0.10s           2026-04-25T09:36:18
/usr/local/python/3.12.1/lib/python3.12/site-packages/airflow/example_dags/example_sensor_decorator.py                                                          1           0  0.10s           2026-04-25T09:36:11
/usr/local/python/3.12.1/lib/python3.12/site-packages/airflow/example_dags/example_kubernetes_executor.py                                                       0           0  0.10s           2026-04-25T09:35:54
/usr/local/python/3.12.1/lib/python3.12/site-packages/airflow/example_dags/example_branch_labels.py                                                             1           0  0.10s           2026-04-25T09:35:38
/usr/local/python/3.12.1/lib/python3.12/site-packages/airflow/example_dags/tutorial.py                                                                          1           0  0.10s           2026-04-25T09:36:19
/usr/local/python/3.12.1/lib/python3.12/site-packages/airflow/example_dags/example_external_task_marker_dag.py                                                  2           0  0.10s           2026-04-25T09:35:56
/usr/local/python/3.12.1/lib/python3.12/site-packages/airflow/example_dags/example_python_decorator.py                                                          1           0  0.10s           2026-04-25T09:36:12
/usr/local/python/3.12.1/lib/python3.12/site-packages/airflow/example_dags/example_python_operator.py                                                           1           0  0.10s           2026-04-25T09:35:32
/usr/local/python/3.12.1/lib/python3.12/site-packages/airflow/example_dags/example_latest_only.py                                                               1           0  0.10s           2026-04-25T09:35:55
/usr/local/python/3.12.1/lib/python3.12/site-packages/airflow/example_dags/example_trigger_target_dag.py                                                        1           0  0.10s           2026-04-25T09:36:20
/usr/local/python/3.12.1/lib/python3.12/site-packages/airflow/example_dags/plugins/decreasing_priority_weight_strategy.py                                       0           0  0.10s           2026-04-25T09:36:03
/usr/local/python/3.12.1/lib/python3.12/site-packages/airflow/example_dags/example_sensors.py                                                                   1           0  0.10s           2026-04-25T09:36:10
/usr/local/python/3.12.1/lib/python3.12/site-packages/airflow/example_dags/example_task_group_decorator.py                                                      1           0  0.10s           2026-04-25T09:36:24
/usr/local/python/3.12.1/lib/python3.12/site-packages/airflow/example_dags/example_branch_day_of_week_operator.py                                               1           0  0.10s           2026-04-25T09:35:37
/usr/local/python/3.12.1/lib/python3.12/site-packages/airflow/example_dags/example_setup_teardown.py                                                            1           0  0.10s           2026-04-25T09:36:09
/usr/local/python/3.12.1/lib/python3.12/site-packages/airflow/example_dags/example_dynamic_task_mapping.py                                                      1           0  0.10s           2026-04-25T09:35:59
/usr/local/python/3.12.1/lib/python3.12/site-packages/airflow/example_dags/example_params_trigger_ui.py                                                         1           0  0.10s           2026-04-25T09:35:51
/usr/local/python/3.12.1/lib/python3.12/site-packages/airflow/example_dags/example_time_delta_sensor_async.py                                                   1           0  0.10s           2026-04-25T09:36:06
/usr/local/python/3.12.1/lib/python3.12/site-packages/airflow/example_dags/example_branch_operator.py                                                           1           0  0.10s           2026-04-25T09:35:36
/usr/local/python/3.12.1/lib/python3.12/site-packages/airflow/example_dags/tutorial_taskflow_api.py                                                             1           0  0.10s           2026-04-25T09:36:04
/usr/local/python/3.12.1/lib/python3.12/site-packages/airflow/example_dags/example_passing_params_via_test_command.py                                           1           0  0.10s           2026-04-25T09:35:32
/usr/local/python/3.12.1/lib/python3.12/site-packages/airflow/example_dags/example_skip_dag.py                                                                  1           0  0.10s           2026-04-25T09:35:49
/usr/local/python/3.12.1/lib/python3.12/site-packages/airflow/example_dags/example_dynamic_task_mapping_with_no_taskflow_operators.py                           1           0  0.10s           2026-04-25T09:35:52
/usr/local/python/3.12.1/lib/python3.12/site-packages/airflow/example_dags/example_short_circuit_operator.py                                                    1           0  0.10s           2026-04-25T09:36:08
/usr/local/python/3.12.1/lib/python3.12/site-packages/airflow/example_dags/example_bash_operator.py                                                             1           0  0.10s           2026-04-25T09:35:39
/usr/local/python/3.12.1/lib/python3.12/site-packages/airflow/example_dags/example_complex.py                                                                   1           0  0.10s           2026-04-25T09:36:16
/usr/local/python/3.12.1/lib/python3.12/site-packages/airflow/example_dags/example_xcomargs.py                                                                  2           0  0.10s           2026-04-25T09:36:18
/usr/local/python/3.12.1/lib/python3.12/site-packages/airflow/example_dags/example_trigger_controller_dag.py                                                    1           0  0.10s           2026-04-25T09:36:23
================================================================================
[2026-04-25T09:36:56.898+0000] {manager.py:878} INFO - 
================================================================================
DAG File Processing Stats

File Path                                                                                                                              PID    Runtime      # DAGs    # Errors  Last Runtime    Last Run
-------------------------------------------------------------------------------------------------------------------------------------  -----  ---------  --------  ----------  --------------  -------------------
/usr/local/python/3.12.1/lib/python3.12/site-packages/airflow/example_dags/example_external_task_marker_dag.py                                                  2           0  0.21s           2026-04-25T09:36:55
/usr/local/python/3.12.1/lib/python3.12/site-packages/airflow/example_dags/example_dag_decorator.py                                                             1           0  0.20s           2026-04-25T09:36:13
/usr/local/python/3.12.1/lib/python3.12/site-packages/airflow/example_dags/example_bash_operator.py                                                             1           0  0.12s           2026-04-25T09:36:37
/usr/local/python/3.12.1/lib/python3.12/site-packages/airflow/example_dags/example_xcom.py                                                                      1           0  0.11s           2026-04-25T09:36:22
/usr/local/python/3.12.1/lib/python3.12/site-packages/airflow/example_dags/example_branch_operator.py                                                           1           0  0.11s           2026-04-25T09:36:33
/usr/local/python/3.12.1/lib/python3.12/site-packages/airflow/example_dags/example_short_circuit_decorator.py                                                   1           0  0.11s           2026-04-25T09:36:49
/usr/local/python/3.12.1/lib/python3.12/site-packages/airflow/example_dags/example_datasets.py                                                                 10           0  0.11s           2026-04-25T09:36:56
/usr/local/python/3.12.1/lib/python3.12/site-packages/airflow/example_dags/example_short_circuit_operator.py                                                    1           0  0.11s           2026-04-25T09:36:47
/usr/local/python/3.12.1/lib/python3.12/site-packages/airflow/example_dags/example_latest_only.py                                                               1           0  0.11s           2026-04-25T09:36:54
/usr/local/python/3.12.1/lib/python3.12/site-packages/airflow/example_dags/example_local_kubernetes_executor.py                                                 0           0  0.10s           2026-04-25T09:36:32
/usr/local/python/3.12.1/lib/python3.12/site-packages/airflow/example_dags/example_sla_dag.py                                                                   1           0  0.10s           2026-04-25T09:36:26
/usr/local/python/3.12.1/lib/python3.12/site-packages/airflow/example_dags/example_kubernetes_executor.py                                                       0           0  0.10s           2026-04-25T09:36:53
/usr/local/python/3.12.1/lib/python3.12/site-packages/airflow/example_dags/example_latest_only_with_trigger.py                                                  1           0  0.10s           2026-04-25T09:36:13
/usr/local/python/3.12.1/lib/python3.12/site-packages/airflow/example_dags/example_branch_python_dop_operator_3.py                                              1           0  0.10s           2026-04-25T09:36:15
/usr/local/python/3.12.1/lib/python3.12/site-packages/airflow/example_dags/example_task_group.py                                                                1           0  0.10s           2026-04-25T09:36:46
/usr/local/python/3.12.1/lib/python3.12/site-packages/airflow/example_dags/plugins/workday.py                                                                   0           0  0.10s           2026-04-25T09:36:41
/usr/local/python/3.12.1/lib/python3.12/site-packages/airflow/example_dags/example_nested_branch_dag.py                                                         1           0  0.10s           2026-04-25T09:36:51
/usr/local/python/3.12.1/lib/python3.12/site-packages/airflow/example_dags/subdags/subdag.py                                                                    0           0  0.10s           2026-04-25T09:36:39
/usr/local/python/3.12.1/lib/python3.12/site-packages/airflow/example_dags/example_display_name.py                                                              1           0  0.10s           2026-04-25T09:35:58
/usr/local/python/3.12.1/lib/python3.12/site-packages/airflow/example_dags/example_branch_datetime_operator.py                                                  3           0  0.10s           2026-04-25T09:36:34
/usr/local/python/3.12.1/lib/python3.12/site-packages/airflow/example_dags/example_time_delta_sensor_async.py                                                   1           0  0.10s           2026-04-25T09:36:45
/usr/local/python/3.12.1/lib/python3.12/site-packages/airflow/example_dags/tutorial_dag.py                                                                      1           0  0.10s           2026-04-25T09:36:23
/usr/local/python/3.12.1/lib/python3.12/site-packages/airflow/example_dags/tutorial_taskflow_api.py                                                             1           0  0.10s           2026-04-25T09:36:43
/usr/local/python/3.12.1/lib/python3.12/site-packages/airflow/example_dags/example_branch_labels.py                                                             1           0  0.10s           2026-04-25T09:36:36
/usr/local/python/3.12.1/lib/python3.12/site-packages/airflow/example_dags/example_setup_teardown_taskflow.py                                                   1           0  0.10s           2026-04-25T09:36:27
/usr/local/python/3.12.1/lib/python3.12/site-packages/airflow/example_dags/example_python_operator.py                                                           1           0  0.10s           2026-04-25T09:36:28
/usr/local/python/3.12.1/lib/python3.12/site-packages/airflow/example_dags/example_params_ui_tutorial.py                                                        1           0  0.10s           2026-04-25T09:36:31
/usr/local/python/3.12.1/lib/python3.12/site-packages/airflow/example_dags/example_branch_operator_decorator.py                                                 1           0  0.10s           2026-04-25T09:36:14
/usr/local/python/3.12.1/lib/python3.12/site-packages/airflow/example_dags/plugins/event_listener.py                                                            0           0  0.10s           2026-04-25T09:36:41
/usr/local/python/3.12.1/lib/python3.12/site-packages/airflow/example_dags/plugins/decreasing_priority_weight_strategy.py                                       0           0  0.10s           2026-04-25T09:36:42
/usr/local/python/3.12.1/lib/python3.12/site-packages/airflow/example_dags/example_subdag_operator.py                                                           3           0  0.10s           2026-04-25T09:36:26
/usr/local/python/3.12.1/lib/python3.12/site-packages/airflow/example_dags/tutorial_taskflow_api_virtualenv.py                                                  1           0  0.10s           2026-04-25T09:36:18
/usr/local/python/3.12.1/lib/python3.12/site-packages/airflow/example_dags/example_sensor_decorator.py                                                          1           0  0.10s           2026-04-25T09:36:11
/usr/local/python/3.12.1/lib/python3.12/site-packages/airflow/example_dags/tutorial_objectstorage.py                                                            0           1  0.10s           2026-04-25T09:36:44
/usr/local/python/3.12.1/lib/python3.12/site-packages/airflow/example_dags/tutorial.py                                                                          1           0  0.10s           2026-04-25T09:36:19
/usr/local/python/3.12.1/lib/python3.12/site-packages/airflow/example_dags/example_python_decorator.py                                                          1           0  0.10s           2026-04-25T09:36:12
/usr/local/python/3.12.1/lib/python3.12/site-packages/airflow/example_dags/example_trigger_target_dag.py                                                        1           0  0.10s           2026-04-25T09:36:20
/usr/local/python/3.12.1/lib/python3.12/site-packages/airflow/example_dags/example_dynamic_task_mapping_with_no_taskflow_operators.py                           1           0  0.10s           2026-04-25T09:36:52
/usr/local/python/3.12.1/lib/python3.12/site-packages/airflow/example_dags/example_sensors.py                                                                   1           0  0.10s           2026-04-25T09:36:10
/usr/local/python/3.12.1/lib/python3.12/site-packages/airflow/example_dags/example_task_group_decorator.py                                                      1           0  0.10s           2026-04-25T09:36:24
/usr/local/python/3.12.1/lib/python3.12/site-packages/airflow/example_dags/example_skip_dag.py                                                                  1           0  0.10s           2026-04-25T09:36:48
/usr/local/python/3.12.1/lib/python3.12/site-packages/airflow/example_dags/example_setup_teardown.py                                                            1           0  0.10s           2026-04-25T09:36:09
/usr/local/python/3.12.1/lib/python3.12/site-packages/airflow/example_dags/example_dynamic_task_mapping.py                                                      1           0  0.10s           2026-04-25T09:35:59
/usr/local/python/3.12.1/lib/python3.12/site-packages/airflow/example_dags/example_passing_params_via_test_command.py                                           1           0  0.10s           2026-04-25T09:36:30
/usr/local/python/3.12.1/lib/python3.12/site-packages/airflow/example_dags/example_branch_day_of_week_operator.py                                               1           0  0.10s           2026-04-25T09:36:35
/usr/local/python/3.12.1/lib/python3.12/site-packages/airflow/example_dags/example_bash_decorator.py                                                            1           0  0.10s           2026-04-25T09:36:38
/usr/local/python/3.12.1/lib/python3.12/site-packages/airflow/example_dags/plugins/listener_plugin.py                                                           0           0  0.10s           2026-04-25T09:36:40
/usr/local/python/3.12.1/lib/python3.12/site-packages/airflow/example_dags/example_params_trigger_ui.py                                                         1           0  0.10s           2026-04-25T09:36:50
/usr/local/python/3.12.1/lib/python3.12/site-packages/airflow/example_dags/example_complex.py                                                                   1           0  0.10s           2026-04-25T09:36:16
/usr/local/python/3.12.1/lib/python3.12/site-packages/airflow/example_dags/example_xcomargs.py                                                                  2           0  0.10s           2026-04-25T09:36:18
/usr/local/python/3.12.1/lib/python3.12/site-packages/airflow/example_dags/example_trigger_controller_dag.py                                                    1           0  0.10s           2026-04-25T09:36:23
================================================================================
[2026-04-25T09:37:27.171+0000] {manager.py:878} INFO - 
================================================================================
DAG File Processing Stats

File Path                                                                                                                              PID    Runtime      # DAGs    # Errors  Last Runtime    Last Run
-------------------------------------------------------------------------------------------------------------------------------------  -----  ---------  --------  ----------  --------------  -------------------
/usr/local/python/3.12.1/lib/python3.12/site-packages/airflow/example_dags/example_external_task_marker_dag.py                                                  2           0  0.21s           2026-04-25T09:36:55
/usr/local/python/3.12.1/lib/python3.12/site-packages/airflow/example_dags/example_latest_only_with_trigger.py                                                  1           0  0.21s           2026-04-25T09:37:16
/usr/local/python/3.12.1/lib/python3.12/site-packages/airflow/example_dags/example_trigger_controller_dag.py                                                    1           0  0.12s           2026-04-25T09:37:06
/usr/local/python/3.12.1/lib/python3.12/site-packages/airflow/example_dags/example_bash_operator.py                                                             1           0  0.12s           2026-04-25T09:36:37
/usr/local/python/3.12.1/lib/python3.12/site-packages/airflow/example_dags/example_branch_operator.py                                                           1           0  0.11s           2026-04-25T09:36:33
/usr/local/python/3.12.1/lib/python3.12/site-packages/airflow/example_dags/example_short_circuit_decorator.py                                                   1           0  0.11s           2026-04-25T09:36:49
/usr/local/python/3.12.1/lib/python3.12/site-packages/airflow/example_dags/example_datasets.py                                                                 10           0  0.11s           2026-04-25T09:36:56
/usr/local/python/3.12.1/lib/python3.12/site-packages/airflow/example_dags/example_xcomargs.py                                                                  2           0  0.11s           2026-04-25T09:37:00
/usr/local/python/3.12.1/lib/python3.12/site-packages/airflow/example_dags/example_setup_teardown_taskflow.py                                                   1           0  0.11s           2026-04-25T09:37:10
/usr/local/python/3.12.1/lib/python3.12/site-packages/airflow/example_dags/example_short_circuit_operator.py                                                    1           0  0.11s           2026-04-25T09:36:47
/usr/local/python/3.12.1/lib/python3.12/site-packages/airflow/example_dags/example_python_operator.py                                                           1           0  0.11s           2026-04-25T09:37:15
/usr/local/python/3.12.1/lib/python3.12/site-packages/airflow/example_dags/tutorial_objectstorage.py                                                            0           1  0.11s           2026-04-25T09:37:26
/usr/local/python/3.12.1/lib/python3.12/site-packages/airflow/example_dags/plugins/listener_plugin.py                                                           0           0  0.11s           2026-04-25T09:37:22
/usr/local/python/3.12.1/lib/python3.12/site-packages/airflow/example_dags/example_latest_only.py                                                               1           0  0.11s           2026-04-25T09:36:54
/usr/local/python/3.12.1/lib/python3.12/site-packages/airflow/example_dags/example_sensors.py                                                                   1           0  0.11s           2026-04-25T09:37:12
/usr/local/python/3.12.1/lib/python3.12/site-packages/airflow/example_dags/example_time_delta_sensor_async.py                                                   1           0  0.10s           2026-04-25T09:37:27
/usr/local/python/3.12.1/lib/python3.12/site-packages/airflow/example_dags/example_local_kubernetes_executor.py                                                 0           0  0.10s           2026-04-25T09:36:32
/usr/local/python/3.12.1/lib/python3.12/site-packages/airflow/example_dags/tutorial.py                                                                          1           0  0.10s           2026-04-25T09:37:01
/usr/local/python/3.12.1/lib/python3.12/site-packages/airflow/example_dags/example_sensor_decorator.py                                                          1           0  0.10s           2026-04-25T09:37:13
/usr/local/python/3.12.1/lib/python3.12/site-packages/airflow/example_dags/plugins/decreasing_priority_weight_strategy.py                                       0           0  0.10s           2026-04-25T09:37:25
/usr/local/python/3.12.1/lib/python3.12/site-packages/airflow/example_dags/example_kubernetes_executor.py                                                       0           0  0.10s           2026-04-25T09:36:53
/usr/local/python/3.12.1/lib/python3.12/site-packages/airflow/example_dags/example_task_group.py                                                                1           0  0.10s           2026-04-25T09:36:46
/usr/local/python/3.12.1/lib/python3.12/site-packages/airflow/example_dags/subdags/subdag.py                                                                    0           0  0.10s           2026-04-25T09:37:21
/usr/local/python/3.12.1/lib/python3.12/site-packages/airflow/example_dags/example_nested_branch_dag.py                                                         1           0  0.10s           2026-04-25T09:36:51
/usr/local/python/3.12.1/lib/python3.12/site-packages/airflow/example_dags/plugins/event_listener.py                                                            0           0  0.10s           2026-04-25T09:37:24
/usr/local/python/3.12.1/lib/python3.12/site-packages/airflow/example_dags/example_python_decorator.py                                                          1           0  0.10s           2026-04-25T09:37:13
/usr/local/python/3.12.1/lib/python3.12/site-packages/airflow/example_dags/example_sla_dag.py                                                                   1           0  0.10s           2026-04-25T09:37:08
/usr/local/python/3.12.1/lib/python3.12/site-packages/airflow/example_dags/example_branch_datetime_operator.py                                                  3           0  0.10s           2026-04-25T09:36:34
/usr/local/python/3.12.1/lib/python3.12/site-packages/airflow/example_dags/example_trigger_target_dag.py                                                        1           0  0.10s           2026-04-25T09:37:03
/usr/local/python/3.12.1/lib/python3.12/site-packages/airflow/example_dags/example_xcom.py                                                                      1           0  0.10s           2026-04-25T09:37:03
/usr/local/python/3.12.1/lib/python3.12/site-packages/airflow/example_dags/example_subdag_operator.py                                                           3           0  0.10s           2026-04-25T09:37:09
/usr/local/python/3.12.1/lib/python3.12/site-packages/airflow/example_dags/plugins/workday.py                                                                   0           0  0.10s           2026-04-25T09:37:23
/usr/local/python/3.12.1/lib/python3.12/site-packages/airflow/example_dags/example_setup_teardown.py                                                            1           0  0.10s           2026-04-25T09:37:11
/usr/local/python/3.12.1/lib/python3.12/site-packages/airflow/example_dags/example_branch_labels.py                                                             1           0  0.10s           2026-04-25T09:36:36
/usr/local/python/3.12.1/lib/python3.12/site-packages/airflow/example_dags/example_params_ui_tutorial.py                                                        1           0  0.10s           2026-04-25T09:36:31
/usr/local/python/3.12.1/lib/python3.12/site-packages/airflow/example_dags/example_complex.py                                                                   1           0  0.10s           2026-04-25T09:37:20
/usr/local/python/3.12.1/lib/python3.12/site-packages/airflow/example_dags/example_branch_operator_decorator.py                                                 1           0  0.10s           2026-04-25T09:37:18
/usr/local/python/3.12.1/lib/python3.12/site-packages/airflow/example_dags/example_dynamic_task_mapping.py                                                      1           0  0.10s           2026-04-25T09:36:59
/usr/local/python/3.12.1/lib/python3.12/site-packages/airflow/example_dags/example_dynamic_task_mapping_with_no_taskflow_operators.py                           1           0  0.10s           2026-04-25T09:36:52
/usr/local/python/3.12.1/lib/python3.12/site-packages/airflow/example_dags/tutorial_taskflow_api.py                                                             1           0  0.10s           2026-04-25T09:37:25
/usr/local/python/3.12.1/lib/python3.12/site-packages/airflow/example_dags/example_skip_dag.py                                                                  1           0  0.10s           2026-04-25T09:36:48
/usr/local/python/3.12.1/lib/python3.12/site-packages/airflow/example_dags/example_passing_params_via_test_command.py                                           1           0  0.10s           2026-04-25T09:36:30
/usr/local/python/3.12.1/lib/python3.12/site-packages/airflow/example_dags/tutorial_taskflow_api_virtualenv.py                                                  1           0  0.10s           2026-04-25T09:36:59
/usr/local/python/3.12.1/lib/python3.12/site-packages/airflow/example_dags/example_branch_day_of_week_operator.py                                               1           0  0.10s           2026-04-25T09:36:35
/usr/local/python/3.12.1/lib/python3.12/site-packages/airflow/example_dags/tutorial_dag.py                                                                      1           0  0.10s           2026-04-25T09:37:04
/usr/local/python/3.12.1/lib/python3.12/site-packages/airflow/example_dags/example_bash_decorator.py                                                            1           0  0.10s           2026-04-25T09:36:38
/usr/local/python/3.12.1/lib/python3.12/site-packages/airflow/example_dags/example_task_group_decorator.py                                                      1           0  0.10s           2026-04-25T09:37:07
/usr/local/python/3.12.1/lib/python3.12/site-packages/airflow/example_dags/example_branch_python_dop_operator_3.py                                              1           0  0.10s           2026-04-25T09:37:19
/usr/local/python/3.12.1/lib/python3.12/site-packages/airflow/example_dags/example_params_trigger_ui.py                                                         1           0  0.10s           2026-04-25T09:36:50
/usr/local/python/3.12.1/lib/python3.12/site-packages/airflow/example_dags/example_display_name.py                                                              1           0  0.10s           2026-04-25T09:36:58
/usr/local/python/3.12.1/lib/python3.12/site-packages/airflow/example_dags/example_dag_decorator.py                                                             1           0  0.10s           2026-04-25T09:37:17
================================================================================
[2026-04-25T09:37:57.363+0000] {manager.py:878} INFO - 
================================================================================
DAG File Processing Stats

File Path                                                                                                                              PID    Runtime      # DAGs    # Errors  Last Runtime    Last Run
-------------------------------------------------------------------------------------------------------------------------------------  -----  ---------  --------  ----------  --------------  -------------------
/usr/local/python/3.12.1/lib/python3.12/site-packages/airflow/example_dags/example_latest_only_with_trigger.py                                                  1           0  0.21s           2026-04-25T09:37:16
/usr/local/python/3.12.1/lib/python3.12/site-packages/airflow/example_dags/example_subdag_operator.py                                                           3           0  0.21s           2026-04-25T09:37:50
/usr/local/python/3.12.1/lib/python3.12/site-packages/airflow/example_dags/tutorial_dag.py                                                                      1           0  0.11s           2026-04-25T09:37:45
/usr/local/python/3.12.1/lib/python3.12/site-packages/airflow/example_dags/example_datasets.py                                                                 10           0  0.11s           2026-04-25T09:36:56
/usr/local/python/3.12.1/lib/python3.12/site-packages/airflow/example_dags/example_kubernetes_executor.py                                                       0           0  0.11s           2026-04-25T09:37:55
/usr/local/python/3.12.1/lib/python3.12/site-packages/airflow/example_dags/example_python_operator.py                                                           1           0  0.11s           2026-04-25T09:37:15
/usr/local/python/3.12.1/lib/python3.12/site-packages/airflow/example_dags/tutorial_objectstorage.py                                                            0           1  0.11s           2026-04-25T09:37:26
/usr/local/python/3.12.1/lib/python3.12/site-packages/airflow/example_dags/example_latest_only.py                                                               1           0  0.11s           2026-04-25T09:37:56
/usr/local/python/3.12.1/lib/python3.12/site-packages/airflow/example_dags/plugins/listener_plugin.py                                                           0           0  0.11s           2026-04-25T09:37:22
/usr/local/python/3.12.1/lib/python3.12/site-packages/airflow/example_dags/example_sensors.py                                                                   1           0  0.11s           2026-04-25T09:37:12
/usr/local/python/3.12.1/lib/python3.12/site-packages/airflow/example_dags/example_dynamic_task_mapping_with_no_taskflow_operators.py                           1           0  0.10s           2026-04-25T09:37:54
/usr/local/python/3.12.1/lib/python3.12/site-packages/airflow/example_dags/example_time_delta_sensor_async.py                                                   1           0  0.10s           2026-04-25T09:37:27
/usr/local/python/3.12.1/lib/python3.12/site-packages/airflow/example_dags/example_sensor_decorator.py                                                          1           0  0.10s           2026-04-25T09:37:13
/usr/local/python/3.12.1/lib/python3.12/site-packages/airflow/example_dags/plugins/decreasing_priority_weight_strategy.py                                       0           0  0.10s           2026-04-25T09:37:25
/usr/local/python/3.12.1/lib/python3.12/site-packages/airflow/example_dags/example_trigger_controller_dag.py                                                    1           0  0.10s           2026-04-25T09:37:46
/usr/local/python/3.12.1/lib/python3.12/site-packages/airflow/example_dags/example_sla_dag.py                                                                   1           0  0.10s           2026-04-25T09:37:48
/usr/local/python/3.12.1/lib/python3.12/site-packages/airflow/example_dags/example_params_trigger_ui.py                                                         1           0  0.10s           2026-04-25T09:37:35
/usr/local/python/3.12.1/lib/python3.12/site-packages/airflow/example_dags/example_trigger_target_dag.py                                                        1           0  0.10s           2026-04-25T09:37:44
/usr/local/python/3.12.1/lib/python3.12/site-packages/airflow/example_dags/subdags/subdag.py                                                                    0           0  0.10s           2026-04-25T09:37:21
/usr/local/python/3.12.1/lib/python3.12/site-packages/airflow/example_dags/example_setup_teardown.py                                                            1           0  0.10s           2026-04-25T09:37:52
/usr/local/python/3.12.1/lib/python3.12/site-packages/airflow/example_dags/example_passing_params_via_test_command.py                                           1           0  0.10s           2026-04-25T09:37:32
/usr/local/python/3.12.1/lib/python3.12/site-packages/airflow/example_dags/plugins/event_listener.py                                                            0           0  0.10s           2026-04-25T09:37:24
/usr/local/python/3.12.1/lib/python3.12/site-packages/airflow/example_dags/example_python_decorator.py                                                          1           0  0.10s           2026-04-25T09:37:13
/usr/local/python/3.12.1/lib/python3.12/site-packages/airflow/example_dags/example_bash_operator.py                                                             1           0  0.10s           2026-04-25T09:37:40
/usr/local/python/3.12.1/lib/python3.12/site-packages/airflow/example_dags/example_xcom.py                                                                      1           0  0.10s           2026-04-25T09:37:45
/usr/local/python/3.12.1/lib/python3.12/site-packages/airflow/example_dags/example_branch_datetime_operator.py                                                  3           0  0.10s           2026-04-25T09:37:36
/usr/local/python/3.12.1/lib/python3.12/site-packages/airflow/example_dags/example_short_circuit_decorator.py                                                   1           0  0.10s           2026-04-25T09:37:31
/usr/local/python/3.12.1/lib/python3.12/site-packages/airflow/example_dags/tutorial_taskflow_api_virtualenv.py                                                  1           0  0.10s           2026-04-25T09:37:41
/usr/local/python/3.12.1/lib/python3.12/site-packages/airflow/example_dags/plugins/workday.py                                                                   0           0  0.10s           2026-04-25T09:37:23
/usr/local/python/3.12.1/lib/python3.12/site-packages/airflow/example_dags/example_short_circuit_operator.py                                                    1           0  0.10s           2026-04-25T09:37:29
/usr/local/python/3.12.1/lib/python3.12/site-packages/airflow/example_dags/example_complex.py                                                                   1           0  0.10s           2026-04-25T09:37:20
/usr/local/python/3.12.1/lib/python3.12/site-packages/airflow/example_dags/example_branch_operator_decorator.py                                                 1           0  0.10s           2026-04-25T09:37:18
/usr/local/python/3.12.1/lib/python3.12/site-packages/airflow/example_dags/example_skip_dag.py                                                                  1           0  0.10s           2026-04-25T09:37:30
/usr/local/python/3.12.1/lib/python3.12/site-packages/airflow/example_dags/example_nested_branch_dag.py                                                         1           0  0.10s           2026-04-25T09:37:53
/usr/local/python/3.12.1/lib/python3.12/site-packages/airflow/example_dags/tutorial.py                                                                          1           0  0.10s           2026-04-25T09:37:43
/usr/local/python/3.12.1/lib/python3.12/site-packages/airflow/example_dags/example_branch_operator.py                                                           1           0  0.10s           2026-04-25T09:37:35
/usr/local/python/3.12.1/lib/python3.12/site-packages/airflow/example_dags/example_dynamic_task_mapping.py                                                      1           0  0.10s           2026-04-25T09:36:59
/usr/local/python/3.12.1/lib/python3.12/site-packages/airflow/example_dags/example_task_group.py                                                                1           0  0.10s           2026-04-25T09:37:28
/usr/local/python/3.12.1/lib/python3.12/site-packages/airflow/example_dags/tutorial_taskflow_api.py                                                             1           0  0.10s           2026-04-25T09:37:25
/usr/local/python/3.12.1/lib/python3.12/site-packages/airflow/example_dags/example_setup_teardown_taskflow.py                                                   1           0  0.10s           2026-04-25T09:37:51
/usr/local/python/3.12.1/lib/python3.12/site-packages/airflow/example_dags/example_params_ui_tutorial.py                                                        1           0  0.10s           2026-04-25T09:37:33
/usr/local/python/3.12.1/lib/python3.12/site-packages/airflow/example_dags/example_branch_labels.py                                                             1           0  0.10s           2026-04-25T09:37:39
/usr/local/python/3.12.1/lib/python3.12/site-packages/airflow/example_dags/example_xcomargs.py                                                                  2           0  0.10s           2026-04-25T09:37:42
/usr/local/python/3.12.1/lib/python3.12/site-packages/airflow/example_dags/example_external_task_marker_dag.py                                                  2           0  0.10s           2026-04-25T09:37:57
/usr/local/python/3.12.1/lib/python3.12/site-packages/airflow/example_dags/example_branch_python_dop_operator_3.py                                              1           0  0.10s           2026-04-25T09:37:19
/usr/local/python/3.12.1/lib/python3.12/site-packages/airflow/example_dags/example_task_group_decorator.py                                                      1           0  0.10s           2026-04-25T09:37:47
/usr/local/python/3.12.1/lib/python3.12/site-packages/airflow/example_dags/example_local_kubernetes_executor.py                                                 0           0  0.10s           2026-04-25T09:37:34
/usr/local/python/3.12.1/lib/python3.12/site-packages/airflow/example_dags/example_branch_day_of_week_operator.py                                               1           0  0.10s           2026-04-25T09:37:37
/usr/local/python/3.12.1/lib/python3.12/site-packages/airflow/example_dags/example_bash_decorator.py                                                            1           0  0.10s           2026-04-25T09:37:40
/usr/local/python/3.12.1/lib/python3.12/site-packages/airflow/example_dags/example_display_name.py                                                              1           0  0.10s           2026-04-25T09:36:58
/usr/local/python/3.12.1/lib/python3.12/site-packages/airflow/example_dags/example_dag_decorator.py                                                             1           0  0.10s           2026-04-25T09:37:17
================================================================================
[2026-04-25T09:38:27.632+0000] {manager.py:878} INFO - 
================================================================================
DAG File Processing Stats

File Path                                                                                                                              PID    Runtime      # DAGs    # Errors  Last Runtime    Last Run
-------------------------------------------------------------------------------------------------------------------------------------  -----  ---------  --------  ----------  --------------  -------------------
/usr/local/python/3.12.1/lib/python3.12/site-packages/airflow/example_dags/example_subdag_operator.py                                                           3           0  0.21s           2026-04-25T09:37:50
/usr/local/python/3.12.1/lib/python3.12/site-packages/airflow/example_dags/example_datasets.py                                                                 10           0  0.21s           2026-04-25T09:37:58
/usr/local/python/3.12.1/lib/python3.12/site-packages/airflow/example_dags/example_dag_decorator.py                                                             1           0  0.20s           2026-04-25T09:38:18
/usr/local/python/3.12.1/lib/python3.12/site-packages/airflow/example_dags/tutorial_taskflow_api.py                                                             1           0  0.11s           2026-04-25T09:38:06
/usr/local/python/3.12.1/lib/python3.12/site-packages/airflow/example_dags/plugins/listener_plugin.py                                                           0           0  0.11s           2026-04-25T09:38:02
/usr/local/python/3.12.1/lib/python3.12/site-packages/airflow/example_dags/example_xcomargs.py                                                                  2           0  0.11s           2026-04-25T09:38:23
/usr/local/python/3.12.1/lib/python3.12/site-packages/airflow/example_dags/example_kubernetes_executor.py                                                       0           0  0.11s           2026-04-25T09:37:55
/usr/local/python/3.12.1/lib/python3.12/site-packages/airflow/example_dags/plugins/workday.py                                                                   0           0  0.11s           2026-04-25T09:38:03
/usr/local/python/3.12.1/lib/python3.12/site-packages/airflow/example_dags/example_latest_only.py                                                               1           0  0.11s           2026-04-25T09:37:56
/usr/local/python/3.12.1/lib/python3.12/site-packages/airflow/example_dags/plugins/event_listener.py                                                            0           0  0.11s           2026-04-25T09:38:04
/usr/local/python/3.12.1/lib/python3.12/site-packages/airflow/example_dags/example_dynamic_task_mapping_with_no_taskflow_operators.py                           1           0  0.10s           2026-04-25T09:37:54
/usr/local/python/3.12.1/lib/python3.12/site-packages/airflow/example_dags/example_trigger_controller_dag.py                                                    1           0  0.10s           2026-04-25T09:38:27
/usr/local/python/3.12.1/lib/python3.12/site-packages/airflow/example_dags/example_sla_dag.py                                                                   1           0  0.10s           2026-04-25T09:37:48
/usr/local/python/3.12.1/lib/python3.12/site-packages/airflow/example_dags/example_params_trigger_ui.py                                                         1           0  0.10s           2026-04-25T09:37:35
/usr/local/python/3.12.1/lib/python3.12/site-packages/airflow/example_dags/example_branch_python_dop_operator_3.py                                              1           0  0.10s           2026-04-25T09:38:20
/usr/local/python/3.12.1/lib/python3.12/site-packages/airflow/example_dags/example_setup_teardown.py                                                            1           0  0.10s           2026-04-25T09:37:52
/usr/local/python/3.12.1/lib/python3.12/site-packages/airflow/example_dags/example_task_group.py                                                                1           0  0.10s           2026-04-25T09:38:09
/usr/local/python/3.12.1/lib/python3.12/site-packages/airflow/example_dags/example_passing_params_via_test_command.py                                           1           0  0.10s           2026-04-25T09:37:32
/usr/local/python/3.12.1/lib/python3.12/site-packages/airflow/example_dags/subdags/subdag.py                                                                    0           0  0.10s           2026-04-25T09:38:01
/usr/local/python/3.12.1/lib/python3.12/site-packages/airflow/example_dags/example_bash_operator.py                                                             1           0  0.10s           2026-04-25T09:37:40
/usr/local/python/3.12.1/lib/python3.12/site-packages/airflow/example_dags/example_short_circuit_operator.py                                                    1           0  0.10s           2026-04-25T09:38:11
/usr/local/python/3.12.1/lib/python3.12/site-packages/airflow/example_dags/example_complex.py                                                                   1           0  0.10s           2026-04-25T09:38:21
/usr/local/python/3.12.1/lib/python3.12/site-packages/airflow/example_dags/tutorial_dag.py                                                                      1           0  0.10s           2026-04-25T09:38:27
/usr/local/python/3.12.1/lib/python3.12/site-packages/airflow/example_dags/example_display_name.py                                                              1           0  0.10s           2026-04-25T09:37:59
/usr/local/python/3.12.1/lib/python3.12/site-packages/airflow/example_dags/example_branch_datetime_operator.py                                                  3           0  0.10s           2026-04-25T09:37:36
/usr/local/python/3.12.1/lib/python3.12/site-packages/airflow/example_dags/example_short_circuit_decorator.py                                                   1           0  0.10s           2026-04-25T09:37:31
/usr/local/python/3.12.1/lib/python3.12/site-packages/airflow/example_dags/example_python_decorator.py                                                          1           0  0.10s           2026-04-25T09:38:14
/usr/local/python/3.12.1/lib/python3.12/site-packages/airflow/example_dags/example_sensor_decorator.py                                                          1           0  0.10s           2026-04-25T09:38:13
/usr/local/python/3.12.1/lib/python3.12/site-packages/airflow/example_dags/example_latest_only_with_trigger.py                                                  1           0  0.10s           2026-04-25T09:38:16
/usr/local/python/3.12.1/lib/python3.12/site-packages/airflow/example_dags/example_python_operator.py                                                           1           0  0.10s           2026-04-25T09:38:15
/usr/local/python/3.12.1/lib/python3.12/site-packages/airflow/example_dags/example_xcom.py                                                                      1           0  0.10s           2026-04-25T09:38:25
/usr/local/python/3.12.1/lib/python3.12/site-packages/airflow/example_dags/example_skip_dag.py                                                                  1           0  0.10s           2026-04-25T09:38:11
/usr/local/python/3.12.1/lib/python3.12/site-packages/airflow/example_dags/example_nested_branch_dag.py                                                         1           0  0.10s           2026-04-25T09:37:53
/usr/local/python/3.12.1/lib/python3.12/site-packages/airflow/example_dags/plugins/decreasing_priority_weight_strategy.py                                       0           0  0.10s           2026-04-25T09:38:05
/usr/local/python/3.12.1/lib/python3.12/site-packages/airflow/example_dags/tutorial_taskflow_api_virtualenv.py                                                  1           0  0.10s           2026-04-25T09:38:21
/usr/local/python/3.12.1/lib/python3.12/site-packages/airflow/example_dags/example_branch_operator.py                                                           1           0  0.10s           2026-04-25T09:37:35
/usr/local/python/3.12.1/lib/python3.12/site-packages/airflow/example_dags/example_trigger_target_dag.py                                                        1           0  0.10s           2026-04-25T09:38:24
/usr/local/python/3.12.1/lib/python3.12/site-packages/airflow/example_dags/example_setup_teardown_taskflow.py                                                   1           0  0.10s           2026-04-25T09:37:51
/usr/local/python/3.12.1/lib/python3.12/site-packages/airflow/example_dags/tutorial.py                                                                          1           0  0.10s           2026-04-25T09:38:24
/usr/local/python/3.12.1/lib/python3.12/site-packages/airflow/example_dags/example_dynamic_task_mapping.py                                                      1           0  0.10s           2026-04-25T09:38:00
/usr/local/python/3.12.1/lib/python3.12/site-packages/airflow/example_dags/example_params_ui_tutorial.py                                                        1           0  0.10s           2026-04-25T09:37:33
/usr/local/python/3.12.1/lib/python3.12/site-packages/airflow/example_dags/example_branch_labels.py                                                             1           0  0.10s           2026-04-25T09:37:39
/usr/local/python/3.12.1/lib/python3.12/site-packages/airflow/example_dags/example_sensors.py                                                                   1           0  0.10s           2026-04-25T09:38:12
/usr/local/python/3.12.1/lib/python3.12/site-packages/airflow/example_dags/example_time_delta_sensor_async.py                                                   1           0  0.10s           2026-04-25T09:38:08
/usr/local/python/3.12.1/lib/python3.12/site-packages/airflow/example_dags/tutorial_objectstorage.py                                                            0           1  0.10s           2026-04-25T09:38:07
/usr/local/python/3.12.1/lib/python3.12/site-packages/airflow/example_dags/example_external_task_marker_dag.py                                                  2           0  0.10s           2026-04-25T09:37:57
/usr/local/python/3.12.1/lib/python3.12/site-packages/airflow/example_dags/example_task_group_decorator.py                                                      1           0  0.10s           2026-04-25T09:37:47
/usr/local/python/3.12.1/lib/python3.12/site-packages/airflow/example_dags/example_local_kubernetes_executor.py                                                 0           0  0.10s           2026-04-25T09:37:34
/usr/local/python/3.12.1/lib/python3.12/site-packages/airflow/example_dags/example_branch_day_of_week_operator.py                                               1           0  0.10s           2026-04-25T09:37:37
/usr/local/python/3.12.1/lib/python3.12/site-packages/airflow/example_dags/example_bash_decorator.py                                                            1           0  0.10s           2026-04-25T09:37:40
/usr/local/python/3.12.1/lib/python3.12/site-packages/airflow/example_dags/example_branch_operator_decorator.py                                                 1           0  0.10s           2026-04-25T09:38:19
================================================================================
[2026-04-25T09:38:46.160+0000] {manager.py:737} INFO - Searching for files in /workspaces/new-balance-price/airflow_home/dags
[2026-04-25T09:38:46.175+0000] {manager.py:740} INFO - There are 51 files in /workspaces/new-balance-price/airflow_home/dags
[2026-04-25T09:38:57.864+0000] {manager.py:878} INFO - 
================================================================================
DAG File Processing Stats

File Path                                                                                                                              PID    Runtime      # DAGs    # Errors  Last Runtime    Last Run
-------------------------------------------------------------------------------------------------------------------------------------  -----  ---------  --------  ----------  --------------  -------------------
/usr/local/python/3.12.1/lib/python3.12/site-packages/airflow/example_dags/example_datasets.py                                                                 10           0  0.21s           2026-04-25T09:37:58
/usr/local/python/3.12.1/lib/python3.12/site-packages/airflow/example_dags/example_dag_decorator.py                                                             1           0  0.20s           2026-04-25T09:38:18
/usr/local/python/3.12.1/lib/python3.12/site-packages/airflow/example_dags/example_short_circuit_operator.py                                                    1           0  0.11s           2026-04-25T09:38:52
/usr/local/python/3.12.1/lib/python3.12/site-packages/airflow/example_dags/example_xcomargs.py                                                                  2           0  0.11s           2026-04-25T09:38:23
/usr/local/python/3.12.1/lib/python3.12/site-packages/airflow/example_dags/example_kubernetes_executor.py                                                       0           0  0.11s           2026-04-25T09:38:57
/usr/local/python/3.12.1/lib/python3.12/site-packages/airflow/example_dags/example_time_delta_sensor_async.py                                                   1           0  0.11s           2026-04-25T09:38:49
/usr/local/python/3.12.1/lib/python3.12/site-packages/airflow/example_dags/example_bash_operator.py                                                             1           0  0.11s           2026-04-25T09:38:42
/usr/local/python/3.12.1/lib/python3.12/site-packages/airflow/example_dags/example_branch_labels.py                                                             1           0  0.11s           2026-04-25T09:38:41
/usr/local/python/3.12.1/lib/python3.12/site-packages/airflow/example_dags/example_latest_only.py                                                               1           0  0.11s           2026-04-25T09:37:56
/usr/local/python/3.12.1/lib/python3.12/site-packages/airflow/example_dags/example_branch_day_of_week_operator.py                                               1           0  0.11s           2026-04-25T09:38:40
/usr/local/python/3.12.1/lib/python3.12/site-packages/airflow/example_dags/example_task_group.py                                                                1           0  0.10s           2026-04-25T09:38:50
/usr/local/python/3.12.1/lib/python3.12/site-packages/airflow/example_dags/example_sla_dag.py                                                                   1           0  0.10s           2026-04-25T09:38:29
/usr/local/python/3.12.1/lib/python3.12/site-packages/airflow/example_dags/example_branch_datetime_operator.py                                                  3           0  0.10s           2026-04-25T09:38:39
/usr/local/python/3.12.1/lib/python3.12/site-packages/airflow/example_dags/example_trigger_controller_dag.py                                                    1           0  0.10s           2026-04-25T09:38:27
/usr/local/python/3.12.1/lib/python3.12/site-packages/airflow/example_dags/subdags/subdag.py                                                                    0           0  0.10s           2026-04-25T09:38:43
/usr/local/python/3.12.1/lib/python3.12/site-packages/airflow/example_dags/example_short_circuit_decorator.py                                                   1           0  0.10s           2026-04-25T09:38:33
/usr/local/python/3.12.1/lib/python3.12/site-packages/airflow/example_dags/example_params_trigger_ui.py                                                         1           0  0.10s           2026-04-25T09:38:37
/usr/local/python/3.12.1/lib/python3.12/site-packages/airflow/example_dags/example_branch_python_dop_operator_3.py                                              1           0  0.10s           2026-04-25T09:38:20
/usr/local/python/3.12.1/lib/python3.12/site-packages/airflow/example_dags/example_setup_teardown.py                                                            1           0  0.10s           2026-04-25T09:38:53
/usr/local/python/3.12.1/lib/python3.12/site-packages/airflow/example_dags/example_setup_teardown_taskflow.py                                                   1           0  0.10s           2026-04-25T09:38:32
/usr/local/python/3.12.1/lib/python3.12/site-packages/airflow/example_dags/tutorial_taskflow_api.py                                                             1           0  0.10s           2026-04-25T09:38:47
/usr/local/python/3.12.1/lib/python3.12/site-packages/airflow/example_dags/plugins/event_listener.py                                                            0           0  0.10s           2026-04-25T09:38:46
/usr/local/python/3.12.1/lib/python3.12/site-packages/airflow/example_dags/example_nested_branch_dag.py                                                         1           0  0.10s           2026-04-25T09:38:56
/usr/local/python/3.12.1/lib/python3.12/site-packages/airflow/example_dags/example_complex.py                                                                   1           0  0.10s           2026-04-25T09:38:21
/usr/local/python/3.12.1/lib/python3.12/site-packages/airflow/example_dags/tutorial_dag.py                                                                      1           0  0.10s           2026-04-25T09:38:27
/usr/local/python/3.12.1/lib/python3.12/site-packages/airflow/example_dags/example_params_ui_tutorial.py                                                        1           0  0.10s           2026-04-25T09:38:35
/usr/local/python/3.12.1/lib/python3.12/site-packages/airflow/example_dags/example_display_name.py                                                              1           0  0.10s           2026-04-25T09:37:59
/usr/local/python/3.12.1/lib/python3.12/site-packages/airflow/example_dags/example_python_decorator.py                                                          1           0  0.10s           2026-04-25T09:38:14
/usr/local/python/3.12.1/lib/python3.12/site-packages/airflow/example_dags/example_bash_decorator.py                                                            1           0  0.10s           2026-04-25T09:38:42
/usr/local/python/3.12.1/lib/python3.12/site-packages/airflow/example_dags/example_latest_only_with_trigger.py                                                  1           0  0.10s           2026-04-25T09:38:16
/usr/local/python/3.12.1/lib/python3.12/site-packages/airflow/example_dags/example_task_group_decorator.py                                                      1           0  0.10s           2026-04-25T09:38:28
/usr/local/python/3.12.1/lib/python3.12/site-packages/airflow/example_dags/example_python_operator.py                                                           1           0  0.10s           2026-04-25T09:38:15
/usr/local/python/3.12.1/lib/python3.12/site-packages/airflow/example_dags/example_xcom.py                                                                      1           0  0.10s           2026-04-25T09:38:25
/usr/local/python/3.12.1/lib/python3.12/site-packages/airflow/example_dags/example_branch_operator.py                                                           1           0  0.10s           2026-04-25T09:38:38
/usr/local/python/3.12.1/lib/python3.12/site-packages/airflow/example_dags/example_skip_dag.py                                                                  1           0  0.10s           2026-04-25T09:38:52
/usr/local/python/3.12.1/lib/python3.12/site-packages/airflow/example_dags/example_dynamic_task_mapping_with_no_taskflow_operators.py                           1           0  0.10s           2026-04-25T09:38:57
/usr/local/python/3.12.1/lib/python3.12/site-packages/airflow/example_dags/example_sensors.py                                                                   1           0  0.10s           2026-04-25T09:38:54
/usr/local/python/3.12.1/lib/python3.12/site-packages/airflow/example_dags/tutorial_taskflow_api_virtualenv.py                                                  1           0  0.10s           2026-04-25T09:38:21
/usr/local/python/3.12.1/lib/python3.12/site-packages/airflow/example_dags/example_trigger_target_dag.py                                                        1           0  0.10s           2026-04-25T09:38:24
/usr/local/python/3.12.1/lib/python3.12/site-packages/airflow/example_dags/tutorial.py                                                                          1           0  0.10s           2026-04-25T09:38:24
/usr/local/python/3.12.1/lib/python3.12/site-packages/airflow/example_dags/example_dynamic_task_mapping.py                                                      1           0  0.10s           2026-04-25T09:38:00
/usr/local/python/3.12.1/lib/python3.12/site-packages/airflow/example_dags/example_passing_params_via_test_command.py                                           1           0  0.10s           2026-04-25T09:38:34
/usr/local/python/3.12.1/lib/python3.12/site-packages/airflow/example_dags/plugins/listener_plugin.py                                                           0           0  0.10s           2026-04-25T09:38:44
/usr/local/python/3.12.1/lib/python3.12/site-packages/airflow/example_dags/example_external_task_marker_dag.py                                                  2           0  0.10s           2026-04-25T09:37:57
/usr/local/python/3.12.1/lib/python3.12/site-packages/airflow/example_dags/example_local_kubernetes_executor.py                                                 0           0  0.10s           2026-04-25T09:38:36
/usr/local/python/3.12.1/lib/python3.12/site-packages/airflow/example_dags/example_sensor_decorator.py                                                          1           0  0.10s           2026-04-25T09:38:55
/usr/local/python/3.12.1/lib/python3.12/site-packages/airflow/example_dags/example_subdag_operator.py                                                           3           0  0.10s           2026-04-25T09:38:31
/usr/local/python/3.12.1/lib/python3.12/site-packages/airflow/example_dags/plugins/workday.py                                                                   0           0  0.10s           2026-04-25T09:38:45
/usr/local/python/3.12.1/lib/python3.12/site-packages/airflow/example_dags/example_branch_operator_decorator.py                                                 1           0  0.10s           2026-04-25T09:38:19
/usr/local/python/3.12.1/lib/python3.12/site-packages/airflow/example_dags/plugins/decreasing_priority_weight_strategy.py                                       0           0  0.10s           2026-04-25T09:38:46
/usr/local/python/3.12.1/lib/python3.12/site-packages/airflow/example_dags/tutorial_objectstorage.py                                                            0           1  0.10s           2026-04-25T09:38:48
================================================================================
[2026-04-25T09:39:28.154+0000] {manager.py:878} INFO - 
================================================================================
DAG File Processing Stats

File Path                                                                                                                              PID    Runtime      # DAGs    # Errors  Last Runtime    Last Run
-------------------------------------------------------------------------------------------------------------------------------------  -----  ---------  --------  ----------  --------------  -------------------
/usr/local/python/3.12.1/lib/python3.12/site-packages/airflow/example_dags/example_datasets.py                                                                 10           0  0.20s           2026-04-25T09:39:01
/usr/local/python/3.12.1/lib/python3.12/site-packages/airflow/example_dags/example_dag_decorator.py                                                             1           0  0.20s           2026-04-25T09:39:18
/usr/local/python/3.12.1/lib/python3.12/site-packages/airflow/example_dags/subdags/subdag.py                                                                    0           0  0.14s           2026-04-25T09:39:23
/usr/local/python/3.12.1/lib/python3.12/site-packages/airflow/example_dags/example_short_circuit_operator.py                                                    1           0  0.11s           2026-04-25T09:38:52
/usr/local/python/3.12.1/lib/python3.12/site-packages/airflow/example_dags/example_sla_dag.py                                                                   1           0  0.11s           2026-04-25T09:39:12
/usr/local/python/3.12.1/lib/python3.12/site-packages/airflow/example_dags/example_kubernetes_executor.py                                                       0           0  0.11s           2026-04-25T09:38:57
/usr/local/python/3.12.1/lib/python3.12/site-packages/airflow/example_dags/example_time_delta_sensor_async.py                                                   1           0  0.11s           2026-04-25T09:38:49
/usr/local/python/3.12.1/lib/python3.12/site-packages/airflow/example_dags/example_bash_operator.py                                                             1           0  0.11s           2026-04-25T09:38:42
/usr/local/python/3.12.1/lib/python3.12/site-packages/airflow/example_dags/example_branch_labels.py                                                             1           0  0.11s           2026-04-25T09:38:41
/usr/local/python/3.12.1/lib/python3.12/site-packages/airflow/example_dags/example_branch_day_of_week_operator.py                                               1           0  0.11s           2026-04-25T09:38:40
/usr/local/python/3.12.1/lib/python3.12/site-packages/airflow/example_dags/example_dynamic_task_mapping.py                                                      1           0  0.11s           2026-04-25T09:39:03
/usr/local/python/3.12.1/lib/python3.12/site-packages/airflow/example_dags/tutorial_objectstorage.py                                                            0           1  0.11s           2026-04-25T09:39:28
/usr/local/python/3.12.1/lib/python3.12/site-packages/airflow/example_dags/example_task_group.py                                                                1           0  0.10s           2026-04-25T09:38:50
/usr/local/python/3.12.1/lib/python3.12/site-packages/airflow/example_dags/example_display_name.py                                                              1           0  0.10s           2026-04-25T09:39:02
/usr/local/python/3.12.1/lib/python3.12/site-packages/airflow/example_dags/example_xcomargs.py                                                                  2           0  0.10s           2026-04-25T09:39:05
/usr/local/python/3.12.1/lib/python3.12/site-packages/airflow/example_dags/example_branch_datetime_operator.py                                                  3           0  0.10s           2026-04-25T09:38:39
/usr/local/python/3.12.1/lib/python3.12/site-packages/airflow/example_dags/plugins/workday.py                                                                   0           0  0.10s           2026-04-25T09:39:24
/usr/local/python/3.12.1/lib/python3.12/site-packages/airflow/example_dags/example_params_trigger_ui.py                                                         1           0  0.10s           2026-04-25T09:38:37
/usr/local/python/3.12.1/lib/python3.12/site-packages/airflow/example_dags/example_setup_teardown.py                                                            1           0  0.10s           2026-04-25T09:38:53
/usr/local/python/3.12.1/lib/python3.12/site-packages/airflow/example_dags/example_xcom.py                                                                      1           0  0.10s           2026-04-25T09:39:08
/usr/local/python/3.12.1/lib/python3.12/site-packages/airflow/example_dags/example_complex.py                                                                   1           0  0.10s           2026-04-25T09:39:21
/usr/local/python/3.12.1/lib/python3.12/site-packages/airflow/example_dags/example_nested_branch_dag.py                                                         1           0  0.10s           2026-04-25T09:38:56
/usr/local/python/3.12.1/lib/python3.12/site-packages/airflow/example_dags/example_python_operator.py                                                           1           0  0.10s           2026-04-25T09:39:16
/usr/local/python/3.12.1/lib/python3.12/site-packages/airflow/example_dags/example_params_ui_tutorial.py                                                        1           0  0.10s           2026-04-25T09:38:35
/usr/local/python/3.12.1/lib/python3.12/site-packages/airflow/example_dags/example_subdag_operator.py                                                           3           0  0.10s           2026-04-25T09:39:13
/usr/local/python/3.12.1/lib/python3.12/site-packages/airflow/example_dags/tutorial_taskflow_api.py                                                             1           0  0.10s           2026-04-25T09:39:27
/usr/local/python/3.12.1/lib/python3.12/site-packages/airflow/example_dags/example_trigger_target_dag.py                                                        1           0  0.10s           2026-04-25T09:39:07
/usr/local/python/3.12.1/lib/python3.12/site-packages/airflow/example_dags/tutorial_taskflow_api_virtualenv.py                                                  1           0  0.10s           2026-04-25T09:39:04
/usr/local/python/3.12.1/lib/python3.12/site-packages/airflow/example_dags/plugins/event_listener.py                                                            0           0  0.10s           2026-04-25T09:39:25
/usr/local/python/3.12.1/lib/python3.12/site-packages/airflow/example_dags/plugins/decreasing_priority_weight_strategy.py                                       0           0  0.10s           2026-04-25T09:39:26
/usr/local/python/3.12.1/lib/python3.12/site-packages/airflow/example_dags/example_bash_decorator.py                                                            1           0  0.10s           2026-04-25T09:38:42
/usr/local/python/3.12.1/lib/python3.12/site-packages/airflow/example_dags/example_setup_teardown_taskflow.py                                                   1           0  0.10s           2026-04-25T09:39:13
/usr/local/python/3.12.1/lib/python3.12/site-packages/airflow/example_dags/example_branch_python_dop_operator_3.py                                              1           0  0.10s           2026-04-25T09:39:20
/usr/local/python/3.12.1/lib/python3.12/site-packages/airflow/example_dags/example_branch_operator.py                                                           1           0  0.10s           2026-04-25T09:38:38
/usr/local/python/3.12.1/lib/python3.12/site-packages/airflow/example_dags/example_skip_dag.py                                                                  1           0  0.10s           2026-04-25T09:38:52
/usr/local/python/3.12.1/lib/python3.12/site-packages/airflow/example_dags/example_dynamic_task_mapping_with_no_taskflow_operators.py                           1           0  0.10s           2026-04-25T09:38:57
/usr/local/python/3.12.1/lib/python3.12/site-packages/airflow/example_dags/example_short_circuit_decorator.py                                                   1           0  0.10s           2026-04-25T09:39:14
/usr/local/python/3.12.1/lib/python3.12/site-packages/airflow/example_dags/example_sensors.py                                                                   1           0  0.10s           2026-04-25T09:38:54
/usr/local/python/3.12.1/lib/python3.12/site-packages/airflow/example_dags/example_latest_only_with_trigger.py                                                  1           0  0.10s           2026-04-25T09:39:17
/usr/local/python/3.12.1/lib/python3.12/site-packages/airflow/example_dags/tutorial_dag.py                                                                      1           0  0.10s           2026-04-25T09:39:09
/usr/local/python/3.12.1/lib/python3.12/site-packages/airflow/example_dags/example_latest_only.py                                                               1           0  0.10s           2026-04-25T09:38:59
/usr/local/python/3.12.1/lib/python3.12/site-packages/airflow/example_dags/example_passing_params_via_test_command.py                                           1           0  0.10s           2026-04-25T09:38:34
/usr/local/python/3.12.1/lib/python3.12/site-packages/airflow/example_dags/example_trigger_controller_dag.py                                                    1           0  0.10s           2026-04-25T09:39:10
/usr/local/python/3.12.1/lib/python3.12/site-packages/airflow/example_dags/example_external_task_marker_dag.py                                                  2           0  0.10s           2026-04-25T09:39:00
/usr/local/python/3.12.1/lib/python3.12/site-packages/airflow/example_dags/example_task_group_decorator.py                                                      1           0  0.10s           2026-04-25T09:39:11
/usr/local/python/3.12.1/lib/python3.12/site-packages/airflow/example_dags/example_local_kubernetes_executor.py                                                 0           0  0.10s           2026-04-25T09:38:36
/usr/local/python/3.12.1/lib/python3.12/site-packages/airflow/example_dags/example_branch_operator_decorator.py                                                 1           0  0.10s           2026-04-25T09:39:19
/usr/local/python/3.12.1/lib/python3.12/site-packages/airflow/example_dags/example_sensor_decorator.py                                                          1           0  0.10s           2026-04-25T09:38:55
/usr/local/python/3.12.1/lib/python3.12/site-packages/airflow/example_dags/tutorial.py                                                                          1           0  0.10s           2026-04-25T09:39:06
/usr/local/python/3.12.1/lib/python3.12/site-packages/airflow/example_dags/plugins/listener_plugin.py                                                           0           0  0.10s           2026-04-25T09:39:23
/usr/local/python/3.12.1/lib/python3.12/site-packages/airflow/example_dags/example_python_decorator.py                                                          1           0  0.10s           2026-04-25T09:39:15
================================================================================
[2026-04-25T09:39:58.228+0000] {manager.py:878} INFO - 
================================================================================
DAG File Processing Stats

File Path                                                                                                                              PID    Runtime      # DAGs    # Errors  Last Runtime    Last Run
-------------------------------------------------------------------------------------------------------------------------------------  -----  ---------  --------  ----------  --------------  -------------------
/usr/local/python/3.12.1/lib/python3.12/site-packages/airflow/example_dags/example_datasets.py                                                                 10           0  0.20s           2026-04-25T09:39:01
/usr/local/python/3.12.1/lib/python3.12/site-packages/airflow/example_dags/example_dag_decorator.py                                                             1           0  0.20s           2026-04-25T09:39:18
/usr/local/python/3.12.1/lib/python3.12/site-packages/airflow/example_dags/subdags/subdag.py                                                                    0           0  0.14s           2026-04-25T09:39:23
/usr/local/python/3.12.1/lib/python3.12/site-packages/airflow/example_dags/example_sla_dag.py                                                                   1           0  0.11s           2026-04-25T09:39:50
/usr/local/python/3.12.1/lib/python3.12/site-packages/airflow/example_dags/example_passing_params_via_test_command.py                                           1           0  0.11s           2026-04-25T09:39:33
/usr/local/python/3.12.1/lib/python3.12/site-packages/airflow/example_dags/example_params_ui_tutorial.py                                                        1           0  0.11s           2026-04-25T09:39:33
/usr/local/python/3.12.1/lib/python3.12/site-packages/airflow/example_dags/example_task_group.py                                                                1           0  0.11s           2026-04-25T09:39:29
/usr/local/python/3.12.1/lib/python3.12/site-packages/airflow/example_dags/example_dynamic_task_mapping.py                                                      1           0  0.11s           2026-04-25T09:39:03
/usr/local/python/3.12.1/lib/python3.12/site-packages/airflow/example_dags/tutorial_objectstorage.py                                                            0           1  0.11s           2026-04-25T09:39:28
/usr/local/python/3.12.1/lib/python3.12/site-packages/airflow/example_dags/example_latest_only.py                                                               1           0  0.10s           2026-04-25T09:39:58
/usr/local/python/3.12.1/lib/python3.12/site-packages/airflow/example_dags/example_dynamic_task_mapping_with_no_taskflow_operators.py                           1           0  0.10s           2026-04-25T09:39:55
/usr/local/python/3.12.1/lib/python3.12/site-packages/airflow/example_dags/example_trigger_controller_dag.py                                                    1           0  0.10s           2026-04-25T09:39:49
/usr/local/python/3.12.1/lib/python3.12/site-packages/airflow/example_dags/tutorial.py                                                                          1           0  0.10s           2026-04-25T09:39:45
/usr/local/python/3.12.1/lib/python3.12/site-packages/airflow/example_dags/example_display_name.py                                                              1           0  0.10s           2026-04-25T09:39:02
/usr/local/python/3.12.1/lib/python3.12/site-packages/airflow/example_dags/example_task_group_decorator.py                                                      1           0  0.10s           2026-04-25T09:39:49
/usr/local/python/3.12.1/lib/python3.12/site-packages/airflow/example_dags/example_branch_datetime_operator.py                                                  3           0  0.10s           2026-04-25T09:39:37
/usr/local/python/3.12.1/lib/python3.12/site-packages/airflow/example_dags/example_setup_teardown.py                                                            1           0  0.10s           2026-04-25T09:39:52
/usr/local/python/3.12.1/lib/python3.12/site-packages/airflow/example_dags/plugins/workday.py                                                                   0           0  0.10s           2026-04-25T09:39:24
/usr/local/python/3.12.1/lib/python3.12/site-packages/airflow/example_dags/tutorial_taskflow_api_virtualenv.py                                                  1           0  0.10s           2026-04-25T09:39:43
/usr/local/python/3.12.1/lib/python3.12/site-packages/airflow/example_dags/example_params_trigger_ui.py                                                         1           0  0.10s           2026-04-25T09:39:35
/usr/local/python/3.12.1/lib/python3.12/site-packages/airflow/example_dags/example_branch_operator.py                                                           1           0  0.10s           2026-04-25T09:39:36
/usr/local/python/3.12.1/lib/python3.12/site-packages/airflow/example_dags/tutorial_dag.py                                                                      1           0  0.10s           2026-04-25T09:39:48
/usr/local/python/3.12.1/lib/python3.12/site-packages/airflow/example_dags/example_complex.py                                                                   1           0  0.10s           2026-04-25T09:39:21
/usr/local/python/3.12.1/lib/python3.12/site-packages/airflow/example_dags/example_local_kubernetes_executor.py                                                 0           0  0.10s           2026-04-25T09:39:35
/usr/local/python/3.12.1/lib/python3.12/site-packages/airflow/example_dags/example_python_operator.py                                                           1           0  0.10s           2026-04-25T09:39:16
/usr/local/python/3.12.1/lib/python3.12/site-packages/airflow/example_dags/example_skip_dag.py                                                                  1           0  0.10s           2026-04-25T09:39:32
/usr/local/python/3.12.1/lib/python3.12/site-packages/airflow/example_dags/example_sensor_decorator.py                                                          1           0  0.10s           2026-04-25T09:39:54
/usr/local/python/3.12.1/lib/python3.12/site-packages/airflow/example_dags/tutorial_taskflow_api.py                                                             1           0  0.10s           2026-04-25T09:39:27
/usr/local/python/3.12.1/lib/python3.12/site-packages/airflow/example_dags/example_bash_decorator.py                                                            1           0  0.10s           2026-04-25T09:39:42
/usr/local/python/3.12.1/lib/python3.12/site-packages/airflow/example_dags/example_xcomargs.py                                                                  2           0  0.10s           2026-04-25T09:39:44
/usr/local/python/3.12.1/lib/python3.12/site-packages/airflow/example_dags/example_xcom.py                                                                      1           0  0.10s           2026-04-25T09:39:46
/usr/local/python/3.12.1/lib/python3.12/site-packages/airflow/example_dags/plugins/event_listener.py                                                            0           0  0.10s           2026-04-25T09:39:25
/usr/local/python/3.12.1/lib/python3.12/site-packages/airflow/example_dags/plugins/decreasing_priority_weight_strategy.py                                       0           0  0.10s           2026-04-25T09:39:26
/usr/local/python/3.12.1/lib/python3.12/site-packages/airflow/example_dags/example_setup_teardown_taskflow.py                                                   1           0  0.10s           2026-04-25T09:39:13
/usr/local/python/3.12.1/lib/python3.12/site-packages/airflow/example_dags/example_bash_operator.py                                                             1           0  0.10s           2026-04-25T09:39:41
/usr/local/python/3.12.1/lib/python3.12/site-packages/airflow/example_dags/example_branch_python_dop_operator_3.py                                              1           0  0.10s           2026-04-25T09:39:20
/usr/local/python/3.12.1/lib/python3.12/site-packages/airflow/example_dags/example_short_circuit_decorator.py                                                   1           0  0.10s           2026-04-25T09:39:14
/usr/local/python/3.12.1/lib/python3.12/site-packages/airflow/example_dags/example_latest_only_with_trigger.py                                                  1           0  0.10s           2026-04-25T09:39:17
/usr/local/python/3.12.1/lib/python3.12/site-packages/airflow/example_dags/example_kubernetes_executor.py                                                       0           0  0.10s           2026-04-25T09:39:57
/usr/local/python/3.12.1/lib/python3.12/site-packages/airflow/example_dags/example_branch_labels.py                                                             1           0  0.10s           2026-04-25T09:39:40
/usr/local/python/3.12.1/lib/python3.12/site-packages/airflow/example_dags/example_sensors.py                                                                   1           0  0.10s           2026-04-25T09:39:53
/usr/local/python/3.12.1/lib/python3.12/site-packages/airflow/example_dags/example_subdag_operator.py                                                           3           0  0.10s           2026-04-25T09:39:51
/usr/local/python/3.12.1/lib/python3.12/site-packages/airflow/example_dags/example_external_task_marker_dag.py                                                  2           0  0.10s           2026-04-25T09:39:00
/usr/local/python/3.12.1/lib/python3.12/site-packages/airflow/example_dags/example_branch_operator_decorator.py                                                 1           0  0.10s           2026-04-25T09:39:19
/usr/local/python/3.12.1/lib/python3.12/site-packages/airflow/example_dags/example_time_delta_sensor_async.py                                                   1           0  0.10s           2026-04-25T09:39:28
/usr/local/python/3.12.1/lib/python3.12/site-packages/airflow/example_dags/example_short_circuit_operator.py                                                    1           0  0.10s           2026-04-25T09:39:31
/usr/local/python/3.12.1/lib/python3.12/site-packages/airflow/example_dags/plugins/listener_plugin.py                                                           0           0  0.10s           2026-04-25T09:39:23
/usr/local/python/3.12.1/lib/python3.12/site-packages/airflow/example_dags/example_nested_branch_dag.py                                                         1           0  0.10s           2026-04-25T09:39:55
/usr/local/python/3.12.1/lib/python3.12/site-packages/airflow/example_dags/example_trigger_target_dag.py                                                        1           0  0.10s           2026-04-25T09:39:45
/usr/local/python/3.12.1/lib/python3.12/site-packages/airflow/example_dags/example_python_decorator.py                                                          1           0  0.10s           2026-04-25T09:39:15
/usr/local/python/3.12.1/lib/python3.12/site-packages/airflow/example_dags/example_branch_day_of_week_operator.py                                               1           0  0.10s           2026-04-25T09:39:39
================================================================================
[2026-04-25T09:40:28.521+0000] {manager.py:878} INFO - 
================================================================================
DAG File Processing Stats

File Path                                                                                                                              PID    Runtime      # DAGs    # Errors  Last Runtime    Last Run
-------------------------------------------------------------------------------------------------------------------------------------  -----  ---------  --------  ----------  --------------  -------------------
/usr/local/python/3.12.1/lib/python3.12/site-packages/airflow/example_dags/example_dag_decorator.py                                                             1           0  0.20s           2026-04-25T09:40:17
/usr/local/python/3.12.1/lib/python3.12/site-packages/airflow/example_dags/example_datasets.py                                                                 10           0  0.11s           2026-04-25T09:39:59
/usr/local/python/3.12.1/lib/python3.12/site-packages/airflow/example_dags/example_trigger_controller_dag.py                                                    1           0  0.11s           2026-04-25T09:40:27
/usr/local/python/3.12.1/lib/python3.12/site-packages/airflow/example_dags/example_sla_dag.py                                                                   1           0  0.11s           2026-04-25T09:39:50
/usr/local/python/3.12.1/lib/python3.12/site-packages/airflow/example_dags/example_short_circuit_operator.py                                                    1           0  0.11s           2026-04-25T09:40:10
/usr/local/python/3.12.1/lib/python3.12/site-packages/airflow/example_dags/example_passing_params_via_test_command.py                                           1           0  0.11s           2026-04-25T09:39:33
/usr/local/python/3.12.1/lib/python3.12/site-packages/airflow/example_dags/example_params_ui_tutorial.py                                                        1           0  0.11s           2026-04-25T09:39:33
/usr/local/python/3.12.1/lib/python3.12/site-packages/airflow/example_dags/plugins/event_listener.py                                                            0           0  0.11s           2026-04-25T09:40:05
/usr/local/python/3.12.1/lib/python3.12/site-packages/airflow/example_dags/example_latest_only.py                                                               1           0  0.10s           2026-04-25T09:39:58
/usr/local/python/3.12.1/lib/python3.12/site-packages/airflow/example_dags/example_dynamic_task_mapping_with_no_taskflow_operators.py                           1           0  0.10s           2026-04-25T09:39:55
/usr/local/python/3.12.1/lib/python3.12/site-packages/airflow/example_dags/example_branch_datetime_operator.py                                                  3           0  0.10s           2026-04-25T09:39:37
/usr/local/python/3.12.1/lib/python3.12/site-packages/airflow/example_dags/example_setup_teardown.py                                                            1           0  0.10s           2026-04-25T09:39:52
/usr/local/python/3.12.1/lib/python3.12/site-packages/airflow/example_dags/example_display_name.py                                                              1           0  0.10s           2026-04-25T09:40:00
/usr/local/python/3.12.1/lib/python3.12/site-packages/airflow/example_dags/example_latest_only_with_trigger.py                                                  1           0  0.10s           2026-04-25T09:40:16
/usr/local/python/3.12.1/lib/python3.12/site-packages/airflow/example_dags/tutorial_dag.py                                                                      1           0  0.10s           2026-04-25T09:40:26
/usr/local/python/3.12.1/lib/python3.12/site-packages/airflow/example_dags/example_params_trigger_ui.py                                                         1           0  0.10s           2026-04-25T09:39:35
/usr/local/python/3.12.1/lib/python3.12/site-packages/airflow/example_dags/example_branch_operator.py                                                           1           0  0.10s           2026-04-25T09:39:36
/usr/local/python/3.12.1/lib/python3.12/site-packages/airflow/example_dags/example_python_operator.py                                                           1           0  0.10s           2026-04-25T09:40:14
/usr/local/python/3.12.1/lib/python3.12/site-packages/airflow/example_dags/example_skip_dag.py                                                                  1           0  0.10s           2026-04-25T09:40:12
/usr/local/python/3.12.1/lib/python3.12/site-packages/airflow/example_dags/example_local_kubernetes_executor.py                                                 0           0  0.10s           2026-04-25T09:39:35
/usr/local/python/3.12.1/lib/python3.12/site-packages/airflow/example_dags/example_sensor_decorator.py                                                          1           0  0.10s           2026-04-25T09:39:54
/usr/local/python/3.12.1/lib/python3.12/site-packages/airflow/example_dags/example_xcom.py                                                                      1           0  0.10s           2026-04-25T09:40:25
/usr/local/python/3.12.1/lib/python3.12/site-packages/airflow/example_dags/example_bash_decorator.py                                                            1           0  0.10s           2026-04-25T09:39:42
/usr/local/python/3.12.1/lib/python3.12/site-packages/airflow/example_dags/example_task_group.py                                                                1           0  0.10s           2026-04-25T09:40:09
/usr/local/python/3.12.1/lib/python3.12/site-packages/airflow/example_dags/example_complex.py                                                                   1           0  0.10s           2026-04-25T09:40:20
/usr/local/python/3.12.1/lib/python3.12/site-packages/airflow/example_dags/example_branch_python_dop_operator_3.py                                              1           0  0.10s           2026-04-25T09:40:19
/usr/local/python/3.12.1/lib/python3.12/site-packages/airflow/example_dags/plugins/workday.py                                                                   0           0  0.10s           2026-04-25T09:40:04
/usr/local/python/3.12.1/lib/python3.12/site-packages/airflow/example_dags/example_setup_teardown_taskflow.py                                                   1           0  0.10s           2026-04-25T09:40:13
/usr/local/python/3.12.1/lib/python3.12/site-packages/airflow/example_dags/tutorial_objectstorage.py                                                            0           1  0.10s           2026-04-25T09:40:08
/usr/local/python/3.12.1/lib/python3.12/site-packages/airflow/example_dags/example_bash_operator.py                                                             1           0  0.10s           2026-04-25T09:39:41
/usr/local/python/3.12.1/lib/python3.12/site-packages/airflow/example_dags/tutorial_taskflow_api.py                                                             1           0  0.10s           2026-04-25T09:40:07
/usr/local/python/3.12.1/lib/python3.12/site-packages/airflow/example_dags/plugins/listener_plugin.py                                                           0           0  0.10s           2026-04-25T09:40:04
/usr/local/python/3.12.1/lib/python3.12/site-packages/airflow/example_dags/example_kubernetes_executor.py                                                       0           0  0.10s           2026-04-25T09:39:57
/usr/local/python/3.12.1/lib/python3.12/site-packages/airflow/example_dags/example_task_group_decorator.py                                                      1           0  0.10s           2026-04-25T09:40:28
/usr/local/python/3.12.1/lib/python3.12/site-packages/airflow/example_dags/subdags/subdag.py                                                                    0           0  0.10s           2026-04-25T09:40:02
/usr/local/python/3.12.1/lib/python3.12/site-packages/airflow/example_dags/example_branch_labels.py                                                             1           0  0.10s           2026-04-25T09:39:40
/usr/local/python/3.12.1/lib/python3.12/site-packages/airflow/example_dags/example_short_circuit_decorator.py                                                   1           0  0.10s           2026-04-25T09:40:13
/usr/local/python/3.12.1/lib/python3.12/site-packages/airflow/example_dags/tutorial.py                                                                          1           0  0.10s           2026-04-25T09:40:23
/usr/local/python/3.12.1/lib/python3.12/site-packages/airflow/example_dags/example_sensors.py                                                                   1           0  0.10s           2026-04-25T09:39:53
/usr/local/python/3.12.1/lib/python3.12/site-packages/airflow/example_dags/example_subdag_operator.py                                                           3           0  0.10s           2026-04-25T09:39:51
/usr/local/python/3.12.1/lib/python3.12/site-packages/airflow/example_dags/plugins/decreasing_priority_weight_strategy.py                                       0           0  0.10s           2026-04-25T09:40:06
/usr/local/python/3.12.1/lib/python3.12/site-packages/airflow/example_dags/example_dynamic_task_mapping.py                                                      1           0  0.10s           2026-04-25T09:40:01
/usr/local/python/3.12.1/lib/python3.12/site-packages/airflow/example_dags/example_python_decorator.py                                                          1           0  0.10s           2026-04-25T09:40:14
/usr/local/python/3.12.1/lib/python3.12/site-packages/airflow/example_dags/example_branch_operator_decorator.py                                                 1           0  0.10s           2026-04-25T09:40:18
/usr/local/python/3.12.1/lib/python3.12/site-packages/airflow/example_dags/example_trigger_target_dag.py                                                        1           0  0.10s           2026-04-25T09:40:24
/usr/local/python/3.12.1/lib/python3.12/site-packages/airflow/example_dags/tutorial_taskflow_api_virtualenv.py                                                  1           0  0.10s           2026-04-25T09:40:21
/usr/local/python/3.12.1/lib/python3.12/site-packages/airflow/example_dags/example_xcomargs.py                                                                  2           0  0.10s           2026-04-25T09:40:22
/usr/local/python/3.12.1/lib/python3.12/site-packages/airflow/example_dags/example_external_task_marker_dag.py                                                  2           0  0.10s           2026-04-25T09:39:58
/usr/local/python/3.12.1/lib/python3.12/site-packages/airflow/example_dags/example_nested_branch_dag.py                                                         1           0  0.10s           2026-04-25T09:39:55
/usr/local/python/3.12.1/lib/python3.12/site-packages/airflow/example_dags/example_time_delta_sensor_async.py                                                   1           0  0.10s           2026-04-25T09:40:09
/usr/local/python/3.12.1/lib/python3.12/site-packages/airflow/example_dags/example_branch_day_of_week_operator.py                                               1           0  0.10s           2026-04-25T09:39:39
================================================================================
[2026-04-25T09:40:58.914+0000] {manager.py:878} INFO - 
================================================================================
DAG File Processing Stats

File Path                                                                                                                              PID    Runtime      # DAGs    # Errors  Last Runtime    Last Run
-------------------------------------------------------------------------------------------------------------------------------------  -----  ---------  --------  ----------  --------------  -------------------
/usr/local/python/3.12.1/lib/python3.12/site-packages/airflow/example_dags/example_params_ui_tutorial.py                                                        1           0  0.21s           2026-04-25T09:40:30
/usr/local/python/3.12.1/lib/python3.12/site-packages/airflow/example_dags/example_datasets.py                                                                 10           0  0.20s           2026-04-25T09:40:56
/usr/local/python/3.12.1/lib/python3.12/site-packages/airflow/example_dags/example_dag_decorator.py                                                             1           0  0.20s           2026-04-25T09:40:17
/usr/local/python/3.12.1/lib/python3.12/site-packages/airflow/example_dags/example_branch_operator.py                                                           1           0  0.11s           2026-04-25T09:40:33
/usr/local/python/3.12.1/lib/python3.12/site-packages/airflow/example_dags/example_trigger_controller_dag.py                                                    1           0  0.11s           2026-04-25T09:40:27
/usr/local/python/3.12.1/lib/python3.12/site-packages/airflow/example_dags/example_bash_operator.py                                                             1           0  0.11s           2026-04-25T09:40:37
/usr/local/python/3.12.1/lib/python3.12/site-packages/airflow/example_dags/example_short_circuit_operator.py                                                    1           0  0.11s           2026-04-25T09:40:10
/usr/local/python/3.12.1/lib/python3.12/site-packages/airflow/example_dags/tutorial_taskflow_api.py                                                             1           0  0.11s           2026-04-25T09:40:44
/usr/local/python/3.12.1/lib/python3.12/site-packages/airflow/example_dags/plugins/listener_plugin.py                                                           0           0  0.10s           2026-04-25T09:40:40
/usr/local/python/3.12.1/lib/python3.12/site-packages/airflow/example_dags/plugins/decreasing_priority_weight_strategy.py                                       0           0  0.10s           2026-04-25T09:40:43
/usr/local/python/3.12.1/lib/python3.12/site-packages/airflow/example_dags/example_setup_teardown.py                                                            1           0  0.10s           2026-04-25T09:40:48
/usr/local/python/3.12.1/lib/python3.12/site-packages/airflow/example_dags/example_display_name.py                                                              1           0  0.10s           2026-04-25T09:40:56
/usr/local/python/3.12.1/lib/python3.12/site-packages/airflow/example_dags/example_latest_only_with_trigger.py                                                  1           0  0.10s           2026-04-25T09:40:16
/usr/local/python/3.12.1/lib/python3.12/site-packages/airflow/example_dags/tutorial_dag.py                                                                      1           0  0.10s           2026-04-25T09:40:26
/usr/local/python/3.12.1/lib/python3.12/site-packages/airflow/example_dags/example_python_operator.py                                                           1           0  0.10s           2026-04-25T09:40:14
/usr/local/python/3.12.1/lib/python3.12/site-packages/airflow/example_dags/example_skip_dag.py                                                                  1           0  0.10s           2026-04-25T09:40:12
/usr/local/python/3.12.1/lib/python3.12/site-packages/airflow/example_dags/example_sla_dag.py                                                                   1           0  0.10s           2026-04-25T09:40:28
/usr/local/python/3.12.1/lib/python3.12/site-packages/airflow/example_dags/example_time_delta_sensor_async.py                                                   1           0  0.10s           2026-04-25T09:40:46
/usr/local/python/3.12.1/lib/python3.12/site-packages/airflow/example_dags/example_dynamic_task_mapping_with_no_taskflow_operators.py                           1           0  0.10s           2026-04-25T09:40:52
/usr/local/python/3.12.1/lib/python3.12/site-packages/airflow/example_dags/example_passing_params_via_test_command.py                                           1           0  0.10s           2026-04-25T09:40:29
/usr/local/python/3.12.1/lib/python3.12/site-packages/airflow/example_dags/tutorial_objectstorage.py                                                            0           1  0.10s           2026-04-25T09:40:45
/usr/local/python/3.12.1/lib/python3.12/site-packages/airflow/example_dags/plugins/event_listener.py                                                            0           0  0.10s           2026-04-25T09:40:43
/usr/local/python/3.12.1/lib/python3.12/site-packages/airflow/example_dags/example_xcom.py                                                                      1           0  0.10s           2026-04-25T09:40:25
/usr/local/python/3.12.1/lib/python3.12/site-packages/airflow/example_dags/example_task_group.py                                                                1           0  0.10s           2026-04-25T09:40:09
/usr/local/python/3.12.1/lib/python3.12/site-packages/airflow/example_dags/plugins/workday.py                                                                   0           0  0.10s           2026-04-25T09:40:41
/usr/local/python/3.12.1/lib/python3.12/site-packages/airflow/example_dags/example_kubernetes_executor.py                                                       0           0  0.10s           2026-04-25T09:40:53
/usr/local/python/3.12.1/lib/python3.12/site-packages/airflow/example_dags/example_dynamic_task_mapping.py                                                      1           0  0.10s           2026-04-25T09:40:57
/usr/local/python/3.12.1/lib/python3.12/site-packages/airflow/example_dags/example_complex.py                                                                   1           0  0.10s           2026-04-25T09:40:20
/usr/local/python/3.12.1/lib/python3.12/site-packages/airflow/example_dags/tutorial_taskflow_api_virtualenv.py                                                  1           0  0.10s           2026-04-25T09:40:58
/usr/local/python/3.12.1/lib/python3.12/site-packages/airflow/example_dags/example_branch_python_dop_operator_3.py                                              1           0  0.10s           2026-04-25T09:40:19
/usr/local/python/3.12.1/lib/python3.12/site-packages/airflow/example_dags/example_setup_teardown_taskflow.py                                                   1           0  0.10s           2026-04-25T09:40:13
/usr/local/python/3.12.1/lib/python3.12/site-packages/airflow/example_dags/subdags/subdag.py                                                                    0           0  0.10s           2026-04-25T09:40:39
/usr/local/python/3.12.1/lib/python3.12/site-packages/airflow/example_dags/example_subdag_operator.py                                                           3           0  0.10s           2026-04-25T09:40:47
/usr/local/python/3.12.1/lib/python3.12/site-packages/airflow/example_dags/example_task_group_decorator.py                                                      1           0  0.10s           2026-04-25T09:40:28
/usr/local/python/3.12.1/lib/python3.12/site-packages/airflow/example_dags/example_params_trigger_ui.py                                                         1           0  0.10s           2026-04-25T09:40:32
/usr/local/python/3.12.1/lib/python3.12/site-packages/airflow/example_dags/example_short_circuit_decorator.py                                                   1           0  0.10s           2026-04-25T09:40:13
/usr/local/python/3.12.1/lib/python3.12/site-packages/airflow/example_dags/tutorial.py                                                                          1           0  0.10s           2026-04-25T09:40:23
/usr/local/python/3.12.1/lib/python3.12/site-packages/airflow/example_dags/example_sensor_decorator.py                                                          1           0  0.10s           2026-04-25T09:40:50
/usr/local/python/3.12.1/lib/python3.12/site-packages/airflow/example_dags/example_branch_day_of_week_operator.py                                               1           0  0.10s           2026-04-25T09:40:35
/usr/local/python/3.12.1/lib/python3.12/site-packages/airflow/example_dags/example_sensors.py                                                                   1           0  0.10s           2026-04-25T09:40:49
/usr/local/python/3.12.1/lib/python3.12/site-packages/airflow/example_dags/example_branch_datetime_operator.py                                                  3           0  0.10s           2026-04-25T09:40:35
/usr/local/python/3.12.1/lib/python3.12/site-packages/airflow/example_dags/example_python_decorator.py                                                          1           0  0.10s           2026-04-25T09:40:14
/usr/local/python/3.12.1/lib/python3.12/site-packages/airflow/example_dags/example_branch_labels.py                                                             1           0  0.10s           2026-04-25T09:40:36
/usr/local/python/3.12.1/lib/python3.12/site-packages/airflow/example_dags/example_branch_operator_decorator.py                                                 1           0  0.10s           2026-04-25T09:40:18
/usr/local/python/3.12.1/lib/python3.12/site-packages/airflow/example_dags/example_local_kubernetes_executor.py                                                 0           0  0.10s           2026-04-25T09:40:31
/usr/local/python/3.12.1/lib/python3.12/site-packages/airflow/example_dags/example_bash_decorator.py                                                            1           0  0.10s           2026-04-25T09:40:38
/usr/local/python/3.12.1/lib/python3.12/site-packages/airflow/example_dags/example_trigger_target_dag.py                                                        1           0  0.10s           2026-04-25T09:40:24
/usr/local/python/3.12.1/lib/python3.12/site-packages/airflow/example_dags/example_nested_branch_dag.py                                                         1           0  0.10s           2026-04-25T09:40:51
/usr/local/python/3.12.1/lib/python3.12/site-packages/airflow/example_dags/example_xcomargs.py                                                                  2           0  0.10s           2026-04-25T09:40:22
/usr/local/python/3.12.1/lib/python3.12/site-packages/airflow/example_dags/example_external_task_marker_dag.py                                                  2           0  0.10s           2026-04-25T09:40:55
/usr/local/python/3.12.1/lib/python3.12/site-packages/airflow/example_dags/example_latest_only.py                                                               1           0  0.10s           2026-04-25T09:40:54
================================================================================
[2026-04-25T09:41:29.224+0000] {manager.py:878} INFO - 
================================================================================
DAG File Processing Stats

File Path                                                                                                                              PID    Runtime      # DAGs    # Errors  Last Runtime    Last Run
-------------------------------------------------------------------------------------------------------------------------------------  -----  ---------  --------  ----------  --------------  -------------------
/usr/local/python/3.12.1/lib/python3.12/site-packages/airflow/example_dags/example_passing_params_via_test_command.py                                           1           0  0.21s           2026-04-25T09:41:29
/usr/local/python/3.12.1/lib/python3.12/site-packages/airflow/example_dags/example_params_ui_tutorial.py                                                        1           0  0.21s           2026-04-25T09:40:30
/usr/local/python/3.12.1/lib/python3.12/site-packages/airflow/example_dags/example_datasets.py                                                                 10           0  0.20s           2026-04-25T09:40:56
/usr/local/python/3.12.1/lib/python3.12/site-packages/airflow/example_dags/example_dag_decorator.py                                                             1           0  0.20s           2026-04-25T09:41:15
/usr/local/python/3.12.1/lib/python3.12/site-packages/airflow/example_dags/example_task_group_decorator.py                                                      1           0  0.11s           2026-04-25T09:41:05
/usr/local/python/3.12.1/lib/python3.12/site-packages/airflow/example_dags/example_branch_operator.py                                                           1           0  0.11s           2026-04-25T09:40:33
/usr/local/python/3.12.1/lib/python3.12/site-packages/airflow/example_dags/example_bash_operator.py                                                             1           0  0.11s           2026-04-25T09:40:37
/usr/local/python/3.12.1/lib/python3.12/site-packages/airflow/example_dags/example_subdag_operator.py                                                           3           0  0.11s           2026-04-25T09:41:26
/usr/local/python/3.12.1/lib/python3.12/site-packages/airflow/example_dags/example_skip_dag.py                                                                  1           0  0.11s           2026-04-25T09:41:09
/usr/local/python/3.12.1/lib/python3.12/site-packages/airflow/example_dags/plugins/listener_plugin.py                                                           0           0  0.11s           2026-04-25T09:41:20
/usr/local/python/3.12.1/lib/python3.12/site-packages/airflow/example_dags/example_task_group.py                                                                1           0  0.10s           2026-04-25T09:41:06
/usr/local/python/3.12.1/lib/python3.12/site-packages/airflow/example_dags/tutorial_dag.py                                                                      1           0  0.10s           2026-04-25T09:41:03
/usr/local/python/3.12.1/lib/python3.12/site-packages/airflow/example_dags/example_trigger_target_dag.py                                                        1           0  0.10s           2026-04-25T09:41:01
/usr/local/python/3.12.1/lib/python3.12/site-packages/airflow/example_dags/example_setup_teardown_taskflow.py                                                   1           0  0.10s           2026-04-25T09:41:10
/usr/local/python/3.12.1/lib/python3.12/site-packages/airflow/example_dags/example_display_name.py                                                              1           0  0.10s           2026-04-25T09:40:56
/usr/local/python/3.12.1/lib/python3.12/site-packages/airflow/example_dags/example_setup_teardown.py                                                            1           0  0.10s           2026-04-25T09:41:28
/usr/local/python/3.12.1/lib/python3.12/site-packages/airflow/example_dags/example_python_operator.py                                                           1           0  0.10s           2026-04-25T09:41:12
/usr/local/python/3.12.1/lib/python3.12/site-packages/airflow/example_dags/example_complex.py                                                                   1           0  0.10s           2026-04-25T09:41:17
/usr/local/python/3.12.1/lib/python3.12/site-packages/airflow/example_dags/example_dynamic_task_mapping_with_no_taskflow_operators.py                           1           0  0.10s           2026-04-25T09:40:52
/usr/local/python/3.12.1/lib/python3.12/site-packages/airflow/example_dags/example_kubernetes_executor.py                                                       0           0  0.10s           2026-04-25T09:40:53
/usr/local/python/3.12.1/lib/python3.12/site-packages/airflow/example_dags/example_dynamic_task_mapping.py                                                      1           0  0.10s           2026-04-25T09:40:57
/usr/local/python/3.12.1/lib/python3.12/site-packages/airflow/example_dags/tutorial_objectstorage.py                                                            0           1  0.10s           2026-04-25T09:41:25
/usr/local/python/3.12.1/lib/python3.12/site-packages/airflow/example_dags/tutorial_taskflow_api_virtualenv.py                                                  1           0  0.10s           2026-04-25T09:40:58
/usr/local/python/3.12.1/lib/python3.12/site-packages/airflow/example_dags/example_python_decorator.py                                                          1           0  0.10s           2026-04-25T09:41:11
/usr/local/python/3.12.1/lib/python3.12/site-packages/airflow/example_dags/example_short_circuit_decorator.py                                                   1           0  0.10s           2026-04-25T09:41:11
/usr/local/python/3.12.1/lib/python3.12/site-packages/airflow/example_dags/plugins/decreasing_priority_weight_strategy.py                                       0           0  0.10s           2026-04-25T09:41:23
/usr/local/python/3.12.1/lib/python3.12/site-packages/airflow/example_dags/plugins/workday.py                                                                   0           0  0.10s           2026-04-25T09:41:21
/usr/local/python/3.12.1/lib/python3.12/site-packages/airflow/example_dags/example_short_circuit_operator.py                                                    1           0  0.10s           2026-04-25T09:41:06
/usr/local/python/3.12.1/lib/python3.12/site-packages/airflow/example_dags/example_sla_dag.py                                                                   1           0  0.10s           2026-04-25T09:41:07
/usr/local/python/3.12.1/lib/python3.12/site-packages/airflow/example_dags/subdags/subdag.py                                                                    0           0  0.10s           2026-04-25T09:41:19
/usr/local/python/3.12.1/lib/python3.12/site-packages/airflow/example_dags/example_params_trigger_ui.py                                                         1           0  0.10s           2026-04-25T09:40:32
/usr/local/python/3.12.1/lib/python3.12/site-packages/airflow/example_dags/example_latest_only_with_trigger.py                                                  1           0  0.10s           2026-04-25T09:41:13
/usr/local/python/3.12.1/lib/python3.12/site-packages/airflow/example_dags/example_xcomargs.py                                                                  2           0  0.10s           2026-04-25T09:41:00
/usr/local/python/3.12.1/lib/python3.12/site-packages/airflow/example_dags/example_xcom.py                                                                      1           0  0.10s           2026-04-25T09:41:02
/usr/local/python/3.12.1/lib/python3.12/site-packages/airflow/example_dags/tutorial_taskflow_api.py                                                             1           0  0.10s           2026-04-25T09:41:24
/usr/local/python/3.12.1/lib/python3.12/site-packages/airflow/example_dags/example_sensor_decorator.py                                                          1           0  0.10s           2026-04-25T09:40:50
/usr/local/python/3.12.1/lib/python3.12/site-packages/airflow/example_dags/example_branch_python_dop_operator_3.py                                              1           0  0.10s           2026-04-25T09:41:16
/usr/local/python/3.12.1/lib/python3.12/site-packages/airflow/example_dags/example_branch_day_of_week_operator.py                                               1           0  0.10s           2026-04-25T09:40:35
/usr/local/python/3.12.1/lib/python3.12/site-packages/airflow/example_dags/tutorial.py                                                                          1           0  0.10s           2026-04-25T09:41:01
/usr/local/python/3.12.1/lib/python3.12/site-packages/airflow/example_dags/example_time_delta_sensor_async.py                                                   1           0  0.10s           2026-04-25T09:41:26
/usr/local/python/3.12.1/lib/python3.12/site-packages/airflow/example_dags/example_sensors.py                                                                   1           0  0.10s           2026-04-25T09:40:49
/usr/local/python/3.12.1/lib/python3.12/site-packages/airflow/example_dags/example_trigger_controller_dag.py                                                    1           0  0.10s           2026-04-25T09:41:04
/usr/local/python/3.12.1/lib/python3.12/site-packages/airflow/example_dags/example_branch_datetime_operator.py                                                  3           0  0.10s           2026-04-25T09:40:35
/usr/local/python/3.12.1/lib/python3.12/site-packages/airflow/example_dags/example_branch_labels.py                                                             1           0  0.10s           2026-04-25T09:40:36
/usr/local/python/3.12.1/lib/python3.12/site-packages/airflow/example_dags/example_local_kubernetes_executor.py                                                 0           0  0.10s           2026-04-25T09:40:31
/usr/local/python/3.12.1/lib/python3.12/site-packages/airflow/example_dags/example_bash_decorator.py                                                            1           0  0.10s           2026-04-25T09:40:38
/usr/local/python/3.12.1/lib/python3.12/site-packages/airflow/example_dags/example_nested_branch_dag.py                                                         1           0  0.10s           2026-04-25T09:40:51
/usr/local/python/3.12.1/lib/python3.12/site-packages/airflow/example_dags/example_branch_operator_decorator.py                                                 1           0  0.10s           2026-04-25T09:41:16
/usr/local/python/3.12.1/lib/python3.12/site-packages/airflow/example_dags/example_external_task_marker_dag.py                                                  2           0  0.10s           2026-04-25T09:40:55
/usr/local/python/3.12.1/lib/python3.12/site-packages/airflow/example_dags/example_latest_only.py                                                               1           0  0.10s           2026-04-25T09:40:54
/usr/local/python/3.12.1/lib/python3.12/site-packages/airflow/example_dags/plugins/event_listener.py                                                            0           0  0.10s           2026-04-25T09:41:21
================================================================================
[2026-04-25T09:41:59.493+0000] {manager.py:878} INFO - 
================================================================================
DAG File Processing Stats

File Path                                                                                                                              PID    Runtime      # DAGs    # Errors  Last Runtime    Last Run
-------------------------------------------------------------------------------------------------------------------------------------  -----  ---------  --------  ----------  --------------  -------------------
/usr/local/python/3.12.1/lib/python3.12/site-packages/airflow/example_dags/example_params_ui_tutorial.py                                                        1           0  0.21s           2026-04-25T09:41:30
/usr/local/python/3.12.1/lib/python3.12/site-packages/airflow/example_dags/example_passing_params_via_test_command.py                                           1           0  0.21s           2026-04-25T09:41:29
/usr/local/python/3.12.1/lib/python3.12/site-packages/airflow/example_dags/example_dag_decorator.py                                                             1           0  0.20s           2026-04-25T09:41:15
/usr/local/python/3.12.1/lib/python3.12/site-packages/airflow/example_dags/example_xcomargs.py                                                                  2           0  0.13s           2026-04-25T09:41:39
/usr/local/python/3.12.1/lib/python3.12/site-packages/airflow/example_dags/example_display_name.py                                                              1           0  0.11s           2026-04-25T09:41:56
/usr/local/python/3.12.1/lib/python3.12/site-packages/airflow/example_dags/example_datasets.py                                                                 10           0  0.11s           2026-04-25T09:41:54
/usr/local/python/3.12.1/lib/python3.12/site-packages/airflow/example_dags/example_branch_operator.py                                                           1           0  0.11s           2026-04-25T09:41:33
/usr/local/python/3.12.1/lib/python3.12/site-packages/airflow/example_dags/tutorial.py                                                                          1           0  0.11s           2026-04-25T09:41:40
/usr/local/python/3.12.1/lib/python3.12/site-packages/airflow/example_dags/example_branch_labels.py                                                             1           0  0.11s           2026-04-25T09:41:36
/usr/local/python/3.12.1/lib/python3.12/site-packages/airflow/example_dags/example_subdag_operator.py                                                           3           0  0.11s           2026-04-25T09:41:26
/usr/local/python/3.12.1/lib/python3.12/site-packages/airflow/example_dags/example_branch_datetime_operator.py                                                  3           0  0.11s           2026-04-25T09:41:34
/usr/local/python/3.12.1/lib/python3.12/site-packages/airflow/example_dags/example_skip_dag.py                                                                  1           0  0.11s           2026-04-25T09:41:09
/usr/local/python/3.12.1/lib/python3.12/site-packages/airflow/example_dags/example_nested_branch_dag.py                                                         1           0  0.11s           2026-04-25T09:41:49
/usr/local/python/3.12.1/lib/python3.12/site-packages/airflow/example_dags/example_local_kubernetes_executor.py                                                 0           0  0.11s           2026-04-25T09:41:31
/usr/local/python/3.12.1/lib/python3.12/site-packages/airflow/example_dags/example_kubernetes_executor.py                                                       0           0  0.10s           2026-04-25T09:41:52
/usr/local/python/3.12.1/lib/python3.12/site-packages/airflow/example_dags/example_external_task_marker_dag.py                                                  2           0  0.10s           2026-04-25T09:41:53
/usr/local/python/3.12.1/lib/python3.12/site-packages/airflow/example_dags/example_setup_teardown_taskflow.py                                                   1           0  0.10s           2026-04-25T09:41:10
/usr/local/python/3.12.1/lib/python3.12/site-packages/airflow/example_dags/example_setup_teardown.py                                                            1           0  0.10s           2026-04-25T09:41:28
/usr/local/python/3.12.1/lib/python3.12/site-packages/airflow/example_dags/example_python_operator.py                                                           1           0  0.10s           2026-04-25T09:41:12
/usr/local/python/3.12.1/lib/python3.12/site-packages/airflow/example_dags/example_bash_decorator.py                                                            1           0  0.10s           2026-04-25T09:41:37
/usr/local/python/3.12.1/lib/python3.12/site-packages/airflow/example_dags/plugins/event_listener.py                                                            0           0  0.10s           2026-04-25T09:41:59
/usr/local/python/3.12.1/lib/python3.12/site-packages/airflow/example_dags/example_xcom.py                                                                      1           0  0.10s           2026-04-25T09:41:42
/usr/local/python/3.12.1/lib/python3.12/site-packages/airflow/example_dags/example_complex.py                                                                   1           0  0.10s           2026-04-25T09:41:17
/usr/local/python/3.12.1/lib/python3.12/site-packages/airflow/example_dags/example_bash_operator.py                                                             1           0  0.10s           2026-04-25T09:41:37
/usr/local/python/3.12.1/lib/python3.12/site-packages/airflow/example_dags/example_branch_day_of_week_operator.py                                               1           0  0.10s           2026-04-25T09:41:35
/usr/local/python/3.12.1/lib/python3.12/site-packages/airflow/example_dags/example_sla_dag.py                                                                   1           0  0.10s           2026-04-25T09:41:47
/usr/local/python/3.12.1/lib/python3.12/site-packages/airflow/example_dags/tutorial_objectstorage.py                                                            0           1  0.10s           2026-04-25T09:41:25
/usr/local/python/3.12.1/lib/python3.12/site-packages/airflow/example_dags/tutorial_dag.py                                                                      1           0  0.10s           2026-04-25T09:41:43
/usr/local/python/3.12.1/lib/python3.12/site-packages/airflow/example_dags/subdags/subdag.py                                                                    0           0  0.10s           2026-04-25T09:41:57
/usr/local/python/3.12.1/lib/python3.12/site-packages/airflow/example_dags/example_dynamic_task_mapping_with_no_taskflow_operators.py                           1           0  0.10s           2026-04-25T09:41:50
/usr/local/python/3.12.1/lib/python3.12/site-packages/airflow/example_dags/example_latest_only.py                                                               1           0  0.10s           2026-04-25T09:41:52
/usr/local/python/3.12.1/lib/python3.12/site-packages/airflow/example_dags/example_task_group_decorator.py                                                      1           0  0.10s           2026-04-25T09:41:45
/usr/local/python/3.12.1/lib/python3.12/site-packages/airflow/example_dags/example_python_decorator.py                                                          1           0  0.10s           2026-04-25T09:41:11
/usr/local/python/3.12.1/lib/python3.12/site-packages/airflow/example_dags/tutorial_taskflow_api_virtualenv.py                                                  1           0  0.10s           2026-04-25T09:41:38
/usr/local/python/3.12.1/lib/python3.12/site-packages/airflow/example_dags/example_params_trigger_ui.py                                                         1           0  0.10s           2026-04-25T09:41:32
/usr/local/python/3.12.1/lib/python3.12/site-packages/airflow/example_dags/example_task_group.py                                                                1           0  0.10s           2026-04-25T09:41:46
/usr/local/python/3.12.1/lib/python3.12/site-packages/airflow/example_dags/example_short_circuit_decorator.py                                                   1           0  0.10s           2026-04-25T09:41:11
/usr/local/python/3.12.1/lib/python3.12/site-packages/airflow/example_dags/plugins/decreasing_priority_weight_strategy.py                                       0           0  0.10s           2026-04-25T09:41:23
/usr/local/python/3.12.1/lib/python3.12/site-packages/airflow/example_dags/example_trigger_target_dag.py                                                        1           0  0.10s           2026-04-25T09:41:41
/usr/local/python/3.12.1/lib/python3.12/site-packages/airflow/example_dags/example_latest_only_with_trigger.py                                                  1           0  0.10s           2026-04-25T09:41:13
/usr/local/python/3.12.1/lib/python3.12/site-packages/airflow/example_dags/plugins/workday.py                                                                   0           0  0.10s           2026-04-25T09:41:58
/usr/local/python/3.12.1/lib/python3.12/site-packages/airflow/example_dags/tutorial_taskflow_api.py                                                             1           0  0.10s           2026-04-25T09:41:24
/usr/local/python/3.12.1/lib/python3.12/site-packages/airflow/example_dags/example_branch_python_dop_operator_3.py                                              1           0  0.10s           2026-04-25T09:41:16
/usr/local/python/3.12.1/lib/python3.12/site-packages/airflow/example_dags/example_time_delta_sensor_async.py                                                   1           0  0.10s           2026-04-25T09:41:26
/usr/local/python/3.12.1/lib/python3.12/site-packages/airflow/example_dags/example_sensors.py                                                                   1           0  0.10s           2026-04-25T09:41:47
/usr/local/python/3.12.1/lib/python3.12/site-packages/airflow/example_dags/example_short_circuit_operator.py                                                    1           0  0.10s           2026-04-25T09:41:47
/usr/local/python/3.12.1/lib/python3.12/site-packages/airflow/example_dags/example_trigger_controller_dag.py                                                    1           0  0.10s           2026-04-25T09:41:44
/usr/local/python/3.12.1/lib/python3.12/site-packages/airflow/example_dags/example_branch_operator_decorator.py                                                 1           0  0.10s           2026-04-25T09:41:16
/usr/local/python/3.12.1/lib/python3.12/site-packages/airflow/example_dags/example_dynamic_task_mapping.py                                                      1           0  0.10s           2026-04-25T09:41:57
/usr/local/python/3.12.1/lib/python3.12/site-packages/airflow/example_dags/example_sensor_decorator.py                                                          1           0  0.10s           2026-04-25T09:41:48
/usr/local/python/3.12.1/lib/python3.12/site-packages/airflow/example_dags/plugins/listener_plugin.py                                                           0           0  0.10s           2026-04-25T09:41:57
================================================================================
[2026-04-25T09:42:29.748+0000] {manager.py:878} INFO - 
================================================================================
DAG File Processing Stats

File Path                                                                                                                              PID    Runtime      # DAGs    # Errors  Last Runtime    Last Run
-------------------------------------------------------------------------------------------------------------------------------------  -----  ---------  --------  ----------  --------------  -------------------
/usr/local/python/3.12.1/lib/python3.12/site-packages/airflow/example_dags/example_branch_operator_decorator.py                                                 1           0  0.21s           2026-04-25T09:42:12
/usr/local/python/3.12.1/lib/python3.12/site-packages/airflow/example_dags/example_dag_decorator.py                                                             1           0  0.20s           2026-04-25T09:42:11
/usr/local/python/3.12.1/lib/python3.12/site-packages/airflow/example_dags/example_display_name.py                                                              1           0  0.11s           2026-04-25T09:41:56
/usr/local/python/3.12.1/lib/python3.12/site-packages/airflow/example_dags/example_datasets.py                                                                 10           0  0.11s           2026-04-25T09:41:54
/usr/local/python/3.12.1/lib/python3.12/site-packages/airflow/example_dags/example_params_ui_tutorial.py                                                        1           0  0.11s           2026-04-25T09:42:23
/usr/local/python/3.12.1/lib/python3.12/site-packages/airflow/example_dags/example_nested_branch_dag.py                                                         1           0  0.11s           2026-04-25T09:41:49
/usr/local/python/3.12.1/lib/python3.12/site-packages/airflow/example_dags/example_time_delta_sensor_async.py                                                   1           0  0.10s           2026-04-25T09:42:04
/usr/local/python/3.12.1/lib/python3.12/site-packages/airflow/example_dags/example_kubernetes_executor.py                                                       0           0  0.10s           2026-04-25T09:41:52
/usr/local/python/3.12.1/lib/python3.12/site-packages/airflow/example_dags/example_external_task_marker_dag.py                                                  2           0  0.10s           2026-04-25T09:41:53
/usr/local/python/3.12.1/lib/python3.12/site-packages/airflow/example_dags/example_xcom.py                                                                      1           0  0.10s           2026-04-25T09:42:18
/usr/local/python/3.12.1/lib/python3.12/site-packages/airflow/example_dags/plugins/decreasing_priority_weight_strategy.py                                       0           0  0.10s           2026-04-25T09:42:00
/usr/local/python/3.12.1/lib/python3.12/site-packages/airflow/example_dags/example_branch_operator.py                                                           1           0  0.10s           2026-04-25T09:42:26
/usr/local/python/3.12.1/lib/python3.12/site-packages/airflow/example_dags/example_bash_decorator.py                                                            1           0  0.10s           2026-04-25T09:41:37
/usr/local/python/3.12.1/lib/python3.12/site-packages/airflow/example_dags/tutorial_dag.py                                                                      1           0  0.10s           2026-04-25T09:42:19
/usr/local/python/3.12.1/lib/python3.12/site-packages/airflow/example_dags/plugins/event_listener.py                                                            0           0  0.10s           2026-04-25T09:41:59
/usr/local/python/3.12.1/lib/python3.12/site-packages/airflow/example_dags/tutorial_taskflow_api.py                                                             1           0  0.10s           2026-04-25T09:42:01
/usr/local/python/3.12.1/lib/python3.12/site-packages/airflow/example_dags/tutorial_objectstorage.py                                                            0           1  0.10s           2026-04-25T09:42:02
/usr/local/python/3.12.1/lib/python3.12/site-packages/airflow/example_dags/example_bash_operator.py                                                             1           0  0.10s           2026-04-25T09:41:37
/usr/local/python/3.12.1/lib/python3.12/site-packages/airflow/example_dags/example_python_decorator.py                                                          1           0  0.10s           2026-04-25T09:42:08
/usr/local/python/3.12.1/lib/python3.12/site-packages/airflow/example_dags/example_local_kubernetes_executor.py                                                 0           0  0.10s           2026-04-25T09:42:24
/usr/local/python/3.12.1/lib/python3.12/site-packages/airflow/example_dags/example_sla_dag.py                                                                   1           0  0.10s           2026-04-25T09:41:47
/usr/local/python/3.12.1/lib/python3.12/site-packages/airflow/example_dags/example_complex.py                                                                   1           0  0.10s           2026-04-25T09:42:14
/usr/local/python/3.12.1/lib/python3.12/site-packages/airflow/example_dags/example_subdag_operator.py                                                           3           0  0.10s           2026-04-25T09:42:05
/usr/local/python/3.12.1/lib/python3.12/site-packages/airflow/example_dags/subdags/subdag.py                                                                    0           0  0.10s           2026-04-25T09:41:57
/usr/local/python/3.12.1/lib/python3.12/site-packages/airflow/example_dags/example_trigger_controller_dag.py                                                    1           0  0.10s           2026-04-25T09:42:20
/usr/local/python/3.12.1/lib/python3.12/site-packages/airflow/example_dags/example_skip_dag.py                                                                  1           0  0.10s           2026-04-25T09:42:06
/usr/local/python/3.12.1/lib/python3.12/site-packages/airflow/example_dags/example_trigger_target_dag.py                                                        1           0  0.10s           2026-04-25T09:42:17
/usr/local/python/3.12.1/lib/python3.12/site-packages/airflow/example_dags/example_dynamic_task_mapping_with_no_taskflow_operators.py                           1           0  0.10s           2026-04-25T09:41:50
/usr/local/python/3.12.1/lib/python3.12/site-packages/airflow/example_dags/tutorial_taskflow_api_virtualenv.py                                                  1           0  0.10s           2026-04-25T09:42:14
/usr/local/python/3.12.1/lib/python3.12/site-packages/airflow/example_dags/example_latest_only_with_trigger.py                                                  1           0  0.10s           2026-04-25T09:42:10
/usr/local/python/3.12.1/lib/python3.12/site-packages/airflow/example_dags/example_latest_only.py                                                               1           0  0.10s           2026-04-25T09:41:52
/usr/local/python/3.12.1/lib/python3.12/site-packages/airflow/example_dags/example_task_group_decorator.py                                                      1           0  0.10s           2026-04-25T09:41:45
/usr/local/python/3.12.1/lib/python3.12/site-packages/airflow/example_dags/example_xcomargs.py                                                                  2           0  0.10s           2026-04-25T09:42:15
/usr/local/python/3.12.1/lib/python3.12/site-packages/airflow/example_dags/example_task_group.py                                                                1           0  0.10s           2026-04-25T09:41:46
/usr/local/python/3.12.1/lib/python3.12/site-packages/airflow/example_dags/example_setup_teardown_taskflow.py                                                   1           0  0.10s           2026-04-25T09:42:07
/usr/local/python/3.12.1/lib/python3.12/site-packages/airflow/example_dags/example_branch_day_of_week_operator.py                                               1           0  0.10s           2026-04-25T09:42:28
/usr/local/python/3.12.1/lib/python3.12/site-packages/airflow/example_dags/example_python_operator.py                                                           1           0  0.10s           2026-04-25T09:42:09
/usr/local/python/3.12.1/lib/python3.12/site-packages/airflow/example_dags/example_branch_datetime_operator.py                                                  3           0  0.10s           2026-04-25T09:42:27
/usr/local/python/3.12.1/lib/python3.12/site-packages/airflow/example_dags/example_params_trigger_ui.py                                                         1           0  0.10s           2026-04-25T09:42:25
/usr/local/python/3.12.1/lib/python3.12/site-packages/airflow/example_dags/plugins/workday.py                                                                   0           0  0.10s           2026-04-25T09:41:58
/usr/local/python/3.12.1/lib/python3.12/site-packages/airflow/example_dags/tutorial.py                                                                          1           0  0.10s           2026-04-25T09:42:16
/usr/local/python/3.12.1/lib/python3.12/site-packages/airflow/example_dags/example_passing_params_via_test_command.py                                           1           0  0.10s           2026-04-25T09:42:22
/usr/local/python/3.12.1/lib/python3.12/site-packages/airflow/example_dags/example_setup_teardown.py                                                            1           0  0.10s           2026-04-25T09:42:21
/usr/local/python/3.12.1/lib/python3.12/site-packages/airflow/example_dags/example_sensors.py                                                                   1           0  0.10s           2026-04-25T09:41:47
/usr/local/python/3.12.1/lib/python3.12/site-packages/airflow/example_dags/example_short_circuit_operator.py                                                    1           0  0.10s           2026-04-25T09:41:47
/usr/local/python/3.12.1/lib/python3.12/site-packages/airflow/example_dags/example_branch_labels.py                                                             1           0  0.10s           2026-04-25T09:42:29
/usr/local/python/3.12.1/lib/python3.12/site-packages/airflow/example_dags/example_dynamic_task_mapping.py                                                      1           0  0.10s           2026-04-25T09:41:57
/usr/local/python/3.12.1/lib/python3.12/site-packages/airflow/example_dags/example_sensor_decorator.py                                                          1           0  0.10s           2026-04-25T09:41:48
/usr/local/python/3.12.1/lib/python3.12/site-packages/airflow/example_dags/plugins/listener_plugin.py                                                           0           0  0.10s           2026-04-25T09:41:57
/usr/local/python/3.12.1/lib/python3.12/site-packages/airflow/example_dags/example_branch_python_dop_operator_3.py                                              1           0  0.10s           2026-04-25T09:42:13
/usr/local/python/3.12.1/lib/python3.12/site-packages/airflow/example_dags/example_short_circuit_decorator.py                                                   1           0  0.10s           2026-04-25T09:42:07
================================================================================
[2026-04-25T09:43:00.016+0000] {manager.py:878} INFO - 
================================================================================
DAG File Processing Stats

File Path                                                                                                                              PID    Runtime      # DAGs    # Errors  Last Runtime    Last Run
-------------------------------------------------------------------------------------------------------------------------------------  -----  ---------  --------  ----------  --------------  -------------------
/usr/local/python/3.12.1/lib/python3.12/site-packages/airflow/example_dags/example_branch_operator_decorator.py                                                 1           0  0.21s           2026-04-25T09:42:12
/usr/local/python/3.12.1/lib/python3.12/site-packages/airflow/example_dags/example_dag_decorator.py                                                             1           0  0.20s           2026-04-25T09:42:11
/usr/local/python/3.12.1/lib/python3.12/site-packages/airflow/example_dags/example_datasets.py                                                                 10           0  0.20s           2026-04-25T09:42:51
/usr/local/python/3.12.1/lib/python3.12/site-packages/airflow/example_dags/plugins/decreasing_priority_weight_strategy.py                                       0           0  0.11s           2026-04-25T09:42:37
/usr/local/python/3.12.1/lib/python3.12/site-packages/airflow/example_dags/example_nested_branch_dag.py                                                         1           0  0.11s           2026-04-25T09:42:46
/usr/local/python/3.12.1/lib/python3.12/site-packages/airflow/example_dags/example_params_ui_tutorial.py                                                        1           0  0.11s           2026-04-25T09:42:23
/usr/local/python/3.12.1/lib/python3.12/site-packages/airflow/example_dags/example_short_circuit_operator.py                                                    1           0  0.11s           2026-04-25T09:42:42
/usr/local/python/3.12.1/lib/python3.12/site-packages/airflow/example_dags/example_display_name.py                                                              1           0  0.10s           2026-04-25T09:42:52
/usr/local/python/3.12.1/lib/python3.12/site-packages/airflow/example_dags/example_time_delta_sensor_async.py                                                   1           0  0.10s           2026-04-25T09:42:04
/usr/local/python/3.12.1/lib/python3.12/site-packages/airflow/example_dags/tutorial_taskflow_api_virtualenv.py                                                  1           0  0.10s           2026-04-25T09:42:54
/usr/local/python/3.12.1/lib/python3.12/site-packages/airflow/example_dags/example_branch_operator.py                                                           1           0  0.10s           2026-04-25T09:42:26
/usr/local/python/3.12.1/lib/python3.12/site-packages/airflow/example_dags/example_sla_dag.py                                                                   1           0  0.10s           2026-04-25T09:42:43
/usr/local/python/3.12.1/lib/python3.12/site-packages/airflow/example_dags/tutorial_dag.py                                                                      1           0  0.10s           2026-04-25T09:42:59
/usr/local/python/3.12.1/lib/python3.12/site-packages/airflow/example_dags/example_python_decorator.py                                                          1           0  0.10s           2026-04-25T09:42:08
/usr/local/python/3.12.1/lib/python3.12/site-packages/airflow/example_dags/example_local_kubernetes_executor.py                                                 0           0  0.10s           2026-04-25T09:42:24
/usr/local/python/3.12.1/lib/python3.12/site-packages/airflow/example_dags/example_bash_decorator.py                                                            1           0  0.10s           2026-04-25T09:42:32
/usr/local/python/3.12.1/lib/python3.12/site-packages/airflow/example_dags/example_trigger_controller_dag.py                                                    1           0  0.10s           2026-04-25T09:43:00
/usr/local/python/3.12.1/lib/python3.12/site-packages/airflow/example_dags/example_complex.py                                                                   1           0  0.10s           2026-04-25T09:42:14
/usr/local/python/3.12.1/lib/python3.12/site-packages/airflow/example_dags/example_subdag_operator.py                                                           3           0  0.10s           2026-04-25T09:42:05
/usr/local/python/3.12.1/lib/python3.12/site-packages/airflow/example_dags/example_sensors.py                                                                   1           0  0.10s           2026-04-25T09:42:44
/usr/local/python/3.12.1/lib/python3.12/site-packages/airflow/example_dags/plugins/event_listener.py                                                            0           0  0.10s           2026-04-25T09:42:36
/usr/local/python/3.12.1/lib/python3.12/site-packages/airflow/example_dags/example_skip_dag.py                                                                  1           0  0.10s           2026-04-25T09:42:06
/usr/local/python/3.12.1/lib/python3.12/site-packages/airflow/example_dags/plugins/listener_plugin.py                                                           0           0  0.10s           2026-04-25T09:42:33
/usr/local/python/3.12.1/lib/python3.12/site-packages/airflow/example_dags/plugins/workday.py                                                                   0           0  0.10s           2026-04-25T09:42:34
/usr/local/python/3.12.1/lib/python3.12/site-packages/airflow/example_dags/example_latest_only_with_trigger.py                                                  1           0  0.10s           2026-04-25T09:42:10
/usr/local/python/3.12.1/lib/python3.12/site-packages/airflow/example_dags/example_kubernetes_executor.py                                                       0           0  0.10s           2026-04-25T09:42:48
/usr/local/python/3.12.1/lib/python3.12/site-packages/airflow/example_dags/tutorial_objectstorage.py                                                            0           1  0.10s           2026-04-25T09:42:38
/usr/local/python/3.12.1/lib/python3.12/site-packages/airflow/example_dags/example_task_group_decorator.py                                                      1           0  0.10s           2026-04-25T09:42:40
/usr/local/python/3.12.1/lib/python3.12/site-packages/airflow/example_dags/example_setup_teardown_taskflow.py                                                   1           0  0.10s           2026-04-25T09:42:07
/usr/local/python/3.12.1/lib/python3.12/site-packages/airflow/example_dags/example_branch_day_of_week_operator.py                                               1           0  0.10s           2026-04-25T09:42:28
/usr/local/python/3.12.1/lib/python3.12/site-packages/airflow/example_dags/subdags/subdag.py                                                                    0           0  0.10s           2026-04-25T09:42:33
/usr/local/python/3.12.1/lib/python3.12/site-packages/airflow/example_dags/example_dynamic_task_mapping_with_no_taskflow_operators.py                           1           0  0.10s           2026-04-25T09:42:47
/usr/local/python/3.12.1/lib/python3.12/site-packages/airflow/example_dags/example_task_group.py                                                                1           0  0.10s           2026-04-25T09:42:41
/usr/local/python/3.12.1/lib/python3.12/site-packages/airflow/example_dags/example_trigger_target_dag.py                                                        1           0  0.10s           2026-04-25T09:42:57
/usr/local/python/3.12.1/lib/python3.12/site-packages/airflow/example_dags/example_python_operator.py                                                           1           0  0.10s           2026-04-25T09:42:09
/usr/local/python/3.12.1/lib/python3.12/site-packages/airflow/example_dags/example_branch_datetime_operator.py                                                  3           0  0.10s           2026-04-25T09:42:27
/usr/local/python/3.12.1/lib/python3.12/site-packages/airflow/example_dags/example_params_trigger_ui.py                                                         1           0  0.10s           2026-04-25T09:42:25
/usr/local/python/3.12.1/lib/python3.12/site-packages/airflow/example_dags/example_xcom.py                                                                      1           0  0.10s           2026-04-25T09:42:58
/usr/local/python/3.12.1/lib/python3.12/site-packages/airflow/example_dags/example_xcomargs.py                                                                  2           0  0.10s           2026-04-25T09:42:55
/usr/local/python/3.12.1/lib/python3.12/site-packages/airflow/example_dags/example_bash_operator.py                                                             1           0  0.10s           2026-04-25T09:42:30
/usr/local/python/3.12.1/lib/python3.12/site-packages/airflow/example_dags/example_passing_params_via_test_command.py                                           1           0  0.10s           2026-04-25T09:42:22
/usr/local/python/3.12.1/lib/python3.12/site-packages/airflow/example_dags/example_sensor_decorator.py                                                          1           0  0.10s           2026-04-25T09:42:44
/usr/local/python/3.12.1/lib/python3.12/site-packages/airflow/example_dags/example_setup_teardown.py                                                            1           0  0.10s           2026-04-25T09:42:21
/usr/local/python/3.12.1/lib/python3.12/site-packages/airflow/example_dags/example_dynamic_task_mapping.py                                                      1           0  0.10s           2026-04-25T09:42:53
/usr/local/python/3.12.1/lib/python3.12/site-packages/airflow/example_dags/example_latest_only.py                                                               1           0  0.10s           2026-04-25T09:42:49
/usr/local/python/3.12.1/lib/python3.12/site-packages/airflow/example_dags/tutorial.py                                                                          1           0  0.10s           2026-04-25T09:42:56
/usr/local/python/3.12.1/lib/python3.12/site-packages/airflow/example_dags/example_branch_labels.py                                                             1           0  0.10s           2026-04-25T09:42:29
/usr/local/python/3.12.1/lib/python3.12/site-packages/airflow/example_dags/tutorial_taskflow_api.py                                                             1           0  0.10s           2026-04-25T09:42:37
/usr/local/python/3.12.1/lib/python3.12/site-packages/airflow/example_dags/example_external_task_marker_dag.py                                                  2           0  0.10s           2026-04-25T09:42:50
/usr/local/python/3.12.1/lib/python3.12/site-packages/airflow/example_dags/example_branch_python_dop_operator_3.py                                              1           0  0.10s           2026-04-25T09:42:13
/usr/local/python/3.12.1/lib/python3.12/site-packages/airflow/example_dags/example_short_circuit_decorator.py                                                   1           0  0.10s           2026-04-25T09:42:07
================================================================================
[2026-04-25T09:43:30.275+0000] {manager.py:878} INFO - 
================================================================================
DAG File Processing Stats

File Path                                                                                                                              PID    Runtime      # DAGs    # Errors  Last Runtime    Last Run
-------------------------------------------------------------------------------------------------------------------------------------  -----  ---------  --------  ----------  --------------  -------------------
/usr/local/python/3.12.1/lib/python3.12/site-packages/airflow/example_dags/example_short_circuit_operator.py                                                    1           0  0.21s           2026-04-25T09:43:25
/usr/local/python/3.12.1/lib/python3.12/site-packages/airflow/example_dags/example_branch_python_dop_operator_3.py                                              1           0  0.20s           2026-04-25T09:43:14
/usr/local/python/3.12.1/lib/python3.12/site-packages/airflow/example_dags/example_datasets.py                                                                 10           0  0.20s           2026-04-25T09:42:51
/usr/local/python/3.12.1/lib/python3.12/site-packages/airflow/example_dags/example_dag_decorator.py                                                             1           0  0.11s           2026-04-25T09:43:12
/usr/local/python/3.12.1/lib/python3.12/site-packages/airflow/example_dags/tutorial_objectstorage.py                                                            0           1  0.11s           2026-04-25T09:43:22
/usr/local/python/3.12.1/lib/python3.12/site-packages/airflow/example_dags/example_nested_branch_dag.py                                                         1           0  0.11s           2026-04-25T09:42:46
/usr/local/python/3.12.1/lib/python3.12/site-packages/airflow/example_dags/example_subdag_operator.py                                                           3           0  0.11s           2026-04-25T09:43:02
/usr/local/python/3.12.1/lib/python3.12/site-packages/airflow/example_dags/example_python_operator.py                                                           1           0  0.11s           2026-04-25T09:43:08
/usr/local/python/3.12.1/lib/python3.12/site-packages/airflow/example_dags/example_params_trigger_ui.py                                                         1           0  0.10s           2026-04-25T09:43:30
/usr/local/python/3.12.1/lib/python3.12/site-packages/airflow/example_dags/example_display_name.py                                                              1           0  0.10s           2026-04-25T09:42:52
/usr/local/python/3.12.1/lib/python3.12/site-packages/airflow/example_dags/subdags/subdag.py                                                                    0           0  0.10s           2026-04-25T09:43:16
/usr/local/python/3.12.1/lib/python3.12/site-packages/airflow/example_dags/tutorial_taskflow_api_virtualenv.py                                                  1           0  0.10s           2026-04-25T09:42:54
/usr/local/python/3.12.1/lib/python3.12/site-packages/airflow/example_dags/example_setup_teardown.py                                                            1           0  0.10s           2026-04-25T09:43:06
/usr/local/python/3.12.1/lib/python3.12/site-packages/airflow/example_dags/example_task_group_decorator.py                                                      1           0  0.10s           2026-04-25T09:43:23
/usr/local/python/3.12.1/lib/python3.12/site-packages/airflow/example_dags/plugins/event_listener.py                                                            0           0  0.10s           2026-04-25T09:43:19
/usr/local/python/3.12.1/lib/python3.12/site-packages/airflow/example_dags/example_branch_operator.py                                                           1           0  0.10s           2026-04-25T09:42:26
/usr/local/python/3.12.1/lib/python3.12/site-packages/airflow/example_dags/example_sensor_decorator.py                                                          1           0  0.10s           2026-04-25T09:43:28
/usr/local/python/3.12.1/lib/python3.12/site-packages/airflow/example_dags/tutorial_dag.py                                                                      1           0  0.10s           2026-04-25T09:42:59
/usr/local/python/3.12.1/lib/python3.12/site-packages/airflow/example_dags/example_skip_dag.py                                                                  1           0  0.10s           2026-04-25T09:43:03
/usr/local/python/3.12.1/lib/python3.12/site-packages/airflow/example_dags/example_bash_decorator.py                                                            1           0  0.10s           2026-04-25T09:42:32
/usr/local/python/3.12.1/lib/python3.12/site-packages/airflow/example_dags/example_trigger_controller_dag.py                                                    1           0  0.10s           2026-04-25T09:43:00
/usr/local/python/3.12.1/lib/python3.12/site-packages/airflow/example_dags/example_latest_only_with_trigger.py                                                  1           0  0.10s           2026-04-25T09:43:11
/usr/local/python/3.12.1/lib/python3.12/site-packages/airflow/example_dags/example_setup_teardown_taskflow.py                                                   1           0  0.10s           2026-04-25T09:43:04
/usr/local/python/3.12.1/lib/python3.12/site-packages/airflow/example_dags/plugins/decreasing_priority_weight_strategy.py                                       0           0  0.10s           2026-04-25T09:43:19
/usr/local/python/3.12.1/lib/python3.12/site-packages/airflow/example_dags/plugins/listener_plugin.py                                                           0           0  0.10s           2026-04-25T09:43:17
/usr/local/python/3.12.1/lib/python3.12/site-packages/airflow/example_dags/example_time_delta_sensor_async.py                                                   1           0  0.10s           2026-04-25T09:43:01
/usr/local/python/3.12.1/lib/python3.12/site-packages/airflow/example_dags/example_kubernetes_executor.py                                                       0           0  0.10s           2026-04-25T09:42:48
/usr/local/python/3.12.1/lib/python3.12/site-packages/airflow/example_dags/example_task_group.py                                                                1           0  0.10s           2026-04-25T09:43:24
/usr/local/python/3.12.1/lib/python3.12/site-packages/airflow/example_dags/example_branch_day_of_week_operator.py                                               1           0  0.10s           2026-04-25T09:42:28
/usr/local/python/3.12.1/lib/python3.12/site-packages/airflow/example_dags/example_dynamic_task_mapping_with_no_taskflow_operators.py                           1           0  0.10s           2026-04-25T09:42:47
/usr/local/python/3.12.1/lib/python3.12/site-packages/airflow/example_dags/example_complex.py                                                                   1           0  0.10s           2026-04-25T09:43:15
/usr/local/python/3.12.1/lib/python3.12/site-packages/airflow/example_dags/example_short_circuit_decorator.py                                                   1           0  0.10s           2026-04-25T09:43:05
/usr/local/python/3.12.1/lib/python3.12/site-packages/airflow/example_dags/example_trigger_target_dag.py                                                        1           0  0.10s           2026-04-25T09:42:57
/usr/local/python/3.12.1/lib/python3.12/site-packages/airflow/example_dags/example_passing_params_via_test_command.py                                           1           0  0.10s           2026-04-25T09:43:09
/usr/local/python/3.12.1/lib/python3.12/site-packages/airflow/example_dags/example_branch_datetime_operator.py                                                  3           0  0.10s           2026-04-25T09:42:27
/usr/local/python/3.12.1/lib/python3.12/site-packages/airflow/example_dags/example_local_kubernetes_executor.py                                                 0           0  0.10s           2026-04-25T09:43:29
/usr/local/python/3.12.1/lib/python3.12/site-packages/airflow/example_dags/example_params_ui_tutorial.py                                                        1           0  0.10s           2026-04-25T09:43:10
/usr/local/python/3.12.1/lib/python3.12/site-packages/airflow/example_dags/example_xcom.py                                                                      1           0  0.10s           2026-04-25T09:42:58
/usr/local/python/3.12.1/lib/python3.12/site-packages/airflow/example_dags/example_xcomargs.py                                                                  2           0  0.10s           2026-04-25T09:42:55
/usr/local/python/3.12.1/lib/python3.12/site-packages/airflow/example_dags/example_bash_operator.py                                                             1           0  0.10s           2026-04-25T09:42:30
/usr/local/python/3.12.1/lib/python3.12/site-packages/airflow/example_dags/example_python_decorator.py                                                          1           0  0.10s           2026-04-25T09:43:07
/usr/local/python/3.12.1/lib/python3.12/site-packages/airflow/example_dags/example_dynamic_task_mapping.py                                                      1           0  0.10s           2026-04-25T09:42:53
/usr/local/python/3.12.1/lib/python3.12/site-packages/airflow/example_dags/example_latest_only.py                                                               1           0  0.10s           2026-04-25T09:42:49
/usr/local/python/3.12.1/lib/python3.12/site-packages/airflow/example_dags/tutorial_taskflow_api.py                                                             1           0  0.10s           2026-04-25T09:43:21
/usr/local/python/3.12.1/lib/python3.12/site-packages/airflow/example_dags/example_sensors.py                                                                   1           0  0.10s           2026-04-25T09:43:27
/usr/local/python/3.12.1/lib/python3.12/site-packages/airflow/example_dags/tutorial.py                                                                          1           0  0.10s           2026-04-25T09:42:56
/usr/local/python/3.12.1/lib/python3.12/site-packages/airflow/example_dags/example_branch_labels.py                                                             1           0  0.10s           2026-04-25T09:42:29
/usr/local/python/3.12.1/lib/python3.12/site-packages/airflow/example_dags/example_external_task_marker_dag.py                                                  2           0  0.10s           2026-04-25T09:42:50
/usr/local/python/3.12.1/lib/python3.12/site-packages/airflow/example_dags/plugins/workday.py                                                                   0           0  0.10s           2026-04-25T09:43:18
/usr/local/python/3.12.1/lib/python3.12/site-packages/airflow/example_dags/example_branch_operator_decorator.py                                                 1           0  0.10s           2026-04-25T09:43:14
/usr/local/python/3.12.1/lib/python3.12/site-packages/airflow/example_dags/example_sla_dag.py                                                                   1           0  0.10s           2026-04-25T09:43:26
================================================================================
[2026-04-25T09:43:46.659+0000] {manager.py:737} INFO - Searching for files in /workspaces/new-balance-price/airflow_home/dags
[2026-04-25T09:43:46.673+0000] {manager.py:740} INFO - There are 51 files in /workspaces/new-balance-price/airflow_home/dags
[2026-04-25T09:44:00.511+0000] {manager.py:878} INFO - 
================================================================================
DAG File Processing Stats

File Path                                                                                                                              PID    Runtime      # DAGs    # Errors  Last Runtime    Last Run
-------------------------------------------------------------------------------------------------------------------------------------  -----  ---------  --------  ----------  --------------  -------------------
/usr/local/python/3.12.1/lib/python3.12/site-packages/airflow/example_dags/example_short_circuit_operator.py                                                    1           0  0.21s           2026-04-25T09:43:25
/usr/local/python/3.12.1/lib/python3.12/site-packages/airflow/example_dags/example_branch_python_dop_operator_3.py                                              1           0  0.20s           2026-04-25T09:43:14
/usr/local/python/3.12.1/lib/python3.12/site-packages/airflow/example_dags/example_dynamic_task_mapping_with_no_taskflow_operators.py                           1           0  0.11s           2026-04-25T09:43:51
/usr/local/python/3.12.1/lib/python3.12/site-packages/airflow/example_dags/example_dynamic_task_mapping.py                                                      1           0  0.11s           2026-04-25T09:43:58
/usr/local/python/3.12.1/lib/python3.12/site-packages/airflow/example_dags/example_dag_decorator.py                                                             1           0  0.11s           2026-04-25T09:43:12
/usr/local/python/3.12.1/lib/python3.12/site-packages/airflow/example_dags/tutorial_objectstorage.py                                                            0           1  0.11s           2026-04-25T09:43:22
/usr/local/python/3.12.1/lib/python3.12/site-packages/airflow/example_dags/example_short_circuit_decorator.py                                                   1           0  0.11s           2026-04-25T09:43:48
/usr/local/python/3.12.1/lib/python3.12/site-packages/airflow/example_dags/example_datasets.py                                                                 10           0  0.11s           2026-04-25T09:43:55
/usr/local/python/3.12.1/lib/python3.12/site-packages/airflow/example_dags/example_subdag_operator.py                                                           3           0  0.11s           2026-04-25T09:43:45
/usr/local/python/3.12.1/lib/python3.12/site-packages/airflow/example_dags/example_time_delta_sensor_async.py                                                   1           0  0.11s           2026-04-25T09:43:45
/usr/local/python/3.12.1/lib/python3.12/site-packages/airflow/example_dags/example_params_trigger_ui.py                                                         1           0  0.10s           2026-04-25T09:43:30
/usr/local/python/3.12.1/lib/python3.12/site-packages/airflow/example_dags/example_branch_labels.py                                                             1           0  0.10s           2026-04-25T09:43:35
/usr/local/python/3.12.1/lib/python3.12/site-packages/airflow/example_dags/plugins/listener_plugin.py                                                           0           0  0.10s           2026-04-25T09:44:00
/usr/local/python/3.12.1/lib/python3.12/site-packages/airflow/example_dags/example_task_group_decorator.py                                                      1           0  0.10s           2026-04-25T09:43:23
/usr/local/python/3.12.1/lib/python3.12/site-packages/airflow/example_dags/example_setup_teardown.py                                                            1           0  0.10s           2026-04-25T09:43:48
/usr/local/python/3.12.1/lib/python3.12/site-packages/airflow/example_dags/plugins/event_listener.py                                                            0           0  0.10s           2026-04-25T09:43:19
/usr/local/python/3.12.1/lib/python3.12/site-packages/airflow/example_dags/example_trigger_target_dag.py                                                        1           0  0.10s           2026-04-25T09:43:41
/usr/local/python/3.12.1/lib/python3.12/site-packages/airflow/example_dags/example_bash_decorator.py                                                            1           0  0.10s           2026-04-25T09:43:37
/usr/local/python/3.12.1/lib/python3.12/site-packages/airflow/example_dags/example_sensor_decorator.py                                                          1           0  0.10s           2026-04-25T09:43:28
/usr/local/python/3.12.1/lib/python3.12/site-packages/airflow/example_dags/example_skip_dag.py                                                                  1           0  0.10s           2026-04-25T09:43:46
/usr/local/python/3.12.1/lib/python3.12/site-packages/airflow/example_dags/example_python_decorator.py                                                          1           0  0.10s           2026-04-25T09:43:49
/usr/local/python/3.12.1/lib/python3.12/site-packages/airflow/example_dags/example_branch_datetime_operator.py                                                  3           0  0.10s           2026-04-25T09:43:33
/usr/local/python/3.12.1/lib/python3.12/site-packages/airflow/example_dags/example_trigger_controller_dag.py                                                    1           0  0.10s           2026-04-25T09:43:44
/usr/local/python/3.12.1/lib/python3.12/site-packages/airflow/example_dags/example_latest_only_with_trigger.py                                                  1           0  0.10s           2026-04-25T09:43:11
/usr/local/python/3.12.1/lib/python3.12/site-packages/airflow/example_dags/example_xcomargs.py                                                                  2           0  0.10s           2026-04-25T09:43:39
/usr/local/python/3.12.1/lib/python3.12/site-packages/airflow/example_dags/example_latest_only.py                                                               1           0  0.10s           2026-04-25T09:43:54
/usr/local/python/3.12.1/lib/python3.12/site-packages/airflow/example_dags/example_branch_operator.py                                                           1           0  0.10s           2026-04-25T09:43:32
/usr/local/python/3.12.1/lib/python3.12/site-packages/airflow/example_dags/example_setup_teardown_taskflow.py                                                   1           0  0.10s           2026-04-25T09:43:47
/usr/local/python/3.12.1/lib/python3.12/site-packages/airflow/example_dags/plugins/decreasing_priority_weight_strategy.py                                       0           0  0.10s           2026-04-25T09:43:19
/usr/local/python/3.12.1/lib/python3.12/site-packages/airflow/example_dags/plugins/workday.py                                                                   0           0  0.10s           2026-04-25T09:44:00
/usr/local/python/3.12.1/lib/python3.12/site-packages/airflow/example_dags/example_external_task_marker_dag.py                                                  2           0  0.10s           2026-04-25T09:43:55
/usr/local/python/3.12.1/lib/python3.12/site-packages/airflow/example_dags/example_task_group.py                                                                1           0  0.10s           2026-04-25T09:43:24
/usr/local/python/3.12.1/lib/python3.12/site-packages/airflow/example_dags/example_bash_operator.py                                                             1           0  0.10s           2026-04-25T09:43:36
/usr/local/python/3.12.1/lib/python3.12/site-packages/airflow/example_dags/tutorial_taskflow_api_virtualenv.py                                                  1           0  0.10s           2026-04-25T09:43:38
/usr/local/python/3.12.1/lib/python3.12/site-packages/airflow/example_dags/example_nested_branch_dag.py                                                         1           0  0.10s           2026-04-25T09:43:31
/usr/local/python/3.12.1/lib/python3.12/site-packages/airflow/example_dags/example_complex.py                                                                   1           0  0.10s           2026-04-25T09:43:15
/usr/local/python/3.12.1/lib/python3.12/site-packages/airflow/example_dags/tutorial.py                                                                          1           0  0.10s           2026-04-25T09:43:40
/usr/local/python/3.12.1/lib/python3.12/site-packages/airflow/example_dags/example_passing_params_via_test_command.py                                           1           0  0.10s           2026-04-25T09:43:09
/usr/local/python/3.12.1/lib/python3.12/site-packages/airflow/example_dags/example_display_name.py                                                              1           0  0.10s           2026-04-25T09:43:57
/usr/local/python/3.12.1/lib/python3.12/site-packages/airflow/example_dags/example_local_kubernetes_executor.py                                                 0           0  0.10s           2026-04-25T09:43:29
/usr/local/python/3.12.1/lib/python3.12/site-packages/airflow/example_dags/example_kubernetes_executor.py                                                       0           0  0.10s           2026-04-25T09:43:53
/usr/local/python/3.12.1/lib/python3.12/site-packages/airflow/example_dags/example_params_ui_tutorial.py                                                        1           0  0.10s           2026-04-25T09:43:10
/usr/local/python/3.12.1/lib/python3.12/site-packages/airflow/example_dags/example_xcom.py                                                                      1           0  0.10s           2026-04-25T09:43:42
/usr/local/python/3.12.1/lib/python3.12/site-packages/airflow/example_dags/subdags/subdag.py                                                                    0           0  0.10s           2026-04-25T09:43:58
/usr/local/python/3.12.1/lib/python3.12/site-packages/airflow/example_dags/tutorial_dag.py                                                                      1           0  0.10s           2026-04-25T09:43:43
/usr/local/python/3.12.1/lib/python3.12/site-packages/airflow/example_dags/example_python_operator.py                                                           1           0  0.10s           2026-04-25T09:43:50
/usr/local/python/3.12.1/lib/python3.12/site-packages/airflow/example_dags/tutorial_taskflow_api.py                                                             1           0  0.10s           2026-04-25T09:43:21
/usr/local/python/3.12.1/lib/python3.12/site-packages/airflow/example_dags/example_sensors.py                                                                   1           0  0.10s           2026-04-25T09:43:27
/usr/local/python/3.12.1/lib/python3.12/site-packages/airflow/example_dags/example_branch_operator_decorator.py                                                 1           0  0.10s           2026-04-25T09:43:14
/usr/local/python/3.12.1/lib/python3.12/site-packages/airflow/example_dags/example_sla_dag.py                                                                   1           0  0.10s           2026-04-25T09:43:26
/usr/local/python/3.12.1/lib/python3.12/site-packages/airflow/example_dags/example_branch_day_of_week_operator.py                                               1           0  0.10s           2026-04-25T09:43:34
================================================================================
[2026-04-25T09:44:30.782+0000] {manager.py:878} INFO - 
================================================================================
DAG File Processing Stats

File Path                                                                                                                              PID    Runtime      # DAGs    # Errors  Last Runtime    Last Run
-------------------------------------------------------------------------------------------------------------------------------------  -----  ---------  --------  ----------  --------------  -------------------
/usr/local/python/3.12.1/lib/python3.12/site-packages/airflow/example_dags/example_sla_dag.py                                                                   1           0  0.21s           2026-04-25T09:44:08
/usr/local/python/3.12.1/lib/python3.12/site-packages/airflow/example_dags/example_dag_decorator.py                                                             1           0  0.21s           2026-04-25T09:44:14
/usr/local/python/3.12.1/lib/python3.12/site-packages/airflow/example_dags/plugins/decreasing_priority_weight_strategy.py                                       0           0  0.13s           2026-04-25T09:44:02
/usr/local/python/3.12.1/lib/python3.12/site-packages/airflow/example_dags/example_dynamic_task_mapping_with_no_taskflow_operators.py                           1           0  0.11s           2026-04-25T09:43:51
/usr/local/python/3.12.1/lib/python3.12/site-packages/airflow/example_dags/example_dynamic_task_mapping.py                                                      1           0  0.11s           2026-04-25T09:43:58
/usr/local/python/3.12.1/lib/python3.12/site-packages/airflow/example_dags/example_sensors.py                                                                   1           0  0.11s           2026-04-25T09:44:09
/usr/local/python/3.12.1/lib/python3.12/site-packages/airflow/example_dags/tutorial_taskflow_api_virtualenv.py                                                  1           0  0.11s           2026-04-25T09:44:18
/usr/local/python/3.12.1/lib/python3.12/site-packages/airflow/example_dags/example_datasets.py                                                                 10           0  0.11s           2026-04-25T09:43:55
/usr/local/python/3.12.1/lib/python3.12/site-packages/airflow/example_dags/example_branch_labels.py                                                             1           0  0.10s           2026-04-25T09:43:35
/usr/local/python/3.12.1/lib/python3.12/site-packages/airflow/example_dags/plugins/listener_plugin.py                                                           0           0  0.10s           2026-04-25T09:44:00
/usr/local/python/3.12.1/lib/python3.12/site-packages/airflow/example_dags/example_task_group_decorator.py                                                      1           0  0.10s           2026-04-25T09:44:05
/usr/local/python/3.12.1/lib/python3.12/site-packages/airflow/example_dags/example_short_circuit_operator.py                                                    1           0  0.10s           2026-04-25T09:44:07
/usr/local/python/3.12.1/lib/python3.12/site-packages/airflow/example_dags/example_setup_teardown.py                                                            1           0  0.10s           2026-04-25T09:43:48
/usr/local/python/3.12.1/lib/python3.12/site-packages/airflow/example_dags/example_complex.py                                                                   1           0  0.10s           2026-04-25T09:44:17
/usr/local/python/3.12.1/lib/python3.12/site-packages/airflow/example_dags/example_passing_params_via_test_command.py                                           1           0  0.10s           2026-04-25T09:44:11
/usr/local/python/3.12.1/lib/python3.12/site-packages/airflow/example_dags/example_bash_decorator.py                                                            1           0  0.10s           2026-04-25T09:43:37
/usr/local/python/3.12.1/lib/python3.12/site-packages/airflow/example_dags/example_python_decorator.py                                                          1           0  0.10s           2026-04-25T09:43:49
/usr/local/python/3.12.1/lib/python3.12/site-packages/airflow/example_dags/example_branch_datetime_operator.py                                                  3           0  0.10s           2026-04-25T09:43:33
/usr/local/python/3.12.1/lib/python3.12/site-packages/airflow/example_dags/example_trigger_target_dag.py                                                        1           0  0.10s           2026-04-25T09:44:21
/usr/local/python/3.12.1/lib/python3.12/site-packages/airflow/example_dags/example_time_delta_sensor_async.py                                                   1           0  0.10s           2026-04-25T09:44:26
/usr/local/python/3.12.1/lib/python3.12/site-packages/airflow/example_dags/example_sensor_decorator.py                                                          1           0  0.10s           2026-04-25T09:44:10
/usr/local/python/3.12.1/lib/python3.12/site-packages/airflow/example_dags/example_trigger_controller_dag.py                                                    1           0  0.10s           2026-04-25T09:44:24
/usr/local/python/3.12.1/lib/python3.12/site-packages/airflow/example_dags/example_latest_only.py                                                               1           0  0.10s           2026-04-25T09:43:54
/usr/local/python/3.12.1/lib/python3.12/site-packages/airflow/example_dags/example_skip_dag.py                                                                  1           0  0.10s           2026-04-25T09:44:27
/usr/local/python/3.12.1/lib/python3.12/site-packages/airflow/example_dags/example_xcom.py                                                                      1           0  0.10s           2026-04-25T09:44:22
/usr/local/python/3.12.1/lib/python3.12/site-packages/airflow/example_dags/example_subdag_operator.py                                                           3           0  0.10s           2026-04-25T09:44:26
/usr/local/python/3.12.1/lib/python3.12/site-packages/airflow/example_dags/example_short_circuit_decorator.py                                                   1           0  0.10s           2026-04-25T09:44:29
/usr/local/python/3.12.1/lib/python3.12/site-packages/airflow/example_dags/example_branch_operator.py                                                           1           0  0.10s           2026-04-25T09:43:32
/usr/local/python/3.12.1/lib/python3.12/site-packages/airflow/example_dags/example_latest_only_with_trigger.py                                                  1           0  0.10s           2026-04-25T09:44:13
/usr/local/python/3.12.1/lib/python3.12/site-packages/airflow/example_dags/example_xcomargs.py                                                                  2           0  0.10s           2026-04-25T09:44:19
/usr/local/python/3.12.1/lib/python3.12/site-packages/airflow/example_dags/plugins/workday.py                                                                   0           0  0.10s           2026-04-25T09:44:00
/usr/local/python/3.12.1/lib/python3.12/site-packages/airflow/example_dags/example_external_task_marker_dag.py                                                  2           0  0.10s           2026-04-25T09:43:55
/usr/local/python/3.12.1/lib/python3.12/site-packages/airflow/example_dags/example_bash_operator.py                                                             1           0  0.10s           2026-04-25T09:43:36
/usr/local/python/3.12.1/lib/python3.12/site-packages/airflow/example_dags/example_branch_operator_decorator.py                                                 1           0  0.10s           2026-04-25T09:44:15
/usr/local/python/3.12.1/lib/python3.12/site-packages/airflow/example_dags/example_branch_python_dop_operator_3.py                                              1           0  0.10s           2026-04-25T09:44:16
/usr/local/python/3.12.1/lib/python3.12/site-packages/airflow/example_dags/plugins/event_listener.py                                                            0           0  0.10s           2026-04-25T09:44:01
/usr/local/python/3.12.1/lib/python3.12/site-packages/airflow/example_dags/example_nested_branch_dag.py                                                         1           0  0.10s           2026-04-25T09:43:31
/usr/local/python/3.12.1/lib/python3.12/site-packages/airflow/example_dags/example_local_kubernetes_executor.py                                                 0           0  0.10s           2026-04-25T09:44:30
/usr/local/python/3.12.1/lib/python3.12/site-packages/airflow/example_dags/tutorial.py                                                                          1           0  0.10s           2026-04-25T09:44:20
/usr/local/python/3.12.1/lib/python3.12/site-packages/airflow/example_dags/example_task_group.py                                                                1           0  0.10s           2026-04-25T09:44:06
/usr/local/python/3.12.1/lib/python3.12/site-packages/airflow/example_dags/example_display_name.py                                                              1           0  0.10s           2026-04-25T09:43:57
/usr/local/python/3.12.1/lib/python3.12/site-packages/airflow/example_dags/example_kubernetes_executor.py                                                       0           0  0.10s           2026-04-25T09:43:53
/usr/local/python/3.12.1/lib/python3.12/site-packages/airflow/example_dags/example_params_ui_tutorial.py                                                        1           0  0.10s           2026-04-25T09:44:12
/usr/local/python/3.12.1/lib/python3.12/site-packages/airflow/example_dags/subdags/subdag.py                                                                    0           0  0.10s           2026-04-25T09:43:58
/usr/local/python/3.12.1/lib/python3.12/site-packages/airflow/example_dags/example_params_trigger_ui.py                                                         1           0  0.10s           2026-04-25T09:44:30
/usr/local/python/3.12.1/lib/python3.12/site-packages/airflow/example_dags/tutorial_dag.py                                                                      1           0  0.10s           2026-04-25T09:44:23
/usr/local/python/3.12.1/lib/python3.12/site-packages/airflow/example_dags/example_python_operator.py                                                           1           0  0.10s           2026-04-25T09:43:50
/usr/local/python/3.12.1/lib/python3.12/site-packages/airflow/example_dags/example_setup_teardown_taskflow.py                                                   1           0  0.10s           2026-04-25T09:44:28
/usr/local/python/3.12.1/lib/python3.12/site-packages/airflow/example_dags/tutorial_objectstorage.py                                                            0           1  0.10s           2026-04-25T09:44:04
/usr/local/python/3.12.1/lib/python3.12/site-packages/airflow/example_dags/tutorial_taskflow_api.py                                                             1           0  0.10s           2026-04-25T09:44:03
/usr/local/python/3.12.1/lib/python3.12/site-packages/airflow/example_dags/example_branch_day_of_week_operator.py                                               1           0  0.10s           2026-04-25T09:43:34
================================================================================
[2026-04-25T09:45:00.881+0000] {manager.py:878} INFO - 
================================================================================
DAG File Processing Stats

File Path                                                                                                                              PID    Runtime      # DAGs    # Errors  Last Runtime    Last Run
-------------------------------------------------------------------------------------------------------------------------------------  -----  ---------  --------  ----------  --------------  -------------------
/usr/local/python/3.12.1/lib/python3.12/site-packages/airflow/example_dags/example_dag_decorator.py                                                             1           0  0.21s           2026-04-25T09:44:14
/usr/local/python/3.12.1/lib/python3.12/site-packages/airflow/example_dags/plugins/workday.py                                                                   0           0  0.11s           2026-04-25T09:44:40
/usr/local/python/3.12.1/lib/python3.12/site-packages/airflow/example_dags/example_branch_day_of_week_operator.py                                               1           0  0.11s           2026-04-25T09:44:35
/usr/local/python/3.12.1/lib/python3.12/site-packages/airflow/example_dags/example_datasets.py                                                                 10           0  0.11s           2026-04-25T09:44:55
/usr/local/python/3.12.1/lib/python3.12/site-packages/airflow/example_dags/example_sensors.py                                                                   1           0  0.11s           2026-04-25T09:44:09
/usr/local/python/3.12.1/lib/python3.12/site-packages/airflow/example_dags/example_dynamic_task_mapping_with_no_taskflow_operators.py                           1           0  0.11s           2026-04-25T09:44:51
/usr/local/python/3.12.1/lib/python3.12/site-packages/airflow/example_dags/plugins/listener_plugin.py                                                           0           0  0.11s           2026-04-25T09:44:39
/usr/local/python/3.12.1/lib/python3.12/site-packages/airflow/example_dags/example_task_group.py                                                                1           0  0.10s           2026-04-25T09:44:45
/usr/local/python/3.12.1/lib/python3.12/site-packages/airflow/example_dags/tutorial.py                                                                          1           0  0.10s           2026-04-25T09:44:59
/usr/local/python/3.12.1/lib/python3.12/site-packages/airflow/example_dags/example_trigger_target_dag.py                                                        1           0  0.10s           2026-04-25T09:45:00
/usr/local/python/3.12.1/lib/python3.12/site-packages/airflow/example_dags/tutorial_taskflow_api.py                                                             1           0  0.10s           2026-04-25T09:44:43
/usr/local/python/3.12.1/lib/python3.12/site-packages/airflow/example_dags/example_bash_decorator.py                                                            1           0  0.10s           2026-04-25T09:44:38
/usr/local/python/3.12.1/lib/python3.12/site-packages/airflow/example_dags/example_branch_operator.py                                                           1           0  0.10s           2026-04-25T09:44:32
/usr/local/python/3.12.1/lib/python3.12/site-packages/airflow/example_dags/plugins/decreasing_priority_weight_strategy.py                                       0           0  0.10s           2026-04-25T09:44:42
/usr/local/python/3.12.1/lib/python3.12/site-packages/airflow/example_dags/example_sla_dag.py                                                                   1           0  0.10s           2026-04-25T09:44:47
/usr/local/python/3.12.1/lib/python3.12/site-packages/airflow/example_dags/example_kubernetes_executor.py                                                       0           0  0.10s           2026-04-25T09:44:52
/usr/local/python/3.12.1/lib/python3.12/site-packages/airflow/example_dags/example_complex.py                                                                   1           0  0.10s           2026-04-25T09:44:17
/usr/local/python/3.12.1/lib/python3.12/site-packages/airflow/example_dags/example_passing_params_via_test_command.py                                           1           0  0.10s           2026-04-25T09:44:11
/usr/local/python/3.12.1/lib/python3.12/site-packages/airflow/example_dags/example_branch_datetime_operator.py                                                  3           0  0.10s           2026-04-25T09:44:34
/usr/local/python/3.12.1/lib/python3.12/site-packages/airflow/example_dags/tutorial_taskflow_api_virtualenv.py                                                  1           0  0.10s           2026-04-25T09:44:58
/usr/local/python/3.12.1/lib/python3.12/site-packages/airflow/example_dags/plugins/event_listener.py                                                            0           0  0.10s           2026-04-25T09:44:41
/usr/local/python/3.12.1/lib/python3.12/site-packages/airflow/example_dags/example_time_delta_sensor_async.py                                                   1           0  0.10s           2026-04-25T09:44:26
/usr/local/python/3.12.1/lib/python3.12/site-packages/airflow/example_dags/example_sensor_decorator.py                                                          1           0  0.10s           2026-04-25T09:44:10
/usr/local/python/3.12.1/lib/python3.12/site-packages/airflow/example_dags/example_trigger_controller_dag.py                                                    1           0  0.10s           2026-04-25T09:44:24
/usr/local/python/3.12.1/lib/python3.12/site-packages/airflow/example_dags/example_skip_dag.py                                                                  1           0  0.10s           2026-04-25T09:44:27
/usr/local/python/3.12.1/lib/python3.12/site-packages/airflow/example_dags/example_branch_labels.py                                                             1           0  0.10s           2026-04-25T09:44:36
/usr/local/python/3.12.1/lib/python3.12/site-packages/airflow/example_dags/example_bash_operator.py                                                             1           0  0.10s           2026-04-25T09:44:36
/usr/local/python/3.12.1/lib/python3.12/site-packages/airflow/example_dags/example_xcom.py                                                                      1           0  0.10s           2026-04-25T09:44:22
/usr/local/python/3.12.1/lib/python3.12/site-packages/airflow/example_dags/example_subdag_operator.py                                                           3           0  0.10s           2026-04-25T09:44:26
/usr/local/python/3.12.1/lib/python3.12/site-packages/airflow/example_dags/example_short_circuit_decorator.py                                                   1           0  0.10s           2026-04-25T09:44:29
/usr/local/python/3.12.1/lib/python3.12/site-packages/airflow/example_dags/example_latest_only_with_trigger.py                                                  1           0  0.10s           2026-04-25T09:44:13
/usr/local/python/3.12.1/lib/python3.12/site-packages/airflow/example_dags/example_display_name.py                                                              1           0  0.10s           2026-04-25T09:44:56
/usr/local/python/3.12.1/lib/python3.12/site-packages/airflow/example_dags/example_latest_only.py                                                               1           0  0.10s           2026-04-25T09:44:53
/usr/local/python/3.12.1/lib/python3.12/site-packages/airflow/example_dags/example_python_decorator.py                                                          1           0  0.10s           2026-04-25T09:44:49
/usr/local/python/3.12.1/lib/python3.12/site-packages/airflow/example_dags/example_task_group_decorator.py                                                      1           0  0.10s           2026-04-25T09:44:45
/usr/local/python/3.12.1/lib/python3.12/site-packages/airflow/example_dags/tutorial_objectstorage.py                                                            0           1  0.10s           2026-04-25T09:44:44
/usr/local/python/3.12.1/lib/python3.12/site-packages/airflow/example_dags/example_branch_operator_decorator.py                                                 1           0  0.10s           2026-04-25T09:44:15
/usr/local/python/3.12.1/lib/python3.12/site-packages/airflow/example_dags/example_branch_python_dop_operator_3.py                                              1           0  0.10s           2026-04-25T09:44:16
/usr/local/python/3.12.1/lib/python3.12/site-packages/airflow/example_dags/example_local_kubernetes_executor.py                                                 0           0  0.10s           2026-04-25T09:44:30
/usr/local/python/3.12.1/lib/python3.12/site-packages/airflow/example_dags/example_setup_teardown.py                                                            1           0  0.10s           2026-04-25T09:44:48
/usr/local/python/3.12.1/lib/python3.12/site-packages/airflow/example_dags/example_dynamic_task_mapping.py                                                      1           0  0.10s           2026-04-25T09:44:57
/usr/local/python/3.12.1/lib/python3.12/site-packages/airflow/example_dags/example_python_operator.py                                                           1           0  0.10s           2026-04-25T09:44:50
/usr/local/python/3.12.1/lib/python3.12/site-packages/airflow/example_dags/example_short_circuit_operator.py                                                    1           0  0.10s           2026-04-25T09:44:47
/usr/local/python/3.12.1/lib/python3.12/site-packages/airflow/example_dags/example_params_ui_tutorial.py                                                        1           0  0.10s           2026-04-25T09:44:12
/usr/local/python/3.12.1/lib/python3.12/site-packages/airflow/example_dags/example_params_trigger_ui.py                                                         1           0  0.10s           2026-04-25T09:44:30
/usr/local/python/3.12.1/lib/python3.12/site-packages/airflow/example_dags/example_nested_branch_dag.py                                                         1           0  0.10s           2026-04-25T09:44:31
/usr/local/python/3.12.1/lib/python3.12/site-packages/airflow/example_dags/tutorial_dag.py                                                                      1           0  0.10s           2026-04-25T09:44:23
/usr/local/python/3.12.1/lib/python3.12/site-packages/airflow/example_dags/subdags/subdag.py                                                                    0           0  0.10s           2026-04-25T09:44:39
/usr/local/python/3.12.1/lib/python3.12/site-packages/airflow/example_dags/example_setup_teardown_taskflow.py                                                   1           0  0.10s           2026-04-25T09:44:28
/usr/local/python/3.12.1/lib/python3.12/site-packages/airflow/example_dags/example_xcomargs.py                                                                  2           0  0.10s           2026-04-25T09:44:59
/usr/local/python/3.12.1/lib/python3.12/site-packages/airflow/example_dags/example_external_task_marker_dag.py                                                  2           0  0.10s           2026-04-25T09:44:54
================================================================================
[2026-04-25T09:45:31.279+0000] {manager.py:878} INFO - 
================================================================================
DAG File Processing Stats

File Path                                                                                                                              PID    Runtime      # DAGs    # Errors  Last Runtime    Last Run
-------------------------------------------------------------------------------------------------------------------------------------  -----  ---------  --------  ----------  --------------  -------------------
/usr/local/python/3.12.1/lib/python3.12/site-packages/airflow/example_dags/example_task_group.py                                                                1           0  0.21s           2026-04-25T09:45:24
/usr/local/python/3.12.1/lib/python3.12/site-packages/airflow/example_dags/example_dag_decorator.py                                                             1           0  0.20s           2026-04-25T09:45:12
/usr/local/python/3.12.1/lib/python3.12/site-packages/airflow/example_dags/example_branch_day_of_week_operator.py                                               1           0  0.11s           2026-04-25T09:44:35
/usr/local/python/3.12.1/lib/python3.12/site-packages/airflow/example_dags/example_datasets.py                                                                 10           0  0.11s           2026-04-25T09:44:55
/usr/local/python/3.12.1/lib/python3.12/site-packages/airflow/example_dags/example_trigger_controller_dag.py                                                    1           0  0.11s           2026-04-25T09:45:02
/usr/local/python/3.12.1/lib/python3.12/site-packages/airflow/example_dags/example_dynamic_task_mapping_with_no_taskflow_operators.py                           1           0  0.11s           2026-04-25T09:44:51
/usr/local/python/3.12.1/lib/python3.12/site-packages/airflow/example_dags/tutorial.py                                                                          1           0  0.10s           2026-04-25T09:44:59
/usr/local/python/3.12.1/lib/python3.12/site-packages/airflow/example_dags/example_trigger_target_dag.py                                                        1           0  0.10s           2026-04-25T09:45:00
/usr/local/python/3.12.1/lib/python3.12/site-packages/airflow/example_dags/example_params_ui_tutorial.py                                                        1           0  0.10s           2026-04-25T09:45:09
/usr/local/python/3.12.1/lib/python3.12/site-packages/airflow/example_dags/example_params_trigger_ui.py                                                         1           0  0.10s           2026-04-25T09:45:28
/usr/local/python/3.12.1/lib/python3.12/site-packages/airflow/example_dags/tutorial_dag.py                                                                      1           0  0.10s           2026-04-25T09:45:02
/usr/local/python/3.12.1/lib/python3.12/site-packages/airflow/example_dags/example_branch_python_dop_operator_3.py                                              1           0  0.10s           2026-04-25T09:45:13
/usr/local/python/3.12.1/lib/python3.12/site-packages/airflow/example_dags/example_bash_decorator.py                                                            1           0  0.10s           2026-04-25T09:44:38
/usr/local/python/3.12.1/lib/python3.12/site-packages/airflow/example_dags/example_sensors.py                                                                   1           0  0.10s           2026-04-25T09:45:07
/usr/local/python/3.12.1/lib/python3.12/site-packages/airflow/example_dags/example_sla_dag.py                                                                   1           0  0.10s           2026-04-25T09:44:47
/usr/local/python/3.12.1/lib/python3.12/site-packages/airflow/example_dags/example_kubernetes_executor.py                                                       0           0  0.10s           2026-04-25T09:44:52
/usr/local/python/3.12.1/lib/python3.12/site-packages/airflow/example_dags/tutorial_taskflow_api.py                                                             1           0  0.10s           2026-04-25T09:45:21
/usr/local/python/3.12.1/lib/python3.12/site-packages/airflow/example_dags/example_xcom.py                                                                      1           0  0.10s           2026-04-25T09:45:01
/usr/local/python/3.12.1/lib/python3.12/site-packages/airflow/example_dags/example_branch_datetime_operator.py                                                  3           0  0.10s           2026-04-25T09:45:31
/usr/local/python/3.12.1/lib/python3.12/site-packages/airflow/example_dags/example_time_delta_sensor_async.py                                                   1           0  0.10s           2026-04-25T09:45:03
/usr/local/python/3.12.1/lib/python3.12/site-packages/airflow/example_dags/tutorial_taskflow_api_virtualenv.py                                                  1           0  0.10s           2026-04-25T09:44:58
/usr/local/python/3.12.1/lib/python3.12/site-packages/airflow/example_dags/subdags/subdag.py                                                                    0           0  0.10s           2026-04-25T09:45:16
/usr/local/python/3.12.1/lib/python3.12/site-packages/airflow/example_dags/example_nested_branch_dag.py                                                         1           0  0.10s           2026-04-25T09:45:29
/usr/local/python/3.12.1/lib/python3.12/site-packages/airflow/example_dags/example_branch_operator_decorator.py                                                 1           0  0.10s           2026-04-25T09:45:12
/usr/local/python/3.12.1/lib/python3.12/site-packages/airflow/example_dags/example_task_group_decorator.py                                                      1           0  0.10s           2026-04-25T09:45:23
/usr/local/python/3.12.1/lib/python3.12/site-packages/airflow/example_dags/example_branch_labels.py                                                             1           0  0.10s           2026-04-25T09:44:36
/usr/local/python/3.12.1/lib/python3.12/site-packages/airflow/example_dags/example_bash_operator.py                                                             1           0  0.10s           2026-04-25T09:44:36
/usr/local/python/3.12.1/lib/python3.12/site-packages/airflow/example_dags/example_setup_teardown_taskflow.py                                                   1           0  0.10s           2026-04-25T09:45:25
/usr/local/python/3.12.1/lib/python3.12/site-packages/airflow/example_dags/example_complex.py                                                                   1           0  0.10s           2026-04-25T09:45:15
/usr/local/python/3.12.1/lib/python3.12/site-packages/airflow/example_dags/example_display_name.py                                                              1           0  0.10s           2026-04-25T09:44:56
/usr/local/python/3.12.1/lib/python3.12/site-packages/airflow/example_dags/example_latest_only_with_trigger.py                                                  1           0  0.10s           2026-04-25T09:45:11
/usr/local/python/3.12.1/lib/python3.12/site-packages/airflow/example_dags/plugins/event_listener.py                                                            0           0  0.10s           2026-04-25T09:45:19
/usr/local/python/3.12.1/lib/python3.12/site-packages/airflow/example_dags/example_latest_only.py                                                               1           0  0.10s           2026-04-25T09:44:53
/usr/local/python/3.12.1/lib/python3.12/site-packages/airflow/example_dags/example_python_decorator.py                                                          1           0  0.10s           2026-04-25T09:44:49
/usr/local/python/3.12.1/lib/python3.12/site-packages/airflow/example_dags/example_passing_params_via_test_command.py                                           1           0  0.10s           2026-04-25T09:45:08
/usr/local/python/3.12.1/lib/python3.12/site-packages/airflow/example_dags/example_short_circuit_decorator.py                                                   1           0  0.10s           2026-04-25T09:45:26
/usr/local/python/3.12.1/lib/python3.12/site-packages/airflow/example_dags/tutorial_objectstorage.py                                                            0           1  0.10s           2026-04-25T09:45:22
/usr/local/python/3.12.1/lib/python3.12/site-packages/airflow/example_dags/example_setup_teardown.py                                                            1           0  0.10s           2026-04-25T09:44:48
/usr/local/python/3.12.1/lib/python3.12/site-packages/airflow/example_dags/example_dynamic_task_mapping.py                                                      1           0  0.10s           2026-04-25T09:44:57
/usr/local/python/3.12.1/lib/python3.12/site-packages/airflow/example_dags/plugins/listener_plugin.py                                                           0           0  0.10s           2026-04-25T09:45:17
/usr/local/python/3.12.1/lib/python3.12/site-packages/airflow/example_dags/plugins/decreasing_priority_weight_strategy.py                                       0           0  0.10s           2026-04-25T09:45:20
/usr/local/python/3.12.1/lib/python3.12/site-packages/airflow/example_dags/example_local_kubernetes_executor.py                                                 0           0  0.10s           2026-04-25T09:45:27
/usr/local/python/3.12.1/lib/python3.12/site-packages/airflow/example_dags/plugins/workday.py                                                                   0           0  0.10s           2026-04-25T09:45:17
/usr/local/python/3.12.1/lib/python3.12/site-packages/airflow/example_dags/example_sensor_decorator.py                                                          1           0  0.10s           2026-04-25T09:45:07
/usr/local/python/3.12.1/lib/python3.12/site-packages/airflow/example_dags/example_python_operator.py                                                           1           0  0.10s           2026-04-25T09:44:50
/usr/local/python/3.12.1/lib/python3.12/site-packages/airflow/example_dags/example_short_circuit_operator.py                                                    1           0  0.10s           2026-04-25T09:44:47
/usr/local/python/3.12.1/lib/python3.12/site-packages/airflow/example_dags/example_skip_dag.py                                                                  1           0  0.10s           2026-04-25T09:45:05
/usr/local/python/3.12.1/lib/python3.12/site-packages/airflow/example_dags/example_branch_operator.py                                                           1           0  0.10s           2026-04-25T09:45:30
/usr/local/python/3.12.1/lib/python3.12/site-packages/airflow/example_dags/example_xcomargs.py                                                                  2           0  0.10s           2026-04-25T09:44:59
/usr/local/python/3.12.1/lib/python3.12/site-packages/airflow/example_dags/example_external_task_marker_dag.py                                                  2           0  0.10s           2026-04-25T09:44:54
/usr/local/python/3.12.1/lib/python3.12/site-packages/airflow/example_dags/example_subdag_operator.py                                                           3           0  0.10s           2026-04-25T09:45:04
================================================================================
[2026-04-25T09:46:01.549+0000] {manager.py:878} INFO - 
================================================================================
DAG File Processing Stats

File Path                                                                                                                              PID    Runtime      # DAGs    # Errors  Last Runtime    Last Run
-------------------------------------------------------------------------------------------------------------------------------------  -----  ---------  --------  ----------  --------------  -------------------
/usr/local/python/3.12.1/lib/python3.12/site-packages/airflow/example_dags/example_bash_operator.py                                                             1           0  0.22s           2026-04-25T09:45:34
/usr/local/python/3.12.1/lib/python3.12/site-packages/airflow/example_dags/example_short_circuit_operator.py                                                    1           0  0.22s           2026-04-25T09:45:44
/usr/local/python/3.12.1/lib/python3.12/site-packages/airflow/example_dags/example_task_group.py                                                                1           0  0.21s           2026-04-25T09:45:24
/usr/local/python/3.12.1/lib/python3.12/site-packages/airflow/example_dags/example_dag_decorator.py                                                             1           0  0.20s           2026-04-25T09:45:12
/usr/local/python/3.12.1/lib/python3.12/site-packages/airflow/example_dags/example_time_delta_sensor_async.py                                                   1           0  0.11s           2026-04-25T09:45:43
/usr/local/python/3.12.1/lib/python3.12/site-packages/airflow/example_dags/example_python_decorator.py                                                          1           0  0.11s           2026-04-25T09:45:49
/usr/local/python/3.12.1/lib/python3.12/site-packages/airflow/example_dags/plugins/listener_plugin.py                                                           0           0  0.11s           2026-04-25T09:46:00
/usr/local/python/3.12.1/lib/python3.12/site-packages/airflow/example_dags/example_datasets.py                                                                 10           0  0.11s           2026-04-25T09:45:56
/usr/local/python/3.12.1/lib/python3.12/site-packages/airflow/example_dags/example_display_name.py                                                              1           0  0.11s           2026-04-25T09:45:57
/usr/local/python/3.12.1/lib/python3.12/site-packages/airflow/example_dags/tutorial_dag.py                                                                      1           0  0.11s           2026-04-25T09:45:41
/usr/local/python/3.12.1/lib/python3.12/site-packages/airflow/example_dags/plugins/workday.py                                                                   0           0  0.10s           2026-04-25T09:46:00
/usr/local/python/3.12.1/lib/python3.12/site-packages/airflow/example_dags/example_params_ui_tutorial.py                                                        1           0  0.10s           2026-04-25T09:45:09
/usr/local/python/3.12.1/lib/python3.12/site-packages/airflow/example_dags/example_params_trigger_ui.py                                                         1           0  0.10s           2026-04-25T09:45:28
/usr/local/python/3.12.1/lib/python3.12/site-packages/airflow/example_dags/example_branch_python_dop_operator_3.py                                              1           0  0.10s           2026-04-25T09:45:13
/usr/local/python/3.12.1/lib/python3.12/site-packages/airflow/example_dags/example_python_operator.py                                                           1           0  0.10s           2026-04-25T09:45:50
/usr/local/python/3.12.1/lib/python3.12/site-packages/airflow/example_dags/example_trigger_target_dag.py                                                        1           0  0.10s           2026-04-25T09:45:39
/usr/local/python/3.12.1/lib/python3.12/site-packages/airflow/example_dags/example_sensors.py                                                                   1           0  0.10s           2026-04-25T09:45:07
/usr/local/python/3.12.1/lib/python3.12/site-packages/airflow/example_dags/tutorial_taskflow_api.py                                                             1           0  0.10s           2026-04-25T09:45:21
/usr/local/python/3.12.1/lib/python3.12/site-packages/airflow/example_dags/example_branch_datetime_operator.py                                                  3           0  0.10s           2026-04-25T09:45:31
/usr/local/python/3.12.1/lib/python3.12/site-packages/airflow/example_dags/example_xcomargs.py                                                                  2           0  0.10s           2026-04-25T09:45:37
/usr/local/python/3.12.1/lib/python3.12/site-packages/airflow/example_dags/tutorial.py                                                                          1           0  0.10s           2026-04-25T09:45:38
/usr/local/python/3.12.1/lib/python3.12/site-packages/airflow/example_dags/example_sla_dag.py                                                                   1           0  0.10s           2026-04-25T09:45:45
/usr/local/python/3.12.1/lib/python3.12/site-packages/airflow/example_dags/example_bash_decorator.py                                                            1           0  0.10s           2026-04-25T09:45:35
/usr/local/python/3.12.1/lib/python3.12/site-packages/airflow/example_dags/plugins/event_listener.py                                                            0           0  0.10s           2026-04-25T09:46:01
/usr/local/python/3.12.1/lib/python3.12/site-packages/airflow/example_dags/example_nested_branch_dag.py                                                         1           0  0.10s           2026-04-25T09:45:29
/usr/local/python/3.12.1/lib/python3.12/site-packages/airflow/example_dags/example_branch_operator_decorator.py                                                 1           0  0.10s           2026-04-25T09:45:12
/usr/local/python/3.12.1/lib/python3.12/site-packages/airflow/example_dags/example_task_group_decorator.py                                                      1           0  0.10s           2026-04-25T09:45:23
/usr/local/python/3.12.1/lib/python3.12/site-packages/airflow/example_dags/example_external_task_marker_dag.py                                                  2           0  0.10s           2026-04-25T09:45:54
/usr/local/python/3.12.1/lib/python3.12/site-packages/airflow/example_dags/example_setup_teardown_taskflow.py                                                   1           0  0.10s           2026-04-25T09:45:25
/usr/local/python/3.12.1/lib/python3.12/site-packages/airflow/example_dags/example_complex.py                                                                   1           0  0.10s           2026-04-25T09:45:15
/usr/local/python/3.12.1/lib/python3.12/site-packages/airflow/example_dags/example_latest_only_with_trigger.py                                                  1           0  0.10s           2026-04-25T09:45:11
/usr/local/python/3.12.1/lib/python3.12/site-packages/airflow/example_dags/example_passing_params_via_test_command.py                                           1           0  0.10s           2026-04-25T09:45:08
/usr/local/python/3.12.1/lib/python3.12/site-packages/airflow/example_dags/example_short_circuit_decorator.py                                                   1           0  0.10s           2026-04-25T09:45:26
/usr/local/python/3.12.1/lib/python3.12/site-packages/airflow/example_dags/example_branch_labels.py                                                             1           0  0.10s           2026-04-25T09:45:33
/usr/local/python/3.12.1/lib/python3.12/site-packages/airflow/example_dags/example_xcom.py                                                                      1           0  0.10s           2026-04-25T09:45:40
/usr/local/python/3.12.1/lib/python3.12/site-packages/airflow/example_dags/tutorial_objectstorage.py                                                            0           1  0.10s           2026-04-25T09:45:22
/usr/local/python/3.12.1/lib/python3.12/site-packages/airflow/example_dags/example_dynamic_task_mapping_with_no_taskflow_operators.py                           1           0  0.10s           2026-04-25T09:45:51
/usr/local/python/3.12.1/lib/python3.12/site-packages/airflow/example_dags/example_skip_dag.py                                                                  1           0  0.10s           2026-04-25T09:45:47
/usr/local/python/3.12.1/lib/python3.12/site-packages/airflow/example_dags/tutorial_taskflow_api_virtualenv.py                                                  1           0  0.10s           2026-04-25T09:45:36
/usr/local/python/3.12.1/lib/python3.12/site-packages/airflow/example_dags/plugins/decreasing_priority_weight_strategy.py                                       0           0  0.10s           2026-04-25T09:45:20
/usr/local/python/3.12.1/lib/python3.12/site-packages/airflow/example_dags/example_local_kubernetes_executor.py                                                 0           0  0.10s           2026-04-25T09:45:27
/usr/local/python/3.12.1/lib/python3.12/site-packages/airflow/example_dags/example_sensor_decorator.py                                                          1           0  0.10s           2026-04-25T09:45:07
/usr/local/python/3.12.1/lib/python3.12/site-packages/airflow/example_dags/example_branch_day_of_week_operator.py                                               1           0  0.10s           2026-04-25T09:45:32
/usr/local/python/3.12.1/lib/python3.12/site-packages/airflow/example_dags/example_setup_teardown.py                                                            1           0  0.10s           2026-04-25T09:45:48
/usr/local/python/3.12.1/lib/python3.12/site-packages/airflow/example_dags/example_trigger_controller_dag.py                                                    1           0  0.10s           2026-04-25T09:45:42
/usr/local/python/3.12.1/lib/python3.12/site-packages/airflow/example_dags/example_kubernetes_executor.py                                                       0           0  0.10s           2026-04-25T09:45:52
/usr/local/python/3.12.1/lib/python3.12/site-packages/airflow/example_dags/example_latest_only.py                                                               1           0  0.10s           2026-04-25T09:45:53
/usr/local/python/3.12.1/lib/python3.12/site-packages/airflow/example_dags/example_dynamic_task_mapping.py                                                      1           0  0.10s           2026-04-25T09:45:58
/usr/local/python/3.12.1/lib/python3.12/site-packages/airflow/example_dags/subdags/subdag.py                                                                    0           0  0.10s           2026-04-25T09:45:58
/usr/local/python/3.12.1/lib/python3.12/site-packages/airflow/example_dags/example_branch_operator.py                                                           1           0  0.10s           2026-04-25T09:45:30
/usr/local/python/3.12.1/lib/python3.12/site-packages/airflow/example_dags/example_subdag_operator.py                                                           3           0  0.10s           2026-04-25T09:45:46
================================================================================
[2026-04-25T09:46:31.819+0000] {manager.py:878} INFO - 
================================================================================
DAG File Processing Stats

File Path                                                                                                                              PID    Runtime      # DAGs    # Errors  Last Runtime    Last Run
-------------------------------------------------------------------------------------------------------------------------------------  -----  ---------  --------  ----------  --------------  -------------------
/usr/local/python/3.12.1/lib/python3.12/site-packages/airflow/example_dags/example_bash_operator.py                                                             1           0  0.22s           2026-04-25T09:45:34
/usr/local/python/3.12.1/lib/python3.12/site-packages/airflow/example_dags/example_dag_decorator.py                                                             1           0  0.20s           2026-04-25T09:46:15
/usr/local/python/3.12.1/lib/python3.12/site-packages/airflow/example_dags/example_sensor_decorator.py                                                          1           0  0.12s           2026-04-25T09:46:10
/usr/local/python/3.12.1/lib/python3.12/site-packages/airflow/example_dags/example_xcomargs.py                                                                  2           0  0.12s           2026-04-25T09:46:20
/usr/local/python/3.12.1/lib/python3.12/site-packages/airflow/example_dags/example_python_decorator.py                                                          1           0  0.11s           2026-04-25T09:45:49
/usr/local/python/3.12.1/lib/python3.12/site-packages/airflow/example_dags/plugins/listener_plugin.py                                                           0           0  0.11s           2026-04-25T09:46:00
/usr/local/python/3.12.1/lib/python3.12/site-packages/airflow/example_dags/example_time_delta_sensor_async.py                                                   1           0  0.11s           2026-04-25T09:46:26
/usr/local/python/3.12.1/lib/python3.12/site-packages/airflow/example_dags/example_task_group_decorator.py                                                      1           0  0.11s           2026-04-25T09:46:05
/usr/local/python/3.12.1/lib/python3.12/site-packages/airflow/example_dags/example_datasets.py                                                                 10           0  0.11s           2026-04-25T09:45:56
/usr/local/python/3.12.1/lib/python3.12/site-packages/airflow/example_dags/example_xcom.py                                                                      1           0  0.11s           2026-04-25T09:46:24
/usr/local/python/3.12.1/lib/python3.12/site-packages/airflow/example_dags/example_display_name.py                                                              1           0  0.11s           2026-04-25T09:45:57
/usr/local/python/3.12.1/lib/python3.12/site-packages/airflow/example_dags/plugins/decreasing_priority_weight_strategy.py                                       0           0  0.11s           2026-04-25T09:46:02
/usr/local/python/3.12.1/lib/python3.12/site-packages/airflow/example_dags/example_setup_teardown_taskflow.py                                                   1           0  0.10s           2026-04-25T09:46:07
/usr/local/python/3.12.1/lib/python3.12/site-packages/airflow/example_dags/example_setup_teardown.py                                                            1           0  0.10s           2026-04-25T09:46:31
/usr/local/python/3.12.1/lib/python3.12/site-packages/airflow/example_dags/plugins/workday.py                                                                   0           0  0.10s           2026-04-25T09:46:00
/usr/local/python/3.12.1/lib/python3.12/site-packages/airflow/example_dags/example_trigger_target_dag.py                                                        1           0  0.10s           2026-04-25T09:46:22
/usr/local/python/3.12.1/lib/python3.12/site-packages/airflow/example_dags/example_subdag_operator.py                                                           3           0  0.10s           2026-04-25T09:46:29
/usr/local/python/3.12.1/lib/python3.12/site-packages/airflow/example_dags/example_python_operator.py                                                           1           0  0.10s           2026-04-25T09:45:50
/usr/local/python/3.12.1/lib/python3.12/site-packages/airflow/example_dags/example_branch_operator_decorator.py                                                 1           0  0.10s           2026-04-25T09:46:16
/usr/local/python/3.12.1/lib/python3.12/site-packages/airflow/example_dags/example_passing_params_via_test_command.py                                           1           0  0.10s           2026-04-25T09:46:10
/usr/local/python/3.12.1/lib/python3.12/site-packages/airflow/example_dags/example_branch_datetime_operator.py                                                  3           0  0.10s           2026-04-25T09:45:31
/usr/local/python/3.12.1/lib/python3.12/site-packages/airflow/example_dags/example_task_group.py                                                                1           0  0.10s           2026-04-25T09:46:06
/usr/local/python/3.12.1/lib/python3.12/site-packages/airflow/example_dags/example_bash_decorator.py                                                            1           0  0.10s           2026-04-25T09:45:35
/usr/local/python/3.12.1/lib/python3.12/site-packages/airflow/example_dags/plugins/event_listener.py                                                            0           0  0.10s           2026-04-25T09:46:01
/usr/local/python/3.12.1/lib/python3.12/site-packages/airflow/example_dags/example_nested_branch_dag.py                                                         1           0  0.10s           2026-04-25T09:45:29
/usr/local/python/3.12.1/lib/python3.12/site-packages/airflow/example_dags/example_external_task_marker_dag.py                                                  2           0  0.10s           2026-04-25T09:45:54
/usr/local/python/3.12.1/lib/python3.12/site-packages/airflow/example_dags/example_short_circuit_operator.py                                                    1           0  0.10s           2026-04-25T09:46:28
/usr/local/python/3.12.1/lib/python3.12/site-packages/airflow/example_dags/tutorial_dag.py                                                                      1           0  0.10s           2026-04-25T09:46:24
/usr/local/python/3.12.1/lib/python3.12/site-packages/airflow/example_dags/example_latest_only_with_trigger.py                                                  1           0  0.10s           2026-04-25T09:46:12
/usr/local/python/3.12.1/lib/python3.12/site-packages/airflow/example_dags/example_branch_python_dop_operator_3.py                                              1           0  0.10s           2026-04-25T09:46:17
/usr/local/python/3.12.1/lib/python3.12/site-packages/airflow/example_dags/example_sensors.py                                                                   1           0  0.10s           2026-04-25T09:46:09
/usr/local/python/3.12.1/lib/python3.12/site-packages/airflow/example_dags/example_branch_labels.py                                                             1           0  0.10s           2026-04-25T09:45:33
/usr/local/python/3.12.1/lib/python3.12/site-packages/airflow/example_dags/example_local_kubernetes_executor.py                                                 0           0  0.10s           2026-04-25T09:46:14
/usr/local/python/3.12.1/lib/python3.12/site-packages/airflow/example_dags/tutorial_taskflow_api_virtualenv.py                                                  1           0  0.10s           2026-04-25T09:46:19
/usr/local/python/3.12.1/lib/python3.12/site-packages/airflow/example_dags/example_dynamic_task_mapping_with_no_taskflow_operators.py                           1           0  0.10s           2026-04-25T09:45:51
/usr/local/python/3.12.1/lib/python3.12/site-packages/airflow/example_dags/example_sla_dag.py                                                                   1           0  0.10s           2026-04-25T09:46:29
/usr/local/python/3.12.1/lib/python3.12/site-packages/airflow/example_dags/example_params_trigger_ui.py                                                         1           0  0.10s           2026-04-25T09:46:14
/usr/local/python/3.12.1/lib/python3.12/site-packages/airflow/example_dags/example_trigger_controller_dag.py                                                    1           0  0.10s           2026-04-25T09:46:25
/usr/local/python/3.12.1/lib/python3.12/site-packages/airflow/example_dags/example_branch_day_of_week_operator.py                                               1           0  0.10s           2026-04-25T09:45:32
/usr/local/python/3.12.1/lib/python3.12/site-packages/airflow/example_dags/tutorial.py                                                                          1           0  0.10s           2026-04-25T09:46:21
/usr/local/python/3.12.1/lib/python3.12/site-packages/airflow/example_dags/tutorial_taskflow_api.py                                                             1           0  0.10s           2026-04-25T09:46:03
/usr/local/python/3.12.1/lib/python3.12/site-packages/airflow/example_dags/example_skip_dag.py                                                                  1           0  0.10s           2026-04-25T09:46:30
/usr/local/python/3.12.1/lib/python3.12/site-packages/airflow/example_dags/tutorial_objectstorage.py                                                            0           1  0.10s           2026-04-25T09:46:04
/usr/local/python/3.12.1/lib/python3.12/site-packages/airflow/example_dags/example_short_circuit_decorator.py                                                   1           0  0.10s           2026-04-25T09:46:08
/usr/local/python/3.12.1/lib/python3.12/site-packages/airflow/example_dags/example_kubernetes_executor.py                                                       0           0  0.10s           2026-04-25T09:45:52
/usr/local/python/3.12.1/lib/python3.12/site-packages/airflow/example_dags/example_latest_only.py                                                               1           0  0.10s           2026-04-25T09:45:53
/usr/local/python/3.12.1/lib/python3.12/site-packages/airflow/example_dags/example_dynamic_task_mapping.py                                                      1           0  0.10s           2026-04-25T09:45:58
/usr/local/python/3.12.1/lib/python3.12/site-packages/airflow/example_dags/subdags/subdag.py                                                                    0           0  0.10s           2026-04-25T09:45:58
/usr/local/python/3.12.1/lib/python3.12/site-packages/airflow/example_dags/example_complex.py                                                                   1           0  0.10s           2026-04-25T09:46:18
/usr/local/python/3.12.1/lib/python3.12/site-packages/airflow/example_dags/example_params_ui_tutorial.py                                                        1           0  0.10s           2026-04-25T09:46:11
/usr/local/python/3.12.1/lib/python3.12/site-packages/airflow/example_dags/example_branch_operator.py                                                           1           0  0.10s           2026-04-25T09:45:30
================================================================================
