[2026-04-26T06:55:09.194+0000] {processor.py:161} INFO - Started process (PID=9951) to work on /usr/local/python/3.12.1/lib/python3.12/site-packages/airflow/example_dags/plugins/decreasing_priority_weight_strategy.py
[2026-04-26T06:55:09.196+0000] {processor.py:830} INFO - Processing file /usr/local/python/3.12.1/lib/python3.12/site-packages/airflow/example_dags/plugins/decreasing_priority_weight_strategy.py for tasks to queue
[2026-04-26T06:55:09.197+0000] {logging_mixin.py:188} INFO - [2026-04-26T06:55:09.196+0000] {dagbag.py:540} INFO - Filling up the DagBag from /usr/local/python/3.12.1/lib/python3.12/site-packages/airflow/example_dags/plugins/decreasing_priority_weight_strategy.py
[2026-04-26T06:55:09.203+0000] {processor.py:842} WARNING - No viable dags retrieved from /usr/local/python/3.12.1/lib/python3.12/site-packages/airflow/example_dags/plugins/decreasing_priority_weight_strategy.py
[2026-04-26T06:55:09.216+0000] {processor.py:183} INFO - Processing /usr/local/python/3.12.1/lib/python3.12/site-packages/airflow/example_dags/plugins/decreasing_priority_weight_strategy.py took 0.034 seconds
[2026-04-26T06:56:03.426+0000] {processor.py:161} INFO - Started process (PID=10493) to work on /usr/local/python/3.12.1/lib/python3.12/site-packages/airflow/example_dags/plugins/decreasing_priority_weight_strategy.py
[2026-04-26T06:56:03.427+0000] {processor.py:830} INFO - Processing file /usr/local/python/3.12.1/lib/python3.12/site-packages/airflow/example_dags/plugins/decreasing_priority_weight_strategy.py for tasks to queue
[2026-04-26T06:56:03.428+0000] {logging_mixin.py:188} INFO - [2026-04-26T06:56:03.428+0000] {dagbag.py:540} INFO - Filling up the DagBag from /usr/local/python/3.12.1/lib/python3.12/site-packages/airflow/example_dags/plugins/decreasing_priority_weight_strategy.py
[2026-04-26T06:56:03.429+0000] {processor.py:842} WARNING - No viable dags retrieved from /usr/local/python/3.12.1/lib/python3.12/site-packages/airflow/example_dags/plugins/decreasing_priority_weight_strategy.py
[2026-04-26T06:56:03.436+0000] {processor.py:183} INFO - Processing /usr/local/python/3.12.1/lib/python3.12/site-packages/airflow/example_dags/plugins/decreasing_priority_weight_strategy.py took 0.014 seconds
[2026-04-26T06:56:45.933+0000] {processor.py:161} INFO - Started process (PID=10861) to work on /usr/local/python/3.12.1/lib/python3.12/site-packages/airflow/example_dags/plugins/decreasing_priority_weight_strategy.py
[2026-04-26T06:56:45.933+0000] {processor.py:830} INFO - Processing file /usr/local/python/3.12.1/lib/python3.12/site-packages/airflow/example_dags/plugins/decreasing_priority_weight_strategy.py for tasks to queue
[2026-04-26T06:56:45.934+0000] {logging_mixin.py:188} INFO - [2026-04-26T06:56:45.934+0000] {dagbag.py:540} INFO - Filling up the DagBag from /usr/local/python/3.12.1/lib/python3.12/site-packages/airflow/example_dags/plugins/decreasing_priority_weight_strategy.py
[2026-04-26T06:56:45.936+0000] {processor.py:842} WARNING - No viable dags retrieved from /usr/local/python/3.12.1/lib/python3.12/site-packages/airflow/example_dags/plugins/decreasing_priority_weight_strategy.py
[2026-04-26T06:56:45.942+0000] {processor.py:183} INFO - Processing /usr/local/python/3.12.1/lib/python3.12/site-packages/airflow/example_dags/plugins/decreasing_priority_weight_strategy.py took 0.014 seconds
[2026-04-26T06:57:28.772+0000] {processor.py:161} INFO - Started process (PID=11340) to work on /usr/local/python/3.12.1/lib/python3.12/site-packages/airflow/example_dags/plugins/decreasing_priority_weight_strategy.py
[2026-04-26T06:57:28.773+0000] {processor.py:830} INFO - Processing file /usr/local/python/3.12.1/lib/python3.12/site-packages/airflow/example_dags/plugins/decreasing_priority_weight_strategy.py for tasks to queue
[2026-04-26T06:57:28.774+0000] {logging_mixin.py:188} INFO - [2026-04-26T06:57:28.774+0000] {dagbag.py:540} INFO - Filling up the DagBag from /usr/local/python/3.12.1/lib/python3.12/site-packages/airflow/example_dags/plugins/decreasing_priority_weight_strategy.py
[2026-04-26T06:57:28.775+0000] {processor.py:842} WARNING - No viable dags retrieved from /usr/local/python/3.12.1/lib/python3.12/site-packages/airflow/example_dags/plugins/decreasing_priority_weight_strategy.py
[2026-04-26T06:57:28.782+0000] {processor.py:183} INFO - Processing /usr/local/python/3.12.1/lib/python3.12/site-packages/airflow/example_dags/plugins/decreasing_priority_weight_strategy.py took 0.014 seconds
[2026-04-26T06:58:09.414+0000] {processor.py:161} INFO - Started process (PID=11895) to work on /usr/local/python/3.12.1/lib/python3.12/site-packages/airflow/example_dags/plugins/decreasing_priority_weight_strategy.py
[2026-04-26T06:58:09.414+0000] {processor.py:830} INFO - Processing file /usr/local/python/3.12.1/lib/python3.12/site-packages/airflow/example_dags/plugins/decreasing_priority_weight_strategy.py for tasks to queue
[2026-04-26T06:58:09.415+0000] {logging_mixin.py:188} INFO - [2026-04-26T06:58:09.415+0000] {dagbag.py:540} INFO - Filling up the DagBag from /usr/local/python/3.12.1/lib/python3.12/site-packages/airflow/example_dags/plugins/decreasing_priority_weight_strategy.py
[2026-04-26T06:58:09.417+0000] {processor.py:842} WARNING - No viable dags retrieved from /usr/local/python/3.12.1/lib/python3.12/site-packages/airflow/example_dags/plugins/decreasing_priority_weight_strategy.py
[2026-04-26T06:58:09.424+0000] {processor.py:183} INFO - Processing /usr/local/python/3.12.1/lib/python3.12/site-packages/airflow/example_dags/plugins/decreasing_priority_weight_strategy.py took 0.014 seconds
[2026-04-26T06:58:51.764+0000] {processor.py:161} INFO - Started process (PID=12340) to work on /usr/local/python/3.12.1/lib/python3.12/site-packages/airflow/example_dags/plugins/decreasing_priority_weight_strategy.py
[2026-04-26T06:58:51.764+0000] {processor.py:830} INFO - Processing file /usr/local/python/3.12.1/lib/python3.12/site-packages/airflow/example_dags/plugins/decreasing_priority_weight_strategy.py for tasks to queue
[2026-04-26T06:58:51.765+0000] {logging_mixin.py:188} INFO - [2026-04-26T06:58:51.765+0000] {dagbag.py:540} INFO - Filling up the DagBag from /usr/local/python/3.12.1/lib/python3.12/site-packages/airflow/example_dags/plugins/decreasing_priority_weight_strategy.py
[2026-04-26T06:58:51.767+0000] {processor.py:842} WARNING - No viable dags retrieved from /usr/local/python/3.12.1/lib/python3.12/site-packages/airflow/example_dags/plugins/decreasing_priority_weight_strategy.py
[2026-04-26T06:58:51.773+0000] {processor.py:183} INFO - Processing /usr/local/python/3.12.1/lib/python3.12/site-packages/airflow/example_dags/plugins/decreasing_priority_weight_strategy.py took 0.014 seconds
[2026-04-26T06:59:30.362+0000] {processor.py:161} INFO - Started process (PID=12740) to work on /usr/local/python/3.12.1/lib/python3.12/site-packages/airflow/example_dags/plugins/decreasing_priority_weight_strategy.py
[2026-04-26T06:59:30.363+0000] {processor.py:830} INFO - Processing file /usr/local/python/3.12.1/lib/python3.12/site-packages/airflow/example_dags/plugins/decreasing_priority_weight_strategy.py for tasks to queue
[2026-04-26T06:59:30.364+0000] {logging_mixin.py:188} INFO - [2026-04-26T06:59:30.363+0000] {dagbag.py:540} INFO - Filling up the DagBag from /usr/local/python/3.12.1/lib/python3.12/site-packages/airflow/example_dags/plugins/decreasing_priority_weight_strategy.py
[2026-04-26T06:59:30.365+0000] {processor.py:842} WARNING - No viable dags retrieved from /usr/local/python/3.12.1/lib/python3.12/site-packages/airflow/example_dags/plugins/decreasing_priority_weight_strategy.py
[2026-04-26T06:59:30.372+0000] {processor.py:183} INFO - Processing /usr/local/python/3.12.1/lib/python3.12/site-packages/airflow/example_dags/plugins/decreasing_priority_weight_strategy.py took 0.014 seconds
[2026-04-26T07:00:09.964+0000] {processor.py:161} INFO - Started process (PID=13137) to work on /usr/local/python/3.12.1/lib/python3.12/site-packages/airflow/example_dags/plugins/decreasing_priority_weight_strategy.py
[2026-04-26T07:00:09.965+0000] {processor.py:830} INFO - Processing file /usr/local/python/3.12.1/lib/python3.12/site-packages/airflow/example_dags/plugins/decreasing_priority_weight_strategy.py for tasks to queue
[2026-04-26T07:00:09.966+0000] {logging_mixin.py:188} INFO - [2026-04-26T07:00:09.966+0000] {dagbag.py:540} INFO - Filling up the DagBag from /usr/local/python/3.12.1/lib/python3.12/site-packages/airflow/example_dags/plugins/decreasing_priority_weight_strategy.py
[2026-04-26T07:00:09.969+0000] {processor.py:842} WARNING - No viable dags retrieved from /usr/local/python/3.12.1/lib/python3.12/site-packages/airflow/example_dags/plugins/decreasing_priority_weight_strategy.py
[2026-04-26T07:00:09.979+0000] {processor.py:183} INFO - Processing /usr/local/python/3.12.1/lib/python3.12/site-packages/airflow/example_dags/plugins/decreasing_priority_weight_strategy.py took 0.026 seconds
[2026-04-26T07:00:54.048+0000] {processor.py:161} INFO - Started process (PID=13513) to work on /usr/local/python/3.12.1/lib/python3.12/site-packages/airflow/example_dags/plugins/decreasing_priority_weight_strategy.py
[2026-04-26T07:00:54.048+0000] {processor.py:830} INFO - Processing file /usr/local/python/3.12.1/lib/python3.12/site-packages/airflow/example_dags/plugins/decreasing_priority_weight_strategy.py for tasks to queue
[2026-04-26T07:00:54.049+0000] {logging_mixin.py:188} INFO - [2026-04-26T07:00:54.049+0000] {dagbag.py:540} INFO - Filling up the DagBag from /usr/local/python/3.12.1/lib/python3.12/site-packages/airflow/example_dags/plugins/decreasing_priority_weight_strategy.py
[2026-04-26T07:00:54.051+0000] {processor.py:842} WARNING - No viable dags retrieved from /usr/local/python/3.12.1/lib/python3.12/site-packages/airflow/example_dags/plugins/decreasing_priority_weight_strategy.py
[2026-04-26T07:00:54.058+0000] {processor.py:183} INFO - Processing /usr/local/python/3.12.1/lib/python3.12/site-packages/airflow/example_dags/plugins/decreasing_priority_weight_strategy.py took 0.014 seconds
[2026-04-26T07:01:38.426+0000] {processor.py:161} INFO - Started process (PID=13881) to work on /usr/local/python/3.12.1/lib/python3.12/site-packages/airflow/example_dags/plugins/decreasing_priority_weight_strategy.py
[2026-04-26T07:01:38.427+0000] {processor.py:830} INFO - Processing file /usr/local/python/3.12.1/lib/python3.12/site-packages/airflow/example_dags/plugins/decreasing_priority_weight_strategy.py for tasks to queue
[2026-04-26T07:01:38.427+0000] {logging_mixin.py:188} INFO - [2026-04-26T07:01:38.427+0000] {dagbag.py:540} INFO - Filling up the DagBag from /usr/local/python/3.12.1/lib/python3.12/site-packages/airflow/example_dags/plugins/decreasing_priority_weight_strategy.py
[2026-04-26T07:01:38.429+0000] {processor.py:842} WARNING - No viable dags retrieved from /usr/local/python/3.12.1/lib/python3.12/site-packages/airflow/example_dags/plugins/decreasing_priority_weight_strategy.py
[2026-04-26T07:01:38.436+0000] {processor.py:183} INFO - Processing /usr/local/python/3.12.1/lib/python3.12/site-packages/airflow/example_dags/plugins/decreasing_priority_weight_strategy.py took 0.015 seconds
[2026-04-26T07:02:22.387+0000] {processor.py:161} INFO - Started process (PID=14269) to work on /usr/local/python/3.12.1/lib/python3.12/site-packages/airflow/example_dags/plugins/decreasing_priority_weight_strategy.py
[2026-04-26T07:02:22.388+0000] {processor.py:830} INFO - Processing file /usr/local/python/3.12.1/lib/python3.12/site-packages/airflow/example_dags/plugins/decreasing_priority_weight_strategy.py for tasks to queue
[2026-04-26T07:02:22.389+0000] {logging_mixin.py:188} INFO - [2026-04-26T07:02:22.388+0000] {dagbag.py:540} INFO - Filling up the DagBag from /usr/local/python/3.12.1/lib/python3.12/site-packages/airflow/example_dags/plugins/decreasing_priority_weight_strategy.py
[2026-04-26T07:02:22.390+0000] {processor.py:842} WARNING - No viable dags retrieved from /usr/local/python/3.12.1/lib/python3.12/site-packages/airflow/example_dags/plugins/decreasing_priority_weight_strategy.py
[2026-04-26T07:02:22.397+0000] {processor.py:183} INFO - Processing /usr/local/python/3.12.1/lib/python3.12/site-packages/airflow/example_dags/plugins/decreasing_priority_weight_strategy.py took 0.014 seconds
[2026-04-26T07:03:12.383+0000] {processor.py:161} INFO - Started process (PID=14676) to work on /usr/local/python/3.12.1/lib/python3.12/site-packages/airflow/example_dags/plugins/decreasing_priority_weight_strategy.py
[2026-04-26T07:03:12.383+0000] {processor.py:830} INFO - Processing file /usr/local/python/3.12.1/lib/python3.12/site-packages/airflow/example_dags/plugins/decreasing_priority_weight_strategy.py for tasks to queue
[2026-04-26T07:03:12.384+0000] {logging_mixin.py:188} INFO - [2026-04-26T07:03:12.384+0000] {dagbag.py:540} INFO - Filling up the DagBag from /usr/local/python/3.12.1/lib/python3.12/site-packages/airflow/example_dags/plugins/decreasing_priority_weight_strategy.py
[2026-04-26T07:03:12.386+0000] {processor.py:842} WARNING - No viable dags retrieved from /usr/local/python/3.12.1/lib/python3.12/site-packages/airflow/example_dags/plugins/decreasing_priority_weight_strategy.py
[2026-04-26T07:03:12.392+0000] {processor.py:183} INFO - Processing /usr/local/python/3.12.1/lib/python3.12/site-packages/airflow/example_dags/plugins/decreasing_priority_weight_strategy.py took 0.014 seconds
[2026-04-26T07:03:53.407+0000] {processor.py:161} INFO - Started process (PID=14982) to work on /usr/local/python/3.12.1/lib/python3.12/site-packages/airflow/example_dags/plugins/decreasing_priority_weight_strategy.py
[2026-04-26T07:03:53.408+0000] {processor.py:830} INFO - Processing file /usr/local/python/3.12.1/lib/python3.12/site-packages/airflow/example_dags/plugins/decreasing_priority_weight_strategy.py for tasks to queue
[2026-04-26T07:03:53.409+0000] {logging_mixin.py:188} INFO - [2026-04-26T07:03:53.408+0000] {dagbag.py:540} INFO - Filling up the DagBag from /usr/local/python/3.12.1/lib/python3.12/site-packages/airflow/example_dags/plugins/decreasing_priority_weight_strategy.py
[2026-04-26T07:03:53.410+0000] {processor.py:842} WARNING - No viable dags retrieved from /usr/local/python/3.12.1/lib/python3.12/site-packages/airflow/example_dags/plugins/decreasing_priority_weight_strategy.py
[2026-04-26T07:03:53.418+0000] {processor.py:183} INFO - Processing /usr/local/python/3.12.1/lib/python3.12/site-packages/airflow/example_dags/plugins/decreasing_priority_weight_strategy.py took 0.015 seconds
[2026-04-26T07:04:30.568+0000] {processor.py:161} INFO - Started process (PID=15433) to work on /usr/local/python/3.12.1/lib/python3.12/site-packages/airflow/example_dags/plugins/decreasing_priority_weight_strategy.py
[2026-04-26T07:04:30.569+0000] {processor.py:830} INFO - Processing file /usr/local/python/3.12.1/lib/python3.12/site-packages/airflow/example_dags/plugins/decreasing_priority_weight_strategy.py for tasks to queue
[2026-04-26T07:04:30.570+0000] {logging_mixin.py:188} INFO - [2026-04-26T07:04:30.570+0000] {dagbag.py:540} INFO - Filling up the DagBag from /usr/local/python/3.12.1/lib/python3.12/site-packages/airflow/example_dags/plugins/decreasing_priority_weight_strategy.py
[2026-04-26T07:04:30.572+0000] {processor.py:842} WARNING - No viable dags retrieved from /usr/local/python/3.12.1/lib/python3.12/site-packages/airflow/example_dags/plugins/decreasing_priority_weight_strategy.py
[2026-04-26T07:04:30.579+0000] {processor.py:183} INFO - Processing /usr/local/python/3.12.1/lib/python3.12/site-packages/airflow/example_dags/plugins/decreasing_priority_weight_strategy.py took 0.014 seconds
[2026-04-26T07:05:09.383+0000] {processor.py:161} INFO - Started process (PID=15855) to work on /usr/local/python/3.12.1/lib/python3.12/site-packages/airflow/example_dags/plugins/decreasing_priority_weight_strategy.py
[2026-04-26T07:05:09.384+0000] {processor.py:830} INFO - Processing file /usr/local/python/3.12.1/lib/python3.12/site-packages/airflow/example_dags/plugins/decreasing_priority_weight_strategy.py for tasks to queue
[2026-04-26T07:05:09.385+0000] {logging_mixin.py:188} INFO - [2026-04-26T07:05:09.384+0000] {dagbag.py:540} INFO - Filling up the DagBag from /usr/local/python/3.12.1/lib/python3.12/site-packages/airflow/example_dags/plugins/decreasing_priority_weight_strategy.py
[2026-04-26T07:05:09.387+0000] {processor.py:842} WARNING - No viable dags retrieved from /usr/local/python/3.12.1/lib/python3.12/site-packages/airflow/example_dags/plugins/decreasing_priority_weight_strategy.py
[2026-04-26T07:05:09.398+0000] {processor.py:183} INFO - Processing /usr/local/python/3.12.1/lib/python3.12/site-packages/airflow/example_dags/plugins/decreasing_priority_weight_strategy.py took 0.022 seconds
[2026-04-26T07:05:46.554+0000] {processor.py:161} INFO - Started process (PID=16326) to work on /usr/local/python/3.12.1/lib/python3.12/site-packages/airflow/example_dags/plugins/decreasing_priority_weight_strategy.py
[2026-04-26T07:05:46.555+0000] {processor.py:830} INFO - Processing file /usr/local/python/3.12.1/lib/python3.12/site-packages/airflow/example_dags/plugins/decreasing_priority_weight_strategy.py for tasks to queue
[2026-04-26T07:05:46.556+0000] {logging_mixin.py:188} INFO - [2026-04-26T07:05:46.555+0000] {dagbag.py:540} INFO - Filling up the DagBag from /usr/local/python/3.12.1/lib/python3.12/site-packages/airflow/example_dags/plugins/decreasing_priority_weight_strategy.py
[2026-04-26T07:05:46.557+0000] {processor.py:842} WARNING - No viable dags retrieved from /usr/local/python/3.12.1/lib/python3.12/site-packages/airflow/example_dags/plugins/decreasing_priority_weight_strategy.py
[2026-04-26T07:05:46.565+0000] {processor.py:183} INFO - Processing /usr/local/python/3.12.1/lib/python3.12/site-packages/airflow/example_dags/plugins/decreasing_priority_weight_strategy.py took 0.017 seconds
[2026-04-26T07:06:26.464+0000] {processor.py:161} INFO - Started process (PID=16617) to work on /usr/local/python/3.12.1/lib/python3.12/site-packages/airflow/example_dags/plugins/decreasing_priority_weight_strategy.py
[2026-04-26T07:06:26.465+0000] {processor.py:830} INFO - Processing file /usr/local/python/3.12.1/lib/python3.12/site-packages/airflow/example_dags/plugins/decreasing_priority_weight_strategy.py for tasks to queue
[2026-04-26T07:06:26.466+0000] {logging_mixin.py:188} INFO - [2026-04-26T07:06:26.465+0000] {dagbag.py:540} INFO - Filling up the DagBag from /usr/local/python/3.12.1/lib/python3.12/site-packages/airflow/example_dags/plugins/decreasing_priority_weight_strategy.py
[2026-04-26T07:06:26.468+0000] {processor.py:842} WARNING - No viable dags retrieved from /usr/local/python/3.12.1/lib/python3.12/site-packages/airflow/example_dags/plugins/decreasing_priority_weight_strategy.py
[2026-04-26T07:06:26.477+0000] {processor.py:183} INFO - Processing /usr/local/python/3.12.1/lib/python3.12/site-packages/airflow/example_dags/plugins/decreasing_priority_weight_strategy.py took 0.017 seconds
[2026-04-26T07:07:06.639+0000] {processor.py:161} INFO - Started process (PID=16938) to work on /usr/local/python/3.12.1/lib/python3.12/site-packages/airflow/example_dags/plugins/decreasing_priority_weight_strategy.py
[2026-04-26T07:07:06.639+0000] {processor.py:830} INFO - Processing file /usr/local/python/3.12.1/lib/python3.12/site-packages/airflow/example_dags/plugins/decreasing_priority_weight_strategy.py for tasks to queue
[2026-04-26T07:07:06.640+0000] {logging_mixin.py:188} INFO - [2026-04-26T07:07:06.640+0000] {dagbag.py:540} INFO - Filling up the DagBag from /usr/local/python/3.12.1/lib/python3.12/site-packages/airflow/example_dags/plugins/decreasing_priority_weight_strategy.py
[2026-04-26T07:07:06.642+0000] {processor.py:842} WARNING - No viable dags retrieved from /usr/local/python/3.12.1/lib/python3.12/site-packages/airflow/example_dags/plugins/decreasing_priority_weight_strategy.py
[2026-04-26T07:07:06.649+0000] {processor.py:183} INFO - Processing /usr/local/python/3.12.1/lib/python3.12/site-packages/airflow/example_dags/plugins/decreasing_priority_weight_strategy.py took 0.014 seconds
[2026-04-26T07:07:48.998+0000] {processor.py:161} INFO - Started process (PID=17311) to work on /usr/local/python/3.12.1/lib/python3.12/site-packages/airflow/example_dags/plugins/decreasing_priority_weight_strategy.py
[2026-04-26T07:07:48.999+0000] {processor.py:830} INFO - Processing file /usr/local/python/3.12.1/lib/python3.12/site-packages/airflow/example_dags/plugins/decreasing_priority_weight_strategy.py for tasks to queue
[2026-04-26T07:07:49.000+0000] {logging_mixin.py:188} INFO - [2026-04-26T07:07:48.999+0000] {dagbag.py:540} INFO - Filling up the DagBag from /usr/local/python/3.12.1/lib/python3.12/site-packages/airflow/example_dags/plugins/decreasing_priority_weight_strategy.py
[2026-04-26T07:07:49.002+0000] {processor.py:842} WARNING - No viable dags retrieved from /usr/local/python/3.12.1/lib/python3.12/site-packages/airflow/example_dags/plugins/decreasing_priority_weight_strategy.py
[2026-04-26T07:07:49.009+0000] {processor.py:183} INFO - Processing /usr/local/python/3.12.1/lib/python3.12/site-packages/airflow/example_dags/plugins/decreasing_priority_weight_strategy.py took 0.015 seconds
[2026-04-26T07:08:32.644+0000] {processor.py:161} INFO - Started process (PID=17762) to work on /usr/local/python/3.12.1/lib/python3.12/site-packages/airflow/example_dags/plugins/decreasing_priority_weight_strategy.py
[2026-04-26T07:08:32.647+0000] {processor.py:830} INFO - Processing file /usr/local/python/3.12.1/lib/python3.12/site-packages/airflow/example_dags/plugins/decreasing_priority_weight_strategy.py for tasks to queue
[2026-04-26T07:08:32.648+0000] {logging_mixin.py:188} INFO - [2026-04-26T07:08:32.647+0000] {dagbag.py:540} INFO - Filling up the DagBag from /usr/local/python/3.12.1/lib/python3.12/site-packages/airflow/example_dags/plugins/decreasing_priority_weight_strategy.py
[2026-04-26T07:08:32.652+0000] {processor.py:842} WARNING - No viable dags retrieved from /usr/local/python/3.12.1/lib/python3.12/site-packages/airflow/example_dags/plugins/decreasing_priority_weight_strategy.py
[2026-04-26T07:08:32.691+0000] {processor.py:183} INFO - Processing /usr/local/python/3.12.1/lib/python3.12/site-packages/airflow/example_dags/plugins/decreasing_priority_weight_strategy.py took 0.055 seconds
[2026-04-26T07:09:22.518+0000] {processor.py:161} INFO - Started process (PID=18201) to work on /usr/local/python/3.12.1/lib/python3.12/site-packages/airflow/example_dags/plugins/decreasing_priority_weight_strategy.py
[2026-04-26T07:09:22.519+0000] {processor.py:830} INFO - Processing file /usr/local/python/3.12.1/lib/python3.12/site-packages/airflow/example_dags/plugins/decreasing_priority_weight_strategy.py for tasks to queue
[2026-04-26T07:09:22.520+0000] {logging_mixin.py:188} INFO - [2026-04-26T07:09:22.519+0000] {dagbag.py:540} INFO - Filling up the DagBag from /usr/local/python/3.12.1/lib/python3.12/site-packages/airflow/example_dags/plugins/decreasing_priority_weight_strategy.py
[2026-04-26T07:09:22.522+0000] {processor.py:842} WARNING - No viable dags retrieved from /usr/local/python/3.12.1/lib/python3.12/site-packages/airflow/example_dags/plugins/decreasing_priority_weight_strategy.py
[2026-04-26T07:09:22.534+0000] {processor.py:183} INFO - Processing /usr/local/python/3.12.1/lib/python3.12/site-packages/airflow/example_dags/plugins/decreasing_priority_weight_strategy.py took 0.022 seconds
[2026-04-26T07:09:34.628+0000] {processor.py:161} INFO - Started process (PID=18417) to work on /usr/local/python/3.12.1/lib/python3.12/site-packages/airflow/example_dags/plugins/decreasing_priority_weight_strategy.py
[2026-04-26T07:09:34.628+0000] {processor.py:830} INFO - Processing file /usr/local/python/3.12.1/lib/python3.12/site-packages/airflow/example_dags/plugins/decreasing_priority_weight_strategy.py for tasks to queue
[2026-04-26T07:09:34.629+0000] {logging_mixin.py:188} INFO - [2026-04-26T07:09:34.629+0000] {dagbag.py:540} INFO - Filling up the DagBag from /usr/local/python/3.12.1/lib/python3.12/site-packages/airflow/example_dags/plugins/decreasing_priority_weight_strategy.py
[2026-04-26T07:09:34.631+0000] {processor.py:842} WARNING - No viable dags retrieved from /usr/local/python/3.12.1/lib/python3.12/site-packages/airflow/example_dags/plugins/decreasing_priority_weight_strategy.py
[2026-04-26T07:09:34.637+0000] {processor.py:183} INFO - Processing /usr/local/python/3.12.1/lib/python3.12/site-packages/airflow/example_dags/plugins/decreasing_priority_weight_strategy.py took 0.014 seconds
[2026-04-26T07:10:12.956+0000] {processor.py:161} INFO - Started process (PID=18913) to work on /usr/local/python/3.12.1/lib/python3.12/site-packages/airflow/example_dags/plugins/decreasing_priority_weight_strategy.py
[2026-04-26T07:10:12.956+0000] {processor.py:830} INFO - Processing file /usr/local/python/3.12.1/lib/python3.12/site-packages/airflow/example_dags/plugins/decreasing_priority_weight_strategy.py for tasks to queue
[2026-04-26T07:10:12.957+0000] {logging_mixin.py:188} INFO - [2026-04-26T07:10:12.957+0000] {dagbag.py:540} INFO - Filling up the DagBag from /usr/local/python/3.12.1/lib/python3.12/site-packages/airflow/example_dags/plugins/decreasing_priority_weight_strategy.py
[2026-04-26T07:10:12.959+0000] {processor.py:842} WARNING - No viable dags retrieved from /usr/local/python/3.12.1/lib/python3.12/site-packages/airflow/example_dags/plugins/decreasing_priority_weight_strategy.py
[2026-04-26T07:10:12.966+0000] {processor.py:183} INFO - Processing /usr/local/python/3.12.1/lib/python3.12/site-packages/airflow/example_dags/plugins/decreasing_priority_weight_strategy.py took 0.014 seconds
[2026-04-26T07:10:23.571+0000] {processor.py:161} INFO - Started process (PID=19004) to work on /usr/local/python/3.12.1/lib/python3.12/site-packages/airflow/example_dags/plugins/decreasing_priority_weight_strategy.py
[2026-04-26T07:10:23.577+0000] {processor.py:830} INFO - Processing file /usr/local/python/3.12.1/lib/python3.12/site-packages/airflow/example_dags/plugins/decreasing_priority_weight_strategy.py for tasks to queue
[2026-04-26T07:10:23.583+0000] {logging_mixin.py:188} INFO - [2026-04-26T07:10:23.578+0000] {dagbag.py:540} INFO - Filling up the DagBag from /usr/local/python/3.12.1/lib/python3.12/site-packages/airflow/example_dags/plugins/decreasing_priority_weight_strategy.py
[2026-04-26T07:10:23.592+0000] {processor.py:842} WARNING - No viable dags retrieved from /usr/local/python/3.12.1/lib/python3.12/site-packages/airflow/example_dags/plugins/decreasing_priority_weight_strategy.py
[2026-04-26T07:10:23.604+0000] {processor.py:183} INFO - Processing /usr/local/python/3.12.1/lib/python3.12/site-packages/airflow/example_dags/plugins/decreasing_priority_weight_strategy.py took 0.043 seconds
[2026-04-26T07:10:55.113+0000] {processor.py:161} INFO - Started process (PID=19266) to work on /usr/local/python/3.12.1/lib/python3.12/site-packages/airflow/example_dags/plugins/decreasing_priority_weight_strategy.py
[2026-04-26T07:10:55.114+0000] {processor.py:830} INFO - Processing file /usr/local/python/3.12.1/lib/python3.12/site-packages/airflow/example_dags/plugins/decreasing_priority_weight_strategy.py for tasks to queue
[2026-04-26T07:10:55.114+0000] {logging_mixin.py:188} INFO - [2026-04-26T07:10:55.114+0000] {dagbag.py:540} INFO - Filling up the DagBag from /usr/local/python/3.12.1/lib/python3.12/site-packages/airflow/example_dags/plugins/decreasing_priority_weight_strategy.py
[2026-04-26T07:10:55.116+0000] {processor.py:842} WARNING - No viable dags retrieved from /usr/local/python/3.12.1/lib/python3.12/site-packages/airflow/example_dags/plugins/decreasing_priority_weight_strategy.py
[2026-04-26T07:10:55.123+0000] {processor.py:183} INFO - Processing /usr/local/python/3.12.1/lib/python3.12/site-packages/airflow/example_dags/plugins/decreasing_priority_weight_strategy.py took 0.014 seconds
[2026-04-26T07:11:03.600+0000] {processor.py:161} INFO - Started process (PID=19418) to work on /usr/local/python/3.12.1/lib/python3.12/site-packages/airflow/example_dags/plugins/decreasing_priority_weight_strategy.py
[2026-04-26T07:11:03.601+0000] {processor.py:830} INFO - Processing file /usr/local/python/3.12.1/lib/python3.12/site-packages/airflow/example_dags/plugins/decreasing_priority_weight_strategy.py for tasks to queue
[2026-04-26T07:11:03.602+0000] {logging_mixin.py:188} INFO - [2026-04-26T07:11:03.602+0000] {dagbag.py:540} INFO - Filling up the DagBag from /usr/local/python/3.12.1/lib/python3.12/site-packages/airflow/example_dags/plugins/decreasing_priority_weight_strategy.py
[2026-04-26T07:11:03.604+0000] {processor.py:842} WARNING - No viable dags retrieved from /usr/local/python/3.12.1/lib/python3.12/site-packages/airflow/example_dags/plugins/decreasing_priority_weight_strategy.py
[2026-04-26T07:11:03.611+0000] {processor.py:183} INFO - Processing /usr/local/python/3.12.1/lib/python3.12/site-packages/airflow/example_dags/plugins/decreasing_priority_weight_strategy.py took 0.015 seconds
[2026-04-26T07:11:39.076+0000] {processor.py:161} INFO - Started process (PID=19889) to work on /usr/local/python/3.12.1/lib/python3.12/site-packages/airflow/example_dags/plugins/decreasing_priority_weight_strategy.py
[2026-04-26T07:11:39.077+0000] {processor.py:830} INFO - Processing file /usr/local/python/3.12.1/lib/python3.12/site-packages/airflow/example_dags/plugins/decreasing_priority_weight_strategy.py for tasks to queue
[2026-04-26T07:11:39.078+0000] {logging_mixin.py:188} INFO - [2026-04-26T07:11:39.078+0000] {dagbag.py:540} INFO - Filling up the DagBag from /usr/local/python/3.12.1/lib/python3.12/site-packages/airflow/example_dags/plugins/decreasing_priority_weight_strategy.py
[2026-04-26T07:11:39.081+0000] {processor.py:842} WARNING - No viable dags retrieved from /usr/local/python/3.12.1/lib/python3.12/site-packages/airflow/example_dags/plugins/decreasing_priority_weight_strategy.py
[2026-04-26T07:11:39.093+0000] {processor.py:183} INFO - Processing /usr/local/python/3.12.1/lib/python3.12/site-packages/airflow/example_dags/plugins/decreasing_priority_weight_strategy.py took 0.023 seconds
[2026-04-26T07:11:46.188+0000] {processor.py:161} INFO - Started process (PID=19951) to work on /usr/local/python/3.12.1/lib/python3.12/site-packages/airflow/example_dags/plugins/decreasing_priority_weight_strategy.py
[2026-04-26T07:11:46.189+0000] {processor.py:830} INFO - Processing file /usr/local/python/3.12.1/lib/python3.12/site-packages/airflow/example_dags/plugins/decreasing_priority_weight_strategy.py for tasks to queue
[2026-04-26T07:11:46.190+0000] {logging_mixin.py:188} INFO - [2026-04-26T07:11:46.189+0000] {dagbag.py:540} INFO - Filling up the DagBag from /usr/local/python/3.12.1/lib/python3.12/site-packages/airflow/example_dags/plugins/decreasing_priority_weight_strategy.py
[2026-04-26T07:11:46.191+0000] {processor.py:842} WARNING - No viable dags retrieved from /usr/local/python/3.12.1/lib/python3.12/site-packages/airflow/example_dags/plugins/decreasing_priority_weight_strategy.py
[2026-04-26T07:11:46.198+0000] {processor.py:183} INFO - Processing /usr/local/python/3.12.1/lib/python3.12/site-packages/airflow/example_dags/plugins/decreasing_priority_weight_strategy.py took 0.014 seconds
[2026-04-26T07:12:24.009+0000] {processor.py:161} INFO - Started process (PID=20262) to work on /usr/local/python/3.12.1/lib/python3.12/site-packages/airflow/example_dags/plugins/decreasing_priority_weight_strategy.py
[2026-04-26T07:12:24.010+0000] {processor.py:830} INFO - Processing file /usr/local/python/3.12.1/lib/python3.12/site-packages/airflow/example_dags/plugins/decreasing_priority_weight_strategy.py for tasks to queue
[2026-04-26T07:12:24.011+0000] {logging_mixin.py:188} INFO - [2026-04-26T07:12:24.010+0000] {dagbag.py:540} INFO - Filling up the DagBag from /usr/local/python/3.12.1/lib/python3.12/site-packages/airflow/example_dags/plugins/decreasing_priority_weight_strategy.py
[2026-04-26T07:12:24.012+0000] {processor.py:842} WARNING - No viable dags retrieved from /usr/local/python/3.12.1/lib/python3.12/site-packages/airflow/example_dags/plugins/decreasing_priority_weight_strategy.py
[2026-04-26T07:12:24.020+0000] {processor.py:183} INFO - Processing /usr/local/python/3.12.1/lib/python3.12/site-packages/airflow/example_dags/plugins/decreasing_priority_weight_strategy.py took 0.014 seconds
[2026-04-26T07:12:30.005+0000] {processor.py:161} INFO - Started process (PID=20314) to work on /usr/local/python/3.12.1/lib/python3.12/site-packages/airflow/example_dags/plugins/decreasing_priority_weight_strategy.py
[2026-04-26T07:12:30.006+0000] {processor.py:830} INFO - Processing file /usr/local/python/3.12.1/lib/python3.12/site-packages/airflow/example_dags/plugins/decreasing_priority_weight_strategy.py for tasks to queue
[2026-04-26T07:12:30.007+0000] {logging_mixin.py:188} INFO - [2026-04-26T07:12:30.006+0000] {dagbag.py:540} INFO - Filling up the DagBag from /usr/local/python/3.12.1/lib/python3.12/site-packages/airflow/example_dags/plugins/decreasing_priority_weight_strategy.py
[2026-04-26T07:12:30.008+0000] {processor.py:842} WARNING - No viable dags retrieved from /usr/local/python/3.12.1/lib/python3.12/site-packages/airflow/example_dags/plugins/decreasing_priority_weight_strategy.py
[2026-04-26T07:12:30.015+0000] {processor.py:183} INFO - Processing /usr/local/python/3.12.1/lib/python3.12/site-packages/airflow/example_dags/plugins/decreasing_priority_weight_strategy.py took 0.014 seconds
[2026-04-26T07:13:08.661+0000] {processor.py:161} INFO - Started process (PID=20741) to work on /usr/local/python/3.12.1/lib/python3.12/site-packages/airflow/example_dags/plugins/decreasing_priority_weight_strategy.py
[2026-04-26T07:13:08.662+0000] {processor.py:830} INFO - Processing file /usr/local/python/3.12.1/lib/python3.12/site-packages/airflow/example_dags/plugins/decreasing_priority_weight_strategy.py for tasks to queue
[2026-04-26T07:13:08.662+0000] {logging_mixin.py:188} INFO - [2026-04-26T07:13:08.662+0000] {dagbag.py:540} INFO - Filling up the DagBag from /usr/local/python/3.12.1/lib/python3.12/site-packages/airflow/example_dags/plugins/decreasing_priority_weight_strategy.py
[2026-04-26T07:13:08.664+0000] {processor.py:842} WARNING - No viable dags retrieved from /usr/local/python/3.12.1/lib/python3.12/site-packages/airflow/example_dags/plugins/decreasing_priority_weight_strategy.py
[2026-04-26T07:13:08.671+0000] {processor.py:183} INFO - Processing /usr/local/python/3.12.1/lib/python3.12/site-packages/airflow/example_dags/plugins/decreasing_priority_weight_strategy.py took 0.014 seconds
[2026-04-26T07:13:10.219+0000] {processor.py:161} INFO - Started process (PID=20751) to work on /usr/local/python/3.12.1/lib/python3.12/site-packages/airflow/example_dags/plugins/decreasing_priority_weight_strategy.py
[2026-04-26T07:13:10.220+0000] {processor.py:830} INFO - Processing file /usr/local/python/3.12.1/lib/python3.12/site-packages/airflow/example_dags/plugins/decreasing_priority_weight_strategy.py for tasks to queue
[2026-04-26T07:13:10.221+0000] {logging_mixin.py:188} INFO - [2026-04-26T07:13:10.220+0000] {dagbag.py:540} INFO - Filling up the DagBag from /usr/local/python/3.12.1/lib/python3.12/site-packages/airflow/example_dags/plugins/decreasing_priority_weight_strategy.py
[2026-04-26T07:13:10.222+0000] {processor.py:842} WARNING - No viable dags retrieved from /usr/local/python/3.12.1/lib/python3.12/site-packages/airflow/example_dags/plugins/decreasing_priority_weight_strategy.py
[2026-04-26T07:13:10.230+0000] {processor.py:183} INFO - Processing /usr/local/python/3.12.1/lib/python3.12/site-packages/airflow/example_dags/plugins/decreasing_priority_weight_strategy.py took 0.015 seconds
[2026-04-26T07:13:47.746+0000] {processor.py:161} INFO - Started process (PID=21563) to work on /usr/local/python/3.12.1/lib/python3.12/site-packages/airflow/example_dags/plugins/decreasing_priority_weight_strategy.py
[2026-04-26T07:13:47.750+0000] {processor.py:830} INFO - Processing file /usr/local/python/3.12.1/lib/python3.12/site-packages/airflow/example_dags/plugins/decreasing_priority_weight_strategy.py for tasks to queue
[2026-04-26T07:13:47.752+0000] {logging_mixin.py:188} INFO - [2026-04-26T07:13:47.751+0000] {dagbag.py:540} INFO - Filling up the DagBag from /usr/local/python/3.12.1/lib/python3.12/site-packages/airflow/example_dags/plugins/decreasing_priority_weight_strategy.py
[2026-04-26T07:13:47.757+0000] {processor.py:842} WARNING - No viable dags retrieved from /usr/local/python/3.12.1/lib/python3.12/site-packages/airflow/example_dags/plugins/decreasing_priority_weight_strategy.py
[2026-04-26T07:13:47.789+0000] {processor.py:183} INFO - Processing /usr/local/python/3.12.1/lib/python3.12/site-packages/airflow/example_dags/plugins/decreasing_priority_weight_strategy.py took 0.060 seconds
[2026-04-26T07:13:50.327+0000] {processor.py:161} INFO - Started process (PID=21612) to work on /usr/local/python/3.12.1/lib/python3.12/site-packages/airflow/example_dags/plugins/decreasing_priority_weight_strategy.py
[2026-04-26T07:13:50.328+0000] {processor.py:830} INFO - Processing file /usr/local/python/3.12.1/lib/python3.12/site-packages/airflow/example_dags/plugins/decreasing_priority_weight_strategy.py for tasks to queue
[2026-04-26T07:13:50.328+0000] {logging_mixin.py:188} INFO - [2026-04-26T07:13:50.328+0000] {dagbag.py:540} INFO - Filling up the DagBag from /usr/local/python/3.12.1/lib/python3.12/site-packages/airflow/example_dags/plugins/decreasing_priority_weight_strategy.py
[2026-04-26T07:13:50.330+0000] {processor.py:842} WARNING - No viable dags retrieved from /usr/local/python/3.12.1/lib/python3.12/site-packages/airflow/example_dags/plugins/decreasing_priority_weight_strategy.py
[2026-04-26T07:13:50.338+0000] {processor.py:183} INFO - Processing /usr/local/python/3.12.1/lib/python3.12/site-packages/airflow/example_dags/plugins/decreasing_priority_weight_strategy.py took 0.015 seconds
[2026-04-26T07:14:01.862+0000] {processor.py:161} INFO - Started process (PID=21825) to work on /usr/local/python/3.12.1/lib/python3.12/site-packages/airflow/example_dags/plugins/decreasing_priority_weight_strategy.py
[2026-04-26T07:14:01.863+0000] {processor.py:830} INFO - Processing file /usr/local/python/3.12.1/lib/python3.12/site-packages/airflow/example_dags/plugins/decreasing_priority_weight_strategy.py for tasks to queue
[2026-04-26T07:14:01.864+0000] {logging_mixin.py:188} INFO - [2026-04-26T07:14:01.863+0000] {dagbag.py:540} INFO - Filling up the DagBag from /usr/local/python/3.12.1/lib/python3.12/site-packages/airflow/example_dags/plugins/decreasing_priority_weight_strategy.py
[2026-04-26T07:14:01.865+0000] {processor.py:842} WARNING - No viable dags retrieved from /usr/local/python/3.12.1/lib/python3.12/site-packages/airflow/example_dags/plugins/decreasing_priority_weight_strategy.py
[2026-04-26T07:14:01.873+0000] {processor.py:183} INFO - Processing /usr/local/python/3.12.1/lib/python3.12/site-packages/airflow/example_dags/plugins/decreasing_priority_weight_strategy.py took 0.015 seconds
[2026-04-26T07:14:34.375+0000] {processor.py:161} INFO - Started process (PID=22205) to work on /usr/local/python/3.12.1/lib/python3.12/site-packages/airflow/example_dags/plugins/decreasing_priority_weight_strategy.py
[2026-04-26T07:14:34.376+0000] {processor.py:830} INFO - Processing file /usr/local/python/3.12.1/lib/python3.12/site-packages/airflow/example_dags/plugins/decreasing_priority_weight_strategy.py for tasks to queue
[2026-04-26T07:14:34.376+0000] {logging_mixin.py:188} INFO - [2026-04-26T07:14:34.376+0000] {dagbag.py:540} INFO - Filling up the DagBag from /usr/local/python/3.12.1/lib/python3.12/site-packages/airflow/example_dags/plugins/decreasing_priority_weight_strategy.py
[2026-04-26T07:14:34.378+0000] {processor.py:842} WARNING - No viable dags retrieved from /usr/local/python/3.12.1/lib/python3.12/site-packages/airflow/example_dags/plugins/decreasing_priority_weight_strategy.py
[2026-04-26T07:14:34.385+0000] {processor.py:183} INFO - Processing /usr/local/python/3.12.1/lib/python3.12/site-packages/airflow/example_dags/plugins/decreasing_priority_weight_strategy.py took 0.014 seconds
[2026-04-26T07:14:38.886+0000] {processor.py:161} INFO - Started process (PID=22253) to work on /usr/local/python/3.12.1/lib/python3.12/site-packages/airflow/example_dags/plugins/decreasing_priority_weight_strategy.py
[2026-04-26T07:14:38.887+0000] {processor.py:830} INFO - Processing file /usr/local/python/3.12.1/lib/python3.12/site-packages/airflow/example_dags/plugins/decreasing_priority_weight_strategy.py for tasks to queue
[2026-04-26T07:14:38.888+0000] {logging_mixin.py:188} INFO - [2026-04-26T07:14:38.887+0000] {dagbag.py:540} INFO - Filling up the DagBag from /usr/local/python/3.12.1/lib/python3.12/site-packages/airflow/example_dags/plugins/decreasing_priority_weight_strategy.py
[2026-04-26T07:14:38.890+0000] {processor.py:842} WARNING - No viable dags retrieved from /usr/local/python/3.12.1/lib/python3.12/site-packages/airflow/example_dags/plugins/decreasing_priority_weight_strategy.py
[2026-04-26T07:14:38.897+0000] {processor.py:183} INFO - Processing /usr/local/python/3.12.1/lib/python3.12/site-packages/airflow/example_dags/plugins/decreasing_priority_weight_strategy.py took 0.016 seconds
[2026-04-26T07:14:53.483+0000] {processor.py:161} INFO - Started process (PID=22398) to work on /usr/local/python/3.12.1/lib/python3.12/site-packages/airflow/example_dags/plugins/decreasing_priority_weight_strategy.py
[2026-04-26T07:14:53.486+0000] {processor.py:830} INFO - Processing file /usr/local/python/3.12.1/lib/python3.12/site-packages/airflow/example_dags/plugins/decreasing_priority_weight_strategy.py for tasks to queue
[2026-04-26T07:14:53.493+0000] {logging_mixin.py:188} INFO - [2026-04-26T07:14:53.487+0000] {dagbag.py:540} INFO - Filling up the DagBag from /usr/local/python/3.12.1/lib/python3.12/site-packages/airflow/example_dags/plugins/decreasing_priority_weight_strategy.py
[2026-04-26T07:14:53.509+0000] {processor.py:842} WARNING - No viable dags retrieved from /usr/local/python/3.12.1/lib/python3.12/site-packages/airflow/example_dags/plugins/decreasing_priority_weight_strategy.py
[2026-04-26T07:14:53.554+0000] {processor.py:183} INFO - Processing /usr/local/python/3.12.1/lib/python3.12/site-packages/airflow/example_dags/plugins/decreasing_priority_weight_strategy.py took 0.083 seconds
[2026-04-26T07:15:18.660+0000] {processor.py:161} INFO - Started process (PID=22819) to work on /usr/local/python/3.12.1/lib/python3.12/site-packages/airflow/example_dags/plugins/decreasing_priority_weight_strategy.py
[2026-04-26T07:15:18.661+0000] {processor.py:830} INFO - Processing file /usr/local/python/3.12.1/lib/python3.12/site-packages/airflow/example_dags/plugins/decreasing_priority_weight_strategy.py for tasks to queue
[2026-04-26T07:15:18.664+0000] {logging_mixin.py:188} INFO - [2026-04-26T07:15:18.664+0000] {dagbag.py:540} INFO - Filling up the DagBag from /usr/local/python/3.12.1/lib/python3.12/site-packages/airflow/example_dags/plugins/decreasing_priority_weight_strategy.py
[2026-04-26T07:15:18.667+0000] {processor.py:842} WARNING - No viable dags retrieved from /usr/local/python/3.12.1/lib/python3.12/site-packages/airflow/example_dags/plugins/decreasing_priority_weight_strategy.py
[2026-04-26T07:15:18.674+0000] {processor.py:183} INFO - Processing /usr/local/python/3.12.1/lib/python3.12/site-packages/airflow/example_dags/plugins/decreasing_priority_weight_strategy.py took 0.024 seconds
[2026-04-26T07:15:20.070+0000] {processor.py:161} INFO - Started process (PID=22838) to work on /usr/local/python/3.12.1/lib/python3.12/site-packages/airflow/example_dags/plugins/decreasing_priority_weight_strategy.py
[2026-04-26T07:15:20.071+0000] {processor.py:830} INFO - Processing file /usr/local/python/3.12.1/lib/python3.12/site-packages/airflow/example_dags/plugins/decreasing_priority_weight_strategy.py for tasks to queue
[2026-04-26T07:15:20.072+0000] {logging_mixin.py:188} INFO - [2026-04-26T07:15:20.071+0000] {dagbag.py:540} INFO - Filling up the DagBag from /usr/local/python/3.12.1/lib/python3.12/site-packages/airflow/example_dags/plugins/decreasing_priority_weight_strategy.py
[2026-04-26T07:15:20.073+0000] {processor.py:842} WARNING - No viable dags retrieved from /usr/local/python/3.12.1/lib/python3.12/site-packages/airflow/example_dags/plugins/decreasing_priority_weight_strategy.py
[2026-04-26T07:15:20.082+0000] {processor.py:183} INFO - Processing /usr/local/python/3.12.1/lib/python3.12/site-packages/airflow/example_dags/plugins/decreasing_priority_weight_strategy.py took 0.018 seconds
[2026-04-26T07:15:48.844+0000] {processor.py:161} INFO - Started process (PID=23316) to work on /usr/local/python/3.12.1/lib/python3.12/site-packages/airflow/example_dags/plugins/decreasing_priority_weight_strategy.py
[2026-04-26T07:15:48.845+0000] {processor.py:830} INFO - Processing file /usr/local/python/3.12.1/lib/python3.12/site-packages/airflow/example_dags/plugins/decreasing_priority_weight_strategy.py for tasks to queue
[2026-04-26T07:15:48.845+0000] {logging_mixin.py:188} INFO - [2026-04-26T07:15:48.845+0000] {dagbag.py:540} INFO - Filling up the DagBag from /usr/local/python/3.12.1/lib/python3.12/site-packages/airflow/example_dags/plugins/decreasing_priority_weight_strategy.py
[2026-04-26T07:15:48.847+0000] {processor.py:842} WARNING - No viable dags retrieved from /usr/local/python/3.12.1/lib/python3.12/site-packages/airflow/example_dags/plugins/decreasing_priority_weight_strategy.py
[2026-04-26T07:15:48.854+0000] {processor.py:183} INFO - Processing /usr/local/python/3.12.1/lib/python3.12/site-packages/airflow/example_dags/plugins/decreasing_priority_weight_strategy.py took 0.015 seconds
[2026-04-26T07:16:06.551+0000] {processor.py:161} INFO - Started process (PID=23514) to work on /usr/local/python/3.12.1/lib/python3.12/site-packages/airflow/example_dags/plugins/decreasing_priority_weight_strategy.py
[2026-04-26T07:16:06.551+0000] {processor.py:830} INFO - Processing file /usr/local/python/3.12.1/lib/python3.12/site-packages/airflow/example_dags/plugins/decreasing_priority_weight_strategy.py for tasks to queue
[2026-04-26T07:16:06.552+0000] {logging_mixin.py:188} INFO - [2026-04-26T07:16:06.552+0000] {dagbag.py:540} INFO - Filling up the DagBag from /usr/local/python/3.12.1/lib/python3.12/site-packages/airflow/example_dags/plugins/decreasing_priority_weight_strategy.py
[2026-04-26T07:16:06.554+0000] {processor.py:842} WARNING - No viable dags retrieved from /usr/local/python/3.12.1/lib/python3.12/site-packages/airflow/example_dags/plugins/decreasing_priority_weight_strategy.py
[2026-04-26T07:16:06.561+0000] {processor.py:183} INFO - Processing /usr/local/python/3.12.1/lib/python3.12/site-packages/airflow/example_dags/plugins/decreasing_priority_weight_strategy.py took 0.014 seconds
[2026-04-26T07:16:07.217+0000] {processor.py:161} INFO - Started process (PID=23523) to work on /usr/local/python/3.12.1/lib/python3.12/site-packages/airflow/example_dags/plugins/decreasing_priority_weight_strategy.py
[2026-04-26T07:16:07.217+0000] {processor.py:830} INFO - Processing file /usr/local/python/3.12.1/lib/python3.12/site-packages/airflow/example_dags/plugins/decreasing_priority_weight_strategy.py for tasks to queue
[2026-04-26T07:16:07.218+0000] {logging_mixin.py:188} INFO - [2026-04-26T07:16:07.218+0000] {dagbag.py:540} INFO - Filling up the DagBag from /usr/local/python/3.12.1/lib/python3.12/site-packages/airflow/example_dags/plugins/decreasing_priority_weight_strategy.py
[2026-04-26T07:16:07.220+0000] {processor.py:842} WARNING - No viable dags retrieved from /usr/local/python/3.12.1/lib/python3.12/site-packages/airflow/example_dags/plugins/decreasing_priority_weight_strategy.py
[2026-04-26T07:16:07.227+0000] {processor.py:183} INFO - Processing /usr/local/python/3.12.1/lib/python3.12/site-packages/airflow/example_dags/plugins/decreasing_priority_weight_strategy.py took 0.014 seconds
[2026-04-26T07:16:33.766+0000] {processor.py:161} INFO - Started process (PID=23899) to work on /usr/local/python/3.12.1/lib/python3.12/site-packages/airflow/example_dags/plugins/decreasing_priority_weight_strategy.py
[2026-04-26T07:16:33.767+0000] {processor.py:830} INFO - Processing file /usr/local/python/3.12.1/lib/python3.12/site-packages/airflow/example_dags/plugins/decreasing_priority_weight_strategy.py for tasks to queue
[2026-04-26T07:16:33.767+0000] {logging_mixin.py:188} INFO - [2026-04-26T07:16:33.767+0000] {dagbag.py:540} INFO - Filling up the DagBag from /usr/local/python/3.12.1/lib/python3.12/site-packages/airflow/example_dags/plugins/decreasing_priority_weight_strategy.py
[2026-04-26T07:16:33.769+0000] {processor.py:842} WARNING - No viable dags retrieved from /usr/local/python/3.12.1/lib/python3.12/site-packages/airflow/example_dags/plugins/decreasing_priority_weight_strategy.py
[2026-04-26T07:16:33.776+0000] {processor.py:183} INFO - Processing /usr/local/python/3.12.1/lib/python3.12/site-packages/airflow/example_dags/plugins/decreasing_priority_weight_strategy.py took 0.014 seconds
[2026-04-26T07:16:48.809+0000] {processor.py:161} INFO - Started process (PID=24037) to work on /usr/local/python/3.12.1/lib/python3.12/site-packages/airflow/example_dags/plugins/decreasing_priority_weight_strategy.py
[2026-04-26T07:16:48.810+0000] {processor.py:830} INFO - Processing file /usr/local/python/3.12.1/lib/python3.12/site-packages/airflow/example_dags/plugins/decreasing_priority_weight_strategy.py for tasks to queue
[2026-04-26T07:16:48.811+0000] {logging_mixin.py:188} INFO - [2026-04-26T07:16:48.811+0000] {dagbag.py:540} INFO - Filling up the DagBag from /usr/local/python/3.12.1/lib/python3.12/site-packages/airflow/example_dags/plugins/decreasing_priority_weight_strategy.py
[2026-04-26T07:16:48.814+0000] {processor.py:842} WARNING - No viable dags retrieved from /usr/local/python/3.12.1/lib/python3.12/site-packages/airflow/example_dags/plugins/decreasing_priority_weight_strategy.py
[2026-04-26T07:16:48.824+0000] {processor.py:183} INFO - Processing /usr/local/python/3.12.1/lib/python3.12/site-packages/airflow/example_dags/plugins/decreasing_priority_weight_strategy.py took 0.021 seconds
[2026-04-26T07:16:49.444+0000] {processor.py:161} INFO - Started process (PID=24039) to work on /usr/local/python/3.12.1/lib/python3.12/site-packages/airflow/example_dags/plugins/decreasing_priority_weight_strategy.py
[2026-04-26T07:16:49.445+0000] {processor.py:830} INFO - Processing file /usr/local/python/3.12.1/lib/python3.12/site-packages/airflow/example_dags/plugins/decreasing_priority_weight_strategy.py for tasks to queue
[2026-04-26T07:16:49.446+0000] {logging_mixin.py:188} INFO - [2026-04-26T07:16:49.445+0000] {dagbag.py:540} INFO - Filling up the DagBag from /usr/local/python/3.12.1/lib/python3.12/site-packages/airflow/example_dags/plugins/decreasing_priority_weight_strategy.py
[2026-04-26T07:16:49.447+0000] {processor.py:842} WARNING - No viable dags retrieved from /usr/local/python/3.12.1/lib/python3.12/site-packages/airflow/example_dags/plugins/decreasing_priority_weight_strategy.py
[2026-04-26T07:16:49.454+0000] {processor.py:183} INFO - Processing /usr/local/python/3.12.1/lib/python3.12/site-packages/airflow/example_dags/plugins/decreasing_priority_weight_strategy.py took 0.014 seconds
[2026-04-26T07:17:16.460+0000] {processor.py:161} INFO - Started process (PID=24433) to work on /usr/local/python/3.12.1/lib/python3.12/site-packages/airflow/example_dags/plugins/decreasing_priority_weight_strategy.py
[2026-04-26T07:17:16.461+0000] {processor.py:830} INFO - Processing file /usr/local/python/3.12.1/lib/python3.12/site-packages/airflow/example_dags/plugins/decreasing_priority_weight_strategy.py for tasks to queue
[2026-04-26T07:17:16.461+0000] {logging_mixin.py:188} INFO - [2026-04-26T07:17:16.461+0000] {dagbag.py:540} INFO - Filling up the DagBag from /usr/local/python/3.12.1/lib/python3.12/site-packages/airflow/example_dags/plugins/decreasing_priority_weight_strategy.py
[2026-04-26T07:17:16.463+0000] {processor.py:842} WARNING - No viable dags retrieved from /usr/local/python/3.12.1/lib/python3.12/site-packages/airflow/example_dags/plugins/decreasing_priority_weight_strategy.py
[2026-04-26T07:17:16.471+0000] {processor.py:183} INFO - Processing /usr/local/python/3.12.1/lib/python3.12/site-packages/airflow/example_dags/plugins/decreasing_priority_weight_strategy.py took 0.015 seconds
[2026-04-26T07:17:30.379+0000] {processor.py:161} INFO - Started process (PID=24551) to work on /usr/local/python/3.12.1/lib/python3.12/site-packages/airflow/example_dags/plugins/decreasing_priority_weight_strategy.py
[2026-04-26T07:17:30.380+0000] {processor.py:830} INFO - Processing file /usr/local/python/3.12.1/lib/python3.12/site-packages/airflow/example_dags/plugins/decreasing_priority_weight_strategy.py for tasks to queue
[2026-04-26T07:17:30.381+0000] {logging_mixin.py:188} INFO - [2026-04-26T07:17:30.380+0000] {dagbag.py:540} INFO - Filling up the DagBag from /usr/local/python/3.12.1/lib/python3.12/site-packages/airflow/example_dags/plugins/decreasing_priority_weight_strategy.py
[2026-04-26T07:17:30.383+0000] {processor.py:842} WARNING - No viable dags retrieved from /usr/local/python/3.12.1/lib/python3.12/site-packages/airflow/example_dags/plugins/decreasing_priority_weight_strategy.py
[2026-04-26T07:17:30.393+0000] {processor.py:183} INFO - Processing /usr/local/python/3.12.1/lib/python3.12/site-packages/airflow/example_dags/plugins/decreasing_priority_weight_strategy.py took 0.020 seconds
[2026-04-26T07:17:32.470+0000] {processor.py:161} INFO - Started process (PID=24590) to work on /usr/local/python/3.12.1/lib/python3.12/site-packages/airflow/example_dags/plugins/decreasing_priority_weight_strategy.py
[2026-04-26T07:17:32.471+0000] {processor.py:830} INFO - Processing file /usr/local/python/3.12.1/lib/python3.12/site-packages/airflow/example_dags/plugins/decreasing_priority_weight_strategy.py for tasks to queue
[2026-04-26T07:17:32.472+0000] {logging_mixin.py:188} INFO - [2026-04-26T07:17:32.471+0000] {dagbag.py:540} INFO - Filling up the DagBag from /usr/local/python/3.12.1/lib/python3.12/site-packages/airflow/example_dags/plugins/decreasing_priority_weight_strategy.py
[2026-04-26T07:17:32.473+0000] {processor.py:842} WARNING - No viable dags retrieved from /usr/local/python/3.12.1/lib/python3.12/site-packages/airflow/example_dags/plugins/decreasing_priority_weight_strategy.py
[2026-04-26T07:17:32.480+0000] {processor.py:183} INFO - Processing /usr/local/python/3.12.1/lib/python3.12/site-packages/airflow/example_dags/plugins/decreasing_priority_weight_strategy.py took 0.014 seconds
[2026-04-26T07:17:55.869+0000] {processor.py:161} INFO - Started process (PID=24795) to work on /usr/local/python/3.12.1/lib/python3.12/site-packages/airflow/example_dags/plugins/decreasing_priority_weight_strategy.py
[2026-04-26T07:17:55.870+0000] {processor.py:830} INFO - Processing file /usr/local/python/3.12.1/lib/python3.12/site-packages/airflow/example_dags/plugins/decreasing_priority_weight_strategy.py for tasks to queue
[2026-04-26T07:17:55.871+0000] {logging_mixin.py:188} INFO - [2026-04-26T07:17:55.870+0000] {dagbag.py:540} INFO - Filling up the DagBag from /usr/local/python/3.12.1/lib/python3.12/site-packages/airflow/example_dags/plugins/decreasing_priority_weight_strategy.py
[2026-04-26T07:17:55.873+0000] {processor.py:842} WARNING - No viable dags retrieved from /usr/local/python/3.12.1/lib/python3.12/site-packages/airflow/example_dags/plugins/decreasing_priority_weight_strategy.py
[2026-04-26T07:17:55.886+0000] {processor.py:183} INFO - Processing /usr/local/python/3.12.1/lib/python3.12/site-packages/airflow/example_dags/plugins/decreasing_priority_weight_strategy.py took 0.023 seconds
[2026-04-26T07:18:10.769+0000] {processor.py:161} INFO - Started process (PID=24936) to work on /usr/local/python/3.12.1/lib/python3.12/site-packages/airflow/example_dags/plugins/decreasing_priority_weight_strategy.py
[2026-04-26T07:18:10.770+0000] {processor.py:830} INFO - Processing file /usr/local/python/3.12.1/lib/python3.12/site-packages/airflow/example_dags/plugins/decreasing_priority_weight_strategy.py for tasks to queue
[2026-04-26T07:18:10.773+0000] {logging_mixin.py:188} INFO - [2026-04-26T07:18:10.771+0000] {dagbag.py:540} INFO - Filling up the DagBag from /usr/local/python/3.12.1/lib/python3.12/site-packages/airflow/example_dags/plugins/decreasing_priority_weight_strategy.py
[2026-04-26T07:18:10.778+0000] {processor.py:842} WARNING - No viable dags retrieved from /usr/local/python/3.12.1/lib/python3.12/site-packages/airflow/example_dags/plugins/decreasing_priority_weight_strategy.py
[2026-04-26T07:18:10.799+0000] {processor.py:183} INFO - Processing /usr/local/python/3.12.1/lib/python3.12/site-packages/airflow/example_dags/plugins/decreasing_priority_weight_strategy.py took 0.044 seconds
[2026-04-26T07:18:16.788+0000] {processor.py:161} INFO - Started process (PID=25002) to work on /usr/local/python/3.12.1/lib/python3.12/site-packages/airflow/example_dags/plugins/decreasing_priority_weight_strategy.py
[2026-04-26T07:18:16.789+0000] {processor.py:830} INFO - Processing file /usr/local/python/3.12.1/lib/python3.12/site-packages/airflow/example_dags/plugins/decreasing_priority_weight_strategy.py for tasks to queue
[2026-04-26T07:18:16.790+0000] {logging_mixin.py:188} INFO - [2026-04-26T07:18:16.789+0000] {dagbag.py:540} INFO - Filling up the DagBag from /usr/local/python/3.12.1/lib/python3.12/site-packages/airflow/example_dags/plugins/decreasing_priority_weight_strategy.py
[2026-04-26T07:18:16.792+0000] {processor.py:842} WARNING - No viable dags retrieved from /usr/local/python/3.12.1/lib/python3.12/site-packages/airflow/example_dags/plugins/decreasing_priority_weight_strategy.py
[2026-04-26T07:18:16.803+0000] {processor.py:183} INFO - Processing /usr/local/python/3.12.1/lib/python3.12/site-packages/airflow/example_dags/plugins/decreasing_priority_weight_strategy.py took 0.022 seconds
[2026-04-26T07:18:45.754+0000] {processor.py:161} INFO - Started process (PID=25354) to work on /usr/local/python/3.12.1/lib/python3.12/site-packages/airflow/example_dags/plugins/decreasing_priority_weight_strategy.py
[2026-04-26T07:18:45.760+0000] {processor.py:830} INFO - Processing file /usr/local/python/3.12.1/lib/python3.12/site-packages/airflow/example_dags/plugins/decreasing_priority_weight_strategy.py for tasks to queue
[2026-04-26T07:18:45.762+0000] {logging_mixin.py:188} INFO - [2026-04-26T07:18:45.762+0000] {dagbag.py:540} INFO - Filling up the DagBag from /usr/local/python/3.12.1/lib/python3.12/site-packages/airflow/example_dags/plugins/decreasing_priority_weight_strategy.py
[2026-04-26T07:18:45.776+0000] {processor.py:842} WARNING - No viable dags retrieved from /usr/local/python/3.12.1/lib/python3.12/site-packages/airflow/example_dags/plugins/decreasing_priority_weight_strategy.py
[2026-04-26T07:18:45.797+0000] {processor.py:183} INFO - Processing /usr/local/python/3.12.1/lib/python3.12/site-packages/airflow/example_dags/plugins/decreasing_priority_weight_strategy.py took 0.079 seconds
[2026-04-26T07:19:06.891+0000] {processor.py:161} INFO - Started process (PID=25686) to work on /usr/local/python/3.12.1/lib/python3.12/site-packages/airflow/example_dags/plugins/decreasing_priority_weight_strategy.py
[2026-04-26T07:19:06.902+0000] {processor.py:830} INFO - Processing file /usr/local/python/3.12.1/lib/python3.12/site-packages/airflow/example_dags/plugins/decreasing_priority_weight_strategy.py for tasks to queue
[2026-04-26T07:19:06.904+0000] {logging_mixin.py:188} INFO - [2026-04-26T07:19:06.903+0000] {dagbag.py:540} INFO - Filling up the DagBag from /usr/local/python/3.12.1/lib/python3.12/site-packages/airflow/example_dags/plugins/decreasing_priority_weight_strategy.py
[2026-04-26T07:19:06.916+0000] {processor.py:842} WARNING - No viable dags retrieved from /usr/local/python/3.12.1/lib/python3.12/site-packages/airflow/example_dags/plugins/decreasing_priority_weight_strategy.py
[2026-04-26T07:19:06.978+0000] {processor.py:183} INFO - Processing /usr/local/python/3.12.1/lib/python3.12/site-packages/airflow/example_dags/plugins/decreasing_priority_weight_strategy.py took 0.151 seconds
[2026-04-26T07:19:08.752+0000] {processor.py:161} INFO - Started process (PID=25696) to work on /usr/local/python/3.12.1/lib/python3.12/site-packages/airflow/example_dags/plugins/decreasing_priority_weight_strategy.py
[2026-04-26T07:19:08.753+0000] {processor.py:830} INFO - Processing file /usr/local/python/3.12.1/lib/python3.12/site-packages/airflow/example_dags/plugins/decreasing_priority_weight_strategy.py for tasks to queue
[2026-04-26T07:19:08.754+0000] {logging_mixin.py:188} INFO - [2026-04-26T07:19:08.754+0000] {dagbag.py:540} INFO - Filling up the DagBag from /usr/local/python/3.12.1/lib/python3.12/site-packages/airflow/example_dags/plugins/decreasing_priority_weight_strategy.py
[2026-04-26T07:19:08.755+0000] {processor.py:842} WARNING - No viable dags retrieved from /usr/local/python/3.12.1/lib/python3.12/site-packages/airflow/example_dags/plugins/decreasing_priority_weight_strategy.py
[2026-04-26T07:19:08.763+0000] {processor.py:183} INFO - Processing /usr/local/python/3.12.1/lib/python3.12/site-packages/airflow/example_dags/plugins/decreasing_priority_weight_strategy.py took 0.015 seconds
[2026-04-26T07:19:37.364+0000] {processor.py:161} INFO - Started process (PID=26089) to work on /usr/local/python/3.12.1/lib/python3.12/site-packages/airflow/example_dags/plugins/decreasing_priority_weight_strategy.py
[2026-04-26T07:19:37.368+0000] {processor.py:830} INFO - Processing file /usr/local/python/3.12.1/lib/python3.12/site-packages/airflow/example_dags/plugins/decreasing_priority_weight_strategy.py for tasks to queue
[2026-04-26T07:19:37.369+0000] {logging_mixin.py:188} INFO - [2026-04-26T07:19:37.369+0000] {dagbag.py:540} INFO - Filling up the DagBag from /usr/local/python/3.12.1/lib/python3.12/site-packages/airflow/example_dags/plugins/decreasing_priority_weight_strategy.py
[2026-04-26T07:19:37.379+0000] {processor.py:842} WARNING - No viable dags retrieved from /usr/local/python/3.12.1/lib/python3.12/site-packages/airflow/example_dags/plugins/decreasing_priority_weight_strategy.py
[2026-04-26T07:19:37.417+0000] {processor.py:183} INFO - Processing /usr/local/python/3.12.1/lib/python3.12/site-packages/airflow/example_dags/plugins/decreasing_priority_weight_strategy.py took 0.070 seconds
[2026-04-26T07:19:59.108+0000] {processor.py:161} INFO - Started process (PID=26365) to work on /usr/local/python/3.12.1/lib/python3.12/site-packages/airflow/example_dags/plugins/decreasing_priority_weight_strategy.py
[2026-04-26T07:19:59.108+0000] {processor.py:830} INFO - Processing file /usr/local/python/3.12.1/lib/python3.12/site-packages/airflow/example_dags/plugins/decreasing_priority_weight_strategy.py for tasks to queue
[2026-04-26T07:19:59.109+0000] {logging_mixin.py:188} INFO - [2026-04-26T07:19:59.109+0000] {dagbag.py:540} INFO - Filling up the DagBag from /usr/local/python/3.12.1/lib/python3.12/site-packages/airflow/example_dags/plugins/decreasing_priority_weight_strategy.py
[2026-04-26T07:19:59.111+0000] {processor.py:842} WARNING - No viable dags retrieved from /usr/local/python/3.12.1/lib/python3.12/site-packages/airflow/example_dags/plugins/decreasing_priority_weight_strategy.py
[2026-04-26T07:19:59.118+0000] {processor.py:183} INFO - Processing /usr/local/python/3.12.1/lib/python3.12/site-packages/airflow/example_dags/plugins/decreasing_priority_weight_strategy.py took 0.014 seconds
[2026-04-26T07:20:04.581+0000] {processor.py:161} INFO - Started process (PID=26406) to work on /usr/local/python/3.12.1/lib/python3.12/site-packages/airflow/example_dags/plugins/decreasing_priority_weight_strategy.py
[2026-04-26T07:20:04.582+0000] {processor.py:830} INFO - Processing file /usr/local/python/3.12.1/lib/python3.12/site-packages/airflow/example_dags/plugins/decreasing_priority_weight_strategy.py for tasks to queue
[2026-04-26T07:20:04.584+0000] {logging_mixin.py:188} INFO - [2026-04-26T07:20:04.583+0000] {dagbag.py:540} INFO - Filling up the DagBag from /usr/local/python/3.12.1/lib/python3.12/site-packages/airflow/example_dags/plugins/decreasing_priority_weight_strategy.py
[2026-04-26T07:20:04.586+0000] {processor.py:842} WARNING - No viable dags retrieved from /usr/local/python/3.12.1/lib/python3.12/site-packages/airflow/example_dags/plugins/decreasing_priority_weight_strategy.py
[2026-04-26T07:20:04.596+0000] {processor.py:183} INFO - Processing /usr/local/python/3.12.1/lib/python3.12/site-packages/airflow/example_dags/plugins/decreasing_priority_weight_strategy.py took 0.021 seconds
[2026-04-26T07:20:25.477+0000] {processor.py:161} INFO - Started process (PID=26654) to work on /usr/local/python/3.12.1/lib/python3.12/site-packages/airflow/example_dags/plugins/decreasing_priority_weight_strategy.py
[2026-04-26T07:20:25.478+0000] {processor.py:830} INFO - Processing file /usr/local/python/3.12.1/lib/python3.12/site-packages/airflow/example_dags/plugins/decreasing_priority_weight_strategy.py for tasks to queue
[2026-04-26T07:20:25.479+0000] {logging_mixin.py:188} INFO - [2026-04-26T07:20:25.479+0000] {dagbag.py:540} INFO - Filling up the DagBag from /usr/local/python/3.12.1/lib/python3.12/site-packages/airflow/example_dags/plugins/decreasing_priority_weight_strategy.py
[2026-04-26T07:20:25.482+0000] {processor.py:842} WARNING - No viable dags retrieved from /usr/local/python/3.12.1/lib/python3.12/site-packages/airflow/example_dags/plugins/decreasing_priority_weight_strategy.py
[2026-04-26T07:20:25.492+0000] {processor.py:183} INFO - Processing /usr/local/python/3.12.1/lib/python3.12/site-packages/airflow/example_dags/plugins/decreasing_priority_weight_strategy.py took 0.021 seconds
[2026-04-26T07:20:39.171+0000] {processor.py:161} INFO - Started process (PID=26784) to work on /usr/local/python/3.12.1/lib/python3.12/site-packages/airflow/example_dags/plugins/decreasing_priority_weight_strategy.py
[2026-04-26T07:20:39.171+0000] {processor.py:830} INFO - Processing file /usr/local/python/3.12.1/lib/python3.12/site-packages/airflow/example_dags/plugins/decreasing_priority_weight_strategy.py for tasks to queue
[2026-04-26T07:20:39.172+0000] {logging_mixin.py:188} INFO - [2026-04-26T07:20:39.172+0000] {dagbag.py:540} INFO - Filling up the DagBag from /usr/local/python/3.12.1/lib/python3.12/site-packages/airflow/example_dags/plugins/decreasing_priority_weight_strategy.py
[2026-04-26T07:20:39.173+0000] {processor.py:842} WARNING - No viable dags retrieved from /usr/local/python/3.12.1/lib/python3.12/site-packages/airflow/example_dags/plugins/decreasing_priority_weight_strategy.py
[2026-04-26T07:20:39.180+0000] {processor.py:183} INFO - Processing /usr/local/python/3.12.1/lib/python3.12/site-packages/airflow/example_dags/plugins/decreasing_priority_weight_strategy.py took 0.014 seconds
[2026-04-26T07:20:52.740+0000] {processor.py:161} INFO - Started process (PID=26897) to work on /usr/local/python/3.12.1/lib/python3.12/site-packages/airflow/example_dags/plugins/decreasing_priority_weight_strategy.py
[2026-04-26T07:20:52.741+0000] {processor.py:830} INFO - Processing file /usr/local/python/3.12.1/lib/python3.12/site-packages/airflow/example_dags/plugins/decreasing_priority_weight_strategy.py for tasks to queue
[2026-04-26T07:20:52.741+0000] {logging_mixin.py:188} INFO - [2026-04-26T07:20:52.741+0000] {dagbag.py:540} INFO - Filling up the DagBag from /usr/local/python/3.12.1/lib/python3.12/site-packages/airflow/example_dags/plugins/decreasing_priority_weight_strategy.py
[2026-04-26T07:20:52.743+0000] {processor.py:842} WARNING - No viable dags retrieved from /usr/local/python/3.12.1/lib/python3.12/site-packages/airflow/example_dags/plugins/decreasing_priority_weight_strategy.py
[2026-04-26T07:20:52.750+0000] {processor.py:183} INFO - Processing /usr/local/python/3.12.1/lib/python3.12/site-packages/airflow/example_dags/plugins/decreasing_priority_weight_strategy.py took 0.014 seconds
[2026-04-26T07:21:07.999+0000] {processor.py:161} INFO - Started process (PID=27033) to work on /usr/local/python/3.12.1/lib/python3.12/site-packages/airflow/example_dags/plugins/decreasing_priority_weight_strategy.py
[2026-04-26T07:21:08.000+0000] {processor.py:830} INFO - Processing file /usr/local/python/3.12.1/lib/python3.12/site-packages/airflow/example_dags/plugins/decreasing_priority_weight_strategy.py for tasks to queue
[2026-04-26T07:21:08.001+0000] {logging_mixin.py:188} INFO - [2026-04-26T07:21:08.001+0000] {dagbag.py:540} INFO - Filling up the DagBag from /usr/local/python/3.12.1/lib/python3.12/site-packages/airflow/example_dags/plugins/decreasing_priority_weight_strategy.py
[2026-04-26T07:21:08.004+0000] {processor.py:842} WARNING - No viable dags retrieved from /usr/local/python/3.12.1/lib/python3.12/site-packages/airflow/example_dags/plugins/decreasing_priority_weight_strategy.py
[2026-04-26T07:21:08.012+0000] {processor.py:183} INFO - Processing /usr/local/python/3.12.1/lib/python3.12/site-packages/airflow/example_dags/plugins/decreasing_priority_weight_strategy.py took 0.018 seconds
[2026-04-26T07:21:20.297+0000] {processor.py:161} INFO - Started process (PID=27142) to work on /usr/local/python/3.12.1/lib/python3.12/site-packages/airflow/example_dags/plugins/decreasing_priority_weight_strategy.py
[2026-04-26T07:21:20.298+0000] {processor.py:830} INFO - Processing file /usr/local/python/3.12.1/lib/python3.12/site-packages/airflow/example_dags/plugins/decreasing_priority_weight_strategy.py for tasks to queue
[2026-04-26T07:21:20.299+0000] {logging_mixin.py:188} INFO - [2026-04-26T07:21:20.299+0000] {dagbag.py:540} INFO - Filling up the DagBag from /usr/local/python/3.12.1/lib/python3.12/site-packages/airflow/example_dags/plugins/decreasing_priority_weight_strategy.py
[2026-04-26T07:21:20.301+0000] {processor.py:842} WARNING - No viable dags retrieved from /usr/local/python/3.12.1/lib/python3.12/site-packages/airflow/example_dags/plugins/decreasing_priority_weight_strategy.py
[2026-04-26T07:21:20.307+0000] {processor.py:183} INFO - Processing /usr/local/python/3.12.1/lib/python3.12/site-packages/airflow/example_dags/plugins/decreasing_priority_weight_strategy.py took 0.015 seconds
[2026-04-26T07:21:33.569+0000] {processor.py:161} INFO - Started process (PID=27259) to work on /usr/local/python/3.12.1/lib/python3.12/site-packages/airflow/example_dags/plugins/decreasing_priority_weight_strategy.py
[2026-04-26T07:21:33.570+0000] {processor.py:830} INFO - Processing file /usr/local/python/3.12.1/lib/python3.12/site-packages/airflow/example_dags/plugins/decreasing_priority_weight_strategy.py for tasks to queue
[2026-04-26T07:21:33.571+0000] {logging_mixin.py:188} INFO - [2026-04-26T07:21:33.570+0000] {dagbag.py:540} INFO - Filling up the DagBag from /usr/local/python/3.12.1/lib/python3.12/site-packages/airflow/example_dags/plugins/decreasing_priority_weight_strategy.py
[2026-04-26T07:21:33.573+0000] {processor.py:842} WARNING - No viable dags retrieved from /usr/local/python/3.12.1/lib/python3.12/site-packages/airflow/example_dags/plugins/decreasing_priority_weight_strategy.py
[2026-04-26T07:21:33.583+0000] {processor.py:183} INFO - Processing /usr/local/python/3.12.1/lib/python3.12/site-packages/airflow/example_dags/plugins/decreasing_priority_weight_strategy.py took 0.020 seconds
[2026-04-26T07:21:49.119+0000] {processor.py:161} INFO - Started process (PID=27403) to work on /usr/local/python/3.12.1/lib/python3.12/site-packages/airflow/example_dags/plugins/decreasing_priority_weight_strategy.py
[2026-04-26T07:21:49.120+0000] {processor.py:830} INFO - Processing file /usr/local/python/3.12.1/lib/python3.12/site-packages/airflow/example_dags/plugins/decreasing_priority_weight_strategy.py for tasks to queue
[2026-04-26T07:21:49.121+0000] {logging_mixin.py:188} INFO - [2026-04-26T07:21:49.120+0000] {dagbag.py:540} INFO - Filling up the DagBag from /usr/local/python/3.12.1/lib/python3.12/site-packages/airflow/example_dags/plugins/decreasing_priority_weight_strategy.py
[2026-04-26T07:21:49.122+0000] {processor.py:842} WARNING - No viable dags retrieved from /usr/local/python/3.12.1/lib/python3.12/site-packages/airflow/example_dags/plugins/decreasing_priority_weight_strategy.py
[2026-04-26T07:21:49.129+0000] {processor.py:183} INFO - Processing /usr/local/python/3.12.1/lib/python3.12/site-packages/airflow/example_dags/plugins/decreasing_priority_weight_strategy.py took 0.014 seconds
[2026-04-26T07:22:02.646+0000] {processor.py:161} INFO - Started process (PID=27516) to work on /usr/local/python/3.12.1/lib/python3.12/site-packages/airflow/example_dags/plugins/decreasing_priority_weight_strategy.py
[2026-04-26T07:22:02.647+0000] {processor.py:830} INFO - Processing file /usr/local/python/3.12.1/lib/python3.12/site-packages/airflow/example_dags/plugins/decreasing_priority_weight_strategy.py for tasks to queue
[2026-04-26T07:22:02.648+0000] {logging_mixin.py:188} INFO - [2026-04-26T07:22:02.648+0000] {dagbag.py:540} INFO - Filling up the DagBag from /usr/local/python/3.12.1/lib/python3.12/site-packages/airflow/example_dags/plugins/decreasing_priority_weight_strategy.py
[2026-04-26T07:22:02.650+0000] {processor.py:842} WARNING - No viable dags retrieved from /usr/local/python/3.12.1/lib/python3.12/site-packages/airflow/example_dags/plugins/decreasing_priority_weight_strategy.py
[2026-04-26T07:22:02.664+0000] {processor.py:183} INFO - Processing /usr/local/python/3.12.1/lib/python3.12/site-packages/airflow/example_dags/plugins/decreasing_priority_weight_strategy.py took 0.023 seconds
[2026-04-26T07:22:15.342+0000] {processor.py:161} INFO - Started process (PID=27630) to work on /usr/local/python/3.12.1/lib/python3.12/site-packages/airflow/example_dags/plugins/decreasing_priority_weight_strategy.py
[2026-04-26T07:22:15.343+0000] {processor.py:830} INFO - Processing file /usr/local/python/3.12.1/lib/python3.12/site-packages/airflow/example_dags/plugins/decreasing_priority_weight_strategy.py for tasks to queue
[2026-04-26T07:22:15.343+0000] {logging_mixin.py:188} INFO - [2026-04-26T07:22:15.343+0000] {dagbag.py:540} INFO - Filling up the DagBag from /usr/local/python/3.12.1/lib/python3.12/site-packages/airflow/example_dags/plugins/decreasing_priority_weight_strategy.py
[2026-04-26T07:22:15.345+0000] {processor.py:842} WARNING - No viable dags retrieved from /usr/local/python/3.12.1/lib/python3.12/site-packages/airflow/example_dags/plugins/decreasing_priority_weight_strategy.py
[2026-04-26T07:22:15.352+0000] {processor.py:183} INFO - Processing /usr/local/python/3.12.1/lib/python3.12/site-packages/airflow/example_dags/plugins/decreasing_priority_weight_strategy.py took 0.014 seconds
[2026-04-26T07:22:30.112+0000] {processor.py:161} INFO - Started process (PID=27765) to work on /usr/local/python/3.12.1/lib/python3.12/site-packages/airflow/example_dags/plugins/decreasing_priority_weight_strategy.py
[2026-04-26T07:22:30.113+0000] {processor.py:830} INFO - Processing file /usr/local/python/3.12.1/lib/python3.12/site-packages/airflow/example_dags/plugins/decreasing_priority_weight_strategy.py for tasks to queue
[2026-04-26T07:22:30.113+0000] {logging_mixin.py:188} INFO - [2026-04-26T07:22:30.113+0000] {dagbag.py:540} INFO - Filling up the DagBag from /usr/local/python/3.12.1/lib/python3.12/site-packages/airflow/example_dags/plugins/decreasing_priority_weight_strategy.py
[2026-04-26T07:22:30.115+0000] {processor.py:842} WARNING - No viable dags retrieved from /usr/local/python/3.12.1/lib/python3.12/site-packages/airflow/example_dags/plugins/decreasing_priority_weight_strategy.py
[2026-04-26T07:22:30.122+0000] {processor.py:183} INFO - Processing /usr/local/python/3.12.1/lib/python3.12/site-packages/airflow/example_dags/plugins/decreasing_priority_weight_strategy.py took 0.014 seconds
[2026-04-26T07:22:41.060+0000] {processor.py:161} INFO - Started process (PID=27859) to work on /usr/local/python/3.12.1/lib/python3.12/site-packages/airflow/example_dags/plugins/decreasing_priority_weight_strategy.py
[2026-04-26T07:22:41.061+0000] {processor.py:830} INFO - Processing file /usr/local/python/3.12.1/lib/python3.12/site-packages/airflow/example_dags/plugins/decreasing_priority_weight_strategy.py for tasks to queue
[2026-04-26T07:22:41.062+0000] {logging_mixin.py:188} INFO - [2026-04-26T07:22:41.061+0000] {dagbag.py:540} INFO - Filling up the DagBag from /usr/local/python/3.12.1/lib/python3.12/site-packages/airflow/example_dags/plugins/decreasing_priority_weight_strategy.py
[2026-04-26T07:22:41.064+0000] {processor.py:842} WARNING - No viable dags retrieved from /usr/local/python/3.12.1/lib/python3.12/site-packages/airflow/example_dags/plugins/decreasing_priority_weight_strategy.py
[2026-04-26T07:22:41.107+0000] {processor.py:183} INFO - Processing /usr/local/python/3.12.1/lib/python3.12/site-packages/airflow/example_dags/plugins/decreasing_priority_weight_strategy.py took 0.049 seconds
[2026-04-26T07:22:58.922+0000] {processor.py:161} INFO - Started process (PID=28011) to work on /usr/local/python/3.12.1/lib/python3.12/site-packages/airflow/example_dags/plugins/decreasing_priority_weight_strategy.py
[2026-04-26T07:22:58.923+0000] {processor.py:830} INFO - Processing file /usr/local/python/3.12.1/lib/python3.12/site-packages/airflow/example_dags/plugins/decreasing_priority_weight_strategy.py for tasks to queue
[2026-04-26T07:22:58.926+0000] {logging_mixin.py:188} INFO - [2026-04-26T07:22:58.924+0000] {dagbag.py:540} INFO - Filling up the DagBag from /usr/local/python/3.12.1/lib/python3.12/site-packages/airflow/example_dags/plugins/decreasing_priority_weight_strategy.py
[2026-04-26T07:22:58.932+0000] {processor.py:842} WARNING - No viable dags retrieved from /usr/local/python/3.12.1/lib/python3.12/site-packages/airflow/example_dags/plugins/decreasing_priority_weight_strategy.py
[2026-04-26T07:22:58.948+0000] {processor.py:183} INFO - Processing /usr/local/python/3.12.1/lib/python3.12/site-packages/airflow/example_dags/plugins/decreasing_priority_weight_strategy.py took 0.032 seconds
[2026-04-26T07:23:13.260+0000] {processor.py:161} INFO - Started process (PID=28137) to work on /usr/local/python/3.12.1/lib/python3.12/site-packages/airflow/example_dags/plugins/decreasing_priority_weight_strategy.py
[2026-04-26T07:23:13.260+0000] {processor.py:830} INFO - Processing file /usr/local/python/3.12.1/lib/python3.12/site-packages/airflow/example_dags/plugins/decreasing_priority_weight_strategy.py for tasks to queue
[2026-04-26T07:23:13.261+0000] {logging_mixin.py:188} INFO - [2026-04-26T07:23:13.261+0000] {dagbag.py:540} INFO - Filling up the DagBag from /usr/local/python/3.12.1/lib/python3.12/site-packages/airflow/example_dags/plugins/decreasing_priority_weight_strategy.py
[2026-04-26T07:23:13.263+0000] {processor.py:842} WARNING - No viable dags retrieved from /usr/local/python/3.12.1/lib/python3.12/site-packages/airflow/example_dags/plugins/decreasing_priority_weight_strategy.py
[2026-04-26T07:23:13.270+0000] {processor.py:183} INFO - Processing /usr/local/python/3.12.1/lib/python3.12/site-packages/airflow/example_dags/plugins/decreasing_priority_weight_strategy.py took 0.014 seconds
[2026-04-26T07:23:22.554+0000] {processor.py:161} INFO - Started process (PID=28228) to work on /usr/local/python/3.12.1/lib/python3.12/site-packages/airflow/example_dags/plugins/decreasing_priority_weight_strategy.py
[2026-04-26T07:23:22.555+0000] {processor.py:830} INFO - Processing file /usr/local/python/3.12.1/lib/python3.12/site-packages/airflow/example_dags/plugins/decreasing_priority_weight_strategy.py for tasks to queue
[2026-04-26T07:23:22.556+0000] {logging_mixin.py:188} INFO - [2026-04-26T07:23:22.556+0000] {dagbag.py:540} INFO - Filling up the DagBag from /usr/local/python/3.12.1/lib/python3.12/site-packages/airflow/example_dags/plugins/decreasing_priority_weight_strategy.py
[2026-04-26T07:23:22.558+0000] {processor.py:842} WARNING - No viable dags retrieved from /usr/local/python/3.12.1/lib/python3.12/site-packages/airflow/example_dags/plugins/decreasing_priority_weight_strategy.py
[2026-04-26T07:23:22.565+0000] {processor.py:183} INFO - Processing /usr/local/python/3.12.1/lib/python3.12/site-packages/airflow/example_dags/plugins/decreasing_priority_weight_strategy.py took 0.014 seconds
[2026-04-26T07:23:40.154+0000] {processor.py:161} INFO - Started process (PID=28391) to work on /usr/local/python/3.12.1/lib/python3.12/site-packages/airflow/example_dags/plugins/decreasing_priority_weight_strategy.py
[2026-04-26T07:23:40.155+0000] {processor.py:830} INFO - Processing file /usr/local/python/3.12.1/lib/python3.12/site-packages/airflow/example_dags/plugins/decreasing_priority_weight_strategy.py for tasks to queue
[2026-04-26T07:23:40.155+0000] {logging_mixin.py:188} INFO - [2026-04-26T07:23:40.155+0000] {dagbag.py:540} INFO - Filling up the DagBag from /usr/local/python/3.12.1/lib/python3.12/site-packages/airflow/example_dags/plugins/decreasing_priority_weight_strategy.py
[2026-04-26T07:23:40.157+0000] {processor.py:842} WARNING - No viable dags retrieved from /usr/local/python/3.12.1/lib/python3.12/site-packages/airflow/example_dags/plugins/decreasing_priority_weight_strategy.py
[2026-04-26T07:23:40.164+0000] {processor.py:183} INFO - Processing /usr/local/python/3.12.1/lib/python3.12/site-packages/airflow/example_dags/plugins/decreasing_priority_weight_strategy.py took 0.014 seconds
[2026-04-26T07:23:54.721+0000] {processor.py:161} INFO - Started process (PID=28577) to work on /usr/local/python/3.12.1/lib/python3.12/site-packages/airflow/example_dags/plugins/decreasing_priority_weight_strategy.py
[2026-04-26T07:23:54.722+0000] {processor.py:830} INFO - Processing file /usr/local/python/3.12.1/lib/python3.12/site-packages/airflow/example_dags/plugins/decreasing_priority_weight_strategy.py for tasks to queue
[2026-04-26T07:23:54.723+0000] {logging_mixin.py:188} INFO - [2026-04-26T07:23:54.723+0000] {dagbag.py:540} INFO - Filling up the DagBag from /usr/local/python/3.12.1/lib/python3.12/site-packages/airflow/example_dags/plugins/decreasing_priority_weight_strategy.py
[2026-04-26T07:23:54.725+0000] {processor.py:842} WARNING - No viable dags retrieved from /usr/local/python/3.12.1/lib/python3.12/site-packages/airflow/example_dags/plugins/decreasing_priority_weight_strategy.py
[2026-04-26T07:23:54.736+0000] {processor.py:183} INFO - Processing /usr/local/python/3.12.1/lib/python3.12/site-packages/airflow/example_dags/plugins/decreasing_priority_weight_strategy.py took 0.025 seconds
[2026-04-26T07:24:02.335+0000] {processor.py:161} INFO - Started process (PID=28648) to work on /usr/local/python/3.12.1/lib/python3.12/site-packages/airflow/example_dags/plugins/decreasing_priority_weight_strategy.py
[2026-04-26T07:24:02.336+0000] {processor.py:830} INFO - Processing file /usr/local/python/3.12.1/lib/python3.12/site-packages/airflow/example_dags/plugins/decreasing_priority_weight_strategy.py for tasks to queue
[2026-04-26T07:24:02.336+0000] {logging_mixin.py:188} INFO - [2026-04-26T07:24:02.336+0000] {dagbag.py:540} INFO - Filling up the DagBag from /usr/local/python/3.12.1/lib/python3.12/site-packages/airflow/example_dags/plugins/decreasing_priority_weight_strategy.py
[2026-04-26T07:24:02.338+0000] {processor.py:842} WARNING - No viable dags retrieved from /usr/local/python/3.12.1/lib/python3.12/site-packages/airflow/example_dags/plugins/decreasing_priority_weight_strategy.py
[2026-04-26T07:24:02.345+0000] {processor.py:183} INFO - Processing /usr/local/python/3.12.1/lib/python3.12/site-packages/airflow/example_dags/plugins/decreasing_priority_weight_strategy.py took 0.016 seconds
[2026-04-26T07:24:17.498+0000] {processor.py:161} INFO - Started process (PID=28775) to work on /usr/local/python/3.12.1/lib/python3.12/site-packages/airflow/example_dags/plugins/decreasing_priority_weight_strategy.py
[2026-04-26T07:24:17.499+0000] {processor.py:830} INFO - Processing file /usr/local/python/3.12.1/lib/python3.12/site-packages/airflow/example_dags/plugins/decreasing_priority_weight_strategy.py for tasks to queue
[2026-04-26T07:24:17.500+0000] {logging_mixin.py:188} INFO - [2026-04-26T07:24:17.499+0000] {dagbag.py:540} INFO - Filling up the DagBag from /usr/local/python/3.12.1/lib/python3.12/site-packages/airflow/example_dags/plugins/decreasing_priority_weight_strategy.py
[2026-04-26T07:24:17.501+0000] {processor.py:842} WARNING - No viable dags retrieved from /usr/local/python/3.12.1/lib/python3.12/site-packages/airflow/example_dags/plugins/decreasing_priority_weight_strategy.py
[2026-04-26T07:24:17.509+0000] {processor.py:183} INFO - Processing /usr/local/python/3.12.1/lib/python3.12/site-packages/airflow/example_dags/plugins/decreasing_priority_weight_strategy.py took 0.015 seconds
[2026-04-26T07:24:31.981+0000] {processor.py:161} INFO - Started process (PID=28936) to work on /usr/local/python/3.12.1/lib/python3.12/site-packages/airflow/example_dags/plugins/decreasing_priority_weight_strategy.py
[2026-04-26T07:24:31.981+0000] {processor.py:830} INFO - Processing file /usr/local/python/3.12.1/lib/python3.12/site-packages/airflow/example_dags/plugins/decreasing_priority_weight_strategy.py for tasks to queue
[2026-04-26T07:24:31.982+0000] {logging_mixin.py:188} INFO - [2026-04-26T07:24:31.982+0000] {dagbag.py:540} INFO - Filling up the DagBag from /usr/local/python/3.12.1/lib/python3.12/site-packages/airflow/example_dags/plugins/decreasing_priority_weight_strategy.py
[2026-04-26T07:24:31.984+0000] {processor.py:842} WARNING - No viable dags retrieved from /usr/local/python/3.12.1/lib/python3.12/site-packages/airflow/example_dags/plugins/decreasing_priority_weight_strategy.py
[2026-04-26T07:24:32.000+0000] {processor.py:183} INFO - Processing /usr/local/python/3.12.1/lib/python3.12/site-packages/airflow/example_dags/plugins/decreasing_priority_weight_strategy.py took 0.025 seconds
[2026-04-26T07:24:42.276+0000] {processor.py:161} INFO - Started process (PID=29068) to work on /usr/local/python/3.12.1/lib/python3.12/site-packages/airflow/example_dags/plugins/decreasing_priority_weight_strategy.py
[2026-04-26T07:24:42.277+0000] {processor.py:830} INFO - Processing file /usr/local/python/3.12.1/lib/python3.12/site-packages/airflow/example_dags/plugins/decreasing_priority_weight_strategy.py for tasks to queue
[2026-04-26T07:24:42.278+0000] {logging_mixin.py:188} INFO - [2026-04-26T07:24:42.277+0000] {dagbag.py:540} INFO - Filling up the DagBag from /usr/local/python/3.12.1/lib/python3.12/site-packages/airflow/example_dags/plugins/decreasing_priority_weight_strategy.py
[2026-04-26T07:24:42.280+0000] {processor.py:842} WARNING - No viable dags retrieved from /usr/local/python/3.12.1/lib/python3.12/site-packages/airflow/example_dags/plugins/decreasing_priority_weight_strategy.py
[2026-04-26T07:24:42.289+0000] {processor.py:183} INFO - Processing /usr/local/python/3.12.1/lib/python3.12/site-packages/airflow/example_dags/plugins/decreasing_priority_weight_strategy.py took 0.019 seconds
[2026-04-26T07:24:56.667+0000] {processor.py:161} INFO - Started process (PID=29194) to work on /usr/local/python/3.12.1/lib/python3.12/site-packages/airflow/example_dags/plugins/decreasing_priority_weight_strategy.py
[2026-04-26T07:24:56.668+0000] {processor.py:830} INFO - Processing file /usr/local/python/3.12.1/lib/python3.12/site-packages/airflow/example_dags/plugins/decreasing_priority_weight_strategy.py for tasks to queue
[2026-04-26T07:24:56.669+0000] {logging_mixin.py:188} INFO - [2026-04-26T07:24:56.669+0000] {dagbag.py:540} INFO - Filling up the DagBag from /usr/local/python/3.12.1/lib/python3.12/site-packages/airflow/example_dags/plugins/decreasing_priority_weight_strategy.py
[2026-04-26T07:24:56.672+0000] {processor.py:842} WARNING - No viable dags retrieved from /usr/local/python/3.12.1/lib/python3.12/site-packages/airflow/example_dags/plugins/decreasing_priority_weight_strategy.py
[2026-04-26T07:24:56.680+0000] {processor.py:183} INFO - Processing /usr/local/python/3.12.1/lib/python3.12/site-packages/airflow/example_dags/plugins/decreasing_priority_weight_strategy.py took 0.019 seconds
[2026-04-26T07:25:11.519+0000] {processor.py:161} INFO - Started process (PID=29401) to work on /usr/local/python/3.12.1/lib/python3.12/site-packages/airflow/example_dags/plugins/decreasing_priority_weight_strategy.py
[2026-04-26T07:25:11.520+0000] {processor.py:830} INFO - Processing file /usr/local/python/3.12.1/lib/python3.12/site-packages/airflow/example_dags/plugins/decreasing_priority_weight_strategy.py for tasks to queue
[2026-04-26T07:25:11.521+0000] {logging_mixin.py:188} INFO - [2026-04-26T07:25:11.521+0000] {dagbag.py:540} INFO - Filling up the DagBag from /usr/local/python/3.12.1/lib/python3.12/site-packages/airflow/example_dags/plugins/decreasing_priority_weight_strategy.py
[2026-04-26T07:25:11.523+0000] {processor.py:842} WARNING - No viable dags retrieved from /usr/local/python/3.12.1/lib/python3.12/site-packages/airflow/example_dags/plugins/decreasing_priority_weight_strategy.py
[2026-04-26T07:25:11.530+0000] {processor.py:183} INFO - Processing /usr/local/python/3.12.1/lib/python3.12/site-packages/airflow/example_dags/plugins/decreasing_priority_weight_strategy.py took 0.015 seconds
[2026-04-26T07:25:22.556+0000] {processor.py:161} INFO - Started process (PID=29498) to work on /usr/local/python/3.12.1/lib/python3.12/site-packages/airflow/example_dags/plugins/decreasing_priority_weight_strategy.py
[2026-04-26T07:25:22.557+0000] {processor.py:830} INFO - Processing file /usr/local/python/3.12.1/lib/python3.12/site-packages/airflow/example_dags/plugins/decreasing_priority_weight_strategy.py for tasks to queue
[2026-04-26T07:25:22.557+0000] {logging_mixin.py:188} INFO - [2026-04-26T07:25:22.557+0000] {dagbag.py:540} INFO - Filling up the DagBag from /usr/local/python/3.12.1/lib/python3.12/site-packages/airflow/example_dags/plugins/decreasing_priority_weight_strategy.py
[2026-04-26T07:25:22.559+0000] {processor.py:842} WARNING - No viable dags retrieved from /usr/local/python/3.12.1/lib/python3.12/site-packages/airflow/example_dags/plugins/decreasing_priority_weight_strategy.py
[2026-04-26T07:25:22.566+0000] {processor.py:183} INFO - Processing /usr/local/python/3.12.1/lib/python3.12/site-packages/airflow/example_dags/plugins/decreasing_priority_weight_strategy.py took 0.014 seconds
[2026-04-26T07:25:38.507+0000] {processor.py:161} INFO - Started process (PID=29628) to work on /usr/local/python/3.12.1/lib/python3.12/site-packages/airflow/example_dags/plugins/decreasing_priority_weight_strategy.py
[2026-04-26T07:25:38.508+0000] {processor.py:830} INFO - Processing file /usr/local/python/3.12.1/lib/python3.12/site-packages/airflow/example_dags/plugins/decreasing_priority_weight_strategy.py for tasks to queue
[2026-04-26T07:25:38.508+0000] {logging_mixin.py:188} INFO - [2026-04-26T07:25:38.508+0000] {dagbag.py:540} INFO - Filling up the DagBag from /usr/local/python/3.12.1/lib/python3.12/site-packages/airflow/example_dags/plugins/decreasing_priority_weight_strategy.py
[2026-04-26T07:25:38.510+0000] {processor.py:842} WARNING - No viable dags retrieved from /usr/local/python/3.12.1/lib/python3.12/site-packages/airflow/example_dags/plugins/decreasing_priority_weight_strategy.py
[2026-04-26T07:25:38.517+0000] {processor.py:183} INFO - Processing /usr/local/python/3.12.1/lib/python3.12/site-packages/airflow/example_dags/plugins/decreasing_priority_weight_strategy.py took 0.015 seconds
[2026-04-26T07:25:52.260+0000] {processor.py:161} INFO - Started process (PID=29762) to work on /usr/local/python/3.12.1/lib/python3.12/site-packages/airflow/example_dags/plugins/decreasing_priority_weight_strategy.py
[2026-04-26T07:25:52.261+0000] {processor.py:830} INFO - Processing file /usr/local/python/3.12.1/lib/python3.12/site-packages/airflow/example_dags/plugins/decreasing_priority_weight_strategy.py for tasks to queue
[2026-04-26T07:25:52.262+0000] {logging_mixin.py:188} INFO - [2026-04-26T07:25:52.261+0000] {dagbag.py:540} INFO - Filling up the DagBag from /usr/local/python/3.12.1/lib/python3.12/site-packages/airflow/example_dags/plugins/decreasing_priority_weight_strategy.py
[2026-04-26T07:25:52.264+0000] {processor.py:842} WARNING - No viable dags retrieved from /usr/local/python/3.12.1/lib/python3.12/site-packages/airflow/example_dags/plugins/decreasing_priority_weight_strategy.py
[2026-04-26T07:25:52.271+0000] {processor.py:183} INFO - Processing /usr/local/python/3.12.1/lib/python3.12/site-packages/airflow/example_dags/plugins/decreasing_priority_weight_strategy.py took 0.017 seconds
[2026-04-26T07:26:03.720+0000] {processor.py:161} INFO - Started process (PID=29862) to work on /usr/local/python/3.12.1/lib/python3.12/site-packages/airflow/example_dags/plugins/decreasing_priority_weight_strategy.py
[2026-04-26T07:26:03.721+0000] {processor.py:830} INFO - Processing file /usr/local/python/3.12.1/lib/python3.12/site-packages/airflow/example_dags/plugins/decreasing_priority_weight_strategy.py for tasks to queue
[2026-04-26T07:26:03.722+0000] {logging_mixin.py:188} INFO - [2026-04-26T07:26:03.722+0000] {dagbag.py:540} INFO - Filling up the DagBag from /usr/local/python/3.12.1/lib/python3.12/site-packages/airflow/example_dags/plugins/decreasing_priority_weight_strategy.py
[2026-04-26T07:26:03.724+0000] {processor.py:842} WARNING - No viable dags retrieved from /usr/local/python/3.12.1/lib/python3.12/site-packages/airflow/example_dags/plugins/decreasing_priority_weight_strategy.py
[2026-04-26T07:26:03.732+0000] {processor.py:183} INFO - Processing /usr/local/python/3.12.1/lib/python3.12/site-packages/airflow/example_dags/plugins/decreasing_priority_weight_strategy.py took 0.025 seconds
[2026-04-26T07:26:19.927+0000] {processor.py:161} INFO - Started process (PID=29991) to work on /usr/local/python/3.12.1/lib/python3.12/site-packages/airflow/example_dags/plugins/decreasing_priority_weight_strategy.py
[2026-04-26T07:26:19.928+0000] {processor.py:830} INFO - Processing file /usr/local/python/3.12.1/lib/python3.12/site-packages/airflow/example_dags/plugins/decreasing_priority_weight_strategy.py for tasks to queue
[2026-04-26T07:26:19.929+0000] {logging_mixin.py:188} INFO - [2026-04-26T07:26:19.928+0000] {dagbag.py:540} INFO - Filling up the DagBag from /usr/local/python/3.12.1/lib/python3.12/site-packages/airflow/example_dags/plugins/decreasing_priority_weight_strategy.py
[2026-04-26T07:26:19.930+0000] {processor.py:842} WARNING - No viable dags retrieved from /usr/local/python/3.12.1/lib/python3.12/site-packages/airflow/example_dags/plugins/decreasing_priority_weight_strategy.py
[2026-04-26T07:26:19.939+0000] {processor.py:183} INFO - Processing /usr/local/python/3.12.1/lib/python3.12/site-packages/airflow/example_dags/plugins/decreasing_priority_weight_strategy.py took 0.016 seconds
[2026-04-26T07:26:35.999+0000] {processor.py:161} INFO - Started process (PID=30144) to work on /usr/local/python/3.12.1/lib/python3.12/site-packages/airflow/example_dags/plugins/decreasing_priority_weight_strategy.py
[2026-04-26T07:26:36.000+0000] {processor.py:830} INFO - Processing file /usr/local/python/3.12.1/lib/python3.12/site-packages/airflow/example_dags/plugins/decreasing_priority_weight_strategy.py for tasks to queue
[2026-04-26T07:26:36.001+0000] {logging_mixin.py:188} INFO - [2026-04-26T07:26:36.000+0000] {dagbag.py:540} INFO - Filling up the DagBag from /usr/local/python/3.12.1/lib/python3.12/site-packages/airflow/example_dags/plugins/decreasing_priority_weight_strategy.py
[2026-04-26T07:26:36.002+0000] {processor.py:842} WARNING - No viable dags retrieved from /usr/local/python/3.12.1/lib/python3.12/site-packages/airflow/example_dags/plugins/decreasing_priority_weight_strategy.py
[2026-04-26T07:26:36.009+0000] {processor.py:183} INFO - Processing /usr/local/python/3.12.1/lib/python3.12/site-packages/airflow/example_dags/plugins/decreasing_priority_weight_strategy.py took 0.014 seconds
[2026-04-26T07:26:44.385+0000] {processor.py:161} INFO - Started process (PID=30224) to work on /usr/local/python/3.12.1/lib/python3.12/site-packages/airflow/example_dags/plugins/decreasing_priority_weight_strategy.py
[2026-04-26T07:26:44.386+0000] {processor.py:830} INFO - Processing file /usr/local/python/3.12.1/lib/python3.12/site-packages/airflow/example_dags/plugins/decreasing_priority_weight_strategy.py for tasks to queue
[2026-04-26T07:26:44.387+0000] {logging_mixin.py:188} INFO - [2026-04-26T07:26:44.387+0000] {dagbag.py:540} INFO - Filling up the DagBag from /usr/local/python/3.12.1/lib/python3.12/site-packages/airflow/example_dags/plugins/decreasing_priority_weight_strategy.py
[2026-04-26T07:26:44.389+0000] {processor.py:842} WARNING - No viable dags retrieved from /usr/local/python/3.12.1/lib/python3.12/site-packages/airflow/example_dags/plugins/decreasing_priority_weight_strategy.py
[2026-04-26T07:26:44.400+0000] {processor.py:183} INFO - Processing /usr/local/python/3.12.1/lib/python3.12/site-packages/airflow/example_dags/plugins/decreasing_priority_weight_strategy.py took 0.023 seconds
[2026-04-26T07:27:02.916+0000] {processor.py:161} INFO - Started process (PID=30372) to work on /usr/local/python/3.12.1/lib/python3.12/site-packages/airflow/example_dags/plugins/decreasing_priority_weight_strategy.py
[2026-04-26T07:27:02.917+0000] {processor.py:830} INFO - Processing file /usr/local/python/3.12.1/lib/python3.12/site-packages/airflow/example_dags/plugins/decreasing_priority_weight_strategy.py for tasks to queue
[2026-04-26T07:27:02.918+0000] {logging_mixin.py:188} INFO - [2026-04-26T07:27:02.917+0000] {dagbag.py:540} INFO - Filling up the DagBag from /usr/local/python/3.12.1/lib/python3.12/site-packages/airflow/example_dags/plugins/decreasing_priority_weight_strategy.py
[2026-04-26T07:27:02.919+0000] {processor.py:842} WARNING - No viable dags retrieved from /usr/local/python/3.12.1/lib/python3.12/site-packages/airflow/example_dags/plugins/decreasing_priority_weight_strategy.py
[2026-04-26T07:27:02.926+0000] {processor.py:183} INFO - Processing /usr/local/python/3.12.1/lib/python3.12/site-packages/airflow/example_dags/plugins/decreasing_priority_weight_strategy.py took 0.014 seconds
[2026-04-26T07:27:14.889+0000] {processor.py:161} INFO - Started process (PID=30494) to work on /usr/local/python/3.12.1/lib/python3.12/site-packages/airflow/example_dags/plugins/decreasing_priority_weight_strategy.py
[2026-04-26T07:27:14.890+0000] {processor.py:830} INFO - Processing file /usr/local/python/3.12.1/lib/python3.12/site-packages/airflow/example_dags/plugins/decreasing_priority_weight_strategy.py for tasks to queue
[2026-04-26T07:27:14.891+0000] {logging_mixin.py:188} INFO - [2026-04-26T07:27:14.890+0000] {dagbag.py:540} INFO - Filling up the DagBag from /usr/local/python/3.12.1/lib/python3.12/site-packages/airflow/example_dags/plugins/decreasing_priority_weight_strategy.py
[2026-04-26T07:27:14.893+0000] {processor.py:842} WARNING - No viable dags retrieved from /usr/local/python/3.12.1/lib/python3.12/site-packages/airflow/example_dags/plugins/decreasing_priority_weight_strategy.py
[2026-04-26T07:27:14.902+0000] {processor.py:183} INFO - Processing /usr/local/python/3.12.1/lib/python3.12/site-packages/airflow/example_dags/plugins/decreasing_priority_weight_strategy.py took 0.020 seconds
[2026-04-26T07:27:24.092+0000] {processor.py:161} INFO - Started process (PID=30581) to work on /usr/local/python/3.12.1/lib/python3.12/site-packages/airflow/example_dags/plugins/decreasing_priority_weight_strategy.py
[2026-04-26T07:27:24.093+0000] {processor.py:830} INFO - Processing file /usr/local/python/3.12.1/lib/python3.12/site-packages/airflow/example_dags/plugins/decreasing_priority_weight_strategy.py for tasks to queue
[2026-04-26T07:27:24.093+0000] {logging_mixin.py:188} INFO - [2026-04-26T07:27:24.093+0000] {dagbag.py:540} INFO - Filling up the DagBag from /usr/local/python/3.12.1/lib/python3.12/site-packages/airflow/example_dags/plugins/decreasing_priority_weight_strategy.py
[2026-04-26T07:27:24.095+0000] {processor.py:842} WARNING - No viable dags retrieved from /usr/local/python/3.12.1/lib/python3.12/site-packages/airflow/example_dags/plugins/decreasing_priority_weight_strategy.py
[2026-04-26T07:27:24.102+0000] {processor.py:183} INFO - Processing /usr/local/python/3.12.1/lib/python3.12/site-packages/airflow/example_dags/plugins/decreasing_priority_weight_strategy.py took 0.014 seconds
[2026-04-26T07:27:42.922+0000] {processor.py:161} INFO - Started process (PID=30732) to work on /usr/local/python/3.12.1/lib/python3.12/site-packages/airflow/example_dags/plugins/decreasing_priority_weight_strategy.py
[2026-04-26T07:27:42.923+0000] {processor.py:830} INFO - Processing file /usr/local/python/3.12.1/lib/python3.12/site-packages/airflow/example_dags/plugins/decreasing_priority_weight_strategy.py for tasks to queue
[2026-04-26T07:27:42.924+0000] {logging_mixin.py:188} INFO - [2026-04-26T07:27:42.924+0000] {dagbag.py:540} INFO - Filling up the DagBag from /usr/local/python/3.12.1/lib/python3.12/site-packages/airflow/example_dags/plugins/decreasing_priority_weight_strategy.py
[2026-04-26T07:27:42.926+0000] {processor.py:842} WARNING - No viable dags retrieved from /usr/local/python/3.12.1/lib/python3.12/site-packages/airflow/example_dags/plugins/decreasing_priority_weight_strategy.py
[2026-04-26T07:27:42.946+0000] {processor.py:183} INFO - Processing /usr/local/python/3.12.1/lib/python3.12/site-packages/airflow/example_dags/plugins/decreasing_priority_weight_strategy.py took 0.030 seconds
[2026-04-26T07:27:54.313+0000] {processor.py:161} INFO - Started process (PID=30847) to work on /usr/local/python/3.12.1/lib/python3.12/site-packages/airflow/example_dags/plugins/decreasing_priority_weight_strategy.py
[2026-04-26T07:27:54.314+0000] {processor.py:830} INFO - Processing file /usr/local/python/3.12.1/lib/python3.12/site-packages/airflow/example_dags/plugins/decreasing_priority_weight_strategy.py for tasks to queue
[2026-04-26T07:27:54.314+0000] {logging_mixin.py:188} INFO - [2026-04-26T07:27:54.314+0000] {dagbag.py:540} INFO - Filling up the DagBag from /usr/local/python/3.12.1/lib/python3.12/site-packages/airflow/example_dags/plugins/decreasing_priority_weight_strategy.py
[2026-04-26T07:27:54.316+0000] {processor.py:842} WARNING - No viable dags retrieved from /usr/local/python/3.12.1/lib/python3.12/site-packages/airflow/example_dags/plugins/decreasing_priority_weight_strategy.py
[2026-04-26T07:27:54.323+0000] {processor.py:183} INFO - Processing /usr/local/python/3.12.1/lib/python3.12/site-packages/airflow/example_dags/plugins/decreasing_priority_weight_strategy.py took 0.014 seconds
[2026-04-26T07:28:04.370+0000] {processor.py:161} INFO - Started process (PID=30942) to work on /usr/local/python/3.12.1/lib/python3.12/site-packages/airflow/example_dags/plugins/decreasing_priority_weight_strategy.py
[2026-04-26T07:28:04.370+0000] {processor.py:830} INFO - Processing file /usr/local/python/3.12.1/lib/python3.12/site-packages/airflow/example_dags/plugins/decreasing_priority_weight_strategy.py for tasks to queue
[2026-04-26T07:28:04.371+0000] {logging_mixin.py:188} INFO - [2026-04-26T07:28:04.371+0000] {dagbag.py:540} INFO - Filling up the DagBag from /usr/local/python/3.12.1/lib/python3.12/site-packages/airflow/example_dags/plugins/decreasing_priority_weight_strategy.py
[2026-04-26T07:28:04.373+0000] {processor.py:842} WARNING - No viable dags retrieved from /usr/local/python/3.12.1/lib/python3.12/site-packages/airflow/example_dags/plugins/decreasing_priority_weight_strategy.py
[2026-04-26T07:28:04.380+0000] {processor.py:183} INFO - Processing /usr/local/python/3.12.1/lib/python3.12/site-packages/airflow/example_dags/plugins/decreasing_priority_weight_strategy.py took 0.014 seconds
[2026-04-26T07:28:25.633+0000] {processor.py:161} INFO - Started process (PID=31130) to work on /usr/local/python/3.12.1/lib/python3.12/site-packages/airflow/example_dags/plugins/decreasing_priority_weight_strategy.py
[2026-04-26T07:28:25.634+0000] {processor.py:830} INFO - Processing file /usr/local/python/3.12.1/lib/python3.12/site-packages/airflow/example_dags/plugins/decreasing_priority_weight_strategy.py for tasks to queue
[2026-04-26T07:28:25.635+0000] {logging_mixin.py:188} INFO - [2026-04-26T07:28:25.635+0000] {dagbag.py:540} INFO - Filling up the DagBag from /usr/local/python/3.12.1/lib/python3.12/site-packages/airflow/example_dags/plugins/decreasing_priority_weight_strategy.py
[2026-04-26T07:28:25.638+0000] {processor.py:842} WARNING - No viable dags retrieved from /usr/local/python/3.12.1/lib/python3.12/site-packages/airflow/example_dags/plugins/decreasing_priority_weight_strategy.py
[2026-04-26T07:28:25.649+0000] {processor.py:183} INFO - Processing /usr/local/python/3.12.1/lib/python3.12/site-packages/airflow/example_dags/plugins/decreasing_priority_weight_strategy.py took 0.020 seconds
[2026-04-26T07:28:33.224+0000] {processor.py:161} INFO - Started process (PID=31187) to work on /usr/local/python/3.12.1/lib/python3.12/site-packages/airflow/example_dags/plugins/decreasing_priority_weight_strategy.py
[2026-04-26T07:28:33.225+0000] {processor.py:830} INFO - Processing file /usr/local/python/3.12.1/lib/python3.12/site-packages/airflow/example_dags/plugins/decreasing_priority_weight_strategy.py for tasks to queue
[2026-04-26T07:28:33.225+0000] {logging_mixin.py:188} INFO - [2026-04-26T07:28:33.225+0000] {dagbag.py:540} INFO - Filling up the DagBag from /usr/local/python/3.12.1/lib/python3.12/site-packages/airflow/example_dags/plugins/decreasing_priority_weight_strategy.py
[2026-04-26T07:28:33.227+0000] {processor.py:842} WARNING - No viable dags retrieved from /usr/local/python/3.12.1/lib/python3.12/site-packages/airflow/example_dags/plugins/decreasing_priority_weight_strategy.py
[2026-04-26T07:28:33.234+0000] {processor.py:183} INFO - Processing /usr/local/python/3.12.1/lib/python3.12/site-packages/airflow/example_dags/plugins/decreasing_priority_weight_strategy.py took 0.015 seconds
[2026-04-26T07:28:45.403+0000] {processor.py:161} INFO - Started process (PID=31373) to work on /usr/local/python/3.12.1/lib/python3.12/site-packages/airflow/example_dags/plugins/decreasing_priority_weight_strategy.py
[2026-04-26T07:28:45.403+0000] {processor.py:830} INFO - Processing file /usr/local/python/3.12.1/lib/python3.12/site-packages/airflow/example_dags/plugins/decreasing_priority_weight_strategy.py for tasks to queue
[2026-04-26T07:28:45.404+0000] {logging_mixin.py:188} INFO - [2026-04-26T07:28:45.404+0000] {dagbag.py:540} INFO - Filling up the DagBag from /usr/local/python/3.12.1/lib/python3.12/site-packages/airflow/example_dags/plugins/decreasing_priority_weight_strategy.py
[2026-04-26T07:28:45.406+0000] {processor.py:842} WARNING - No viable dags retrieved from /usr/local/python/3.12.1/lib/python3.12/site-packages/airflow/example_dags/plugins/decreasing_priority_weight_strategy.py
[2026-04-26T07:28:45.413+0000] {processor.py:183} INFO - Processing /usr/local/python/3.12.1/lib/python3.12/site-packages/airflow/example_dags/plugins/decreasing_priority_weight_strategy.py took 0.016 seconds
[2026-04-26T07:29:09.036+0000] {processor.py:161} INFO - Started process (PID=31576) to work on /usr/local/python/3.12.1/lib/python3.12/site-packages/airflow/example_dags/plugins/decreasing_priority_weight_strategy.py
[2026-04-26T07:29:09.037+0000] {processor.py:830} INFO - Processing file /usr/local/python/3.12.1/lib/python3.12/site-packages/airflow/example_dags/plugins/decreasing_priority_weight_strategy.py for tasks to queue
[2026-04-26T07:29:09.037+0000] {logging_mixin.py:188} INFO - [2026-04-26T07:29:09.037+0000] {dagbag.py:540} INFO - Filling up the DagBag from /usr/local/python/3.12.1/lib/python3.12/site-packages/airflow/example_dags/plugins/decreasing_priority_weight_strategy.py
[2026-04-26T07:29:09.039+0000] {processor.py:842} WARNING - No viable dags retrieved from /usr/local/python/3.12.1/lib/python3.12/site-packages/airflow/example_dags/plugins/decreasing_priority_weight_strategy.py
[2026-04-26T07:29:09.046+0000] {processor.py:183} INFO - Processing /usr/local/python/3.12.1/lib/python3.12/site-packages/airflow/example_dags/plugins/decreasing_priority_weight_strategy.py took 0.015 seconds
[2026-04-26T07:29:12.045+0000] {processor.py:161} INFO - Started process (PID=31596) to work on /usr/local/python/3.12.1/lib/python3.12/site-packages/airflow/example_dags/plugins/decreasing_priority_weight_strategy.py
[2026-04-26T07:29:12.046+0000] {processor.py:830} INFO - Processing file /usr/local/python/3.12.1/lib/python3.12/site-packages/airflow/example_dags/plugins/decreasing_priority_weight_strategy.py for tasks to queue
[2026-04-26T07:29:12.047+0000] {logging_mixin.py:188} INFO - [2026-04-26T07:29:12.046+0000] {dagbag.py:540} INFO - Filling up the DagBag from /usr/local/python/3.12.1/lib/python3.12/site-packages/airflow/example_dags/plugins/decreasing_priority_weight_strategy.py
[2026-04-26T07:29:12.048+0000] {processor.py:842} WARNING - No viable dags retrieved from /usr/local/python/3.12.1/lib/python3.12/site-packages/airflow/example_dags/plugins/decreasing_priority_weight_strategy.py
[2026-04-26T07:29:12.056+0000] {processor.py:183} INFO - Processing /usr/local/python/3.12.1/lib/python3.12/site-packages/airflow/example_dags/plugins/decreasing_priority_weight_strategy.py took 0.015 seconds
[2026-04-26T07:29:28.419+0000] {processor.py:161} INFO - Started process (PID=31749) to work on /usr/local/python/3.12.1/lib/python3.12/site-packages/airflow/example_dags/plugins/decreasing_priority_weight_strategy.py
[2026-04-26T07:29:28.420+0000] {processor.py:830} INFO - Processing file /usr/local/python/3.12.1/lib/python3.12/site-packages/airflow/example_dags/plugins/decreasing_priority_weight_strategy.py for tasks to queue
[2026-04-26T07:29:28.421+0000] {logging_mixin.py:188} INFO - [2026-04-26T07:29:28.421+0000] {dagbag.py:540} INFO - Filling up the DagBag from /usr/local/python/3.12.1/lib/python3.12/site-packages/airflow/example_dags/plugins/decreasing_priority_weight_strategy.py
[2026-04-26T07:29:28.422+0000] {processor.py:842} WARNING - No viable dags retrieved from /usr/local/python/3.12.1/lib/python3.12/site-packages/airflow/example_dags/plugins/decreasing_priority_weight_strategy.py
[2026-04-26T07:29:28.429+0000] {processor.py:183} INFO - Processing /usr/local/python/3.12.1/lib/python3.12/site-packages/airflow/example_dags/plugins/decreasing_priority_weight_strategy.py took 0.014 seconds
[2026-04-26T07:29:50.386+0000] {processor.py:161} INFO - Started process (PID=32010) to work on /usr/local/python/3.12.1/lib/python3.12/site-packages/airflow/example_dags/plugins/decreasing_priority_weight_strategy.py
[2026-04-26T07:29:50.387+0000] {processor.py:830} INFO - Processing file /usr/local/python/3.12.1/lib/python3.12/site-packages/airflow/example_dags/plugins/decreasing_priority_weight_strategy.py for tasks to queue
[2026-04-26T07:29:50.388+0000] {logging_mixin.py:188} INFO - [2026-04-26T07:29:50.387+0000] {dagbag.py:540} INFO - Filling up the DagBag from /usr/local/python/3.12.1/lib/python3.12/site-packages/airflow/example_dags/plugins/decreasing_priority_weight_strategy.py
[2026-04-26T07:29:50.389+0000] {processor.py:842} WARNING - No viable dags retrieved from /usr/local/python/3.12.1/lib/python3.12/site-packages/airflow/example_dags/plugins/decreasing_priority_weight_strategy.py
[2026-04-26T07:29:50.396+0000] {processor.py:183} INFO - Processing /usr/local/python/3.12.1/lib/python3.12/site-packages/airflow/example_dags/plugins/decreasing_priority_weight_strategy.py took 0.015 seconds
[2026-04-26T07:29:57.115+0000] {processor.py:161} INFO - Started process (PID=32076) to work on /usr/local/python/3.12.1/lib/python3.12/site-packages/airflow/example_dags/plugins/decreasing_priority_weight_strategy.py
[2026-04-26T07:29:57.116+0000] {processor.py:830} INFO - Processing file /usr/local/python/3.12.1/lib/python3.12/site-packages/airflow/example_dags/plugins/decreasing_priority_weight_strategy.py for tasks to queue
[2026-04-26T07:29:57.117+0000] {logging_mixin.py:188} INFO - [2026-04-26T07:29:57.116+0000] {dagbag.py:540} INFO - Filling up the DagBag from /usr/local/python/3.12.1/lib/python3.12/site-packages/airflow/example_dags/plugins/decreasing_priority_weight_strategy.py
[2026-04-26T07:29:57.118+0000] {processor.py:842} WARNING - No viable dags retrieved from /usr/local/python/3.12.1/lib/python3.12/site-packages/airflow/example_dags/plugins/decreasing_priority_weight_strategy.py
[2026-04-26T07:29:57.125+0000] {processor.py:183} INFO - Processing /usr/local/python/3.12.1/lib/python3.12/site-packages/airflow/example_dags/plugins/decreasing_priority_weight_strategy.py took 0.014 seconds
[2026-04-26T07:30:08.701+0000] {processor.py:161} INFO - Started process (PID=32238) to work on /usr/local/python/3.12.1/lib/python3.12/site-packages/airflow/example_dags/plugins/decreasing_priority_weight_strategy.py
[2026-04-26T07:30:08.702+0000] {processor.py:830} INFO - Processing file /usr/local/python/3.12.1/lib/python3.12/site-packages/airflow/example_dags/plugins/decreasing_priority_weight_strategy.py for tasks to queue
[2026-04-26T07:30:08.702+0000] {logging_mixin.py:188} INFO - [2026-04-26T07:30:08.702+0000] {dagbag.py:540} INFO - Filling up the DagBag from /usr/local/python/3.12.1/lib/python3.12/site-packages/airflow/example_dags/plugins/decreasing_priority_weight_strategy.py
[2026-04-26T07:30:08.704+0000] {processor.py:842} WARNING - No viable dags retrieved from /usr/local/python/3.12.1/lib/python3.12/site-packages/airflow/example_dags/plugins/decreasing_priority_weight_strategy.py
[2026-04-26T07:30:08.710+0000] {processor.py:183} INFO - Processing /usr/local/python/3.12.1/lib/python3.12/site-packages/airflow/example_dags/plugins/decreasing_priority_weight_strategy.py took 0.013 seconds
[2026-04-26T07:30:31.554+0000] {processor.py:161} INFO - Started process (PID=32436) to work on /usr/local/python/3.12.1/lib/python3.12/site-packages/airflow/example_dags/plugins/decreasing_priority_weight_strategy.py
[2026-04-26T07:30:31.555+0000] {processor.py:830} INFO - Processing file /usr/local/python/3.12.1/lib/python3.12/site-packages/airflow/example_dags/plugins/decreasing_priority_weight_strategy.py for tasks to queue
[2026-04-26T07:30:31.556+0000] {logging_mixin.py:188} INFO - [2026-04-26T07:30:31.556+0000] {dagbag.py:540} INFO - Filling up the DagBag from /usr/local/python/3.12.1/lib/python3.12/site-packages/airflow/example_dags/plugins/decreasing_priority_weight_strategy.py
[2026-04-26T07:30:31.558+0000] {processor.py:842} WARNING - No viable dags retrieved from /usr/local/python/3.12.1/lib/python3.12/site-packages/airflow/example_dags/plugins/decreasing_priority_weight_strategy.py
[2026-04-26T07:30:31.569+0000] {processor.py:183} INFO - Processing /usr/local/python/3.12.1/lib/python3.12/site-packages/airflow/example_dags/plugins/decreasing_priority_weight_strategy.py took 0.021 seconds
[2026-04-26T07:30:38.769+0000] {processor.py:161} INFO - Started process (PID=32506) to work on /usr/local/python/3.12.1/lib/python3.12/site-packages/airflow/example_dags/plugins/decreasing_priority_weight_strategy.py
[2026-04-26T07:30:38.769+0000] {processor.py:830} INFO - Processing file /usr/local/python/3.12.1/lib/python3.12/site-packages/airflow/example_dags/plugins/decreasing_priority_weight_strategy.py for tasks to queue
[2026-04-26T07:30:38.770+0000] {logging_mixin.py:188} INFO - [2026-04-26T07:30:38.770+0000] {dagbag.py:540} INFO - Filling up the DagBag from /usr/local/python/3.12.1/lib/python3.12/site-packages/airflow/example_dags/plugins/decreasing_priority_weight_strategy.py
[2026-04-26T07:30:38.772+0000] {processor.py:842} WARNING - No viable dags retrieved from /usr/local/python/3.12.1/lib/python3.12/site-packages/airflow/example_dags/plugins/decreasing_priority_weight_strategy.py
[2026-04-26T07:30:38.779+0000] {processor.py:183} INFO - Processing /usr/local/python/3.12.1/lib/python3.12/site-packages/airflow/example_dags/plugins/decreasing_priority_weight_strategy.py took 0.014 seconds
[2026-04-26T07:30:54.333+0000] {processor.py:161} INFO - Started process (PID=32635) to work on /usr/local/python/3.12.1/lib/python3.12/site-packages/airflow/example_dags/plugins/decreasing_priority_weight_strategy.py
[2026-04-26T07:30:54.334+0000] {processor.py:830} INFO - Processing file /usr/local/python/3.12.1/lib/python3.12/site-packages/airflow/example_dags/plugins/decreasing_priority_weight_strategy.py for tasks to queue
[2026-04-26T07:30:54.335+0000] {logging_mixin.py:188} INFO - [2026-04-26T07:30:54.334+0000] {dagbag.py:540} INFO - Filling up the DagBag from /usr/local/python/3.12.1/lib/python3.12/site-packages/airflow/example_dags/plugins/decreasing_priority_weight_strategy.py
[2026-04-26T07:30:54.337+0000] {processor.py:842} WARNING - No viable dags retrieved from /usr/local/python/3.12.1/lib/python3.12/site-packages/airflow/example_dags/plugins/decreasing_priority_weight_strategy.py
[2026-04-26T07:30:54.358+0000] {processor.py:183} INFO - Processing /usr/local/python/3.12.1/lib/python3.12/site-packages/airflow/example_dags/plugins/decreasing_priority_weight_strategy.py took 0.030 seconds
[2026-04-26T07:31:09.057+0000] {processor.py:161} INFO - Started process (PID=32780) to work on /usr/local/python/3.12.1/lib/python3.12/site-packages/airflow/example_dags/plugins/decreasing_priority_weight_strategy.py
[2026-04-26T07:31:09.058+0000] {processor.py:830} INFO - Processing file /usr/local/python/3.12.1/lib/python3.12/site-packages/airflow/example_dags/plugins/decreasing_priority_weight_strategy.py for tasks to queue
[2026-04-26T07:31:09.059+0000] {logging_mixin.py:188} INFO - [2026-04-26T07:31:09.058+0000] {dagbag.py:540} INFO - Filling up the DagBag from /usr/local/python/3.12.1/lib/python3.12/site-packages/airflow/example_dags/plugins/decreasing_priority_weight_strategy.py
[2026-04-26T07:31:09.061+0000] {processor.py:842} WARNING - No viable dags retrieved from /usr/local/python/3.12.1/lib/python3.12/site-packages/airflow/example_dags/plugins/decreasing_priority_weight_strategy.py
[2026-04-26T07:31:09.070+0000] {processor.py:183} INFO - Processing /usr/local/python/3.12.1/lib/python3.12/site-packages/airflow/example_dags/plugins/decreasing_priority_weight_strategy.py took 0.020 seconds
[2026-04-26T07:31:28.637+0000] {processor.py:161} INFO - Started process (PID=32954) to work on /usr/local/python/3.12.1/lib/python3.12/site-packages/airflow/example_dags/plugins/decreasing_priority_weight_strategy.py
[2026-04-26T07:31:28.641+0000] {processor.py:830} INFO - Processing file /usr/local/python/3.12.1/lib/python3.12/site-packages/airflow/example_dags/plugins/decreasing_priority_weight_strategy.py for tasks to queue
[2026-04-26T07:31:28.644+0000] {logging_mixin.py:188} INFO - [2026-04-26T07:31:28.642+0000] {dagbag.py:540} INFO - Filling up the DagBag from /usr/local/python/3.12.1/lib/python3.12/site-packages/airflow/example_dags/plugins/decreasing_priority_weight_strategy.py
[2026-04-26T07:31:28.651+0000] {processor.py:842} WARNING - No viable dags retrieved from /usr/local/python/3.12.1/lib/python3.12/site-packages/airflow/example_dags/plugins/decreasing_priority_weight_strategy.py
[2026-04-26T07:31:28.671+0000] {processor.py:183} INFO - Processing /usr/local/python/3.12.1/lib/python3.12/site-packages/airflow/example_dags/plugins/decreasing_priority_weight_strategy.py took 0.042 seconds
[2026-04-26T07:31:38.679+0000] {processor.py:161} INFO - Started process (PID=33041) to work on /usr/local/python/3.12.1/lib/python3.12/site-packages/airflow/example_dags/plugins/decreasing_priority_weight_strategy.py
[2026-04-26T07:31:38.680+0000] {processor.py:830} INFO - Processing file /usr/local/python/3.12.1/lib/python3.12/site-packages/airflow/example_dags/plugins/decreasing_priority_weight_strategy.py for tasks to queue
[2026-04-26T07:31:38.680+0000] {logging_mixin.py:188} INFO - [2026-04-26T07:31:38.680+0000] {dagbag.py:540} INFO - Filling up the DagBag from /usr/local/python/3.12.1/lib/python3.12/site-packages/airflow/example_dags/plugins/decreasing_priority_weight_strategy.py
[2026-04-26T07:31:38.682+0000] {processor.py:842} WARNING - No viable dags retrieved from /usr/local/python/3.12.1/lib/python3.12/site-packages/airflow/example_dags/plugins/decreasing_priority_weight_strategy.py
[2026-04-26T07:31:38.689+0000] {processor.py:183} INFO - Processing /usr/local/python/3.12.1/lib/python3.12/site-packages/airflow/example_dags/plugins/decreasing_priority_weight_strategy.py took 0.014 seconds
[2026-04-26T07:31:49.042+0000] {processor.py:161} INFO - Started process (PID=33135) to work on /usr/local/python/3.12.1/lib/python3.12/site-packages/airflow/example_dags/plugins/decreasing_priority_weight_strategy.py
[2026-04-26T07:31:49.043+0000] {processor.py:830} INFO - Processing file /usr/local/python/3.12.1/lib/python3.12/site-packages/airflow/example_dags/plugins/decreasing_priority_weight_strategy.py for tasks to queue
[2026-04-26T07:31:49.045+0000] {logging_mixin.py:188} INFO - [2026-04-26T07:31:49.045+0000] {dagbag.py:540} INFO - Filling up the DagBag from /usr/local/python/3.12.1/lib/python3.12/site-packages/airflow/example_dags/plugins/decreasing_priority_weight_strategy.py
[2026-04-26T07:31:49.048+0000] {processor.py:842} WARNING - No viable dags retrieved from /usr/local/python/3.12.1/lib/python3.12/site-packages/airflow/example_dags/plugins/decreasing_priority_weight_strategy.py
[2026-04-26T07:31:49.067+0000] {processor.py:183} INFO - Processing /usr/local/python/3.12.1/lib/python3.12/site-packages/airflow/example_dags/plugins/decreasing_priority_weight_strategy.py took 0.031 seconds
[2026-04-26T07:32:16.335+0000] {processor.py:161} INFO - Started process (PID=33372) to work on /usr/local/python/3.12.1/lib/python3.12/site-packages/airflow/example_dags/plugins/decreasing_priority_weight_strategy.py
[2026-04-26T07:32:16.335+0000] {processor.py:830} INFO - Processing file /usr/local/python/3.12.1/lib/python3.12/site-packages/airflow/example_dags/plugins/decreasing_priority_weight_strategy.py for tasks to queue
[2026-04-26T07:32:16.336+0000] {logging_mixin.py:188} INFO - [2026-04-26T07:32:16.336+0000] {dagbag.py:540} INFO - Filling up the DagBag from /usr/local/python/3.12.1/lib/python3.12/site-packages/airflow/example_dags/plugins/decreasing_priority_weight_strategy.py
[2026-04-26T07:32:16.338+0000] {processor.py:842} WARNING - No viable dags retrieved from /usr/local/python/3.12.1/lib/python3.12/site-packages/airflow/example_dags/plugins/decreasing_priority_weight_strategy.py
[2026-04-26T07:32:16.345+0000] {processor.py:183} INFO - Processing /usr/local/python/3.12.1/lib/python3.12/site-packages/airflow/example_dags/plugins/decreasing_priority_weight_strategy.py took 0.014 seconds
[2026-04-26T07:32:22.959+0000] {processor.py:161} INFO - Started process (PID=33433) to work on /usr/local/python/3.12.1/lib/python3.12/site-packages/airflow/example_dags/plugins/decreasing_priority_weight_strategy.py
[2026-04-26T07:32:22.960+0000] {processor.py:830} INFO - Processing file /usr/local/python/3.12.1/lib/python3.12/site-packages/airflow/example_dags/plugins/decreasing_priority_weight_strategy.py for tasks to queue
[2026-04-26T07:32:22.960+0000] {logging_mixin.py:188} INFO - [2026-04-26T07:32:22.960+0000] {dagbag.py:540} INFO - Filling up the DagBag from /usr/local/python/3.12.1/lib/python3.12/site-packages/airflow/example_dags/plugins/decreasing_priority_weight_strategy.py
[2026-04-26T07:32:22.962+0000] {processor.py:842} WARNING - No viable dags retrieved from /usr/local/python/3.12.1/lib/python3.12/site-packages/airflow/example_dags/plugins/decreasing_priority_weight_strategy.py
[2026-04-26T07:32:22.969+0000] {processor.py:183} INFO - Processing /usr/local/python/3.12.1/lib/python3.12/site-packages/airflow/example_dags/plugins/decreasing_priority_weight_strategy.py took 0.014 seconds
[2026-04-26T07:32:27.603+0000] {processor.py:161} INFO - Started process (PID=33469) to work on /usr/local/python/3.12.1/lib/python3.12/site-packages/airflow/example_dags/plugins/decreasing_priority_weight_strategy.py
[2026-04-26T07:32:27.604+0000] {processor.py:830} INFO - Processing file /usr/local/python/3.12.1/lib/python3.12/site-packages/airflow/example_dags/plugins/decreasing_priority_weight_strategy.py for tasks to queue
[2026-04-26T07:32:27.605+0000] {logging_mixin.py:188} INFO - [2026-04-26T07:32:27.605+0000] {dagbag.py:540} INFO - Filling up the DagBag from /usr/local/python/3.12.1/lib/python3.12/site-packages/airflow/example_dags/plugins/decreasing_priority_weight_strategy.py
[2026-04-26T07:32:27.606+0000] {processor.py:842} WARNING - No viable dags retrieved from /usr/local/python/3.12.1/lib/python3.12/site-packages/airflow/example_dags/plugins/decreasing_priority_weight_strategy.py
[2026-04-26T07:32:27.614+0000] {processor.py:183} INFO - Processing /usr/local/python/3.12.1/lib/python3.12/site-packages/airflow/example_dags/plugins/decreasing_priority_weight_strategy.py took 0.014 seconds
[2026-04-26T07:33:08.401+0000] {processor.py:161} INFO - Started process (PID=33820) to work on /usr/local/python/3.12.1/lib/python3.12/site-packages/airflow/example_dags/plugins/decreasing_priority_weight_strategy.py
[2026-04-26T07:33:08.402+0000] {processor.py:830} INFO - Processing file /usr/local/python/3.12.1/lib/python3.12/site-packages/airflow/example_dags/plugins/decreasing_priority_weight_strategy.py for tasks to queue
[2026-04-26T07:33:08.403+0000] {logging_mixin.py:188} INFO - [2026-04-26T07:33:08.402+0000] {dagbag.py:540} INFO - Filling up the DagBag from /usr/local/python/3.12.1/lib/python3.12/site-packages/airflow/example_dags/plugins/decreasing_priority_weight_strategy.py
[2026-04-26T07:33:08.404+0000] {processor.py:842} WARNING - No viable dags retrieved from /usr/local/python/3.12.1/lib/python3.12/site-packages/airflow/example_dags/plugins/decreasing_priority_weight_strategy.py
[2026-04-26T07:33:08.411+0000] {processor.py:183} INFO - Processing /usr/local/python/3.12.1/lib/python3.12/site-packages/airflow/example_dags/plugins/decreasing_priority_weight_strategy.py took 0.014 seconds
[2026-04-26T07:33:10.113+0000] {processor.py:161} INFO - Started process (PID=33855) to work on /usr/local/python/3.12.1/lib/python3.12/site-packages/airflow/example_dags/plugins/decreasing_priority_weight_strategy.py
[2026-04-26T07:33:10.113+0000] {processor.py:830} INFO - Processing file /usr/local/python/3.12.1/lib/python3.12/site-packages/airflow/example_dags/plugins/decreasing_priority_weight_strategy.py for tasks to queue
[2026-04-26T07:33:10.114+0000] {logging_mixin.py:188} INFO - [2026-04-26T07:33:10.114+0000] {dagbag.py:540} INFO - Filling up the DagBag from /usr/local/python/3.12.1/lib/python3.12/site-packages/airflow/example_dags/plugins/decreasing_priority_weight_strategy.py
[2026-04-26T07:33:10.116+0000] {processor.py:842} WARNING - No viable dags retrieved from /usr/local/python/3.12.1/lib/python3.12/site-packages/airflow/example_dags/plugins/decreasing_priority_weight_strategy.py
[2026-04-26T07:33:10.123+0000] {processor.py:183} INFO - Processing /usr/local/python/3.12.1/lib/python3.12/site-packages/airflow/example_dags/plugins/decreasing_priority_weight_strategy.py took 0.014 seconds
[2026-04-26T07:33:10.640+0000] {processor.py:161} INFO - Started process (PID=33857) to work on /usr/local/python/3.12.1/lib/python3.12/site-packages/airflow/example_dags/plugins/decreasing_priority_weight_strategy.py
[2026-04-26T07:33:10.641+0000] {processor.py:830} INFO - Processing file /usr/local/python/3.12.1/lib/python3.12/site-packages/airflow/example_dags/plugins/decreasing_priority_weight_strategy.py for tasks to queue
[2026-04-26T07:33:10.642+0000] {logging_mixin.py:188} INFO - [2026-04-26T07:33:10.641+0000] {dagbag.py:540} INFO - Filling up the DagBag from /usr/local/python/3.12.1/lib/python3.12/site-packages/airflow/example_dags/plugins/decreasing_priority_weight_strategy.py
[2026-04-26T07:33:10.643+0000] {processor.py:842} WARNING - No viable dags retrieved from /usr/local/python/3.12.1/lib/python3.12/site-packages/airflow/example_dags/plugins/decreasing_priority_weight_strategy.py
[2026-04-26T07:33:10.650+0000] {processor.py:183} INFO - Processing /usr/local/python/3.12.1/lib/python3.12/site-packages/airflow/example_dags/plugins/decreasing_priority_weight_strategy.py took 0.014 seconds
[2026-04-26T07:33:49.726+0000] {processor.py:161} INFO - Started process (PID=34262) to work on /usr/local/python/3.12.1/lib/python3.12/site-packages/airflow/example_dags/plugins/decreasing_priority_weight_strategy.py
[2026-04-26T07:33:49.727+0000] {processor.py:830} INFO - Processing file /usr/local/python/3.12.1/lib/python3.12/site-packages/airflow/example_dags/plugins/decreasing_priority_weight_strategy.py for tasks to queue
[2026-04-26T07:33:49.728+0000] {logging_mixin.py:188} INFO - [2026-04-26T07:33:49.727+0000] {dagbag.py:540} INFO - Filling up the DagBag from /usr/local/python/3.12.1/lib/python3.12/site-packages/airflow/example_dags/plugins/decreasing_priority_weight_strategy.py
[2026-04-26T07:33:49.729+0000] {processor.py:842} WARNING - No viable dags retrieved from /usr/local/python/3.12.1/lib/python3.12/site-packages/airflow/example_dags/plugins/decreasing_priority_weight_strategy.py
[2026-04-26T07:33:49.738+0000] {processor.py:183} INFO - Processing /usr/local/python/3.12.1/lib/python3.12/site-packages/airflow/example_dags/plugins/decreasing_priority_weight_strategy.py took 0.016 seconds
[2026-04-26T07:33:51.886+0000] {processor.py:161} INFO - Started process (PID=34293) to work on /usr/local/python/3.12.1/lib/python3.12/site-packages/airflow/example_dags/plugins/decreasing_priority_weight_strategy.py
[2026-04-26T07:33:51.887+0000] {processor.py:830} INFO - Processing file /usr/local/python/3.12.1/lib/python3.12/site-packages/airflow/example_dags/plugins/decreasing_priority_weight_strategy.py for tasks to queue
[2026-04-26T07:33:51.887+0000] {logging_mixin.py:188} INFO - [2026-04-26T07:33:51.887+0000] {dagbag.py:540} INFO - Filling up the DagBag from /usr/local/python/3.12.1/lib/python3.12/site-packages/airflow/example_dags/plugins/decreasing_priority_weight_strategy.py
[2026-04-26T07:33:51.889+0000] {processor.py:842} WARNING - No viable dags retrieved from /usr/local/python/3.12.1/lib/python3.12/site-packages/airflow/example_dags/plugins/decreasing_priority_weight_strategy.py
[2026-04-26T07:33:51.897+0000] {processor.py:183} INFO - Processing /usr/local/python/3.12.1/lib/python3.12/site-packages/airflow/example_dags/plugins/decreasing_priority_weight_strategy.py took 0.015 seconds
[2026-04-26T07:33:57.469+0000] {processor.py:161} INFO - Started process (PID=34333) to work on /usr/local/python/3.12.1/lib/python3.12/site-packages/airflow/example_dags/plugins/decreasing_priority_weight_strategy.py
[2026-04-26T07:33:57.470+0000] {processor.py:830} INFO - Processing file /usr/local/python/3.12.1/lib/python3.12/site-packages/airflow/example_dags/plugins/decreasing_priority_weight_strategy.py for tasks to queue
[2026-04-26T07:33:57.471+0000] {logging_mixin.py:188} INFO - [2026-04-26T07:33:57.470+0000] {dagbag.py:540} INFO - Filling up the DagBag from /usr/local/python/3.12.1/lib/python3.12/site-packages/airflow/example_dags/plugins/decreasing_priority_weight_strategy.py
[2026-04-26T07:33:57.472+0000] {processor.py:842} WARNING - No viable dags retrieved from /usr/local/python/3.12.1/lib/python3.12/site-packages/airflow/example_dags/plugins/decreasing_priority_weight_strategy.py
[2026-04-26T07:33:57.479+0000] {processor.py:183} INFO - Processing /usr/local/python/3.12.1/lib/python3.12/site-packages/airflow/example_dags/plugins/decreasing_priority_weight_strategy.py took 0.014 seconds
[2026-04-26T07:34:30.103+0000] {processor.py:161} INFO - Started process (PID=34616) to work on /usr/local/python/3.12.1/lib/python3.12/site-packages/airflow/example_dags/plugins/decreasing_priority_weight_strategy.py
[2026-04-26T07:34:30.104+0000] {processor.py:830} INFO - Processing file /usr/local/python/3.12.1/lib/python3.12/site-packages/airflow/example_dags/plugins/decreasing_priority_weight_strategy.py for tasks to queue
[2026-04-26T07:34:30.104+0000] {logging_mixin.py:188} INFO - [2026-04-26T07:34:30.104+0000] {dagbag.py:540} INFO - Filling up the DagBag from /usr/local/python/3.12.1/lib/python3.12/site-packages/airflow/example_dags/plugins/decreasing_priority_weight_strategy.py
[2026-04-26T07:34:30.106+0000] {processor.py:842} WARNING - No viable dags retrieved from /usr/local/python/3.12.1/lib/python3.12/site-packages/airflow/example_dags/plugins/decreasing_priority_weight_strategy.py
[2026-04-26T07:34:30.113+0000] {processor.py:183} INFO - Processing /usr/local/python/3.12.1/lib/python3.12/site-packages/airflow/example_dags/plugins/decreasing_priority_weight_strategy.py took 0.014 seconds
[2026-04-26T07:34:30.880+0000] {processor.py:161} INFO - Started process (PID=34624) to work on /usr/local/python/3.12.1/lib/python3.12/site-packages/airflow/example_dags/plugins/decreasing_priority_weight_strategy.py
[2026-04-26T07:34:30.881+0000] {processor.py:830} INFO - Processing file /usr/local/python/3.12.1/lib/python3.12/site-packages/airflow/example_dags/plugins/decreasing_priority_weight_strategy.py for tasks to queue
[2026-04-26T07:34:30.882+0000] {logging_mixin.py:188} INFO - [2026-04-26T07:34:30.882+0000] {dagbag.py:540} INFO - Filling up the DagBag from /usr/local/python/3.12.1/lib/python3.12/site-packages/airflow/example_dags/plugins/decreasing_priority_weight_strategy.py
[2026-04-26T07:34:30.884+0000] {processor.py:842} WARNING - No viable dags retrieved from /usr/local/python/3.12.1/lib/python3.12/site-packages/airflow/example_dags/plugins/decreasing_priority_weight_strategy.py
[2026-04-26T07:34:30.895+0000] {processor.py:183} INFO - Processing /usr/local/python/3.12.1/lib/python3.12/site-packages/airflow/example_dags/plugins/decreasing_priority_weight_strategy.py took 0.020 seconds
[2026-04-26T07:34:42.134+0000] {processor.py:161} INFO - Started process (PID=34803) to work on /usr/local/python/3.12.1/lib/python3.12/site-packages/airflow/example_dags/plugins/decreasing_priority_weight_strategy.py
[2026-04-26T07:34:42.135+0000] {processor.py:830} INFO - Processing file /usr/local/python/3.12.1/lib/python3.12/site-packages/airflow/example_dags/plugins/decreasing_priority_weight_strategy.py for tasks to queue
[2026-04-26T07:34:42.136+0000] {logging_mixin.py:188} INFO - [2026-04-26T07:34:42.136+0000] {dagbag.py:540} INFO - Filling up the DagBag from /usr/local/python/3.12.1/lib/python3.12/site-packages/airflow/example_dags/plugins/decreasing_priority_weight_strategy.py
[2026-04-26T07:34:42.138+0000] {processor.py:842} WARNING - No viable dags retrieved from /usr/local/python/3.12.1/lib/python3.12/site-packages/airflow/example_dags/plugins/decreasing_priority_weight_strategy.py
[2026-04-26T07:34:42.145+0000] {processor.py:183} INFO - Processing /usr/local/python/3.12.1/lib/python3.12/site-packages/airflow/example_dags/plugins/decreasing_priority_weight_strategy.py took 0.015 seconds
[2026-04-26T07:35:03.962+0000] {processor.py:161} INFO - Started process (PID=34999) to work on /usr/local/python/3.12.1/lib/python3.12/site-packages/airflow/example_dags/plugins/decreasing_priority_weight_strategy.py
[2026-04-26T07:35:03.963+0000] {processor.py:830} INFO - Processing file /usr/local/python/3.12.1/lib/python3.12/site-packages/airflow/example_dags/plugins/decreasing_priority_weight_strategy.py for tasks to queue
[2026-04-26T07:35:03.963+0000] {logging_mixin.py:188} INFO - [2026-04-26T07:35:03.963+0000] {dagbag.py:540} INFO - Filling up the DagBag from /usr/local/python/3.12.1/lib/python3.12/site-packages/airflow/example_dags/plugins/decreasing_priority_weight_strategy.py
[2026-04-26T07:35:03.965+0000] {processor.py:842} WARNING - No viable dags retrieved from /usr/local/python/3.12.1/lib/python3.12/site-packages/airflow/example_dags/plugins/decreasing_priority_weight_strategy.py
[2026-04-26T07:35:03.973+0000] {processor.py:183} INFO - Processing /usr/local/python/3.12.1/lib/python3.12/site-packages/airflow/example_dags/plugins/decreasing_priority_weight_strategy.py took 0.015 seconds
[2026-04-26T07:35:11.046+0000] {processor.py:161} INFO - Started process (PID=35114) to work on /usr/local/python/3.12.1/lib/python3.12/site-packages/airflow/example_dags/plugins/decreasing_priority_weight_strategy.py
[2026-04-26T07:35:11.047+0000] {processor.py:830} INFO - Processing file /usr/local/python/3.12.1/lib/python3.12/site-packages/airflow/example_dags/plugins/decreasing_priority_weight_strategy.py for tasks to queue
[2026-04-26T07:35:11.048+0000] {logging_mixin.py:188} INFO - [2026-04-26T07:35:11.048+0000] {dagbag.py:540} INFO - Filling up the DagBag from /usr/local/python/3.12.1/lib/python3.12/site-packages/airflow/example_dags/plugins/decreasing_priority_weight_strategy.py
[2026-04-26T07:35:11.050+0000] {processor.py:842} WARNING - No viable dags retrieved from /usr/local/python/3.12.1/lib/python3.12/site-packages/airflow/example_dags/plugins/decreasing_priority_weight_strategy.py
[2026-04-26T07:35:11.060+0000] {processor.py:183} INFO - Processing /usr/local/python/3.12.1/lib/python3.12/site-packages/airflow/example_dags/plugins/decreasing_priority_weight_strategy.py took 0.019 seconds
[2026-04-26T07:35:29.941+0000] {processor.py:161} INFO - Started process (PID=35286) to work on /usr/local/python/3.12.1/lib/python3.12/site-packages/airflow/example_dags/plugins/decreasing_priority_weight_strategy.py
[2026-04-26T07:35:29.942+0000] {processor.py:830} INFO - Processing file /usr/local/python/3.12.1/lib/python3.12/site-packages/airflow/example_dags/plugins/decreasing_priority_weight_strategy.py for tasks to queue
[2026-04-26T07:35:29.943+0000] {logging_mixin.py:188} INFO - [2026-04-26T07:35:29.943+0000] {dagbag.py:540} INFO - Filling up the DagBag from /usr/local/python/3.12.1/lib/python3.12/site-packages/airflow/example_dags/plugins/decreasing_priority_weight_strategy.py
[2026-04-26T07:35:29.945+0000] {processor.py:842} WARNING - No viable dags retrieved from /usr/local/python/3.12.1/lib/python3.12/site-packages/airflow/example_dags/plugins/decreasing_priority_weight_strategy.py
[2026-04-26T07:35:29.952+0000] {processor.py:183} INFO - Processing /usr/local/python/3.12.1/lib/python3.12/site-packages/airflow/example_dags/plugins/decreasing_priority_weight_strategy.py took 0.017 seconds
[2026-04-26T07:35:44.710+0000] {processor.py:161} INFO - Started process (PID=35431) to work on /usr/local/python/3.12.1/lib/python3.12/site-packages/airflow/example_dags/plugins/decreasing_priority_weight_strategy.py
[2026-04-26T07:35:44.710+0000] {processor.py:830} INFO - Processing file /usr/local/python/3.12.1/lib/python3.12/site-packages/airflow/example_dags/plugins/decreasing_priority_weight_strategy.py for tasks to queue
[2026-04-26T07:35:44.711+0000] {logging_mixin.py:188} INFO - [2026-04-26T07:35:44.711+0000] {dagbag.py:540} INFO - Filling up the DagBag from /usr/local/python/3.12.1/lib/python3.12/site-packages/airflow/example_dags/plugins/decreasing_priority_weight_strategy.py
[2026-04-26T07:35:44.713+0000] {processor.py:842} WARNING - No viable dags retrieved from /usr/local/python/3.12.1/lib/python3.12/site-packages/airflow/example_dags/plugins/decreasing_priority_weight_strategy.py
[2026-04-26T07:35:44.720+0000] {processor.py:183} INFO - Processing /usr/local/python/3.12.1/lib/python3.12/site-packages/airflow/example_dags/plugins/decreasing_priority_weight_strategy.py took 0.014 seconds
[2026-04-26T07:35:49.052+0000] {processor.py:161} INFO - Started process (PID=35469) to work on /usr/local/python/3.12.1/lib/python3.12/site-packages/airflow/example_dags/plugins/decreasing_priority_weight_strategy.py
[2026-04-26T07:35:49.053+0000] {processor.py:830} INFO - Processing file /usr/local/python/3.12.1/lib/python3.12/site-packages/airflow/example_dags/plugins/decreasing_priority_weight_strategy.py for tasks to queue
[2026-04-26T07:35:49.054+0000] {logging_mixin.py:188} INFO - [2026-04-26T07:35:49.053+0000] {dagbag.py:540} INFO - Filling up the DagBag from /usr/local/python/3.12.1/lib/python3.12/site-packages/airflow/example_dags/plugins/decreasing_priority_weight_strategy.py
[2026-04-26T07:35:49.055+0000] {processor.py:842} WARNING - No viable dags retrieved from /usr/local/python/3.12.1/lib/python3.12/site-packages/airflow/example_dags/plugins/decreasing_priority_weight_strategy.py
[2026-04-26T07:35:49.062+0000] {processor.py:183} INFO - Processing /usr/local/python/3.12.1/lib/python3.12/site-packages/airflow/example_dags/plugins/decreasing_priority_weight_strategy.py took 0.014 seconds
[2026-04-26T07:36:10.463+0000] {processor.py:161} INFO - Started process (PID=35661) to work on /usr/local/python/3.12.1/lib/python3.12/site-packages/airflow/example_dags/plugins/decreasing_priority_weight_strategy.py
[2026-04-26T07:36:10.464+0000] {processor.py:830} INFO - Processing file /usr/local/python/3.12.1/lib/python3.12/site-packages/airflow/example_dags/plugins/decreasing_priority_weight_strategy.py for tasks to queue
[2026-04-26T07:36:10.464+0000] {logging_mixin.py:188} INFO - [2026-04-26T07:36:10.464+0000] {dagbag.py:540} INFO - Filling up the DagBag from /usr/local/python/3.12.1/lib/python3.12/site-packages/airflow/example_dags/plugins/decreasing_priority_weight_strategy.py
[2026-04-26T07:36:10.466+0000] {processor.py:842} WARNING - No viable dags retrieved from /usr/local/python/3.12.1/lib/python3.12/site-packages/airflow/example_dags/plugins/decreasing_priority_weight_strategy.py
[2026-04-26T07:36:10.473+0000] {processor.py:183} INFO - Processing /usr/local/python/3.12.1/lib/python3.12/site-packages/airflow/example_dags/plugins/decreasing_priority_weight_strategy.py took 0.014 seconds
[2026-04-26T07:36:23.633+0000] {processor.py:161} INFO - Started process (PID=35768) to work on /usr/local/python/3.12.1/lib/python3.12/site-packages/airflow/example_dags/plugins/decreasing_priority_weight_strategy.py
[2026-04-26T07:36:23.634+0000] {processor.py:830} INFO - Processing file /usr/local/python/3.12.1/lib/python3.12/site-packages/airflow/example_dags/plugins/decreasing_priority_weight_strategy.py for tasks to queue
[2026-04-26T07:36:23.635+0000] {logging_mixin.py:188} INFO - [2026-04-26T07:36:23.635+0000] {dagbag.py:540} INFO - Filling up the DagBag from /usr/local/python/3.12.1/lib/python3.12/site-packages/airflow/example_dags/plugins/decreasing_priority_weight_strategy.py
[2026-04-26T07:36:23.638+0000] {processor.py:842} WARNING - No viable dags retrieved from /usr/local/python/3.12.1/lib/python3.12/site-packages/airflow/example_dags/plugins/decreasing_priority_weight_strategy.py
[2026-04-26T07:36:23.651+0000] {processor.py:183} INFO - Processing /usr/local/python/3.12.1/lib/python3.12/site-packages/airflow/example_dags/plugins/decreasing_priority_weight_strategy.py took 0.025 seconds
[2026-04-26T07:36:31.424+0000] {processor.py:161} INFO - Started process (PID=35842) to work on /usr/local/python/3.12.1/lib/python3.12/site-packages/airflow/example_dags/plugins/decreasing_priority_weight_strategy.py
[2026-04-26T07:36:31.424+0000] {processor.py:830} INFO - Processing file /usr/local/python/3.12.1/lib/python3.12/site-packages/airflow/example_dags/plugins/decreasing_priority_weight_strategy.py for tasks to queue
[2026-04-26T07:36:31.425+0000] {logging_mixin.py:188} INFO - [2026-04-26T07:36:31.425+0000] {dagbag.py:540} INFO - Filling up the DagBag from /usr/local/python/3.12.1/lib/python3.12/site-packages/airflow/example_dags/plugins/decreasing_priority_weight_strategy.py
[2026-04-26T07:36:31.427+0000] {processor.py:842} WARNING - No viable dags retrieved from /usr/local/python/3.12.1/lib/python3.12/site-packages/airflow/example_dags/plugins/decreasing_priority_weight_strategy.py
[2026-04-26T07:36:31.434+0000] {processor.py:183} INFO - Processing /usr/local/python/3.12.1/lib/python3.12/site-packages/airflow/example_dags/plugins/decreasing_priority_weight_strategy.py took 0.014 seconds
[2026-04-26T07:36:49.069+0000] {processor.py:161} INFO - Started process (PID=36017) to work on /usr/local/python/3.12.1/lib/python3.12/site-packages/airflow/example_dags/plugins/decreasing_priority_weight_strategy.py
[2026-04-26T07:36:49.070+0000] {processor.py:830} INFO - Processing file /usr/local/python/3.12.1/lib/python3.12/site-packages/airflow/example_dags/plugins/decreasing_priority_weight_strategy.py for tasks to queue
[2026-04-26T07:36:49.070+0000] {logging_mixin.py:188} INFO - [2026-04-26T07:36:49.070+0000] {dagbag.py:540} INFO - Filling up the DagBag from /usr/local/python/3.12.1/lib/python3.12/site-packages/airflow/example_dags/plugins/decreasing_priority_weight_strategy.py
[2026-04-26T07:36:49.072+0000] {processor.py:842} WARNING - No viable dags retrieved from /usr/local/python/3.12.1/lib/python3.12/site-packages/airflow/example_dags/plugins/decreasing_priority_weight_strategy.py
[2026-04-26T07:36:49.086+0000] {processor.py:183} INFO - Processing /usr/local/python/3.12.1/lib/python3.12/site-packages/airflow/example_dags/plugins/decreasing_priority_weight_strategy.py took 0.023 seconds
[2026-04-26T07:37:01.938+0000] {processor.py:161} INFO - Started process (PID=36124) to work on /usr/local/python/3.12.1/lib/python3.12/site-packages/airflow/example_dags/plugins/decreasing_priority_weight_strategy.py
[2026-04-26T07:37:01.939+0000] {processor.py:830} INFO - Processing file /usr/local/python/3.12.1/lib/python3.12/site-packages/airflow/example_dags/plugins/decreasing_priority_weight_strategy.py for tasks to queue
[2026-04-26T07:37:01.940+0000] {logging_mixin.py:188} INFO - [2026-04-26T07:37:01.939+0000] {dagbag.py:540} INFO - Filling up the DagBag from /usr/local/python/3.12.1/lib/python3.12/site-packages/airflow/example_dags/plugins/decreasing_priority_weight_strategy.py
[2026-04-26T07:37:01.941+0000] {processor.py:842} WARNING - No viable dags retrieved from /usr/local/python/3.12.1/lib/python3.12/site-packages/airflow/example_dags/plugins/decreasing_priority_weight_strategy.py
[2026-04-26T07:37:01.952+0000] {processor.py:183} INFO - Processing /usr/local/python/3.12.1/lib/python3.12/site-packages/airflow/example_dags/plugins/decreasing_priority_weight_strategy.py took 0.018 seconds
[2026-04-26T07:37:08.114+0000] {processor.py:161} INFO - Started process (PID=36188) to work on /usr/local/python/3.12.1/lib/python3.12/site-packages/airflow/example_dags/plugins/decreasing_priority_weight_strategy.py
[2026-04-26T07:37:08.115+0000] {processor.py:830} INFO - Processing file /usr/local/python/3.12.1/lib/python3.12/site-packages/airflow/example_dags/plugins/decreasing_priority_weight_strategy.py for tasks to queue
[2026-04-26T07:37:08.115+0000] {logging_mixin.py:188} INFO - [2026-04-26T07:37:08.115+0000] {dagbag.py:540} INFO - Filling up the DagBag from /usr/local/python/3.12.1/lib/python3.12/site-packages/airflow/example_dags/plugins/decreasing_priority_weight_strategy.py
[2026-04-26T07:37:08.117+0000] {processor.py:842} WARNING - No viable dags retrieved from /usr/local/python/3.12.1/lib/python3.12/site-packages/airflow/example_dags/plugins/decreasing_priority_weight_strategy.py
[2026-04-26T07:37:08.124+0000] {processor.py:183} INFO - Processing /usr/local/python/3.12.1/lib/python3.12/site-packages/airflow/example_dags/plugins/decreasing_priority_weight_strategy.py took 0.014 seconds
[2026-04-26T07:37:28.056+0000] {processor.py:161} INFO - Started process (PID=36374) to work on /usr/local/python/3.12.1/lib/python3.12/site-packages/airflow/example_dags/plugins/decreasing_priority_weight_strategy.py
[2026-04-26T07:37:28.057+0000] {processor.py:830} INFO - Processing file /usr/local/python/3.12.1/lib/python3.12/site-packages/airflow/example_dags/plugins/decreasing_priority_weight_strategy.py for tasks to queue
[2026-04-26T07:37:28.057+0000] {logging_mixin.py:188} INFO - [2026-04-26T07:37:28.057+0000] {dagbag.py:540} INFO - Filling up the DagBag from /usr/local/python/3.12.1/lib/python3.12/site-packages/airflow/example_dags/plugins/decreasing_priority_weight_strategy.py
[2026-04-26T07:37:28.059+0000] {processor.py:842} WARNING - No viable dags retrieved from /usr/local/python/3.12.1/lib/python3.12/site-packages/airflow/example_dags/plugins/decreasing_priority_weight_strategy.py
[2026-04-26T07:37:28.066+0000] {processor.py:183} INFO - Processing /usr/local/python/3.12.1/lib/python3.12/site-packages/airflow/example_dags/plugins/decreasing_priority_weight_strategy.py took 0.014 seconds
[2026-04-26T07:37:40.214+0000] {processor.py:161} INFO - Started process (PID=36477) to work on /usr/local/python/3.12.1/lib/python3.12/site-packages/airflow/example_dags/plugins/decreasing_priority_weight_strategy.py
[2026-04-26T07:37:40.215+0000] {processor.py:830} INFO - Processing file /usr/local/python/3.12.1/lib/python3.12/site-packages/airflow/example_dags/plugins/decreasing_priority_weight_strategy.py for tasks to queue
[2026-04-26T07:37:40.216+0000] {logging_mixin.py:188} INFO - [2026-04-26T07:37:40.215+0000] {dagbag.py:540} INFO - Filling up the DagBag from /usr/local/python/3.12.1/lib/python3.12/site-packages/airflow/example_dags/plugins/decreasing_priority_weight_strategy.py
[2026-04-26T07:37:40.217+0000] {processor.py:842} WARNING - No viable dags retrieved from /usr/local/python/3.12.1/lib/python3.12/site-packages/airflow/example_dags/plugins/decreasing_priority_weight_strategy.py
[2026-04-26T07:37:40.224+0000] {processor.py:183} INFO - Processing /usr/local/python/3.12.1/lib/python3.12/site-packages/airflow/example_dags/plugins/decreasing_priority_weight_strategy.py took 0.014 seconds
[2026-04-26T07:37:44.084+0000] {processor.py:161} INFO - Started process (PID=36500) to work on /usr/local/python/3.12.1/lib/python3.12/site-packages/airflow/example_dags/plugins/decreasing_priority_weight_strategy.py
[2026-04-26T07:37:44.084+0000] {processor.py:830} INFO - Processing file /usr/local/python/3.12.1/lib/python3.12/site-packages/airflow/example_dags/plugins/decreasing_priority_weight_strategy.py for tasks to queue
[2026-04-26T07:37:44.085+0000] {logging_mixin.py:188} INFO - [2026-04-26T07:37:44.085+0000] {dagbag.py:540} INFO - Filling up the DagBag from /usr/local/python/3.12.1/lib/python3.12/site-packages/airflow/example_dags/plugins/decreasing_priority_weight_strategy.py
[2026-04-26T07:37:44.087+0000] {processor.py:842} WARNING - No viable dags retrieved from /usr/local/python/3.12.1/lib/python3.12/site-packages/airflow/example_dags/plugins/decreasing_priority_weight_strategy.py
[2026-04-26T07:37:44.094+0000] {processor.py:183} INFO - Processing /usr/local/python/3.12.1/lib/python3.12/site-packages/airflow/example_dags/plugins/decreasing_priority_weight_strategy.py took 0.014 seconds
[2026-04-26T07:38:07.113+0000] {processor.py:161} INFO - Started process (PID=36732) to work on /usr/local/python/3.12.1/lib/python3.12/site-packages/airflow/example_dags/plugins/decreasing_priority_weight_strategy.py
[2026-04-26T07:38:07.113+0000] {processor.py:830} INFO - Processing file /usr/local/python/3.12.1/lib/python3.12/site-packages/airflow/example_dags/plugins/decreasing_priority_weight_strategy.py for tasks to queue
[2026-04-26T07:38:07.114+0000] {logging_mixin.py:188} INFO - [2026-04-26T07:38:07.114+0000] {dagbag.py:540} INFO - Filling up the DagBag from /usr/local/python/3.12.1/lib/python3.12/site-packages/airflow/example_dags/plugins/decreasing_priority_weight_strategy.py
[2026-04-26T07:38:07.116+0000] {processor.py:842} WARNING - No viable dags retrieved from /usr/local/python/3.12.1/lib/python3.12/site-packages/airflow/example_dags/plugins/decreasing_priority_weight_strategy.py
[2026-04-26T07:38:07.123+0000] {processor.py:183} INFO - Processing /usr/local/python/3.12.1/lib/python3.12/site-packages/airflow/example_dags/plugins/decreasing_priority_weight_strategy.py took 0.014 seconds
[2026-04-26T07:38:18.573+0000] {processor.py:161} INFO - Started process (PID=36834) to work on /usr/local/python/3.12.1/lib/python3.12/site-packages/airflow/example_dags/plugins/decreasing_priority_weight_strategy.py
[2026-04-26T07:38:18.574+0000] {processor.py:830} INFO - Processing file /usr/local/python/3.12.1/lib/python3.12/site-packages/airflow/example_dags/plugins/decreasing_priority_weight_strategy.py for tasks to queue
[2026-04-26T07:38:18.575+0000] {logging_mixin.py:188} INFO - [2026-04-26T07:38:18.575+0000] {dagbag.py:540} INFO - Filling up the DagBag from /usr/local/python/3.12.1/lib/python3.12/site-packages/airflow/example_dags/plugins/decreasing_priority_weight_strategy.py
[2026-04-26T07:38:18.578+0000] {processor.py:842} WARNING - No viable dags retrieved from /usr/local/python/3.12.1/lib/python3.12/site-packages/airflow/example_dags/plugins/decreasing_priority_weight_strategy.py
[2026-04-26T07:38:18.593+0000] {processor.py:183} INFO - Processing /usr/local/python/3.12.1/lib/python3.12/site-packages/airflow/example_dags/plugins/decreasing_priority_weight_strategy.py took 0.026 seconds
[2026-04-26T07:38:23.455+0000] {processor.py:161} INFO - Started process (PID=36870) to work on /usr/local/python/3.12.1/lib/python3.12/site-packages/airflow/example_dags/plugins/decreasing_priority_weight_strategy.py
[2026-04-26T07:38:23.456+0000] {processor.py:830} INFO - Processing file /usr/local/python/3.12.1/lib/python3.12/site-packages/airflow/example_dags/plugins/decreasing_priority_weight_strategy.py for tasks to queue
[2026-04-26T07:38:23.457+0000] {logging_mixin.py:188} INFO - [2026-04-26T07:38:23.457+0000] {dagbag.py:540} INFO - Filling up the DagBag from /usr/local/python/3.12.1/lib/python3.12/site-packages/airflow/example_dags/plugins/decreasing_priority_weight_strategy.py
[2026-04-26T07:38:23.459+0000] {processor.py:842} WARNING - No viable dags retrieved from /usr/local/python/3.12.1/lib/python3.12/site-packages/airflow/example_dags/plugins/decreasing_priority_weight_strategy.py
[2026-04-26T07:38:23.466+0000] {processor.py:183} INFO - Processing /usr/local/python/3.12.1/lib/python3.12/site-packages/airflow/example_dags/plugins/decreasing_priority_weight_strategy.py took 0.015 seconds
[2026-04-26T07:38:46.324+0000] {processor.py:161} INFO - Started process (PID=37130) to work on /usr/local/python/3.12.1/lib/python3.12/site-packages/airflow/example_dags/plugins/decreasing_priority_weight_strategy.py
[2026-04-26T07:38:46.325+0000] {processor.py:830} INFO - Processing file /usr/local/python/3.12.1/lib/python3.12/site-packages/airflow/example_dags/plugins/decreasing_priority_weight_strategy.py for tasks to queue
[2026-04-26T07:38:46.326+0000] {logging_mixin.py:188} INFO - [2026-04-26T07:38:46.326+0000] {dagbag.py:540} INFO - Filling up the DagBag from /usr/local/python/3.12.1/lib/python3.12/site-packages/airflow/example_dags/plugins/decreasing_priority_weight_strategy.py
[2026-04-26T07:38:46.327+0000] {processor.py:842} WARNING - No viable dags retrieved from /usr/local/python/3.12.1/lib/python3.12/site-packages/airflow/example_dags/plugins/decreasing_priority_weight_strategy.py
[2026-04-26T07:38:46.334+0000] {processor.py:183} INFO - Processing /usr/local/python/3.12.1/lib/python3.12/site-packages/airflow/example_dags/plugins/decreasing_priority_weight_strategy.py took 0.014 seconds
[2026-04-26T07:38:59.357+0000] {processor.py:161} INFO - Started process (PID=37318) to work on /usr/local/python/3.12.1/lib/python3.12/site-packages/airflow/example_dags/plugins/decreasing_priority_weight_strategy.py
[2026-04-26T07:38:59.363+0000] {processor.py:830} INFO - Processing file /usr/local/python/3.12.1/lib/python3.12/site-packages/airflow/example_dags/plugins/decreasing_priority_weight_strategy.py for tasks to queue
[2026-04-26T07:38:59.364+0000] {logging_mixin.py:188} INFO - [2026-04-26T07:38:59.363+0000] {dagbag.py:540} INFO - Filling up the DagBag from /usr/local/python/3.12.1/lib/python3.12/site-packages/airflow/example_dags/plugins/decreasing_priority_weight_strategy.py
[2026-04-26T07:38:59.371+0000] {processor.py:842} WARNING - No viable dags retrieved from /usr/local/python/3.12.1/lib/python3.12/site-packages/airflow/example_dags/plugins/decreasing_priority_weight_strategy.py
[2026-04-26T07:38:59.435+0000] {processor.py:183} INFO - Processing /usr/local/python/3.12.1/lib/python3.12/site-packages/airflow/example_dags/plugins/decreasing_priority_weight_strategy.py took 0.109 seconds
[2026-04-26T07:39:07.653+0000] {processor.py:161} INFO - Started process (PID=37464) to work on /usr/local/python/3.12.1/lib/python3.12/site-packages/airflow/example_dags/plugins/decreasing_priority_weight_strategy.py
[2026-04-26T07:39:07.654+0000] {processor.py:830} INFO - Processing file /usr/local/python/3.12.1/lib/python3.12/site-packages/airflow/example_dags/plugins/decreasing_priority_weight_strategy.py for tasks to queue
[2026-04-26T07:39:07.655+0000] {logging_mixin.py:188} INFO - [2026-04-26T07:39:07.654+0000] {dagbag.py:540} INFO - Filling up the DagBag from /usr/local/python/3.12.1/lib/python3.12/site-packages/airflow/example_dags/plugins/decreasing_priority_weight_strategy.py
[2026-04-26T07:39:07.656+0000] {processor.py:842} WARNING - No viable dags retrieved from /usr/local/python/3.12.1/lib/python3.12/site-packages/airflow/example_dags/plugins/decreasing_priority_weight_strategy.py
[2026-04-26T07:39:07.663+0000] {processor.py:183} INFO - Processing /usr/local/python/3.12.1/lib/python3.12/site-packages/airflow/example_dags/plugins/decreasing_priority_weight_strategy.py took 0.015 seconds
[2026-04-26T07:39:30.256+0000] {processor.py:161} INFO - Started process (PID=37917) to work on /usr/local/python/3.12.1/lib/python3.12/site-packages/airflow/example_dags/plugins/decreasing_priority_weight_strategy.py
[2026-04-26T07:39:30.257+0000] {processor.py:830} INFO - Processing file /usr/local/python/3.12.1/lib/python3.12/site-packages/airflow/example_dags/plugins/decreasing_priority_weight_strategy.py for tasks to queue
[2026-04-26T07:39:30.258+0000] {logging_mixin.py:188} INFO - [2026-04-26T07:39:30.257+0000] {dagbag.py:540} INFO - Filling up the DagBag from /usr/local/python/3.12.1/lib/python3.12/site-packages/airflow/example_dags/plugins/decreasing_priority_weight_strategy.py
[2026-04-26T07:39:30.259+0000] {processor.py:842} WARNING - No viable dags retrieved from /usr/local/python/3.12.1/lib/python3.12/site-packages/airflow/example_dags/plugins/decreasing_priority_weight_strategy.py
[2026-04-26T07:39:30.267+0000] {processor.py:183} INFO - Processing /usr/local/python/3.12.1/lib/python3.12/site-packages/airflow/example_dags/plugins/decreasing_priority_weight_strategy.py took 0.015 seconds
[2026-04-26T07:39:41.832+0000] {processor.py:161} INFO - Started process (PID=38082) to work on /usr/local/python/3.12.1/lib/python3.12/site-packages/airflow/example_dags/plugins/decreasing_priority_weight_strategy.py
[2026-04-26T07:39:41.832+0000] {processor.py:830} INFO - Processing file /usr/local/python/3.12.1/lib/python3.12/site-packages/airflow/example_dags/plugins/decreasing_priority_weight_strategy.py for tasks to queue
[2026-04-26T07:39:41.833+0000] {logging_mixin.py:188} INFO - [2026-04-26T07:39:41.833+0000] {dagbag.py:540} INFO - Filling up the DagBag from /usr/local/python/3.12.1/lib/python3.12/site-packages/airflow/example_dags/plugins/decreasing_priority_weight_strategy.py
[2026-04-26T07:39:41.835+0000] {processor.py:842} WARNING - No viable dags retrieved from /usr/local/python/3.12.1/lib/python3.12/site-packages/airflow/example_dags/plugins/decreasing_priority_weight_strategy.py
[2026-04-26T07:39:41.842+0000] {processor.py:183} INFO - Processing /usr/local/python/3.12.1/lib/python3.12/site-packages/airflow/example_dags/plugins/decreasing_priority_weight_strategy.py took 0.016 seconds
[2026-04-26T07:39:49.168+0000] {processor.py:161} INFO - Started process (PID=38154) to work on /usr/local/python/3.12.1/lib/python3.12/site-packages/airflow/example_dags/plugins/decreasing_priority_weight_strategy.py
[2026-04-26T07:39:49.173+0000] {processor.py:830} INFO - Processing file /usr/local/python/3.12.1/lib/python3.12/site-packages/airflow/example_dags/plugins/decreasing_priority_weight_strategy.py for tasks to queue
[2026-04-26T07:39:49.175+0000] {logging_mixin.py:188} INFO - [2026-04-26T07:39:49.174+0000] {dagbag.py:540} INFO - Filling up the DagBag from /usr/local/python/3.12.1/lib/python3.12/site-packages/airflow/example_dags/plugins/decreasing_priority_weight_strategy.py
[2026-04-26T07:39:49.178+0000] {processor.py:842} WARNING - No viable dags retrieved from /usr/local/python/3.12.1/lib/python3.12/site-packages/airflow/example_dags/plugins/decreasing_priority_weight_strategy.py
[2026-04-26T07:39:49.217+0000] {processor.py:183} INFO - Processing /usr/local/python/3.12.1/lib/python3.12/site-packages/airflow/example_dags/plugins/decreasing_priority_weight_strategy.py took 0.061 seconds
[2026-04-26T07:40:13.180+0000] {processor.py:161} INFO - Started process (PID=38555) to work on /usr/local/python/3.12.1/lib/python3.12/site-packages/airflow/example_dags/plugins/decreasing_priority_weight_strategy.py
[2026-04-26T07:40:13.181+0000] {processor.py:830} INFO - Processing file /usr/local/python/3.12.1/lib/python3.12/site-packages/airflow/example_dags/plugins/decreasing_priority_weight_strategy.py for tasks to queue
[2026-04-26T07:40:13.182+0000] {logging_mixin.py:188} INFO - [2026-04-26T07:40:13.181+0000] {dagbag.py:540} INFO - Filling up the DagBag from /usr/local/python/3.12.1/lib/python3.12/site-packages/airflow/example_dags/plugins/decreasing_priority_weight_strategy.py
[2026-04-26T07:40:13.183+0000] {processor.py:842} WARNING - No viable dags retrieved from /usr/local/python/3.12.1/lib/python3.12/site-packages/airflow/example_dags/plugins/decreasing_priority_weight_strategy.py
[2026-04-26T07:40:13.191+0000] {processor.py:183} INFO - Processing /usr/local/python/3.12.1/lib/python3.12/site-packages/airflow/example_dags/plugins/decreasing_priority_weight_strategy.py took 0.015 seconds
[2026-04-26T07:40:22.046+0000] {processor.py:161} INFO - Started process (PID=38640) to work on /usr/local/python/3.12.1/lib/python3.12/site-packages/airflow/example_dags/plugins/decreasing_priority_weight_strategy.py
[2026-04-26T07:40:22.047+0000] {processor.py:830} INFO - Processing file /usr/local/python/3.12.1/lib/python3.12/site-packages/airflow/example_dags/plugins/decreasing_priority_weight_strategy.py for tasks to queue
[2026-04-26T07:40:22.047+0000] {logging_mixin.py:188} INFO - [2026-04-26T07:40:22.047+0000] {dagbag.py:540} INFO - Filling up the DagBag from /usr/local/python/3.12.1/lib/python3.12/site-packages/airflow/example_dags/plugins/decreasing_priority_weight_strategy.py
[2026-04-26T07:40:22.049+0000] {processor.py:842} WARNING - No viable dags retrieved from /usr/local/python/3.12.1/lib/python3.12/site-packages/airflow/example_dags/plugins/decreasing_priority_weight_strategy.py
[2026-04-26T07:40:22.056+0000] {processor.py:183} INFO - Processing /usr/local/python/3.12.1/lib/python3.12/site-packages/airflow/example_dags/plugins/decreasing_priority_weight_strategy.py took 0.014 seconds
[2026-04-26T07:40:31.428+0000] {processor.py:161} INFO - Started process (PID=38855) to work on /usr/local/python/3.12.1/lib/python3.12/site-packages/airflow/example_dags/plugins/decreasing_priority_weight_strategy.py
[2026-04-26T07:40:31.429+0000] {processor.py:830} INFO - Processing file /usr/local/python/3.12.1/lib/python3.12/site-packages/airflow/example_dags/plugins/decreasing_priority_weight_strategy.py for tasks to queue
[2026-04-26T07:40:31.429+0000] {logging_mixin.py:188} INFO - [2026-04-26T07:40:31.429+0000] {dagbag.py:540} INFO - Filling up the DagBag from /usr/local/python/3.12.1/lib/python3.12/site-packages/airflow/example_dags/plugins/decreasing_priority_weight_strategy.py
[2026-04-26T07:40:31.431+0000] {processor.py:842} WARNING - No viable dags retrieved from /usr/local/python/3.12.1/lib/python3.12/site-packages/airflow/example_dags/plugins/decreasing_priority_weight_strategy.py
[2026-04-26T07:40:31.438+0000] {processor.py:183} INFO - Processing /usr/local/python/3.12.1/lib/python3.12/site-packages/airflow/example_dags/plugins/decreasing_priority_weight_strategy.py took 0.014 seconds
[2026-04-26T07:40:52.086+0000] {processor.py:161} INFO - Started process (PID=39047) to work on /usr/local/python/3.12.1/lib/python3.12/site-packages/airflow/example_dags/plugins/decreasing_priority_weight_strategy.py
[2026-04-26T07:40:52.087+0000] {processor.py:830} INFO - Processing file /usr/local/python/3.12.1/lib/python3.12/site-packages/airflow/example_dags/plugins/decreasing_priority_weight_strategy.py for tasks to queue
[2026-04-26T07:40:52.088+0000] {logging_mixin.py:188} INFO - [2026-04-26T07:40:52.087+0000] {dagbag.py:540} INFO - Filling up the DagBag from /usr/local/python/3.12.1/lib/python3.12/site-packages/airflow/example_dags/plugins/decreasing_priority_weight_strategy.py
[2026-04-26T07:40:52.090+0000] {processor.py:842} WARNING - No viable dags retrieved from /usr/local/python/3.12.1/lib/python3.12/site-packages/airflow/example_dags/plugins/decreasing_priority_weight_strategy.py
[2026-04-26T07:40:52.099+0000] {processor.py:183} INFO - Processing /usr/local/python/3.12.1/lib/python3.12/site-packages/airflow/example_dags/plugins/decreasing_priority_weight_strategy.py took 0.019 seconds
[2026-04-26T07:41:00.934+0000] {processor.py:161} INFO - Started process (PID=39218) to work on /usr/local/python/3.12.1/lib/python3.12/site-packages/airflow/example_dags/plugins/decreasing_priority_weight_strategy.py
[2026-04-26T07:41:00.935+0000] {processor.py:830} INFO - Processing file /usr/local/python/3.12.1/lib/python3.12/site-packages/airflow/example_dags/plugins/decreasing_priority_weight_strategy.py for tasks to queue
[2026-04-26T07:41:00.935+0000] {logging_mixin.py:188} INFO - [2026-04-26T07:41:00.935+0000] {dagbag.py:540} INFO - Filling up the DagBag from /usr/local/python/3.12.1/lib/python3.12/site-packages/airflow/example_dags/plugins/decreasing_priority_weight_strategy.py
[2026-04-26T07:41:00.937+0000] {processor.py:842} WARNING - No viable dags retrieved from /usr/local/python/3.12.1/lib/python3.12/site-packages/airflow/example_dags/plugins/decreasing_priority_weight_strategy.py
[2026-04-26T07:41:00.944+0000] {processor.py:183} INFO - Processing /usr/local/python/3.12.1/lib/python3.12/site-packages/airflow/example_dags/plugins/decreasing_priority_weight_strategy.py took 0.014 seconds
[2026-04-26T07:41:10.382+0000] {processor.py:161} INFO - Started process (PID=39431) to work on /usr/local/python/3.12.1/lib/python3.12/site-packages/airflow/example_dags/plugins/decreasing_priority_weight_strategy.py
[2026-04-26T07:41:10.383+0000] {processor.py:830} INFO - Processing file /usr/local/python/3.12.1/lib/python3.12/site-packages/airflow/example_dags/plugins/decreasing_priority_weight_strategy.py for tasks to queue
[2026-04-26T07:41:10.383+0000] {logging_mixin.py:188} INFO - [2026-04-26T07:41:10.383+0000] {dagbag.py:540} INFO - Filling up the DagBag from /usr/local/python/3.12.1/lib/python3.12/site-packages/airflow/example_dags/plugins/decreasing_priority_weight_strategy.py
[2026-04-26T07:41:10.385+0000] {processor.py:842} WARNING - No viable dags retrieved from /usr/local/python/3.12.1/lib/python3.12/site-packages/airflow/example_dags/plugins/decreasing_priority_weight_strategy.py
[2026-04-26T07:41:10.392+0000] {processor.py:183} INFO - Processing /usr/local/python/3.12.1/lib/python3.12/site-packages/airflow/example_dags/plugins/decreasing_priority_weight_strategy.py took 0.015 seconds
[2026-04-26T07:41:33.199+0000] {processor.py:161} INFO - Started process (PID=39634) to work on /usr/local/python/3.12.1/lib/python3.12/site-packages/airflow/example_dags/plugins/decreasing_priority_weight_strategy.py
[2026-04-26T07:41:33.200+0000] {processor.py:830} INFO - Processing file /usr/local/python/3.12.1/lib/python3.12/site-packages/airflow/example_dags/plugins/decreasing_priority_weight_strategy.py for tasks to queue
[2026-04-26T07:41:33.201+0000] {logging_mixin.py:188} INFO - [2026-04-26T07:41:33.200+0000] {dagbag.py:540} INFO - Filling up the DagBag from /usr/local/python/3.12.1/lib/python3.12/site-packages/airflow/example_dags/plugins/decreasing_priority_weight_strategy.py
[2026-04-26T07:41:33.202+0000] {processor.py:842} WARNING - No viable dags retrieved from /usr/local/python/3.12.1/lib/python3.12/site-packages/airflow/example_dags/plugins/decreasing_priority_weight_strategy.py
[2026-04-26T07:41:33.215+0000] {processor.py:183} INFO - Processing /usr/local/python/3.12.1/lib/python3.12/site-packages/airflow/example_dags/plugins/decreasing_priority_weight_strategy.py took 0.023 seconds
[2026-04-26T07:41:38.224+0000] {processor.py:161} INFO - Started process (PID=39670) to work on /usr/local/python/3.12.1/lib/python3.12/site-packages/airflow/example_dags/plugins/decreasing_priority_weight_strategy.py
[2026-04-26T07:41:38.225+0000] {processor.py:830} INFO - Processing file /usr/local/python/3.12.1/lib/python3.12/site-packages/airflow/example_dags/plugins/decreasing_priority_weight_strategy.py for tasks to queue
[2026-04-26T07:41:38.226+0000] {logging_mixin.py:188} INFO - [2026-04-26T07:41:38.225+0000] {dagbag.py:540} INFO - Filling up the DagBag from /usr/local/python/3.12.1/lib/python3.12/site-packages/airflow/example_dags/plugins/decreasing_priority_weight_strategy.py
[2026-04-26T07:41:38.227+0000] {processor.py:842} WARNING - No viable dags retrieved from /usr/local/python/3.12.1/lib/python3.12/site-packages/airflow/example_dags/plugins/decreasing_priority_weight_strategy.py
[2026-04-26T07:41:38.236+0000] {processor.py:183} INFO - Processing /usr/local/python/3.12.1/lib/python3.12/site-packages/airflow/example_dags/plugins/decreasing_priority_weight_strategy.py took 0.016 seconds
[2026-04-26T07:41:50.456+0000] {processor.py:161} INFO - Started process (PID=39797) to work on /usr/local/python/3.12.1/lib/python3.12/site-packages/airflow/example_dags/plugins/decreasing_priority_weight_strategy.py
[2026-04-26T07:41:50.457+0000] {processor.py:830} INFO - Processing file /usr/local/python/3.12.1/lib/python3.12/site-packages/airflow/example_dags/plugins/decreasing_priority_weight_strategy.py for tasks to queue
[2026-04-26T07:41:50.458+0000] {logging_mixin.py:188} INFO - [2026-04-26T07:41:50.457+0000] {dagbag.py:540} INFO - Filling up the DagBag from /usr/local/python/3.12.1/lib/python3.12/site-packages/airflow/example_dags/plugins/decreasing_priority_weight_strategy.py
[2026-04-26T07:41:50.459+0000] {processor.py:842} WARNING - No viable dags retrieved from /usr/local/python/3.12.1/lib/python3.12/site-packages/airflow/example_dags/plugins/decreasing_priority_weight_strategy.py
[2026-04-26T07:41:50.466+0000] {processor.py:183} INFO - Processing /usr/local/python/3.12.1/lib/python3.12/site-packages/airflow/example_dags/plugins/decreasing_priority_weight_strategy.py took 0.014 seconds
[2026-04-26T07:42:16.829+0000] {processor.py:161} INFO - Started process (PID=40051) to work on /usr/local/python/3.12.1/lib/python3.12/site-packages/airflow/example_dags/plugins/decreasing_priority_weight_strategy.py
[2026-04-26T07:42:16.830+0000] {processor.py:830} INFO - Processing file /usr/local/python/3.12.1/lib/python3.12/site-packages/airflow/example_dags/plugins/decreasing_priority_weight_strategy.py for tasks to queue
[2026-04-26T07:42:16.831+0000] {logging_mixin.py:188} INFO - [2026-04-26T07:42:16.830+0000] {dagbag.py:540} INFO - Filling up the DagBag from /usr/local/python/3.12.1/lib/python3.12/site-packages/airflow/example_dags/plugins/decreasing_priority_weight_strategy.py
[2026-04-26T07:42:16.832+0000] {processor.py:842} WARNING - No viable dags retrieved from /usr/local/python/3.12.1/lib/python3.12/site-packages/airflow/example_dags/plugins/decreasing_priority_weight_strategy.py
[2026-04-26T07:42:16.840+0000] {processor.py:183} INFO - Processing /usr/local/python/3.12.1/lib/python3.12/site-packages/airflow/example_dags/plugins/decreasing_priority_weight_strategy.py took 0.015 seconds
[2026-04-26T07:42:20.928+0000] {processor.py:161} INFO - Started process (PID=40097) to work on /usr/local/python/3.12.1/lib/python3.12/site-packages/airflow/example_dags/plugins/decreasing_priority_weight_strategy.py
[2026-04-26T07:42:20.929+0000] {processor.py:830} INFO - Processing file /usr/local/python/3.12.1/lib/python3.12/site-packages/airflow/example_dags/plugins/decreasing_priority_weight_strategy.py for tasks to queue
[2026-04-26T07:42:20.932+0000] {logging_mixin.py:188} INFO - [2026-04-26T07:42:20.930+0000] {dagbag.py:540} INFO - Filling up the DagBag from /usr/local/python/3.12.1/lib/python3.12/site-packages/airflow/example_dags/plugins/decreasing_priority_weight_strategy.py
[2026-04-26T07:42:20.935+0000] {processor.py:842} WARNING - No viable dags retrieved from /usr/local/python/3.12.1/lib/python3.12/site-packages/airflow/example_dags/plugins/decreasing_priority_weight_strategy.py
[2026-04-26T07:42:20.949+0000] {processor.py:183} INFO - Processing /usr/local/python/3.12.1/lib/python3.12/site-packages/airflow/example_dags/plugins/decreasing_priority_weight_strategy.py took 0.030 seconds
[2026-04-26T07:42:33.092+0000] {processor.py:161} INFO - Started process (PID=40207) to work on /usr/local/python/3.12.1/lib/python3.12/site-packages/airflow/example_dags/plugins/decreasing_priority_weight_strategy.py
[2026-04-26T07:42:33.093+0000] {processor.py:830} INFO - Processing file /usr/local/python/3.12.1/lib/python3.12/site-packages/airflow/example_dags/plugins/decreasing_priority_weight_strategy.py for tasks to queue
[2026-04-26T07:42:33.094+0000] {logging_mixin.py:188} INFO - [2026-04-26T07:42:33.094+0000] {dagbag.py:540} INFO - Filling up the DagBag from /usr/local/python/3.12.1/lib/python3.12/site-packages/airflow/example_dags/plugins/decreasing_priority_weight_strategy.py
[2026-04-26T07:42:33.096+0000] {processor.py:842} WARNING - No viable dags retrieved from /usr/local/python/3.12.1/lib/python3.12/site-packages/airflow/example_dags/plugins/decreasing_priority_weight_strategy.py
[2026-04-26T07:42:33.105+0000] {processor.py:183} INFO - Processing /usr/local/python/3.12.1/lib/python3.12/site-packages/airflow/example_dags/plugins/decreasing_priority_weight_strategy.py took 0.017 seconds
[2026-04-26T07:42:59.326+0000] {processor.py:161} INFO - Started process (PID=40439) to work on /usr/local/python/3.12.1/lib/python3.12/site-packages/airflow/example_dags/plugins/decreasing_priority_weight_strategy.py
[2026-04-26T07:42:59.327+0000] {processor.py:830} INFO - Processing file /usr/local/python/3.12.1/lib/python3.12/site-packages/airflow/example_dags/plugins/decreasing_priority_weight_strategy.py for tasks to queue
[2026-04-26T07:42:59.328+0000] {logging_mixin.py:188} INFO - [2026-04-26T07:42:59.327+0000] {dagbag.py:540} INFO - Filling up the DagBag from /usr/local/python/3.12.1/lib/python3.12/site-packages/airflow/example_dags/plugins/decreasing_priority_weight_strategy.py
[2026-04-26T07:42:59.329+0000] {processor.py:842} WARNING - No viable dags retrieved from /usr/local/python/3.12.1/lib/python3.12/site-packages/airflow/example_dags/plugins/decreasing_priority_weight_strategy.py
[2026-04-26T07:42:59.337+0000] {processor.py:183} INFO - Processing /usr/local/python/3.12.1/lib/python3.12/site-packages/airflow/example_dags/plugins/decreasing_priority_weight_strategy.py took 0.015 seconds
[2026-04-26T07:43:03.023+0000] {processor.py:161} INFO - Started process (PID=40476) to work on /usr/local/python/3.12.1/lib/python3.12/site-packages/airflow/example_dags/plugins/decreasing_priority_weight_strategy.py
[2026-04-26T07:43:03.024+0000] {processor.py:830} INFO - Processing file /usr/local/python/3.12.1/lib/python3.12/site-packages/airflow/example_dags/plugins/decreasing_priority_weight_strategy.py for tasks to queue
[2026-04-26T07:43:03.024+0000] {logging_mixin.py:188} INFO - [2026-04-26T07:43:03.024+0000] {dagbag.py:540} INFO - Filling up the DagBag from /usr/local/python/3.12.1/lib/python3.12/site-packages/airflow/example_dags/plugins/decreasing_priority_weight_strategy.py
[2026-04-26T07:43:03.026+0000] {processor.py:842} WARNING - No viable dags retrieved from /usr/local/python/3.12.1/lib/python3.12/site-packages/airflow/example_dags/plugins/decreasing_priority_weight_strategy.py
[2026-04-26T07:43:03.033+0000] {processor.py:183} INFO - Processing /usr/local/python/3.12.1/lib/python3.12/site-packages/airflow/example_dags/plugins/decreasing_priority_weight_strategy.py took 0.015 seconds
[2026-04-26T07:43:12.607+0000] {processor.py:161} INFO - Started process (PID=40571) to work on /usr/local/python/3.12.1/lib/python3.12/site-packages/airflow/example_dags/plugins/decreasing_priority_weight_strategy.py
[2026-04-26T07:43:12.608+0000] {processor.py:830} INFO - Processing file /usr/local/python/3.12.1/lib/python3.12/site-packages/airflow/example_dags/plugins/decreasing_priority_weight_strategy.py for tasks to queue
[2026-04-26T07:43:12.609+0000] {logging_mixin.py:188} INFO - [2026-04-26T07:43:12.608+0000] {dagbag.py:540} INFO - Filling up the DagBag from /usr/local/python/3.12.1/lib/python3.12/site-packages/airflow/example_dags/plugins/decreasing_priority_weight_strategy.py
[2026-04-26T07:43:12.610+0000] {processor.py:842} WARNING - No viable dags retrieved from /usr/local/python/3.12.1/lib/python3.12/site-packages/airflow/example_dags/plugins/decreasing_priority_weight_strategy.py
[2026-04-26T07:43:12.619+0000] {processor.py:183} INFO - Processing /usr/local/python/3.12.1/lib/python3.12/site-packages/airflow/example_dags/plugins/decreasing_priority_weight_strategy.py took 0.017 seconds
[2026-04-26T07:43:47.536+0000] {processor.py:161} INFO - Started process (PID=41483) to work on /usr/local/python/3.12.1/lib/python3.12/site-packages/airflow/example_dags/plugins/decreasing_priority_weight_strategy.py
[2026-04-26T07:43:47.537+0000] {processor.py:830} INFO - Processing file /usr/local/python/3.12.1/lib/python3.12/site-packages/airflow/example_dags/plugins/decreasing_priority_weight_strategy.py for tasks to queue
[2026-04-26T07:43:47.539+0000] {logging_mixin.py:188} INFO - [2026-04-26T07:43:47.538+0000] {dagbag.py:540} INFO - Filling up the DagBag from /usr/local/python/3.12.1/lib/python3.12/site-packages/airflow/example_dags/plugins/decreasing_priority_weight_strategy.py
[2026-04-26T07:43:47.541+0000] {processor.py:842} WARNING - No viable dags retrieved from /usr/local/python/3.12.1/lib/python3.12/site-packages/airflow/example_dags/plugins/decreasing_priority_weight_strategy.py
[2026-04-26T07:43:47.550+0000] {processor.py:183} INFO - Processing /usr/local/python/3.12.1/lib/python3.12/site-packages/airflow/example_dags/plugins/decreasing_priority_weight_strategy.py took 0.020 seconds
[2026-04-26T07:43:51.673+0000] {processor.py:161} INFO - Started process (PID=41607) to work on /usr/local/python/3.12.1/lib/python3.12/site-packages/airflow/example_dags/plugins/decreasing_priority_weight_strategy.py
[2026-04-26T07:43:51.682+0000] {processor.py:830} INFO - Processing file /usr/local/python/3.12.1/lib/python3.12/site-packages/airflow/example_dags/plugins/decreasing_priority_weight_strategy.py for tasks to queue
[2026-04-26T07:43:51.686+0000] {logging_mixin.py:188} INFO - [2026-04-26T07:43:51.684+0000] {dagbag.py:540} INFO - Filling up the DagBag from /usr/local/python/3.12.1/lib/python3.12/site-packages/airflow/example_dags/plugins/decreasing_priority_weight_strategy.py
[2026-04-26T07:43:51.699+0000] {processor.py:842} WARNING - No viable dags retrieved from /usr/local/python/3.12.1/lib/python3.12/site-packages/airflow/example_dags/plugins/decreasing_priority_weight_strategy.py
[2026-04-26T07:43:51.722+0000] {processor.py:183} INFO - Processing /usr/local/python/3.12.1/lib/python3.12/site-packages/airflow/example_dags/plugins/decreasing_priority_weight_strategy.py took 0.076 seconds
[2026-04-26T07:44:07.885+0000] {processor.py:161} INFO - Started process (PID=42403) to work on /usr/local/python/3.12.1/lib/python3.12/site-packages/airflow/example_dags/plugins/decreasing_priority_weight_strategy.py
[2026-04-26T07:44:07.887+0000] {processor.py:830} INFO - Processing file /usr/local/python/3.12.1/lib/python3.12/site-packages/airflow/example_dags/plugins/decreasing_priority_weight_strategy.py for tasks to queue
[2026-04-26T07:44:07.890+0000] {logging_mixin.py:188} INFO - [2026-04-26T07:44:07.890+0000] {dagbag.py:540} INFO - Filling up the DagBag from /usr/local/python/3.12.1/lib/python3.12/site-packages/airflow/example_dags/plugins/decreasing_priority_weight_strategy.py
[2026-04-26T07:44:07.898+0000] {processor.py:842} WARNING - No viable dags retrieved from /usr/local/python/3.12.1/lib/python3.12/site-packages/airflow/example_dags/plugins/decreasing_priority_weight_strategy.py
[2026-04-26T07:44:07.942+0000] {processor.py:183} INFO - Processing /usr/local/python/3.12.1/lib/python3.12/site-packages/airflow/example_dags/plugins/decreasing_priority_weight_strategy.py took 0.080 seconds
[2026-04-26T07:44:34.953+0000] {processor.py:161} INFO - Started process (PID=43545) to work on /usr/local/python/3.12.1/lib/python3.12/site-packages/airflow/example_dags/plugins/decreasing_priority_weight_strategy.py
[2026-04-26T07:44:34.959+0000] {processor.py:830} INFO - Processing file /usr/local/python/3.12.1/lib/python3.12/site-packages/airflow/example_dags/plugins/decreasing_priority_weight_strategy.py for tasks to queue
[2026-04-26T07:44:34.960+0000] {logging_mixin.py:188} INFO - [2026-04-26T07:44:34.959+0000] {dagbag.py:540} INFO - Filling up the DagBag from /usr/local/python/3.12.1/lib/python3.12/site-packages/airflow/example_dags/plugins/decreasing_priority_weight_strategy.py
[2026-04-26T07:44:34.970+0000] {processor.py:842} WARNING - No viable dags retrieved from /usr/local/python/3.12.1/lib/python3.12/site-packages/airflow/example_dags/plugins/decreasing_priority_weight_strategy.py
[2026-04-26T07:44:35.063+0000] {processor.py:183} INFO - Processing /usr/local/python/3.12.1/lib/python3.12/site-packages/airflow/example_dags/plugins/decreasing_priority_weight_strategy.py took 0.174 seconds
[2026-04-26T07:44:43.038+0000] {processor.py:161} INFO - Started process (PID=43712) to work on /usr/local/python/3.12.1/lib/python3.12/site-packages/airflow/example_dags/plugins/decreasing_priority_weight_strategy.py
[2026-04-26T07:44:43.043+0000] {processor.py:830} INFO - Processing file /usr/local/python/3.12.1/lib/python3.12/site-packages/airflow/example_dags/plugins/decreasing_priority_weight_strategy.py for tasks to queue
[2026-04-26T07:44:43.044+0000] {logging_mixin.py:188} INFO - [2026-04-26T07:44:43.043+0000] {dagbag.py:540} INFO - Filling up the DagBag from /usr/local/python/3.12.1/lib/python3.12/site-packages/airflow/example_dags/plugins/decreasing_priority_weight_strategy.py
[2026-04-26T07:44:43.046+0000] {processor.py:842} WARNING - No viable dags retrieved from /usr/local/python/3.12.1/lib/python3.12/site-packages/airflow/example_dags/plugins/decreasing_priority_weight_strategy.py
[2026-04-26T07:44:43.064+0000] {processor.py:183} INFO - Processing /usr/local/python/3.12.1/lib/python3.12/site-packages/airflow/example_dags/plugins/decreasing_priority_weight_strategy.py took 0.033 seconds
[2026-04-26T07:44:54.946+0000] {processor.py:161} INFO - Started process (PID=43860) to work on /usr/local/python/3.12.1/lib/python3.12/site-packages/airflow/example_dags/plugins/decreasing_priority_weight_strategy.py
[2026-04-26T07:44:54.947+0000] {processor.py:830} INFO - Processing file /usr/local/python/3.12.1/lib/python3.12/site-packages/airflow/example_dags/plugins/decreasing_priority_weight_strategy.py for tasks to queue
[2026-04-26T07:44:54.948+0000] {logging_mixin.py:188} INFO - [2026-04-26T07:44:54.948+0000] {dagbag.py:540} INFO - Filling up the DagBag from /usr/local/python/3.12.1/lib/python3.12/site-packages/airflow/example_dags/plugins/decreasing_priority_weight_strategy.py
[2026-04-26T07:44:54.949+0000] {processor.py:842} WARNING - No viable dags retrieved from /usr/local/python/3.12.1/lib/python3.12/site-packages/airflow/example_dags/plugins/decreasing_priority_weight_strategy.py
[2026-04-26T07:44:54.957+0000] {processor.py:183} INFO - Processing /usr/local/python/3.12.1/lib/python3.12/site-packages/airflow/example_dags/plugins/decreasing_priority_weight_strategy.py took 0.015 seconds
[2026-04-26T07:45:16.636+0000] {processor.py:161} INFO - Started process (PID=44392) to work on /usr/local/python/3.12.1/lib/python3.12/site-packages/airflow/example_dags/plugins/decreasing_priority_weight_strategy.py
[2026-04-26T07:45:16.637+0000] {processor.py:830} INFO - Processing file /usr/local/python/3.12.1/lib/python3.12/site-packages/airflow/example_dags/plugins/decreasing_priority_weight_strategy.py for tasks to queue
[2026-04-26T07:45:16.638+0000] {logging_mixin.py:188} INFO - [2026-04-26T07:45:16.637+0000] {dagbag.py:540} INFO - Filling up the DagBag from /usr/local/python/3.12.1/lib/python3.12/site-packages/airflow/example_dags/plugins/decreasing_priority_weight_strategy.py
[2026-04-26T07:45:16.640+0000] {processor.py:842} WARNING - No viable dags retrieved from /usr/local/python/3.12.1/lib/python3.12/site-packages/airflow/example_dags/plugins/decreasing_priority_weight_strategy.py
[2026-04-26T07:45:16.652+0000] {processor.py:183} INFO - Processing /usr/local/python/3.12.1/lib/python3.12/site-packages/airflow/example_dags/plugins/decreasing_priority_weight_strategy.py took 0.022 seconds
[2026-04-26T07:45:23.789+0000] {processor.py:161} INFO - Started process (PID=44452) to work on /usr/local/python/3.12.1/lib/python3.12/site-packages/airflow/example_dags/plugins/decreasing_priority_weight_strategy.py
[2026-04-26T07:45:23.790+0000] {processor.py:830} INFO - Processing file /usr/local/python/3.12.1/lib/python3.12/site-packages/airflow/example_dags/plugins/decreasing_priority_weight_strategy.py for tasks to queue
[2026-04-26T07:45:23.791+0000] {logging_mixin.py:188} INFO - [2026-04-26T07:45:23.791+0000] {dagbag.py:540} INFO - Filling up the DagBag from /usr/local/python/3.12.1/lib/python3.12/site-packages/airflow/example_dags/plugins/decreasing_priority_weight_strategy.py
[2026-04-26T07:45:23.793+0000] {processor.py:842} WARNING - No viable dags retrieved from /usr/local/python/3.12.1/lib/python3.12/site-packages/airflow/example_dags/plugins/decreasing_priority_weight_strategy.py
[2026-04-26T07:45:23.801+0000] {processor.py:183} INFO - Processing /usr/local/python/3.12.1/lib/python3.12/site-packages/airflow/example_dags/plugins/decreasing_priority_weight_strategy.py took 0.016 seconds
[2026-04-26T07:45:47.754+0000] {processor.py:161} INFO - Started process (PID=44631) to work on /usr/local/python/3.12.1/lib/python3.12/site-packages/airflow/example_dags/plugins/decreasing_priority_weight_strategy.py
[2026-04-26T07:45:47.755+0000] {processor.py:830} INFO - Processing file /usr/local/python/3.12.1/lib/python3.12/site-packages/airflow/example_dags/plugins/decreasing_priority_weight_strategy.py for tasks to queue
[2026-04-26T07:45:47.756+0000] {logging_mixin.py:188} INFO - [2026-04-26T07:45:47.755+0000] {dagbag.py:540} INFO - Filling up the DagBag from /usr/local/python/3.12.1/lib/python3.12/site-packages/airflow/example_dags/plugins/decreasing_priority_weight_strategy.py
[2026-04-26T07:45:47.757+0000] {processor.py:842} WARNING - No viable dags retrieved from /usr/local/python/3.12.1/lib/python3.12/site-packages/airflow/example_dags/plugins/decreasing_priority_weight_strategy.py
[2026-04-26T07:45:47.768+0000] {processor.py:183} INFO - Processing /usr/local/python/3.12.1/lib/python3.12/site-packages/airflow/example_dags/plugins/decreasing_priority_weight_strategy.py took 0.020 seconds
[2026-04-26T07:46:08.536+0000] {processor.py:161} INFO - Started process (PID=45088) to work on /usr/local/python/3.12.1/lib/python3.12/site-packages/airflow/example_dags/plugins/decreasing_priority_weight_strategy.py
[2026-04-26T07:46:08.537+0000] {processor.py:830} INFO - Processing file /usr/local/python/3.12.1/lib/python3.12/site-packages/airflow/example_dags/plugins/decreasing_priority_weight_strategy.py for tasks to queue
[2026-04-26T07:46:08.537+0000] {logging_mixin.py:188} INFO - [2026-04-26T07:46:08.537+0000] {dagbag.py:540} INFO - Filling up the DagBag from /usr/local/python/3.12.1/lib/python3.12/site-packages/airflow/example_dags/plugins/decreasing_priority_weight_strategy.py
[2026-04-26T07:46:08.539+0000] {processor.py:842} WARNING - No viable dags retrieved from /usr/local/python/3.12.1/lib/python3.12/site-packages/airflow/example_dags/plugins/decreasing_priority_weight_strategy.py
[2026-04-26T07:46:08.546+0000] {processor.py:183} INFO - Processing /usr/local/python/3.12.1/lib/python3.12/site-packages/airflow/example_dags/plugins/decreasing_priority_weight_strategy.py took 0.014 seconds
[2026-04-26T07:46:11.447+0000] {processor.py:161} INFO - Started process (PID=45185) to work on /usr/local/python/3.12.1/lib/python3.12/site-packages/airflow/example_dags/plugins/decreasing_priority_weight_strategy.py
[2026-04-26T07:46:11.450+0000] {processor.py:830} INFO - Processing file /usr/local/python/3.12.1/lib/python3.12/site-packages/airflow/example_dags/plugins/decreasing_priority_weight_strategy.py for tasks to queue
[2026-04-26T07:46:11.452+0000] {logging_mixin.py:188} INFO - [2026-04-26T07:46:11.451+0000] {dagbag.py:540} INFO - Filling up the DagBag from /usr/local/python/3.12.1/lib/python3.12/site-packages/airflow/example_dags/plugins/decreasing_priority_weight_strategy.py
[2026-04-26T07:46:11.455+0000] {processor.py:842} WARNING - No viable dags retrieved from /usr/local/python/3.12.1/lib/python3.12/site-packages/airflow/example_dags/plugins/decreasing_priority_weight_strategy.py
[2026-04-26T07:46:11.485+0000] {processor.py:183} INFO - Processing /usr/local/python/3.12.1/lib/python3.12/site-packages/airflow/example_dags/plugins/decreasing_priority_weight_strategy.py took 0.057 seconds
[2026-04-26T07:46:40.526+0000] {processor.py:161} INFO - Started process (PID=45412) to work on /usr/local/python/3.12.1/lib/python3.12/site-packages/airflow/example_dags/plugins/decreasing_priority_weight_strategy.py
[2026-04-26T07:46:40.526+0000] {processor.py:830} INFO - Processing file /usr/local/python/3.12.1/lib/python3.12/site-packages/airflow/example_dags/plugins/decreasing_priority_weight_strategy.py for tasks to queue
[2026-04-26T07:46:40.527+0000] {logging_mixin.py:188} INFO - [2026-04-26T07:46:40.527+0000] {dagbag.py:540} INFO - Filling up the DagBag from /usr/local/python/3.12.1/lib/python3.12/site-packages/airflow/example_dags/plugins/decreasing_priority_weight_strategy.py
[2026-04-26T07:46:40.529+0000] {processor.py:842} WARNING - No viable dags retrieved from /usr/local/python/3.12.1/lib/python3.12/site-packages/airflow/example_dags/plugins/decreasing_priority_weight_strategy.py
[2026-04-26T07:46:40.536+0000] {processor.py:183} INFO - Processing /usr/local/python/3.12.1/lib/python3.12/site-packages/airflow/example_dags/plugins/decreasing_priority_weight_strategy.py took 0.015 seconds
[2026-04-26T07:46:58.797+0000] {processor.py:161} INFO - Started process (PID=45734) to work on /usr/local/python/3.12.1/lib/python3.12/site-packages/airflow/example_dags/plugins/decreasing_priority_weight_strategy.py
[2026-04-26T07:46:58.798+0000] {processor.py:830} INFO - Processing file /usr/local/python/3.12.1/lib/python3.12/site-packages/airflow/example_dags/plugins/decreasing_priority_weight_strategy.py for tasks to queue
[2026-04-26T07:46:58.799+0000] {logging_mixin.py:188} INFO - [2026-04-26T07:46:58.799+0000] {dagbag.py:540} INFO - Filling up the DagBag from /usr/local/python/3.12.1/lib/python3.12/site-packages/airflow/example_dags/plugins/decreasing_priority_weight_strategy.py
[2026-04-26T07:46:58.801+0000] {processor.py:842} WARNING - No viable dags retrieved from /usr/local/python/3.12.1/lib/python3.12/site-packages/airflow/example_dags/plugins/decreasing_priority_weight_strategy.py
[2026-04-26T07:46:58.810+0000] {processor.py:183} INFO - Processing /usr/local/python/3.12.1/lib/python3.12/site-packages/airflow/example_dags/plugins/decreasing_priority_weight_strategy.py took 0.017 seconds
[2026-04-26T07:46:58.820+0000] {processor.py:161} INFO - Started process (PID=45735) to work on /usr/local/python/3.12.1/lib/python3.12/site-packages/airflow/example_dags/plugins/decreasing_priority_weight_strategy.py
[2026-04-26T07:46:58.821+0000] {processor.py:830} INFO - Processing file /usr/local/python/3.12.1/lib/python3.12/site-packages/airflow/example_dags/plugins/decreasing_priority_weight_strategy.py for tasks to queue
[2026-04-26T07:46:58.822+0000] {logging_mixin.py:188} INFO - [2026-04-26T07:46:58.821+0000] {dagbag.py:540} INFO - Filling up the DagBag from /usr/local/python/3.12.1/lib/python3.12/site-packages/airflow/example_dags/plugins/decreasing_priority_weight_strategy.py
[2026-04-26T07:46:58.823+0000] {processor.py:842} WARNING - No viable dags retrieved from /usr/local/python/3.12.1/lib/python3.12/site-packages/airflow/example_dags/plugins/decreasing_priority_weight_strategy.py
[2026-04-26T07:46:58.831+0000] {processor.py:183} INFO - Processing /usr/local/python/3.12.1/lib/python3.12/site-packages/airflow/example_dags/plugins/decreasing_priority_weight_strategy.py took 0.016 seconds
[2026-04-26T07:47:25.795+0000] {processor.py:161} INFO - Started process (PID=46022) to work on /usr/local/python/3.12.1/lib/python3.12/site-packages/airflow/example_dags/plugins/decreasing_priority_weight_strategy.py
[2026-04-26T07:47:25.795+0000] {processor.py:830} INFO - Processing file /usr/local/python/3.12.1/lib/python3.12/site-packages/airflow/example_dags/plugins/decreasing_priority_weight_strategy.py for tasks to queue
[2026-04-26T07:47:25.796+0000] {logging_mixin.py:188} INFO - [2026-04-26T07:47:25.796+0000] {dagbag.py:540} INFO - Filling up the DagBag from /usr/local/python/3.12.1/lib/python3.12/site-packages/airflow/example_dags/plugins/decreasing_priority_weight_strategy.py
[2026-04-26T07:47:25.798+0000] {processor.py:842} WARNING - No viable dags retrieved from /usr/local/python/3.12.1/lib/python3.12/site-packages/airflow/example_dags/plugins/decreasing_priority_weight_strategy.py
[2026-04-26T07:47:25.806+0000] {processor.py:183} INFO - Processing /usr/local/python/3.12.1/lib/python3.12/site-packages/airflow/example_dags/plugins/decreasing_priority_weight_strategy.py took 0.017 seconds
[2026-04-26T07:47:39.682+0000] {processor.py:161} INFO - Started process (PID=46132) to work on /usr/local/python/3.12.1/lib/python3.12/site-packages/airflow/example_dags/plugins/decreasing_priority_weight_strategy.py
[2026-04-26T07:47:39.683+0000] {processor.py:830} INFO - Processing file /usr/local/python/3.12.1/lib/python3.12/site-packages/airflow/example_dags/plugins/decreasing_priority_weight_strategy.py for tasks to queue
[2026-04-26T07:47:39.684+0000] {logging_mixin.py:188} INFO - [2026-04-26T07:47:39.684+0000] {dagbag.py:540} INFO - Filling up the DagBag from /usr/local/python/3.12.1/lib/python3.12/site-packages/airflow/example_dags/plugins/decreasing_priority_weight_strategy.py
[2026-04-26T07:47:39.685+0000] {processor.py:842} WARNING - No viable dags retrieved from /usr/local/python/3.12.1/lib/python3.12/site-packages/airflow/example_dags/plugins/decreasing_priority_weight_strategy.py
[2026-04-26T07:47:39.693+0000] {processor.py:183} INFO - Processing /usr/local/python/3.12.1/lib/python3.12/site-packages/airflow/example_dags/plugins/decreasing_priority_weight_strategy.py took 0.015 seconds
[2026-04-26T07:47:44.700+0000] {processor.py:161} INFO - Started process (PID=46244) to work on /usr/local/python/3.12.1/lib/python3.12/site-packages/airflow/example_dags/plugins/decreasing_priority_weight_strategy.py
[2026-04-26T07:47:44.700+0000] {processor.py:830} INFO - Processing file /usr/local/python/3.12.1/lib/python3.12/site-packages/airflow/example_dags/plugins/decreasing_priority_weight_strategy.py for tasks to queue
[2026-04-26T07:47:44.701+0000] {logging_mixin.py:188} INFO - [2026-04-26T07:47:44.701+0000] {dagbag.py:540} INFO - Filling up the DagBag from /usr/local/python/3.12.1/lib/python3.12/site-packages/airflow/example_dags/plugins/decreasing_priority_weight_strategy.py
[2026-04-26T07:47:44.703+0000] {processor.py:842} WARNING - No viable dags retrieved from /usr/local/python/3.12.1/lib/python3.12/site-packages/airflow/example_dags/plugins/decreasing_priority_weight_strategy.py
[2026-04-26T07:47:44.711+0000] {processor.py:183} INFO - Processing /usr/local/python/3.12.1/lib/python3.12/site-packages/airflow/example_dags/plugins/decreasing_priority_weight_strategy.py took 0.016 seconds
[2026-04-26T07:48:13.818+0000] {processor.py:161} INFO - Started process (PID=46559) to work on /usr/local/python/3.12.1/lib/python3.12/site-packages/airflow/example_dags/plugins/decreasing_priority_weight_strategy.py
[2026-04-26T07:48:13.819+0000] {processor.py:830} INFO - Processing file /usr/local/python/3.12.1/lib/python3.12/site-packages/airflow/example_dags/plugins/decreasing_priority_weight_strategy.py for tasks to queue
[2026-04-26T07:48:13.820+0000] {logging_mixin.py:188} INFO - [2026-04-26T07:48:13.820+0000] {dagbag.py:540} INFO - Filling up the DagBag from /usr/local/python/3.12.1/lib/python3.12/site-packages/airflow/example_dags/plugins/decreasing_priority_weight_strategy.py
[2026-04-26T07:48:13.822+0000] {processor.py:842} WARNING - No viable dags retrieved from /usr/local/python/3.12.1/lib/python3.12/site-packages/airflow/example_dags/plugins/decreasing_priority_weight_strategy.py
[2026-04-26T07:48:13.832+0000] {processor.py:183} INFO - Processing /usr/local/python/3.12.1/lib/python3.12/site-packages/airflow/example_dags/plugins/decreasing_priority_weight_strategy.py took 0.020 seconds
[2026-04-26T07:48:24.895+0000] {processor.py:161} INFO - Started process (PID=46647) to work on /usr/local/python/3.12.1/lib/python3.12/site-packages/airflow/example_dags/plugins/decreasing_priority_weight_strategy.py
[2026-04-26T07:48:24.896+0000] {processor.py:830} INFO - Processing file /usr/local/python/3.12.1/lib/python3.12/site-packages/airflow/example_dags/plugins/decreasing_priority_weight_strategy.py for tasks to queue
[2026-04-26T07:48:24.896+0000] {logging_mixin.py:188} INFO - [2026-04-26T07:48:24.896+0000] {dagbag.py:540} INFO - Filling up the DagBag from /usr/local/python/3.12.1/lib/python3.12/site-packages/airflow/example_dags/plugins/decreasing_priority_weight_strategy.py
[2026-04-26T07:48:24.898+0000] {processor.py:842} WARNING - No viable dags retrieved from /usr/local/python/3.12.1/lib/python3.12/site-packages/airflow/example_dags/plugins/decreasing_priority_weight_strategy.py
[2026-04-26T07:48:24.906+0000] {processor.py:183} INFO - Processing /usr/local/python/3.12.1/lib/python3.12/site-packages/airflow/example_dags/plugins/decreasing_priority_weight_strategy.py took 0.015 seconds
[2026-04-26T07:48:28.503+0000] {processor.py:161} INFO - Started process (PID=46675) to work on /usr/local/python/3.12.1/lib/python3.12/site-packages/airflow/example_dags/plugins/decreasing_priority_weight_strategy.py
[2026-04-26T07:48:28.504+0000] {processor.py:830} INFO - Processing file /usr/local/python/3.12.1/lib/python3.12/site-packages/airflow/example_dags/plugins/decreasing_priority_weight_strategy.py for tasks to queue
[2026-04-26T07:48:28.505+0000] {logging_mixin.py:188} INFO - [2026-04-26T07:48:28.504+0000] {dagbag.py:540} INFO - Filling up the DagBag from /usr/local/python/3.12.1/lib/python3.12/site-packages/airflow/example_dags/plugins/decreasing_priority_weight_strategy.py
[2026-04-26T07:48:28.506+0000] {processor.py:842} WARNING - No viable dags retrieved from /usr/local/python/3.12.1/lib/python3.12/site-packages/airflow/example_dags/plugins/decreasing_priority_weight_strategy.py
[2026-04-26T07:48:28.514+0000] {processor.py:183} INFO - Processing /usr/local/python/3.12.1/lib/python3.12/site-packages/airflow/example_dags/plugins/decreasing_priority_weight_strategy.py took 0.015 seconds
[2026-04-26T07:48:57.674+0000] {processor.py:161} INFO - Started process (PID=46983) to work on /usr/local/python/3.12.1/lib/python3.12/site-packages/airflow/example_dags/plugins/decreasing_priority_weight_strategy.py
[2026-04-26T07:48:57.675+0000] {processor.py:830} INFO - Processing file /usr/local/python/3.12.1/lib/python3.12/site-packages/airflow/example_dags/plugins/decreasing_priority_weight_strategy.py for tasks to queue
[2026-04-26T07:48:57.676+0000] {logging_mixin.py:188} INFO - [2026-04-26T07:48:57.676+0000] {dagbag.py:540} INFO - Filling up the DagBag from /usr/local/python/3.12.1/lib/python3.12/site-packages/airflow/example_dags/plugins/decreasing_priority_weight_strategy.py
[2026-04-26T07:48:57.678+0000] {processor.py:842} WARNING - No viable dags retrieved from /usr/local/python/3.12.1/lib/python3.12/site-packages/airflow/example_dags/plugins/decreasing_priority_weight_strategy.py
[2026-04-26T07:48:57.688+0000] {processor.py:183} INFO - Processing /usr/local/python/3.12.1/lib/python3.12/site-packages/airflow/example_dags/plugins/decreasing_priority_weight_strategy.py took 0.019 seconds
[2026-04-26T07:49:06.927+0000] {processor.py:161} INFO - Started process (PID=47071) to work on /usr/local/python/3.12.1/lib/python3.12/site-packages/airflow/example_dags/plugins/decreasing_priority_weight_strategy.py
[2026-04-26T07:49:06.928+0000] {processor.py:830} INFO - Processing file /usr/local/python/3.12.1/lib/python3.12/site-packages/airflow/example_dags/plugins/decreasing_priority_weight_strategy.py for tasks to queue
[2026-04-26T07:49:06.929+0000] {logging_mixin.py:188} INFO - [2026-04-26T07:49:06.928+0000] {dagbag.py:540} INFO - Filling up the DagBag from /usr/local/python/3.12.1/lib/python3.12/site-packages/airflow/example_dags/plugins/decreasing_priority_weight_strategy.py
[2026-04-26T07:49:06.935+0000] {processor.py:842} WARNING - No viable dags retrieved from /usr/local/python/3.12.1/lib/python3.12/site-packages/airflow/example_dags/plugins/decreasing_priority_weight_strategy.py
[2026-04-26T07:49:06.949+0000] {processor.py:183} INFO - Processing /usr/local/python/3.12.1/lib/python3.12/site-packages/airflow/example_dags/plugins/decreasing_priority_weight_strategy.py took 0.029 seconds
[2026-04-26T07:49:12.580+0000] {processor.py:161} INFO - Started process (PID=47112) to work on /usr/local/python/3.12.1/lib/python3.12/site-packages/airflow/example_dags/plugins/decreasing_priority_weight_strategy.py
[2026-04-26T07:49:12.581+0000] {processor.py:830} INFO - Processing file /usr/local/python/3.12.1/lib/python3.12/site-packages/airflow/example_dags/plugins/decreasing_priority_weight_strategy.py for tasks to queue
[2026-04-26T07:49:12.582+0000] {logging_mixin.py:188} INFO - [2026-04-26T07:49:12.581+0000] {dagbag.py:540} INFO - Filling up the DagBag from /usr/local/python/3.12.1/lib/python3.12/site-packages/airflow/example_dags/plugins/decreasing_priority_weight_strategy.py
[2026-04-26T07:49:12.583+0000] {processor.py:842} WARNING - No viable dags retrieved from /usr/local/python/3.12.1/lib/python3.12/site-packages/airflow/example_dags/plugins/decreasing_priority_weight_strategy.py
[2026-04-26T07:49:12.590+0000] {processor.py:183} INFO - Processing /usr/local/python/3.12.1/lib/python3.12/site-packages/airflow/example_dags/plugins/decreasing_priority_weight_strategy.py took 0.014 seconds
[2026-04-26T07:49:40.674+0000] {processor.py:161} INFO - Started process (PID=47419) to work on /usr/local/python/3.12.1/lib/python3.12/site-packages/airflow/example_dags/plugins/decreasing_priority_weight_strategy.py
[2026-04-26T07:49:40.675+0000] {processor.py:830} INFO - Processing file /usr/local/python/3.12.1/lib/python3.12/site-packages/airflow/example_dags/plugins/decreasing_priority_weight_strategy.py for tasks to queue
[2026-04-26T07:49:40.676+0000] {logging_mixin.py:188} INFO - [2026-04-26T07:49:40.676+0000] {dagbag.py:540} INFO - Filling up the DagBag from /usr/local/python/3.12.1/lib/python3.12/site-packages/airflow/example_dags/plugins/decreasing_priority_weight_strategy.py
[2026-04-26T07:49:40.678+0000] {processor.py:842} WARNING - No viable dags retrieved from /usr/local/python/3.12.1/lib/python3.12/site-packages/airflow/example_dags/plugins/decreasing_priority_weight_strategy.py
[2026-04-26T07:49:40.685+0000] {processor.py:183} INFO - Processing /usr/local/python/3.12.1/lib/python3.12/site-packages/airflow/example_dags/plugins/decreasing_priority_weight_strategy.py took 0.016 seconds
[2026-04-26T07:49:47.625+0000] {processor.py:161} INFO - Started process (PID=47482) to work on /usr/local/python/3.12.1/lib/python3.12/site-packages/airflow/example_dags/plugins/decreasing_priority_weight_strategy.py
[2026-04-26T07:49:47.626+0000] {processor.py:830} INFO - Processing file /usr/local/python/3.12.1/lib/python3.12/site-packages/airflow/example_dags/plugins/decreasing_priority_weight_strategy.py for tasks to queue
[2026-04-26T07:49:47.626+0000] {logging_mixin.py:188} INFO - [2026-04-26T07:49:47.626+0000] {dagbag.py:540} INFO - Filling up the DagBag from /usr/local/python/3.12.1/lib/python3.12/site-packages/airflow/example_dags/plugins/decreasing_priority_weight_strategy.py
[2026-04-26T07:49:47.628+0000] {processor.py:842} WARNING - No viable dags retrieved from /usr/local/python/3.12.1/lib/python3.12/site-packages/airflow/example_dags/plugins/decreasing_priority_weight_strategy.py
[2026-04-26T07:49:47.637+0000] {processor.py:183} INFO - Processing /usr/local/python/3.12.1/lib/python3.12/site-packages/airflow/example_dags/plugins/decreasing_priority_weight_strategy.py took 0.016 seconds
[2026-04-26T07:49:54.481+0000] {processor.py:161} INFO - Started process (PID=47540) to work on /usr/local/python/3.12.1/lib/python3.12/site-packages/airflow/example_dags/plugins/decreasing_priority_weight_strategy.py
[2026-04-26T07:49:54.484+0000] {processor.py:830} INFO - Processing file /usr/local/python/3.12.1/lib/python3.12/site-packages/airflow/example_dags/plugins/decreasing_priority_weight_strategy.py for tasks to queue
[2026-04-26T07:49:54.484+0000] {logging_mixin.py:188} INFO - [2026-04-26T07:49:54.484+0000] {dagbag.py:540} INFO - Filling up the DagBag from /usr/local/python/3.12.1/lib/python3.12/site-packages/airflow/example_dags/plugins/decreasing_priority_weight_strategy.py
[2026-04-26T07:49:54.489+0000] {processor.py:842} WARNING - No viable dags retrieved from /usr/local/python/3.12.1/lib/python3.12/site-packages/airflow/example_dags/plugins/decreasing_priority_weight_strategy.py
[2026-04-26T07:49:54.513+0000] {processor.py:183} INFO - Processing /usr/local/python/3.12.1/lib/python3.12/site-packages/airflow/example_dags/plugins/decreasing_priority_weight_strategy.py took 0.057 seconds
[2026-04-26T07:50:25.047+0000] {processor.py:161} INFO - Started process (PID=47850) to work on /usr/local/python/3.12.1/lib/python3.12/site-packages/airflow/example_dags/plugins/decreasing_priority_weight_strategy.py
[2026-04-26T07:50:25.048+0000] {processor.py:830} INFO - Processing file /usr/local/python/3.12.1/lib/python3.12/site-packages/airflow/example_dags/plugins/decreasing_priority_weight_strategy.py for tasks to queue
[2026-04-26T07:50:25.049+0000] {logging_mixin.py:188} INFO - [2026-04-26T07:50:25.048+0000] {dagbag.py:540} INFO - Filling up the DagBag from /usr/local/python/3.12.1/lib/python3.12/site-packages/airflow/example_dags/plugins/decreasing_priority_weight_strategy.py
[2026-04-26T07:50:25.050+0000] {processor.py:842} WARNING - No viable dags retrieved from /usr/local/python/3.12.1/lib/python3.12/site-packages/airflow/example_dags/plugins/decreasing_priority_weight_strategy.py
[2026-04-26T07:50:25.058+0000] {processor.py:183} INFO - Processing /usr/local/python/3.12.1/lib/python3.12/site-packages/airflow/example_dags/plugins/decreasing_priority_weight_strategy.py took 0.016 seconds
[2026-04-26T07:50:28.726+0000] {processor.py:161} INFO - Started process (PID=47896) to work on /usr/local/python/3.12.1/lib/python3.12/site-packages/airflow/example_dags/plugins/decreasing_priority_weight_strategy.py
[2026-04-26T07:50:28.727+0000] {processor.py:830} INFO - Processing file /usr/local/python/3.12.1/lib/python3.12/site-packages/airflow/example_dags/plugins/decreasing_priority_weight_strategy.py for tasks to queue
[2026-04-26T07:50:28.728+0000] {logging_mixin.py:188} INFO - [2026-04-26T07:50:28.727+0000] {dagbag.py:540} INFO - Filling up the DagBag from /usr/local/python/3.12.1/lib/python3.12/site-packages/airflow/example_dags/plugins/decreasing_priority_weight_strategy.py
[2026-04-26T07:50:28.730+0000] {processor.py:842} WARNING - No viable dags retrieved from /usr/local/python/3.12.1/lib/python3.12/site-packages/airflow/example_dags/plugins/decreasing_priority_weight_strategy.py
[2026-04-26T07:50:28.740+0000] {processor.py:183} INFO - Processing /usr/local/python/3.12.1/lib/python3.12/site-packages/airflow/example_dags/plugins/decreasing_priority_weight_strategy.py took 0.021 seconds
[2026-04-26T07:50:35.914+0000] {processor.py:161} INFO - Started process (PID=47961) to work on /usr/local/python/3.12.1/lib/python3.12/site-packages/airflow/example_dags/plugins/decreasing_priority_weight_strategy.py
[2026-04-26T07:50:35.914+0000] {processor.py:830} INFO - Processing file /usr/local/python/3.12.1/lib/python3.12/site-packages/airflow/example_dags/plugins/decreasing_priority_weight_strategy.py for tasks to queue
[2026-04-26T07:50:35.915+0000] {logging_mixin.py:188} INFO - [2026-04-26T07:50:35.915+0000] {dagbag.py:540} INFO - Filling up the DagBag from /usr/local/python/3.12.1/lib/python3.12/site-packages/airflow/example_dags/plugins/decreasing_priority_weight_strategy.py
[2026-04-26T07:50:35.917+0000] {processor.py:842} WARNING - No viable dags retrieved from /usr/local/python/3.12.1/lib/python3.12/site-packages/airflow/example_dags/plugins/decreasing_priority_weight_strategy.py
[2026-04-26T07:50:35.924+0000] {processor.py:183} INFO - Processing /usr/local/python/3.12.1/lib/python3.12/site-packages/airflow/example_dags/plugins/decreasing_priority_weight_strategy.py took 0.015 seconds
[2026-04-26T07:51:09.276+0000] {processor.py:161} INFO - Started process (PID=48515) to work on /usr/local/python/3.12.1/lib/python3.12/site-packages/airflow/example_dags/plugins/decreasing_priority_weight_strategy.py
[2026-04-26T07:51:09.276+0000] {processor.py:830} INFO - Processing file /usr/local/python/3.12.1/lib/python3.12/site-packages/airflow/example_dags/plugins/decreasing_priority_weight_strategy.py for tasks to queue
[2026-04-26T07:51:09.277+0000] {logging_mixin.py:188} INFO - [2026-04-26T07:51:09.277+0000] {dagbag.py:540} INFO - Filling up the DagBag from /usr/local/python/3.12.1/lib/python3.12/site-packages/airflow/example_dags/plugins/decreasing_priority_weight_strategy.py
[2026-04-26T07:51:09.279+0000] {processor.py:842} WARNING - No viable dags retrieved from /usr/local/python/3.12.1/lib/python3.12/site-packages/airflow/example_dags/plugins/decreasing_priority_weight_strategy.py
[2026-04-26T07:51:09.286+0000] {processor.py:183} INFO - Processing /usr/local/python/3.12.1/lib/python3.12/site-packages/airflow/example_dags/plugins/decreasing_priority_weight_strategy.py took 0.016 seconds
[2026-04-26T07:51:14.345+0000] {processor.py:161} INFO - Started process (PID=48560) to work on /usr/local/python/3.12.1/lib/python3.12/site-packages/airflow/example_dags/plugins/decreasing_priority_weight_strategy.py
[2026-04-26T07:51:14.346+0000] {processor.py:830} INFO - Processing file /usr/local/python/3.12.1/lib/python3.12/site-packages/airflow/example_dags/plugins/decreasing_priority_weight_strategy.py for tasks to queue
[2026-04-26T07:51:14.347+0000] {logging_mixin.py:188} INFO - [2026-04-26T07:51:14.347+0000] {dagbag.py:540} INFO - Filling up the DagBag from /usr/local/python/3.12.1/lib/python3.12/site-packages/airflow/example_dags/plugins/decreasing_priority_weight_strategy.py
[2026-04-26T07:51:14.349+0000] {processor.py:842} WARNING - No viable dags retrieved from /usr/local/python/3.12.1/lib/python3.12/site-packages/airflow/example_dags/plugins/decreasing_priority_weight_strategy.py
[2026-04-26T07:51:14.360+0000] {processor.py:183} INFO - Processing /usr/local/python/3.12.1/lib/python3.12/site-packages/airflow/example_dags/plugins/decreasing_priority_weight_strategy.py took 0.020 seconds
[2026-04-26T07:51:19.058+0000] {processor.py:161} INFO - Started process (PID=48615) to work on /usr/local/python/3.12.1/lib/python3.12/site-packages/airflow/example_dags/plugins/decreasing_priority_weight_strategy.py
[2026-04-26T07:51:19.058+0000] {processor.py:830} INFO - Processing file /usr/local/python/3.12.1/lib/python3.12/site-packages/airflow/example_dags/plugins/decreasing_priority_weight_strategy.py for tasks to queue
[2026-04-26T07:51:19.059+0000] {logging_mixin.py:188} INFO - [2026-04-26T07:51:19.059+0000] {dagbag.py:540} INFO - Filling up the DagBag from /usr/local/python/3.12.1/lib/python3.12/site-packages/airflow/example_dags/plugins/decreasing_priority_weight_strategy.py
[2026-04-26T07:51:19.061+0000] {processor.py:842} WARNING - No viable dags retrieved from /usr/local/python/3.12.1/lib/python3.12/site-packages/airflow/example_dags/plugins/decreasing_priority_weight_strategy.py
[2026-04-26T07:51:19.070+0000] {processor.py:183} INFO - Processing /usr/local/python/3.12.1/lib/python3.12/site-packages/airflow/example_dags/plugins/decreasing_priority_weight_strategy.py took 0.018 seconds
[2026-04-26T07:51:53.997+0000] {processor.py:161} INFO - Started process (PID=49052) to work on /usr/local/python/3.12.1/lib/python3.12/site-packages/airflow/example_dags/plugins/decreasing_priority_weight_strategy.py
[2026-04-26T07:51:53.998+0000] {processor.py:830} INFO - Processing file /usr/local/python/3.12.1/lib/python3.12/site-packages/airflow/example_dags/plugins/decreasing_priority_weight_strategy.py for tasks to queue
[2026-04-26T07:51:53.999+0000] {logging_mixin.py:188} INFO - [2026-04-26T07:51:53.999+0000] {dagbag.py:540} INFO - Filling up the DagBag from /usr/local/python/3.12.1/lib/python3.12/site-packages/airflow/example_dags/plugins/decreasing_priority_weight_strategy.py
[2026-04-26T07:51:54.002+0000] {processor.py:842} WARNING - No viable dags retrieved from /usr/local/python/3.12.1/lib/python3.12/site-packages/airflow/example_dags/plugins/decreasing_priority_weight_strategy.py
[2026-04-26T07:51:54.010+0000] {processor.py:183} INFO - Processing /usr/local/python/3.12.1/lib/python3.12/site-packages/airflow/example_dags/plugins/decreasing_priority_weight_strategy.py took 0.019 seconds
[2026-04-26T07:51:58.791+0000] {processor.py:161} INFO - Started process (PID=49101) to work on /usr/local/python/3.12.1/lib/python3.12/site-packages/airflow/example_dags/plugins/decreasing_priority_weight_strategy.py
[2026-04-26T07:51:58.792+0000] {processor.py:830} INFO - Processing file /usr/local/python/3.12.1/lib/python3.12/site-packages/airflow/example_dags/plugins/decreasing_priority_weight_strategy.py for tasks to queue
[2026-04-26T07:51:58.793+0000] {logging_mixin.py:188} INFO - [2026-04-26T07:51:58.792+0000] {dagbag.py:540} INFO - Filling up the DagBag from /usr/local/python/3.12.1/lib/python3.12/site-packages/airflow/example_dags/plugins/decreasing_priority_weight_strategy.py
[2026-04-26T07:51:58.794+0000] {processor.py:842} WARNING - No viable dags retrieved from /usr/local/python/3.12.1/lib/python3.12/site-packages/airflow/example_dags/plugins/decreasing_priority_weight_strategy.py
[2026-04-26T07:51:58.801+0000] {processor.py:183} INFO - Processing /usr/local/python/3.12.1/lib/python3.12/site-packages/airflow/example_dags/plugins/decreasing_priority_weight_strategy.py took 0.014 seconds
[2026-04-26T07:52:00.755+0000] {processor.py:161} INFO - Started process (PID=49115) to work on /usr/local/python/3.12.1/lib/python3.12/site-packages/airflow/example_dags/plugins/decreasing_priority_weight_strategy.py
[2026-04-26T07:52:00.756+0000] {processor.py:830} INFO - Processing file /usr/local/python/3.12.1/lib/python3.12/site-packages/airflow/example_dags/plugins/decreasing_priority_weight_strategy.py for tasks to queue
[2026-04-26T07:52:00.757+0000] {logging_mixin.py:188} INFO - [2026-04-26T07:52:00.757+0000] {dagbag.py:540} INFO - Filling up the DagBag from /usr/local/python/3.12.1/lib/python3.12/site-packages/airflow/example_dags/plugins/decreasing_priority_weight_strategy.py
[2026-04-26T07:52:00.759+0000] {processor.py:842} WARNING - No viable dags retrieved from /usr/local/python/3.12.1/lib/python3.12/site-packages/airflow/example_dags/plugins/decreasing_priority_weight_strategy.py
[2026-04-26T07:52:00.769+0000] {processor.py:183} INFO - Processing /usr/local/python/3.12.1/lib/python3.12/site-packages/airflow/example_dags/plugins/decreasing_priority_weight_strategy.py took 0.018 seconds
[2026-04-26T07:52:32.766+0000] {processor.py:161} INFO - Started process (PID=49520) to work on /usr/local/python/3.12.1/lib/python3.12/site-packages/airflow/example_dags/plugins/decreasing_priority_weight_strategy.py
[2026-04-26T07:52:32.772+0000] {processor.py:830} INFO - Processing file /usr/local/python/3.12.1/lib/python3.12/site-packages/airflow/example_dags/plugins/decreasing_priority_weight_strategy.py for tasks to queue
[2026-04-26T07:52:32.773+0000] {logging_mixin.py:188} INFO - [2026-04-26T07:52:32.773+0000] {dagbag.py:540} INFO - Filling up the DagBag from /usr/local/python/3.12.1/lib/python3.12/site-packages/airflow/example_dags/plugins/decreasing_priority_weight_strategy.py
[2026-04-26T07:52:32.782+0000] {processor.py:842} WARNING - No viable dags retrieved from /usr/local/python/3.12.1/lib/python3.12/site-packages/airflow/example_dags/plugins/decreasing_priority_weight_strategy.py
[2026-04-26T07:52:32.795+0000] {processor.py:183} INFO - Processing /usr/local/python/3.12.1/lib/python3.12/site-packages/airflow/example_dags/plugins/decreasing_priority_weight_strategy.py took 0.046 seconds
[2026-04-26T07:52:40.133+0000] {processor.py:161} INFO - Started process (PID=49741) to work on /usr/local/python/3.12.1/lib/python3.12/site-packages/airflow/example_dags/plugins/decreasing_priority_weight_strategy.py
[2026-04-26T07:52:40.134+0000] {processor.py:830} INFO - Processing file /usr/local/python/3.12.1/lib/python3.12/site-packages/airflow/example_dags/plugins/decreasing_priority_weight_strategy.py for tasks to queue
[2026-04-26T07:52:40.134+0000] {logging_mixin.py:188} INFO - [2026-04-26T07:52:40.134+0000] {dagbag.py:540} INFO - Filling up the DagBag from /usr/local/python/3.12.1/lib/python3.12/site-packages/airflow/example_dags/plugins/decreasing_priority_weight_strategy.py
[2026-04-26T07:52:40.136+0000] {processor.py:842} WARNING - No viable dags retrieved from /usr/local/python/3.12.1/lib/python3.12/site-packages/airflow/example_dags/plugins/decreasing_priority_weight_strategy.py
[2026-04-26T07:52:40.143+0000] {processor.py:183} INFO - Processing /usr/local/python/3.12.1/lib/python3.12/site-packages/airflow/example_dags/plugins/decreasing_priority_weight_strategy.py took 0.015 seconds
[2026-04-26T07:52:41.920+0000] {processor.py:161} INFO - Started process (PID=49776) to work on /usr/local/python/3.12.1/lib/python3.12/site-packages/airflow/example_dags/plugins/decreasing_priority_weight_strategy.py
[2026-04-26T07:52:41.921+0000] {processor.py:830} INFO - Processing file /usr/local/python/3.12.1/lib/python3.12/site-packages/airflow/example_dags/plugins/decreasing_priority_weight_strategy.py for tasks to queue
[2026-04-26T07:52:41.921+0000] {logging_mixin.py:188} INFO - [2026-04-26T07:52:41.921+0000] {dagbag.py:540} INFO - Filling up the DagBag from /usr/local/python/3.12.1/lib/python3.12/site-packages/airflow/example_dags/plugins/decreasing_priority_weight_strategy.py
[2026-04-26T07:52:41.923+0000] {processor.py:842} WARNING - No viable dags retrieved from /usr/local/python/3.12.1/lib/python3.12/site-packages/airflow/example_dags/plugins/decreasing_priority_weight_strategy.py
[2026-04-26T07:52:41.931+0000] {processor.py:183} INFO - Processing /usr/local/python/3.12.1/lib/python3.12/site-packages/airflow/example_dags/plugins/decreasing_priority_weight_strategy.py took 0.015 seconds
[2026-04-26T07:53:15.224+0000] {processor.py:161} INFO - Started process (PID=50277) to work on /usr/local/python/3.12.1/lib/python3.12/site-packages/airflow/example_dags/plugins/decreasing_priority_weight_strategy.py
[2026-04-26T07:53:15.227+0000] {processor.py:830} INFO - Processing file /usr/local/python/3.12.1/lib/python3.12/site-packages/airflow/example_dags/plugins/decreasing_priority_weight_strategy.py for tasks to queue
[2026-04-26T07:53:15.228+0000] {logging_mixin.py:188} INFO - [2026-04-26T07:53:15.227+0000] {dagbag.py:540} INFO - Filling up the DagBag from /usr/local/python/3.12.1/lib/python3.12/site-packages/airflow/example_dags/plugins/decreasing_priority_weight_strategy.py
[2026-04-26T07:53:15.233+0000] {processor.py:842} WARNING - No viable dags retrieved from /usr/local/python/3.12.1/lib/python3.12/site-packages/airflow/example_dags/plugins/decreasing_priority_weight_strategy.py
[2026-04-26T07:53:15.256+0000] {processor.py:183} INFO - Processing /usr/local/python/3.12.1/lib/python3.12/site-packages/airflow/example_dags/plugins/decreasing_priority_weight_strategy.py took 0.047 seconds
[2026-04-26T07:53:25.529+0000] {processor.py:161} INFO - Started process (PID=50473) to work on /usr/local/python/3.12.1/lib/python3.12/site-packages/airflow/example_dags/plugins/decreasing_priority_weight_strategy.py
[2026-04-26T07:53:25.529+0000] {processor.py:830} INFO - Processing file /usr/local/python/3.12.1/lib/python3.12/site-packages/airflow/example_dags/plugins/decreasing_priority_weight_strategy.py for tasks to queue
[2026-04-26T07:53:25.530+0000] {logging_mixin.py:188} INFO - [2026-04-26T07:53:25.530+0000] {dagbag.py:540} INFO - Filling up the DagBag from /usr/local/python/3.12.1/lib/python3.12/site-packages/airflow/example_dags/plugins/decreasing_priority_weight_strategy.py
[2026-04-26T07:53:25.533+0000] {processor.py:842} WARNING - No viable dags retrieved from /usr/local/python/3.12.1/lib/python3.12/site-packages/airflow/example_dags/plugins/decreasing_priority_weight_strategy.py
[2026-04-26T07:53:25.545+0000] {processor.py:183} INFO - Processing /usr/local/python/3.12.1/lib/python3.12/site-packages/airflow/example_dags/plugins/decreasing_priority_weight_strategy.py took 0.023 seconds
[2026-04-26T07:53:25.590+0000] {processor.py:161} INFO - Started process (PID=50474) to work on /usr/local/python/3.12.1/lib/python3.12/site-packages/airflow/example_dags/plugins/decreasing_priority_weight_strategy.py
[2026-04-26T07:53:25.591+0000] {processor.py:830} INFO - Processing file /usr/local/python/3.12.1/lib/python3.12/site-packages/airflow/example_dags/plugins/decreasing_priority_weight_strategy.py for tasks to queue
[2026-04-26T07:53:25.592+0000] {logging_mixin.py:188} INFO - [2026-04-26T07:53:25.591+0000] {dagbag.py:540} INFO - Filling up the DagBag from /usr/local/python/3.12.1/lib/python3.12/site-packages/airflow/example_dags/plugins/decreasing_priority_weight_strategy.py
[2026-04-26T07:53:25.594+0000] {processor.py:842} WARNING - No viable dags retrieved from /usr/local/python/3.12.1/lib/python3.12/site-packages/airflow/example_dags/plugins/decreasing_priority_weight_strategy.py
[2026-04-26T07:53:25.603+0000] {processor.py:183} INFO - Processing /usr/local/python/3.12.1/lib/python3.12/site-packages/airflow/example_dags/plugins/decreasing_priority_weight_strategy.py took 0.018 seconds
[2026-04-26T07:53:57.717+0000] {processor.py:161} INFO - Started process (PID=50834) to work on /usr/local/python/3.12.1/lib/python3.12/site-packages/airflow/example_dags/plugins/decreasing_priority_weight_strategy.py
[2026-04-26T07:53:57.718+0000] {processor.py:830} INFO - Processing file /usr/local/python/3.12.1/lib/python3.12/site-packages/airflow/example_dags/plugins/decreasing_priority_weight_strategy.py for tasks to queue
[2026-04-26T07:53:57.718+0000] {logging_mixin.py:188} INFO - [2026-04-26T07:53:57.718+0000] {dagbag.py:540} INFO - Filling up the DagBag from /usr/local/python/3.12.1/lib/python3.12/site-packages/airflow/example_dags/plugins/decreasing_priority_weight_strategy.py
[2026-04-26T07:53:57.720+0000] {processor.py:842} WARNING - No viable dags retrieved from /usr/local/python/3.12.1/lib/python3.12/site-packages/airflow/example_dags/plugins/decreasing_priority_weight_strategy.py
[2026-04-26T07:53:57.727+0000] {processor.py:183} INFO - Processing /usr/local/python/3.12.1/lib/python3.12/site-packages/airflow/example_dags/plugins/decreasing_priority_weight_strategy.py took 0.014 seconds
[2026-04-26T07:54:09.534+0000] {processor.py:161} INFO - Started process (PID=50950) to work on /usr/local/python/3.12.1/lib/python3.12/site-packages/airflow/example_dags/plugins/decreasing_priority_weight_strategy.py
[2026-04-26T07:54:09.535+0000] {processor.py:830} INFO - Processing file /usr/local/python/3.12.1/lib/python3.12/site-packages/airflow/example_dags/plugins/decreasing_priority_weight_strategy.py for tasks to queue
[2026-04-26T07:54:09.535+0000] {logging_mixin.py:188} INFO - [2026-04-26T07:54:09.535+0000] {dagbag.py:540} INFO - Filling up the DagBag from /usr/local/python/3.12.1/lib/python3.12/site-packages/airflow/example_dags/plugins/decreasing_priority_weight_strategy.py
[2026-04-26T07:54:09.537+0000] {processor.py:842} WARNING - No viable dags retrieved from /usr/local/python/3.12.1/lib/python3.12/site-packages/airflow/example_dags/plugins/decreasing_priority_weight_strategy.py
[2026-04-26T07:54:09.544+0000] {processor.py:183} INFO - Processing /usr/local/python/3.12.1/lib/python3.12/site-packages/airflow/example_dags/plugins/decreasing_priority_weight_strategy.py took 0.015 seconds
[2026-04-26T07:54:11.096+0000] {processor.py:161} INFO - Started process (PID=50972) to work on /usr/local/python/3.12.1/lib/python3.12/site-packages/airflow/example_dags/plugins/decreasing_priority_weight_strategy.py
[2026-04-26T07:54:11.097+0000] {processor.py:830} INFO - Processing file /usr/local/python/3.12.1/lib/python3.12/site-packages/airflow/example_dags/plugins/decreasing_priority_weight_strategy.py for tasks to queue
[2026-04-26T07:54:11.098+0000] {logging_mixin.py:188} INFO - [2026-04-26T07:54:11.098+0000] {dagbag.py:540} INFO - Filling up the DagBag from /usr/local/python/3.12.1/lib/python3.12/site-packages/airflow/example_dags/plugins/decreasing_priority_weight_strategy.py
[2026-04-26T07:54:11.100+0000] {processor.py:842} WARNING - No viable dags retrieved from /usr/local/python/3.12.1/lib/python3.12/site-packages/airflow/example_dags/plugins/decreasing_priority_weight_strategy.py
[2026-04-26T07:54:11.111+0000] {processor.py:183} INFO - Processing /usr/local/python/3.12.1/lib/python3.12/site-packages/airflow/example_dags/plugins/decreasing_priority_weight_strategy.py took 0.022 seconds
[2026-04-26T07:54:39.378+0000] {processor.py:161} INFO - Started process (PID=51253) to work on /usr/local/python/3.12.1/lib/python3.12/site-packages/airflow/example_dags/plugins/decreasing_priority_weight_strategy.py
[2026-04-26T07:54:39.379+0000] {processor.py:830} INFO - Processing file /usr/local/python/3.12.1/lib/python3.12/site-packages/airflow/example_dags/plugins/decreasing_priority_weight_strategy.py for tasks to queue
[2026-04-26T07:54:39.380+0000] {logging_mixin.py:188} INFO - [2026-04-26T07:54:39.380+0000] {dagbag.py:540} INFO - Filling up the DagBag from /usr/local/python/3.12.1/lib/python3.12/site-packages/airflow/example_dags/plugins/decreasing_priority_weight_strategy.py
[2026-04-26T07:54:39.382+0000] {processor.py:842} WARNING - No viable dags retrieved from /usr/local/python/3.12.1/lib/python3.12/site-packages/airflow/example_dags/plugins/decreasing_priority_weight_strategy.py
[2026-04-26T07:54:39.392+0000] {processor.py:183} INFO - Processing /usr/local/python/3.12.1/lib/python3.12/site-packages/airflow/example_dags/plugins/decreasing_priority_weight_strategy.py took 0.021 seconds
[2026-04-26T07:54:51.090+0000] {processor.py:161} INFO - Started process (PID=51513) to work on /usr/local/python/3.12.1/lib/python3.12/site-packages/airflow/example_dags/plugins/decreasing_priority_weight_strategy.py
[2026-04-26T07:54:51.093+0000] {processor.py:830} INFO - Processing file /usr/local/python/3.12.1/lib/python3.12/site-packages/airflow/example_dags/plugins/decreasing_priority_weight_strategy.py for tasks to queue
[2026-04-26T07:54:51.094+0000] {logging_mixin.py:188} INFO - [2026-04-26T07:54:51.093+0000] {dagbag.py:540} INFO - Filling up the DagBag from /usr/local/python/3.12.1/lib/python3.12/site-packages/airflow/example_dags/plugins/decreasing_priority_weight_strategy.py
[2026-04-26T07:54:51.099+0000] {processor.py:842} WARNING - No viable dags retrieved from /usr/local/python/3.12.1/lib/python3.12/site-packages/airflow/example_dags/plugins/decreasing_priority_weight_strategy.py
[2026-04-26T07:54:51.113+0000] {processor.py:183} INFO - Processing /usr/local/python/3.12.1/lib/python3.12/site-packages/airflow/example_dags/plugins/decreasing_priority_weight_strategy.py took 0.033 seconds
[2026-04-26T07:54:53.419+0000] {processor.py:161} INFO - Started process (PID=51594) to work on /usr/local/python/3.12.1/lib/python3.12/site-packages/airflow/example_dags/plugins/decreasing_priority_weight_strategy.py
[2026-04-26T07:54:53.420+0000] {processor.py:830} INFO - Processing file /usr/local/python/3.12.1/lib/python3.12/site-packages/airflow/example_dags/plugins/decreasing_priority_weight_strategy.py for tasks to queue
[2026-04-26T07:54:53.421+0000] {logging_mixin.py:188} INFO - [2026-04-26T07:54:53.420+0000] {dagbag.py:540} INFO - Filling up the DagBag from /usr/local/python/3.12.1/lib/python3.12/site-packages/airflow/example_dags/plugins/decreasing_priority_weight_strategy.py
[2026-04-26T07:54:53.423+0000] {processor.py:842} WARNING - No viable dags retrieved from /usr/local/python/3.12.1/lib/python3.12/site-packages/airflow/example_dags/plugins/decreasing_priority_weight_strategy.py
[2026-04-26T07:54:53.431+0000] {processor.py:183} INFO - Processing /usr/local/python/3.12.1/lib/python3.12/site-packages/airflow/example_dags/plugins/decreasing_priority_weight_strategy.py took 0.016 seconds
[2026-04-26T07:55:18.700+0000] {processor.py:161} INFO - Started process (PID=51965) to work on /usr/local/python/3.12.1/lib/python3.12/site-packages/airflow/example_dags/plugins/decreasing_priority_weight_strategy.py
[2026-04-26T07:55:18.701+0000] {processor.py:830} INFO - Processing file /usr/local/python/3.12.1/lib/python3.12/site-packages/airflow/example_dags/plugins/decreasing_priority_weight_strategy.py for tasks to queue
[2026-04-26T07:55:18.702+0000] {logging_mixin.py:188} INFO - [2026-04-26T07:55:18.702+0000] {dagbag.py:540} INFO - Filling up the DagBag from /usr/local/python/3.12.1/lib/python3.12/site-packages/airflow/example_dags/plugins/decreasing_priority_weight_strategy.py
[2026-04-26T07:55:18.703+0000] {processor.py:842} WARNING - No viable dags retrieved from /usr/local/python/3.12.1/lib/python3.12/site-packages/airflow/example_dags/plugins/decreasing_priority_weight_strategy.py
[2026-04-26T07:55:18.712+0000] {processor.py:183} INFO - Processing /usr/local/python/3.12.1/lib/python3.12/site-packages/airflow/example_dags/plugins/decreasing_priority_weight_strategy.py took 0.016 seconds
[2026-04-26T07:55:31.949+0000] {processor.py:161} INFO - Started process (PID=52282) to work on /usr/local/python/3.12.1/lib/python3.12/site-packages/airflow/example_dags/plugins/decreasing_priority_weight_strategy.py
[2026-04-26T07:55:31.949+0000] {processor.py:830} INFO - Processing file /usr/local/python/3.12.1/lib/python3.12/site-packages/airflow/example_dags/plugins/decreasing_priority_weight_strategy.py for tasks to queue
[2026-04-26T07:55:31.950+0000] {logging_mixin.py:188} INFO - [2026-04-26T07:55:31.950+0000] {dagbag.py:540} INFO - Filling up the DagBag from /usr/local/python/3.12.1/lib/python3.12/site-packages/airflow/example_dags/plugins/decreasing_priority_weight_strategy.py
[2026-04-26T07:55:31.952+0000] {processor.py:842} WARNING - No viable dags retrieved from /usr/local/python/3.12.1/lib/python3.12/site-packages/airflow/example_dags/plugins/decreasing_priority_weight_strategy.py
[2026-04-26T07:55:31.961+0000] {processor.py:183} INFO - Processing /usr/local/python/3.12.1/lib/python3.12/site-packages/airflow/example_dags/plugins/decreasing_priority_weight_strategy.py took 0.025 seconds
[2026-04-26T07:55:32.784+0000] {processor.py:161} INFO - Started process (PID=52287) to work on /usr/local/python/3.12.1/lib/python3.12/site-packages/airflow/example_dags/plugins/decreasing_priority_weight_strategy.py
[2026-04-26T07:55:32.785+0000] {processor.py:830} INFO - Processing file /usr/local/python/3.12.1/lib/python3.12/site-packages/airflow/example_dags/plugins/decreasing_priority_weight_strategy.py for tasks to queue
[2026-04-26T07:55:32.786+0000] {logging_mixin.py:188} INFO - [2026-04-26T07:55:32.785+0000] {dagbag.py:540} INFO - Filling up the DagBag from /usr/local/python/3.12.1/lib/python3.12/site-packages/airflow/example_dags/plugins/decreasing_priority_weight_strategy.py
[2026-04-26T07:55:32.787+0000] {processor.py:842} WARNING - No viable dags retrieved from /usr/local/python/3.12.1/lib/python3.12/site-packages/airflow/example_dags/plugins/decreasing_priority_weight_strategy.py
[2026-04-26T07:55:32.794+0000] {processor.py:183} INFO - Processing /usr/local/python/3.12.1/lib/python3.12/site-packages/airflow/example_dags/plugins/decreasing_priority_weight_strategy.py took 0.014 seconds
[2026-04-26T07:55:55.248+0000] {processor.py:161} INFO - Started process (PID=52569) to work on /usr/local/python/3.12.1/lib/python3.12/site-packages/airflow/example_dags/plugins/decreasing_priority_weight_strategy.py
[2026-04-26T07:55:55.249+0000] {processor.py:830} INFO - Processing file /usr/local/python/3.12.1/lib/python3.12/site-packages/airflow/example_dags/plugins/decreasing_priority_weight_strategy.py for tasks to queue
[2026-04-26T07:55:55.250+0000] {logging_mixin.py:188} INFO - [2026-04-26T07:55:55.250+0000] {dagbag.py:540} INFO - Filling up the DagBag from /usr/local/python/3.12.1/lib/python3.12/site-packages/airflow/example_dags/plugins/decreasing_priority_weight_strategy.py
[2026-04-26T07:55:55.252+0000] {processor.py:842} WARNING - No viable dags retrieved from /usr/local/python/3.12.1/lib/python3.12/site-packages/airflow/example_dags/plugins/decreasing_priority_weight_strategy.py
[2026-04-26T07:55:55.263+0000] {processor.py:183} INFO - Processing /usr/local/python/3.12.1/lib/python3.12/site-packages/airflow/example_dags/plugins/decreasing_priority_weight_strategy.py took 0.022 seconds
[2026-04-26T07:56:13.704+0000] {processor.py:161} INFO - Started process (PID=52782) to work on /usr/local/python/3.12.1/lib/python3.12/site-packages/airflow/example_dags/plugins/decreasing_priority_weight_strategy.py
[2026-04-26T07:56:13.705+0000] {processor.py:830} INFO - Processing file /usr/local/python/3.12.1/lib/python3.12/site-packages/airflow/example_dags/plugins/decreasing_priority_weight_strategy.py for tasks to queue
[2026-04-26T07:56:13.705+0000] {logging_mixin.py:188} INFO - [2026-04-26T07:56:13.705+0000] {dagbag.py:540} INFO - Filling up the DagBag from /usr/local/python/3.12.1/lib/python3.12/site-packages/airflow/example_dags/plugins/decreasing_priority_weight_strategy.py
[2026-04-26T07:56:13.707+0000] {processor.py:842} WARNING - No viable dags retrieved from /usr/local/python/3.12.1/lib/python3.12/site-packages/airflow/example_dags/plugins/decreasing_priority_weight_strategy.py
[2026-04-26T07:56:13.714+0000] {processor.py:183} INFO - Processing /usr/local/python/3.12.1/lib/python3.12/site-packages/airflow/example_dags/plugins/decreasing_priority_weight_strategy.py took 0.015 seconds
[2026-04-26T07:56:15.295+0000] {processor.py:161} INFO - Started process (PID=52788) to work on /usr/local/python/3.12.1/lib/python3.12/site-packages/airflow/example_dags/plugins/decreasing_priority_weight_strategy.py
[2026-04-26T07:56:15.296+0000] {processor.py:830} INFO - Processing file /usr/local/python/3.12.1/lib/python3.12/site-packages/airflow/example_dags/plugins/decreasing_priority_weight_strategy.py for tasks to queue
[2026-04-26T07:56:15.297+0000] {logging_mixin.py:188} INFO - [2026-04-26T07:56:15.296+0000] {dagbag.py:540} INFO - Filling up the DagBag from /usr/local/python/3.12.1/lib/python3.12/site-packages/airflow/example_dags/plugins/decreasing_priority_weight_strategy.py
[2026-04-26T07:56:15.299+0000] {processor.py:842} WARNING - No viable dags retrieved from /usr/local/python/3.12.1/lib/python3.12/site-packages/airflow/example_dags/plugins/decreasing_priority_weight_strategy.py
[2026-04-26T07:56:15.307+0000] {processor.py:183} INFO - Processing /usr/local/python/3.12.1/lib/python3.12/site-packages/airflow/example_dags/plugins/decreasing_priority_weight_strategy.py took 0.017 seconds
[2026-04-26T07:56:37.759+0000] {processor.py:161} INFO - Started process (PID=53367) to work on /usr/local/python/3.12.1/lib/python3.12/site-packages/airflow/example_dags/plugins/decreasing_priority_weight_strategy.py
[2026-04-26T07:56:37.760+0000] {processor.py:830} INFO - Processing file /usr/local/python/3.12.1/lib/python3.12/site-packages/airflow/example_dags/plugins/decreasing_priority_weight_strategy.py for tasks to queue
[2026-04-26T07:56:37.761+0000] {logging_mixin.py:188} INFO - [2026-04-26T07:56:37.761+0000] {dagbag.py:540} INFO - Filling up the DagBag from /usr/local/python/3.12.1/lib/python3.12/site-packages/airflow/example_dags/plugins/decreasing_priority_weight_strategy.py
[2026-04-26T07:56:37.764+0000] {processor.py:842} WARNING - No viable dags retrieved from /usr/local/python/3.12.1/lib/python3.12/site-packages/airflow/example_dags/plugins/decreasing_priority_weight_strategy.py
[2026-04-26T07:56:37.776+0000] {processor.py:183} INFO - Processing /usr/local/python/3.12.1/lib/python3.12/site-packages/airflow/example_dags/plugins/decreasing_priority_weight_strategy.py took 0.026 seconds
[2026-04-26T07:57:01.967+0000] {processor.py:161} INFO - Started process (PID=53725) to work on /usr/local/python/3.12.1/lib/python3.12/site-packages/airflow/example_dags/plugins/decreasing_priority_weight_strategy.py
[2026-04-26T07:57:01.967+0000] {processor.py:830} INFO - Processing file /usr/local/python/3.12.1/lib/python3.12/site-packages/airflow/example_dags/plugins/decreasing_priority_weight_strategy.py for tasks to queue
[2026-04-26T07:57:01.968+0000] {logging_mixin.py:188} INFO - [2026-04-26T07:57:01.968+0000] {dagbag.py:540} INFO - Filling up the DagBag from /usr/local/python/3.12.1/lib/python3.12/site-packages/airflow/example_dags/plugins/decreasing_priority_weight_strategy.py
[2026-04-26T07:57:01.970+0000] {processor.py:842} WARNING - No viable dags retrieved from /usr/local/python/3.12.1/lib/python3.12/site-packages/airflow/example_dags/plugins/decreasing_priority_weight_strategy.py
[2026-04-26T07:57:01.979+0000] {processor.py:183} INFO - Processing /usr/local/python/3.12.1/lib/python3.12/site-packages/airflow/example_dags/plugins/decreasing_priority_weight_strategy.py took 0.019 seconds
[2026-04-26T07:57:04.104+0000] {processor.py:161} INFO - Started process (PID=53735) to work on /usr/local/python/3.12.1/lib/python3.12/site-packages/airflow/example_dags/plugins/decreasing_priority_weight_strategy.py
[2026-04-26T07:57:04.107+0000] {processor.py:830} INFO - Processing file /usr/local/python/3.12.1/lib/python3.12/site-packages/airflow/example_dags/plugins/decreasing_priority_weight_strategy.py for tasks to queue
[2026-04-26T07:57:04.108+0000] {logging_mixin.py:188} INFO - [2026-04-26T07:57:04.108+0000] {dagbag.py:540} INFO - Filling up the DagBag from /usr/local/python/3.12.1/lib/python3.12/site-packages/airflow/example_dags/plugins/decreasing_priority_weight_strategy.py
[2026-04-26T07:57:04.118+0000] {processor.py:842} WARNING - No viable dags retrieved from /usr/local/python/3.12.1/lib/python3.12/site-packages/airflow/example_dags/plugins/decreasing_priority_weight_strategy.py
[2026-04-26T07:57:04.140+0000] {processor.py:183} INFO - Processing /usr/local/python/3.12.1/lib/python3.12/site-packages/airflow/example_dags/plugins/decreasing_priority_weight_strategy.py took 0.050 seconds
[2026-04-26T07:57:22.446+0000] {processor.py:161} INFO - Started process (PID=53893) to work on /usr/local/python/3.12.1/lib/python3.12/site-packages/airflow/example_dags/plugins/decreasing_priority_weight_strategy.py
[2026-04-26T07:57:22.447+0000] {processor.py:830} INFO - Processing file /usr/local/python/3.12.1/lib/python3.12/site-packages/airflow/example_dags/plugins/decreasing_priority_weight_strategy.py for tasks to queue
[2026-04-26T07:57:22.447+0000] {logging_mixin.py:188} INFO - [2026-04-26T07:57:22.447+0000] {dagbag.py:540} INFO - Filling up the DagBag from /usr/local/python/3.12.1/lib/python3.12/site-packages/airflow/example_dags/plugins/decreasing_priority_weight_strategy.py
[2026-04-26T07:57:22.449+0000] {processor.py:842} WARNING - No viable dags retrieved from /usr/local/python/3.12.1/lib/python3.12/site-packages/airflow/example_dags/plugins/decreasing_priority_weight_strategy.py
[2026-04-26T07:57:22.457+0000] {processor.py:183} INFO - Processing /usr/local/python/3.12.1/lib/python3.12/site-packages/airflow/example_dags/plugins/decreasing_priority_weight_strategy.py took 0.016 seconds
[2026-04-26T07:57:50.343+0000] {processor.py:161} INFO - Started process (PID=54261) to work on /usr/local/python/3.12.1/lib/python3.12/site-packages/airflow/example_dags/plugins/decreasing_priority_weight_strategy.py
[2026-04-26T07:57:50.343+0000] {processor.py:830} INFO - Processing file /usr/local/python/3.12.1/lib/python3.12/site-packages/airflow/example_dags/plugins/decreasing_priority_weight_strategy.py for tasks to queue
[2026-04-26T07:57:50.344+0000] {logging_mixin.py:188} INFO - [2026-04-26T07:57:50.344+0000] {dagbag.py:540} INFO - Filling up the DagBag from /usr/local/python/3.12.1/lib/python3.12/site-packages/airflow/example_dags/plugins/decreasing_priority_weight_strategy.py
[2026-04-26T07:57:50.346+0000] {processor.py:842} WARNING - No viable dags retrieved from /usr/local/python/3.12.1/lib/python3.12/site-packages/airflow/example_dags/plugins/decreasing_priority_weight_strategy.py
[2026-04-26T07:57:50.353+0000] {processor.py:183} INFO - Processing /usr/local/python/3.12.1/lib/python3.12/site-packages/airflow/example_dags/plugins/decreasing_priority_weight_strategy.py took 0.014 seconds
[2026-04-26T07:57:50.655+0000] {processor.py:161} INFO - Started process (PID=54268) to work on /usr/local/python/3.12.1/lib/python3.12/site-packages/airflow/example_dags/plugins/decreasing_priority_weight_strategy.py
[2026-04-26T07:57:50.656+0000] {processor.py:830} INFO - Processing file /usr/local/python/3.12.1/lib/python3.12/site-packages/airflow/example_dags/plugins/decreasing_priority_weight_strategy.py for tasks to queue
[2026-04-26T07:57:50.657+0000] {logging_mixin.py:188} INFO - [2026-04-26T07:57:50.656+0000] {dagbag.py:540} INFO - Filling up the DagBag from /usr/local/python/3.12.1/lib/python3.12/site-packages/airflow/example_dags/plugins/decreasing_priority_weight_strategy.py
[2026-04-26T07:57:50.659+0000] {processor.py:842} WARNING - No viable dags retrieved from /usr/local/python/3.12.1/lib/python3.12/site-packages/airflow/example_dags/plugins/decreasing_priority_weight_strategy.py
[2026-04-26T07:57:50.668+0000] {processor.py:183} INFO - Processing /usr/local/python/3.12.1/lib/python3.12/site-packages/airflow/example_dags/plugins/decreasing_priority_weight_strategy.py took 0.017 seconds
[2026-04-26T07:58:04.067+0000] {processor.py:161} INFO - Started process (PID=54372) to work on /usr/local/python/3.12.1/lib/python3.12/site-packages/airflow/example_dags/plugins/decreasing_priority_weight_strategy.py
[2026-04-26T07:58:04.068+0000] {processor.py:830} INFO - Processing file /usr/local/python/3.12.1/lib/python3.12/site-packages/airflow/example_dags/plugins/decreasing_priority_weight_strategy.py for tasks to queue
[2026-04-26T07:58:04.068+0000] {logging_mixin.py:188} INFO - [2026-04-26T07:58:04.068+0000] {dagbag.py:540} INFO - Filling up the DagBag from /usr/local/python/3.12.1/lib/python3.12/site-packages/airflow/example_dags/plugins/decreasing_priority_weight_strategy.py
[2026-04-26T07:58:04.070+0000] {processor.py:842} WARNING - No viable dags retrieved from /usr/local/python/3.12.1/lib/python3.12/site-packages/airflow/example_dags/plugins/decreasing_priority_weight_strategy.py
[2026-04-26T07:58:04.079+0000] {processor.py:183} INFO - Processing /usr/local/python/3.12.1/lib/python3.12/site-packages/airflow/example_dags/plugins/decreasing_priority_weight_strategy.py took 0.018 seconds
[2026-04-26T07:58:32.733+0000] {processor.py:161} INFO - Started process (PID=54887) to work on /usr/local/python/3.12.1/lib/python3.12/site-packages/airflow/example_dags/plugins/decreasing_priority_weight_strategy.py
[2026-04-26T07:58:32.734+0000] {processor.py:830} INFO - Processing file /usr/local/python/3.12.1/lib/python3.12/site-packages/airflow/example_dags/plugins/decreasing_priority_weight_strategy.py for tasks to queue
[2026-04-26T07:58:32.735+0000] {logging_mixin.py:188} INFO - [2026-04-26T07:58:32.734+0000] {dagbag.py:540} INFO - Filling up the DagBag from /usr/local/python/3.12.1/lib/python3.12/site-packages/airflow/example_dags/plugins/decreasing_priority_weight_strategy.py
[2026-04-26T07:58:32.737+0000] {processor.py:842} WARNING - No viable dags retrieved from /usr/local/python/3.12.1/lib/python3.12/site-packages/airflow/example_dags/plugins/decreasing_priority_weight_strategy.py
[2026-04-26T07:58:32.749+0000] {processor.py:183} INFO - Processing /usr/local/python/3.12.1/lib/python3.12/site-packages/airflow/example_dags/plugins/decreasing_priority_weight_strategy.py took 0.024 seconds
[2026-04-26T07:58:34.639+0000] {processor.py:161} INFO - Started process (PID=54918) to work on /usr/local/python/3.12.1/lib/python3.12/site-packages/airflow/example_dags/plugins/decreasing_priority_weight_strategy.py
[2026-04-26T07:58:34.640+0000] {processor.py:830} INFO - Processing file /usr/local/python/3.12.1/lib/python3.12/site-packages/airflow/example_dags/plugins/decreasing_priority_weight_strategy.py for tasks to queue
[2026-04-26T07:58:34.641+0000] {logging_mixin.py:188} INFO - [2026-04-26T07:58:34.641+0000] {dagbag.py:540} INFO - Filling up the DagBag from /usr/local/python/3.12.1/lib/python3.12/site-packages/airflow/example_dags/plugins/decreasing_priority_weight_strategy.py
[2026-04-26T07:58:34.645+0000] {processor.py:842} WARNING - No viable dags retrieved from /usr/local/python/3.12.1/lib/python3.12/site-packages/airflow/example_dags/plugins/decreasing_priority_weight_strategy.py
[2026-04-26T07:58:34.666+0000] {processor.py:183} INFO - Processing /usr/local/python/3.12.1/lib/python3.12/site-packages/airflow/example_dags/plugins/decreasing_priority_weight_strategy.py took 0.033 seconds
[2026-04-26T07:58:48.908+0000] {processor.py:161} INFO - Started process (PID=55189) to work on /usr/local/python/3.12.1/lib/python3.12/site-packages/airflow/example_dags/plugins/decreasing_priority_weight_strategy.py
[2026-04-26T07:58:48.909+0000] {processor.py:830} INFO - Processing file /usr/local/python/3.12.1/lib/python3.12/site-packages/airflow/example_dags/plugins/decreasing_priority_weight_strategy.py for tasks to queue
[2026-04-26T07:58:48.909+0000] {logging_mixin.py:188} INFO - [2026-04-26T07:58:48.909+0000] {dagbag.py:540} INFO - Filling up the DagBag from /usr/local/python/3.12.1/lib/python3.12/site-packages/airflow/example_dags/plugins/decreasing_priority_weight_strategy.py
[2026-04-26T07:58:48.911+0000] {processor.py:842} WARNING - No viable dags retrieved from /usr/local/python/3.12.1/lib/python3.12/site-packages/airflow/example_dags/plugins/decreasing_priority_weight_strategy.py
[2026-04-26T07:58:48.921+0000] {processor.py:183} INFO - Processing /usr/local/python/3.12.1/lib/python3.12/site-packages/airflow/example_dags/plugins/decreasing_priority_weight_strategy.py took 0.017 seconds
[2026-04-26T07:59:19.190+0000] {processor.py:161} INFO - Started process (PID=55492) to work on /usr/local/python/3.12.1/lib/python3.12/site-packages/airflow/example_dags/plugins/decreasing_priority_weight_strategy.py
[2026-04-26T07:59:19.191+0000] {processor.py:830} INFO - Processing file /usr/local/python/3.12.1/lib/python3.12/site-packages/airflow/example_dags/plugins/decreasing_priority_weight_strategy.py for tasks to queue
[2026-04-26T07:59:19.191+0000] {logging_mixin.py:188} INFO - [2026-04-26T07:59:19.191+0000] {dagbag.py:540} INFO - Filling up the DagBag from /usr/local/python/3.12.1/lib/python3.12/site-packages/airflow/example_dags/plugins/decreasing_priority_weight_strategy.py
[2026-04-26T07:59:19.193+0000] {processor.py:842} WARNING - No viable dags retrieved from /usr/local/python/3.12.1/lib/python3.12/site-packages/airflow/example_dags/plugins/decreasing_priority_weight_strategy.py
[2026-04-26T07:59:19.200+0000] {processor.py:183} INFO - Processing /usr/local/python/3.12.1/lib/python3.12/site-packages/airflow/example_dags/plugins/decreasing_priority_weight_strategy.py took 0.014 seconds
[2026-04-26T07:59:25.784+0000] {processor.py:161} INFO - Started process (PID=55549) to work on /usr/local/python/3.12.1/lib/python3.12/site-packages/airflow/example_dags/plugins/decreasing_priority_weight_strategy.py
[2026-04-26T07:59:25.785+0000] {processor.py:830} INFO - Processing file /usr/local/python/3.12.1/lib/python3.12/site-packages/airflow/example_dags/plugins/decreasing_priority_weight_strategy.py for tasks to queue
[2026-04-26T07:59:25.786+0000] {logging_mixin.py:188} INFO - [2026-04-26T07:59:25.786+0000] {dagbag.py:540} INFO - Filling up the DagBag from /usr/local/python/3.12.1/lib/python3.12/site-packages/airflow/example_dags/plugins/decreasing_priority_weight_strategy.py
[2026-04-26T07:59:25.788+0000] {processor.py:842} WARNING - No viable dags retrieved from /usr/local/python/3.12.1/lib/python3.12/site-packages/airflow/example_dags/plugins/decreasing_priority_weight_strategy.py
[2026-04-26T07:59:25.796+0000] {processor.py:183} INFO - Processing /usr/local/python/3.12.1/lib/python3.12/site-packages/airflow/example_dags/plugins/decreasing_priority_weight_strategy.py took 0.016 seconds
[2026-04-26T07:59:35.613+0000] {processor.py:161} INFO - Started process (PID=55682) to work on /usr/local/python/3.12.1/lib/python3.12/site-packages/airflow/example_dags/plugins/decreasing_priority_weight_strategy.py
[2026-04-26T07:59:35.616+0000] {processor.py:830} INFO - Processing file /usr/local/python/3.12.1/lib/python3.12/site-packages/airflow/example_dags/plugins/decreasing_priority_weight_strategy.py for tasks to queue
[2026-04-26T07:59:35.619+0000] {logging_mixin.py:188} INFO - [2026-04-26T07:59:35.619+0000] {dagbag.py:540} INFO - Filling up the DagBag from /usr/local/python/3.12.1/lib/python3.12/site-packages/airflow/example_dags/plugins/decreasing_priority_weight_strategy.py
[2026-04-26T07:59:35.628+0000] {processor.py:842} WARNING - No viable dags retrieved from /usr/local/python/3.12.1/lib/python3.12/site-packages/airflow/example_dags/plugins/decreasing_priority_weight_strategy.py
[2026-04-26T07:59:35.639+0000] {processor.py:183} INFO - Processing /usr/local/python/3.12.1/lib/python3.12/site-packages/airflow/example_dags/plugins/decreasing_priority_weight_strategy.py took 0.038 seconds
[2026-04-26T08:00:02.555+0000] {processor.py:161} INFO - Started process (PID=55920) to work on /usr/local/python/3.12.1/lib/python3.12/site-packages/airflow/example_dags/plugins/decreasing_priority_weight_strategy.py
[2026-04-26T08:00:02.556+0000] {processor.py:830} INFO - Processing file /usr/local/python/3.12.1/lib/python3.12/site-packages/airflow/example_dags/plugins/decreasing_priority_weight_strategy.py for tasks to queue
[2026-04-26T08:00:02.557+0000] {logging_mixin.py:188} INFO - [2026-04-26T08:00:02.557+0000] {dagbag.py:540} INFO - Filling up the DagBag from /usr/local/python/3.12.1/lib/python3.12/site-packages/airflow/example_dags/plugins/decreasing_priority_weight_strategy.py
[2026-04-26T08:00:02.559+0000] {processor.py:842} WARNING - No viable dags retrieved from /usr/local/python/3.12.1/lib/python3.12/site-packages/airflow/example_dags/plugins/decreasing_priority_weight_strategy.py
[2026-04-26T08:00:02.569+0000] {processor.py:183} INFO - Processing /usr/local/python/3.12.1/lib/python3.12/site-packages/airflow/example_dags/plugins/decreasing_priority_weight_strategy.py took 0.018 seconds
[2026-04-26T08:00:12.258+0000] {processor.py:161} INFO - Started process (PID=56065) to work on /usr/local/python/3.12.1/lib/python3.12/site-packages/airflow/example_dags/plugins/decreasing_priority_weight_strategy.py
[2026-04-26T08:00:12.259+0000] {processor.py:830} INFO - Processing file /usr/local/python/3.12.1/lib/python3.12/site-packages/airflow/example_dags/plugins/decreasing_priority_weight_strategy.py for tasks to queue
[2026-04-26T08:00:12.260+0000] {logging_mixin.py:188} INFO - [2026-04-26T08:00:12.260+0000] {dagbag.py:540} INFO - Filling up the DagBag from /usr/local/python/3.12.1/lib/python3.12/site-packages/airflow/example_dags/plugins/decreasing_priority_weight_strategy.py
[2026-04-26T08:00:12.262+0000] {processor.py:842} WARNING - No viable dags retrieved from /usr/local/python/3.12.1/lib/python3.12/site-packages/airflow/example_dags/plugins/decreasing_priority_weight_strategy.py
[2026-04-26T08:00:12.273+0000] {processor.py:183} INFO - Processing /usr/local/python/3.12.1/lib/python3.12/site-packages/airflow/example_dags/plugins/decreasing_priority_weight_strategy.py took 0.021 seconds
[2026-04-26T08:00:16.866+0000] {processor.py:161} INFO - Started process (PID=56102) to work on /usr/local/python/3.12.1/lib/python3.12/site-packages/airflow/example_dags/plugins/decreasing_priority_weight_strategy.py
[2026-04-26T08:00:16.867+0000] {processor.py:830} INFO - Processing file /usr/local/python/3.12.1/lib/python3.12/site-packages/airflow/example_dags/plugins/decreasing_priority_weight_strategy.py for tasks to queue
[2026-04-26T08:00:16.868+0000] {logging_mixin.py:188} INFO - [2026-04-26T08:00:16.868+0000] {dagbag.py:540} INFO - Filling up the DagBag from /usr/local/python/3.12.1/lib/python3.12/site-packages/airflow/example_dags/plugins/decreasing_priority_weight_strategy.py
[2026-04-26T08:00:16.871+0000] {processor.py:842} WARNING - No viable dags retrieved from /usr/local/python/3.12.1/lib/python3.12/site-packages/airflow/example_dags/plugins/decreasing_priority_weight_strategy.py
[2026-04-26T08:00:16.881+0000] {processor.py:183} INFO - Processing /usr/local/python/3.12.1/lib/python3.12/site-packages/airflow/example_dags/plugins/decreasing_priority_weight_strategy.py took 0.023 seconds
[2026-04-26T08:00:50.502+0000] {processor.py:161} INFO - Started process (PID=56414) to work on /usr/local/python/3.12.1/lib/python3.12/site-packages/airflow/example_dags/plugins/decreasing_priority_weight_strategy.py
[2026-04-26T08:00:50.502+0000] {processor.py:830} INFO - Processing file /usr/local/python/3.12.1/lib/python3.12/site-packages/airflow/example_dags/plugins/decreasing_priority_weight_strategy.py for tasks to queue
[2026-04-26T08:00:50.503+0000] {logging_mixin.py:188} INFO - [2026-04-26T08:00:50.503+0000] {dagbag.py:540} INFO - Filling up the DagBag from /usr/local/python/3.12.1/lib/python3.12/site-packages/airflow/example_dags/plugins/decreasing_priority_weight_strategy.py
[2026-04-26T08:00:50.505+0000] {processor.py:842} WARNING - No viable dags retrieved from /usr/local/python/3.12.1/lib/python3.12/site-packages/airflow/example_dags/plugins/decreasing_priority_weight_strategy.py
[2026-04-26T08:00:50.512+0000] {processor.py:183} INFO - Processing /usr/local/python/3.12.1/lib/python3.12/site-packages/airflow/example_dags/plugins/decreasing_priority_weight_strategy.py took 0.015 seconds
[2026-04-26T08:00:59.541+0000] {processor.py:161} INFO - Started process (PID=56569) to work on /usr/local/python/3.12.1/lib/python3.12/site-packages/airflow/example_dags/plugins/decreasing_priority_weight_strategy.py
[2026-04-26T08:00:59.542+0000] {processor.py:830} INFO - Processing file /usr/local/python/3.12.1/lib/python3.12/site-packages/airflow/example_dags/plugins/decreasing_priority_weight_strategy.py for tasks to queue
[2026-04-26T08:00:59.543+0000] {logging_mixin.py:188} INFO - [2026-04-26T08:00:59.542+0000] {dagbag.py:540} INFO - Filling up the DagBag from /usr/local/python/3.12.1/lib/python3.12/site-packages/airflow/example_dags/plugins/decreasing_priority_weight_strategy.py
[2026-04-26T08:00:59.544+0000] {processor.py:842} WARNING - No viable dags retrieved from /usr/local/python/3.12.1/lib/python3.12/site-packages/airflow/example_dags/plugins/decreasing_priority_weight_strategy.py
[2026-04-26T08:00:59.552+0000] {processor.py:183} INFO - Processing /usr/local/python/3.12.1/lib/python3.12/site-packages/airflow/example_dags/plugins/decreasing_priority_weight_strategy.py took 0.015 seconds
[2026-04-26T08:01:01.083+0000] {processor.py:161} INFO - Started process (PID=56597) to work on /usr/local/python/3.12.1/lib/python3.12/site-packages/airflow/example_dags/plugins/decreasing_priority_weight_strategy.py
[2026-04-26T08:01:01.085+0000] {processor.py:830} INFO - Processing file /usr/local/python/3.12.1/lib/python3.12/site-packages/airflow/example_dags/plugins/decreasing_priority_weight_strategy.py for tasks to queue
[2026-04-26T08:01:01.086+0000] {logging_mixin.py:188} INFO - [2026-04-26T08:01:01.085+0000] {dagbag.py:540} INFO - Filling up the DagBag from /usr/local/python/3.12.1/lib/python3.12/site-packages/airflow/example_dags/plugins/decreasing_priority_weight_strategy.py
[2026-04-26T08:01:01.088+0000] {processor.py:842} WARNING - No viable dags retrieved from /usr/local/python/3.12.1/lib/python3.12/site-packages/airflow/example_dags/plugins/decreasing_priority_weight_strategy.py
[2026-04-26T08:01:01.124+0000] {processor.py:183} INFO - Processing /usr/local/python/3.12.1/lib/python3.12/site-packages/airflow/example_dags/plugins/decreasing_priority_weight_strategy.py took 0.056 seconds
[2026-04-26T08:01:39.050+0000] {processor.py:161} INFO - Started process (PID=57370) to work on /usr/local/python/3.12.1/lib/python3.12/site-packages/airflow/example_dags/plugins/decreasing_priority_weight_strategy.py
[2026-04-26T08:01:39.051+0000] {processor.py:830} INFO - Processing file /usr/local/python/3.12.1/lib/python3.12/site-packages/airflow/example_dags/plugins/decreasing_priority_weight_strategy.py for tasks to queue
[2026-04-26T08:01:39.052+0000] {logging_mixin.py:188} INFO - [2026-04-26T08:01:39.051+0000] {dagbag.py:540} INFO - Filling up the DagBag from /usr/local/python/3.12.1/lib/python3.12/site-packages/airflow/example_dags/plugins/decreasing_priority_weight_strategy.py
[2026-04-26T08:01:39.053+0000] {processor.py:842} WARNING - No viable dags retrieved from /usr/local/python/3.12.1/lib/python3.12/site-packages/airflow/example_dags/plugins/decreasing_priority_weight_strategy.py
[2026-04-26T08:01:39.062+0000] {processor.py:183} INFO - Processing /usr/local/python/3.12.1/lib/python3.12/site-packages/airflow/example_dags/plugins/decreasing_priority_weight_strategy.py took 0.016 seconds
[2026-04-26T08:01:45.033+0000] {processor.py:161} INFO - Started process (PID=57428) to work on /usr/local/python/3.12.1/lib/python3.12/site-packages/airflow/example_dags/plugins/decreasing_priority_weight_strategy.py
[2026-04-26T08:01:45.034+0000] {processor.py:830} INFO - Processing file /usr/local/python/3.12.1/lib/python3.12/site-packages/airflow/example_dags/plugins/decreasing_priority_weight_strategy.py for tasks to queue
[2026-04-26T08:01:45.035+0000] {logging_mixin.py:188} INFO - [2026-04-26T08:01:45.034+0000] {dagbag.py:540} INFO - Filling up the DagBag from /usr/local/python/3.12.1/lib/python3.12/site-packages/airflow/example_dags/plugins/decreasing_priority_weight_strategy.py
[2026-04-26T08:01:45.036+0000] {processor.py:842} WARNING - No viable dags retrieved from /usr/local/python/3.12.1/lib/python3.12/site-packages/airflow/example_dags/plugins/decreasing_priority_weight_strategy.py
[2026-04-26T08:01:45.043+0000] {processor.py:183} INFO - Processing /usr/local/python/3.12.1/lib/python3.12/site-packages/airflow/example_dags/plugins/decreasing_priority_weight_strategy.py took 0.014 seconds
[2026-04-26T08:01:47.619+0000] {processor.py:161} INFO - Started process (PID=57444) to work on /usr/local/python/3.12.1/lib/python3.12/site-packages/airflow/example_dags/plugins/decreasing_priority_weight_strategy.py
[2026-04-26T08:01:47.620+0000] {processor.py:830} INFO - Processing file /usr/local/python/3.12.1/lib/python3.12/site-packages/airflow/example_dags/plugins/decreasing_priority_weight_strategy.py for tasks to queue
[2026-04-26T08:01:47.621+0000] {logging_mixin.py:188} INFO - [2026-04-26T08:01:47.621+0000] {dagbag.py:540} INFO - Filling up the DagBag from /usr/local/python/3.12.1/lib/python3.12/site-packages/airflow/example_dags/plugins/decreasing_priority_weight_strategy.py
[2026-04-26T08:01:47.624+0000] {processor.py:842} WARNING - No viable dags retrieved from /usr/local/python/3.12.1/lib/python3.12/site-packages/airflow/example_dags/plugins/decreasing_priority_weight_strategy.py
[2026-04-26T08:01:47.637+0000] {processor.py:183} INFO - Processing /usr/local/python/3.12.1/lib/python3.12/site-packages/airflow/example_dags/plugins/decreasing_priority_weight_strategy.py took 0.034 seconds
[2026-04-26T08:02:27.809+0000] {processor.py:161} INFO - Started process (PID=57961) to work on /usr/local/python/3.12.1/lib/python3.12/site-packages/airflow/example_dags/plugins/decreasing_priority_weight_strategy.py
[2026-04-26T08:02:27.809+0000] {processor.py:830} INFO - Processing file /usr/local/python/3.12.1/lib/python3.12/site-packages/airflow/example_dags/plugins/decreasing_priority_weight_strategy.py for tasks to queue
[2026-04-26T08:02:27.810+0000] {logging_mixin.py:188} INFO - [2026-04-26T08:02:27.810+0000] {dagbag.py:540} INFO - Filling up the DagBag from /usr/local/python/3.12.1/lib/python3.12/site-packages/airflow/example_dags/plugins/decreasing_priority_weight_strategy.py
[2026-04-26T08:02:27.812+0000] {processor.py:842} WARNING - No viable dags retrieved from /usr/local/python/3.12.1/lib/python3.12/site-packages/airflow/example_dags/plugins/decreasing_priority_weight_strategy.py
[2026-04-26T08:02:27.821+0000] {processor.py:183} INFO - Processing /usr/local/python/3.12.1/lib/python3.12/site-packages/airflow/example_dags/plugins/decreasing_priority_weight_strategy.py took 0.019 seconds
[2026-04-26T08:02:32.752+0000] {processor.py:161} INFO - Started process (PID=58050) to work on /usr/local/python/3.12.1/lib/python3.12/site-packages/airflow/example_dags/plugins/decreasing_priority_weight_strategy.py
[2026-04-26T08:02:32.754+0000] {processor.py:830} INFO - Processing file /usr/local/python/3.12.1/lib/python3.12/site-packages/airflow/example_dags/plugins/decreasing_priority_weight_strategy.py for tasks to queue
[2026-04-26T08:02:32.757+0000] {logging_mixin.py:188} INFO - [2026-04-26T08:02:32.756+0000] {dagbag.py:540} INFO - Filling up the DagBag from /usr/local/python/3.12.1/lib/python3.12/site-packages/airflow/example_dags/plugins/decreasing_priority_weight_strategy.py
[2026-04-26T08:02:32.763+0000] {processor.py:842} WARNING - No viable dags retrieved from /usr/local/python/3.12.1/lib/python3.12/site-packages/airflow/example_dags/plugins/decreasing_priority_weight_strategy.py
[2026-04-26T08:02:32.791+0000] {processor.py:183} INFO - Processing /usr/local/python/3.12.1/lib/python3.12/site-packages/airflow/example_dags/plugins/decreasing_priority_weight_strategy.py took 0.055 seconds
[2026-04-26T08:02:33.153+0000] {processor.py:161} INFO - Started process (PID=58057) to work on /usr/local/python/3.12.1/lib/python3.12/site-packages/airflow/example_dags/plugins/decreasing_priority_weight_strategy.py
[2026-04-26T08:02:33.157+0000] {processor.py:830} INFO - Processing file /usr/local/python/3.12.1/lib/python3.12/site-packages/airflow/example_dags/plugins/decreasing_priority_weight_strategy.py for tasks to queue
[2026-04-26T08:02:33.162+0000] {logging_mixin.py:188} INFO - [2026-04-26T08:02:33.160+0000] {dagbag.py:540} INFO - Filling up the DagBag from /usr/local/python/3.12.1/lib/python3.12/site-packages/airflow/example_dags/plugins/decreasing_priority_weight_strategy.py
[2026-04-26T08:02:33.174+0000] {processor.py:842} WARNING - No viable dags retrieved from /usr/local/python/3.12.1/lib/python3.12/site-packages/airflow/example_dags/plugins/decreasing_priority_weight_strategy.py
[2026-04-26T08:02:33.198+0000] {processor.py:183} INFO - Processing /usr/local/python/3.12.1/lib/python3.12/site-packages/airflow/example_dags/plugins/decreasing_priority_weight_strategy.py took 0.059 seconds
[2026-04-26T08:03:14.347+0000] {processor.py:161} INFO - Started process (PID=58745) to work on /usr/local/python/3.12.1/lib/python3.12/site-packages/airflow/example_dags/plugins/decreasing_priority_weight_strategy.py
[2026-04-26T08:03:14.347+0000] {processor.py:830} INFO - Processing file /usr/local/python/3.12.1/lib/python3.12/site-packages/airflow/example_dags/plugins/decreasing_priority_weight_strategy.py for tasks to queue
[2026-04-26T08:03:14.348+0000] {logging_mixin.py:188} INFO - [2026-04-26T08:03:14.348+0000] {dagbag.py:540} INFO - Filling up the DagBag from /usr/local/python/3.12.1/lib/python3.12/site-packages/airflow/example_dags/plugins/decreasing_priority_weight_strategy.py
[2026-04-26T08:03:14.351+0000] {processor.py:842} WARNING - No viable dags retrieved from /usr/local/python/3.12.1/lib/python3.12/site-packages/airflow/example_dags/plugins/decreasing_priority_weight_strategy.py
[2026-04-26T08:03:14.364+0000] {processor.py:183} INFO - Processing /usr/local/python/3.12.1/lib/python3.12/site-packages/airflow/example_dags/plugins/decreasing_priority_weight_strategy.py took 0.024 seconds
[2026-04-26T08:03:17.577+0000] {processor.py:161} INFO - Started process (PID=58782) to work on /usr/local/python/3.12.1/lib/python3.12/site-packages/airflow/example_dags/plugins/decreasing_priority_weight_strategy.py
[2026-04-26T08:03:17.578+0000] {processor.py:830} INFO - Processing file /usr/local/python/3.12.1/lib/python3.12/site-packages/airflow/example_dags/plugins/decreasing_priority_weight_strategy.py for tasks to queue
[2026-04-26T08:03:17.579+0000] {logging_mixin.py:188} INFO - [2026-04-26T08:03:17.579+0000] {dagbag.py:540} INFO - Filling up the DagBag from /usr/local/python/3.12.1/lib/python3.12/site-packages/airflow/example_dags/plugins/decreasing_priority_weight_strategy.py
[2026-04-26T08:03:17.582+0000] {processor.py:842} WARNING - No viable dags retrieved from /usr/local/python/3.12.1/lib/python3.12/site-packages/airflow/example_dags/plugins/decreasing_priority_weight_strategy.py
[2026-04-26T08:03:17.590+0000] {processor.py:183} INFO - Processing /usr/local/python/3.12.1/lib/python3.12/site-packages/airflow/example_dags/plugins/decreasing_priority_weight_strategy.py took 0.018 seconds
[2026-04-26T08:03:18.405+0000] {processor.py:161} INFO - Started process (PID=58798) to work on /usr/local/python/3.12.1/lib/python3.12/site-packages/airflow/example_dags/plugins/decreasing_priority_weight_strategy.py
[2026-04-26T08:03:18.406+0000] {processor.py:830} INFO - Processing file /usr/local/python/3.12.1/lib/python3.12/site-packages/airflow/example_dags/plugins/decreasing_priority_weight_strategy.py for tasks to queue
[2026-04-26T08:03:18.407+0000] {logging_mixin.py:188} INFO - [2026-04-26T08:03:18.407+0000] {dagbag.py:540} INFO - Filling up the DagBag from /usr/local/python/3.12.1/lib/python3.12/site-packages/airflow/example_dags/plugins/decreasing_priority_weight_strategy.py
[2026-04-26T08:03:18.409+0000] {processor.py:842} WARNING - No viable dags retrieved from /usr/local/python/3.12.1/lib/python3.12/site-packages/airflow/example_dags/plugins/decreasing_priority_weight_strategy.py
[2026-04-26T08:03:18.416+0000] {processor.py:183} INFO - Processing /usr/local/python/3.12.1/lib/python3.12/site-packages/airflow/example_dags/plugins/decreasing_priority_weight_strategy.py took 0.015 seconds
[2026-04-26T08:03:58.444+0000] {processor.py:161} INFO - Started process (PID=59191) to work on /usr/local/python/3.12.1/lib/python3.12/site-packages/airflow/example_dags/plugins/decreasing_priority_weight_strategy.py
[2026-04-26T08:03:58.444+0000] {processor.py:830} INFO - Processing file /usr/local/python/3.12.1/lib/python3.12/site-packages/airflow/example_dags/plugins/decreasing_priority_weight_strategy.py for tasks to queue
[2026-04-26T08:03:58.445+0000] {logging_mixin.py:188} INFO - [2026-04-26T08:03:58.445+0000] {dagbag.py:540} INFO - Filling up the DagBag from /usr/local/python/3.12.1/lib/python3.12/site-packages/airflow/example_dags/plugins/decreasing_priority_weight_strategy.py
[2026-04-26T08:03:58.447+0000] {processor.py:842} WARNING - No viable dags retrieved from /usr/local/python/3.12.1/lib/python3.12/site-packages/airflow/example_dags/plugins/decreasing_priority_weight_strategy.py
[2026-04-26T08:03:58.461+0000] {processor.py:183} INFO - Processing /usr/local/python/3.12.1/lib/python3.12/site-packages/airflow/example_dags/plugins/decreasing_priority_weight_strategy.py took 0.024 seconds
[2026-04-26T08:04:01.147+0000] {processor.py:161} INFO - Started process (PID=59209) to work on /usr/local/python/3.12.1/lib/python3.12/site-packages/airflow/example_dags/plugins/decreasing_priority_weight_strategy.py
[2026-04-26T08:04:01.148+0000] {processor.py:830} INFO - Processing file /usr/local/python/3.12.1/lib/python3.12/site-packages/airflow/example_dags/plugins/decreasing_priority_weight_strategy.py for tasks to queue
[2026-04-26T08:04:01.149+0000] {logging_mixin.py:188} INFO - [2026-04-26T08:04:01.148+0000] {dagbag.py:540} INFO - Filling up the DagBag from /usr/local/python/3.12.1/lib/python3.12/site-packages/airflow/example_dags/plugins/decreasing_priority_weight_strategy.py
[2026-04-26T08:04:01.151+0000] {processor.py:842} WARNING - No viable dags retrieved from /usr/local/python/3.12.1/lib/python3.12/site-packages/airflow/example_dags/plugins/decreasing_priority_weight_strategy.py
[2026-04-26T08:04:01.163+0000] {processor.py:183} INFO - Processing /usr/local/python/3.12.1/lib/python3.12/site-packages/airflow/example_dags/plugins/decreasing_priority_weight_strategy.py took 0.022 seconds
[2026-04-26T08:04:03.261+0000] {processor.py:161} INFO - Started process (PID=59227) to work on /usr/local/python/3.12.1/lib/python3.12/site-packages/airflow/example_dags/plugins/decreasing_priority_weight_strategy.py
[2026-04-26T08:04:03.261+0000] {processor.py:830} INFO - Processing file /usr/local/python/3.12.1/lib/python3.12/site-packages/airflow/example_dags/plugins/decreasing_priority_weight_strategy.py for tasks to queue
[2026-04-26T08:04:03.262+0000] {logging_mixin.py:188} INFO - [2026-04-26T08:04:03.262+0000] {dagbag.py:540} INFO - Filling up the DagBag from /usr/local/python/3.12.1/lib/python3.12/site-packages/airflow/example_dags/plugins/decreasing_priority_weight_strategy.py
[2026-04-26T08:04:03.264+0000] {processor.py:842} WARNING - No viable dags retrieved from /usr/local/python/3.12.1/lib/python3.12/site-packages/airflow/example_dags/plugins/decreasing_priority_weight_strategy.py
[2026-04-26T08:04:03.274+0000] {processor.py:183} INFO - Processing /usr/local/python/3.12.1/lib/python3.12/site-packages/airflow/example_dags/plugins/decreasing_priority_weight_strategy.py took 0.019 seconds
[2026-04-26T08:04:41.936+0000] {processor.py:161} INFO - Started process (PID=59613) to work on /usr/local/python/3.12.1/lib/python3.12/site-packages/airflow/example_dags/plugins/decreasing_priority_weight_strategy.py
[2026-04-26T08:04:41.936+0000] {processor.py:830} INFO - Processing file /usr/local/python/3.12.1/lib/python3.12/site-packages/airflow/example_dags/plugins/decreasing_priority_weight_strategy.py for tasks to queue
[2026-04-26T08:04:41.937+0000] {logging_mixin.py:188} INFO - [2026-04-26T08:04:41.937+0000] {dagbag.py:540} INFO - Filling up the DagBag from /usr/local/python/3.12.1/lib/python3.12/site-packages/airflow/example_dags/plugins/decreasing_priority_weight_strategy.py
[2026-04-26T08:04:41.939+0000] {processor.py:842} WARNING - No viable dags retrieved from /usr/local/python/3.12.1/lib/python3.12/site-packages/airflow/example_dags/plugins/decreasing_priority_weight_strategy.py
[2026-04-26T08:04:41.947+0000] {processor.py:183} INFO - Processing /usr/local/python/3.12.1/lib/python3.12/site-packages/airflow/example_dags/plugins/decreasing_priority_weight_strategy.py took 0.016 seconds
[2026-04-26T08:04:45.845+0000] {processor.py:161} INFO - Started process (PID=59639) to work on /usr/local/python/3.12.1/lib/python3.12/site-packages/airflow/example_dags/plugins/decreasing_priority_weight_strategy.py
[2026-04-26T08:04:45.845+0000] {processor.py:830} INFO - Processing file /usr/local/python/3.12.1/lib/python3.12/site-packages/airflow/example_dags/plugins/decreasing_priority_weight_strategy.py for tasks to queue
[2026-04-26T08:04:45.846+0000] {logging_mixin.py:188} INFO - [2026-04-26T08:04:45.846+0000] {dagbag.py:540} INFO - Filling up the DagBag from /usr/local/python/3.12.1/lib/python3.12/site-packages/airflow/example_dags/plugins/decreasing_priority_weight_strategy.py
[2026-04-26T08:04:45.848+0000] {processor.py:842} WARNING - No viable dags retrieved from /usr/local/python/3.12.1/lib/python3.12/site-packages/airflow/example_dags/plugins/decreasing_priority_weight_strategy.py
[2026-04-26T08:04:45.857+0000] {processor.py:183} INFO - Processing /usr/local/python/3.12.1/lib/python3.12/site-packages/airflow/example_dags/plugins/decreasing_priority_weight_strategy.py took 0.016 seconds
[2026-04-26T08:04:46.240+0000] {processor.py:161} INFO - Started process (PID=59643) to work on /usr/local/python/3.12.1/lib/python3.12/site-packages/airflow/example_dags/plugins/decreasing_priority_weight_strategy.py
[2026-04-26T08:04:46.241+0000] {processor.py:830} INFO - Processing file /usr/local/python/3.12.1/lib/python3.12/site-packages/airflow/example_dags/plugins/decreasing_priority_weight_strategy.py for tasks to queue
[2026-04-26T08:04:46.241+0000] {logging_mixin.py:188} INFO - [2026-04-26T08:04:46.241+0000] {dagbag.py:540} INFO - Filling up the DagBag from /usr/local/python/3.12.1/lib/python3.12/site-packages/airflow/example_dags/plugins/decreasing_priority_weight_strategy.py
[2026-04-26T08:04:46.243+0000] {processor.py:842} WARNING - No viable dags retrieved from /usr/local/python/3.12.1/lib/python3.12/site-packages/airflow/example_dags/plugins/decreasing_priority_weight_strategy.py
[2026-04-26T08:04:46.250+0000] {processor.py:183} INFO - Processing /usr/local/python/3.12.1/lib/python3.12/site-packages/airflow/example_dags/plugins/decreasing_priority_weight_strategy.py took 0.014 seconds
[2026-04-26T08:05:25.305+0000] {processor.py:161} INFO - Started process (PID=60080) to work on /usr/local/python/3.12.1/lib/python3.12/site-packages/airflow/example_dags/plugins/decreasing_priority_weight_strategy.py
[2026-04-26T08:05:25.306+0000] {processor.py:830} INFO - Processing file /usr/local/python/3.12.1/lib/python3.12/site-packages/airflow/example_dags/plugins/decreasing_priority_weight_strategy.py for tasks to queue
[2026-04-26T08:05:25.306+0000] {logging_mixin.py:188} INFO - [2026-04-26T08:05:25.306+0000] {dagbag.py:540} INFO - Filling up the DagBag from /usr/local/python/3.12.1/lib/python3.12/site-packages/airflow/example_dags/plugins/decreasing_priority_weight_strategy.py
[2026-04-26T08:05:25.308+0000] {processor.py:842} WARNING - No viable dags retrieved from /usr/local/python/3.12.1/lib/python3.12/site-packages/airflow/example_dags/plugins/decreasing_priority_weight_strategy.py
[2026-04-26T08:05:25.315+0000] {processor.py:183} INFO - Processing /usr/local/python/3.12.1/lib/python3.12/site-packages/airflow/example_dags/plugins/decreasing_priority_weight_strategy.py took 0.015 seconds
[2026-04-26T08:05:27.470+0000] {processor.py:161} INFO - Started process (PID=60115) to work on /usr/local/python/3.12.1/lib/python3.12/site-packages/airflow/example_dags/plugins/decreasing_priority_weight_strategy.py
[2026-04-26T08:05:27.471+0000] {processor.py:830} INFO - Processing file /usr/local/python/3.12.1/lib/python3.12/site-packages/airflow/example_dags/plugins/decreasing_priority_weight_strategy.py for tasks to queue
[2026-04-26T08:05:27.471+0000] {logging_mixin.py:188} INFO - [2026-04-26T08:05:27.471+0000] {dagbag.py:540} INFO - Filling up the DagBag from /usr/local/python/3.12.1/lib/python3.12/site-packages/airflow/example_dags/plugins/decreasing_priority_weight_strategy.py
[2026-04-26T08:05:27.473+0000] {processor.py:842} WARNING - No viable dags retrieved from /usr/local/python/3.12.1/lib/python3.12/site-packages/airflow/example_dags/plugins/decreasing_priority_weight_strategy.py
[2026-04-26T08:05:27.482+0000] {processor.py:183} INFO - Processing /usr/local/python/3.12.1/lib/python3.12/site-packages/airflow/example_dags/plugins/decreasing_priority_weight_strategy.py took 0.017 seconds
[2026-04-26T08:05:28.263+0000] {processor.py:161} INFO - Started process (PID=60118) to work on /usr/local/python/3.12.1/lib/python3.12/site-packages/airflow/example_dags/plugins/decreasing_priority_weight_strategy.py
[2026-04-26T08:05:28.264+0000] {processor.py:830} INFO - Processing file /usr/local/python/3.12.1/lib/python3.12/site-packages/airflow/example_dags/plugins/decreasing_priority_weight_strategy.py for tasks to queue
[2026-04-26T08:05:28.265+0000] {logging_mixin.py:188} INFO - [2026-04-26T08:05:28.265+0000] {dagbag.py:540} INFO - Filling up the DagBag from /usr/local/python/3.12.1/lib/python3.12/site-packages/airflow/example_dags/plugins/decreasing_priority_weight_strategy.py
[2026-04-26T08:05:28.268+0000] {processor.py:842} WARNING - No viable dags retrieved from /usr/local/python/3.12.1/lib/python3.12/site-packages/airflow/example_dags/plugins/decreasing_priority_weight_strategy.py
[2026-04-26T08:05:28.284+0000] {processor.py:183} INFO - Processing /usr/local/python/3.12.1/lib/python3.12/site-packages/airflow/example_dags/plugins/decreasing_priority_weight_strategy.py took 0.029 seconds
