[2026-04-26T06:55:50.667+0000] {processor.py:161} INFO - Started process (PID=10392) to work on /usr/local/python/3.12.1/lib/python3.12/site-packages/airflow/example_dags/example_branch_python_dop_operator_3.py
[2026-04-26T06:55:50.668+0000] {processor.py:830} INFO - Processing file /usr/local/python/3.12.1/lib/python3.12/site-packages/airflow/example_dags/example_branch_python_dop_operator_3.py for tasks to queue
[2026-04-26T06:55:50.669+0000] {logging_mixin.py:188} INFO - [2026-04-26T06:55:50.668+0000] {dagbag.py:540} INFO - Filling up the DagBag from /usr/local/python/3.12.1/lib/python3.12/site-packages/airflow/example_dags/example_branch_python_dop_operator_3.py
[2026-04-26T06:55:50.675+0000] {processor.py:840} INFO - DAG(s) 'example_branch_dop_operator_v3' retrieved from /usr/local/python/3.12.1/lib/python3.12/site-packages/airflow/example_dags/example_branch_python_dop_operator_3.py
[2026-04-26T06:55:50.771+0000] {logging_mixin.py:188} INFO - [2026-04-26T06:55:50.771+0000] {dag.py:3096} INFO - Sync 1 DAGs
[2026-04-26T06:55:50.789+0000] {logging_mixin.py:188} INFO - [2026-04-26T06:55:50.789+0000] {dag.py:3954} INFO - Setting next_dagrun for example_branch_dop_operator_v3 to 2026-04-26 06:54:00+00:00, run_after=2026-04-26 06:55:00+00:00
[2026-04-26T06:55:50.808+0000] {processor.py:183} INFO - Processing /usr/local/python/3.12.1/lib/python3.12/site-packages/airflow/example_dags/example_branch_python_dop_operator_3.py took 0.145 seconds
[2026-04-26T06:56:41.560+0000] {processor.py:161} INFO - Started process (PID=10812) to work on /usr/local/python/3.12.1/lib/python3.12/site-packages/airflow/example_dags/example_branch_python_dop_operator_3.py
[2026-04-26T06:56:41.560+0000] {processor.py:830} INFO - Processing file /usr/local/python/3.12.1/lib/python3.12/site-packages/airflow/example_dags/example_branch_python_dop_operator_3.py for tasks to queue
[2026-04-26T06:56:41.561+0000] {logging_mixin.py:188} INFO - [2026-04-26T06:56:41.561+0000] {dagbag.py:540} INFO - Filling up the DagBag from /usr/local/python/3.12.1/lib/python3.12/site-packages/airflow/example_dags/example_branch_python_dop_operator_3.py
[2026-04-26T06:56:41.570+0000] {processor.py:840} INFO - DAG(s) 'example_branch_dop_operator_v3' retrieved from /usr/local/python/3.12.1/lib/python3.12/site-packages/airflow/example_dags/example_branch_python_dop_operator_3.py
[2026-04-26T06:56:41.582+0000] {logging_mixin.py:188} INFO - [2026-04-26T06:56:41.581+0000] {dag.py:3096} INFO - Sync 1 DAGs
[2026-04-26T06:56:41.604+0000] {logging_mixin.py:188} INFO - [2026-04-26T06:56:41.603+0000] {dag.py:3954} INFO - Setting next_dagrun for example_branch_dop_operator_v3 to 2026-04-26 06:55:00+00:00, run_after=2026-04-26 06:56:00+00:00
[2026-04-26T06:56:41.621+0000] {processor.py:183} INFO - Processing /usr/local/python/3.12.1/lib/python3.12/site-packages/airflow/example_dags/example_branch_python_dop_operator_3.py took 0.066 seconds
[2026-04-26T06:57:43.724+0000] {processor.py:161} INFO - Started process (PID=11535) to work on /usr/local/python/3.12.1/lib/python3.12/site-packages/airflow/example_dags/example_branch_python_dop_operator_3.py
[2026-04-26T06:57:43.724+0000] {processor.py:830} INFO - Processing file /usr/local/python/3.12.1/lib/python3.12/site-packages/airflow/example_dags/example_branch_python_dop_operator_3.py for tasks to queue
[2026-04-26T06:57:43.725+0000] {logging_mixin.py:188} INFO - [2026-04-26T06:57:43.725+0000] {dagbag.py:540} INFO - Filling up the DagBag from /usr/local/python/3.12.1/lib/python3.12/site-packages/airflow/example_dags/example_branch_python_dop_operator_3.py
[2026-04-26T06:57:43.732+0000] {processor.py:840} INFO - DAG(s) 'example_branch_dop_operator_v3' retrieved from /usr/local/python/3.12.1/lib/python3.12/site-packages/airflow/example_dags/example_branch_python_dop_operator_3.py
[2026-04-26T06:57:43.745+0000] {logging_mixin.py:188} INFO - [2026-04-26T06:57:43.745+0000] {dag.py:3096} INFO - Sync 1 DAGs
[2026-04-26T06:57:43.767+0000] {logging_mixin.py:188} INFO - [2026-04-26T06:57:43.767+0000] {dag.py:3954} INFO - Setting next_dagrun for example_branch_dop_operator_v3 to 2026-04-26 06:56:00+00:00, run_after=2026-04-26 06:57:00+00:00
[2026-04-26T06:57:43.783+0000] {processor.py:183} INFO - Processing /usr/local/python/3.12.1/lib/python3.12/site-packages/airflow/example_dags/example_branch_python_dop_operator_3.py took 0.063 seconds
[2026-04-26T06:58:47.061+0000] {processor.py:161} INFO - Started process (PID=12316) to work on /usr/local/python/3.12.1/lib/python3.12/site-packages/airflow/example_dags/example_branch_python_dop_operator_3.py
[2026-04-26T06:58:47.062+0000] {processor.py:830} INFO - Processing file /usr/local/python/3.12.1/lib/python3.12/site-packages/airflow/example_dags/example_branch_python_dop_operator_3.py for tasks to queue
[2026-04-26T06:58:47.062+0000] {logging_mixin.py:188} INFO - [2026-04-26T06:58:47.062+0000] {dagbag.py:540} INFO - Filling up the DagBag from /usr/local/python/3.12.1/lib/python3.12/site-packages/airflow/example_dags/example_branch_python_dop_operator_3.py
[2026-04-26T06:58:47.069+0000] {processor.py:840} INFO - DAG(s) 'example_branch_dop_operator_v3' retrieved from /usr/local/python/3.12.1/lib/python3.12/site-packages/airflow/example_dags/example_branch_python_dop_operator_3.py
[2026-04-26T06:58:47.080+0000] {logging_mixin.py:188} INFO - [2026-04-26T06:58:47.080+0000] {dag.py:3096} INFO - Sync 1 DAGs
[2026-04-26T06:58:47.097+0000] {logging_mixin.py:188} INFO - [2026-04-26T06:58:47.097+0000] {dag.py:3954} INFO - Setting next_dagrun for example_branch_dop_operator_v3 to 2026-04-26 06:57:00+00:00, run_after=2026-04-26 06:58:00+00:00
[2026-04-26T06:58:47.113+0000] {processor.py:183} INFO - Processing /usr/local/python/3.12.1/lib/python3.12/site-packages/airflow/example_dags/example_branch_python_dop_operator_3.py took 0.056 seconds
[2026-04-26T06:59:44.616+0000] {processor.py:161} INFO - Started process (PID=12853) to work on /usr/local/python/3.12.1/lib/python3.12/site-packages/airflow/example_dags/example_branch_python_dop_operator_3.py
[2026-04-26T06:59:44.617+0000] {processor.py:830} INFO - Processing file /usr/local/python/3.12.1/lib/python3.12/site-packages/airflow/example_dags/example_branch_python_dop_operator_3.py for tasks to queue
[2026-04-26T06:59:44.618+0000] {logging_mixin.py:188} INFO - [2026-04-26T06:59:44.617+0000] {dagbag.py:540} INFO - Filling up the DagBag from /usr/local/python/3.12.1/lib/python3.12/site-packages/airflow/example_dags/example_branch_python_dop_operator_3.py
[2026-04-26T06:59:44.624+0000] {processor.py:840} INFO - DAG(s) 'example_branch_dop_operator_v3' retrieved from /usr/local/python/3.12.1/lib/python3.12/site-packages/airflow/example_dags/example_branch_python_dop_operator_3.py
[2026-04-26T06:59:44.635+0000] {logging_mixin.py:188} INFO - [2026-04-26T06:59:44.635+0000] {dag.py:3096} INFO - Sync 1 DAGs
[2026-04-26T06:59:44.651+0000] {logging_mixin.py:188} INFO - [2026-04-26T06:59:44.651+0000] {dag.py:3954} INFO - Setting next_dagrun for example_branch_dop_operator_v3 to 2026-04-26 06:58:00+00:00, run_after=2026-04-26 06:59:00+00:00
[2026-04-26T06:59:44.667+0000] {processor.py:183} INFO - Processing /usr/local/python/3.12.1/lib/python3.12/site-packages/airflow/example_dags/example_branch_python_dop_operator_3.py took 0.055 seconds
[2026-04-26T07:00:49.075+0000] {processor.py:161} INFO - Started process (PID=13467) to work on /usr/local/python/3.12.1/lib/python3.12/site-packages/airflow/example_dags/example_branch_python_dop_operator_3.py
[2026-04-26T07:00:49.077+0000] {processor.py:830} INFO - Processing file /usr/local/python/3.12.1/lib/python3.12/site-packages/airflow/example_dags/example_branch_python_dop_operator_3.py for tasks to queue
[2026-04-26T07:00:49.078+0000] {logging_mixin.py:188} INFO - [2026-04-26T07:00:49.077+0000] {dagbag.py:540} INFO - Filling up the DagBag from /usr/local/python/3.12.1/lib/python3.12/site-packages/airflow/example_dags/example_branch_python_dop_operator_3.py
[2026-04-26T07:00:49.089+0000] {processor.py:840} INFO - DAG(s) 'example_branch_dop_operator_v3' retrieved from /usr/local/python/3.12.1/lib/python3.12/site-packages/airflow/example_dags/example_branch_python_dop_operator_3.py
[2026-04-26T07:00:49.111+0000] {logging_mixin.py:188} INFO - [2026-04-26T07:00:49.111+0000] {dag.py:3096} INFO - Sync 1 DAGs
[2026-04-26T07:00:49.145+0000] {logging_mixin.py:188} INFO - [2026-04-26T07:00:49.145+0000] {dag.py:3954} INFO - Setting next_dagrun for example_branch_dop_operator_v3 to 2026-04-26 06:59:00+00:00, run_after=2026-04-26 07:00:00+00:00
[2026-04-26T07:00:49.165+0000] {processor.py:183} INFO - Processing /usr/local/python/3.12.1/lib/python3.12/site-packages/airflow/example_dags/example_branch_python_dop_operator_3.py took 0.099 seconds
[2026-04-26T07:01:55.807+0000] {processor.py:161} INFO - Started process (PID=14034) to work on /usr/local/python/3.12.1/lib/python3.12/site-packages/airflow/example_dags/example_branch_python_dop_operator_3.py
[2026-04-26T07:01:55.808+0000] {processor.py:830} INFO - Processing file /usr/local/python/3.12.1/lib/python3.12/site-packages/airflow/example_dags/example_branch_python_dop_operator_3.py for tasks to queue
[2026-04-26T07:01:55.809+0000] {logging_mixin.py:188} INFO - [2026-04-26T07:01:55.808+0000] {dagbag.py:540} INFO - Filling up the DagBag from /usr/local/python/3.12.1/lib/python3.12/site-packages/airflow/example_dags/example_branch_python_dop_operator_3.py
[2026-04-26T07:01:55.816+0000] {processor.py:840} INFO - DAG(s) 'example_branch_dop_operator_v3' retrieved from /usr/local/python/3.12.1/lib/python3.12/site-packages/airflow/example_dags/example_branch_python_dop_operator_3.py
[2026-04-26T07:01:55.827+0000] {logging_mixin.py:188} INFO - [2026-04-26T07:01:55.827+0000] {dag.py:3096} INFO - Sync 1 DAGs
[2026-04-26T07:01:55.843+0000] {logging_mixin.py:188} INFO - [2026-04-26T07:01:55.843+0000] {dag.py:3954} INFO - Setting next_dagrun for example_branch_dop_operator_v3 to 2026-04-26 07:00:00+00:00, run_after=2026-04-26 07:01:00+00:00
[2026-04-26T07:01:55.859+0000] {processor.py:183} INFO - Processing /usr/local/python/3.12.1/lib/python3.12/site-packages/airflow/example_dags/example_branch_python_dop_operator_3.py took 0.056 seconds
[2026-04-26T07:03:04.704+0000] {processor.py:161} INFO - Started process (PID=14625) to work on /usr/local/python/3.12.1/lib/python3.12/site-packages/airflow/example_dags/example_branch_python_dop_operator_3.py
[2026-04-26T07:03:04.705+0000] {processor.py:830} INFO - Processing file /usr/local/python/3.12.1/lib/python3.12/site-packages/airflow/example_dags/example_branch_python_dop_operator_3.py for tasks to queue
[2026-04-26T07:03:04.705+0000] {logging_mixin.py:188} INFO - [2026-04-26T07:03:04.705+0000] {dagbag.py:540} INFO - Filling up the DagBag from /usr/local/python/3.12.1/lib/python3.12/site-packages/airflow/example_dags/example_branch_python_dop_operator_3.py
[2026-04-26T07:03:04.712+0000] {processor.py:840} INFO - DAG(s) 'example_branch_dop_operator_v3' retrieved from /usr/local/python/3.12.1/lib/python3.12/site-packages/airflow/example_dags/example_branch_python_dop_operator_3.py
[2026-04-26T07:03:04.723+0000] {logging_mixin.py:188} INFO - [2026-04-26T07:03:04.723+0000] {dag.py:3096} INFO - Sync 1 DAGs
[2026-04-26T07:03:04.740+0000] {logging_mixin.py:188} INFO - [2026-04-26T07:03:04.740+0000] {dag.py:3954} INFO - Setting next_dagrun for example_branch_dop_operator_v3 to 2026-04-26 07:02:00+00:00, run_after=2026-04-26 07:03:00+00:00
[2026-04-26T07:03:04.756+0000] {processor.py:183} INFO - Processing /usr/local/python/3.12.1/lib/python3.12/site-packages/airflow/example_dags/example_branch_python_dop_operator_3.py took 0.056 seconds
[2026-04-26T07:04:03.542+0000] {processor.py:161} INFO - Started process (PID=15069) to work on /usr/local/python/3.12.1/lib/python3.12/site-packages/airflow/example_dags/example_branch_python_dop_operator_3.py
[2026-04-26T07:04:03.543+0000] {processor.py:830} INFO - Processing file /usr/local/python/3.12.1/lib/python3.12/site-packages/airflow/example_dags/example_branch_python_dop_operator_3.py for tasks to queue
[2026-04-26T07:04:03.544+0000] {logging_mixin.py:188} INFO - [2026-04-26T07:04:03.543+0000] {dagbag.py:540} INFO - Filling up the DagBag from /usr/local/python/3.12.1/lib/python3.12/site-packages/airflow/example_dags/example_branch_python_dop_operator_3.py
[2026-04-26T07:04:03.551+0000] {processor.py:840} INFO - DAG(s) 'example_branch_dop_operator_v3' retrieved from /usr/local/python/3.12.1/lib/python3.12/site-packages/airflow/example_dags/example_branch_python_dop_operator_3.py
[2026-04-26T07:04:03.564+0000] {logging_mixin.py:188} INFO - [2026-04-26T07:04:03.564+0000] {dag.py:3096} INFO - Sync 1 DAGs
[2026-04-26T07:04:03.592+0000] {logging_mixin.py:188} INFO - [2026-04-26T07:04:03.591+0000] {dag.py:3954} INFO - Setting next_dagrun for example_branch_dop_operator_v3 to 2026-04-26 07:03:00+00:00, run_after=2026-04-26 07:04:00+00:00
[2026-04-26T07:04:03.617+0000] {processor.py:183} INFO - Processing /usr/local/python/3.12.1/lib/python3.12/site-packages/airflow/example_dags/example_branch_python_dop_operator_3.py took 0.080 seconds
[2026-04-26T07:05:03.728+0000] {processor.py:161} INFO - Started process (PID=15754) to work on /usr/local/python/3.12.1/lib/python3.12/site-packages/airflow/example_dags/example_branch_python_dop_operator_3.py
[2026-04-26T07:05:03.729+0000] {processor.py:830} INFO - Processing file /usr/local/python/3.12.1/lib/python3.12/site-packages/airflow/example_dags/example_branch_python_dop_operator_3.py for tasks to queue
[2026-04-26T07:05:03.730+0000] {logging_mixin.py:188} INFO - [2026-04-26T07:05:03.730+0000] {dagbag.py:540} INFO - Filling up the DagBag from /usr/local/python/3.12.1/lib/python3.12/site-packages/airflow/example_dags/example_branch_python_dop_operator_3.py
[2026-04-26T07:05:03.736+0000] {processor.py:840} INFO - DAG(s) 'example_branch_dop_operator_v3' retrieved from /usr/local/python/3.12.1/lib/python3.12/site-packages/airflow/example_dags/example_branch_python_dop_operator_3.py
[2026-04-26T07:05:03.747+0000] {logging_mixin.py:188} INFO - [2026-04-26T07:05:03.747+0000] {dag.py:3096} INFO - Sync 1 DAGs
[2026-04-26T07:05:03.764+0000] {logging_mixin.py:188} INFO - [2026-04-26T07:05:03.764+0000] {dag.py:3954} INFO - Setting next_dagrun for example_branch_dop_operator_v3 to 2026-04-26 07:04:00+00:00, run_after=2026-04-26 07:05:00+00:00
[2026-04-26T07:05:03.779+0000] {processor.py:183} INFO - Processing /usr/local/python/3.12.1/lib/python3.12/site-packages/airflow/example_dags/example_branch_python_dop_operator_3.py took 0.055 seconds
[2026-04-26T07:05:58.700+0000] {processor.py:161} INFO - Started process (PID=16416) to work on /usr/local/python/3.12.1/lib/python3.12/site-packages/airflow/example_dags/example_branch_python_dop_operator_3.py
[2026-04-26T07:05:58.700+0000] {processor.py:830} INFO - Processing file /usr/local/python/3.12.1/lib/python3.12/site-packages/airflow/example_dags/example_branch_python_dop_operator_3.py for tasks to queue
[2026-04-26T07:05:58.701+0000] {logging_mixin.py:188} INFO - [2026-04-26T07:05:58.701+0000] {dagbag.py:540} INFO - Filling up the DagBag from /usr/local/python/3.12.1/lib/python3.12/site-packages/airflow/example_dags/example_branch_python_dop_operator_3.py
[2026-04-26T07:05:58.707+0000] {processor.py:840} INFO - DAG(s) 'example_branch_dop_operator_v3' retrieved from /usr/local/python/3.12.1/lib/python3.12/site-packages/airflow/example_dags/example_branch_python_dop_operator_3.py
[2026-04-26T07:05:58.719+0000] {logging_mixin.py:188} INFO - [2026-04-26T07:05:58.718+0000] {dag.py:3096} INFO - Sync 1 DAGs
[2026-04-26T07:05:58.735+0000] {logging_mixin.py:188} INFO - [2026-04-26T07:05:58.735+0000] {dag.py:3954} INFO - Setting next_dagrun for example_branch_dop_operator_v3 to 2026-04-26 07:04:00+00:00, run_after=2026-04-26 07:05:00+00:00
[2026-04-26T07:05:58.750+0000] {processor.py:183} INFO - Processing /usr/local/python/3.12.1/lib/python3.12/site-packages/airflow/example_dags/example_branch_python_dop_operator_3.py took 0.055 seconds
[2026-04-26T07:06:59.791+0000] {processor.py:161} INFO - Started process (PID=16893) to work on /usr/local/python/3.12.1/lib/python3.12/site-packages/airflow/example_dags/example_branch_python_dop_operator_3.py
[2026-04-26T07:06:59.792+0000] {processor.py:830} INFO - Processing file /usr/local/python/3.12.1/lib/python3.12/site-packages/airflow/example_dags/example_branch_python_dop_operator_3.py for tasks to queue
[2026-04-26T07:06:59.793+0000] {logging_mixin.py:188} INFO - [2026-04-26T07:06:59.793+0000] {dagbag.py:540} INFO - Filling up the DagBag from /usr/local/python/3.12.1/lib/python3.12/site-packages/airflow/example_dags/example_branch_python_dop_operator_3.py
[2026-04-26T07:06:59.799+0000] {processor.py:840} INFO - DAG(s) 'example_branch_dop_operator_v3' retrieved from /usr/local/python/3.12.1/lib/python3.12/site-packages/airflow/example_dags/example_branch_python_dop_operator_3.py
[2026-04-26T07:06:59.813+0000] {logging_mixin.py:188} INFO - [2026-04-26T07:06:59.813+0000] {dag.py:3096} INFO - Sync 1 DAGs
[2026-04-26T07:06:59.832+0000] {logging_mixin.py:188} INFO - [2026-04-26T07:06:59.832+0000] {dag.py:3954} INFO - Setting next_dagrun for example_branch_dop_operator_v3 to 2026-04-26 07:05:00+00:00, run_after=2026-04-26 07:06:00+00:00
[2026-04-26T07:06:59.849+0000] {processor.py:183} INFO - Processing /usr/local/python/3.12.1/lib/python3.12/site-packages/airflow/example_dags/example_branch_python_dop_operator_3.py took 0.061 seconds
[2026-04-26T07:08:03.018+0000] {processor.py:161} INFO - Started process (PID=17422) to work on /usr/local/python/3.12.1/lib/python3.12/site-packages/airflow/example_dags/example_branch_python_dop_operator_3.py
[2026-04-26T07:08:03.019+0000] {processor.py:830} INFO - Processing file /usr/local/python/3.12.1/lib/python3.12/site-packages/airflow/example_dags/example_branch_python_dop_operator_3.py for tasks to queue
[2026-04-26T07:08:03.020+0000] {logging_mixin.py:188} INFO - [2026-04-26T07:08:03.020+0000] {dagbag.py:540} INFO - Filling up the DagBag from /usr/local/python/3.12.1/lib/python3.12/site-packages/airflow/example_dags/example_branch_python_dop_operator_3.py
[2026-04-26T07:08:03.031+0000] {processor.py:840} INFO - DAG(s) 'example_branch_dop_operator_v3' retrieved from /usr/local/python/3.12.1/lib/python3.12/site-packages/airflow/example_dags/example_branch_python_dop_operator_3.py
[2026-04-26T07:08:03.049+0000] {logging_mixin.py:188} INFO - [2026-04-26T07:08:03.048+0000] {dag.py:3096} INFO - Sync 1 DAGs
[2026-04-26T07:08:03.072+0000] {logging_mixin.py:188} INFO - [2026-04-26T07:08:03.072+0000] {dag.py:3954} INFO - Setting next_dagrun for example_branch_dop_operator_v3 to 2026-04-26 07:07:00+00:00, run_after=2026-04-26 07:08:00+00:00
[2026-04-26T07:08:03.088+0000] {processor.py:183} INFO - Processing /usr/local/python/3.12.1/lib/python3.12/site-packages/airflow/example_dags/example_branch_python_dop_operator_3.py took 0.077 seconds
[2026-04-26T07:09:13.975+0000] {processor.py:161} INFO - Started process (PID=18125) to work on /usr/local/python/3.12.1/lib/python3.12/site-packages/airflow/example_dags/example_branch_python_dop_operator_3.py
[2026-04-26T07:09:13.975+0000] {processor.py:830} INFO - Processing file /usr/local/python/3.12.1/lib/python3.12/site-packages/airflow/example_dags/example_branch_python_dop_operator_3.py for tasks to queue
[2026-04-26T07:09:13.976+0000] {logging_mixin.py:188} INFO - [2026-04-26T07:09:13.976+0000] {dagbag.py:540} INFO - Filling up the DagBag from /usr/local/python/3.12.1/lib/python3.12/site-packages/airflow/example_dags/example_branch_python_dop_operator_3.py
[2026-04-26T07:09:13.983+0000] {processor.py:840} INFO - DAG(s) 'example_branch_dop_operator_v3' retrieved from /usr/local/python/3.12.1/lib/python3.12/site-packages/airflow/example_dags/example_branch_python_dop_operator_3.py
[2026-04-26T07:09:13.995+0000] {logging_mixin.py:188} INFO - [2026-04-26T07:09:13.994+0000] {dag.py:3096} INFO - Sync 1 DAGs
[2026-04-26T07:09:14.012+0000] {logging_mixin.py:188} INFO - [2026-04-26T07:09:14.012+0000] {dag.py:3954} INFO - Setting next_dagrun for example_branch_dop_operator_v3 to 2026-04-26 07:08:00+00:00, run_after=2026-04-26 07:09:00+00:00
[2026-04-26T07:09:14.028+0000] {processor.py:183} INFO - Processing /usr/local/python/3.12.1/lib/python3.12/site-packages/airflow/example_dags/example_branch_python_dop_operator_3.py took 0.058 seconds
[2026-04-26T07:10:07.159+0000] {processor.py:161} INFO - Started process (PID=18830) to work on /usr/local/python/3.12.1/lib/python3.12/site-packages/airflow/example_dags/example_branch_python_dop_operator_3.py
[2026-04-26T07:10:07.160+0000] {processor.py:830} INFO - Processing file /usr/local/python/3.12.1/lib/python3.12/site-packages/airflow/example_dags/example_branch_python_dop_operator_3.py for tasks to queue
[2026-04-26T07:10:07.161+0000] {logging_mixin.py:188} INFO - [2026-04-26T07:10:07.161+0000] {dagbag.py:540} INFO - Filling up the DagBag from /usr/local/python/3.12.1/lib/python3.12/site-packages/airflow/example_dags/example_branch_python_dop_operator_3.py
[2026-04-26T07:10:07.168+0000] {processor.py:840} INFO - DAG(s) 'example_branch_dop_operator_v3' retrieved from /usr/local/python/3.12.1/lib/python3.12/site-packages/airflow/example_dags/example_branch_python_dop_operator_3.py
[2026-04-26T07:10:07.179+0000] {logging_mixin.py:188} INFO - [2026-04-26T07:10:07.179+0000] {dag.py:3096} INFO - Sync 1 DAGs
[2026-04-26T07:10:07.198+0000] {logging_mixin.py:188} INFO - [2026-04-26T07:10:07.198+0000] {dag.py:3954} INFO - Setting next_dagrun for example_branch_dop_operator_v3 to 2026-04-26 07:09:00+00:00, run_after=2026-04-26 07:10:00+00:00
[2026-04-26T07:10:07.359+0000] {processor.py:183} INFO - Processing /usr/local/python/3.12.1/lib/python3.12/site-packages/airflow/example_dags/example_branch_python_dop_operator_3.py took 0.204 seconds
[2026-04-26T07:10:11.013+0000] {processor.py:161} INFO - Started process (PID=18890) to work on /usr/local/python/3.12.1/lib/python3.12/site-packages/airflow/example_dags/example_branch_python_dop_operator_3.py
[2026-04-26T07:10:11.014+0000] {processor.py:830} INFO - Processing file /usr/local/python/3.12.1/lib/python3.12/site-packages/airflow/example_dags/example_branch_python_dop_operator_3.py for tasks to queue
[2026-04-26T07:10:11.014+0000] {logging_mixin.py:188} INFO - [2026-04-26T07:10:11.014+0000] {dagbag.py:540} INFO - Filling up the DagBag from /usr/local/python/3.12.1/lib/python3.12/site-packages/airflow/example_dags/example_branch_python_dop_operator_3.py
[2026-04-26T07:10:11.021+0000] {processor.py:840} INFO - DAG(s) 'example_branch_dop_operator_v3' retrieved from /usr/local/python/3.12.1/lib/python3.12/site-packages/airflow/example_dags/example_branch_python_dop_operator_3.py
[2026-04-26T07:10:11.032+0000] {logging_mixin.py:188} INFO - [2026-04-26T07:10:11.032+0000] {dag.py:3096} INFO - Sync 1 DAGs
[2026-04-26T07:10:11.050+0000] {logging_mixin.py:188} INFO - [2026-04-26T07:10:11.050+0000] {dag.py:3954} INFO - Setting next_dagrun for example_branch_dop_operator_v3 to 2026-04-26 07:09:00+00:00, run_after=2026-04-26 07:10:00+00:00
[2026-04-26T07:10:11.065+0000] {processor.py:183} INFO - Processing /usr/local/python/3.12.1/lib/python3.12/site-packages/airflow/example_dags/example_branch_python_dop_operator_3.py took 0.056 seconds
[2026-04-26T07:11:08.928+0000] {processor.py:161} INFO - Started process (PID=19482) to work on /usr/local/python/3.12.1/lib/python3.12/site-packages/airflow/example_dags/example_branch_python_dop_operator_3.py
[2026-04-26T07:11:08.928+0000] {processor.py:830} INFO - Processing file /usr/local/python/3.12.1/lib/python3.12/site-packages/airflow/example_dags/example_branch_python_dop_operator_3.py for tasks to queue
[2026-04-26T07:11:08.929+0000] {logging_mixin.py:188} INFO - [2026-04-26T07:11:08.929+0000] {dagbag.py:540} INFO - Filling up the DagBag from /usr/local/python/3.12.1/lib/python3.12/site-packages/airflow/example_dags/example_branch_python_dop_operator_3.py
[2026-04-26T07:11:08.936+0000] {processor.py:840} INFO - DAG(s) 'example_branch_dop_operator_v3' retrieved from /usr/local/python/3.12.1/lib/python3.12/site-packages/airflow/example_dags/example_branch_python_dop_operator_3.py
[2026-04-26T07:11:08.953+0000] {logging_mixin.py:188} INFO - [2026-04-26T07:11:08.953+0000] {dag.py:3096} INFO - Sync 1 DAGs
[2026-04-26T07:11:08.980+0000] {logging_mixin.py:188} INFO - [2026-04-26T07:11:08.980+0000] {dag.py:3954} INFO - Setting next_dagrun for example_branch_dop_operator_v3 to 2026-04-26 07:10:00+00:00, run_after=2026-04-26 07:11:00+00:00
[2026-04-26T07:11:08.997+0000] {processor.py:183} INFO - Processing /usr/local/python/3.12.1/lib/python3.12/site-packages/airflow/example_dags/example_branch_python_dop_operator_3.py took 0.073 seconds
[2026-04-26T07:11:11.560+0000] {processor.py:161} INFO - Started process (PID=19503) to work on /usr/local/python/3.12.1/lib/python3.12/site-packages/airflow/example_dags/example_branch_python_dop_operator_3.py
[2026-04-26T07:11:11.561+0000] {processor.py:830} INFO - Processing file /usr/local/python/3.12.1/lib/python3.12/site-packages/airflow/example_dags/example_branch_python_dop_operator_3.py for tasks to queue
[2026-04-26T07:11:11.561+0000] {logging_mixin.py:188} INFO - [2026-04-26T07:11:11.561+0000] {dagbag.py:540} INFO - Filling up the DagBag from /usr/local/python/3.12.1/lib/python3.12/site-packages/airflow/example_dags/example_branch_python_dop_operator_3.py
[2026-04-26T07:11:11.571+0000] {processor.py:840} INFO - DAG(s) 'example_branch_dop_operator_v3' retrieved from /usr/local/python/3.12.1/lib/python3.12/site-packages/airflow/example_dags/example_branch_python_dop_operator_3.py
[2026-04-26T07:11:11.586+0000] {logging_mixin.py:188} INFO - [2026-04-26T07:11:11.585+0000] {dag.py:3096} INFO - Sync 1 DAGs
[2026-04-26T07:11:11.609+0000] {logging_mixin.py:188} INFO - [2026-04-26T07:11:11.608+0000] {dag.py:3954} INFO - Setting next_dagrun for example_branch_dop_operator_v3 to 2026-04-26 07:10:00+00:00, run_after=2026-04-26 07:11:00+00:00
[2026-04-26T07:11:11.629+0000] {processor.py:183} INFO - Processing /usr/local/python/3.12.1/lib/python3.12/site-packages/airflow/example_dags/example_branch_python_dop_operator_3.py took 0.075 seconds
[2026-04-26T07:12:03.581+0000] {processor.py:161} INFO - Started process (PID=20093) to work on /usr/local/python/3.12.1/lib/python3.12/site-packages/airflow/example_dags/example_branch_python_dop_operator_3.py
[2026-04-26T07:12:03.582+0000] {processor.py:830} INFO - Processing file /usr/local/python/3.12.1/lib/python3.12/site-packages/airflow/example_dags/example_branch_python_dop_operator_3.py for tasks to queue
[2026-04-26T07:12:03.582+0000] {logging_mixin.py:188} INFO - [2026-04-26T07:12:03.582+0000] {dagbag.py:540} INFO - Filling up the DagBag from /usr/local/python/3.12.1/lib/python3.12/site-packages/airflow/example_dags/example_branch_python_dop_operator_3.py
[2026-04-26T07:12:03.589+0000] {processor.py:840} INFO - DAG(s) 'example_branch_dop_operator_v3' retrieved from /usr/local/python/3.12.1/lib/python3.12/site-packages/airflow/example_dags/example_branch_python_dop_operator_3.py
[2026-04-26T07:12:03.600+0000] {logging_mixin.py:188} INFO - [2026-04-26T07:12:03.600+0000] {dag.py:3096} INFO - Sync 1 DAGs
[2026-04-26T07:12:03.617+0000] {logging_mixin.py:188} INFO - [2026-04-26T07:12:03.617+0000] {dag.py:3954} INFO - Setting next_dagrun for example_branch_dop_operator_v3 to 2026-04-26 07:11:00+00:00, run_after=2026-04-26 07:12:00+00:00
[2026-04-26T07:12:03.634+0000] {processor.py:183} INFO - Processing /usr/local/python/3.12.1/lib/python3.12/site-packages/airflow/example_dags/example_branch_python_dop_operator_3.py took 0.057 seconds
[2026-04-26T07:12:18.166+0000] {processor.py:161} INFO - Started process (PID=20228) to work on /usr/local/python/3.12.1/lib/python3.12/site-packages/airflow/example_dags/example_branch_python_dop_operator_3.py
[2026-04-26T07:12:18.166+0000] {processor.py:830} INFO - Processing file /usr/local/python/3.12.1/lib/python3.12/site-packages/airflow/example_dags/example_branch_python_dop_operator_3.py for tasks to queue
[2026-04-26T07:12:18.167+0000] {logging_mixin.py:188} INFO - [2026-04-26T07:12:18.167+0000] {dagbag.py:540} INFO - Filling up the DagBag from /usr/local/python/3.12.1/lib/python3.12/site-packages/airflow/example_dags/example_branch_python_dop_operator_3.py
[2026-04-26T07:12:18.174+0000] {processor.py:840} INFO - DAG(s) 'example_branch_dop_operator_v3' retrieved from /usr/local/python/3.12.1/lib/python3.12/site-packages/airflow/example_dags/example_branch_python_dop_operator_3.py
[2026-04-26T07:12:18.185+0000] {logging_mixin.py:188} INFO - [2026-04-26T07:12:18.185+0000] {dag.py:3096} INFO - Sync 1 DAGs
[2026-04-26T07:12:18.202+0000] {logging_mixin.py:188} INFO - [2026-04-26T07:12:18.202+0000] {dag.py:3954} INFO - Setting next_dagrun for example_branch_dop_operator_v3 to 2026-04-26 07:11:00+00:00, run_after=2026-04-26 07:12:00+00:00
[2026-04-26T07:12:18.219+0000] {processor.py:183} INFO - Processing /usr/local/python/3.12.1/lib/python3.12/site-packages/airflow/example_dags/example_branch_python_dop_operator_3.py took 0.058 seconds
[2026-04-26T07:13:03.203+0000] {processor.py:161} INFO - Started process (PID=20689) to work on /usr/local/python/3.12.1/lib/python3.12/site-packages/airflow/example_dags/example_branch_python_dop_operator_3.py
[2026-04-26T07:13:03.203+0000] {processor.py:830} INFO - Processing file /usr/local/python/3.12.1/lib/python3.12/site-packages/airflow/example_dags/example_branch_python_dop_operator_3.py for tasks to queue
[2026-04-26T07:13:03.204+0000] {logging_mixin.py:188} INFO - [2026-04-26T07:13:03.204+0000] {dagbag.py:540} INFO - Filling up the DagBag from /usr/local/python/3.12.1/lib/python3.12/site-packages/airflow/example_dags/example_branch_python_dop_operator_3.py
[2026-04-26T07:13:03.211+0000] {processor.py:840} INFO - DAG(s) 'example_branch_dop_operator_v3' retrieved from /usr/local/python/3.12.1/lib/python3.12/site-packages/airflow/example_dags/example_branch_python_dop_operator_3.py
[2026-04-26T07:13:03.222+0000] {logging_mixin.py:188} INFO - [2026-04-26T07:13:03.222+0000] {dag.py:3096} INFO - Sync 1 DAGs
[2026-04-26T07:13:03.239+0000] {logging_mixin.py:188} INFO - [2026-04-26T07:13:03.239+0000] {dag.py:3954} INFO - Setting next_dagrun for example_branch_dop_operator_v3 to 2026-04-26 07:12:00+00:00, run_after=2026-04-26 07:13:00+00:00
[2026-04-26T07:13:03.254+0000] {processor.py:183} INFO - Processing /usr/local/python/3.12.1/lib/python3.12/site-packages/airflow/example_dags/example_branch_python_dop_operator_3.py took 0.056 seconds
[2026-04-26T07:13:27.565+0000] {processor.py:161} INFO - Started process (PID=21085) to work on /usr/local/python/3.12.1/lib/python3.12/site-packages/airflow/example_dags/example_branch_python_dop_operator_3.py
[2026-04-26T07:13:27.566+0000] {processor.py:830} INFO - Processing file /usr/local/python/3.12.1/lib/python3.12/site-packages/airflow/example_dags/example_branch_python_dop_operator_3.py for tasks to queue
[2026-04-26T07:13:27.567+0000] {logging_mixin.py:188} INFO - [2026-04-26T07:13:27.566+0000] {dagbag.py:540} INFO - Filling up the DagBag from /usr/local/python/3.12.1/lib/python3.12/site-packages/airflow/example_dags/example_branch_python_dop_operator_3.py
[2026-04-26T07:13:27.574+0000] {processor.py:840} INFO - DAG(s) 'example_branch_dop_operator_v3' retrieved from /usr/local/python/3.12.1/lib/python3.12/site-packages/airflow/example_dags/example_branch_python_dop_operator_3.py
[2026-04-26T07:13:27.586+0000] {logging_mixin.py:188} INFO - [2026-04-26T07:13:27.586+0000] {dag.py:3096} INFO - Sync 1 DAGs
[2026-04-26T07:13:27.603+0000] {logging_mixin.py:188} INFO - [2026-04-26T07:13:27.603+0000] {dag.py:3954} INFO - Setting next_dagrun for example_branch_dop_operator_v3 to 2026-04-26 07:12:00+00:00, run_after=2026-04-26 07:13:00+00:00
[2026-04-26T07:13:27.621+0000] {processor.py:183} INFO - Processing /usr/local/python/3.12.1/lib/python3.12/site-packages/airflow/example_dags/example_branch_python_dop_operator_3.py took 0.060 seconds
[2026-04-26T07:14:08.125+0000] {processor.py:161} INFO - Started process (PID=21892) to work on /usr/local/python/3.12.1/lib/python3.12/site-packages/airflow/example_dags/example_branch_python_dop_operator_3.py
[2026-04-26T07:14:08.126+0000] {processor.py:830} INFO - Processing file /usr/local/python/3.12.1/lib/python3.12/site-packages/airflow/example_dags/example_branch_python_dop_operator_3.py for tasks to queue
[2026-04-26T07:14:08.127+0000] {logging_mixin.py:188} INFO - [2026-04-26T07:14:08.126+0000] {dagbag.py:540} INFO - Filling up the DagBag from /usr/local/python/3.12.1/lib/python3.12/site-packages/airflow/example_dags/example_branch_python_dop_operator_3.py
[2026-04-26T07:14:08.133+0000] {processor.py:840} INFO - DAG(s) 'example_branch_dop_operator_v3' retrieved from /usr/local/python/3.12.1/lib/python3.12/site-packages/airflow/example_dags/example_branch_python_dop_operator_3.py
[2026-04-26T07:14:08.146+0000] {logging_mixin.py:188} INFO - [2026-04-26T07:14:08.146+0000] {dag.py:3096} INFO - Sync 1 DAGs
[2026-04-26T07:14:08.165+0000] {logging_mixin.py:188} INFO - [2026-04-26T07:14:08.165+0000] {dag.py:3954} INFO - Setting next_dagrun for example_branch_dop_operator_v3 to 2026-04-26 07:13:00+00:00, run_after=2026-04-26 07:14:00+00:00
[2026-04-26T07:14:08.187+0000] {processor.py:183} INFO - Processing /usr/local/python/3.12.1/lib/python3.12/site-packages/airflow/example_dags/example_branch_python_dop_operator_3.py took 0.066 seconds
[2026-04-26T07:14:22.747+0000] {processor.py:161} INFO - Started process (PID=22015) to work on /usr/local/python/3.12.1/lib/python3.12/site-packages/airflow/example_dags/example_branch_python_dop_operator_3.py
[2026-04-26T07:14:22.747+0000] {processor.py:830} INFO - Processing file /usr/local/python/3.12.1/lib/python3.12/site-packages/airflow/example_dags/example_branch_python_dop_operator_3.py for tasks to queue
[2026-04-26T07:14:22.748+0000] {logging_mixin.py:188} INFO - [2026-04-26T07:14:22.748+0000] {dagbag.py:540} INFO - Filling up the DagBag from /usr/local/python/3.12.1/lib/python3.12/site-packages/airflow/example_dags/example_branch_python_dop_operator_3.py
[2026-04-26T07:14:22.757+0000] {processor.py:840} INFO - DAG(s) 'example_branch_dop_operator_v3' retrieved from /usr/local/python/3.12.1/lib/python3.12/site-packages/airflow/example_dags/example_branch_python_dop_operator_3.py
[2026-04-26T07:14:22.772+0000] {logging_mixin.py:188} INFO - [2026-04-26T07:14:22.772+0000] {dag.py:3096} INFO - Sync 1 DAGs
[2026-04-26T07:14:22.793+0000] {logging_mixin.py:188} INFO - [2026-04-26T07:14:22.792+0000] {dag.py:3954} INFO - Setting next_dagrun for example_branch_dop_operator_v3 to 2026-04-26 07:13:00+00:00, run_after=2026-04-26 07:14:00+00:00
[2026-04-26T07:14:22.808+0000] {processor.py:183} INFO - Processing /usr/local/python/3.12.1/lib/python3.12/site-packages/airflow/example_dags/example_branch_python_dop_operator_3.py took 0.066 seconds
[2026-04-26T07:14:28.083+0000] {processor.py:161} INFO - Started process (PID=22079) to work on /usr/local/python/3.12.1/lib/python3.12/site-packages/airflow/example_dags/example_branch_python_dop_operator_3.py
[2026-04-26T07:14:28.084+0000] {processor.py:830} INFO - Processing file /usr/local/python/3.12.1/lib/python3.12/site-packages/airflow/example_dags/example_branch_python_dop_operator_3.py for tasks to queue
[2026-04-26T07:14:28.085+0000] {logging_mixin.py:188} INFO - [2026-04-26T07:14:28.085+0000] {dagbag.py:540} INFO - Filling up the DagBag from /usr/local/python/3.12.1/lib/python3.12/site-packages/airflow/example_dags/example_branch_python_dop_operator_3.py
[2026-04-26T07:14:28.095+0000] {processor.py:840} INFO - DAG(s) 'example_branch_dop_operator_v3' retrieved from /usr/local/python/3.12.1/lib/python3.12/site-packages/airflow/example_dags/example_branch_python_dop_operator_3.py
[2026-04-26T07:14:28.110+0000] {logging_mixin.py:188} INFO - [2026-04-26T07:14:28.110+0000] {dag.py:3096} INFO - Sync 1 DAGs
[2026-04-26T07:14:28.148+0000] {logging_mixin.py:188} INFO - [2026-04-26T07:14:28.148+0000] {dag.py:3954} INFO - Setting next_dagrun for example_branch_dop_operator_v3 to 2026-04-26 07:13:00+00:00, run_after=2026-04-26 07:14:00+00:00
[2026-04-26T07:14:28.185+0000] {processor.py:183} INFO - Processing /usr/local/python/3.12.1/lib/python3.12/site-packages/airflow/example_dags/example_branch_python_dop_operator_3.py took 0.108 seconds
[2026-04-26T07:15:13.995+0000] {processor.py:161} INFO - Started process (PID=22766) to work on /usr/local/python/3.12.1/lib/python3.12/site-packages/airflow/example_dags/example_branch_python_dop_operator_3.py
[2026-04-26T07:15:13.995+0000] {processor.py:830} INFO - Processing file /usr/local/python/3.12.1/lib/python3.12/site-packages/airflow/example_dags/example_branch_python_dop_operator_3.py for tasks to queue
[2026-04-26T07:15:13.996+0000] {logging_mixin.py:188} INFO - [2026-04-26T07:15:13.996+0000] {dagbag.py:540} INFO - Filling up the DagBag from /usr/local/python/3.12.1/lib/python3.12/site-packages/airflow/example_dags/example_branch_python_dop_operator_3.py
[2026-04-26T07:15:14.003+0000] {processor.py:840} INFO - DAG(s) 'example_branch_dop_operator_v3' retrieved from /usr/local/python/3.12.1/lib/python3.12/site-packages/airflow/example_dags/example_branch_python_dop_operator_3.py
[2026-04-26T07:15:14.014+0000] {logging_mixin.py:188} INFO - [2026-04-26T07:15:14.014+0000] {dag.py:3096} INFO - Sync 1 DAGs
[2026-04-26T07:15:14.031+0000] {logging_mixin.py:188} INFO - [2026-04-26T07:15:14.030+0000] {dag.py:3954} INFO - Setting next_dagrun for example_branch_dop_operator_v3 to 2026-04-26 07:14:00+00:00, run_after=2026-04-26 07:15:00+00:00
[2026-04-26T07:15:14.047+0000] {processor.py:183} INFO - Processing /usr/local/python/3.12.1/lib/python3.12/site-packages/airflow/example_dags/example_branch_python_dop_operator_3.py took 0.056 seconds
[2026-04-26T07:15:32.373+0000] {processor.py:161} INFO - Started process (PID=23090) to work on /usr/local/python/3.12.1/lib/python3.12/site-packages/airflow/example_dags/example_branch_python_dop_operator_3.py
[2026-04-26T07:15:32.374+0000] {processor.py:830} INFO - Processing file /usr/local/python/3.12.1/lib/python3.12/site-packages/airflow/example_dags/example_branch_python_dop_operator_3.py for tasks to queue
[2026-04-26T07:15:32.375+0000] {logging_mixin.py:188} INFO - [2026-04-26T07:15:32.375+0000] {dagbag.py:540} INFO - Filling up the DagBag from /usr/local/python/3.12.1/lib/python3.12/site-packages/airflow/example_dags/example_branch_python_dop_operator_3.py
[2026-04-26T07:15:32.385+0000] {processor.py:840} INFO - DAG(s) 'example_branch_dop_operator_v3' retrieved from /usr/local/python/3.12.1/lib/python3.12/site-packages/airflow/example_dags/example_branch_python_dop_operator_3.py
[2026-04-26T07:15:32.411+0000] {logging_mixin.py:188} INFO - [2026-04-26T07:15:32.411+0000] {dag.py:3096} INFO - Sync 1 DAGs
[2026-04-26T07:15:32.437+0000] {logging_mixin.py:188} INFO - [2026-04-26T07:15:32.437+0000] {dag.py:3954} INFO - Setting next_dagrun for example_branch_dop_operator_v3 to 2026-04-26 07:14:00+00:00, run_after=2026-04-26 07:15:00+00:00
[2026-04-26T07:15:32.461+0000] {processor.py:183} INFO - Processing /usr/local/python/3.12.1/lib/python3.12/site-packages/airflow/example_dags/example_branch_python_dop_operator_3.py took 0.094 seconds
[2026-04-26T07:15:39.992+0000] {processor.py:161} INFO - Started process (PID=23161) to work on /usr/local/python/3.12.1/lib/python3.12/site-packages/airflow/example_dags/example_branch_python_dop_operator_3.py
[2026-04-26T07:15:39.992+0000] {processor.py:830} INFO - Processing file /usr/local/python/3.12.1/lib/python3.12/site-packages/airflow/example_dags/example_branch_python_dop_operator_3.py for tasks to queue
[2026-04-26T07:15:39.993+0000] {logging_mixin.py:188} INFO - [2026-04-26T07:15:39.993+0000] {dagbag.py:540} INFO - Filling up the DagBag from /usr/local/python/3.12.1/lib/python3.12/site-packages/airflow/example_dags/example_branch_python_dop_operator_3.py
[2026-04-26T07:15:40.002+0000] {processor.py:840} INFO - DAG(s) 'example_branch_dop_operator_v3' retrieved from /usr/local/python/3.12.1/lib/python3.12/site-packages/airflow/example_dags/example_branch_python_dop_operator_3.py
[2026-04-26T07:15:40.033+0000] {logging_mixin.py:188} INFO - [2026-04-26T07:15:40.033+0000] {dag.py:3096} INFO - Sync 1 DAGs
[2026-04-26T07:15:40.060+0000] {logging_mixin.py:188} INFO - [2026-04-26T07:15:40.059+0000] {dag.py:3954} INFO - Setting next_dagrun for example_branch_dop_operator_v3 to 2026-04-26 07:14:00+00:00, run_after=2026-04-26 07:15:00+00:00
[2026-04-26T07:15:40.095+0000] {processor.py:183} INFO - Processing /usr/local/python/3.12.1/lib/python3.12/site-packages/airflow/example_dags/example_branch_python_dop_operator_3.py took 0.107 seconds
[2026-04-26T07:16:22.994+0000] {processor.py:161} INFO - Started process (PID=23802) to work on /usr/local/python/3.12.1/lib/python3.12/site-packages/airflow/example_dags/example_branch_python_dop_operator_3.py
[2026-04-26T07:16:22.994+0000] {processor.py:830} INFO - Processing file /usr/local/python/3.12.1/lib/python3.12/site-packages/airflow/example_dags/example_branch_python_dop_operator_3.py for tasks to queue
[2026-04-26T07:16:22.995+0000] {logging_mixin.py:188} INFO - [2026-04-26T07:16:22.995+0000] {dagbag.py:540} INFO - Filling up the DagBag from /usr/local/python/3.12.1/lib/python3.12/site-packages/airflow/example_dags/example_branch_python_dop_operator_3.py
[2026-04-26T07:16:23.002+0000] {processor.py:840} INFO - DAG(s) 'example_branch_dop_operator_v3' retrieved from /usr/local/python/3.12.1/lib/python3.12/site-packages/airflow/example_dags/example_branch_python_dop_operator_3.py
[2026-04-26T07:16:23.014+0000] {logging_mixin.py:188} INFO - [2026-04-26T07:16:23.013+0000] {dag.py:3096} INFO - Sync 1 DAGs
[2026-04-26T07:16:23.031+0000] {logging_mixin.py:188} INFO - [2026-04-26T07:16:23.031+0000] {dag.py:3954} INFO - Setting next_dagrun for example_branch_dop_operator_v3 to 2026-04-26 07:15:00+00:00, run_after=2026-04-26 07:16:00+00:00
[2026-04-26T07:16:23.047+0000] {processor.py:183} INFO - Processing /usr/local/python/3.12.1/lib/python3.12/site-packages/airflow/example_dags/example_branch_python_dop_operator_3.py took 0.058 seconds
[2026-04-26T07:16:23.870+0000] {processor.py:161} INFO - Started process (PID=23805) to work on /usr/local/python/3.12.1/lib/python3.12/site-packages/airflow/example_dags/example_branch_python_dop_operator_3.py
[2026-04-26T07:16:23.870+0000] {processor.py:830} INFO - Processing file /usr/local/python/3.12.1/lib/python3.12/site-packages/airflow/example_dags/example_branch_python_dop_operator_3.py for tasks to queue
[2026-04-26T07:16:23.871+0000] {logging_mixin.py:188} INFO - [2026-04-26T07:16:23.871+0000] {dagbag.py:540} INFO - Filling up the DagBag from /usr/local/python/3.12.1/lib/python3.12/site-packages/airflow/example_dags/example_branch_python_dop_operator_3.py
[2026-04-26T07:16:23.878+0000] {processor.py:840} INFO - DAG(s) 'example_branch_dop_operator_v3' retrieved from /usr/local/python/3.12.1/lib/python3.12/site-packages/airflow/example_dags/example_branch_python_dop_operator_3.py
[2026-04-26T07:16:23.890+0000] {logging_mixin.py:188} INFO - [2026-04-26T07:16:23.890+0000] {dag.py:3096} INFO - Sync 1 DAGs
[2026-04-26T07:16:23.907+0000] {logging_mixin.py:188} INFO - [2026-04-26T07:16:23.907+0000] {dag.py:3954} INFO - Setting next_dagrun for example_branch_dop_operator_v3 to 2026-04-26 07:15:00+00:00, run_after=2026-04-26 07:16:00+00:00
[2026-04-26T07:16:23.924+0000] {processor.py:183} INFO - Processing /usr/local/python/3.12.1/lib/python3.12/site-packages/airflow/example_dags/example_branch_python_dop_operator_3.py took 0.058 seconds
[2026-04-26T07:16:47.542+0000] {processor.py:161} INFO - Started process (PID=24032) to work on /usr/local/python/3.12.1/lib/python3.12/site-packages/airflow/example_dags/example_branch_python_dop_operator_3.py
[2026-04-26T07:16:47.543+0000] {processor.py:830} INFO - Processing file /usr/local/python/3.12.1/lib/python3.12/site-packages/airflow/example_dags/example_branch_python_dop_operator_3.py for tasks to queue
[2026-04-26T07:16:47.544+0000] {logging_mixin.py:188} INFO - [2026-04-26T07:16:47.544+0000] {dagbag.py:540} INFO - Filling up the DagBag from /usr/local/python/3.12.1/lib/python3.12/site-packages/airflow/example_dags/example_branch_python_dop_operator_3.py
[2026-04-26T07:16:47.551+0000] {processor.py:840} INFO - DAG(s) 'example_branch_dop_operator_v3' retrieved from /usr/local/python/3.12.1/lib/python3.12/site-packages/airflow/example_dags/example_branch_python_dop_operator_3.py
[2026-04-26T07:16:47.562+0000] {logging_mixin.py:188} INFO - [2026-04-26T07:16:47.562+0000] {dag.py:3096} INFO - Sync 1 DAGs
[2026-04-26T07:16:47.579+0000] {logging_mixin.py:188} INFO - [2026-04-26T07:16:47.579+0000] {dag.py:3954} INFO - Setting next_dagrun for example_branch_dop_operator_v3 to 2026-04-26 07:15:00+00:00, run_after=2026-04-26 07:16:00+00:00
[2026-04-26T07:16:47.598+0000] {processor.py:183} INFO - Processing /usr/local/python/3.12.1/lib/python3.12/site-packages/airflow/example_dags/example_branch_python_dop_operator_3.py took 0.060 seconds
[2026-04-26T07:17:25.762+0000] {processor.py:161} INFO - Started process (PID=24524) to work on /usr/local/python/3.12.1/lib/python3.12/site-packages/airflow/example_dags/example_branch_python_dop_operator_3.py
[2026-04-26T07:17:25.763+0000] {processor.py:830} INFO - Processing file /usr/local/python/3.12.1/lib/python3.12/site-packages/airflow/example_dags/example_branch_python_dop_operator_3.py for tasks to queue
[2026-04-26T07:17:25.764+0000] {logging_mixin.py:188} INFO - [2026-04-26T07:17:25.763+0000] {dagbag.py:540} INFO - Filling up the DagBag from /usr/local/python/3.12.1/lib/python3.12/site-packages/airflow/example_dags/example_branch_python_dop_operator_3.py
[2026-04-26T07:17:25.770+0000] {processor.py:840} INFO - DAG(s) 'example_branch_dop_operator_v3' retrieved from /usr/local/python/3.12.1/lib/python3.12/site-packages/airflow/example_dags/example_branch_python_dop_operator_3.py
[2026-04-26T07:17:25.789+0000] {logging_mixin.py:188} INFO - [2026-04-26T07:17:25.789+0000] {dag.py:3096} INFO - Sync 1 DAGs
[2026-04-26T07:17:25.819+0000] {logging_mixin.py:188} INFO - [2026-04-26T07:17:25.818+0000] {dag.py:3954} INFO - Setting next_dagrun for example_branch_dop_operator_v3 to 2026-04-26 07:16:00+00:00, run_after=2026-04-26 07:17:00+00:00
[2026-04-26T07:17:25.840+0000] {processor.py:183} INFO - Processing /usr/local/python/3.12.1/lib/python3.12/site-packages/airflow/example_dags/example_branch_python_dop_operator_3.py took 0.082 seconds
[2026-04-26T07:17:27.552+0000] {processor.py:161} INFO - Started process (PID=24531) to work on /usr/local/python/3.12.1/lib/python3.12/site-packages/airflow/example_dags/example_branch_python_dop_operator_3.py
[2026-04-26T07:17:27.553+0000] {processor.py:830} INFO - Processing file /usr/local/python/3.12.1/lib/python3.12/site-packages/airflow/example_dags/example_branch_python_dop_operator_3.py for tasks to queue
[2026-04-26T07:17:27.554+0000] {logging_mixin.py:188} INFO - [2026-04-26T07:17:27.553+0000] {dagbag.py:540} INFO - Filling up the DagBag from /usr/local/python/3.12.1/lib/python3.12/site-packages/airflow/example_dags/example_branch_python_dop_operator_3.py
[2026-04-26T07:17:27.560+0000] {processor.py:840} INFO - DAG(s) 'example_branch_dop_operator_v3' retrieved from /usr/local/python/3.12.1/lib/python3.12/site-packages/airflow/example_dags/example_branch_python_dop_operator_3.py
[2026-04-26T07:17:27.572+0000] {logging_mixin.py:188} INFO - [2026-04-26T07:17:27.572+0000] {dag.py:3096} INFO - Sync 1 DAGs
[2026-04-26T07:17:27.589+0000] {logging_mixin.py:188} INFO - [2026-04-26T07:17:27.589+0000] {dag.py:3954} INFO - Setting next_dagrun for example_branch_dop_operator_v3 to 2026-04-26 07:16:00+00:00, run_after=2026-04-26 07:17:00+00:00
[2026-04-26T07:17:27.606+0000] {processor.py:183} INFO - Processing /usr/local/python/3.12.1/lib/python3.12/site-packages/airflow/example_dags/example_branch_python_dop_operator_3.py took 0.058 seconds
[2026-04-26T07:17:46.825+0000] {processor.py:161} INFO - Started process (PID=24711) to work on /usr/local/python/3.12.1/lib/python3.12/site-packages/airflow/example_dags/example_branch_python_dop_operator_3.py
[2026-04-26T07:17:46.826+0000] {processor.py:830} INFO - Processing file /usr/local/python/3.12.1/lib/python3.12/site-packages/airflow/example_dags/example_branch_python_dop_operator_3.py for tasks to queue
[2026-04-26T07:17:46.827+0000] {logging_mixin.py:188} INFO - [2026-04-26T07:17:46.826+0000] {dagbag.py:540} INFO - Filling up the DagBag from /usr/local/python/3.12.1/lib/python3.12/site-packages/airflow/example_dags/example_branch_python_dop_operator_3.py
[2026-04-26T07:17:46.834+0000] {processor.py:840} INFO - DAG(s) 'example_branch_dop_operator_v3' retrieved from /usr/local/python/3.12.1/lib/python3.12/site-packages/airflow/example_dags/example_branch_python_dop_operator_3.py
[2026-04-26T07:17:46.848+0000] {logging_mixin.py:188} INFO - [2026-04-26T07:17:46.848+0000] {dag.py:3096} INFO - Sync 1 DAGs
[2026-04-26T07:17:46.866+0000] {logging_mixin.py:188} INFO - [2026-04-26T07:17:46.866+0000] {dag.py:3954} INFO - Setting next_dagrun for example_branch_dop_operator_v3 to 2026-04-26 07:16:00+00:00, run_after=2026-04-26 07:17:00+00:00
[2026-04-26T07:17:46.883+0000] {processor.py:183} INFO - Processing /usr/local/python/3.12.1/lib/python3.12/site-packages/airflow/example_dags/example_branch_python_dop_operator_3.py took 0.063 seconds
[2026-04-26T07:18:30.299+0000] {processor.py:161} INFO - Started process (PID=25130) to work on /usr/local/python/3.12.1/lib/python3.12/site-packages/airflow/example_dags/example_branch_python_dop_operator_3.py
[2026-04-26T07:18:30.301+0000] {processor.py:830} INFO - Processing file /usr/local/python/3.12.1/lib/python3.12/site-packages/airflow/example_dags/example_branch_python_dop_operator_3.py for tasks to queue
[2026-04-26T07:18:30.303+0000] {logging_mixin.py:188} INFO - [2026-04-26T07:18:30.302+0000] {dagbag.py:540} INFO - Filling up the DagBag from /usr/local/python/3.12.1/lib/python3.12/site-packages/airflow/example_dags/example_branch_python_dop_operator_3.py
[2026-04-26T07:18:30.316+0000] {processor.py:840} INFO - DAG(s) 'example_branch_dop_operator_v3' retrieved from /usr/local/python/3.12.1/lib/python3.12/site-packages/airflow/example_dags/example_branch_python_dop_operator_3.py
[2026-04-26T07:18:30.339+0000] {logging_mixin.py:188} INFO - [2026-04-26T07:18:30.338+0000] {dag.py:3096} INFO - Sync 1 DAGs
[2026-04-26T07:18:30.368+0000] {logging_mixin.py:188} INFO - [2026-04-26T07:18:30.368+0000] {dag.py:3954} INFO - Setting next_dagrun for example_branch_dop_operator_v3 to 2026-04-26 07:17:00+00:00, run_after=2026-04-26 07:18:00+00:00
[2026-04-26T07:18:30.395+0000] {processor.py:183} INFO - Processing /usr/local/python/3.12.1/lib/python3.12/site-packages/airflow/example_dags/example_branch_python_dop_operator_3.py took 0.102 seconds
[2026-04-26T07:18:34.664+0000] {processor.py:161} INFO - Started process (PID=25184) to work on /usr/local/python/3.12.1/lib/python3.12/site-packages/airflow/example_dags/example_branch_python_dop_operator_3.py
[2026-04-26T07:18:34.664+0000] {processor.py:830} INFO - Processing file /usr/local/python/3.12.1/lib/python3.12/site-packages/airflow/example_dags/example_branch_python_dop_operator_3.py for tasks to queue
[2026-04-26T07:18:34.665+0000] {logging_mixin.py:188} INFO - [2026-04-26T07:18:34.665+0000] {dagbag.py:540} INFO - Filling up the DagBag from /usr/local/python/3.12.1/lib/python3.12/site-packages/airflow/example_dags/example_branch_python_dop_operator_3.py
[2026-04-26T07:18:34.676+0000] {processor.py:840} INFO - DAG(s) 'example_branch_dop_operator_v3' retrieved from /usr/local/python/3.12.1/lib/python3.12/site-packages/airflow/example_dags/example_branch_python_dop_operator_3.py
[2026-04-26T07:18:34.695+0000] {logging_mixin.py:188} INFO - [2026-04-26T07:18:34.694+0000] {dag.py:3096} INFO - Sync 1 DAGs
[2026-04-26T07:18:34.724+0000] {logging_mixin.py:188} INFO - [2026-04-26T07:18:34.723+0000] {dag.py:3954} INFO - Setting next_dagrun for example_branch_dop_operator_v3 to 2026-04-26 07:17:00+00:00, run_after=2026-04-26 07:18:00+00:00
[2026-04-26T07:18:34.755+0000] {processor.py:183} INFO - Processing /usr/local/python/3.12.1/lib/python3.12/site-packages/airflow/example_dags/example_branch_python_dop_operator_3.py took 0.098 seconds
[2026-04-26T07:19:03.092+0000] {processor.py:161} INFO - Started process (PID=25576) to work on /usr/local/python/3.12.1/lib/python3.12/site-packages/airflow/example_dags/example_branch_python_dop_operator_3.py
[2026-04-26T07:19:03.093+0000] {processor.py:830} INFO - Processing file /usr/local/python/3.12.1/lib/python3.12/site-packages/airflow/example_dags/example_branch_python_dop_operator_3.py for tasks to queue
[2026-04-26T07:19:03.094+0000] {logging_mixin.py:188} INFO - [2026-04-26T07:19:03.094+0000] {dagbag.py:540} INFO - Filling up the DagBag from /usr/local/python/3.12.1/lib/python3.12/site-packages/airflow/example_dags/example_branch_python_dop_operator_3.py
[2026-04-26T07:19:03.105+0000] {processor.py:840} INFO - DAG(s) 'example_branch_dop_operator_v3' retrieved from /usr/local/python/3.12.1/lib/python3.12/site-packages/airflow/example_dags/example_branch_python_dop_operator_3.py
[2026-04-26T07:19:03.127+0000] {logging_mixin.py:188} INFO - [2026-04-26T07:19:03.127+0000] {dag.py:3096} INFO - Sync 1 DAGs
[2026-04-26T07:19:03.158+0000] {logging_mixin.py:188} INFO - [2026-04-26T07:19:03.158+0000] {dag.py:3954} INFO - Setting next_dagrun for example_branch_dop_operator_v3 to 2026-04-26 07:18:00+00:00, run_after=2026-04-26 07:19:00+00:00
[2026-04-26T07:19:03.184+0000] {processor.py:183} INFO - Processing /usr/local/python/3.12.1/lib/python3.12/site-packages/airflow/example_dags/example_branch_python_dop_operator_3.py took 0.098 seconds
[2026-04-26T07:19:30.323+0000] {processor.py:161} INFO - Started process (PID=25958) to work on /usr/local/python/3.12.1/lib/python3.12/site-packages/airflow/example_dags/example_branch_python_dop_operator_3.py
[2026-04-26T07:19:30.325+0000] {processor.py:830} INFO - Processing file /usr/local/python/3.12.1/lib/python3.12/site-packages/airflow/example_dags/example_branch_python_dop_operator_3.py for tasks to queue
[2026-04-26T07:19:30.326+0000] {logging_mixin.py:188} INFO - [2026-04-26T07:19:30.326+0000] {dagbag.py:540} INFO - Filling up the DagBag from /usr/local/python/3.12.1/lib/python3.12/site-packages/airflow/example_dags/example_branch_python_dop_operator_3.py
[2026-04-26T07:19:30.339+0000] {processor.py:840} INFO - DAG(s) 'example_branch_dop_operator_v3' retrieved from /usr/local/python/3.12.1/lib/python3.12/site-packages/airflow/example_dags/example_branch_python_dop_operator_3.py
[2026-04-26T07:19:30.366+0000] {logging_mixin.py:188} INFO - [2026-04-26T07:19:30.365+0000] {dag.py:3096} INFO - Sync 1 DAGs
[2026-04-26T07:19:30.393+0000] {logging_mixin.py:188} INFO - [2026-04-26T07:19:30.393+0000] {dag.py:3954} INFO - Setting next_dagrun for example_branch_dop_operator_v3 to 2026-04-26 07:18:00+00:00, run_after=2026-04-26 07:19:00+00:00
[2026-04-26T07:19:30.413+0000] {processor.py:183} INFO - Processing /usr/local/python/3.12.1/lib/python3.12/site-packages/airflow/example_dags/example_branch_python_dop_operator_3.py took 0.103 seconds
[2026-04-26T07:19:32.170+0000] {processor.py:161} INFO - Started process (PID=25998) to work on /usr/local/python/3.12.1/lib/python3.12/site-packages/airflow/example_dags/example_branch_python_dop_operator_3.py
[2026-04-26T07:19:32.172+0000] {processor.py:830} INFO - Processing file /usr/local/python/3.12.1/lib/python3.12/site-packages/airflow/example_dags/example_branch_python_dop_operator_3.py for tasks to queue
[2026-04-26T07:19:32.173+0000] {logging_mixin.py:188} INFO - [2026-04-26T07:19:32.172+0000] {dagbag.py:540} INFO - Filling up the DagBag from /usr/local/python/3.12.1/lib/python3.12/site-packages/airflow/example_dags/example_branch_python_dop_operator_3.py
[2026-04-26T07:19:32.190+0000] {processor.py:840} INFO - DAG(s) 'example_branch_dop_operator_v3' retrieved from /usr/local/python/3.12.1/lib/python3.12/site-packages/airflow/example_dags/example_branch_python_dop_operator_3.py
[2026-04-26T07:19:32.234+0000] {logging_mixin.py:188} INFO - [2026-04-26T07:19:32.231+0000] {dag.py:3096} INFO - Sync 1 DAGs
[2026-04-26T07:19:32.262+0000] {logging_mixin.py:188} INFO - [2026-04-26T07:19:32.262+0000] {dag.py:3954} INFO - Setting next_dagrun for example_branch_dop_operator_v3 to 2026-04-26 07:18:00+00:00, run_after=2026-04-26 07:19:00+00:00
[2026-04-26T07:19:32.294+0000] {processor.py:183} INFO - Processing /usr/local/python/3.12.1/lib/python3.12/site-packages/airflow/example_dags/example_branch_python_dop_operator_3.py took 0.137 seconds
[2026-04-26T07:19:56.782+0000] {processor.py:161} INFO - Started process (PID=26350) to work on /usr/local/python/3.12.1/lib/python3.12/site-packages/airflow/example_dags/example_branch_python_dop_operator_3.py
[2026-04-26T07:19:56.788+0000] {processor.py:830} INFO - Processing file /usr/local/python/3.12.1/lib/python3.12/site-packages/airflow/example_dags/example_branch_python_dop_operator_3.py for tasks to queue
[2026-04-26T07:19:56.789+0000] {logging_mixin.py:188} INFO - [2026-04-26T07:19:56.789+0000] {dagbag.py:540} INFO - Filling up the DagBag from /usr/local/python/3.12.1/lib/python3.12/site-packages/airflow/example_dags/example_branch_python_dop_operator_3.py
[2026-04-26T07:19:56.818+0000] {processor.py:840} INFO - DAG(s) 'example_branch_dop_operator_v3' retrieved from /usr/local/python/3.12.1/lib/python3.12/site-packages/airflow/example_dags/example_branch_python_dop_operator_3.py
[2026-04-26T07:19:56.858+0000] {logging_mixin.py:188} INFO - [2026-04-26T07:19:56.856+0000] {dag.py:3096} INFO - Sync 1 DAGs
[2026-04-26T07:19:56.892+0000] {logging_mixin.py:188} INFO - [2026-04-26T07:19:56.892+0000] {dag.py:3954} INFO - Setting next_dagrun for example_branch_dop_operator_v3 to 2026-04-26 07:18:00+00:00, run_after=2026-04-26 07:19:00+00:00
[2026-04-26T07:19:56.943+0000] {processor.py:183} INFO - Processing /usr/local/python/3.12.1/lib/python3.12/site-packages/airflow/example_dags/example_branch_python_dop_operator_3.py took 0.184 seconds
[2026-04-26T07:20:34.036+0000] {processor.py:161} INFO - Started process (PID=26729) to work on /usr/local/python/3.12.1/lib/python3.12/site-packages/airflow/example_dags/example_branch_python_dop_operator_3.py
[2026-04-26T07:20:34.037+0000] {processor.py:830} INFO - Processing file /usr/local/python/3.12.1/lib/python3.12/site-packages/airflow/example_dags/example_branch_python_dop_operator_3.py for tasks to queue
[2026-04-26T07:20:34.038+0000] {logging_mixin.py:188} INFO - [2026-04-26T07:20:34.038+0000] {dagbag.py:540} INFO - Filling up the DagBag from /usr/local/python/3.12.1/lib/python3.12/site-packages/airflow/example_dags/example_branch_python_dop_operator_3.py
[2026-04-26T07:20:34.047+0000] {processor.py:840} INFO - DAG(s) 'example_branch_dop_operator_v3' retrieved from /usr/local/python/3.12.1/lib/python3.12/site-packages/airflow/example_dags/example_branch_python_dop_operator_3.py
[2026-04-26T07:20:34.059+0000] {logging_mixin.py:188} INFO - [2026-04-26T07:20:34.059+0000] {dag.py:3096} INFO - Sync 1 DAGs
[2026-04-26T07:20:34.082+0000] {logging_mixin.py:188} INFO - [2026-04-26T07:20:34.082+0000] {dag.py:3954} INFO - Setting next_dagrun for example_branch_dop_operator_v3 to 2026-04-26 07:19:00+00:00, run_after=2026-04-26 07:20:00+00:00
[2026-04-26T07:20:34.099+0000] {processor.py:183} INFO - Processing /usr/local/python/3.12.1/lib/python3.12/site-packages/airflow/example_dags/example_branch_python_dop_operator_3.py took 0.069 seconds
[2026-04-26T07:20:44.825+0000] {processor.py:161} INFO - Started process (PID=26818) to work on /usr/local/python/3.12.1/lib/python3.12/site-packages/airflow/example_dags/example_branch_python_dop_operator_3.py
[2026-04-26T07:20:44.826+0000] {processor.py:830} INFO - Processing file /usr/local/python/3.12.1/lib/python3.12/site-packages/airflow/example_dags/example_branch_python_dop_operator_3.py for tasks to queue
[2026-04-26T07:20:44.827+0000] {logging_mixin.py:188} INFO - [2026-04-26T07:20:44.826+0000] {dagbag.py:540} INFO - Filling up the DagBag from /usr/local/python/3.12.1/lib/python3.12/site-packages/airflow/example_dags/example_branch_python_dop_operator_3.py
[2026-04-26T07:20:44.833+0000] {processor.py:840} INFO - DAG(s) 'example_branch_dop_operator_v3' retrieved from /usr/local/python/3.12.1/lib/python3.12/site-packages/airflow/example_dags/example_branch_python_dop_operator_3.py
[2026-04-26T07:20:44.846+0000] {logging_mixin.py:188} INFO - [2026-04-26T07:20:44.845+0000] {dag.py:3096} INFO - Sync 1 DAGs
[2026-04-26T07:20:44.863+0000] {logging_mixin.py:188} INFO - [2026-04-26T07:20:44.863+0000] {dag.py:3954} INFO - Setting next_dagrun for example_branch_dop_operator_v3 to 2026-04-26 07:19:00+00:00, run_after=2026-04-26 07:20:00+00:00
[2026-04-26T07:20:44.883+0000] {processor.py:183} INFO - Processing /usr/local/python/3.12.1/lib/python3.12/site-packages/airflow/example_dags/example_branch_python_dop_operator_3.py took 0.062 seconds
[2026-04-26T07:21:04.268+0000] {processor.py:161} INFO - Started process (PID=26994) to work on /usr/local/python/3.12.1/lib/python3.12/site-packages/airflow/example_dags/example_branch_python_dop_operator_3.py
[2026-04-26T07:21:04.269+0000] {processor.py:830} INFO - Processing file /usr/local/python/3.12.1/lib/python3.12/site-packages/airflow/example_dags/example_branch_python_dop_operator_3.py for tasks to queue
[2026-04-26T07:21:04.269+0000] {logging_mixin.py:188} INFO - [2026-04-26T07:21:04.269+0000] {dagbag.py:540} INFO - Filling up the DagBag from /usr/local/python/3.12.1/lib/python3.12/site-packages/airflow/example_dags/example_branch_python_dop_operator_3.py
[2026-04-26T07:21:04.276+0000] {processor.py:840} INFO - DAG(s) 'example_branch_dop_operator_v3' retrieved from /usr/local/python/3.12.1/lib/python3.12/site-packages/airflow/example_dags/example_branch_python_dop_operator_3.py
[2026-04-26T07:21:04.287+0000] {logging_mixin.py:188} INFO - [2026-04-26T07:21:04.287+0000] {dag.py:3096} INFO - Sync 1 DAGs
[2026-04-26T07:21:04.305+0000] {logging_mixin.py:188} INFO - [2026-04-26T07:21:04.304+0000] {dag.py:3954} INFO - Setting next_dagrun for example_branch_dop_operator_v3 to 2026-04-26 07:20:00+00:00, run_after=2026-04-26 07:21:00+00:00
[2026-04-26T07:21:04.321+0000] {processor.py:183} INFO - Processing /usr/local/python/3.12.1/lib/python3.12/site-packages/airflow/example_dags/example_branch_python_dop_operator_3.py took 0.057 seconds
[2026-04-26T07:21:38.159+0000] {processor.py:161} INFO - Started process (PID=27305) to work on /usr/local/python/3.12.1/lib/python3.12/site-packages/airflow/example_dags/example_branch_python_dop_operator_3.py
[2026-04-26T07:21:38.160+0000] {processor.py:830} INFO - Processing file /usr/local/python/3.12.1/lib/python3.12/site-packages/airflow/example_dags/example_branch_python_dop_operator_3.py for tasks to queue
[2026-04-26T07:21:38.161+0000] {logging_mixin.py:188} INFO - [2026-04-26T07:21:38.160+0000] {dagbag.py:540} INFO - Filling up the DagBag from /usr/local/python/3.12.1/lib/python3.12/site-packages/airflow/example_dags/example_branch_python_dop_operator_3.py
[2026-04-26T07:21:38.169+0000] {processor.py:840} INFO - DAG(s) 'example_branch_dop_operator_v3' retrieved from /usr/local/python/3.12.1/lib/python3.12/site-packages/airflow/example_dags/example_branch_python_dop_operator_3.py
[2026-04-26T07:21:38.187+0000] {logging_mixin.py:188} INFO - [2026-04-26T07:21:38.187+0000] {dag.py:3096} INFO - Sync 1 DAGs
[2026-04-26T07:21:38.205+0000] {logging_mixin.py:188} INFO - [2026-04-26T07:21:38.205+0000] {dag.py:3954} INFO - Setting next_dagrun for example_branch_dop_operator_v3 to 2026-04-26 07:20:00+00:00, run_after=2026-04-26 07:21:00+00:00
[2026-04-26T07:21:38.221+0000] {processor.py:183} INFO - Processing /usr/local/python/3.12.1/lib/python3.12/site-packages/airflow/example_dags/example_branch_python_dop_operator_3.py took 0.066 seconds
[2026-04-26T07:21:45.985+0000] {processor.py:161} INFO - Started process (PID=27363) to work on /usr/local/python/3.12.1/lib/python3.12/site-packages/airflow/example_dags/example_branch_python_dop_operator_3.py
[2026-04-26T07:21:45.986+0000] {processor.py:830} INFO - Processing file /usr/local/python/3.12.1/lib/python3.12/site-packages/airflow/example_dags/example_branch_python_dop_operator_3.py for tasks to queue
[2026-04-26T07:21:45.987+0000] {logging_mixin.py:188} INFO - [2026-04-26T07:21:45.986+0000] {dagbag.py:540} INFO - Filling up the DagBag from /usr/local/python/3.12.1/lib/python3.12/site-packages/airflow/example_dags/example_branch_python_dop_operator_3.py
[2026-04-26T07:21:45.996+0000] {processor.py:840} INFO - DAG(s) 'example_branch_dop_operator_v3' retrieved from /usr/local/python/3.12.1/lib/python3.12/site-packages/airflow/example_dags/example_branch_python_dop_operator_3.py
[2026-04-26T07:21:46.013+0000] {logging_mixin.py:188} INFO - [2026-04-26T07:21:46.013+0000] {dag.py:3096} INFO - Sync 1 DAGs
[2026-04-26T07:21:46.041+0000] {logging_mixin.py:188} INFO - [2026-04-26T07:21:46.041+0000] {dag.py:3954} INFO - Setting next_dagrun for example_branch_dop_operator_v3 to 2026-04-26 07:20:00+00:00, run_after=2026-04-26 07:21:00+00:00
[2026-04-26T07:21:46.066+0000] {processor.py:183} INFO - Processing /usr/local/python/3.12.1/lib/python3.12/site-packages/airflow/example_dags/example_branch_python_dop_operator_3.py took 0.087 seconds
[2026-04-26T07:22:03.952+0000] {processor.py:161} INFO - Started process (PID=27530) to work on /usr/local/python/3.12.1/lib/python3.12/site-packages/airflow/example_dags/example_branch_python_dop_operator_3.py
[2026-04-26T07:22:03.952+0000] {processor.py:830} INFO - Processing file /usr/local/python/3.12.1/lib/python3.12/site-packages/airflow/example_dags/example_branch_python_dop_operator_3.py for tasks to queue
[2026-04-26T07:22:03.953+0000] {logging_mixin.py:188} INFO - [2026-04-26T07:22:03.953+0000] {dagbag.py:540} INFO - Filling up the DagBag from /usr/local/python/3.12.1/lib/python3.12/site-packages/airflow/example_dags/example_branch_python_dop_operator_3.py
[2026-04-26T07:22:03.961+0000] {processor.py:840} INFO - DAG(s) 'example_branch_dop_operator_v3' retrieved from /usr/local/python/3.12.1/lib/python3.12/site-packages/airflow/example_dags/example_branch_python_dop_operator_3.py
[2026-04-26T07:22:03.977+0000] {logging_mixin.py:188} INFO - [2026-04-26T07:22:03.976+0000] {dag.py:3096} INFO - Sync 1 DAGs
[2026-04-26T07:22:04.004+0000] {logging_mixin.py:188} INFO - [2026-04-26T07:22:04.003+0000] {dag.py:3954} INFO - Setting next_dagrun for example_branch_dop_operator_v3 to 2026-04-26 07:21:00+00:00, run_after=2026-04-26 07:22:00+00:00
[2026-04-26T07:22:04.027+0000] {processor.py:183} INFO - Processing /usr/local/python/3.12.1/lib/python3.12/site-packages/airflow/example_dags/example_branch_python_dop_operator_3.py took 0.079 seconds
[2026-04-26T07:22:36.224+0000] {processor.py:161} INFO - Started process (PID=27808) to work on /usr/local/python/3.12.1/lib/python3.12/site-packages/airflow/example_dags/example_branch_python_dop_operator_3.py
[2026-04-26T07:22:36.225+0000] {processor.py:830} INFO - Processing file /usr/local/python/3.12.1/lib/python3.12/site-packages/airflow/example_dags/example_branch_python_dop_operator_3.py for tasks to queue
[2026-04-26T07:22:36.225+0000] {logging_mixin.py:188} INFO - [2026-04-26T07:22:36.225+0000] {dagbag.py:540} INFO - Filling up the DagBag from /usr/local/python/3.12.1/lib/python3.12/site-packages/airflow/example_dags/example_branch_python_dop_operator_3.py
[2026-04-26T07:22:36.232+0000] {processor.py:840} INFO - DAG(s) 'example_branch_dop_operator_v3' retrieved from /usr/local/python/3.12.1/lib/python3.12/site-packages/airflow/example_dags/example_branch_python_dop_operator_3.py
[2026-04-26T07:22:36.244+0000] {logging_mixin.py:188} INFO - [2026-04-26T07:22:36.243+0000] {dag.py:3096} INFO - Sync 1 DAGs
[2026-04-26T07:22:36.261+0000] {logging_mixin.py:188} INFO - [2026-04-26T07:22:36.261+0000] {dag.py:3954} INFO - Setting next_dagrun for example_branch_dop_operator_v3 to 2026-04-26 07:21:00+00:00, run_after=2026-04-26 07:22:00+00:00
[2026-04-26T07:22:36.277+0000] {processor.py:183} INFO - Processing /usr/local/python/3.12.1/lib/python3.12/site-packages/airflow/example_dags/example_branch_python_dop_operator_3.py took 0.057 seconds
[2026-04-26T07:22:50.794+0000] {processor.py:161} INFO - Started process (PID=27947) to work on /usr/local/python/3.12.1/lib/python3.12/site-packages/airflow/example_dags/example_branch_python_dop_operator_3.py
[2026-04-26T07:22:50.795+0000] {processor.py:830} INFO - Processing file /usr/local/python/3.12.1/lib/python3.12/site-packages/airflow/example_dags/example_branch_python_dop_operator_3.py for tasks to queue
[2026-04-26T07:22:50.796+0000] {logging_mixin.py:188} INFO - [2026-04-26T07:22:50.795+0000] {dagbag.py:540} INFO - Filling up the DagBag from /usr/local/python/3.12.1/lib/python3.12/site-packages/airflow/example_dags/example_branch_python_dop_operator_3.py
[2026-04-26T07:22:50.805+0000] {processor.py:840} INFO - DAG(s) 'example_branch_dop_operator_v3' retrieved from /usr/local/python/3.12.1/lib/python3.12/site-packages/airflow/example_dags/example_branch_python_dop_operator_3.py
[2026-04-26T07:22:50.822+0000] {logging_mixin.py:188} INFO - [2026-04-26T07:22:50.822+0000] {dag.py:3096} INFO - Sync 1 DAGs
[2026-04-26T07:22:50.850+0000] {logging_mixin.py:188} INFO - [2026-04-26T07:22:50.850+0000] {dag.py:3954} INFO - Setting next_dagrun for example_branch_dop_operator_v3 to 2026-04-26 07:21:00+00:00, run_after=2026-04-26 07:22:00+00:00
[2026-04-26T07:22:50.877+0000] {processor.py:183} INFO - Processing /usr/local/python/3.12.1/lib/python3.12/site-packages/airflow/example_dags/example_branch_python_dop_operator_3.py took 0.089 seconds
[2026-04-26T07:23:08.345+0000] {processor.py:161} INFO - Started process (PID=28089) to work on /usr/local/python/3.12.1/lib/python3.12/site-packages/airflow/example_dags/example_branch_python_dop_operator_3.py
[2026-04-26T07:23:08.346+0000] {processor.py:830} INFO - Processing file /usr/local/python/3.12.1/lib/python3.12/site-packages/airflow/example_dags/example_branch_python_dop_operator_3.py for tasks to queue
[2026-04-26T07:23:08.347+0000] {logging_mixin.py:188} INFO - [2026-04-26T07:23:08.346+0000] {dagbag.py:540} INFO - Filling up the DagBag from /usr/local/python/3.12.1/lib/python3.12/site-packages/airflow/example_dags/example_branch_python_dop_operator_3.py
[2026-04-26T07:23:08.353+0000] {processor.py:840} INFO - DAG(s) 'example_branch_dop_operator_v3' retrieved from /usr/local/python/3.12.1/lib/python3.12/site-packages/airflow/example_dags/example_branch_python_dop_operator_3.py
[2026-04-26T07:23:08.369+0000] {logging_mixin.py:188} INFO - [2026-04-26T07:23:08.369+0000] {dag.py:3096} INFO - Sync 1 DAGs
[2026-04-26T07:23:08.389+0000] {logging_mixin.py:188} INFO - [2026-04-26T07:23:08.389+0000] {dag.py:3954} INFO - Setting next_dagrun for example_branch_dop_operator_v3 to 2026-04-26 07:22:00+00:00, run_after=2026-04-26 07:23:00+00:00
[2026-04-26T07:23:08.406+0000] {processor.py:183} INFO - Processing /usr/local/python/3.12.1/lib/python3.12/site-packages/airflow/example_dags/example_branch_python_dop_operator_3.py took 0.065 seconds
[2026-04-26T07:23:38.021+0000] {processor.py:161} INFO - Started process (PID=28358) to work on /usr/local/python/3.12.1/lib/python3.12/site-packages/airflow/example_dags/example_branch_python_dop_operator_3.py
[2026-04-26T07:23:38.022+0000] {processor.py:830} INFO - Processing file /usr/local/python/3.12.1/lib/python3.12/site-packages/airflow/example_dags/example_branch_python_dop_operator_3.py for tasks to queue
[2026-04-26T07:23:38.022+0000] {logging_mixin.py:188} INFO - [2026-04-26T07:23:38.022+0000] {dagbag.py:540} INFO - Filling up the DagBag from /usr/local/python/3.12.1/lib/python3.12/site-packages/airflow/example_dags/example_branch_python_dop_operator_3.py
[2026-04-26T07:23:38.029+0000] {processor.py:840} INFO - DAG(s) 'example_branch_dop_operator_v3' retrieved from /usr/local/python/3.12.1/lib/python3.12/site-packages/airflow/example_dags/example_branch_python_dop_operator_3.py
[2026-04-26T07:23:38.041+0000] {logging_mixin.py:188} INFO - [2026-04-26T07:23:38.040+0000] {dag.py:3096} INFO - Sync 1 DAGs
[2026-04-26T07:23:38.057+0000] {logging_mixin.py:188} INFO - [2026-04-26T07:23:38.057+0000] {dag.py:3954} INFO - Setting next_dagrun for example_branch_dop_operator_v3 to 2026-04-26 07:22:00+00:00, run_after=2026-04-26 07:23:00+00:00
[2026-04-26T07:23:38.073+0000] {processor.py:183} INFO - Processing /usr/local/python/3.12.1/lib/python3.12/site-packages/airflow/example_dags/example_branch_python_dop_operator_3.py took 0.056 seconds
[2026-04-26T07:23:52.703+0000] {processor.py:161} INFO - Started process (PID=28559) to work on /usr/local/python/3.12.1/lib/python3.12/site-packages/airflow/example_dags/example_branch_python_dop_operator_3.py
[2026-04-26T07:23:52.704+0000] {processor.py:830} INFO - Processing file /usr/local/python/3.12.1/lib/python3.12/site-packages/airflow/example_dags/example_branch_python_dop_operator_3.py for tasks to queue
[2026-04-26T07:23:52.705+0000] {logging_mixin.py:188} INFO - [2026-04-26T07:23:52.704+0000] {dagbag.py:540} INFO - Filling up the DagBag from /usr/local/python/3.12.1/lib/python3.12/site-packages/airflow/example_dags/example_branch_python_dop_operator_3.py
[2026-04-26T07:23:52.711+0000] {processor.py:840} INFO - DAG(s) 'example_branch_dop_operator_v3' retrieved from /usr/local/python/3.12.1/lib/python3.12/site-packages/airflow/example_dags/example_branch_python_dop_operator_3.py
[2026-04-26T07:23:52.723+0000] {logging_mixin.py:188} INFO - [2026-04-26T07:23:52.723+0000] {dag.py:3096} INFO - Sync 1 DAGs
[2026-04-26T07:23:52.740+0000] {logging_mixin.py:188} INFO - [2026-04-26T07:23:52.740+0000] {dag.py:3954} INFO - Setting next_dagrun for example_branch_dop_operator_v3 to 2026-04-26 07:22:00+00:00, run_after=2026-04-26 07:23:00+00:00
[2026-04-26T07:23:52.779+0000] {processor.py:183} INFO - Processing /usr/local/python/3.12.1/lib/python3.12/site-packages/airflow/example_dags/example_branch_python_dop_operator_3.py took 0.080 seconds
[2026-04-26T07:24:08.477+0000] {processor.py:161} INFO - Started process (PID=28690) to work on /usr/local/python/3.12.1/lib/python3.12/site-packages/airflow/example_dags/example_branch_python_dop_operator_3.py
[2026-04-26T07:24:08.477+0000] {processor.py:830} INFO - Processing file /usr/local/python/3.12.1/lib/python3.12/site-packages/airflow/example_dags/example_branch_python_dop_operator_3.py for tasks to queue
[2026-04-26T07:24:08.478+0000] {logging_mixin.py:188} INFO - [2026-04-26T07:24:08.478+0000] {dagbag.py:540} INFO - Filling up the DagBag from /usr/local/python/3.12.1/lib/python3.12/site-packages/airflow/example_dags/example_branch_python_dop_operator_3.py
[2026-04-26T07:24:08.489+0000] {processor.py:840} INFO - DAG(s) 'example_branch_dop_operator_v3' retrieved from /usr/local/python/3.12.1/lib/python3.12/site-packages/airflow/example_dags/example_branch_python_dop_operator_3.py
[2026-04-26T07:24:08.507+0000] {logging_mixin.py:188} INFO - [2026-04-26T07:24:08.507+0000] {dag.py:3096} INFO - Sync 1 DAGs
[2026-04-26T07:24:08.534+0000] {logging_mixin.py:188} INFO - [2026-04-26T07:24:08.533+0000] {dag.py:3954} INFO - Setting next_dagrun for example_branch_dop_operator_v3 to 2026-04-26 07:23:00+00:00, run_after=2026-04-26 07:24:00+00:00
[2026-04-26T07:24:08.554+0000] {processor.py:183} INFO - Processing /usr/local/python/3.12.1/lib/python3.12/site-packages/airflow/example_dags/example_branch_python_dop_operator_3.py took 0.083 seconds
[2026-04-26T07:24:37.136+0000] {processor.py:161} INFO - Started process (PID=29013) to work on /usr/local/python/3.12.1/lib/python3.12/site-packages/airflow/example_dags/example_branch_python_dop_operator_3.py
[2026-04-26T07:24:37.136+0000] {processor.py:830} INFO - Processing file /usr/local/python/3.12.1/lib/python3.12/site-packages/airflow/example_dags/example_branch_python_dop_operator_3.py for tasks to queue
[2026-04-26T07:24:37.137+0000] {logging_mixin.py:188} INFO - [2026-04-26T07:24:37.137+0000] {dagbag.py:540} INFO - Filling up the DagBag from /usr/local/python/3.12.1/lib/python3.12/site-packages/airflow/example_dags/example_branch_python_dop_operator_3.py
[2026-04-26T07:24:37.147+0000] {processor.py:840} INFO - DAG(s) 'example_branch_dop_operator_v3' retrieved from /usr/local/python/3.12.1/lib/python3.12/site-packages/airflow/example_dags/example_branch_python_dop_operator_3.py
[2026-04-26T07:24:37.164+0000] {logging_mixin.py:188} INFO - [2026-04-26T07:24:37.164+0000] {dag.py:3096} INFO - Sync 1 DAGs
[2026-04-26T07:24:37.190+0000] {logging_mixin.py:188} INFO - [2026-04-26T07:24:37.190+0000] {dag.py:3954} INFO - Setting next_dagrun for example_branch_dop_operator_v3 to 2026-04-26 07:23:00+00:00, run_after=2026-04-26 07:24:00+00:00
[2026-04-26T07:24:37.221+0000] {processor.py:183} INFO - Processing /usr/local/python/3.12.1/lib/python3.12/site-packages/airflow/example_dags/example_branch_python_dop_operator_3.py took 0.091 seconds
[2026-04-26T07:24:49.391+0000] {processor.py:161} INFO - Started process (PID=29121) to work on /usr/local/python/3.12.1/lib/python3.12/site-packages/airflow/example_dags/example_branch_python_dop_operator_3.py
[2026-04-26T07:24:49.392+0000] {processor.py:830} INFO - Processing file /usr/local/python/3.12.1/lib/python3.12/site-packages/airflow/example_dags/example_branch_python_dop_operator_3.py for tasks to queue
[2026-04-26T07:24:49.392+0000] {logging_mixin.py:188} INFO - [2026-04-26T07:24:49.392+0000] {dagbag.py:540} INFO - Filling up the DagBag from /usr/local/python/3.12.1/lib/python3.12/site-packages/airflow/example_dags/example_branch_python_dop_operator_3.py
[2026-04-26T07:24:49.399+0000] {processor.py:840} INFO - DAG(s) 'example_branch_dop_operator_v3' retrieved from /usr/local/python/3.12.1/lib/python3.12/site-packages/airflow/example_dags/example_branch_python_dop_operator_3.py
[2026-04-26T07:24:49.412+0000] {logging_mixin.py:188} INFO - [2026-04-26T07:24:49.412+0000] {dag.py:3096} INFO - Sync 1 DAGs
[2026-04-26T07:24:49.429+0000] {logging_mixin.py:188} INFO - [2026-04-26T07:24:49.429+0000] {dag.py:3954} INFO - Setting next_dagrun for example_branch_dop_operator_v3 to 2026-04-26 07:23:00+00:00, run_after=2026-04-26 07:24:00+00:00
[2026-04-26T07:24:49.445+0000] {processor.py:183} INFO - Processing /usr/local/python/3.12.1/lib/python3.12/site-packages/airflow/example_dags/example_branch_python_dop_operator_3.py took 0.058 seconds
[2026-04-26T07:25:07.345+0000] {processor.py:161} INFO - Started process (PID=29312) to work on /usr/local/python/3.12.1/lib/python3.12/site-packages/airflow/example_dags/example_branch_python_dop_operator_3.py
[2026-04-26T07:25:07.346+0000] {processor.py:830} INFO - Processing file /usr/local/python/3.12.1/lib/python3.12/site-packages/airflow/example_dags/example_branch_python_dop_operator_3.py for tasks to queue
[2026-04-26T07:25:07.346+0000] {logging_mixin.py:188} INFO - [2026-04-26T07:25:07.346+0000] {dagbag.py:540} INFO - Filling up the DagBag from /usr/local/python/3.12.1/lib/python3.12/site-packages/airflow/example_dags/example_branch_python_dop_operator_3.py
[2026-04-26T07:25:07.353+0000] {processor.py:840} INFO - DAG(s) 'example_branch_dop_operator_v3' retrieved from /usr/local/python/3.12.1/lib/python3.12/site-packages/airflow/example_dags/example_branch_python_dop_operator_3.py
[2026-04-26T07:25:07.365+0000] {logging_mixin.py:188} INFO - [2026-04-26T07:25:07.365+0000] {dag.py:3096} INFO - Sync 1 DAGs
[2026-04-26T07:25:07.382+0000] {logging_mixin.py:188} INFO - [2026-04-26T07:25:07.381+0000] {dag.py:3954} INFO - Setting next_dagrun for example_branch_dop_operator_v3 to 2026-04-26 07:24:00+00:00, run_after=2026-04-26 07:25:00+00:00
[2026-04-26T07:25:07.398+0000] {processor.py:183} INFO - Processing /usr/local/python/3.12.1/lib/python3.12/site-packages/airflow/example_dags/example_branch_python_dop_operator_3.py took 0.057 seconds
[2026-04-26T07:25:37.917+0000] {processor.py:161} INFO - Started process (PID=29620) to work on /usr/local/python/3.12.1/lib/python3.12/site-packages/airflow/example_dags/example_branch_python_dop_operator_3.py
[2026-04-26T07:25:37.917+0000] {processor.py:830} INFO - Processing file /usr/local/python/3.12.1/lib/python3.12/site-packages/airflow/example_dags/example_branch_python_dop_operator_3.py for tasks to queue
[2026-04-26T07:25:37.918+0000] {logging_mixin.py:188} INFO - [2026-04-26T07:25:37.918+0000] {dagbag.py:540} INFO - Filling up the DagBag from /usr/local/python/3.12.1/lib/python3.12/site-packages/airflow/example_dags/example_branch_python_dop_operator_3.py
[2026-04-26T07:25:37.924+0000] {processor.py:840} INFO - DAG(s) 'example_branch_dop_operator_v3' retrieved from /usr/local/python/3.12.1/lib/python3.12/site-packages/airflow/example_dags/example_branch_python_dop_operator_3.py
[2026-04-26T07:25:37.936+0000] {logging_mixin.py:188} INFO - [2026-04-26T07:25:37.936+0000] {dag.py:3096} INFO - Sync 1 DAGs
[2026-04-26T07:25:37.953+0000] {logging_mixin.py:188} INFO - [2026-04-26T07:25:37.953+0000] {dag.py:3954} INFO - Setting next_dagrun for example_branch_dop_operator_v3 to 2026-04-26 07:24:00+00:00, run_after=2026-04-26 07:25:00+00:00
[2026-04-26T07:25:37.969+0000] {processor.py:183} INFO - Processing /usr/local/python/3.12.1/lib/python3.12/site-packages/airflow/example_dags/example_branch_python_dop_operator_3.py took 0.056 seconds
[2026-04-26T07:25:52.177+0000] {processor.py:161} INFO - Started process (PID=29759) to work on /usr/local/python/3.12.1/lib/python3.12/site-packages/airflow/example_dags/example_branch_python_dop_operator_3.py
[2026-04-26T07:25:52.178+0000] {processor.py:830} INFO - Processing file /usr/local/python/3.12.1/lib/python3.12/site-packages/airflow/example_dags/example_branch_python_dop_operator_3.py for tasks to queue
[2026-04-26T07:25:52.178+0000] {logging_mixin.py:188} INFO - [2026-04-26T07:25:52.178+0000] {dagbag.py:540} INFO - Filling up the DagBag from /usr/local/python/3.12.1/lib/python3.12/site-packages/airflow/example_dags/example_branch_python_dop_operator_3.py
[2026-04-26T07:25:52.185+0000] {processor.py:840} INFO - DAG(s) 'example_branch_dop_operator_v3' retrieved from /usr/local/python/3.12.1/lib/python3.12/site-packages/airflow/example_dags/example_branch_python_dop_operator_3.py
[2026-04-26T07:25:52.198+0000] {logging_mixin.py:188} INFO - [2026-04-26T07:25:52.198+0000] {dag.py:3096} INFO - Sync 1 DAGs
[2026-04-26T07:25:52.223+0000] {logging_mixin.py:188} INFO - [2026-04-26T07:25:52.223+0000] {dag.py:3954} INFO - Setting next_dagrun for example_branch_dop_operator_v3 to 2026-04-26 07:24:00+00:00, run_after=2026-04-26 07:25:00+00:00
[2026-04-26T07:25:52.257+0000] {processor.py:183} INFO - Processing /usr/local/python/3.12.1/lib/python3.12/site-packages/airflow/example_dags/example_branch_python_dop_operator_3.py took 0.085 seconds
[2026-04-26T07:26:09.322+0000] {processor.py:161} INFO - Started process (PID=29902) to work on /usr/local/python/3.12.1/lib/python3.12/site-packages/airflow/example_dags/example_branch_python_dop_operator_3.py
[2026-04-26T07:26:09.322+0000] {processor.py:830} INFO - Processing file /usr/local/python/3.12.1/lib/python3.12/site-packages/airflow/example_dags/example_branch_python_dop_operator_3.py for tasks to queue
[2026-04-26T07:26:09.323+0000] {logging_mixin.py:188} INFO - [2026-04-26T07:26:09.323+0000] {dagbag.py:540} INFO - Filling up the DagBag from /usr/local/python/3.12.1/lib/python3.12/site-packages/airflow/example_dags/example_branch_python_dop_operator_3.py
[2026-04-26T07:26:09.332+0000] {processor.py:840} INFO - DAG(s) 'example_branch_dop_operator_v3' retrieved from /usr/local/python/3.12.1/lib/python3.12/site-packages/airflow/example_dags/example_branch_python_dop_operator_3.py
[2026-04-26T07:26:09.349+0000] {logging_mixin.py:188} INFO - [2026-04-26T07:26:09.349+0000] {dag.py:3096} INFO - Sync 1 DAGs
[2026-04-26T07:26:09.376+0000] {logging_mixin.py:188} INFO - [2026-04-26T07:26:09.376+0000] {dag.py:3954} INFO - Setting next_dagrun for example_branch_dop_operator_v3 to 2026-04-26 07:25:00+00:00, run_after=2026-04-26 07:26:00+00:00
[2026-04-26T07:26:09.400+0000] {processor.py:183} INFO - Processing /usr/local/python/3.12.1/lib/python3.12/site-packages/airflow/example_dags/example_branch_python_dop_operator_3.py took 0.083 seconds
[2026-04-26T07:26:38.822+0000] {processor.py:161} INFO - Started process (PID=30169) to work on /usr/local/python/3.12.1/lib/python3.12/site-packages/airflow/example_dags/example_branch_python_dop_operator_3.py
[2026-04-26T07:26:38.825+0000] {processor.py:830} INFO - Processing file /usr/local/python/3.12.1/lib/python3.12/site-packages/airflow/example_dags/example_branch_python_dop_operator_3.py for tasks to queue
[2026-04-26T07:26:38.826+0000] {logging_mixin.py:188} INFO - [2026-04-26T07:26:38.825+0000] {dagbag.py:540} INFO - Filling up the DagBag from /usr/local/python/3.12.1/lib/python3.12/site-packages/airflow/example_dags/example_branch_python_dop_operator_3.py
[2026-04-26T07:26:38.841+0000] {processor.py:840} INFO - DAG(s) 'example_branch_dop_operator_v3' retrieved from /usr/local/python/3.12.1/lib/python3.12/site-packages/airflow/example_dags/example_branch_python_dop_operator_3.py
[2026-04-26T07:26:38.860+0000] {logging_mixin.py:188} INFO - [2026-04-26T07:26:38.859+0000] {dag.py:3096} INFO - Sync 1 DAGs
[2026-04-26T07:26:38.888+0000] {logging_mixin.py:188} INFO - [2026-04-26T07:26:38.888+0000] {dag.py:3954} INFO - Setting next_dagrun for example_branch_dop_operator_v3 to 2026-04-26 07:25:00+00:00, run_after=2026-04-26 07:26:00+00:00
[2026-04-26T07:26:38.925+0000] {processor.py:183} INFO - Processing /usr/local/python/3.12.1/lib/python3.12/site-packages/airflow/example_dags/example_branch_python_dop_operator_3.py took 0.115 seconds
[2026-04-26T07:26:55.820+0000] {processor.py:161} INFO - Started process (PID=30325) to work on /usr/local/python/3.12.1/lib/python3.12/site-packages/airflow/example_dags/example_branch_python_dop_operator_3.py
[2026-04-26T07:26:55.820+0000] {processor.py:830} INFO - Processing file /usr/local/python/3.12.1/lib/python3.12/site-packages/airflow/example_dags/example_branch_python_dop_operator_3.py for tasks to queue
[2026-04-26T07:26:55.821+0000] {logging_mixin.py:188} INFO - [2026-04-26T07:26:55.821+0000] {dagbag.py:540} INFO - Filling up the DagBag from /usr/local/python/3.12.1/lib/python3.12/site-packages/airflow/example_dags/example_branch_python_dop_operator_3.py
[2026-04-26T07:26:55.828+0000] {processor.py:840} INFO - DAG(s) 'example_branch_dop_operator_v3' retrieved from /usr/local/python/3.12.1/lib/python3.12/site-packages/airflow/example_dags/example_branch_python_dop_operator_3.py
[2026-04-26T07:26:55.839+0000] {logging_mixin.py:188} INFO - [2026-04-26T07:26:55.839+0000] {dag.py:3096} INFO - Sync 1 DAGs
[2026-04-26T07:26:55.857+0000] {logging_mixin.py:188} INFO - [2026-04-26T07:26:55.856+0000] {dag.py:3954} INFO - Setting next_dagrun for example_branch_dop_operator_v3 to 2026-04-26 07:25:00+00:00, run_after=2026-04-26 07:26:00+00:00
[2026-04-26T07:26:55.872+0000] {processor.py:183} INFO - Processing /usr/local/python/3.12.1/lib/python3.12/site-packages/airflow/example_dags/example_branch_python_dop_operator_3.py took 0.056 seconds
[2026-04-26T07:27:10.404+0000] {processor.py:161} INFO - Started process (PID=30443) to work on /usr/local/python/3.12.1/lib/python3.12/site-packages/airflow/example_dags/example_branch_python_dop_operator_3.py
[2026-04-26T07:27:10.405+0000] {processor.py:830} INFO - Processing file /usr/local/python/3.12.1/lib/python3.12/site-packages/airflow/example_dags/example_branch_python_dop_operator_3.py for tasks to queue
[2026-04-26T07:27:10.406+0000] {logging_mixin.py:188} INFO - [2026-04-26T07:27:10.406+0000] {dagbag.py:540} INFO - Filling up the DagBag from /usr/local/python/3.12.1/lib/python3.12/site-packages/airflow/example_dags/example_branch_python_dop_operator_3.py
[2026-04-26T07:27:10.413+0000] {processor.py:840} INFO - DAG(s) 'example_branch_dop_operator_v3' retrieved from /usr/local/python/3.12.1/lib/python3.12/site-packages/airflow/example_dags/example_branch_python_dop_operator_3.py
[2026-04-26T07:27:10.425+0000] {logging_mixin.py:188} INFO - [2026-04-26T07:27:10.424+0000] {dag.py:3096} INFO - Sync 1 DAGs
[2026-04-26T07:27:10.442+0000] {logging_mixin.py:188} INFO - [2026-04-26T07:27:10.442+0000] {dag.py:3954} INFO - Setting next_dagrun for example_branch_dop_operator_v3 to 2026-04-26 07:26:00+00:00, run_after=2026-04-26 07:27:00+00:00
[2026-04-26T07:27:10.458+0000] {processor.py:183} INFO - Processing /usr/local/python/3.12.1/lib/python3.12/site-packages/airflow/example_dags/example_branch_python_dop_operator_3.py took 0.058 seconds
[2026-04-26T07:27:39.425+0000] {processor.py:161} INFO - Started process (PID=30710) to work on /usr/local/python/3.12.1/lib/python3.12/site-packages/airflow/example_dags/example_branch_python_dop_operator_3.py
[2026-04-26T07:27:39.426+0000] {processor.py:830} INFO - Processing file /usr/local/python/3.12.1/lib/python3.12/site-packages/airflow/example_dags/example_branch_python_dop_operator_3.py for tasks to queue
[2026-04-26T07:27:39.426+0000] {logging_mixin.py:188} INFO - [2026-04-26T07:27:39.426+0000] {dagbag.py:540} INFO - Filling up the DagBag from /usr/local/python/3.12.1/lib/python3.12/site-packages/airflow/example_dags/example_branch_python_dop_operator_3.py
[2026-04-26T07:27:39.433+0000] {processor.py:840} INFO - DAG(s) 'example_branch_dop_operator_v3' retrieved from /usr/local/python/3.12.1/lib/python3.12/site-packages/airflow/example_dags/example_branch_python_dop_operator_3.py
[2026-04-26T07:27:39.446+0000] {logging_mixin.py:188} INFO - [2026-04-26T07:27:39.446+0000] {dag.py:3096} INFO - Sync 1 DAGs
[2026-04-26T07:27:39.472+0000] {logging_mixin.py:188} INFO - [2026-04-26T07:27:39.472+0000] {dag.py:3954} INFO - Setting next_dagrun for example_branch_dop_operator_v3 to 2026-04-26 07:26:00+00:00, run_after=2026-04-26 07:27:00+00:00
[2026-04-26T07:27:39.513+0000] {processor.py:183} INFO - Processing /usr/local/python/3.12.1/lib/python3.12/site-packages/airflow/example_dags/example_branch_python_dop_operator_3.py took 0.093 seconds
[2026-04-26T07:27:55.543+0000] {processor.py:161} INFO - Started process (PID=30858) to work on /usr/local/python/3.12.1/lib/python3.12/site-packages/airflow/example_dags/example_branch_python_dop_operator_3.py
[2026-04-26T07:27:55.547+0000] {processor.py:830} INFO - Processing file /usr/local/python/3.12.1/lib/python3.12/site-packages/airflow/example_dags/example_branch_python_dop_operator_3.py for tasks to queue
[2026-04-26T07:27:55.549+0000] {logging_mixin.py:188} INFO - [2026-04-26T07:27:55.548+0000] {dagbag.py:540} INFO - Filling up the DagBag from /usr/local/python/3.12.1/lib/python3.12/site-packages/airflow/example_dags/example_branch_python_dop_operator_3.py
[2026-04-26T07:27:55.570+0000] {processor.py:840} INFO - DAG(s) 'example_branch_dop_operator_v3' retrieved from /usr/local/python/3.12.1/lib/python3.12/site-packages/airflow/example_dags/example_branch_python_dop_operator_3.py
[2026-04-26T07:27:55.600+0000] {logging_mixin.py:188} INFO - [2026-04-26T07:27:55.600+0000] {dag.py:3096} INFO - Sync 1 DAGs
[2026-04-26T07:27:55.635+0000] {logging_mixin.py:188} INFO - [2026-04-26T07:27:55.634+0000] {dag.py:3954} INFO - Setting next_dagrun for example_branch_dop_operator_v3 to 2026-04-26 07:26:00+00:00, run_after=2026-04-26 07:27:00+00:00
[2026-04-26T07:27:55.819+0000] {processor.py:183} INFO - Processing /usr/local/python/3.12.1/lib/python3.12/site-packages/airflow/example_dags/example_branch_python_dop_operator_3.py took 0.293 seconds
[2026-04-26T07:28:09.879+0000] {processor.py:161} INFO - Started process (PID=30982) to work on /usr/local/python/3.12.1/lib/python3.12/site-packages/airflow/example_dags/example_branch_python_dop_operator_3.py
[2026-04-26T07:28:09.880+0000] {processor.py:830} INFO - Processing file /usr/local/python/3.12.1/lib/python3.12/site-packages/airflow/example_dags/example_branch_python_dop_operator_3.py for tasks to queue
[2026-04-26T07:28:09.881+0000] {logging_mixin.py:188} INFO - [2026-04-26T07:28:09.880+0000] {dagbag.py:540} INFO - Filling up the DagBag from /usr/local/python/3.12.1/lib/python3.12/site-packages/airflow/example_dags/example_branch_python_dop_operator_3.py
[2026-04-26T07:28:09.887+0000] {processor.py:840} INFO - DAG(s) 'example_branch_dop_operator_v3' retrieved from /usr/local/python/3.12.1/lib/python3.12/site-packages/airflow/example_dags/example_branch_python_dop_operator_3.py
[2026-04-26T07:28:09.899+0000] {logging_mixin.py:188} INFO - [2026-04-26T07:28:09.899+0000] {dag.py:3096} INFO - Sync 1 DAGs
[2026-04-26T07:28:09.918+0000] {logging_mixin.py:188} INFO - [2026-04-26T07:28:09.918+0000] {dag.py:3954} INFO - Setting next_dagrun for example_branch_dop_operator_v3 to 2026-04-26 07:27:00+00:00, run_after=2026-04-26 07:28:00+00:00
[2026-04-26T07:28:09.934+0000] {processor.py:183} INFO - Processing /usr/local/python/3.12.1/lib/python3.12/site-packages/airflow/example_dags/example_branch_python_dop_operator_3.py took 0.059 seconds
[2026-04-26T07:28:40.488+0000] {processor.py:161} INFO - Started process (PID=31255) to work on /usr/local/python/3.12.1/lib/python3.12/site-packages/airflow/example_dags/example_branch_python_dop_operator_3.py
[2026-04-26T07:28:40.489+0000] {processor.py:830} INFO - Processing file /usr/local/python/3.12.1/lib/python3.12/site-packages/airflow/example_dags/example_branch_python_dop_operator_3.py for tasks to queue
[2026-04-26T07:28:40.490+0000] {logging_mixin.py:188} INFO - [2026-04-26T07:28:40.490+0000] {dagbag.py:540} INFO - Filling up the DagBag from /usr/local/python/3.12.1/lib/python3.12/site-packages/airflow/example_dags/example_branch_python_dop_operator_3.py
[2026-04-26T07:28:40.499+0000] {processor.py:840} INFO - DAG(s) 'example_branch_dop_operator_v3' retrieved from /usr/local/python/3.12.1/lib/python3.12/site-packages/airflow/example_dags/example_branch_python_dop_operator_3.py
[2026-04-26T07:28:40.516+0000] {logging_mixin.py:188} INFO - [2026-04-26T07:28:40.516+0000] {dag.py:3096} INFO - Sync 1 DAGs
[2026-04-26T07:28:40.542+0000] {logging_mixin.py:188} INFO - [2026-04-26T07:28:40.542+0000] {dag.py:3954} INFO - Setting next_dagrun for example_branch_dop_operator_v3 to 2026-04-26 07:27:00+00:00, run_after=2026-04-26 07:28:00+00:00
[2026-04-26T07:28:40.566+0000] {processor.py:183} INFO - Processing /usr/local/python/3.12.1/lib/python3.12/site-packages/airflow/example_dags/example_branch_python_dop_operator_3.py took 0.081 seconds
[2026-04-26T07:29:00.469+0000] {processor.py:161} INFO - Started process (PID=31495) to work on /usr/local/python/3.12.1/lib/python3.12/site-packages/airflow/example_dags/example_branch_python_dop_operator_3.py
[2026-04-26T07:29:00.470+0000] {processor.py:830} INFO - Processing file /usr/local/python/3.12.1/lib/python3.12/site-packages/airflow/example_dags/example_branch_python_dop_operator_3.py for tasks to queue
[2026-04-26T07:29:00.471+0000] {logging_mixin.py:188} INFO - [2026-04-26T07:29:00.471+0000] {dagbag.py:540} INFO - Filling up the DagBag from /usr/local/python/3.12.1/lib/python3.12/site-packages/airflow/example_dags/example_branch_python_dop_operator_3.py
[2026-04-26T07:29:00.478+0000] {processor.py:840} INFO - DAG(s) 'example_branch_dop_operator_v3' retrieved from /usr/local/python/3.12.1/lib/python3.12/site-packages/airflow/example_dags/example_branch_python_dop_operator_3.py
[2026-04-26T07:29:00.494+0000] {logging_mixin.py:188} INFO - [2026-04-26T07:29:00.494+0000] {dag.py:3096} INFO - Sync 1 DAGs
[2026-04-26T07:29:00.530+0000] {logging_mixin.py:188} INFO - [2026-04-26T07:29:00.529+0000] {dag.py:3954} INFO - Setting next_dagrun for example_branch_dop_operator_v3 to 2026-04-26 07:28:00+00:00, run_after=2026-04-26 07:29:00+00:00
[2026-04-26T07:29:00.554+0000] {processor.py:183} INFO - Processing /usr/local/python/3.12.1/lib/python3.12/site-packages/airflow/example_dags/example_branch_python_dop_operator_3.py took 0.088 seconds
[2026-04-26T07:29:08.713+0000] {processor.py:161} INFO - Started process (PID=31574) to work on /usr/local/python/3.12.1/lib/python3.12/site-packages/airflow/example_dags/example_branch_python_dop_operator_3.py
[2026-04-26T07:29:08.713+0000] {processor.py:830} INFO - Processing file /usr/local/python/3.12.1/lib/python3.12/site-packages/airflow/example_dags/example_branch_python_dop_operator_3.py for tasks to queue
[2026-04-26T07:29:08.714+0000] {logging_mixin.py:188} INFO - [2026-04-26T07:29:08.714+0000] {dagbag.py:540} INFO - Filling up the DagBag from /usr/local/python/3.12.1/lib/python3.12/site-packages/airflow/example_dags/example_branch_python_dop_operator_3.py
[2026-04-26T07:29:08.721+0000] {processor.py:840} INFO - DAG(s) 'example_branch_dop_operator_v3' retrieved from /usr/local/python/3.12.1/lib/python3.12/site-packages/airflow/example_dags/example_branch_python_dop_operator_3.py
[2026-04-26T07:29:08.733+0000] {logging_mixin.py:188} INFO - [2026-04-26T07:29:08.733+0000] {dag.py:3096} INFO - Sync 1 DAGs
[2026-04-26T07:29:08.751+0000] {logging_mixin.py:188} INFO - [2026-04-26T07:29:08.751+0000] {dag.py:3954} INFO - Setting next_dagrun for example_branch_dop_operator_v3 to 2026-04-26 07:28:00+00:00, run_after=2026-04-26 07:29:00+00:00
[2026-04-26T07:29:08.769+0000] {processor.py:183} INFO - Processing /usr/local/python/3.12.1/lib/python3.12/site-packages/airflow/example_dags/example_branch_python_dop_operator_3.py took 0.060 seconds
[2026-04-26T07:29:44.806+0000] {processor.py:161} INFO - Started process (PID=31950) to work on /usr/local/python/3.12.1/lib/python3.12/site-packages/airflow/example_dags/example_branch_python_dop_operator_3.py
[2026-04-26T07:29:44.807+0000] {processor.py:830} INFO - Processing file /usr/local/python/3.12.1/lib/python3.12/site-packages/airflow/example_dags/example_branch_python_dop_operator_3.py for tasks to queue
[2026-04-26T07:29:44.808+0000] {logging_mixin.py:188} INFO - [2026-04-26T07:29:44.807+0000] {dagbag.py:540} INFO - Filling up the DagBag from /usr/local/python/3.12.1/lib/python3.12/site-packages/airflow/example_dags/example_branch_python_dop_operator_3.py
[2026-04-26T07:29:44.814+0000] {processor.py:840} INFO - DAG(s) 'example_branch_dop_operator_v3' retrieved from /usr/local/python/3.12.1/lib/python3.12/site-packages/airflow/example_dags/example_branch_python_dop_operator_3.py
[2026-04-26T07:29:44.826+0000] {logging_mixin.py:188} INFO - [2026-04-26T07:29:44.826+0000] {dag.py:3096} INFO - Sync 1 DAGs
[2026-04-26T07:29:44.844+0000] {logging_mixin.py:188} INFO - [2026-04-26T07:29:44.844+0000] {dag.py:3954} INFO - Setting next_dagrun for example_branch_dop_operator_v3 to 2026-04-26 07:28:00+00:00, run_after=2026-04-26 07:29:00+00:00
[2026-04-26T07:29:44.861+0000] {processor.py:183} INFO - Processing /usr/local/python/3.12.1/lib/python3.12/site-packages/airflow/example_dags/example_branch_python_dop_operator_3.py took 0.059 seconds
[2026-04-26T07:30:05.834+0000] {processor.py:161} INFO - Started process (PID=32135) to work on /usr/local/python/3.12.1/lib/python3.12/site-packages/airflow/example_dags/example_branch_python_dop_operator_3.py
[2026-04-26T07:30:05.834+0000] {processor.py:830} INFO - Processing file /usr/local/python/3.12.1/lib/python3.12/site-packages/airflow/example_dags/example_branch_python_dop_operator_3.py for tasks to queue
[2026-04-26T07:30:05.835+0000] {logging_mixin.py:188} INFO - [2026-04-26T07:30:05.835+0000] {dagbag.py:540} INFO - Filling up the DagBag from /usr/local/python/3.12.1/lib/python3.12/site-packages/airflow/example_dags/example_branch_python_dop_operator_3.py
[2026-04-26T07:30:05.842+0000] {processor.py:840} INFO - DAG(s) 'example_branch_dop_operator_v3' retrieved from /usr/local/python/3.12.1/lib/python3.12/site-packages/airflow/example_dags/example_branch_python_dop_operator_3.py
[2026-04-26T07:30:05.853+0000] {logging_mixin.py:188} INFO - [2026-04-26T07:30:05.853+0000] {dag.py:3096} INFO - Sync 1 DAGs
[2026-04-26T07:30:05.870+0000] {logging_mixin.py:188} INFO - [2026-04-26T07:30:05.870+0000] {dag.py:3954} INFO - Setting next_dagrun for example_branch_dop_operator_v3 to 2026-04-26 07:29:00+00:00, run_after=2026-04-26 07:30:00+00:00
[2026-04-26T07:30:05.895+0000] {processor.py:183} INFO - Processing /usr/local/python/3.12.1/lib/python3.12/site-packages/airflow/example_dags/example_branch_python_dop_operator_3.py took 0.066 seconds
[2026-04-26T07:30:09.214+0000] {processor.py:161} INFO - Started process (PID=32246) to work on /usr/local/python/3.12.1/lib/python3.12/site-packages/airflow/example_dags/example_branch_python_dop_operator_3.py
[2026-04-26T07:30:09.215+0000] {processor.py:830} INFO - Processing file /usr/local/python/3.12.1/lib/python3.12/site-packages/airflow/example_dags/example_branch_python_dop_operator_3.py for tasks to queue
[2026-04-26T07:30:09.216+0000] {logging_mixin.py:188} INFO - [2026-04-26T07:30:09.215+0000] {dagbag.py:540} INFO - Filling up the DagBag from /usr/local/python/3.12.1/lib/python3.12/site-packages/airflow/example_dags/example_branch_python_dop_operator_3.py
[2026-04-26T07:30:09.224+0000] {processor.py:840} INFO - DAG(s) 'example_branch_dop_operator_v3' retrieved from /usr/local/python/3.12.1/lib/python3.12/site-packages/airflow/example_dags/example_branch_python_dop_operator_3.py
[2026-04-26T07:30:09.237+0000] {logging_mixin.py:188} INFO - [2026-04-26T07:30:09.237+0000] {dag.py:3096} INFO - Sync 1 DAGs
[2026-04-26T07:30:09.255+0000] {logging_mixin.py:188} INFO - [2026-04-26T07:30:09.255+0000] {dag.py:3954} INFO - Setting next_dagrun for example_branch_dop_operator_v3 to 2026-04-26 07:29:00+00:00, run_after=2026-04-26 07:30:00+00:00
[2026-04-26T07:30:09.271+0000] {processor.py:183} INFO - Processing /usr/local/python/3.12.1/lib/python3.12/site-packages/airflow/example_dags/example_branch_python_dop_operator_3.py took 0.061 seconds
[2026-04-26T07:30:50.169+0000] {processor.py:161} INFO - Started process (PID=32603) to work on /usr/local/python/3.12.1/lib/python3.12/site-packages/airflow/example_dags/example_branch_python_dop_operator_3.py
[2026-04-26T07:30:50.170+0000] {processor.py:830} INFO - Processing file /usr/local/python/3.12.1/lib/python3.12/site-packages/airflow/example_dags/example_branch_python_dop_operator_3.py for tasks to queue
[2026-04-26T07:30:50.170+0000] {logging_mixin.py:188} INFO - [2026-04-26T07:30:50.170+0000] {dagbag.py:540} INFO - Filling up the DagBag from /usr/local/python/3.12.1/lib/python3.12/site-packages/airflow/example_dags/example_branch_python_dop_operator_3.py
[2026-04-26T07:30:50.177+0000] {processor.py:840} INFO - DAG(s) 'example_branch_dop_operator_v3' retrieved from /usr/local/python/3.12.1/lib/python3.12/site-packages/airflow/example_dags/example_branch_python_dop_operator_3.py
[2026-04-26T07:30:50.188+0000] {logging_mixin.py:188} INFO - [2026-04-26T07:30:50.188+0000] {dag.py:3096} INFO - Sync 1 DAGs
[2026-04-26T07:30:50.205+0000] {logging_mixin.py:188} INFO - [2026-04-26T07:30:50.205+0000] {dag.py:3954} INFO - Setting next_dagrun for example_branch_dop_operator_v3 to 2026-04-26 07:29:00+00:00, run_after=2026-04-26 07:30:00+00:00
[2026-04-26T07:30:50.221+0000] {processor.py:183} INFO - Processing /usr/local/python/3.12.1/lib/python3.12/site-packages/airflow/example_dags/example_branch_python_dop_operator_3.py took 0.056 seconds
[2026-04-26T07:31:05.028+0000] {processor.py:161} INFO - Started process (PID=32728) to work on /usr/local/python/3.12.1/lib/python3.12/site-packages/airflow/example_dags/example_branch_python_dop_operator_3.py
[2026-04-26T07:31:05.029+0000] {processor.py:830} INFO - Processing file /usr/local/python/3.12.1/lib/python3.12/site-packages/airflow/example_dags/example_branch_python_dop_operator_3.py for tasks to queue
[2026-04-26T07:31:05.030+0000] {logging_mixin.py:188} INFO - [2026-04-26T07:31:05.030+0000] {dagbag.py:540} INFO - Filling up the DagBag from /usr/local/python/3.12.1/lib/python3.12/site-packages/airflow/example_dags/example_branch_python_dop_operator_3.py
[2026-04-26T07:31:05.036+0000] {processor.py:840} INFO - DAG(s) 'example_branch_dop_operator_v3' retrieved from /usr/local/python/3.12.1/lib/python3.12/site-packages/airflow/example_dags/example_branch_python_dop_operator_3.py
[2026-04-26T07:31:05.048+0000] {logging_mixin.py:188} INFO - [2026-04-26T07:31:05.047+0000] {dag.py:3096} INFO - Sync 1 DAGs
[2026-04-26T07:31:05.065+0000] {logging_mixin.py:188} INFO - [2026-04-26T07:31:05.065+0000] {dag.py:3954} INFO - Setting next_dagrun for example_branch_dop_operator_v3 to 2026-04-26 07:30:00+00:00, run_after=2026-04-26 07:31:00+00:00
[2026-04-26T07:31:05.081+0000] {processor.py:183} INFO - Processing /usr/local/python/3.12.1/lib/python3.12/site-packages/airflow/example_dags/example_branch_python_dop_operator_3.py took 0.056 seconds
[2026-04-26T07:31:20.649+0000] {processor.py:161} INFO - Started process (PID=32882) to work on /usr/local/python/3.12.1/lib/python3.12/site-packages/airflow/example_dags/example_branch_python_dop_operator_3.py
[2026-04-26T07:31:20.650+0000] {processor.py:830} INFO - Processing file /usr/local/python/3.12.1/lib/python3.12/site-packages/airflow/example_dags/example_branch_python_dop_operator_3.py for tasks to queue
[2026-04-26T07:31:20.650+0000] {logging_mixin.py:188} INFO - [2026-04-26T07:31:20.650+0000] {dagbag.py:540} INFO - Filling up the DagBag from /usr/local/python/3.12.1/lib/python3.12/site-packages/airflow/example_dags/example_branch_python_dop_operator_3.py
[2026-04-26T07:31:20.657+0000] {processor.py:840} INFO - DAG(s) 'example_branch_dop_operator_v3' retrieved from /usr/local/python/3.12.1/lib/python3.12/site-packages/airflow/example_dags/example_branch_python_dop_operator_3.py
[2026-04-26T07:31:20.669+0000] {logging_mixin.py:188} INFO - [2026-04-26T07:31:20.669+0000] {dag.py:3096} INFO - Sync 1 DAGs
[2026-04-26T07:31:20.686+0000] {logging_mixin.py:188} INFO - [2026-04-26T07:31:20.686+0000] {dag.py:3954} INFO - Setting next_dagrun for example_branch_dop_operator_v3 to 2026-04-26 07:30:00+00:00, run_after=2026-04-26 07:31:00+00:00
[2026-04-26T07:31:20.701+0000] {processor.py:183} INFO - Processing /usr/local/python/3.12.1/lib/python3.12/site-packages/airflow/example_dags/example_branch_python_dop_operator_3.py took 0.056 seconds
[2026-04-26T07:31:54.795+0000] {processor.py:161} INFO - Started process (PID=33178) to work on /usr/local/python/3.12.1/lib/python3.12/site-packages/airflow/example_dags/example_branch_python_dop_operator_3.py
[2026-04-26T07:31:54.796+0000] {processor.py:830} INFO - Processing file /usr/local/python/3.12.1/lib/python3.12/site-packages/airflow/example_dags/example_branch_python_dop_operator_3.py for tasks to queue
[2026-04-26T07:31:54.796+0000] {logging_mixin.py:188} INFO - [2026-04-26T07:31:54.796+0000] {dagbag.py:540} INFO - Filling up the DagBag from /usr/local/python/3.12.1/lib/python3.12/site-packages/airflow/example_dags/example_branch_python_dop_operator_3.py
[2026-04-26T07:31:54.804+0000] {processor.py:840} INFO - DAG(s) 'example_branch_dop_operator_v3' retrieved from /usr/local/python/3.12.1/lib/python3.12/site-packages/airflow/example_dags/example_branch_python_dop_operator_3.py
[2026-04-26T07:31:54.821+0000] {logging_mixin.py:188} INFO - [2026-04-26T07:31:54.821+0000] {dag.py:3096} INFO - Sync 1 DAGs
[2026-04-26T07:31:54.842+0000] {logging_mixin.py:188} INFO - [2026-04-26T07:31:54.842+0000] {dag.py:3954} INFO - Setting next_dagrun for example_branch_dop_operator_v3 to 2026-04-26 07:30:00+00:00, run_after=2026-04-26 07:31:00+00:00
[2026-04-26T07:31:54.858+0000] {processor.py:183} INFO - Processing /usr/local/python/3.12.1/lib/python3.12/site-packages/airflow/example_dags/example_branch_python_dop_operator_3.py took 0.067 seconds
[2026-04-26T07:32:04.461+0000] {processor.py:161} INFO - Started process (PID=33263) to work on /usr/local/python/3.12.1/lib/python3.12/site-packages/airflow/example_dags/example_branch_python_dop_operator_3.py
[2026-04-26T07:32:04.461+0000] {processor.py:830} INFO - Processing file /usr/local/python/3.12.1/lib/python3.12/site-packages/airflow/example_dags/example_branch_python_dop_operator_3.py for tasks to queue
[2026-04-26T07:32:04.462+0000] {logging_mixin.py:188} INFO - [2026-04-26T07:32:04.462+0000] {dagbag.py:540} INFO - Filling up the DagBag from /usr/local/python/3.12.1/lib/python3.12/site-packages/airflow/example_dags/example_branch_python_dop_operator_3.py
[2026-04-26T07:32:04.472+0000] {processor.py:840} INFO - DAG(s) 'example_branch_dop_operator_v3' retrieved from /usr/local/python/3.12.1/lib/python3.12/site-packages/airflow/example_dags/example_branch_python_dop_operator_3.py
[2026-04-26T07:32:04.489+0000] {logging_mixin.py:188} INFO - [2026-04-26T07:32:04.489+0000] {dag.py:3096} INFO - Sync 1 DAGs
[2026-04-26T07:32:04.516+0000] {logging_mixin.py:188} INFO - [2026-04-26T07:32:04.516+0000] {dag.py:3954} INFO - Setting next_dagrun for example_branch_dop_operator_v3 to 2026-04-26 07:31:00+00:00, run_after=2026-04-26 07:32:00+00:00
[2026-04-26T07:32:04.542+0000] {processor.py:183} INFO - Processing /usr/local/python/3.12.1/lib/python3.12/site-packages/airflow/example_dags/example_branch_python_dop_operator_3.py took 0.087 seconds
[2026-04-26T07:32:13.233+0000] {processor.py:161} INFO - Started process (PID=33345) to work on /usr/local/python/3.12.1/lib/python3.12/site-packages/airflow/example_dags/example_branch_python_dop_operator_3.py
[2026-04-26T07:32:13.234+0000] {processor.py:830} INFO - Processing file /usr/local/python/3.12.1/lib/python3.12/site-packages/airflow/example_dags/example_branch_python_dop_operator_3.py for tasks to queue
[2026-04-26T07:32:13.235+0000] {logging_mixin.py:188} INFO - [2026-04-26T07:32:13.234+0000] {dagbag.py:540} INFO - Filling up the DagBag from /usr/local/python/3.12.1/lib/python3.12/site-packages/airflow/example_dags/example_branch_python_dop_operator_3.py
[2026-04-26T07:32:13.241+0000] {processor.py:840} INFO - DAG(s) 'example_branch_dop_operator_v3' retrieved from /usr/local/python/3.12.1/lib/python3.12/site-packages/airflow/example_dags/example_branch_python_dop_operator_3.py
[2026-04-26T07:32:13.253+0000] {logging_mixin.py:188} INFO - [2026-04-26T07:32:13.253+0000] {dag.py:3096} INFO - Sync 1 DAGs
[2026-04-26T07:32:13.446+0000] {logging_mixin.py:188} INFO - [2026-04-26T07:32:13.446+0000] {dag.py:3954} INFO - Setting next_dagrun for example_branch_dop_operator_v3 to 2026-04-26 07:31:00+00:00, run_after=2026-04-26 07:32:00+00:00
[2026-04-26T07:32:13.466+0000] {processor.py:183} INFO - Processing /usr/local/python/3.12.1/lib/python3.12/site-packages/airflow/example_dags/example_branch_python_dop_operator_3.py took 0.237 seconds
[2026-04-26T07:33:03.265+0000] {processor.py:161} INFO - Started process (PID=33781) to work on /usr/local/python/3.12.1/lib/python3.12/site-packages/airflow/example_dags/example_branch_python_dop_operator_3.py
[2026-04-26T07:33:03.265+0000] {processor.py:830} INFO - Processing file /usr/local/python/3.12.1/lib/python3.12/site-packages/airflow/example_dags/example_branch_python_dop_operator_3.py for tasks to queue
[2026-04-26T07:33:03.266+0000] {logging_mixin.py:188} INFO - [2026-04-26T07:33:03.266+0000] {dagbag.py:540} INFO - Filling up the DagBag from /usr/local/python/3.12.1/lib/python3.12/site-packages/airflow/example_dags/example_branch_python_dop_operator_3.py
[2026-04-26T07:33:03.272+0000] {processor.py:840} INFO - DAG(s) 'example_branch_dop_operator_v3' retrieved from /usr/local/python/3.12.1/lib/python3.12/site-packages/airflow/example_dags/example_branch_python_dop_operator_3.py
[2026-04-26T07:33:03.284+0000] {logging_mixin.py:188} INFO - [2026-04-26T07:33:03.284+0000] {dag.py:3096} INFO - Sync 1 DAGs
[2026-04-26T07:33:03.459+0000] {logging_mixin.py:188} INFO - [2026-04-26T07:33:03.459+0000] {dag.py:3954} INFO - Setting next_dagrun for example_branch_dop_operator_v3 to 2026-04-26 07:32:00+00:00, run_after=2026-04-26 07:33:00+00:00
[2026-04-26T07:33:03.475+0000] {processor.py:183} INFO - Processing /usr/local/python/3.12.1/lib/python3.12/site-packages/airflow/example_dags/example_branch_python_dop_operator_3.py took 0.214 seconds
[2026-04-26T07:33:05.242+0000] {processor.py:161} INFO - Started process (PID=33801) to work on /usr/local/python/3.12.1/lib/python3.12/site-packages/airflow/example_dags/example_branch_python_dop_operator_3.py
[2026-04-26T07:33:05.243+0000] {processor.py:830} INFO - Processing file /usr/local/python/3.12.1/lib/python3.12/site-packages/airflow/example_dags/example_branch_python_dop_operator_3.py for tasks to queue
[2026-04-26T07:33:05.244+0000] {logging_mixin.py:188} INFO - [2026-04-26T07:33:05.244+0000] {dagbag.py:540} INFO - Filling up the DagBag from /usr/local/python/3.12.1/lib/python3.12/site-packages/airflow/example_dags/example_branch_python_dop_operator_3.py
[2026-04-26T07:33:05.254+0000] {processor.py:840} INFO - DAG(s) 'example_branch_dop_operator_v3' retrieved from /usr/local/python/3.12.1/lib/python3.12/site-packages/airflow/example_dags/example_branch_python_dop_operator_3.py
[2026-04-26T07:33:05.272+0000] {logging_mixin.py:188} INFO - [2026-04-26T07:33:05.272+0000] {dag.py:3096} INFO - Sync 1 DAGs
[2026-04-26T07:33:05.301+0000] {logging_mixin.py:188} INFO - [2026-04-26T07:33:05.301+0000] {dag.py:3954} INFO - Setting next_dagrun for example_branch_dop_operator_v3 to 2026-04-26 07:32:00+00:00, run_after=2026-04-26 07:33:00+00:00
[2026-04-26T07:33:05.323+0000] {processor.py:183} INFO - Processing /usr/local/python/3.12.1/lib/python3.12/site-packages/airflow/example_dags/example_branch_python_dop_operator_3.py took 0.088 seconds
[2026-04-26T07:33:27.780+0000] {processor.py:161} INFO - Started process (PID=33998) to work on /usr/local/python/3.12.1/lib/python3.12/site-packages/airflow/example_dags/example_branch_python_dop_operator_3.py
[2026-04-26T07:33:27.781+0000] {processor.py:830} INFO - Processing file /usr/local/python/3.12.1/lib/python3.12/site-packages/airflow/example_dags/example_branch_python_dop_operator_3.py for tasks to queue
[2026-04-26T07:33:27.782+0000] {logging_mixin.py:188} INFO - [2026-04-26T07:33:27.781+0000] {dagbag.py:540} INFO - Filling up the DagBag from /usr/local/python/3.12.1/lib/python3.12/site-packages/airflow/example_dags/example_branch_python_dop_operator_3.py
[2026-04-26T07:33:27.789+0000] {processor.py:840} INFO - DAG(s) 'example_branch_dop_operator_v3' retrieved from /usr/local/python/3.12.1/lib/python3.12/site-packages/airflow/example_dags/example_branch_python_dop_operator_3.py
[2026-04-26T07:33:27.801+0000] {logging_mixin.py:188} INFO - [2026-04-26T07:33:27.801+0000] {dag.py:3096} INFO - Sync 1 DAGs
[2026-04-26T07:33:27.819+0000] {logging_mixin.py:188} INFO - [2026-04-26T07:33:27.819+0000] {dag.py:3954} INFO - Setting next_dagrun for example_branch_dop_operator_v3 to 2026-04-26 07:32:00+00:00, run_after=2026-04-26 07:33:00+00:00
[2026-04-26T07:33:27.836+0000] {processor.py:183} INFO - Processing /usr/local/python/3.12.1/lib/python3.12/site-packages/airflow/example_dags/example_branch_python_dop_operator_3.py took 0.060 seconds
[2026-04-26T07:34:05.002+0000] {processor.py:161} INFO - Started process (PID=34403) to work on /usr/local/python/3.12.1/lib/python3.12/site-packages/airflow/example_dags/example_branch_python_dop_operator_3.py
[2026-04-26T07:34:05.003+0000] {processor.py:830} INFO - Processing file /usr/local/python/3.12.1/lib/python3.12/site-packages/airflow/example_dags/example_branch_python_dop_operator_3.py for tasks to queue
[2026-04-26T07:34:05.003+0000] {logging_mixin.py:188} INFO - [2026-04-26T07:34:05.003+0000] {dagbag.py:540} INFO - Filling up the DagBag from /usr/local/python/3.12.1/lib/python3.12/site-packages/airflow/example_dags/example_branch_python_dop_operator_3.py
[2026-04-26T07:34:05.010+0000] {processor.py:840} INFO - DAG(s) 'example_branch_dop_operator_v3' retrieved from /usr/local/python/3.12.1/lib/python3.12/site-packages/airflow/example_dags/example_branch_python_dop_operator_3.py
[2026-04-26T07:34:05.021+0000] {logging_mixin.py:188} INFO - [2026-04-26T07:34:05.021+0000] {dag.py:3096} INFO - Sync 1 DAGs
[2026-04-26T07:34:05.038+0000] {logging_mixin.py:188} INFO - [2026-04-26T07:34:05.038+0000] {dag.py:3954} INFO - Setting next_dagrun for example_branch_dop_operator_v3 to 2026-04-26 07:33:00+00:00, run_after=2026-04-26 07:34:00+00:00
[2026-04-26T07:34:05.055+0000] {processor.py:183} INFO - Processing /usr/local/python/3.12.1/lib/python3.12/site-packages/airflow/example_dags/example_branch_python_dop_operator_3.py took 0.058 seconds
[2026-04-26T07:34:12.804+0000] {processor.py:161} INFO - Started process (PID=34474) to work on /usr/local/python/3.12.1/lib/python3.12/site-packages/airflow/example_dags/example_branch_python_dop_operator_3.py
[2026-04-26T07:34:12.805+0000] {processor.py:830} INFO - Processing file /usr/local/python/3.12.1/lib/python3.12/site-packages/airflow/example_dags/example_branch_python_dop_operator_3.py for tasks to queue
[2026-04-26T07:34:12.805+0000] {logging_mixin.py:188} INFO - [2026-04-26T07:34:12.805+0000] {dagbag.py:540} INFO - Filling up the DagBag from /usr/local/python/3.12.1/lib/python3.12/site-packages/airflow/example_dags/example_branch_python_dop_operator_3.py
[2026-04-26T07:34:12.812+0000] {processor.py:840} INFO - DAG(s) 'example_branch_dop_operator_v3' retrieved from /usr/local/python/3.12.1/lib/python3.12/site-packages/airflow/example_dags/example_branch_python_dop_operator_3.py
[2026-04-26T07:34:12.824+0000] {logging_mixin.py:188} INFO - [2026-04-26T07:34:12.824+0000] {dag.py:3096} INFO - Sync 1 DAGs
[2026-04-26T07:34:12.843+0000] {logging_mixin.py:188} INFO - [2026-04-26T07:34:12.843+0000] {dag.py:3954} INFO - Setting next_dagrun for example_branch_dop_operator_v3 to 2026-04-26 07:33:00+00:00, run_after=2026-04-26 07:34:00+00:00
[2026-04-26T07:34:12.993+0000] {processor.py:183} INFO - Processing /usr/local/python/3.12.1/lib/python3.12/site-packages/airflow/example_dags/example_branch_python_dop_operator_3.py took 0.193 seconds
[2026-04-26T07:34:23.834+0000] {processor.py:161} INFO - Started process (PID=34573) to work on /usr/local/python/3.12.1/lib/python3.12/site-packages/airflow/example_dags/example_branch_python_dop_operator_3.py
[2026-04-26T07:34:23.835+0000] {processor.py:830} INFO - Processing file /usr/local/python/3.12.1/lib/python3.12/site-packages/airflow/example_dags/example_branch_python_dop_operator_3.py for tasks to queue
[2026-04-26T07:34:23.835+0000] {logging_mixin.py:188} INFO - [2026-04-26T07:34:23.835+0000] {dagbag.py:540} INFO - Filling up the DagBag from /usr/local/python/3.12.1/lib/python3.12/site-packages/airflow/example_dags/example_branch_python_dop_operator_3.py
[2026-04-26T07:34:23.842+0000] {processor.py:840} INFO - DAG(s) 'example_branch_dop_operator_v3' retrieved from /usr/local/python/3.12.1/lib/python3.12/site-packages/airflow/example_dags/example_branch_python_dop_operator_3.py
[2026-04-26T07:34:23.853+0000] {logging_mixin.py:188} INFO - [2026-04-26T07:34:23.853+0000] {dag.py:3096} INFO - Sync 1 DAGs
[2026-04-26T07:34:23.871+0000] {logging_mixin.py:188} INFO - [2026-04-26T07:34:23.870+0000] {dag.py:3954} INFO - Setting next_dagrun for example_branch_dop_operator_v3 to 2026-04-26 07:33:00+00:00, run_after=2026-04-26 07:34:00+00:00
[2026-04-26T07:34:23.888+0000] {processor.py:183} INFO - Processing /usr/local/python/3.12.1/lib/python3.12/site-packages/airflow/example_dags/example_branch_python_dop_operator_3.py took 0.059 seconds
[2026-04-26T07:35:05.971+0000] {processor.py:161} INFO - Started process (PID=35014) to work on /usr/local/python/3.12.1/lib/python3.12/site-packages/airflow/example_dags/example_branch_python_dop_operator_3.py
[2026-04-26T07:35:05.972+0000] {processor.py:830} INFO - Processing file /usr/local/python/3.12.1/lib/python3.12/site-packages/airflow/example_dags/example_branch_python_dop_operator_3.py for tasks to queue
[2026-04-26T07:35:05.973+0000] {logging_mixin.py:188} INFO - [2026-04-26T07:35:05.973+0000] {dagbag.py:540} INFO - Filling up the DagBag from /usr/local/python/3.12.1/lib/python3.12/site-packages/airflow/example_dags/example_branch_python_dop_operator_3.py
[2026-04-26T07:35:05.980+0000] {processor.py:840} INFO - DAG(s) 'example_branch_dop_operator_v3' retrieved from /usr/local/python/3.12.1/lib/python3.12/site-packages/airflow/example_dags/example_branch_python_dop_operator_3.py
[2026-04-26T07:35:05.991+0000] {logging_mixin.py:188} INFO - [2026-04-26T07:35:05.991+0000] {dag.py:3096} INFO - Sync 1 DAGs
[2026-04-26T07:35:06.008+0000] {logging_mixin.py:188} INFO - [2026-04-26T07:35:06.008+0000] {dag.py:3954} INFO - Setting next_dagrun for example_branch_dop_operator_v3 to 2026-04-26 07:34:00+00:00, run_after=2026-04-26 07:35:00+00:00
[2026-04-26T07:35:06.025+0000] {processor.py:183} INFO - Processing /usr/local/python/3.12.1/lib/python3.12/site-packages/airflow/example_dags/example_branch_python_dop_operator_3.py took 0.058 seconds
[2026-04-26T07:35:17.779+0000] {processor.py:161} INFO - Started process (PID=35180) to work on /usr/local/python/3.12.1/lib/python3.12/site-packages/airflow/example_dags/example_branch_python_dop_operator_3.py
[2026-04-26T07:35:17.780+0000] {processor.py:830} INFO - Processing file /usr/local/python/3.12.1/lib/python3.12/site-packages/airflow/example_dags/example_branch_python_dop_operator_3.py for tasks to queue
[2026-04-26T07:35:17.782+0000] {logging_mixin.py:188} INFO - [2026-04-26T07:35:17.781+0000] {dagbag.py:540} INFO - Filling up the DagBag from /usr/local/python/3.12.1/lib/python3.12/site-packages/airflow/example_dags/example_branch_python_dop_operator_3.py
[2026-04-26T07:35:17.798+0000] {processor.py:840} INFO - DAG(s) 'example_branch_dop_operator_v3' retrieved from /usr/local/python/3.12.1/lib/python3.12/site-packages/airflow/example_dags/example_branch_python_dop_operator_3.py
[2026-04-26T07:35:17.811+0000] {logging_mixin.py:188} INFO - [2026-04-26T07:35:17.811+0000] {dag.py:3096} INFO - Sync 1 DAGs
[2026-04-26T07:35:17.837+0000] {logging_mixin.py:188} INFO - [2026-04-26T07:35:17.836+0000] {dag.py:3954} INFO - Setting next_dagrun for example_branch_dop_operator_v3 to 2026-04-26 07:34:00+00:00, run_after=2026-04-26 07:35:00+00:00
[2026-04-26T07:35:17.861+0000] {processor.py:183} INFO - Processing /usr/local/python/3.12.1/lib/python3.12/site-packages/airflow/example_dags/example_branch_python_dop_operator_3.py took 0.087 seconds
[2026-04-26T07:35:24.561+0000] {processor.py:161} INFO - Started process (PID=35245) to work on /usr/local/python/3.12.1/lib/python3.12/site-packages/airflow/example_dags/example_branch_python_dop_operator_3.py
[2026-04-26T07:35:24.562+0000] {processor.py:830} INFO - Processing file /usr/local/python/3.12.1/lib/python3.12/site-packages/airflow/example_dags/example_branch_python_dop_operator_3.py for tasks to queue
[2026-04-26T07:35:24.563+0000] {logging_mixin.py:188} INFO - [2026-04-26T07:35:24.562+0000] {dagbag.py:540} INFO - Filling up the DagBag from /usr/local/python/3.12.1/lib/python3.12/site-packages/airflow/example_dags/example_branch_python_dop_operator_3.py
[2026-04-26T07:35:24.569+0000] {processor.py:840} INFO - DAG(s) 'example_branch_dop_operator_v3' retrieved from /usr/local/python/3.12.1/lib/python3.12/site-packages/airflow/example_dags/example_branch_python_dop_operator_3.py
[2026-04-26T07:35:24.581+0000] {logging_mixin.py:188} INFO - [2026-04-26T07:35:24.581+0000] {dag.py:3096} INFO - Sync 1 DAGs
[2026-04-26T07:35:24.610+0000] {logging_mixin.py:188} INFO - [2026-04-26T07:35:24.610+0000] {dag.py:3954} INFO - Setting next_dagrun for example_branch_dop_operator_v3 to 2026-04-26 07:34:00+00:00, run_after=2026-04-26 07:35:00+00:00
[2026-04-26T07:35:24.665+0000] {processor.py:183} INFO - Processing /usr/local/python/3.12.1/lib/python3.12/site-packages/airflow/example_dags/example_branch_python_dop_operator_3.py took 0.109 seconds
[2026-04-26T07:36:05.718+0000] {processor.py:161} INFO - Started process (PID=35623) to work on /usr/local/python/3.12.1/lib/python3.12/site-packages/airflow/example_dags/example_branch_python_dop_operator_3.py
[2026-04-26T07:36:05.719+0000] {processor.py:830} INFO - Processing file /usr/local/python/3.12.1/lib/python3.12/site-packages/airflow/example_dags/example_branch_python_dop_operator_3.py for tasks to queue
[2026-04-26T07:36:05.720+0000] {logging_mixin.py:188} INFO - [2026-04-26T07:36:05.720+0000] {dagbag.py:540} INFO - Filling up the DagBag from /usr/local/python/3.12.1/lib/python3.12/site-packages/airflow/example_dags/example_branch_python_dop_operator_3.py
[2026-04-26T07:36:05.730+0000] {processor.py:840} INFO - DAG(s) 'example_branch_dop_operator_v3' retrieved from /usr/local/python/3.12.1/lib/python3.12/site-packages/airflow/example_dags/example_branch_python_dop_operator_3.py
[2026-04-26T07:36:05.741+0000] {logging_mixin.py:188} INFO - [2026-04-26T07:36:05.741+0000] {dag.py:3096} INFO - Sync 1 DAGs
[2026-04-26T07:36:05.758+0000] {logging_mixin.py:188} INFO - [2026-04-26T07:36:05.758+0000] {dag.py:3954} INFO - Setting next_dagrun for example_branch_dop_operator_v3 to 2026-04-26 07:35:00+00:00, run_after=2026-04-26 07:36:00+00:00
[2026-04-26T07:36:05.774+0000] {processor.py:183} INFO - Processing /usr/local/python/3.12.1/lib/python3.12/site-packages/airflow/example_dags/example_branch_python_dop_operator_3.py took 0.062 seconds
[2026-04-26T07:36:16.178+0000] {processor.py:161} INFO - Started process (PID=35720) to work on /usr/local/python/3.12.1/lib/python3.12/site-packages/airflow/example_dags/example_branch_python_dop_operator_3.py
[2026-04-26T07:36:16.179+0000] {processor.py:830} INFO - Processing file /usr/local/python/3.12.1/lib/python3.12/site-packages/airflow/example_dags/example_branch_python_dop_operator_3.py for tasks to queue
[2026-04-26T07:36:16.179+0000] {logging_mixin.py:188} INFO - [2026-04-26T07:36:16.179+0000] {dagbag.py:540} INFO - Filling up the DagBag from /usr/local/python/3.12.1/lib/python3.12/site-packages/airflow/example_dags/example_branch_python_dop_operator_3.py
[2026-04-26T07:36:16.186+0000] {processor.py:840} INFO - DAG(s) 'example_branch_dop_operator_v3' retrieved from /usr/local/python/3.12.1/lib/python3.12/site-packages/airflow/example_dags/example_branch_python_dop_operator_3.py
[2026-04-26T07:36:16.203+0000] {logging_mixin.py:188} INFO - [2026-04-26T07:36:16.203+0000] {dag.py:3096} INFO - Sync 1 DAGs
[2026-04-26T07:36:16.221+0000] {logging_mixin.py:188} INFO - [2026-04-26T07:36:16.221+0000] {dag.py:3954} INFO - Setting next_dagrun for example_branch_dop_operator_v3 to 2026-04-26 07:35:00+00:00, run_after=2026-04-26 07:36:00+00:00
[2026-04-26T07:36:16.238+0000] {processor.py:183} INFO - Processing /usr/local/python/3.12.1/lib/python3.12/site-packages/airflow/example_dags/example_branch_python_dop_operator_3.py took 0.064 seconds
[2026-04-26T07:36:24.245+0000] {processor.py:161} INFO - Started process (PID=35793) to work on /usr/local/python/3.12.1/lib/python3.12/site-packages/airflow/example_dags/example_branch_python_dop_operator_3.py
[2026-04-26T07:36:24.246+0000] {processor.py:830} INFO - Processing file /usr/local/python/3.12.1/lib/python3.12/site-packages/airflow/example_dags/example_branch_python_dop_operator_3.py for tasks to queue
[2026-04-26T07:36:24.246+0000] {logging_mixin.py:188} INFO - [2026-04-26T07:36:24.246+0000] {dagbag.py:540} INFO - Filling up the DagBag from /usr/local/python/3.12.1/lib/python3.12/site-packages/airflow/example_dags/example_branch_python_dop_operator_3.py
[2026-04-26T07:36:24.259+0000] {processor.py:840} INFO - DAG(s) 'example_branch_dop_operator_v3' retrieved from /usr/local/python/3.12.1/lib/python3.12/site-packages/airflow/example_dags/example_branch_python_dop_operator_3.py
[2026-04-26T07:36:24.277+0000] {logging_mixin.py:188} INFO - [2026-04-26T07:36:24.277+0000] {dag.py:3096} INFO - Sync 1 DAGs
[2026-04-26T07:36:24.296+0000] {logging_mixin.py:188} INFO - [2026-04-26T07:36:24.296+0000] {dag.py:3954} INFO - Setting next_dagrun for example_branch_dop_operator_v3 to 2026-04-26 07:35:00+00:00, run_after=2026-04-26 07:36:00+00:00
[2026-04-26T07:36:24.314+0000] {processor.py:183} INFO - Processing /usr/local/python/3.12.1/lib/python3.12/site-packages/airflow/example_dags/example_branch_python_dop_operator_3.py took 0.075 seconds
[2026-04-26T07:37:03.953+0000] {processor.py:161} INFO - Started process (PID=36140) to work on /usr/local/python/3.12.1/lib/python3.12/site-packages/airflow/example_dags/example_branch_python_dop_operator_3.py
[2026-04-26T07:37:03.954+0000] {processor.py:830} INFO - Processing file /usr/local/python/3.12.1/lib/python3.12/site-packages/airflow/example_dags/example_branch_python_dop_operator_3.py for tasks to queue
[2026-04-26T07:37:03.955+0000] {logging_mixin.py:188} INFO - [2026-04-26T07:37:03.954+0000] {dagbag.py:540} INFO - Filling up the DagBag from /usr/local/python/3.12.1/lib/python3.12/site-packages/airflow/example_dags/example_branch_python_dop_operator_3.py
[2026-04-26T07:37:03.962+0000] {processor.py:840} INFO - DAG(s) 'example_branch_dop_operator_v3' retrieved from /usr/local/python/3.12.1/lib/python3.12/site-packages/airflow/example_dags/example_branch_python_dop_operator_3.py
[2026-04-26T07:37:03.976+0000] {logging_mixin.py:188} INFO - [2026-04-26T07:37:03.975+0000] {dag.py:3096} INFO - Sync 1 DAGs
[2026-04-26T07:37:03.997+0000] {logging_mixin.py:188} INFO - [2026-04-26T07:37:03.997+0000] {dag.py:3954} INFO - Setting next_dagrun for example_branch_dop_operator_v3 to 2026-04-26 07:36:00+00:00, run_after=2026-04-26 07:37:00+00:00
[2026-04-26T07:37:04.013+0000] {processor.py:183} INFO - Processing /usr/local/python/3.12.1/lib/python3.12/site-packages/airflow/example_dags/example_branch_python_dop_operator_3.py took 0.064 seconds
[2026-04-26T07:37:12.947+0000] {processor.py:161} INFO - Started process (PID=36225) to work on /usr/local/python/3.12.1/lib/python3.12/site-packages/airflow/example_dags/example_branch_python_dop_operator_3.py
[2026-04-26T07:37:12.948+0000] {processor.py:830} INFO - Processing file /usr/local/python/3.12.1/lib/python3.12/site-packages/airflow/example_dags/example_branch_python_dop_operator_3.py for tasks to queue
[2026-04-26T07:37:12.949+0000] {logging_mixin.py:188} INFO - [2026-04-26T07:37:12.949+0000] {dagbag.py:540} INFO - Filling up the DagBag from /usr/local/python/3.12.1/lib/python3.12/site-packages/airflow/example_dags/example_branch_python_dop_operator_3.py
[2026-04-26T07:37:12.955+0000] {processor.py:840} INFO - DAG(s) 'example_branch_dop_operator_v3' retrieved from /usr/local/python/3.12.1/lib/python3.12/site-packages/airflow/example_dags/example_branch_python_dop_operator_3.py
[2026-04-26T07:37:12.966+0000] {logging_mixin.py:188} INFO - [2026-04-26T07:37:12.966+0000] {dag.py:3096} INFO - Sync 1 DAGs
[2026-04-26T07:37:12.983+0000] {logging_mixin.py:188} INFO - [2026-04-26T07:37:12.983+0000] {dag.py:3954} INFO - Setting next_dagrun for example_branch_dop_operator_v3 to 2026-04-26 07:36:00+00:00, run_after=2026-04-26 07:37:00+00:00
[2026-04-26T07:37:12.999+0000] {processor.py:183} INFO - Processing /usr/local/python/3.12.1/lib/python3.12/site-packages/airflow/example_dags/example_branch_python_dop_operator_3.py took 0.056 seconds
[2026-04-26T07:37:22.912+0000] {processor.py:161} INFO - Started process (PID=36318) to work on /usr/local/python/3.12.1/lib/python3.12/site-packages/airflow/example_dags/example_branch_python_dop_operator_3.py
[2026-04-26T07:37:22.912+0000] {processor.py:830} INFO - Processing file /usr/local/python/3.12.1/lib/python3.12/site-packages/airflow/example_dags/example_branch_python_dop_operator_3.py for tasks to queue
[2026-04-26T07:37:22.913+0000] {logging_mixin.py:188} INFO - [2026-04-26T07:37:22.913+0000] {dagbag.py:540} INFO - Filling up the DagBag from /usr/local/python/3.12.1/lib/python3.12/site-packages/airflow/example_dags/example_branch_python_dop_operator_3.py
[2026-04-26T07:37:22.920+0000] {processor.py:840} INFO - DAG(s) 'example_branch_dop_operator_v3' retrieved from /usr/local/python/3.12.1/lib/python3.12/site-packages/airflow/example_dags/example_branch_python_dop_operator_3.py
[2026-04-26T07:37:22.931+0000] {logging_mixin.py:188} INFO - [2026-04-26T07:37:22.931+0000] {dag.py:3096} INFO - Sync 1 DAGs
[2026-04-26T07:37:22.948+0000] {logging_mixin.py:188} INFO - [2026-04-26T07:37:22.948+0000] {dag.py:3954} INFO - Setting next_dagrun for example_branch_dop_operator_v3 to 2026-04-26 07:36:00+00:00, run_after=2026-04-26 07:37:00+00:00
[2026-04-26T07:37:22.965+0000] {processor.py:183} INFO - Processing /usr/local/python/3.12.1/lib/python3.12/site-packages/airflow/example_dags/example_branch_python_dop_operator_3.py took 0.057 seconds
[2026-04-26T07:37:59.307+0000] {processor.py:161} INFO - Started process (PID=36651) to work on /usr/local/python/3.12.1/lib/python3.12/site-packages/airflow/example_dags/example_branch_python_dop_operator_3.py
[2026-04-26T07:37:59.308+0000] {processor.py:830} INFO - Processing file /usr/local/python/3.12.1/lib/python3.12/site-packages/airflow/example_dags/example_branch_python_dop_operator_3.py for tasks to queue
[2026-04-26T07:37:59.309+0000] {logging_mixin.py:188} INFO - [2026-04-26T07:37:59.308+0000] {dagbag.py:540} INFO - Filling up the DagBag from /usr/local/python/3.12.1/lib/python3.12/site-packages/airflow/example_dags/example_branch_python_dop_operator_3.py
[2026-04-26T07:37:59.318+0000] {processor.py:840} INFO - DAG(s) 'example_branch_dop_operator_v3' retrieved from /usr/local/python/3.12.1/lib/python3.12/site-packages/airflow/example_dags/example_branch_python_dop_operator_3.py
[2026-04-26T07:37:59.331+0000] {logging_mixin.py:188} INFO - [2026-04-26T07:37:59.331+0000] {dag.py:3096} INFO - Sync 1 DAGs
[2026-04-26T07:37:59.349+0000] {logging_mixin.py:188} INFO - [2026-04-26T07:37:59.348+0000] {dag.py:3954} INFO - Setting next_dagrun for example_branch_dop_operator_v3 to 2026-04-26 07:36:00+00:00, run_after=2026-04-26 07:37:00+00:00
[2026-04-26T07:37:59.365+0000] {processor.py:183} INFO - Processing /usr/local/python/3.12.1/lib/python3.12/site-packages/airflow/example_dags/example_branch_python_dop_operator_3.py took 0.064 seconds
[2026-04-26T07:38:11.896+0000] {processor.py:161} INFO - Started process (PID=36765) to work on /usr/local/python/3.12.1/lib/python3.12/site-packages/airflow/example_dags/example_branch_python_dop_operator_3.py
[2026-04-26T07:38:11.897+0000] {processor.py:830} INFO - Processing file /usr/local/python/3.12.1/lib/python3.12/site-packages/airflow/example_dags/example_branch_python_dop_operator_3.py for tasks to queue
[2026-04-26T07:38:11.898+0000] {logging_mixin.py:188} INFO - [2026-04-26T07:38:11.898+0000] {dagbag.py:540} INFO - Filling up the DagBag from /usr/local/python/3.12.1/lib/python3.12/site-packages/airflow/example_dags/example_branch_python_dop_operator_3.py
[2026-04-26T07:38:11.915+0000] {processor.py:840} INFO - DAG(s) 'example_branch_dop_operator_v3' retrieved from /usr/local/python/3.12.1/lib/python3.12/site-packages/airflow/example_dags/example_branch_python_dop_operator_3.py
[2026-04-26T07:38:11.931+0000] {logging_mixin.py:188} INFO - [2026-04-26T07:38:11.931+0000] {dag.py:3096} INFO - Sync 1 DAGs
[2026-04-26T07:38:11.957+0000] {logging_mixin.py:188} INFO - [2026-04-26T07:38:11.957+0000] {dag.py:3954} INFO - Setting next_dagrun for example_branch_dop_operator_v3 to 2026-04-26 07:37:00+00:00, run_after=2026-04-26 07:38:00+00:00
[2026-04-26T07:38:11.976+0000] {processor.py:183} INFO - Processing /usr/local/python/3.12.1/lib/python3.12/site-packages/airflow/example_dags/example_branch_python_dop_operator_3.py took 0.087 seconds
[2026-04-26T07:38:21.935+0000] {processor.py:161} INFO - Started process (PID=36851) to work on /usr/local/python/3.12.1/lib/python3.12/site-packages/airflow/example_dags/example_branch_python_dop_operator_3.py
[2026-04-26T07:38:21.935+0000] {processor.py:830} INFO - Processing file /usr/local/python/3.12.1/lib/python3.12/site-packages/airflow/example_dags/example_branch_python_dop_operator_3.py for tasks to queue
[2026-04-26T07:38:21.936+0000] {logging_mixin.py:188} INFO - [2026-04-26T07:38:21.936+0000] {dagbag.py:540} INFO - Filling up the DagBag from /usr/local/python/3.12.1/lib/python3.12/site-packages/airflow/example_dags/example_branch_python_dop_operator_3.py
[2026-04-26T07:38:21.943+0000] {processor.py:840} INFO - DAG(s) 'example_branch_dop_operator_v3' retrieved from /usr/local/python/3.12.1/lib/python3.12/site-packages/airflow/example_dags/example_branch_python_dop_operator_3.py
[2026-04-26T07:38:21.954+0000] {logging_mixin.py:188} INFO - [2026-04-26T07:38:21.954+0000] {dag.py:3096} INFO - Sync 1 DAGs
[2026-04-26T07:38:21.971+0000] {logging_mixin.py:188} INFO - [2026-04-26T07:38:21.971+0000] {dag.py:3954} INFO - Setting next_dagrun for example_branch_dop_operator_v3 to 2026-04-26 07:37:00+00:00, run_after=2026-04-26 07:38:00+00:00
[2026-04-26T07:38:21.993+0000] {processor.py:183} INFO - Processing /usr/local/python/3.12.1/lib/python3.12/site-packages/airflow/example_dags/example_branch_python_dop_operator_3.py took 0.062 seconds
[2026-04-26T07:39:02.512+0000] {processor.py:161} INFO - Started process (PID=37345) to work on /usr/local/python/3.12.1/lib/python3.12/site-packages/airflow/example_dags/example_branch_python_dop_operator_3.py
[2026-04-26T07:39:02.513+0000] {processor.py:830} INFO - Processing file /usr/local/python/3.12.1/lib/python3.12/site-packages/airflow/example_dags/example_branch_python_dop_operator_3.py for tasks to queue
[2026-04-26T07:39:02.514+0000] {logging_mixin.py:188} INFO - [2026-04-26T07:39:02.514+0000] {dagbag.py:540} INFO - Filling up the DagBag from /usr/local/python/3.12.1/lib/python3.12/site-packages/airflow/example_dags/example_branch_python_dop_operator_3.py
[2026-04-26T07:39:02.526+0000] {processor.py:840} INFO - DAG(s) 'example_branch_dop_operator_v3' retrieved from /usr/local/python/3.12.1/lib/python3.12/site-packages/airflow/example_dags/example_branch_python_dop_operator_3.py
[2026-04-26T07:39:02.548+0000] {logging_mixin.py:188} INFO - [2026-04-26T07:39:02.548+0000] {dag.py:3096} INFO - Sync 1 DAGs
[2026-04-26T07:39:02.591+0000] {logging_mixin.py:188} INFO - [2026-04-26T07:39:02.591+0000] {dag.py:3954} INFO - Setting next_dagrun for example_branch_dop_operator_v3 to 2026-04-26 07:38:00+00:00, run_after=2026-04-26 07:39:00+00:00
[2026-04-26T07:39:02.614+0000] {processor.py:183} INFO - Processing /usr/local/python/3.12.1/lib/python3.12/site-packages/airflow/example_dags/example_branch_python_dop_operator_3.py took 0.107 seconds
[2026-04-26T07:39:13.835+0000] {processor.py:161} INFO - Started process (PID=37570) to work on /usr/local/python/3.12.1/lib/python3.12/site-packages/airflow/example_dags/example_branch_python_dop_operator_3.py
[2026-04-26T07:39:13.836+0000] {processor.py:830} INFO - Processing file /usr/local/python/3.12.1/lib/python3.12/site-packages/airflow/example_dags/example_branch_python_dop_operator_3.py for tasks to queue
[2026-04-26T07:39:13.837+0000] {logging_mixin.py:188} INFO - [2026-04-26T07:39:13.836+0000] {dagbag.py:540} INFO - Filling up the DagBag from /usr/local/python/3.12.1/lib/python3.12/site-packages/airflow/example_dags/example_branch_python_dop_operator_3.py
[2026-04-26T07:39:13.844+0000] {processor.py:840} INFO - DAG(s) 'example_branch_dop_operator_v3' retrieved from /usr/local/python/3.12.1/lib/python3.12/site-packages/airflow/example_dags/example_branch_python_dop_operator_3.py
[2026-04-26T07:39:13.856+0000] {logging_mixin.py:188} INFO - [2026-04-26T07:39:13.856+0000] {dag.py:3096} INFO - Sync 1 DAGs
[2026-04-26T07:39:13.874+0000] {logging_mixin.py:188} INFO - [2026-04-26T07:39:13.873+0000] {dag.py:3954} INFO - Setting next_dagrun for example_branch_dop_operator_v3 to 2026-04-26 07:38:00+00:00, run_after=2026-04-26 07:39:00+00:00
[2026-04-26T07:39:13.891+0000] {processor.py:183} INFO - Processing /usr/local/python/3.12.1/lib/python3.12/site-packages/airflow/example_dags/example_branch_python_dop_operator_3.py took 0.061 seconds
[2026-04-26T07:39:26.557+0000] {processor.py:161} INFO - Started process (PID=37808) to work on /usr/local/python/3.12.1/lib/python3.12/site-packages/airflow/example_dags/example_branch_python_dop_operator_3.py
[2026-04-26T07:39:26.558+0000] {processor.py:830} INFO - Processing file /usr/local/python/3.12.1/lib/python3.12/site-packages/airflow/example_dags/example_branch_python_dop_operator_3.py for tasks to queue
[2026-04-26T07:39:26.558+0000] {logging_mixin.py:188} INFO - [2026-04-26T07:39:26.558+0000] {dagbag.py:540} INFO - Filling up the DagBag from /usr/local/python/3.12.1/lib/python3.12/site-packages/airflow/example_dags/example_branch_python_dop_operator_3.py
[2026-04-26T07:39:26.565+0000] {processor.py:840} INFO - DAG(s) 'example_branch_dop_operator_v3' retrieved from /usr/local/python/3.12.1/lib/python3.12/site-packages/airflow/example_dags/example_branch_python_dop_operator_3.py
[2026-04-26T07:39:26.577+0000] {logging_mixin.py:188} INFO - [2026-04-26T07:39:26.577+0000] {dag.py:3096} INFO - Sync 1 DAGs
[2026-04-26T07:39:26.597+0000] {logging_mixin.py:188} INFO - [2026-04-26T07:39:26.597+0000] {dag.py:3954} INFO - Setting next_dagrun for example_branch_dop_operator_v3 to 2026-04-26 07:38:00+00:00, run_after=2026-04-26 07:39:00+00:00
[2026-04-26T07:39:26.613+0000] {processor.py:183} INFO - Processing /usr/local/python/3.12.1/lib/python3.12/site-packages/airflow/example_dags/example_branch_python_dop_operator_3.py took 0.060 seconds
[2026-04-26T07:40:05.538+0000] {processor.py:161} INFO - Started process (PID=38419) to work on /usr/local/python/3.12.1/lib/python3.12/site-packages/airflow/example_dags/example_branch_python_dop_operator_3.py
[2026-04-26T07:40:05.539+0000] {processor.py:830} INFO - Processing file /usr/local/python/3.12.1/lib/python3.12/site-packages/airflow/example_dags/example_branch_python_dop_operator_3.py for tasks to queue
[2026-04-26T07:40:05.540+0000] {logging_mixin.py:188} INFO - [2026-04-26T07:40:05.539+0000] {dagbag.py:540} INFO - Filling up the DagBag from /usr/local/python/3.12.1/lib/python3.12/site-packages/airflow/example_dags/example_branch_python_dop_operator_3.py
[2026-04-26T07:40:05.547+0000] {processor.py:840} INFO - DAG(s) 'example_branch_dop_operator_v3' retrieved from /usr/local/python/3.12.1/lib/python3.12/site-packages/airflow/example_dags/example_branch_python_dop_operator_3.py
[2026-04-26T07:40:05.559+0000] {logging_mixin.py:188} INFO - [2026-04-26T07:40:05.558+0000] {dag.py:3096} INFO - Sync 1 DAGs
[2026-04-26T07:40:05.576+0000] {logging_mixin.py:188} INFO - [2026-04-26T07:40:05.576+0000] {dag.py:3954} INFO - Setting next_dagrun for example_branch_dop_operator_v3 to 2026-04-26 07:39:00+00:00, run_after=2026-04-26 07:40:00+00:00
[2026-04-26T07:40:05.592+0000] {processor.py:183} INFO - Processing /usr/local/python/3.12.1/lib/python3.12/site-packages/airflow/example_dags/example_branch_python_dop_operator_3.py took 0.058 seconds
[2026-04-26T07:40:14.639+0000] {processor.py:161} INFO - Started process (PID=38567) to work on /usr/local/python/3.12.1/lib/python3.12/site-packages/airflow/example_dags/example_branch_python_dop_operator_3.py
[2026-04-26T07:40:14.640+0000] {processor.py:830} INFO - Processing file /usr/local/python/3.12.1/lib/python3.12/site-packages/airflow/example_dags/example_branch_python_dop_operator_3.py for tasks to queue
[2026-04-26T07:40:14.640+0000] {logging_mixin.py:188} INFO - [2026-04-26T07:40:14.640+0000] {dagbag.py:540} INFO - Filling up the DagBag from /usr/local/python/3.12.1/lib/python3.12/site-packages/airflow/example_dags/example_branch_python_dop_operator_3.py
[2026-04-26T07:40:14.647+0000] {processor.py:840} INFO - DAG(s) 'example_branch_dop_operator_v3' retrieved from /usr/local/python/3.12.1/lib/python3.12/site-packages/airflow/example_dags/example_branch_python_dop_operator_3.py
[2026-04-26T07:40:14.659+0000] {logging_mixin.py:188} INFO - [2026-04-26T07:40:14.658+0000] {dag.py:3096} INFO - Sync 1 DAGs
[2026-04-26T07:40:14.676+0000] {logging_mixin.py:188} INFO - [2026-04-26T07:40:14.676+0000] {dag.py:3954} INFO - Setting next_dagrun for example_branch_dop_operator_v3 to 2026-04-26 07:39:00+00:00, run_after=2026-04-26 07:40:00+00:00
[2026-04-26T07:40:14.692+0000] {processor.py:183} INFO - Processing /usr/local/python/3.12.1/lib/python3.12/site-packages/airflow/example_dags/example_branch_python_dop_operator_3.py took 0.058 seconds
[2026-04-26T07:40:27.508+0000] {processor.py:161} INFO - Started process (PID=38745) to work on /usr/local/python/3.12.1/lib/python3.12/site-packages/airflow/example_dags/example_branch_python_dop_operator_3.py
[2026-04-26T07:40:27.509+0000] {processor.py:830} INFO - Processing file /usr/local/python/3.12.1/lib/python3.12/site-packages/airflow/example_dags/example_branch_python_dop_operator_3.py for tasks to queue
[2026-04-26T07:40:27.511+0000] {logging_mixin.py:188} INFO - [2026-04-26T07:40:27.510+0000] {dagbag.py:540} INFO - Filling up the DagBag from /usr/local/python/3.12.1/lib/python3.12/site-packages/airflow/example_dags/example_branch_python_dop_operator_3.py
[2026-04-26T07:40:27.520+0000] {processor.py:840} INFO - DAG(s) 'example_branch_dop_operator_v3' retrieved from /usr/local/python/3.12.1/lib/python3.12/site-packages/airflow/example_dags/example_branch_python_dop_operator_3.py
[2026-04-26T07:40:27.556+0000] {logging_mixin.py:188} INFO - [2026-04-26T07:40:27.556+0000] {dag.py:3096} INFO - Sync 1 DAGs
[2026-04-26T07:40:27.605+0000] {logging_mixin.py:188} INFO - [2026-04-26T07:40:27.605+0000] {dag.py:3954} INFO - Setting next_dagrun for example_branch_dop_operator_v3 to 2026-04-26 07:39:00+00:00, run_after=2026-04-26 07:40:00+00:00
[2026-04-26T07:40:27.629+0000] {processor.py:183} INFO - Processing /usr/local/python/3.12.1/lib/python3.12/site-packages/airflow/example_dags/example_branch_python_dop_operator_3.py took 0.127 seconds
[2026-04-26T07:41:05.246+0000] {processor.py:161} INFO - Started process (PID=39313) to work on /usr/local/python/3.12.1/lib/python3.12/site-packages/airflow/example_dags/example_branch_python_dop_operator_3.py
[2026-04-26T07:41:05.247+0000] {processor.py:830} INFO - Processing file /usr/local/python/3.12.1/lib/python3.12/site-packages/airflow/example_dags/example_branch_python_dop_operator_3.py for tasks to queue
[2026-04-26T07:41:05.248+0000] {logging_mixin.py:188} INFO - [2026-04-26T07:41:05.248+0000] {dagbag.py:540} INFO - Filling up the DagBag from /usr/local/python/3.12.1/lib/python3.12/site-packages/airflow/example_dags/example_branch_python_dop_operator_3.py
[2026-04-26T07:41:05.256+0000] {processor.py:840} INFO - DAG(s) 'example_branch_dop_operator_v3' retrieved from /usr/local/python/3.12.1/lib/python3.12/site-packages/airflow/example_dags/example_branch_python_dop_operator_3.py
[2026-04-26T07:41:05.267+0000] {logging_mixin.py:188} INFO - [2026-04-26T07:41:05.267+0000] {dag.py:3096} INFO - Sync 1 DAGs
[2026-04-26T07:41:05.285+0000] {logging_mixin.py:188} INFO - [2026-04-26T07:41:05.285+0000] {dag.py:3954} INFO - Setting next_dagrun for example_branch_dop_operator_v3 to 2026-04-26 07:40:00+00:00, run_after=2026-04-26 07:41:00+00:00
[2026-04-26T07:41:05.301+0000] {processor.py:183} INFO - Processing /usr/local/python/3.12.1/lib/python3.12/site-packages/airflow/example_dags/example_branch_python_dop_operator_3.py took 0.060 seconds
[2026-04-26T07:41:13.327+0000] {processor.py:161} INFO - Started process (PID=39449) to work on /usr/local/python/3.12.1/lib/python3.12/site-packages/airflow/example_dags/example_branch_python_dop_operator_3.py
[2026-04-26T07:41:13.328+0000] {processor.py:830} INFO - Processing file /usr/local/python/3.12.1/lib/python3.12/site-packages/airflow/example_dags/example_branch_python_dop_operator_3.py for tasks to queue
[2026-04-26T07:41:13.328+0000] {logging_mixin.py:188} INFO - [2026-04-26T07:41:13.328+0000] {dagbag.py:540} INFO - Filling up the DagBag from /usr/local/python/3.12.1/lib/python3.12/site-packages/airflow/example_dags/example_branch_python_dop_operator_3.py
[2026-04-26T07:41:13.335+0000] {processor.py:840} INFO - DAG(s) 'example_branch_dop_operator_v3' retrieved from /usr/local/python/3.12.1/lib/python3.12/site-packages/airflow/example_dags/example_branch_python_dop_operator_3.py
[2026-04-26T07:41:13.347+0000] {logging_mixin.py:188} INFO - [2026-04-26T07:41:13.347+0000] {dag.py:3096} INFO - Sync 1 DAGs
[2026-04-26T07:41:13.364+0000] {logging_mixin.py:188} INFO - [2026-04-26T07:41:13.364+0000] {dag.py:3954} INFO - Setting next_dagrun for example_branch_dop_operator_v3 to 2026-04-26 07:40:00+00:00, run_after=2026-04-26 07:41:00+00:00
[2026-04-26T07:41:13.382+0000] {processor.py:183} INFO - Processing /usr/local/python/3.12.1/lib/python3.12/site-packages/airflow/example_dags/example_branch_python_dop_operator_3.py took 0.059 seconds
[2026-04-26T07:41:28.707+0000] {processor.py:161} INFO - Started process (PID=39582) to work on /usr/local/python/3.12.1/lib/python3.12/site-packages/airflow/example_dags/example_branch_python_dop_operator_3.py
[2026-04-26T07:41:28.707+0000] {processor.py:830} INFO - Processing file /usr/local/python/3.12.1/lib/python3.12/site-packages/airflow/example_dags/example_branch_python_dop_operator_3.py for tasks to queue
[2026-04-26T07:41:28.708+0000] {logging_mixin.py:188} INFO - [2026-04-26T07:41:28.708+0000] {dagbag.py:540} INFO - Filling up the DagBag from /usr/local/python/3.12.1/lib/python3.12/site-packages/airflow/example_dags/example_branch_python_dop_operator_3.py
[2026-04-26T07:41:28.715+0000] {processor.py:840} INFO - DAG(s) 'example_branch_dop_operator_v3' retrieved from /usr/local/python/3.12.1/lib/python3.12/site-packages/airflow/example_dags/example_branch_python_dop_operator_3.py
[2026-04-26T07:41:28.727+0000] {logging_mixin.py:188} INFO - [2026-04-26T07:41:28.727+0000] {dag.py:3096} INFO - Sync 1 DAGs
[2026-04-26T07:41:28.745+0000] {logging_mixin.py:188} INFO - [2026-04-26T07:41:28.744+0000] {dag.py:3954} INFO - Setting next_dagrun for example_branch_dop_operator_v3 to 2026-04-26 07:40:00+00:00, run_after=2026-04-26 07:41:00+00:00
[2026-04-26T07:41:28.760+0000] {processor.py:183} INFO - Processing /usr/local/python/3.12.1/lib/python3.12/site-packages/airflow/example_dags/example_branch_python_dop_operator_3.py took 0.058 seconds
[2026-04-26T07:42:06.960+0000] {processor.py:161} INFO - Started process (PID=39964) to work on /usr/local/python/3.12.1/lib/python3.12/site-packages/airflow/example_dags/example_branch_python_dop_operator_3.py
[2026-04-26T07:42:06.962+0000] {processor.py:830} INFO - Processing file /usr/local/python/3.12.1/lib/python3.12/site-packages/airflow/example_dags/example_branch_python_dop_operator_3.py for tasks to queue
[2026-04-26T07:42:06.963+0000] {logging_mixin.py:188} INFO - [2026-04-26T07:42:06.962+0000] {dagbag.py:540} INFO - Filling up the DagBag from /usr/local/python/3.12.1/lib/python3.12/site-packages/airflow/example_dags/example_branch_python_dop_operator_3.py
[2026-04-26T07:42:06.973+0000] {processor.py:840} INFO - DAG(s) 'example_branch_dop_operator_v3' retrieved from /usr/local/python/3.12.1/lib/python3.12/site-packages/airflow/example_dags/example_branch_python_dop_operator_3.py
[2026-04-26T07:42:07.000+0000] {logging_mixin.py:188} INFO - [2026-04-26T07:42:07.000+0000] {dag.py:3096} INFO - Sync 1 DAGs
[2026-04-26T07:42:07.022+0000] {logging_mixin.py:188} INFO - [2026-04-26T07:42:07.022+0000] {dag.py:3954} INFO - Setting next_dagrun for example_branch_dop_operator_v3 to 2026-04-26 07:41:00+00:00, run_after=2026-04-26 07:42:00+00:00
[2026-04-26T07:42:07.042+0000] {processor.py:183} INFO - Processing /usr/local/python/3.12.1/lib/python3.12/site-packages/airflow/example_dags/example_branch_python_dop_operator_3.py took 0.088 seconds
[2026-04-26T07:42:14.000+0000] {processor.py:161} INFO - Started process (PID=40028) to work on /usr/local/python/3.12.1/lib/python3.12/site-packages/airflow/example_dags/example_branch_python_dop_operator_3.py
[2026-04-26T07:42:14.001+0000] {processor.py:830} INFO - Processing file /usr/local/python/3.12.1/lib/python3.12/site-packages/airflow/example_dags/example_branch_python_dop_operator_3.py for tasks to queue
[2026-04-26T07:42:14.002+0000] {logging_mixin.py:188} INFO - [2026-04-26T07:42:14.002+0000] {dagbag.py:540} INFO - Filling up the DagBag from /usr/local/python/3.12.1/lib/python3.12/site-packages/airflow/example_dags/example_branch_python_dop_operator_3.py
[2026-04-26T07:42:14.012+0000] {processor.py:840} INFO - DAG(s) 'example_branch_dop_operator_v3' retrieved from /usr/local/python/3.12.1/lib/python3.12/site-packages/airflow/example_dags/example_branch_python_dop_operator_3.py
[2026-04-26T07:42:14.031+0000] {logging_mixin.py:188} INFO - [2026-04-26T07:42:14.031+0000] {dag.py:3096} INFO - Sync 1 DAGs
[2026-04-26T07:42:14.058+0000] {logging_mixin.py:188} INFO - [2026-04-26T07:42:14.058+0000] {dag.py:3954} INFO - Setting next_dagrun for example_branch_dop_operator_v3 to 2026-04-26 07:41:00+00:00, run_after=2026-04-26 07:42:00+00:00
[2026-04-26T07:42:14.086+0000] {processor.py:183} INFO - Processing /usr/local/python/3.12.1/lib/python3.12/site-packages/airflow/example_dags/example_branch_python_dop_operator_3.py took 0.092 seconds
[2026-04-26T07:42:34.251+0000] {processor.py:161} INFO - Started process (PID=40219) to work on /usr/local/python/3.12.1/lib/python3.12/site-packages/airflow/example_dags/example_branch_python_dop_operator_3.py
[2026-04-26T07:42:34.252+0000] {processor.py:830} INFO - Processing file /usr/local/python/3.12.1/lib/python3.12/site-packages/airflow/example_dags/example_branch_python_dop_operator_3.py for tasks to queue
[2026-04-26T07:42:34.252+0000] {logging_mixin.py:188} INFO - [2026-04-26T07:42:34.252+0000] {dagbag.py:540} INFO - Filling up the DagBag from /usr/local/python/3.12.1/lib/python3.12/site-packages/airflow/example_dags/example_branch_python_dop_operator_3.py
[2026-04-26T07:42:34.262+0000] {processor.py:840} INFO - DAG(s) 'example_branch_dop_operator_v3' retrieved from /usr/local/python/3.12.1/lib/python3.12/site-packages/airflow/example_dags/example_branch_python_dop_operator_3.py
[2026-04-26T07:42:34.281+0000] {logging_mixin.py:188} INFO - [2026-04-26T07:42:34.279+0000] {dag.py:3096} INFO - Sync 1 DAGs
[2026-04-26T07:42:34.333+0000] {logging_mixin.py:188} INFO - [2026-04-26T07:42:34.332+0000] {dag.py:3954} INFO - Setting next_dagrun for example_branch_dop_operator_v3 to 2026-04-26 07:41:00+00:00, run_after=2026-04-26 07:42:00+00:00
[2026-04-26T07:42:34.358+0000] {processor.py:183} INFO - Processing /usr/local/python/3.12.1/lib/python3.12/site-packages/airflow/example_dags/example_branch_python_dop_operator_3.py took 0.113 seconds
[2026-04-26T07:43:08.618+0000] {processor.py:161} INFO - Started process (PID=40518) to work on /usr/local/python/3.12.1/lib/python3.12/site-packages/airflow/example_dags/example_branch_python_dop_operator_3.py
[2026-04-26T07:43:08.619+0000] {processor.py:830} INFO - Processing file /usr/local/python/3.12.1/lib/python3.12/site-packages/airflow/example_dags/example_branch_python_dop_operator_3.py for tasks to queue
[2026-04-26T07:43:08.620+0000] {logging_mixin.py:188} INFO - [2026-04-26T07:43:08.619+0000] {dagbag.py:540} INFO - Filling up the DagBag from /usr/local/python/3.12.1/lib/python3.12/site-packages/airflow/example_dags/example_branch_python_dop_operator_3.py
[2026-04-26T07:43:08.626+0000] {processor.py:840} INFO - DAG(s) 'example_branch_dop_operator_v3' retrieved from /usr/local/python/3.12.1/lib/python3.12/site-packages/airflow/example_dags/example_branch_python_dop_operator_3.py
[2026-04-26T07:43:08.638+0000] {logging_mixin.py:188} INFO - [2026-04-26T07:43:08.638+0000] {dag.py:3096} INFO - Sync 1 DAGs
[2026-04-26T07:43:08.655+0000] {logging_mixin.py:188} INFO - [2026-04-26T07:43:08.655+0000] {dag.py:3954} INFO - Setting next_dagrun for example_branch_dop_operator_v3 to 2026-04-26 07:42:00+00:00, run_after=2026-04-26 07:43:00+00:00
[2026-04-26T07:43:08.675+0000] {processor.py:183} INFO - Processing /usr/local/python/3.12.1/lib/python3.12/site-packages/airflow/example_dags/example_branch_python_dop_operator_3.py took 0.062 seconds
[2026-04-26T07:43:14.949+0000] {processor.py:161} INFO - Started process (PID=40589) to work on /usr/local/python/3.12.1/lib/python3.12/site-packages/airflow/example_dags/example_branch_python_dop_operator_3.py
[2026-04-26T07:43:14.950+0000] {processor.py:830} INFO - Processing file /usr/local/python/3.12.1/lib/python3.12/site-packages/airflow/example_dags/example_branch_python_dop_operator_3.py for tasks to queue
[2026-04-26T07:43:14.951+0000] {logging_mixin.py:188} INFO - [2026-04-26T07:43:14.951+0000] {dagbag.py:540} INFO - Filling up the DagBag from /usr/local/python/3.12.1/lib/python3.12/site-packages/airflow/example_dags/example_branch_python_dop_operator_3.py
[2026-04-26T07:43:14.962+0000] {processor.py:840} INFO - DAG(s) 'example_branch_dop_operator_v3' retrieved from /usr/local/python/3.12.1/lib/python3.12/site-packages/airflow/example_dags/example_branch_python_dop_operator_3.py
[2026-04-26T07:43:14.979+0000] {logging_mixin.py:188} INFO - [2026-04-26T07:43:14.979+0000] {dag.py:3096} INFO - Sync 1 DAGs
[2026-04-26T07:43:15.012+0000] {logging_mixin.py:188} INFO - [2026-04-26T07:43:15.012+0000] {dag.py:3954} INFO - Setting next_dagrun for example_branch_dop_operator_v3 to 2026-04-26 07:42:00+00:00, run_after=2026-04-26 07:43:00+00:00
[2026-04-26T07:43:15.032+0000] {processor.py:183} INFO - Processing /usr/local/python/3.12.1/lib/python3.12/site-packages/airflow/example_dags/example_branch_python_dop_operator_3.py took 0.091 seconds
[2026-04-26T07:43:41.284+0000] {processor.py:161} INFO - Started process (PID=41364) to work on /usr/local/python/3.12.1/lib/python3.12/site-packages/airflow/example_dags/example_branch_python_dop_operator_3.py
[2026-04-26T07:43:41.289+0000] {processor.py:830} INFO - Processing file /usr/local/python/3.12.1/lib/python3.12/site-packages/airflow/example_dags/example_branch_python_dop_operator_3.py for tasks to queue
[2026-04-26T07:43:41.291+0000] {logging_mixin.py:188} INFO - [2026-04-26T07:43:41.291+0000] {dagbag.py:540} INFO - Filling up the DagBag from /usr/local/python/3.12.1/lib/python3.12/site-packages/airflow/example_dags/example_branch_python_dop_operator_3.py
[2026-04-26T07:43:41.336+0000] {processor.py:840} INFO - DAG(s) 'example_branch_dop_operator_v3' retrieved from /usr/local/python/3.12.1/lib/python3.12/site-packages/airflow/example_dags/example_branch_python_dop_operator_3.py
[2026-04-26T07:43:41.516+0000] {logging_mixin.py:188} INFO - [2026-04-26T07:43:41.515+0000] {dag.py:3096} INFO - Sync 1 DAGs
[2026-04-26T07:43:41.644+0000] {logging_mixin.py:188} INFO - [2026-04-26T07:43:41.644+0000] {dag.py:3954} INFO - Setting next_dagrun for example_branch_dop_operator_v3 to 2026-04-26 07:42:00+00:00, run_after=2026-04-26 07:43:00+00:00
[2026-04-26T07:43:41.713+0000] {processor.py:183} INFO - Processing /usr/local/python/3.12.1/lib/python3.12/site-packages/airflow/example_dags/example_branch_python_dop_operator_3.py took 0.447 seconds
[2026-04-26T07:44:25.426+0000] {processor.py:161} INFO - Started process (PID=43415) to work on /usr/local/python/3.12.1/lib/python3.12/site-packages/airflow/example_dags/example_branch_python_dop_operator_3.py
[2026-04-26T07:44:25.444+0000] {processor.py:830} INFO - Processing file /usr/local/python/3.12.1/lib/python3.12/site-packages/airflow/example_dags/example_branch_python_dop_operator_3.py for tasks to queue
[2026-04-26T07:44:25.445+0000] {logging_mixin.py:188} INFO - [2026-04-26T07:44:25.445+0000] {dagbag.py:540} INFO - Filling up the DagBag from /usr/local/python/3.12.1/lib/python3.12/site-packages/airflow/example_dags/example_branch_python_dop_operator_3.py
[2026-04-26T07:44:25.576+0000] {processor.py:840} INFO - DAG(s) 'example_branch_dop_operator_v3' retrieved from /usr/local/python/3.12.1/lib/python3.12/site-packages/airflow/example_dags/example_branch_python_dop_operator_3.py
[2026-04-26T07:44:25.726+0000] {logging_mixin.py:188} INFO - [2026-04-26T07:44:25.725+0000] {dag.py:3096} INFO - Sync 1 DAGs
[2026-04-26T07:44:26.089+0000] {logging_mixin.py:188} INFO - [2026-04-26T07:44:26.082+0000] {dag.py:3954} INFO - Setting next_dagrun for example_branch_dop_operator_v3 to 2026-04-26 07:43:00+00:00, run_after=2026-04-26 07:44:00+00:00
[2026-04-26T07:44:26.263+0000] {processor.py:183} INFO - Processing /usr/local/python/3.12.1/lib/python3.12/site-packages/airflow/example_dags/example_branch_python_dop_operator_3.py took 0.902 seconds
[2026-04-26T07:44:44.738+0000] {processor.py:161} INFO - Started process (PID=43726) to work on /usr/local/python/3.12.1/lib/python3.12/site-packages/airflow/example_dags/example_branch_python_dop_operator_3.py
[2026-04-26T07:44:44.738+0000] {processor.py:830} INFO - Processing file /usr/local/python/3.12.1/lib/python3.12/site-packages/airflow/example_dags/example_branch_python_dop_operator_3.py for tasks to queue
[2026-04-26T07:44:44.739+0000] {logging_mixin.py:188} INFO - [2026-04-26T07:44:44.739+0000] {dagbag.py:540} INFO - Filling up the DagBag from /usr/local/python/3.12.1/lib/python3.12/site-packages/airflow/example_dags/example_branch_python_dop_operator_3.py
[2026-04-26T07:44:44.746+0000] {processor.py:840} INFO - DAG(s) 'example_branch_dop_operator_v3' retrieved from /usr/local/python/3.12.1/lib/python3.12/site-packages/airflow/example_dags/example_branch_python_dop_operator_3.py
[2026-04-26T07:44:44.761+0000] {logging_mixin.py:188} INFO - [2026-04-26T07:44:44.760+0000] {dag.py:3096} INFO - Sync 1 DAGs
[2026-04-26T07:44:44.785+0000] {logging_mixin.py:188} INFO - [2026-04-26T07:44:44.785+0000] {dag.py:3954} INFO - Setting next_dagrun for example_branch_dop_operator_v3 to 2026-04-26 07:43:00+00:00, run_after=2026-04-26 07:44:00+00:00
[2026-04-26T07:44:44.803+0000] {processor.py:183} INFO - Processing /usr/local/python/3.12.1/lib/python3.12/site-packages/airflow/example_dags/example_branch_python_dop_operator_3.py took 0.069 seconds
[2026-04-26T07:45:09.917+0000] {processor.py:161} INFO - Started process (PID=44232) to work on /usr/local/python/3.12.1/lib/python3.12/site-packages/airflow/example_dags/example_branch_python_dop_operator_3.py
[2026-04-26T07:45:09.917+0000] {processor.py:830} INFO - Processing file /usr/local/python/3.12.1/lib/python3.12/site-packages/airflow/example_dags/example_branch_python_dop_operator_3.py for tasks to queue
[2026-04-26T07:45:09.918+0000] {logging_mixin.py:188} INFO - [2026-04-26T07:45:09.918+0000] {dagbag.py:540} INFO - Filling up the DagBag from /usr/local/python/3.12.1/lib/python3.12/site-packages/airflow/example_dags/example_branch_python_dop_operator_3.py
[2026-04-26T07:45:09.925+0000] {processor.py:840} INFO - DAG(s) 'example_branch_dop_operator_v3' retrieved from /usr/local/python/3.12.1/lib/python3.12/site-packages/airflow/example_dags/example_branch_python_dop_operator_3.py
[2026-04-26T07:45:09.937+0000] {logging_mixin.py:188} INFO - [2026-04-26T07:45:09.936+0000] {dag.py:3096} INFO - Sync 1 DAGs
[2026-04-26T07:45:09.954+0000] {logging_mixin.py:188} INFO - [2026-04-26T07:45:09.954+0000] {dag.py:3954} INFO - Setting next_dagrun for example_branch_dop_operator_v3 to 2026-04-26 07:44:00+00:00, run_after=2026-04-26 07:45:00+00:00
[2026-04-26T07:45:09.972+0000] {processor.py:183} INFO - Processing /usr/local/python/3.12.1/lib/python3.12/site-packages/airflow/example_dags/example_branch_python_dop_operator_3.py took 0.060 seconds
[2026-04-26T07:45:36.029+0000] {processor.py:161} INFO - Started process (PID=44536) to work on /usr/local/python/3.12.1/lib/python3.12/site-packages/airflow/example_dags/example_branch_python_dop_operator_3.py
[2026-04-26T07:45:36.030+0000] {processor.py:830} INFO - Processing file /usr/local/python/3.12.1/lib/python3.12/site-packages/airflow/example_dags/example_branch_python_dop_operator_3.py for tasks to queue
[2026-04-26T07:45:36.030+0000] {logging_mixin.py:188} INFO - [2026-04-26T07:45:36.030+0000] {dagbag.py:540} INFO - Filling up the DagBag from /usr/local/python/3.12.1/lib/python3.12/site-packages/airflow/example_dags/example_branch_python_dop_operator_3.py
[2026-04-26T07:45:36.040+0000] {processor.py:840} INFO - DAG(s) 'example_branch_dop_operator_v3' retrieved from /usr/local/python/3.12.1/lib/python3.12/site-packages/airflow/example_dags/example_branch_python_dop_operator_3.py
[2026-04-26T07:45:36.057+0000] {logging_mixin.py:188} INFO - [2026-04-26T07:45:36.057+0000] {dag.py:3096} INFO - Sync 1 DAGs
[2026-04-26T07:45:36.084+0000] {logging_mixin.py:188} INFO - [2026-04-26T07:45:36.084+0000] {dag.py:3954} INFO - Setting next_dagrun for example_branch_dop_operator_v3 to 2026-04-26 07:44:00+00:00, run_after=2026-04-26 07:45:00+00:00
[2026-04-26T07:45:36.111+0000] {processor.py:183} INFO - Processing /usr/local/python/3.12.1/lib/python3.12/site-packages/airflow/example_dags/example_branch_python_dop_operator_3.py took 0.088 seconds
[2026-04-26T07:45:40.693+0000] {processor.py:161} INFO - Started process (PID=44585) to work on /usr/local/python/3.12.1/lib/python3.12/site-packages/airflow/example_dags/example_branch_python_dop_operator_3.py
[2026-04-26T07:45:40.693+0000] {processor.py:830} INFO - Processing file /usr/local/python/3.12.1/lib/python3.12/site-packages/airflow/example_dags/example_branch_python_dop_operator_3.py for tasks to queue
[2026-04-26T07:45:40.694+0000] {logging_mixin.py:188} INFO - [2026-04-26T07:45:40.694+0000] {dagbag.py:540} INFO - Filling up the DagBag from /usr/local/python/3.12.1/lib/python3.12/site-packages/airflow/example_dags/example_branch_python_dop_operator_3.py
[2026-04-26T07:45:40.701+0000] {processor.py:840} INFO - DAG(s) 'example_branch_dop_operator_v3' retrieved from /usr/local/python/3.12.1/lib/python3.12/site-packages/airflow/example_dags/example_branch_python_dop_operator_3.py
[2026-04-26T07:45:40.713+0000] {logging_mixin.py:188} INFO - [2026-04-26T07:45:40.713+0000] {dag.py:3096} INFO - Sync 1 DAGs
[2026-04-26T07:45:40.735+0000] {logging_mixin.py:188} INFO - [2026-04-26T07:45:40.735+0000] {dag.py:3954} INFO - Setting next_dagrun for example_branch_dop_operator_v3 to 2026-04-26 07:44:00+00:00, run_after=2026-04-26 07:45:00+00:00
[2026-04-26T07:45:40.753+0000] {processor.py:183} INFO - Processing /usr/local/python/3.12.1/lib/python3.12/site-packages/airflow/example_dags/example_branch_python_dop_operator_3.py took 0.064 seconds
[2026-04-26T07:46:24.269+0000] {processor.py:161} INFO - Started process (PID=45288) to work on /usr/local/python/3.12.1/lib/python3.12/site-packages/airflow/example_dags/example_branch_python_dop_operator_3.py
[2026-04-26T07:46:24.271+0000] {processor.py:830} INFO - Processing file /usr/local/python/3.12.1/lib/python3.12/site-packages/airflow/example_dags/example_branch_python_dop_operator_3.py for tasks to queue
[2026-04-26T07:46:24.275+0000] {logging_mixin.py:188} INFO - [2026-04-26T07:46:24.274+0000] {dagbag.py:540} INFO - Filling up the DagBag from /usr/local/python/3.12.1/lib/python3.12/site-packages/airflow/example_dags/example_branch_python_dop_operator_3.py
[2026-04-26T07:46:24.289+0000] {processor.py:840} INFO - DAG(s) 'example_branch_dop_operator_v3' retrieved from /usr/local/python/3.12.1/lib/python3.12/site-packages/airflow/example_dags/example_branch_python_dop_operator_3.py
[2026-04-26T07:46:24.385+0000] {logging_mixin.py:188} INFO - [2026-04-26T07:46:24.385+0000] {dag.py:3096} INFO - Sync 1 DAGs
[2026-04-26T07:46:24.409+0000] {logging_mixin.py:188} INFO - [2026-04-26T07:46:24.408+0000] {dag.py:3954} INFO - Setting next_dagrun for example_branch_dop_operator_v3 to 2026-04-26 07:45:00+00:00, run_after=2026-04-26 07:46:00+00:00
[2026-04-26T07:46:24.428+0000] {processor.py:183} INFO - Processing /usr/local/python/3.12.1/lib/python3.12/site-packages/airflow/example_dags/example_branch_python_dop_operator_3.py took 0.166 seconds
[2026-04-26T07:46:28.772+0000] {processor.py:161} INFO - Started process (PID=45306) to work on /usr/local/python/3.12.1/lib/python3.12/site-packages/airflow/example_dags/example_branch_python_dop_operator_3.py
[2026-04-26T07:46:28.773+0000] {processor.py:830} INFO - Processing file /usr/local/python/3.12.1/lib/python3.12/site-packages/airflow/example_dags/example_branch_python_dop_operator_3.py for tasks to queue
[2026-04-26T07:46:28.774+0000] {logging_mixin.py:188} INFO - [2026-04-26T07:46:28.773+0000] {dagbag.py:540} INFO - Filling up the DagBag from /usr/local/python/3.12.1/lib/python3.12/site-packages/airflow/example_dags/example_branch_python_dop_operator_3.py
[2026-04-26T07:46:28.781+0000] {processor.py:840} INFO - DAG(s) 'example_branch_dop_operator_v3' retrieved from /usr/local/python/3.12.1/lib/python3.12/site-packages/airflow/example_dags/example_branch_python_dop_operator_3.py
[2026-04-26T07:46:28.788+0000] {logging_mixin.py:188} INFO - [2026-04-26T07:46:28.788+0000] {dag.py:3096} INFO - Sync 1 DAGs
[2026-04-26T07:46:28.817+0000] {logging_mixin.py:188} INFO - [2026-04-26T07:46:28.817+0000] {dag.py:3954} INFO - Setting next_dagrun for example_branch_dop_operator_v3 to 2026-04-26 07:45:00+00:00, run_after=2026-04-26 07:46:00+00:00
[2026-04-26T07:46:28.844+0000] {processor.py:183} INFO - Processing /usr/local/python/3.12.1/lib/python3.12/site-packages/airflow/example_dags/example_branch_python_dop_operator_3.py took 0.077 seconds
[2026-04-26T07:46:35.159+0000] {processor.py:161} INFO - Started process (PID=45360) to work on /usr/local/python/3.12.1/lib/python3.12/site-packages/airflow/example_dags/example_branch_python_dop_operator_3.py
[2026-04-26T07:46:35.160+0000] {processor.py:830} INFO - Processing file /usr/local/python/3.12.1/lib/python3.12/site-packages/airflow/example_dags/example_branch_python_dop_operator_3.py for tasks to queue
[2026-04-26T07:46:35.161+0000] {logging_mixin.py:188} INFO - [2026-04-26T07:46:35.161+0000] {dagbag.py:540} INFO - Filling up the DagBag from /usr/local/python/3.12.1/lib/python3.12/site-packages/airflow/example_dags/example_branch_python_dop_operator_3.py
[2026-04-26T07:46:35.184+0000] {processor.py:840} INFO - DAG(s) 'example_branch_dop_operator_v3' retrieved from /usr/local/python/3.12.1/lib/python3.12/site-packages/airflow/example_dags/example_branch_python_dop_operator_3.py
[2026-04-26T07:46:35.194+0000] {logging_mixin.py:188} INFO - [2026-04-26T07:46:35.194+0000] {dag.py:3096} INFO - Sync 1 DAGs
[2026-04-26T07:46:35.230+0000] {logging_mixin.py:188} INFO - [2026-04-26T07:46:35.229+0000] {dag.py:3954} INFO - Setting next_dagrun for example_branch_dop_operator_v3 to 2026-04-26 07:45:00+00:00, run_after=2026-04-26 07:46:00+00:00
[2026-04-26T07:46:35.248+0000] {processor.py:183} INFO - Processing /usr/local/python/3.12.1/lib/python3.12/site-packages/airflow/example_dags/example_branch_python_dop_operator_3.py took 0.095 seconds
[2026-04-26T07:47:17.299+0000] {processor.py:161} INFO - Started process (PID=45880) to work on /usr/local/python/3.12.1/lib/python3.12/site-packages/airflow/example_dags/example_branch_python_dop_operator_3.py
[2026-04-26T07:47:17.300+0000] {processor.py:830} INFO - Processing file /usr/local/python/3.12.1/lib/python3.12/site-packages/airflow/example_dags/example_branch_python_dop_operator_3.py for tasks to queue
[2026-04-26T07:47:17.300+0000] {logging_mixin.py:188} INFO - [2026-04-26T07:47:17.300+0000] {dagbag.py:540} INFO - Filling up the DagBag from /usr/local/python/3.12.1/lib/python3.12/site-packages/airflow/example_dags/example_branch_python_dop_operator_3.py
[2026-04-26T07:47:17.308+0000] {processor.py:840} INFO - DAG(s) 'example_branch_dop_operator_v3' retrieved from /usr/local/python/3.12.1/lib/python3.12/site-packages/airflow/example_dags/example_branch_python_dop_operator_3.py
[2026-04-26T07:47:17.321+0000] {logging_mixin.py:188} INFO - [2026-04-26T07:47:17.321+0000] {dag.py:3096} INFO - Sync 1 DAGs
[2026-04-26T07:47:17.341+0000] {logging_mixin.py:188} INFO - [2026-04-26T07:47:17.341+0000] {dag.py:3954} INFO - Setting next_dagrun for example_branch_dop_operator_v3 to 2026-04-26 07:46:00+00:00, run_after=2026-04-26 07:47:00+00:00
[2026-04-26T07:47:17.361+0000] {processor.py:183} INFO - Processing /usr/local/python/3.12.1/lib/python3.12/site-packages/airflow/example_dags/example_branch_python_dop_operator_3.py took 0.067 seconds
[2026-04-26T07:47:32.192+0000] {processor.py:161} INFO - Started process (PID=46085) to work on /usr/local/python/3.12.1/lib/python3.12/site-packages/airflow/example_dags/example_branch_python_dop_operator_3.py
[2026-04-26T07:47:32.193+0000] {processor.py:830} INFO - Processing file /usr/local/python/3.12.1/lib/python3.12/site-packages/airflow/example_dags/example_branch_python_dop_operator_3.py for tasks to queue
[2026-04-26T07:47:32.193+0000] {logging_mixin.py:188} INFO - [2026-04-26T07:47:32.193+0000] {dagbag.py:540} INFO - Filling up the DagBag from /usr/local/python/3.12.1/lib/python3.12/site-packages/airflow/example_dags/example_branch_python_dop_operator_3.py
[2026-04-26T07:47:32.200+0000] {processor.py:840} INFO - DAG(s) 'example_branch_dop_operator_v3' retrieved from /usr/local/python/3.12.1/lib/python3.12/site-packages/airflow/example_dags/example_branch_python_dop_operator_3.py
[2026-04-26T07:47:32.212+0000] {logging_mixin.py:188} INFO - [2026-04-26T07:47:32.212+0000] {dag.py:3096} INFO - Sync 1 DAGs
[2026-04-26T07:47:32.231+0000] {logging_mixin.py:188} INFO - [2026-04-26T07:47:32.231+0000] {dag.py:3954} INFO - Setting next_dagrun for example_branch_dop_operator_v3 to 2026-04-26 07:46:00+00:00, run_after=2026-04-26 07:47:00+00:00
[2026-04-26T07:47:32.250+0000] {processor.py:183} INFO - Processing /usr/local/python/3.12.1/lib/python3.12/site-packages/airflow/example_dags/example_branch_python_dop_operator_3.py took 0.063 seconds
[2026-04-26T07:47:41.287+0000] {processor.py:161} INFO - Started process (PID=46155) to work on /usr/local/python/3.12.1/lib/python3.12/site-packages/airflow/example_dags/example_branch_python_dop_operator_3.py
[2026-04-26T07:47:41.288+0000] {processor.py:830} INFO - Processing file /usr/local/python/3.12.1/lib/python3.12/site-packages/airflow/example_dags/example_branch_python_dop_operator_3.py for tasks to queue
[2026-04-26T07:47:41.292+0000] {logging_mixin.py:188} INFO - [2026-04-26T07:47:41.291+0000] {dagbag.py:540} INFO - Filling up the DagBag from /usr/local/python/3.12.1/lib/python3.12/site-packages/airflow/example_dags/example_branch_python_dop_operator_3.py
[2026-04-26T07:47:41.347+0000] {processor.py:840} INFO - DAG(s) 'example_branch_dop_operator_v3' retrieved from /usr/local/python/3.12.1/lib/python3.12/site-packages/airflow/example_dags/example_branch_python_dop_operator_3.py
[2026-04-26T07:47:41.428+0000] {logging_mixin.py:188} INFO - [2026-04-26T07:47:41.428+0000] {dag.py:3096} INFO - Sync 1 DAGs
[2026-04-26T07:47:41.609+0000] {logging_mixin.py:188} INFO - [2026-04-26T07:47:41.609+0000] {dag.py:3954} INFO - Setting next_dagrun for example_branch_dop_operator_v3 to 2026-04-26 07:46:00+00:00, run_after=2026-04-26 07:47:00+00:00
[2026-04-26T07:47:42.177+0000] {processor.py:183} INFO - Processing /usr/local/python/3.12.1/lib/python3.12/site-packages/airflow/example_dags/example_branch_python_dop_operator_3.py took 0.925 seconds
[2026-04-26T07:48:23.854+0000] {processor.py:161} INFO - Started process (PID=46642) to work on /usr/local/python/3.12.1/lib/python3.12/site-packages/airflow/example_dags/example_branch_python_dop_operator_3.py
[2026-04-26T07:48:23.855+0000] {processor.py:830} INFO - Processing file /usr/local/python/3.12.1/lib/python3.12/site-packages/airflow/example_dags/example_branch_python_dop_operator_3.py for tasks to queue
[2026-04-26T07:48:23.857+0000] {logging_mixin.py:188} INFO - [2026-04-26T07:48:23.856+0000] {dagbag.py:540} INFO - Filling up the DagBag from /usr/local/python/3.12.1/lib/python3.12/site-packages/airflow/example_dags/example_branch_python_dop_operator_3.py
[2026-04-26T07:48:23.867+0000] {processor.py:840} INFO - DAG(s) 'example_branch_dop_operator_v3' retrieved from /usr/local/python/3.12.1/lib/python3.12/site-packages/airflow/example_dags/example_branch_python_dop_operator_3.py
[2026-04-26T07:48:23.887+0000] {logging_mixin.py:188} INFO - [2026-04-26T07:48:23.885+0000] {dag.py:3096} INFO - Sync 1 DAGs
[2026-04-26T07:48:23.907+0000] {logging_mixin.py:188} INFO - [2026-04-26T07:48:23.906+0000] {dag.py:3954} INFO - Setting next_dagrun for example_branch_dop_operator_v3 to 2026-04-26 07:47:00+00:00, run_after=2026-04-26 07:48:00+00:00
[2026-04-26T07:48:23.925+0000] {processor.py:183} INFO - Processing /usr/local/python/3.12.1/lib/python3.12/site-packages/airflow/example_dags/example_branch_python_dop_operator_3.py took 0.076 seconds
[2026-04-26T07:48:34.631+0000] {processor.py:161} INFO - Started process (PID=46743) to work on /usr/local/python/3.12.1/lib/python3.12/site-packages/airflow/example_dags/example_branch_python_dop_operator_3.py
[2026-04-26T07:48:34.632+0000] {processor.py:830} INFO - Processing file /usr/local/python/3.12.1/lib/python3.12/site-packages/airflow/example_dags/example_branch_python_dop_operator_3.py for tasks to queue
[2026-04-26T07:48:34.633+0000] {logging_mixin.py:188} INFO - [2026-04-26T07:48:34.633+0000] {dagbag.py:540} INFO - Filling up the DagBag from /usr/local/python/3.12.1/lib/python3.12/site-packages/airflow/example_dags/example_branch_python_dop_operator_3.py
[2026-04-26T07:48:34.643+0000] {processor.py:840} INFO - DAG(s) 'example_branch_dop_operator_v3' retrieved from /usr/local/python/3.12.1/lib/python3.12/site-packages/airflow/example_dags/example_branch_python_dop_operator_3.py
[2026-04-26T07:48:34.658+0000] {logging_mixin.py:188} INFO - [2026-04-26T07:48:34.657+0000] {dag.py:3096} INFO - Sync 1 DAGs
[2026-04-26T07:48:34.690+0000] {logging_mixin.py:188} INFO - [2026-04-26T07:48:34.690+0000] {dag.py:3954} INFO - Setting next_dagrun for example_branch_dop_operator_v3 to 2026-04-26 07:47:00+00:00, run_after=2026-04-26 07:48:00+00:00
[2026-04-26T07:48:34.712+0000] {processor.py:183} INFO - Processing /usr/local/python/3.12.1/lib/python3.12/site-packages/airflow/example_dags/example_branch_python_dop_operator_3.py took 0.085 seconds
[2026-04-26T07:48:40.645+0000] {processor.py:161} INFO - Started process (PID=46777) to work on /usr/local/python/3.12.1/lib/python3.12/site-packages/airflow/example_dags/example_branch_python_dop_operator_3.py
[2026-04-26T07:48:40.646+0000] {processor.py:830} INFO - Processing file /usr/local/python/3.12.1/lib/python3.12/site-packages/airflow/example_dags/example_branch_python_dop_operator_3.py for tasks to queue
[2026-04-26T07:48:40.647+0000] {logging_mixin.py:188} INFO - [2026-04-26T07:48:40.646+0000] {dagbag.py:540} INFO - Filling up the DagBag from /usr/local/python/3.12.1/lib/python3.12/site-packages/airflow/example_dags/example_branch_python_dop_operator_3.py
[2026-04-26T07:48:40.653+0000] {processor.py:840} INFO - DAG(s) 'example_branch_dop_operator_v3' retrieved from /usr/local/python/3.12.1/lib/python3.12/site-packages/airflow/example_dags/example_branch_python_dop_operator_3.py
[2026-04-26T07:48:40.670+0000] {logging_mixin.py:188} INFO - [2026-04-26T07:48:40.669+0000] {dag.py:3096} INFO - Sync 1 DAGs
[2026-04-26T07:48:40.696+0000] {logging_mixin.py:188} INFO - [2026-04-26T07:48:40.695+0000] {dag.py:3954} INFO - Setting next_dagrun for example_branch_dop_operator_v3 to 2026-04-26 07:47:00+00:00, run_after=2026-04-26 07:48:00+00:00
[2026-04-26T07:48:40.712+0000] {processor.py:183} INFO - Processing /usr/local/python/3.12.1/lib/python3.12/site-packages/airflow/example_dags/example_branch_python_dop_operator_3.py took 0.071 seconds
[2026-04-26T07:49:21.706+0000] {processor.py:161} INFO - Started process (PID=47197) to work on /usr/local/python/3.12.1/lib/python3.12/site-packages/airflow/example_dags/example_branch_python_dop_operator_3.py
[2026-04-26T07:49:21.707+0000] {processor.py:830} INFO - Processing file /usr/local/python/3.12.1/lib/python3.12/site-packages/airflow/example_dags/example_branch_python_dop_operator_3.py for tasks to queue
[2026-04-26T07:49:21.708+0000] {logging_mixin.py:188} INFO - [2026-04-26T07:49:21.708+0000] {dagbag.py:540} INFO - Filling up the DagBag from /usr/local/python/3.12.1/lib/python3.12/site-packages/airflow/example_dags/example_branch_python_dop_operator_3.py
[2026-04-26T07:49:21.715+0000] {processor.py:840} INFO - DAG(s) 'example_branch_dop_operator_v3' retrieved from /usr/local/python/3.12.1/lib/python3.12/site-packages/airflow/example_dags/example_branch_python_dop_operator_3.py
[2026-04-26T07:49:21.731+0000] {logging_mixin.py:188} INFO - [2026-04-26T07:49:21.730+0000] {dag.py:3096} INFO - Sync 1 DAGs
[2026-04-26T07:49:21.752+0000] {logging_mixin.py:188} INFO - [2026-04-26T07:49:21.752+0000] {dag.py:3954} INFO - Setting next_dagrun for example_branch_dop_operator_v3 to 2026-04-26 07:48:00+00:00, run_after=2026-04-26 07:49:00+00:00
[2026-04-26T07:49:21.785+0000] {processor.py:183} INFO - Processing /usr/local/python/3.12.1/lib/python3.12/site-packages/airflow/example_dags/example_branch_python_dop_operator_3.py took 0.084 seconds
[2026-04-26T07:49:38.398+0000] {processor.py:161} INFO - Started process (PID=47409) to work on /usr/local/python/3.12.1/lib/python3.12/site-packages/airflow/example_dags/example_branch_python_dop_operator_3.py
[2026-04-26T07:49:38.399+0000] {processor.py:830} INFO - Processing file /usr/local/python/3.12.1/lib/python3.12/site-packages/airflow/example_dags/example_branch_python_dop_operator_3.py for tasks to queue
[2026-04-26T07:49:38.399+0000] {logging_mixin.py:188} INFO - [2026-04-26T07:49:38.399+0000] {dagbag.py:540} INFO - Filling up the DagBag from /usr/local/python/3.12.1/lib/python3.12/site-packages/airflow/example_dags/example_branch_python_dop_operator_3.py
[2026-04-26T07:49:38.406+0000] {processor.py:840} INFO - DAG(s) 'example_branch_dop_operator_v3' retrieved from /usr/local/python/3.12.1/lib/python3.12/site-packages/airflow/example_dags/example_branch_python_dop_operator_3.py
[2026-04-26T07:49:38.419+0000] {logging_mixin.py:188} INFO - [2026-04-26T07:49:38.419+0000] {dag.py:3096} INFO - Sync 1 DAGs
[2026-04-26T07:49:38.437+0000] {logging_mixin.py:188} INFO - [2026-04-26T07:49:38.437+0000] {dag.py:3954} INFO - Setting next_dagrun for example_branch_dop_operator_v3 to 2026-04-26 07:48:00+00:00, run_after=2026-04-26 07:49:00+00:00
[2026-04-26T07:49:38.454+0000] {processor.py:183} INFO - Processing /usr/local/python/3.12.1/lib/python3.12/site-packages/airflow/example_dags/example_branch_python_dop_operator_3.py took 0.061 seconds
[2026-04-26T07:49:45.880+0000] {processor.py:161} INFO - Started process (PID=47475) to work on /usr/local/python/3.12.1/lib/python3.12/site-packages/airflow/example_dags/example_branch_python_dop_operator_3.py
[2026-04-26T07:49:45.881+0000] {processor.py:830} INFO - Processing file /usr/local/python/3.12.1/lib/python3.12/site-packages/airflow/example_dags/example_branch_python_dop_operator_3.py for tasks to queue
[2026-04-26T07:49:45.882+0000] {logging_mixin.py:188} INFO - [2026-04-26T07:49:45.882+0000] {dagbag.py:540} INFO - Filling up the DagBag from /usr/local/python/3.12.1/lib/python3.12/site-packages/airflow/example_dags/example_branch_python_dop_operator_3.py
[2026-04-26T07:49:45.889+0000] {processor.py:840} INFO - DAG(s) 'example_branch_dop_operator_v3' retrieved from /usr/local/python/3.12.1/lib/python3.12/site-packages/airflow/example_dags/example_branch_python_dop_operator_3.py
[2026-04-26T07:49:45.901+0000] {logging_mixin.py:188} INFO - [2026-04-26T07:49:45.901+0000] {dag.py:3096} INFO - Sync 1 DAGs
[2026-04-26T07:49:45.919+0000] {logging_mixin.py:188} INFO - [2026-04-26T07:49:45.919+0000] {dag.py:3954} INFO - Setting next_dagrun for example_branch_dop_operator_v3 to 2026-04-26 07:48:00+00:00, run_after=2026-04-26 07:49:00+00:00
[2026-04-26T07:49:45.935+0000] {processor.py:183} INFO - Processing /usr/local/python/3.12.1/lib/python3.12/site-packages/airflow/example_dags/example_branch_python_dop_operator_3.py took 0.061 seconds
[2026-04-26T07:50:23.583+0000] {processor.py:161} INFO - Started process (PID=47845) to work on /usr/local/python/3.12.1/lib/python3.12/site-packages/airflow/example_dags/example_branch_python_dop_operator_3.py
[2026-04-26T07:50:23.584+0000] {processor.py:830} INFO - Processing file /usr/local/python/3.12.1/lib/python3.12/site-packages/airflow/example_dags/example_branch_python_dop_operator_3.py for tasks to queue
[2026-04-26T07:50:23.585+0000] {logging_mixin.py:188} INFO - [2026-04-26T07:50:23.584+0000] {dagbag.py:540} INFO - Filling up the DagBag from /usr/local/python/3.12.1/lib/python3.12/site-packages/airflow/example_dags/example_branch_python_dop_operator_3.py
[2026-04-26T07:50:23.595+0000] {processor.py:840} INFO - DAG(s) 'example_branch_dop_operator_v3' retrieved from /usr/local/python/3.12.1/lib/python3.12/site-packages/airflow/example_dags/example_branch_python_dop_operator_3.py
[2026-04-26T07:50:23.616+0000] {logging_mixin.py:188} INFO - [2026-04-26T07:50:23.616+0000] {dag.py:3096} INFO - Sync 1 DAGs
[2026-04-26T07:50:23.635+0000] {logging_mixin.py:188} INFO - [2026-04-26T07:50:23.635+0000] {dag.py:3954} INFO - Setting next_dagrun for example_branch_dop_operator_v3 to 2026-04-26 07:49:00+00:00, run_after=2026-04-26 07:50:00+00:00
[2026-04-26T07:50:23.651+0000] {processor.py:183} INFO - Processing /usr/local/python/3.12.1/lib/python3.12/site-packages/airflow/example_dags/example_branch_python_dop_operator_3.py took 0.076 seconds
[2026-04-26T07:50:44.290+0000] {processor.py:161} INFO - Started process (PID=48087) to work on /usr/local/python/3.12.1/lib/python3.12/site-packages/airflow/example_dags/example_branch_python_dop_operator_3.py
[2026-04-26T07:50:44.291+0000] {processor.py:830} INFO - Processing file /usr/local/python/3.12.1/lib/python3.12/site-packages/airflow/example_dags/example_branch_python_dop_operator_3.py for tasks to queue
[2026-04-26T07:50:44.291+0000] {logging_mixin.py:188} INFO - [2026-04-26T07:50:44.291+0000] {dagbag.py:540} INFO - Filling up the DagBag from /usr/local/python/3.12.1/lib/python3.12/site-packages/airflow/example_dags/example_branch_python_dop_operator_3.py
[2026-04-26T07:50:44.300+0000] {processor.py:840} INFO - DAG(s) 'example_branch_dop_operator_v3' retrieved from /usr/local/python/3.12.1/lib/python3.12/site-packages/airflow/example_dags/example_branch_python_dop_operator_3.py
[2026-04-26T07:50:44.312+0000] {logging_mixin.py:188} INFO - [2026-04-26T07:50:44.312+0000] {dag.py:3096} INFO - Sync 1 DAGs
[2026-04-26T07:50:44.334+0000] {logging_mixin.py:188} INFO - [2026-04-26T07:50:44.334+0000] {dag.py:3954} INFO - Setting next_dagrun for example_branch_dop_operator_v3 to 2026-04-26 07:49:00+00:00, run_after=2026-04-26 07:50:00+00:00
[2026-04-26T07:50:44.362+0000] {processor.py:183} INFO - Processing /usr/local/python/3.12.1/lib/python3.12/site-packages/airflow/example_dags/example_branch_python_dop_operator_3.py took 0.077 seconds
[2026-04-26T07:50:50.668+0000] {processor.py:161} INFO - Started process (PID=48311) to work on /usr/local/python/3.12.1/lib/python3.12/site-packages/airflow/example_dags/example_branch_python_dop_operator_3.py
[2026-04-26T07:50:50.669+0000] {processor.py:830} INFO - Processing file /usr/local/python/3.12.1/lib/python3.12/site-packages/airflow/example_dags/example_branch_python_dop_operator_3.py for tasks to queue
[2026-04-26T07:50:50.670+0000] {logging_mixin.py:188} INFO - [2026-04-26T07:50:50.669+0000] {dagbag.py:540} INFO - Filling up the DagBag from /usr/local/python/3.12.1/lib/python3.12/site-packages/airflow/example_dags/example_branch_python_dop_operator_3.py
[2026-04-26T07:50:50.679+0000] {processor.py:840} INFO - DAG(s) 'example_branch_dop_operator_v3' retrieved from /usr/local/python/3.12.1/lib/python3.12/site-packages/airflow/example_dags/example_branch_python_dop_operator_3.py
[2026-04-26T07:50:50.694+0000] {logging_mixin.py:188} INFO - [2026-04-26T07:50:50.694+0000] {dag.py:3096} INFO - Sync 1 DAGs
[2026-04-26T07:50:50.719+0000] {logging_mixin.py:188} INFO - [2026-04-26T07:50:50.718+0000] {dag.py:3954} INFO - Setting next_dagrun for example_branch_dop_operator_v3 to 2026-04-26 07:49:00+00:00, run_after=2026-04-26 07:50:00+00:00
[2026-04-26T07:50:50.751+0000] {processor.py:183} INFO - Processing /usr/local/python/3.12.1/lib/python3.12/site-packages/airflow/example_dags/example_branch_python_dop_operator_3.py took 0.088 seconds
[2026-04-26T07:51:32.026+0000] {processor.py:161} INFO - Started process (PID=48719) to work on /usr/local/python/3.12.1/lib/python3.12/site-packages/airflow/example_dags/example_branch_python_dop_operator_3.py
[2026-04-26T07:51:32.027+0000] {processor.py:830} INFO - Processing file /usr/local/python/3.12.1/lib/python3.12/site-packages/airflow/example_dags/example_branch_python_dop_operator_3.py for tasks to queue
[2026-04-26T07:51:32.029+0000] {logging_mixin.py:188} INFO - [2026-04-26T07:51:32.028+0000] {dagbag.py:540} INFO - Filling up the DagBag from /usr/local/python/3.12.1/lib/python3.12/site-packages/airflow/example_dags/example_branch_python_dop_operator_3.py
[2026-04-26T07:51:32.039+0000] {processor.py:840} INFO - DAG(s) 'example_branch_dop_operator_v3' retrieved from /usr/local/python/3.12.1/lib/python3.12/site-packages/airflow/example_dags/example_branch_python_dop_operator_3.py
[2026-04-26T07:51:32.056+0000] {logging_mixin.py:188} INFO - [2026-04-26T07:51:32.056+0000] {dag.py:3096} INFO - Sync 1 DAGs
[2026-04-26T07:51:32.084+0000] {logging_mixin.py:188} INFO - [2026-04-26T07:51:32.084+0000] {dag.py:3954} INFO - Setting next_dagrun for example_branch_dop_operator_v3 to 2026-04-26 07:50:00+00:00, run_after=2026-04-26 07:51:00+00:00
[2026-04-26T07:51:32.121+0000] {processor.py:183} INFO - Processing /usr/local/python/3.12.1/lib/python3.12/site-packages/airflow/example_dags/example_branch_python_dop_operator_3.py took 0.100 seconds
[2026-04-26T07:51:51.606+0000] {processor.py:161} INFO - Started process (PID=49037) to work on /usr/local/python/3.12.1/lib/python3.12/site-packages/airflow/example_dags/example_branch_python_dop_operator_3.py
[2026-04-26T07:51:51.606+0000] {processor.py:830} INFO - Processing file /usr/local/python/3.12.1/lib/python3.12/site-packages/airflow/example_dags/example_branch_python_dop_operator_3.py for tasks to queue
[2026-04-26T07:51:51.607+0000] {logging_mixin.py:188} INFO - [2026-04-26T07:51:51.607+0000] {dagbag.py:540} INFO - Filling up the DagBag from /usr/local/python/3.12.1/lib/python3.12/site-packages/airflow/example_dags/example_branch_python_dop_operator_3.py
[2026-04-26T07:51:51.617+0000] {processor.py:840} INFO - DAG(s) 'example_branch_dop_operator_v3' retrieved from /usr/local/python/3.12.1/lib/python3.12/site-packages/airflow/example_dags/example_branch_python_dop_operator_3.py
[2026-04-26T07:51:51.635+0000] {logging_mixin.py:188} INFO - [2026-04-26T07:51:51.635+0000] {dag.py:3096} INFO - Sync 1 DAGs
[2026-04-26T07:51:51.666+0000] {logging_mixin.py:188} INFO - [2026-04-26T07:51:51.665+0000] {dag.py:3954} INFO - Setting next_dagrun for example_branch_dop_operator_v3 to 2026-04-26 07:50:00+00:00, run_after=2026-04-26 07:51:00+00:00
[2026-04-26T07:51:51.691+0000] {processor.py:183} INFO - Processing /usr/local/python/3.12.1/lib/python3.12/site-packages/airflow/example_dags/example_branch_python_dop_operator_3.py took 0.092 seconds
[2026-04-26T07:51:52.746+0000] {processor.py:161} INFO - Started process (PID=49041) to work on /usr/local/python/3.12.1/lib/python3.12/site-packages/airflow/example_dags/example_branch_python_dop_operator_3.py
[2026-04-26T07:51:52.746+0000] {processor.py:830} INFO - Processing file /usr/local/python/3.12.1/lib/python3.12/site-packages/airflow/example_dags/example_branch_python_dop_operator_3.py for tasks to queue
[2026-04-26T07:51:52.747+0000] {logging_mixin.py:188} INFO - [2026-04-26T07:51:52.747+0000] {dagbag.py:540} INFO - Filling up the DagBag from /usr/local/python/3.12.1/lib/python3.12/site-packages/airflow/example_dags/example_branch_python_dop_operator_3.py
[2026-04-26T07:51:52.757+0000] {processor.py:840} INFO - DAG(s) 'example_branch_dop_operator_v3' retrieved from /usr/local/python/3.12.1/lib/python3.12/site-packages/airflow/example_dags/example_branch_python_dop_operator_3.py
[2026-04-26T07:51:52.775+0000] {logging_mixin.py:188} INFO - [2026-04-26T07:51:52.775+0000] {dag.py:3096} INFO - Sync 1 DAGs
[2026-04-26T07:51:52.803+0000] {logging_mixin.py:188} INFO - [2026-04-26T07:51:52.803+0000] {dag.py:3954} INFO - Setting next_dagrun for example_branch_dop_operator_v3 to 2026-04-26 07:50:00+00:00, run_after=2026-04-26 07:51:00+00:00
[2026-04-26T07:51:52.835+0000] {processor.py:183} INFO - Processing /usr/local/python/3.12.1/lib/python3.12/site-packages/airflow/example_dags/example_branch_python_dop_operator_3.py took 0.095 seconds
[2026-04-26T07:52:36.243+0000] {processor.py:161} INFO - Started process (PID=49646) to work on /usr/local/python/3.12.1/lib/python3.12/site-packages/airflow/example_dags/example_branch_python_dop_operator_3.py
[2026-04-26T07:52:36.244+0000] {processor.py:830} INFO - Processing file /usr/local/python/3.12.1/lib/python3.12/site-packages/airflow/example_dags/example_branch_python_dop_operator_3.py for tasks to queue
[2026-04-26T07:52:36.245+0000] {logging_mixin.py:188} INFO - [2026-04-26T07:52:36.244+0000] {dagbag.py:540} INFO - Filling up the DagBag from /usr/local/python/3.12.1/lib/python3.12/site-packages/airflow/example_dags/example_branch_python_dop_operator_3.py
[2026-04-26T07:52:36.269+0000] {processor.py:840} INFO - DAG(s) 'example_branch_dop_operator_v3' retrieved from /usr/local/python/3.12.1/lib/python3.12/site-packages/airflow/example_dags/example_branch_python_dop_operator_3.py
[2026-04-26T07:52:36.307+0000] {logging_mixin.py:188} INFO - [2026-04-26T07:52:36.306+0000] {dag.py:3096} INFO - Sync 1 DAGs
[2026-04-26T07:52:36.350+0000] {logging_mixin.py:188} INFO - [2026-04-26T07:52:36.350+0000] {dag.py:3954} INFO - Setting next_dagrun for example_branch_dop_operator_v3 to 2026-04-26 07:51:00+00:00, run_after=2026-04-26 07:52:00+00:00
[2026-04-26T07:52:36.375+0000] {processor.py:183} INFO - Processing /usr/local/python/3.12.1/lib/python3.12/site-packages/airflow/example_dags/example_branch_python_dop_operator_3.py took 0.144 seconds
[2026-04-26T07:52:50.377+0000] {processor.py:161} INFO - Started process (PID=49959) to work on /usr/local/python/3.12.1/lib/python3.12/site-packages/airflow/example_dags/example_branch_python_dop_operator_3.py
[2026-04-26T07:52:50.378+0000] {processor.py:830} INFO - Processing file /usr/local/python/3.12.1/lib/python3.12/site-packages/airflow/example_dags/example_branch_python_dop_operator_3.py for tasks to queue
[2026-04-26T07:52:50.379+0000] {logging_mixin.py:188} INFO - [2026-04-26T07:52:50.379+0000] {dagbag.py:540} INFO - Filling up the DagBag from /usr/local/python/3.12.1/lib/python3.12/site-packages/airflow/example_dags/example_branch_python_dop_operator_3.py
[2026-04-26T07:52:50.389+0000] {processor.py:840} INFO - DAG(s) 'example_branch_dop_operator_v3' retrieved from /usr/local/python/3.12.1/lib/python3.12/site-packages/airflow/example_dags/example_branch_python_dop_operator_3.py
[2026-04-26T07:52:50.406+0000] {logging_mixin.py:188} INFO - [2026-04-26T07:52:50.406+0000] {dag.py:3096} INFO - Sync 1 DAGs
[2026-04-26T07:52:50.435+0000] {logging_mixin.py:188} INFO - [2026-04-26T07:52:50.435+0000] {dag.py:3954} INFO - Setting next_dagrun for example_branch_dop_operator_v3 to 2026-04-26 07:51:00+00:00, run_after=2026-04-26 07:52:00+00:00
[2026-04-26T07:52:50.460+0000] {processor.py:183} INFO - Processing /usr/local/python/3.12.1/lib/python3.12/site-packages/airflow/example_dags/example_branch_python_dop_operator_3.py took 0.090 seconds
[2026-04-26T07:52:52.722+0000] {processor.py:161} INFO - Started process (PID=50000) to work on /usr/local/python/3.12.1/lib/python3.12/site-packages/airflow/example_dags/example_branch_python_dop_operator_3.py
[2026-04-26T07:52:52.725+0000] {processor.py:830} INFO - Processing file /usr/local/python/3.12.1/lib/python3.12/site-packages/airflow/example_dags/example_branch_python_dop_operator_3.py for tasks to queue
[2026-04-26T07:52:52.727+0000] {logging_mixin.py:188} INFO - [2026-04-26T07:52:52.726+0000] {dagbag.py:540} INFO - Filling up the DagBag from /usr/local/python/3.12.1/lib/python3.12/site-packages/airflow/example_dags/example_branch_python_dop_operator_3.py
[2026-04-26T07:52:52.739+0000] {processor.py:840} INFO - DAG(s) 'example_branch_dop_operator_v3' retrieved from /usr/local/python/3.12.1/lib/python3.12/site-packages/airflow/example_dags/example_branch_python_dop_operator_3.py
[2026-04-26T07:52:52.756+0000] {logging_mixin.py:188} INFO - [2026-04-26T07:52:52.756+0000] {dag.py:3096} INFO - Sync 1 DAGs
[2026-04-26T07:52:52.783+0000] {logging_mixin.py:188} INFO - [2026-04-26T07:52:52.783+0000] {dag.py:3954} INFO - Setting next_dagrun for example_branch_dop_operator_v3 to 2026-04-26 07:51:00+00:00, run_after=2026-04-26 07:52:00+00:00
[2026-04-26T07:52:52.810+0000] {processor.py:183} INFO - Processing /usr/local/python/3.12.1/lib/python3.12/site-packages/airflow/example_dags/example_branch_python_dop_operator_3.py took 0.101 seconds
[2026-04-26T07:53:43.832+0000] {processor.py:161} INFO - Started process (PID=50628) to work on /usr/local/python/3.12.1/lib/python3.12/site-packages/airflow/example_dags/example_branch_python_dop_operator_3.py
[2026-04-26T07:53:43.833+0000] {processor.py:830} INFO - Processing file /usr/local/python/3.12.1/lib/python3.12/site-packages/airflow/example_dags/example_branch_python_dop_operator_3.py for tasks to queue
[2026-04-26T07:53:43.834+0000] {logging_mixin.py:188} INFO - [2026-04-26T07:53:43.834+0000] {dagbag.py:540} INFO - Filling up the DagBag from /usr/local/python/3.12.1/lib/python3.12/site-packages/airflow/example_dags/example_branch_python_dop_operator_3.py
[2026-04-26T07:53:43.841+0000] {processor.py:840} INFO - DAG(s) 'example_branch_dop_operator_v3' retrieved from /usr/local/python/3.12.1/lib/python3.12/site-packages/airflow/example_dags/example_branch_python_dop_operator_3.py
[2026-04-26T07:53:43.852+0000] {logging_mixin.py:188} INFO - [2026-04-26T07:53:43.852+0000] {dag.py:3096} INFO - Sync 1 DAGs
[2026-04-26T07:53:43.880+0000] {logging_mixin.py:188} INFO - [2026-04-26T07:53:43.880+0000] {dag.py:3954} INFO - Setting next_dagrun for example_branch_dop_operator_v3 to 2026-04-26 07:52:00+00:00, run_after=2026-04-26 07:53:00+00:00
[2026-04-26T07:53:43.899+0000] {processor.py:183} INFO - Processing /usr/local/python/3.12.1/lib/python3.12/site-packages/airflow/example_dags/example_branch_python_dop_operator_3.py took 0.071 seconds
[2026-04-26T07:53:55.330+0000] {processor.py:161} INFO - Started process (PID=50826) to work on /usr/local/python/3.12.1/lib/python3.12/site-packages/airflow/example_dags/example_branch_python_dop_operator_3.py
[2026-04-26T07:53:55.331+0000] {processor.py:830} INFO - Processing file /usr/local/python/3.12.1/lib/python3.12/site-packages/airflow/example_dags/example_branch_python_dop_operator_3.py for tasks to queue
[2026-04-26T07:53:55.332+0000] {logging_mixin.py:188} INFO - [2026-04-26T07:53:55.332+0000] {dagbag.py:540} INFO - Filling up the DagBag from /usr/local/python/3.12.1/lib/python3.12/site-packages/airflow/example_dags/example_branch_python_dop_operator_3.py
[2026-04-26T07:53:55.342+0000] {processor.py:840} INFO - DAG(s) 'example_branch_dop_operator_v3' retrieved from /usr/local/python/3.12.1/lib/python3.12/site-packages/airflow/example_dags/example_branch_python_dop_operator_3.py
[2026-04-26T07:53:55.357+0000] {logging_mixin.py:188} INFO - [2026-04-26T07:53:55.357+0000] {dag.py:3096} INFO - Sync 1 DAGs
[2026-04-26T07:53:55.383+0000] {logging_mixin.py:188} INFO - [2026-04-26T07:53:55.383+0000] {dag.py:3954} INFO - Setting next_dagrun for example_branch_dop_operator_v3 to 2026-04-26 07:52:00+00:00, run_after=2026-04-26 07:53:00+00:00
[2026-04-26T07:53:55.408+0000] {processor.py:183} INFO - Processing /usr/local/python/3.12.1/lib/python3.12/site-packages/airflow/example_dags/example_branch_python_dop_operator_3.py took 0.084 seconds
[2026-04-26T07:54:03.455+0000] {processor.py:161} INFO - Started process (PID=50902) to work on /usr/local/python/3.12.1/lib/python3.12/site-packages/airflow/example_dags/example_branch_python_dop_operator_3.py
[2026-04-26T07:54:03.455+0000] {processor.py:830} INFO - Processing file /usr/local/python/3.12.1/lib/python3.12/site-packages/airflow/example_dags/example_branch_python_dop_operator_3.py for tasks to queue
[2026-04-26T07:54:03.456+0000] {logging_mixin.py:188} INFO - [2026-04-26T07:54:03.456+0000] {dagbag.py:540} INFO - Filling up the DagBag from /usr/local/python/3.12.1/lib/python3.12/site-packages/airflow/example_dags/example_branch_python_dop_operator_3.py
[2026-04-26T07:54:03.465+0000] {processor.py:840} INFO - DAG(s) 'example_branch_dop_operator_v3' retrieved from /usr/local/python/3.12.1/lib/python3.12/site-packages/airflow/example_dags/example_branch_python_dop_operator_3.py
[2026-04-26T07:54:03.481+0000] {logging_mixin.py:188} INFO - [2026-04-26T07:54:03.481+0000] {dag.py:3096} INFO - Sync 1 DAGs
[2026-04-26T07:54:03.502+0000] {logging_mixin.py:188} INFO - [2026-04-26T07:54:03.502+0000] {dag.py:3954} INFO - Setting next_dagrun for example_branch_dop_operator_v3 to 2026-04-26 07:53:00+00:00, run_after=2026-04-26 07:54:00+00:00
[2026-04-26T07:54:03.518+0000] {processor.py:183} INFO - Processing /usr/local/python/3.12.1/lib/python3.12/site-packages/airflow/example_dags/example_branch_python_dop_operator_3.py took 0.068 seconds
[2026-04-26T07:54:48.482+0000] {processor.py:161} INFO - Started process (PID=51433) to work on /usr/local/python/3.12.1/lib/python3.12/site-packages/airflow/example_dags/example_branch_python_dop_operator_3.py
[2026-04-26T07:54:48.483+0000] {processor.py:830} INFO - Processing file /usr/local/python/3.12.1/lib/python3.12/site-packages/airflow/example_dags/example_branch_python_dop_operator_3.py for tasks to queue
[2026-04-26T07:54:48.483+0000] {logging_mixin.py:188} INFO - [2026-04-26T07:54:48.483+0000] {dagbag.py:540} INFO - Filling up the DagBag from /usr/local/python/3.12.1/lib/python3.12/site-packages/airflow/example_dags/example_branch_python_dop_operator_3.py
[2026-04-26T07:54:48.490+0000] {processor.py:840} INFO - DAG(s) 'example_branch_dop_operator_v3' retrieved from /usr/local/python/3.12.1/lib/python3.12/site-packages/airflow/example_dags/example_branch_python_dop_operator_3.py
[2026-04-26T07:54:48.502+0000] {logging_mixin.py:188} INFO - [2026-04-26T07:54:48.502+0000] {dag.py:3096} INFO - Sync 1 DAGs
[2026-04-26T07:54:48.521+0000] {logging_mixin.py:188} INFO - [2026-04-26T07:54:48.520+0000] {dag.py:3954} INFO - Setting next_dagrun for example_branch_dop_operator_v3 to 2026-04-26 07:53:00+00:00, run_after=2026-04-26 07:54:00+00:00
[2026-04-26T07:54:48.538+0000] {processor.py:183} INFO - Processing /usr/local/python/3.12.1/lib/python3.12/site-packages/airflow/example_dags/example_branch_python_dop_operator_3.py took 0.060 seconds
[2026-04-26T07:54:57.818+0000] {processor.py:161} INFO - Started process (PID=51650) to work on /usr/local/python/3.12.1/lib/python3.12/site-packages/airflow/example_dags/example_branch_python_dop_operator_3.py
[2026-04-26T07:54:57.819+0000] {processor.py:830} INFO - Processing file /usr/local/python/3.12.1/lib/python3.12/site-packages/airflow/example_dags/example_branch_python_dop_operator_3.py for tasks to queue
[2026-04-26T07:54:57.820+0000] {logging_mixin.py:188} INFO - [2026-04-26T07:54:57.820+0000] {dagbag.py:540} INFO - Filling up the DagBag from /usr/local/python/3.12.1/lib/python3.12/site-packages/airflow/example_dags/example_branch_python_dop_operator_3.py
[2026-04-26T07:54:57.832+0000] {processor.py:840} INFO - DAG(s) 'example_branch_dop_operator_v3' retrieved from /usr/local/python/3.12.1/lib/python3.12/site-packages/airflow/example_dags/example_branch_python_dop_operator_3.py
[2026-04-26T07:54:57.851+0000] {logging_mixin.py:188} INFO - [2026-04-26T07:54:57.850+0000] {dag.py:3096} INFO - Sync 1 DAGs
[2026-04-26T07:54:57.895+0000] {logging_mixin.py:188} INFO - [2026-04-26T07:54:57.895+0000] {dag.py:3954} INFO - Setting next_dagrun for example_branch_dop_operator_v3 to 2026-04-26 07:53:00+00:00, run_after=2026-04-26 07:54:00+00:00
[2026-04-26T07:54:57.913+0000] {processor.py:183} INFO - Processing /usr/local/python/3.12.1/lib/python3.12/site-packages/airflow/example_dags/example_branch_python_dop_operator_3.py took 0.102 seconds
[2026-04-26T07:55:02.781+0000] {processor.py:161} INFO - Started process (PID=51776) to work on /usr/local/python/3.12.1/lib/python3.12/site-packages/airflow/example_dags/example_branch_python_dop_operator_3.py
[2026-04-26T07:55:02.782+0000] {processor.py:830} INFO - Processing file /usr/local/python/3.12.1/lib/python3.12/site-packages/airflow/example_dags/example_branch_python_dop_operator_3.py for tasks to queue
[2026-04-26T07:55:02.782+0000] {logging_mixin.py:188} INFO - [2026-04-26T07:55:02.782+0000] {dagbag.py:540} INFO - Filling up the DagBag from /usr/local/python/3.12.1/lib/python3.12/site-packages/airflow/example_dags/example_branch_python_dop_operator_3.py
[2026-04-26T07:55:02.789+0000] {processor.py:840} INFO - DAG(s) 'example_branch_dop_operator_v3' retrieved from /usr/local/python/3.12.1/lib/python3.12/site-packages/airflow/example_dags/example_branch_python_dop_operator_3.py
[2026-04-26T07:55:02.802+0000] {logging_mixin.py:188} INFO - [2026-04-26T07:55:02.802+0000] {dag.py:3096} INFO - Sync 1 DAGs
[2026-04-26T07:55:02.822+0000] {logging_mixin.py:188} INFO - [2026-04-26T07:55:02.821+0000] {dag.py:3954} INFO - Setting next_dagrun for example_branch_dop_operator_v3 to 2026-04-26 07:54:00+00:00, run_after=2026-04-26 07:55:00+00:00
[2026-04-26T07:55:02.841+0000] {processor.py:183} INFO - Processing /usr/local/python/3.12.1/lib/python3.12/site-packages/airflow/example_dags/example_branch_python_dop_operator_3.py took 0.065 seconds
[2026-04-26T07:55:47.925+0000] {processor.py:161} INFO - Started process (PID=52454) to work on /usr/local/python/3.12.1/lib/python3.12/site-packages/airflow/example_dags/example_branch_python_dop_operator_3.py
[2026-04-26T07:55:47.929+0000] {processor.py:830} INFO - Processing file /usr/local/python/3.12.1/lib/python3.12/site-packages/airflow/example_dags/example_branch_python_dop_operator_3.py for tasks to queue
[2026-04-26T07:55:47.930+0000] {logging_mixin.py:188} INFO - [2026-04-26T07:55:47.930+0000] {dagbag.py:540} INFO - Filling up the DagBag from /usr/local/python/3.12.1/lib/python3.12/site-packages/airflow/example_dags/example_branch_python_dop_operator_3.py
[2026-04-26T07:55:47.953+0000] {processor.py:840} INFO - DAG(s) 'example_branch_dop_operator_v3' retrieved from /usr/local/python/3.12.1/lib/python3.12/site-packages/airflow/example_dags/example_branch_python_dop_operator_3.py
[2026-04-26T07:55:47.971+0000] {logging_mixin.py:188} INFO - [2026-04-26T07:55:47.971+0000] {dag.py:3096} INFO - Sync 1 DAGs
[2026-04-26T07:55:47.994+0000] {logging_mixin.py:188} INFO - [2026-04-26T07:55:47.993+0000] {dag.py:3954} INFO - Setting next_dagrun for example_branch_dop_operator_v3 to 2026-04-26 07:54:00+00:00, run_after=2026-04-26 07:55:00+00:00
[2026-04-26T07:55:48.014+0000] {processor.py:183} INFO - Processing /usr/local/python/3.12.1/lib/python3.12/site-packages/airflow/example_dags/example_branch_python_dop_operator_3.py took 0.096 seconds
[2026-04-26T07:55:52.849+0000] {processor.py:161} INFO - Started process (PID=52548) to work on /usr/local/python/3.12.1/lib/python3.12/site-packages/airflow/example_dags/example_branch_python_dop_operator_3.py
[2026-04-26T07:55:52.850+0000] {processor.py:830} INFO - Processing file /usr/local/python/3.12.1/lib/python3.12/site-packages/airflow/example_dags/example_branch_python_dop_operator_3.py for tasks to queue
[2026-04-26T07:55:52.851+0000] {logging_mixin.py:188} INFO - [2026-04-26T07:55:52.851+0000] {dagbag.py:540} INFO - Filling up the DagBag from /usr/local/python/3.12.1/lib/python3.12/site-packages/airflow/example_dags/example_branch_python_dop_operator_3.py
[2026-04-26T07:55:52.861+0000] {processor.py:840} INFO - DAG(s) 'example_branch_dop_operator_v3' retrieved from /usr/local/python/3.12.1/lib/python3.12/site-packages/airflow/example_dags/example_branch_python_dop_operator_3.py
[2026-04-26T07:55:52.880+0000] {logging_mixin.py:188} INFO - [2026-04-26T07:55:52.880+0000] {dag.py:3096} INFO - Sync 1 DAGs
[2026-04-26T07:55:52.908+0000] {logging_mixin.py:188} INFO - [2026-04-26T07:55:52.908+0000] {dag.py:3954} INFO - Setting next_dagrun for example_branch_dop_operator_v3 to 2026-04-26 07:54:00+00:00, run_after=2026-04-26 07:55:00+00:00
[2026-04-26T07:55:52.948+0000] {processor.py:183} INFO - Processing /usr/local/python/3.12.1/lib/python3.12/site-packages/airflow/example_dags/example_branch_python_dop_operator_3.py took 0.105 seconds
[2026-04-26T07:56:06.619+0000] {processor.py:161} INFO - Started process (PID=52668) to work on /usr/local/python/3.12.1/lib/python3.12/site-packages/airflow/example_dags/example_branch_python_dop_operator_3.py
[2026-04-26T07:56:06.620+0000] {processor.py:830} INFO - Processing file /usr/local/python/3.12.1/lib/python3.12/site-packages/airflow/example_dags/example_branch_python_dop_operator_3.py for tasks to queue
[2026-04-26T07:56:06.621+0000] {logging_mixin.py:188} INFO - [2026-04-26T07:56:06.621+0000] {dagbag.py:540} INFO - Filling up the DagBag from /usr/local/python/3.12.1/lib/python3.12/site-packages/airflow/example_dags/example_branch_python_dop_operator_3.py
[2026-04-26T07:56:06.631+0000] {processor.py:840} INFO - DAG(s) 'example_branch_dop_operator_v3' retrieved from /usr/local/python/3.12.1/lib/python3.12/site-packages/airflow/example_dags/example_branch_python_dop_operator_3.py
[2026-04-26T07:56:06.649+0000] {logging_mixin.py:188} INFO - [2026-04-26T07:56:06.649+0000] {dag.py:3096} INFO - Sync 1 DAGs
[2026-04-26T07:56:06.682+0000] {logging_mixin.py:188} INFO - [2026-04-26T07:56:06.681+0000] {dag.py:3954} INFO - Setting next_dagrun for example_branch_dop_operator_v3 to 2026-04-26 07:55:00+00:00, run_after=2026-04-26 07:56:00+00:00
[2026-04-26T07:56:06.744+0000] {processor.py:183} INFO - Processing /usr/local/python/3.12.1/lib/python3.12/site-packages/airflow/example_dags/example_branch_python_dop_operator_3.py took 0.130 seconds
[2026-04-26T07:56:56.678+0000] {processor.py:161} INFO - Started process (PID=53687) to work on /usr/local/python/3.12.1/lib/python3.12/site-packages/airflow/example_dags/example_branch_python_dop_operator_3.py
[2026-04-26T07:56:56.678+0000] {processor.py:830} INFO - Processing file /usr/local/python/3.12.1/lib/python3.12/site-packages/airflow/example_dags/example_branch_python_dop_operator_3.py for tasks to queue
[2026-04-26T07:56:56.679+0000] {logging_mixin.py:188} INFO - [2026-04-26T07:56:56.679+0000] {dagbag.py:540} INFO - Filling up the DagBag from /usr/local/python/3.12.1/lib/python3.12/site-packages/airflow/example_dags/example_branch_python_dop_operator_3.py
[2026-04-26T07:56:56.688+0000] {processor.py:840} INFO - DAG(s) 'example_branch_dop_operator_v3' retrieved from /usr/local/python/3.12.1/lib/python3.12/site-packages/airflow/example_dags/example_branch_python_dop_operator_3.py
[2026-04-26T07:56:56.776+0000] {logging_mixin.py:188} INFO - [2026-04-26T07:56:56.775+0000] {dag.py:3096} INFO - Sync 1 DAGs
[2026-04-26T07:56:56.795+0000] {logging_mixin.py:188} INFO - [2026-04-26T07:56:56.795+0000] {dag.py:3954} INFO - Setting next_dagrun for example_branch_dop_operator_v3 to 2026-04-26 07:55:00+00:00, run_after=2026-04-26 07:56:00+00:00
[2026-04-26T07:56:56.813+0000] {processor.py:183} INFO - Processing /usr/local/python/3.12.1/lib/python3.12/site-packages/airflow/example_dags/example_branch_python_dop_operator_3.py took 0.139 seconds
[2026-04-26T07:56:57.987+0000] {processor.py:161} INFO - Started process (PID=53693) to work on /usr/local/python/3.12.1/lib/python3.12/site-packages/airflow/example_dags/example_branch_python_dop_operator_3.py
[2026-04-26T07:56:57.987+0000] {processor.py:830} INFO - Processing file /usr/local/python/3.12.1/lib/python3.12/site-packages/airflow/example_dags/example_branch_python_dop_operator_3.py for tasks to queue
[2026-04-26T07:56:57.988+0000] {logging_mixin.py:188} INFO - [2026-04-26T07:56:57.988+0000] {dagbag.py:540} INFO - Filling up the DagBag from /usr/local/python/3.12.1/lib/python3.12/site-packages/airflow/example_dags/example_branch_python_dop_operator_3.py
[2026-04-26T07:56:57.995+0000] {processor.py:840} INFO - DAG(s) 'example_branch_dop_operator_v3' retrieved from /usr/local/python/3.12.1/lib/python3.12/site-packages/airflow/example_dags/example_branch_python_dop_operator_3.py
[2026-04-26T07:56:58.001+0000] {logging_mixin.py:188} INFO - [2026-04-26T07:56:58.001+0000] {dag.py:3096} INFO - Sync 1 DAGs
[2026-04-26T07:56:58.020+0000] {logging_mixin.py:188} INFO - [2026-04-26T07:56:58.020+0000] {dag.py:3954} INFO - Setting next_dagrun for example_branch_dop_operator_v3 to 2026-04-26 07:55:00+00:00, run_after=2026-04-26 07:56:00+00:00
[2026-04-26T07:56:58.036+0000] {processor.py:183} INFO - Processing /usr/local/python/3.12.1/lib/python3.12/site-packages/airflow/example_dags/example_branch_python_dop_operator_3.py took 0.055 seconds
[2026-04-26T07:57:19.583+0000] {processor.py:161} INFO - Started process (PID=53877) to work on /usr/local/python/3.12.1/lib/python3.12/site-packages/airflow/example_dags/example_branch_python_dop_operator_3.py
[2026-04-26T07:57:19.583+0000] {processor.py:830} INFO - Processing file /usr/local/python/3.12.1/lib/python3.12/site-packages/airflow/example_dags/example_branch_python_dop_operator_3.py for tasks to queue
[2026-04-26T07:57:19.584+0000] {logging_mixin.py:188} INFO - [2026-04-26T07:57:19.584+0000] {dagbag.py:540} INFO - Filling up the DagBag from /usr/local/python/3.12.1/lib/python3.12/site-packages/airflow/example_dags/example_branch_python_dop_operator_3.py
[2026-04-26T07:57:19.591+0000] {processor.py:840} INFO - DAG(s) 'example_branch_dop_operator_v3' retrieved from /usr/local/python/3.12.1/lib/python3.12/site-packages/airflow/example_dags/example_branch_python_dop_operator_3.py
[2026-04-26T07:57:19.597+0000] {logging_mixin.py:188} INFO - [2026-04-26T07:57:19.596+0000] {dag.py:3096} INFO - Sync 1 DAGs
[2026-04-26T07:57:19.619+0000] {logging_mixin.py:188} INFO - [2026-04-26T07:57:19.619+0000] {dag.py:3954} INFO - Setting next_dagrun for example_branch_dop_operator_v3 to 2026-04-26 07:56:00+00:00, run_after=2026-04-26 07:57:00+00:00
[2026-04-26T07:57:19.639+0000] {processor.py:183} INFO - Processing /usr/local/python/3.12.1/lib/python3.12/site-packages/airflow/example_dags/example_branch_python_dop_operator_3.py took 0.060 seconds
[2026-04-26T07:58:02.580+0000] {processor.py:161} INFO - Started process (PID=54360) to work on /usr/local/python/3.12.1/lib/python3.12/site-packages/airflow/example_dags/example_branch_python_dop_operator_3.py
[2026-04-26T07:58:02.581+0000] {processor.py:830} INFO - Processing file /usr/local/python/3.12.1/lib/python3.12/site-packages/airflow/example_dags/example_branch_python_dop_operator_3.py for tasks to queue
[2026-04-26T07:58:02.582+0000] {logging_mixin.py:188} INFO - [2026-04-26T07:58:02.582+0000] {dagbag.py:540} INFO - Filling up the DagBag from /usr/local/python/3.12.1/lib/python3.12/site-packages/airflow/example_dags/example_branch_python_dop_operator_3.py
[2026-04-26T07:58:02.595+0000] {processor.py:840} INFO - DAG(s) 'example_branch_dop_operator_v3' retrieved from /usr/local/python/3.12.1/lib/python3.12/site-packages/airflow/example_dags/example_branch_python_dop_operator_3.py
[2026-04-26T07:58:02.615+0000] {logging_mixin.py:188} INFO - [2026-04-26T07:58:02.615+0000] {dag.py:3096} INFO - Sync 1 DAGs
[2026-04-26T07:58:02.640+0000] {logging_mixin.py:188} INFO - [2026-04-26T07:58:02.640+0000] {dag.py:3954} INFO - Setting next_dagrun for example_branch_dop_operator_v3 to 2026-04-26 07:57:00+00:00, run_after=2026-04-26 07:58:00+00:00
[2026-04-26T07:58:02.660+0000] {processor.py:183} INFO - Processing /usr/local/python/3.12.1/lib/python3.12/site-packages/airflow/example_dags/example_branch_python_dop_operator_3.py took 0.087 seconds
[2026-04-26T07:58:07.237+0000] {processor.py:161} INFO - Started process (PID=54415) to work on /usr/local/python/3.12.1/lib/python3.12/site-packages/airflow/example_dags/example_branch_python_dop_operator_3.py
[2026-04-26T07:58:07.237+0000] {processor.py:830} INFO - Processing file /usr/local/python/3.12.1/lib/python3.12/site-packages/airflow/example_dags/example_branch_python_dop_operator_3.py for tasks to queue
[2026-04-26T07:58:07.238+0000] {logging_mixin.py:188} INFO - [2026-04-26T07:58:07.238+0000] {dagbag.py:540} INFO - Filling up the DagBag from /usr/local/python/3.12.1/lib/python3.12/site-packages/airflow/example_dags/example_branch_python_dop_operator_3.py
[2026-04-26T07:58:07.247+0000] {processor.py:840} INFO - DAG(s) 'example_branch_dop_operator_v3' retrieved from /usr/local/python/3.12.1/lib/python3.12/site-packages/airflow/example_dags/example_branch_python_dop_operator_3.py
[2026-04-26T07:58:07.261+0000] {logging_mixin.py:188} INFO - [2026-04-26T07:58:07.261+0000] {dag.py:3096} INFO - Sync 1 DAGs
[2026-04-26T07:58:07.282+0000] {logging_mixin.py:188} INFO - [2026-04-26T07:58:07.282+0000] {dag.py:3954} INFO - Setting next_dagrun for example_branch_dop_operator_v3 to 2026-04-26 07:57:00+00:00, run_after=2026-04-26 07:58:00+00:00
[2026-04-26T07:58:07.298+0000] {processor.py:183} INFO - Processing /usr/local/python/3.12.1/lib/python3.12/site-packages/airflow/example_dags/example_branch_python_dop_operator_3.py took 0.066 seconds
[2026-04-26T07:58:22.074+0000] {processor.py:161} INFO - Started process (PID=54536) to work on /usr/local/python/3.12.1/lib/python3.12/site-packages/airflow/example_dags/example_branch_python_dop_operator_3.py
[2026-04-26T07:58:22.079+0000] {processor.py:830} INFO - Processing file /usr/local/python/3.12.1/lib/python3.12/site-packages/airflow/example_dags/example_branch_python_dop_operator_3.py for tasks to queue
[2026-04-26T07:58:22.089+0000] {logging_mixin.py:188} INFO - [2026-04-26T07:58:22.086+0000] {dagbag.py:540} INFO - Filling up the DagBag from /usr/local/python/3.12.1/lib/python3.12/site-packages/airflow/example_dags/example_branch_python_dop_operator_3.py
[2026-04-26T07:58:22.129+0000] {processor.py:840} INFO - DAG(s) 'example_branch_dop_operator_v3' retrieved from /usr/local/python/3.12.1/lib/python3.12/site-packages/airflow/example_dags/example_branch_python_dop_operator_3.py
[2026-04-26T07:58:22.232+0000] {logging_mixin.py:188} INFO - [2026-04-26T07:58:22.232+0000] {dag.py:3096} INFO - Sync 1 DAGs
[2026-04-26T07:58:22.268+0000] {logging_mixin.py:188} INFO - [2026-04-26T07:58:22.268+0000] {dag.py:3954} INFO - Setting next_dagrun for example_branch_dop_operator_v3 to 2026-04-26 07:57:00+00:00, run_after=2026-04-26 07:58:00+00:00
[2026-04-26T07:58:22.307+0000] {processor.py:183} INFO - Processing /usr/local/python/3.12.1/lib/python3.12/site-packages/airflow/example_dags/example_branch_python_dop_operator_3.py took 0.292 seconds
[2026-04-26T07:59:11.144+0000] {processor.py:161} INFO - Started process (PID=55425) to work on /usr/local/python/3.12.1/lib/python3.12/site-packages/airflow/example_dags/example_branch_python_dop_operator_3.py
[2026-04-26T07:59:11.145+0000] {processor.py:830} INFO - Processing file /usr/local/python/3.12.1/lib/python3.12/site-packages/airflow/example_dags/example_branch_python_dop_operator_3.py for tasks to queue
[2026-04-26T07:59:11.146+0000] {logging_mixin.py:188} INFO - [2026-04-26T07:59:11.146+0000] {dagbag.py:540} INFO - Filling up the DagBag from /usr/local/python/3.12.1/lib/python3.12/site-packages/airflow/example_dags/example_branch_python_dop_operator_3.py
[2026-04-26T07:59:11.153+0000] {processor.py:840} INFO - DAG(s) 'example_branch_dop_operator_v3' retrieved from /usr/local/python/3.12.1/lib/python3.12/site-packages/airflow/example_dags/example_branch_python_dop_operator_3.py
[2026-04-26T07:59:11.254+0000] {logging_mixin.py:188} INFO - [2026-04-26T07:59:11.254+0000] {dag.py:3096} INFO - Sync 1 DAGs
[2026-04-26T07:59:11.288+0000] {logging_mixin.py:188} INFO - [2026-04-26T07:59:11.287+0000] {dag.py:3954} INFO - Setting next_dagrun for example_branch_dop_operator_v3 to 2026-04-26 07:58:00+00:00, run_after=2026-04-26 07:59:00+00:00
[2026-04-26T07:59:11.308+0000] {processor.py:183} INFO - Processing /usr/local/python/3.12.1/lib/python3.12/site-packages/airflow/example_dags/example_branch_python_dop_operator_3.py took 0.168 seconds
[2026-04-26T07:59:17.219+0000] {processor.py:161} INFO - Started process (PID=55467) to work on /usr/local/python/3.12.1/lib/python3.12/site-packages/airflow/example_dags/example_branch_python_dop_operator_3.py
[2026-04-26T07:59:17.220+0000] {processor.py:830} INFO - Processing file /usr/local/python/3.12.1/lib/python3.12/site-packages/airflow/example_dags/example_branch_python_dop_operator_3.py for tasks to queue
[2026-04-26T07:59:17.221+0000] {logging_mixin.py:188} INFO - [2026-04-26T07:59:17.220+0000] {dagbag.py:540} INFO - Filling up the DagBag from /usr/local/python/3.12.1/lib/python3.12/site-packages/airflow/example_dags/example_branch_python_dop_operator_3.py
[2026-04-26T07:59:17.227+0000] {processor.py:840} INFO - DAG(s) 'example_branch_dop_operator_v3' retrieved from /usr/local/python/3.12.1/lib/python3.12/site-packages/airflow/example_dags/example_branch_python_dop_operator_3.py
[2026-04-26T07:59:17.233+0000] {logging_mixin.py:188} INFO - [2026-04-26T07:59:17.233+0000] {dag.py:3096} INFO - Sync 1 DAGs
[2026-04-26T07:59:17.251+0000] {logging_mixin.py:188} INFO - [2026-04-26T07:59:17.251+0000] {dag.py:3954} INFO - Setting next_dagrun for example_branch_dop_operator_v3 to 2026-04-26 07:58:00+00:00, run_after=2026-04-26 07:59:00+00:00
[2026-04-26T07:59:17.271+0000] {processor.py:183} INFO - Processing /usr/local/python/3.12.1/lib/python3.12/site-packages/airflow/example_dags/example_branch_python_dop_operator_3.py took 0.056 seconds
[2026-04-26T07:59:31.068+0000] {processor.py:161} INFO - Started process (PID=55601) to work on /usr/local/python/3.12.1/lib/python3.12/site-packages/airflow/example_dags/example_branch_python_dop_operator_3.py
[2026-04-26T07:59:31.069+0000] {processor.py:830} INFO - Processing file /usr/local/python/3.12.1/lib/python3.12/site-packages/airflow/example_dags/example_branch_python_dop_operator_3.py for tasks to queue
[2026-04-26T07:59:31.070+0000] {logging_mixin.py:188} INFO - [2026-04-26T07:59:31.070+0000] {dagbag.py:540} INFO - Filling up the DagBag from /usr/local/python/3.12.1/lib/python3.12/site-packages/airflow/example_dags/example_branch_python_dop_operator_3.py
[2026-04-26T07:59:31.078+0000] {processor.py:840} INFO - DAG(s) 'example_branch_dop_operator_v3' retrieved from /usr/local/python/3.12.1/lib/python3.12/site-packages/airflow/example_dags/example_branch_python_dop_operator_3.py
[2026-04-26T07:59:31.084+0000] {logging_mixin.py:188} INFO - [2026-04-26T07:59:31.084+0000] {dag.py:3096} INFO - Sync 1 DAGs
[2026-04-26T07:59:31.103+0000] {logging_mixin.py:188} INFO - [2026-04-26T07:59:31.103+0000] {dag.py:3954} INFO - Setting next_dagrun for example_branch_dop_operator_v3 to 2026-04-26 07:58:00+00:00, run_after=2026-04-26 07:59:00+00:00
[2026-04-26T07:59:31.120+0000] {processor.py:183} INFO - Processing /usr/local/python/3.12.1/lib/python3.12/site-packages/airflow/example_dags/example_branch_python_dop_operator_3.py took 0.057 seconds
[2026-04-26T08:00:15.313+0000] {processor.py:161} INFO - Started process (PID=56088) to work on /usr/local/python/3.12.1/lib/python3.12/site-packages/airflow/example_dags/example_branch_python_dop_operator_3.py
[2026-04-26T08:00:15.314+0000] {processor.py:830} INFO - Processing file /usr/local/python/3.12.1/lib/python3.12/site-packages/airflow/example_dags/example_branch_python_dop_operator_3.py for tasks to queue
[2026-04-26T08:00:15.315+0000] {logging_mixin.py:188} INFO - [2026-04-26T08:00:15.315+0000] {dagbag.py:540} INFO - Filling up the DagBag from /usr/local/python/3.12.1/lib/python3.12/site-packages/airflow/example_dags/example_branch_python_dop_operator_3.py
[2026-04-26T08:00:15.322+0000] {processor.py:840} INFO - DAG(s) 'example_branch_dop_operator_v3' retrieved from /usr/local/python/3.12.1/lib/python3.12/site-packages/airflow/example_dags/example_branch_python_dop_operator_3.py
[2026-04-26T08:00:15.333+0000] {logging_mixin.py:188} INFO - [2026-04-26T08:00:15.333+0000] {dag.py:3096} INFO - Sync 1 DAGs
[2026-04-26T08:00:15.350+0000] {logging_mixin.py:188} INFO - [2026-04-26T08:00:15.350+0000] {dag.py:3954} INFO - Setting next_dagrun for example_branch_dop_operator_v3 to 2026-04-26 07:59:00+00:00, run_after=2026-04-26 08:00:00+00:00
[2026-04-26T08:00:15.368+0000] {processor.py:183} INFO - Processing /usr/local/python/3.12.1/lib/python3.12/site-packages/airflow/example_dags/example_branch_python_dop_operator_3.py took 0.059 seconds
[2026-04-26T08:00:28.244+0000] {processor.py:161} INFO - Started process (PID=56196) to work on /usr/local/python/3.12.1/lib/python3.12/site-packages/airflow/example_dags/example_branch_python_dop_operator_3.py
[2026-04-26T08:00:28.245+0000] {processor.py:830} INFO - Processing file /usr/local/python/3.12.1/lib/python3.12/site-packages/airflow/example_dags/example_branch_python_dop_operator_3.py for tasks to queue
[2026-04-26T08:00:28.245+0000] {logging_mixin.py:188} INFO - [2026-04-26T08:00:28.245+0000] {dagbag.py:540} INFO - Filling up the DagBag from /usr/local/python/3.12.1/lib/python3.12/site-packages/airflow/example_dags/example_branch_python_dop_operator_3.py
[2026-04-26T08:00:28.252+0000] {processor.py:840} INFO - DAG(s) 'example_branch_dop_operator_v3' retrieved from /usr/local/python/3.12.1/lib/python3.12/site-packages/airflow/example_dags/example_branch_python_dop_operator_3.py
[2026-04-26T08:00:28.267+0000] {logging_mixin.py:188} INFO - [2026-04-26T08:00:28.267+0000] {dag.py:3096} INFO - Sync 1 DAGs
[2026-04-26T08:00:28.287+0000] {logging_mixin.py:188} INFO - [2026-04-26T08:00:28.286+0000] {dag.py:3954} INFO - Setting next_dagrun for example_branch_dop_operator_v3 to 2026-04-26 07:59:00+00:00, run_after=2026-04-26 08:00:00+00:00
[2026-04-26T08:00:28.303+0000] {processor.py:183} INFO - Processing /usr/local/python/3.12.1/lib/python3.12/site-packages/airflow/example_dags/example_branch_python_dop_operator_3.py took 0.064 seconds
[2026-04-26T08:00:40.376+0000] {processor.py:161} INFO - Started process (PID=56323) to work on /usr/local/python/3.12.1/lib/python3.12/site-packages/airflow/example_dags/example_branch_python_dop_operator_3.py
[2026-04-26T08:00:40.377+0000] {processor.py:830} INFO - Processing file /usr/local/python/3.12.1/lib/python3.12/site-packages/airflow/example_dags/example_branch_python_dop_operator_3.py for tasks to queue
[2026-04-26T08:00:40.378+0000] {logging_mixin.py:188} INFO - [2026-04-26T08:00:40.377+0000] {dagbag.py:540} INFO - Filling up the DagBag from /usr/local/python/3.12.1/lib/python3.12/site-packages/airflow/example_dags/example_branch_python_dop_operator_3.py
[2026-04-26T08:00:40.392+0000] {processor.py:840} INFO - DAG(s) 'example_branch_dop_operator_v3' retrieved from /usr/local/python/3.12.1/lib/python3.12/site-packages/airflow/example_dags/example_branch_python_dop_operator_3.py
[2026-04-26T08:00:40.421+0000] {logging_mixin.py:188} INFO - [2026-04-26T08:00:40.421+0000] {dag.py:3096} INFO - Sync 1 DAGs
[2026-04-26T08:00:40.461+0000] {logging_mixin.py:188} INFO - [2026-04-26T08:00:40.461+0000] {dag.py:3954} INFO - Setting next_dagrun for example_branch_dop_operator_v3 to 2026-04-26 07:59:00+00:00, run_after=2026-04-26 08:00:00+00:00
[2026-04-26T08:00:40.525+0000] {processor.py:183} INFO - Processing /usr/local/python/3.12.1/lib/python3.12/site-packages/airflow/example_dags/example_branch_python_dop_operator_3.py took 0.158 seconds
[2026-04-26T08:01:21.335+0000] {processor.py:161} INFO - Started process (PID=57018) to work on /usr/local/python/3.12.1/lib/python3.12/site-packages/airflow/example_dags/example_branch_python_dop_operator_3.py
[2026-04-26T08:01:21.338+0000] {processor.py:830} INFO - Processing file /usr/local/python/3.12.1/lib/python3.12/site-packages/airflow/example_dags/example_branch_python_dop_operator_3.py for tasks to queue
[2026-04-26T08:01:21.340+0000] {logging_mixin.py:188} INFO - [2026-04-26T08:01:21.339+0000] {dagbag.py:540} INFO - Filling up the DagBag from /usr/local/python/3.12.1/lib/python3.12/site-packages/airflow/example_dags/example_branch_python_dop_operator_3.py
[2026-04-26T08:01:21.358+0000] {processor.py:840} INFO - DAG(s) 'example_branch_dop_operator_v3' retrieved from /usr/local/python/3.12.1/lib/python3.12/site-packages/airflow/example_dags/example_branch_python_dop_operator_3.py
[2026-04-26T08:01:21.423+0000] {logging_mixin.py:188} INFO - [2026-04-26T08:01:21.418+0000] {dag.py:3096} INFO - Sync 1 DAGs
[2026-04-26T08:01:21.475+0000] {logging_mixin.py:188} INFO - [2026-04-26T08:01:21.475+0000] {dag.py:3954} INFO - Setting next_dagrun for example_branch_dop_operator_v3 to 2026-04-26 08:00:00+00:00, run_after=2026-04-26 08:01:00+00:00
[2026-04-26T08:01:21.534+0000] {processor.py:183} INFO - Processing /usr/local/python/3.12.1/lib/python3.12/site-packages/airflow/example_dags/example_branch_python_dop_operator_3.py took 0.205 seconds
[2026-04-26T08:01:38.130+0000] {processor.py:161} INFO - Started process (PID=57365) to work on /usr/local/python/3.12.1/lib/python3.12/site-packages/airflow/example_dags/example_branch_python_dop_operator_3.py
[2026-04-26T08:01:38.130+0000] {processor.py:830} INFO - Processing file /usr/local/python/3.12.1/lib/python3.12/site-packages/airflow/example_dags/example_branch_python_dop_operator_3.py for tasks to queue
[2026-04-26T08:01:38.131+0000] {logging_mixin.py:188} INFO - [2026-04-26T08:01:38.131+0000] {dagbag.py:540} INFO - Filling up the DagBag from /usr/local/python/3.12.1/lib/python3.12/site-packages/airflow/example_dags/example_branch_python_dop_operator_3.py
[2026-04-26T08:01:38.140+0000] {processor.py:840} INFO - DAG(s) 'example_branch_dop_operator_v3' retrieved from /usr/local/python/3.12.1/lib/python3.12/site-packages/airflow/example_dags/example_branch_python_dop_operator_3.py
[2026-04-26T08:01:38.226+0000] {logging_mixin.py:188} INFO - [2026-04-26T08:01:38.226+0000] {dag.py:3096} INFO - Sync 1 DAGs
[2026-04-26T08:01:38.243+0000] {logging_mixin.py:188} INFO - [2026-04-26T08:01:38.242+0000] {dag.py:3954} INFO - Setting next_dagrun for example_branch_dop_operator_v3 to 2026-04-26 08:00:00+00:00, run_after=2026-04-26 08:01:00+00:00
[2026-04-26T08:01:38.263+0000] {processor.py:183} INFO - Processing /usr/local/python/3.12.1/lib/python3.12/site-packages/airflow/example_dags/example_branch_python_dop_operator_3.py took 0.139 seconds
[2026-04-26T08:01:54.030+0000] {processor.py:161} INFO - Started process (PID=57560) to work on /usr/local/python/3.12.1/lib/python3.12/site-packages/airflow/example_dags/example_branch_python_dop_operator_3.py
[2026-04-26T08:01:54.031+0000] {processor.py:830} INFO - Processing file /usr/local/python/3.12.1/lib/python3.12/site-packages/airflow/example_dags/example_branch_python_dop_operator_3.py for tasks to queue
[2026-04-26T08:01:54.032+0000] {logging_mixin.py:188} INFO - [2026-04-26T08:01:54.032+0000] {dagbag.py:540} INFO - Filling up the DagBag from /usr/local/python/3.12.1/lib/python3.12/site-packages/airflow/example_dags/example_branch_python_dop_operator_3.py
[2026-04-26T08:01:54.050+0000] {processor.py:840} INFO - DAG(s) 'example_branch_dop_operator_v3' retrieved from /usr/local/python/3.12.1/lib/python3.12/site-packages/airflow/example_dags/example_branch_python_dop_operator_3.py
[2026-04-26T08:01:54.063+0000] {logging_mixin.py:188} INFO - [2026-04-26T08:01:54.063+0000] {dag.py:3096} INFO - Sync 1 DAGs
[2026-04-26T08:01:54.094+0000] {logging_mixin.py:188} INFO - [2026-04-26T08:01:54.094+0000] {dag.py:3954} INFO - Setting next_dagrun for example_branch_dop_operator_v3 to 2026-04-26 08:00:00+00:00, run_after=2026-04-26 08:01:00+00:00
[2026-04-26T08:01:54.120+0000] {processor.py:183} INFO - Processing /usr/local/python/3.12.1/lib/python3.12/site-packages/airflow/example_dags/example_branch_python_dop_operator_3.py took 0.096 seconds
[2026-04-26T08:02:30.549+0000] {processor.py:161} INFO - Started process (PID=57987) to work on /usr/local/python/3.12.1/lib/python3.12/site-packages/airflow/example_dags/example_branch_python_dop_operator_3.py
[2026-04-26T08:02:30.550+0000] {processor.py:830} INFO - Processing file /usr/local/python/3.12.1/lib/python3.12/site-packages/airflow/example_dags/example_branch_python_dop_operator_3.py for tasks to queue
[2026-04-26T08:02:30.551+0000] {logging_mixin.py:188} INFO - [2026-04-26T08:02:30.551+0000] {dagbag.py:540} INFO - Filling up the DagBag from /usr/local/python/3.12.1/lib/python3.12/site-packages/airflow/example_dags/example_branch_python_dop_operator_3.py
[2026-04-26T08:02:30.562+0000] {processor.py:840} INFO - DAG(s) 'example_branch_dop_operator_v3' retrieved from /usr/local/python/3.12.1/lib/python3.12/site-packages/airflow/example_dags/example_branch_python_dop_operator_3.py
[2026-04-26T08:02:30.582+0000] {logging_mixin.py:188} INFO - [2026-04-26T08:02:30.582+0000] {dag.py:3096} INFO - Sync 1 DAGs
[2026-04-26T08:02:30.610+0000] {logging_mixin.py:188} INFO - [2026-04-26T08:02:30.610+0000] {dag.py:3954} INFO - Setting next_dagrun for example_branch_dop_operator_v3 to 2026-04-26 08:01:00+00:00, run_after=2026-04-26 08:02:00+00:00
[2026-04-26T08:02:30.637+0000] {processor.py:183} INFO - Processing /usr/local/python/3.12.1/lib/python3.12/site-packages/airflow/example_dags/example_branch_python_dop_operator_3.py took 0.098 seconds
[2026-04-26T08:02:48.330+0000] {processor.py:161} INFO - Started process (PID=58298) to work on /usr/local/python/3.12.1/lib/python3.12/site-packages/airflow/example_dags/example_branch_python_dop_operator_3.py
[2026-04-26T08:02:48.331+0000] {processor.py:830} INFO - Processing file /usr/local/python/3.12.1/lib/python3.12/site-packages/airflow/example_dags/example_branch_python_dop_operator_3.py for tasks to queue
[2026-04-26T08:02:48.332+0000] {logging_mixin.py:188} INFO - [2026-04-26T08:02:48.331+0000] {dagbag.py:540} INFO - Filling up the DagBag from /usr/local/python/3.12.1/lib/python3.12/site-packages/airflow/example_dags/example_branch_python_dop_operator_3.py
[2026-04-26T08:02:48.338+0000] {processor.py:840} INFO - DAG(s) 'example_branch_dop_operator_v3' retrieved from /usr/local/python/3.12.1/lib/python3.12/site-packages/airflow/example_dags/example_branch_python_dop_operator_3.py
[2026-04-26T08:02:48.350+0000] {logging_mixin.py:188} INFO - [2026-04-26T08:02:48.350+0000] {dag.py:3096} INFO - Sync 1 DAGs
[2026-04-26T08:02:48.373+0000] {logging_mixin.py:188} INFO - [2026-04-26T08:02:48.372+0000] {dag.py:3954} INFO - Setting next_dagrun for example_branch_dop_operator_v3 to 2026-04-26 08:01:00+00:00, run_after=2026-04-26 08:02:00+00:00
[2026-04-26T08:02:48.392+0000] {processor.py:183} INFO - Processing /usr/local/python/3.12.1/lib/python3.12/site-packages/airflow/example_dags/example_branch_python_dop_operator_3.py took 0.066 seconds
[2026-04-26T08:03:02.880+0000] {processor.py:161} INFO - Started process (PID=58548) to work on /usr/local/python/3.12.1/lib/python3.12/site-packages/airflow/example_dags/example_branch_python_dop_operator_3.py
[2026-04-26T08:03:02.890+0000] {processor.py:830} INFO - Processing file /usr/local/python/3.12.1/lib/python3.12/site-packages/airflow/example_dags/example_branch_python_dop_operator_3.py for tasks to queue
[2026-04-26T08:03:02.894+0000] {logging_mixin.py:188} INFO - [2026-04-26T08:03:02.894+0000] {dagbag.py:540} INFO - Filling up the DagBag from /usr/local/python/3.12.1/lib/python3.12/site-packages/airflow/example_dags/example_branch_python_dop_operator_3.py
[2026-04-26T08:03:02.939+0000] {processor.py:840} INFO - DAG(s) 'example_branch_dop_operator_v3' retrieved from /usr/local/python/3.12.1/lib/python3.12/site-packages/airflow/example_dags/example_branch_python_dop_operator_3.py
[2026-04-26T08:03:03.052+0000] {logging_mixin.py:188} INFO - [2026-04-26T08:03:03.043+0000] {dag.py:3096} INFO - Sync 1 DAGs
[2026-04-26T08:03:03.240+0000] {logging_mixin.py:188} INFO - [2026-04-26T08:03:03.240+0000] {dag.py:3954} INFO - Setting next_dagrun for example_branch_dop_operator_v3 to 2026-04-26 08:02:00+00:00, run_after=2026-04-26 08:03:00+00:00
[2026-04-26T08:03:03.398+0000] {processor.py:183} INFO - Processing /usr/local/python/3.12.1/lib/python3.12/site-packages/airflow/example_dags/example_branch_python_dop_operator_3.py took 0.570 seconds
[2026-04-26T08:03:37.670+0000] {processor.py:161} INFO - Started process (PID=58965) to work on /usr/local/python/3.12.1/lib/python3.12/site-packages/airflow/example_dags/example_branch_python_dop_operator_3.py
[2026-04-26T08:03:37.671+0000] {processor.py:830} INFO - Processing file /usr/local/python/3.12.1/lib/python3.12/site-packages/airflow/example_dags/example_branch_python_dop_operator_3.py for tasks to queue
[2026-04-26T08:03:37.672+0000] {logging_mixin.py:188} INFO - [2026-04-26T08:03:37.672+0000] {dagbag.py:540} INFO - Filling up the DagBag from /usr/local/python/3.12.1/lib/python3.12/site-packages/airflow/example_dags/example_branch_python_dop_operator_3.py
[2026-04-26T08:03:37.680+0000] {processor.py:840} INFO - DAG(s) 'example_branch_dop_operator_v3' retrieved from /usr/local/python/3.12.1/lib/python3.12/site-packages/airflow/example_dags/example_branch_python_dop_operator_3.py
[2026-04-26T08:03:37.692+0000] {logging_mixin.py:188} INFO - [2026-04-26T08:03:37.692+0000] {dag.py:3096} INFO - Sync 1 DAGs
[2026-04-26T08:03:37.709+0000] {logging_mixin.py:188} INFO - [2026-04-26T08:03:37.709+0000] {dag.py:3954} INFO - Setting next_dagrun for example_branch_dop_operator_v3 to 2026-04-26 08:02:00+00:00, run_after=2026-04-26 08:03:00+00:00
[2026-04-26T08:03:37.726+0000] {processor.py:183} INFO - Processing /usr/local/python/3.12.1/lib/python3.12/site-packages/airflow/example_dags/example_branch_python_dop_operator_3.py took 0.062 seconds
[2026-04-26T08:03:55.242+0000] {processor.py:161} INFO - Started process (PID=59150) to work on /usr/local/python/3.12.1/lib/python3.12/site-packages/airflow/example_dags/example_branch_python_dop_operator_3.py
[2026-04-26T08:03:55.243+0000] {processor.py:830} INFO - Processing file /usr/local/python/3.12.1/lib/python3.12/site-packages/airflow/example_dags/example_branch_python_dop_operator_3.py for tasks to queue
[2026-04-26T08:03:55.244+0000] {logging_mixin.py:188} INFO - [2026-04-26T08:03:55.244+0000] {dagbag.py:540} INFO - Filling up the DagBag from /usr/local/python/3.12.1/lib/python3.12/site-packages/airflow/example_dags/example_branch_python_dop_operator_3.py
[2026-04-26T08:03:55.254+0000] {processor.py:840} INFO - DAG(s) 'example_branch_dop_operator_v3' retrieved from /usr/local/python/3.12.1/lib/python3.12/site-packages/airflow/example_dags/example_branch_python_dop_operator_3.py
[2026-04-26T08:03:55.271+0000] {logging_mixin.py:188} INFO - [2026-04-26T08:03:55.271+0000] {dag.py:3096} INFO - Sync 1 DAGs
[2026-04-26T08:03:55.297+0000] {logging_mixin.py:188} INFO - [2026-04-26T08:03:55.296+0000] {dag.py:3954} INFO - Setting next_dagrun for example_branch_dop_operator_v3 to 2026-04-26 08:02:00+00:00, run_after=2026-04-26 08:03:00+00:00
[2026-04-26T08:03:55.322+0000] {processor.py:183} INFO - Processing /usr/local/python/3.12.1/lib/python3.12/site-packages/airflow/example_dags/example_branch_python_dop_operator_3.py took 0.086 seconds
[2026-04-26T08:04:12.846+0000] {processor.py:161} INFO - Started process (PID=59310) to work on /usr/local/python/3.12.1/lib/python3.12/site-packages/airflow/example_dags/example_branch_python_dop_operator_3.py
[2026-04-26T08:04:12.847+0000] {processor.py:830} INFO - Processing file /usr/local/python/3.12.1/lib/python3.12/site-packages/airflow/example_dags/example_branch_python_dop_operator_3.py for tasks to queue
[2026-04-26T08:04:12.848+0000] {logging_mixin.py:188} INFO - [2026-04-26T08:04:12.847+0000] {dagbag.py:540} INFO - Filling up the DagBag from /usr/local/python/3.12.1/lib/python3.12/site-packages/airflow/example_dags/example_branch_python_dop_operator_3.py
[2026-04-26T08:04:12.871+0000] {processor.py:840} INFO - DAG(s) 'example_branch_dop_operator_v3' retrieved from /usr/local/python/3.12.1/lib/python3.12/site-packages/airflow/example_dags/example_branch_python_dop_operator_3.py
[2026-04-26T08:04:12.965+0000] {logging_mixin.py:188} INFO - [2026-04-26T08:04:12.965+0000] {dag.py:3096} INFO - Sync 1 DAGs
[2026-04-26T08:04:13.025+0000] {logging_mixin.py:188} INFO - [2026-04-26T08:04:13.024+0000] {dag.py:3954} INFO - Setting next_dagrun for example_branch_dop_operator_v3 to 2026-04-26 08:03:00+00:00, run_after=2026-04-26 08:04:00+00:00
[2026-04-26T08:04:13.098+0000] {processor.py:183} INFO - Processing /usr/local/python/3.12.1/lib/python3.12/site-packages/airflow/example_dags/example_branch_python_dop_operator_3.py took 0.259 seconds
[2026-04-26T08:04:39.623+0000] {processor.py:161} INFO - Started process (PID=59598) to work on /usr/local/python/3.12.1/lib/python3.12/site-packages/airflow/example_dags/example_branch_python_dop_operator_3.py
[2026-04-26T08:04:39.623+0000] {processor.py:830} INFO - Processing file /usr/local/python/3.12.1/lib/python3.12/site-packages/airflow/example_dags/example_branch_python_dop_operator_3.py for tasks to queue
[2026-04-26T08:04:39.624+0000] {logging_mixin.py:188} INFO - [2026-04-26T08:04:39.624+0000] {dagbag.py:540} INFO - Filling up the DagBag from /usr/local/python/3.12.1/lib/python3.12/site-packages/airflow/example_dags/example_branch_python_dop_operator_3.py
[2026-04-26T08:04:39.631+0000] {processor.py:840} INFO - DAG(s) 'example_branch_dop_operator_v3' retrieved from /usr/local/python/3.12.1/lib/python3.12/site-packages/airflow/example_dags/example_branch_python_dop_operator_3.py
[2026-04-26T08:04:39.642+0000] {logging_mixin.py:188} INFO - [2026-04-26T08:04:39.642+0000] {dag.py:3096} INFO - Sync 1 DAGs
[2026-04-26T08:04:39.661+0000] {logging_mixin.py:188} INFO - [2026-04-26T08:04:39.661+0000] {dag.py:3954} INFO - Setting next_dagrun for example_branch_dop_operator_v3 to 2026-04-26 08:03:00+00:00, run_after=2026-04-26 08:04:00+00:00
[2026-04-26T08:04:39.679+0000] {processor.py:183} INFO - Processing /usr/local/python/3.12.1/lib/python3.12/site-packages/airflow/example_dags/example_branch_python_dop_operator_3.py took 0.061 seconds
[2026-04-26T08:04:58.478+0000] {processor.py:161} INFO - Started process (PID=59769) to work on /usr/local/python/3.12.1/lib/python3.12/site-packages/airflow/example_dags/example_branch_python_dop_operator_3.py
[2026-04-26T08:04:58.479+0000] {processor.py:830} INFO - Processing file /usr/local/python/3.12.1/lib/python3.12/site-packages/airflow/example_dags/example_branch_python_dop_operator_3.py for tasks to queue
[2026-04-26T08:04:58.479+0000] {logging_mixin.py:188} INFO - [2026-04-26T08:04:58.479+0000] {dagbag.py:540} INFO - Filling up the DagBag from /usr/local/python/3.12.1/lib/python3.12/site-packages/airflow/example_dags/example_branch_python_dop_operator_3.py
[2026-04-26T08:04:58.486+0000] {processor.py:840} INFO - DAG(s) 'example_branch_dop_operator_v3' retrieved from /usr/local/python/3.12.1/lib/python3.12/site-packages/airflow/example_dags/example_branch_python_dop_operator_3.py
[2026-04-26T08:04:58.503+0000] {logging_mixin.py:188} INFO - [2026-04-26T08:04:58.503+0000] {dag.py:3096} INFO - Sync 1 DAGs
[2026-04-26T08:04:58.534+0000] {logging_mixin.py:188} INFO - [2026-04-26T08:04:58.534+0000] {dag.py:3954} INFO - Setting next_dagrun for example_branch_dop_operator_v3 to 2026-04-26 08:03:00+00:00, run_after=2026-04-26 08:04:00+00:00
[2026-04-26T08:04:58.560+0000] {processor.py:183} INFO - Processing /usr/local/python/3.12.1/lib/python3.12/site-packages/airflow/example_dags/example_branch_python_dop_operator_3.py took 0.086 seconds
[2026-04-26T08:05:19.011+0000] {processor.py:161} INFO - Started process (PID=60031) to work on /usr/local/python/3.12.1/lib/python3.12/site-packages/airflow/example_dags/example_branch_python_dop_operator_3.py
[2026-04-26T08:05:19.012+0000] {processor.py:830} INFO - Processing file /usr/local/python/3.12.1/lib/python3.12/site-packages/airflow/example_dags/example_branch_python_dop_operator_3.py for tasks to queue
[2026-04-26T08:05:19.013+0000] {logging_mixin.py:188} INFO - [2026-04-26T08:05:19.012+0000] {dagbag.py:540} INFO - Filling up the DagBag from /usr/local/python/3.12.1/lib/python3.12/site-packages/airflow/example_dags/example_branch_python_dop_operator_3.py
[2026-04-26T08:05:19.019+0000] {processor.py:840} INFO - DAG(s) 'example_branch_dop_operator_v3' retrieved from /usr/local/python/3.12.1/lib/python3.12/site-packages/airflow/example_dags/example_branch_python_dop_operator_3.py
[2026-04-26T08:05:19.031+0000] {logging_mixin.py:188} INFO - [2026-04-26T08:05:19.031+0000] {dag.py:3096} INFO - Sync 1 DAGs
[2026-04-26T08:05:19.049+0000] {logging_mixin.py:188} INFO - [2026-04-26T08:05:19.049+0000] {dag.py:3954} INFO - Setting next_dagrun for example_branch_dop_operator_v3 to 2026-04-26 08:04:00+00:00, run_after=2026-04-26 08:05:00+00:00
[2026-04-26T08:05:19.077+0000] {processor.py:183} INFO - Processing /usr/local/python/3.12.1/lib/python3.12/site-packages/airflow/example_dags/example_branch_python_dop_operator_3.py took 0.071 seconds
