[2026-04-26T06:55:19.305+0000] {processor.py:161} INFO - Started process (PID=10130) to work on /usr/local/python/3.12.1/lib/python3.12/site-packages/airflow/example_dags/example_time_delta_sensor_async.py
[2026-04-26T06:55:19.306+0000] {processor.py:830} INFO - Processing file /usr/local/python/3.12.1/lib/python3.12/site-packages/airflow/example_dags/example_time_delta_sensor_async.py for tasks to queue
[2026-04-26T06:55:19.307+0000] {logging_mixin.py:188} INFO - [2026-04-26T06:55:19.306+0000] {dagbag.py:540} INFO - Filling up the DagBag from /usr/local/python/3.12.1/lib/python3.12/site-packages/airflow/example_dags/example_time_delta_sensor_async.py
[2026-04-26T06:55:19.314+0000] {processor.py:840} INFO - DAG(s) 'example_time_delta_sensor_async' retrieved from /usr/local/python/3.12.1/lib/python3.12/site-packages/airflow/example_dags/example_time_delta_sensor_async.py
[2026-04-26T06:55:19.325+0000] {logging_mixin.py:188} INFO - [2026-04-26T06:55:19.325+0000] {dag.py:3096} INFO - Sync 1 DAGs
[2026-04-26T06:55:19.340+0000] {logging_mixin.py:188} INFO - [2026-04-26T06:55:19.340+0000] {dag.py:3954} INFO - Setting next_dagrun for example_time_delta_sensor_async to None, run_after=None
[2026-04-26T06:55:19.369+0000] {processor.py:183} INFO - Processing /usr/local/python/3.12.1/lib/python3.12/site-packages/airflow/example_dags/example_time_delta_sensor_async.py took 0.071 seconds
[2026-04-26T06:56:12.826+0000] {processor.py:161} INFO - Started process (PID=10577) to work on /usr/local/python/3.12.1/lib/python3.12/site-packages/airflow/example_dags/example_time_delta_sensor_async.py
[2026-04-26T06:56:12.826+0000] {processor.py:830} INFO - Processing file /usr/local/python/3.12.1/lib/python3.12/site-packages/airflow/example_dags/example_time_delta_sensor_async.py for tasks to queue
[2026-04-26T06:56:12.827+0000] {logging_mixin.py:188} INFO - [2026-04-26T06:56:12.827+0000] {dagbag.py:540} INFO - Filling up the DagBag from /usr/local/python/3.12.1/lib/python3.12/site-packages/airflow/example_dags/example_time_delta_sensor_async.py
[2026-04-26T06:56:12.831+0000] {processor.py:840} INFO - DAG(s) 'example_time_delta_sensor_async' retrieved from /usr/local/python/3.12.1/lib/python3.12/site-packages/airflow/example_dags/example_time_delta_sensor_async.py
[2026-04-26T06:56:12.913+0000] {logging_mixin.py:188} INFO - [2026-04-26T06:56:12.913+0000] {dag.py:3096} INFO - Sync 1 DAGs
[2026-04-26T06:56:12.921+0000] {logging_mixin.py:188} INFO - [2026-04-26T06:56:12.921+0000] {dag.py:3954} INFO - Setting next_dagrun for example_time_delta_sensor_async to None, run_after=None
[2026-04-26T06:56:12.941+0000] {processor.py:183} INFO - Processing /usr/local/python/3.12.1/lib/python3.12/site-packages/airflow/example_dags/example_time_delta_sensor_async.py took 0.119 seconds
[2026-04-26T06:57:04.105+0000] {processor.py:161} INFO - Started process (PID=11080) to work on /usr/local/python/3.12.1/lib/python3.12/site-packages/airflow/example_dags/example_time_delta_sensor_async.py
[2026-04-26T06:57:04.105+0000] {processor.py:830} INFO - Processing file /usr/local/python/3.12.1/lib/python3.12/site-packages/airflow/example_dags/example_time_delta_sensor_async.py for tasks to queue
[2026-04-26T06:57:04.106+0000] {logging_mixin.py:188} INFO - [2026-04-26T06:57:04.106+0000] {dagbag.py:540} INFO - Filling up the DagBag from /usr/local/python/3.12.1/lib/python3.12/site-packages/airflow/example_dags/example_time_delta_sensor_async.py
[2026-04-26T06:57:04.109+0000] {processor.py:840} INFO - DAG(s) 'example_time_delta_sensor_async' retrieved from /usr/local/python/3.12.1/lib/python3.12/site-packages/airflow/example_dags/example_time_delta_sensor_async.py
[2026-04-26T06:57:04.123+0000] {logging_mixin.py:188} INFO - [2026-04-26T06:57:04.123+0000] {dag.py:3096} INFO - Sync 1 DAGs
[2026-04-26T06:57:04.131+0000] {logging_mixin.py:188} INFO - [2026-04-26T06:57:04.131+0000] {dag.py:3954} INFO - Setting next_dagrun for example_time_delta_sensor_async to None, run_after=None
[2026-04-26T06:57:04.147+0000] {processor.py:183} INFO - Processing /usr/local/python/3.12.1/lib/python3.12/site-packages/airflow/example_dags/example_time_delta_sensor_async.py took 0.047 seconds
[2026-04-26T06:57:46.518+0000] {processor.py:161} INFO - Started process (PID=11572) to work on /usr/local/python/3.12.1/lib/python3.12/site-packages/airflow/example_dags/example_time_delta_sensor_async.py
[2026-04-26T06:57:46.518+0000] {processor.py:830} INFO - Processing file /usr/local/python/3.12.1/lib/python3.12/site-packages/airflow/example_dags/example_time_delta_sensor_async.py for tasks to queue
[2026-04-26T06:57:46.519+0000] {logging_mixin.py:188} INFO - [2026-04-26T06:57:46.519+0000] {dagbag.py:540} INFO - Filling up the DagBag from /usr/local/python/3.12.1/lib/python3.12/site-packages/airflow/example_dags/example_time_delta_sensor_async.py
[2026-04-26T06:57:46.523+0000] {processor.py:840} INFO - DAG(s) 'example_time_delta_sensor_async' retrieved from /usr/local/python/3.12.1/lib/python3.12/site-packages/airflow/example_dags/example_time_delta_sensor_async.py
[2026-04-26T06:57:46.534+0000] {logging_mixin.py:188} INFO - [2026-04-26T06:57:46.534+0000] {dag.py:3096} INFO - Sync 1 DAGs
[2026-04-26T06:57:46.542+0000] {logging_mixin.py:188} INFO - [2026-04-26T06:57:46.542+0000] {dag.py:3954} INFO - Setting next_dagrun for example_time_delta_sensor_async to None, run_after=None
[2026-04-26T06:57:46.559+0000] {processor.py:183} INFO - Processing /usr/local/python/3.12.1/lib/python3.12/site-packages/airflow/example_dags/example_time_delta_sensor_async.py took 0.045 seconds
[2026-04-26T06:58:29.667+0000] {processor.py:161} INFO - Started process (PID=12155) to work on /usr/local/python/3.12.1/lib/python3.12/site-packages/airflow/example_dags/example_time_delta_sensor_async.py
[2026-04-26T06:58:29.668+0000] {processor.py:830} INFO - Processing file /usr/local/python/3.12.1/lib/python3.12/site-packages/airflow/example_dags/example_time_delta_sensor_async.py for tasks to queue
[2026-04-26T06:58:29.669+0000] {logging_mixin.py:188} INFO - [2026-04-26T06:58:29.669+0000] {dagbag.py:540} INFO - Filling up the DagBag from /usr/local/python/3.12.1/lib/python3.12/site-packages/airflow/example_dags/example_time_delta_sensor_async.py
[2026-04-26T06:58:29.672+0000] {processor.py:840} INFO - DAG(s) 'example_time_delta_sensor_async' retrieved from /usr/local/python/3.12.1/lib/python3.12/site-packages/airflow/example_dags/example_time_delta_sensor_async.py
[2026-04-26T06:58:29.683+0000] {logging_mixin.py:188} INFO - [2026-04-26T06:58:29.683+0000] {dag.py:3096} INFO - Sync 1 DAGs
[2026-04-26T06:58:29.692+0000] {logging_mixin.py:188} INFO - [2026-04-26T06:58:29.692+0000] {dag.py:3954} INFO - Setting next_dagrun for example_time_delta_sensor_async to None, run_after=None
[2026-04-26T06:58:29.708+0000] {processor.py:183} INFO - Processing /usr/local/python/3.12.1/lib/python3.12/site-packages/airflow/example_dags/example_time_delta_sensor_async.py took 0.044 seconds
[2026-04-26T06:59:10.206+0000] {processor.py:161} INFO - Started process (PID=12575) to work on /usr/local/python/3.12.1/lib/python3.12/site-packages/airflow/example_dags/example_time_delta_sensor_async.py
[2026-04-26T06:59:10.207+0000] {processor.py:830} INFO - Processing file /usr/local/python/3.12.1/lib/python3.12/site-packages/airflow/example_dags/example_time_delta_sensor_async.py for tasks to queue
[2026-04-26T06:59:10.208+0000] {logging_mixin.py:188} INFO - [2026-04-26T06:59:10.208+0000] {dagbag.py:540} INFO - Filling up the DagBag from /usr/local/python/3.12.1/lib/python3.12/site-packages/airflow/example_dags/example_time_delta_sensor_async.py
[2026-04-26T06:59:10.211+0000] {processor.py:840} INFO - DAG(s) 'example_time_delta_sensor_async' retrieved from /usr/local/python/3.12.1/lib/python3.12/site-packages/airflow/example_dags/example_time_delta_sensor_async.py
[2026-04-26T06:59:10.222+0000] {logging_mixin.py:188} INFO - [2026-04-26T06:59:10.222+0000] {dag.py:3096} INFO - Sync 1 DAGs
[2026-04-26T06:59:10.231+0000] {logging_mixin.py:188} INFO - [2026-04-26T06:59:10.231+0000] {dag.py:3954} INFO - Setting next_dagrun for example_time_delta_sensor_async to None, run_after=None
[2026-04-26T06:59:10.248+0000] {processor.py:183} INFO - Processing /usr/local/python/3.12.1/lib/python3.12/site-packages/airflow/example_dags/example_time_delta_sensor_async.py took 0.045 seconds
[2026-04-26T06:59:49.776+0000] {processor.py:161} INFO - Started process (PID=12906) to work on /usr/local/python/3.12.1/lib/python3.12/site-packages/airflow/example_dags/example_time_delta_sensor_async.py
[2026-04-26T06:59:49.776+0000] {processor.py:830} INFO - Processing file /usr/local/python/3.12.1/lib/python3.12/site-packages/airflow/example_dags/example_time_delta_sensor_async.py for tasks to queue
[2026-04-26T06:59:49.777+0000] {logging_mixin.py:188} INFO - [2026-04-26T06:59:49.777+0000] {dagbag.py:540} INFO - Filling up the DagBag from /usr/local/python/3.12.1/lib/python3.12/site-packages/airflow/example_dags/example_time_delta_sensor_async.py
[2026-04-26T06:59:49.780+0000] {processor.py:840} INFO - DAG(s) 'example_time_delta_sensor_async' retrieved from /usr/local/python/3.12.1/lib/python3.12/site-packages/airflow/example_dags/example_time_delta_sensor_async.py
[2026-04-26T06:59:49.792+0000] {logging_mixin.py:188} INFO - [2026-04-26T06:59:49.791+0000] {dag.py:3096} INFO - Sync 1 DAGs
[2026-04-26T06:59:49.800+0000] {logging_mixin.py:188} INFO - [2026-04-26T06:59:49.800+0000] {dag.py:3954} INFO - Setting next_dagrun for example_time_delta_sensor_async to None, run_after=None
[2026-04-26T06:59:49.815+0000] {processor.py:183} INFO - Processing /usr/local/python/3.12.1/lib/python3.12/site-packages/airflow/example_dags/example_time_delta_sensor_async.py took 0.044 seconds
[2026-04-26T07:00:32.924+0000] {processor.py:161} INFO - Started process (PID=13333) to work on /usr/local/python/3.12.1/lib/python3.12/site-packages/airflow/example_dags/example_time_delta_sensor_async.py
[2026-04-26T07:00:32.924+0000] {processor.py:830} INFO - Processing file /usr/local/python/3.12.1/lib/python3.12/site-packages/airflow/example_dags/example_time_delta_sensor_async.py for tasks to queue
[2026-04-26T07:00:32.925+0000] {logging_mixin.py:188} INFO - [2026-04-26T07:00:32.925+0000] {dagbag.py:540} INFO - Filling up the DagBag from /usr/local/python/3.12.1/lib/python3.12/site-packages/airflow/example_dags/example_time_delta_sensor_async.py
[2026-04-26T07:00:32.928+0000] {processor.py:840} INFO - DAG(s) 'example_time_delta_sensor_async' retrieved from /usr/local/python/3.12.1/lib/python3.12/site-packages/airflow/example_dags/example_time_delta_sensor_async.py
[2026-04-26T07:00:32.940+0000] {logging_mixin.py:188} INFO - [2026-04-26T07:00:32.940+0000] {dag.py:3096} INFO - Sync 1 DAGs
[2026-04-26T07:00:32.949+0000] {logging_mixin.py:188} INFO - [2026-04-26T07:00:32.948+0000] {dag.py:3954} INFO - Setting next_dagrun for example_time_delta_sensor_async to None, run_after=None
[2026-04-26T07:00:32.964+0000] {processor.py:183} INFO - Processing /usr/local/python/3.12.1/lib/python3.12/site-packages/airflow/example_dags/example_time_delta_sensor_async.py took 0.044 seconds
[2026-04-26T07:01:17.995+0000] {processor.py:161} INFO - Started process (PID=13707) to work on /usr/local/python/3.12.1/lib/python3.12/site-packages/airflow/example_dags/example_time_delta_sensor_async.py
[2026-04-26T07:01:17.996+0000] {processor.py:830} INFO - Processing file /usr/local/python/3.12.1/lib/python3.12/site-packages/airflow/example_dags/example_time_delta_sensor_async.py for tasks to queue
[2026-04-26T07:01:17.997+0000] {logging_mixin.py:188} INFO - [2026-04-26T07:01:17.997+0000] {dagbag.py:540} INFO - Filling up the DagBag from /usr/local/python/3.12.1/lib/python3.12/site-packages/airflow/example_dags/example_time_delta_sensor_async.py
[2026-04-26T07:01:18.000+0000] {processor.py:840} INFO - DAG(s) 'example_time_delta_sensor_async' retrieved from /usr/local/python/3.12.1/lib/python3.12/site-packages/airflow/example_dags/example_time_delta_sensor_async.py
[2026-04-26T07:01:18.012+0000] {logging_mixin.py:188} INFO - [2026-04-26T07:01:18.012+0000] {dag.py:3096} INFO - Sync 1 DAGs
[2026-04-26T07:01:18.021+0000] {logging_mixin.py:188} INFO - [2026-04-26T07:01:18.021+0000] {dag.py:3954} INFO - Setting next_dagrun for example_time_delta_sensor_async to None, run_after=None
[2026-04-26T07:01:18.037+0000] {processor.py:183} INFO - Processing /usr/local/python/3.12.1/lib/python3.12/site-packages/airflow/example_dags/example_time_delta_sensor_async.py took 0.046 seconds
[2026-04-26T07:02:03.030+0000] {processor.py:161} INFO - Started process (PID=14097) to work on /usr/local/python/3.12.1/lib/python3.12/site-packages/airflow/example_dags/example_time_delta_sensor_async.py
[2026-04-26T07:02:03.031+0000] {processor.py:830} INFO - Processing file /usr/local/python/3.12.1/lib/python3.12/site-packages/airflow/example_dags/example_time_delta_sensor_async.py for tasks to queue
[2026-04-26T07:02:03.031+0000] {logging_mixin.py:188} INFO - [2026-04-26T07:02:03.031+0000] {dagbag.py:540} INFO - Filling up the DagBag from /usr/local/python/3.12.1/lib/python3.12/site-packages/airflow/example_dags/example_time_delta_sensor_async.py
[2026-04-26T07:02:03.035+0000] {processor.py:840} INFO - DAG(s) 'example_time_delta_sensor_async' retrieved from /usr/local/python/3.12.1/lib/python3.12/site-packages/airflow/example_dags/example_time_delta_sensor_async.py
[2026-04-26T07:02:03.046+0000] {logging_mixin.py:188} INFO - [2026-04-26T07:02:03.046+0000] {dag.py:3096} INFO - Sync 1 DAGs
[2026-04-26T07:02:03.054+0000] {logging_mixin.py:188} INFO - [2026-04-26T07:02:03.054+0000] {dag.py:3954} INFO - Setting next_dagrun for example_time_delta_sensor_async to None, run_after=None
[2026-04-26T07:02:03.070+0000] {processor.py:183} INFO - Processing /usr/local/python/3.12.1/lib/python3.12/site-packages/airflow/example_dags/example_time_delta_sensor_async.py took 0.044 seconds
[2026-04-26T07:02:49.160+0000] {processor.py:161} INFO - Started process (PID=14488) to work on /usr/local/python/3.12.1/lib/python3.12/site-packages/airflow/example_dags/example_time_delta_sensor_async.py
[2026-04-26T07:02:49.160+0000] {processor.py:830} INFO - Processing file /usr/local/python/3.12.1/lib/python3.12/site-packages/airflow/example_dags/example_time_delta_sensor_async.py for tasks to queue
[2026-04-26T07:02:49.161+0000] {logging_mixin.py:188} INFO - [2026-04-26T07:02:49.161+0000] {dagbag.py:540} INFO - Filling up the DagBag from /usr/local/python/3.12.1/lib/python3.12/site-packages/airflow/example_dags/example_time_delta_sensor_async.py
[2026-04-26T07:02:49.164+0000] {processor.py:840} INFO - DAG(s) 'example_time_delta_sensor_async' retrieved from /usr/local/python/3.12.1/lib/python3.12/site-packages/airflow/example_dags/example_time_delta_sensor_async.py
[2026-04-26T07:02:49.181+0000] {logging_mixin.py:188} INFO - [2026-04-26T07:02:49.181+0000] {dag.py:3096} INFO - Sync 1 DAGs
[2026-04-26T07:02:49.195+0000] {logging_mixin.py:188} INFO - [2026-04-26T07:02:49.194+0000] {dag.py:3954} INFO - Setting next_dagrun for example_time_delta_sensor_async to None, run_after=None
[2026-04-26T07:02:49.220+0000] {processor.py:183} INFO - Processing /usr/local/python/3.12.1/lib/python3.12/site-packages/airflow/example_dags/example_time_delta_sensor_async.py took 0.065 seconds
[2026-04-26T07:03:34.319+0000] {processor.py:161} INFO - Started process (PID=14845) to work on /usr/local/python/3.12.1/lib/python3.12/site-packages/airflow/example_dags/example_time_delta_sensor_async.py
[2026-04-26T07:03:34.320+0000] {processor.py:830} INFO - Processing file /usr/local/python/3.12.1/lib/python3.12/site-packages/airflow/example_dags/example_time_delta_sensor_async.py for tasks to queue
[2026-04-26T07:03:34.320+0000] {logging_mixin.py:188} INFO - [2026-04-26T07:03:34.320+0000] {dagbag.py:540} INFO - Filling up the DagBag from /usr/local/python/3.12.1/lib/python3.12/site-packages/airflow/example_dags/example_time_delta_sensor_async.py
[2026-04-26T07:03:34.324+0000] {processor.py:840} INFO - DAG(s) 'example_time_delta_sensor_async' retrieved from /usr/local/python/3.12.1/lib/python3.12/site-packages/airflow/example_dags/example_time_delta_sensor_async.py
[2026-04-26T07:03:34.335+0000] {logging_mixin.py:188} INFO - [2026-04-26T07:03:34.335+0000] {dag.py:3096} INFO - Sync 1 DAGs
[2026-04-26T07:03:34.343+0000] {logging_mixin.py:188} INFO - [2026-04-26T07:03:34.343+0000] {dag.py:3954} INFO - Setting next_dagrun for example_time_delta_sensor_async to None, run_after=None
[2026-04-26T07:03:34.359+0000] {processor.py:183} INFO - Processing /usr/local/python/3.12.1/lib/python3.12/site-packages/airflow/example_dags/example_time_delta_sensor_async.py took 0.044 seconds
[2026-04-26T07:04:12.223+0000] {processor.py:161} INFO - Started process (PID=15190) to work on /usr/local/python/3.12.1/lib/python3.12/site-packages/airflow/example_dags/example_time_delta_sensor_async.py
[2026-04-26T07:04:12.223+0000] {processor.py:830} INFO - Processing file /usr/local/python/3.12.1/lib/python3.12/site-packages/airflow/example_dags/example_time_delta_sensor_async.py for tasks to queue
[2026-04-26T07:04:12.224+0000] {logging_mixin.py:188} INFO - [2026-04-26T07:04:12.224+0000] {dagbag.py:540} INFO - Filling up the DagBag from /usr/local/python/3.12.1/lib/python3.12/site-packages/airflow/example_dags/example_time_delta_sensor_async.py
[2026-04-26T07:04:12.227+0000] {processor.py:840} INFO - DAG(s) 'example_time_delta_sensor_async' retrieved from /usr/local/python/3.12.1/lib/python3.12/site-packages/airflow/example_dags/example_time_delta_sensor_async.py
[2026-04-26T07:04:12.239+0000] {logging_mixin.py:188} INFO - [2026-04-26T07:04:12.239+0000] {dag.py:3096} INFO - Sync 1 DAGs
[2026-04-26T07:04:12.247+0000] {logging_mixin.py:188} INFO - [2026-04-26T07:04:12.247+0000] {dag.py:3954} INFO - Setting next_dagrun for example_time_delta_sensor_async to None, run_after=None
[2026-04-26T07:04:12.263+0000] {processor.py:183} INFO - Processing /usr/local/python/3.12.1/lib/python3.12/site-packages/airflow/example_dags/example_time_delta_sensor_async.py took 0.044 seconds
[2026-04-26T07:04:53.457+0000] {processor.py:161} INFO - Started process (PID=15669) to work on /usr/local/python/3.12.1/lib/python3.12/site-packages/airflow/example_dags/example_time_delta_sensor_async.py
[2026-04-26T07:04:53.458+0000] {processor.py:830} INFO - Processing file /usr/local/python/3.12.1/lib/python3.12/site-packages/airflow/example_dags/example_time_delta_sensor_async.py for tasks to queue
[2026-04-26T07:04:53.459+0000] {logging_mixin.py:188} INFO - [2026-04-26T07:04:53.459+0000] {dagbag.py:540} INFO - Filling up the DagBag from /usr/local/python/3.12.1/lib/python3.12/site-packages/airflow/example_dags/example_time_delta_sensor_async.py
[2026-04-26T07:04:53.463+0000] {processor.py:840} INFO - DAG(s) 'example_time_delta_sensor_async' retrieved from /usr/local/python/3.12.1/lib/python3.12/site-packages/airflow/example_dags/example_time_delta_sensor_async.py
[2026-04-26T07:04:53.490+0000] {logging_mixin.py:188} INFO - [2026-04-26T07:04:53.489+0000] {dag.py:3096} INFO - Sync 1 DAGs
[2026-04-26T07:04:53.503+0000] {logging_mixin.py:188} INFO - [2026-04-26T07:04:53.503+0000] {dag.py:3954} INFO - Setting next_dagrun for example_time_delta_sensor_async to None, run_after=None
[2026-04-26T07:04:53.521+0000] {processor.py:183} INFO - Processing /usr/local/python/3.12.1/lib/python3.12/site-packages/airflow/example_dags/example_time_delta_sensor_async.py took 0.070 seconds
[2026-04-26T07:05:31.115+0000] {processor.py:161} INFO - Started process (PID=16082) to work on /usr/local/python/3.12.1/lib/python3.12/site-packages/airflow/example_dags/example_time_delta_sensor_async.py
[2026-04-26T07:05:31.116+0000] {processor.py:830} INFO - Processing file /usr/local/python/3.12.1/lib/python3.12/site-packages/airflow/example_dags/example_time_delta_sensor_async.py for tasks to queue
[2026-04-26T07:05:31.117+0000] {logging_mixin.py:188} INFO - [2026-04-26T07:05:31.116+0000] {dagbag.py:540} INFO - Filling up the DagBag from /usr/local/python/3.12.1/lib/python3.12/site-packages/airflow/example_dags/example_time_delta_sensor_async.py
[2026-04-26T07:05:31.120+0000] {processor.py:840} INFO - DAG(s) 'example_time_delta_sensor_async' retrieved from /usr/local/python/3.12.1/lib/python3.12/site-packages/airflow/example_dags/example_time_delta_sensor_async.py
[2026-04-26T07:05:31.132+0000] {logging_mixin.py:188} INFO - [2026-04-26T07:05:31.132+0000] {dag.py:3096} INFO - Sync 1 DAGs
[2026-04-26T07:05:31.141+0000] {logging_mixin.py:188} INFO - [2026-04-26T07:05:31.141+0000] {dag.py:3954} INFO - Setting next_dagrun for example_time_delta_sensor_async to None, run_after=None
[2026-04-26T07:05:31.157+0000] {processor.py:183} INFO - Processing /usr/local/python/3.12.1/lib/python3.12/site-packages/airflow/example_dags/example_time_delta_sensor_async.py took 0.046 seconds
[2026-04-26T07:06:08.772+0000] {processor.py:161} INFO - Started process (PID=16503) to work on /usr/local/python/3.12.1/lib/python3.12/site-packages/airflow/example_dags/example_time_delta_sensor_async.py
[2026-04-26T07:06:08.773+0000] {processor.py:830} INFO - Processing file /usr/local/python/3.12.1/lib/python3.12/site-packages/airflow/example_dags/example_time_delta_sensor_async.py for tasks to queue
[2026-04-26T07:06:08.773+0000] {logging_mixin.py:188} INFO - [2026-04-26T07:06:08.773+0000] {dagbag.py:540} INFO - Filling up the DagBag from /usr/local/python/3.12.1/lib/python3.12/site-packages/airflow/example_dags/example_time_delta_sensor_async.py
[2026-04-26T07:06:08.777+0000] {processor.py:840} INFO - DAG(s) 'example_time_delta_sensor_async' retrieved from /usr/local/python/3.12.1/lib/python3.12/site-packages/airflow/example_dags/example_time_delta_sensor_async.py
[2026-04-26T07:06:08.788+0000] {logging_mixin.py:188} INFO - [2026-04-26T07:06:08.788+0000] {dag.py:3096} INFO - Sync 1 DAGs
[2026-04-26T07:06:08.797+0000] {logging_mixin.py:188} INFO - [2026-04-26T07:06:08.797+0000] {dag.py:3954} INFO - Setting next_dagrun for example_time_delta_sensor_async to None, run_after=None
[2026-04-26T07:06:08.812+0000] {processor.py:183} INFO - Processing /usr/local/python/3.12.1/lib/python3.12/site-packages/airflow/example_dags/example_time_delta_sensor_async.py took 0.045 seconds
[2026-04-26T07:06:49.414+0000] {processor.py:161} INFO - Started process (PID=16805) to work on /usr/local/python/3.12.1/lib/python3.12/site-packages/airflow/example_dags/example_time_delta_sensor_async.py
[2026-04-26T07:06:49.414+0000] {processor.py:830} INFO - Processing file /usr/local/python/3.12.1/lib/python3.12/site-packages/airflow/example_dags/example_time_delta_sensor_async.py for tasks to queue
[2026-04-26T07:06:49.415+0000] {logging_mixin.py:188} INFO - [2026-04-26T07:06:49.415+0000] {dagbag.py:540} INFO - Filling up the DagBag from /usr/local/python/3.12.1/lib/python3.12/site-packages/airflow/example_dags/example_time_delta_sensor_async.py
[2026-04-26T07:06:49.418+0000] {processor.py:840} INFO - DAG(s) 'example_time_delta_sensor_async' retrieved from /usr/local/python/3.12.1/lib/python3.12/site-packages/airflow/example_dags/example_time_delta_sensor_async.py
[2026-04-26T07:06:49.430+0000] {logging_mixin.py:188} INFO - [2026-04-26T07:06:49.430+0000] {dag.py:3096} INFO - Sync 1 DAGs
[2026-04-26T07:06:49.439+0000] {logging_mixin.py:188} INFO - [2026-04-26T07:06:49.439+0000] {dag.py:3954} INFO - Setting next_dagrun for example_time_delta_sensor_async to None, run_after=None
[2026-04-26T07:06:49.455+0000] {processor.py:183} INFO - Processing /usr/local/python/3.12.1/lib/python3.12/site-packages/airflow/example_dags/example_time_delta_sensor_async.py took 0.045 seconds
[2026-04-26T07:07:30.596+0000] {processor.py:161} INFO - Started process (PID=17157) to work on /usr/local/python/3.12.1/lib/python3.12/site-packages/airflow/example_dags/example_time_delta_sensor_async.py
[2026-04-26T07:07:30.597+0000] {processor.py:830} INFO - Processing file /usr/local/python/3.12.1/lib/python3.12/site-packages/airflow/example_dags/example_time_delta_sensor_async.py for tasks to queue
[2026-04-26T07:07:30.598+0000] {logging_mixin.py:188} INFO - [2026-04-26T07:07:30.597+0000] {dagbag.py:540} INFO - Filling up the DagBag from /usr/local/python/3.12.1/lib/python3.12/site-packages/airflow/example_dags/example_time_delta_sensor_async.py
[2026-04-26T07:07:30.601+0000] {processor.py:840} INFO - DAG(s) 'example_time_delta_sensor_async' retrieved from /usr/local/python/3.12.1/lib/python3.12/site-packages/airflow/example_dags/example_time_delta_sensor_async.py
[2026-04-26T07:07:30.613+0000] {logging_mixin.py:188} INFO - [2026-04-26T07:07:30.613+0000] {dag.py:3096} INFO - Sync 1 DAGs
[2026-04-26T07:07:30.622+0000] {logging_mixin.py:188} INFO - [2026-04-26T07:07:30.622+0000] {dag.py:3954} INFO - Setting next_dagrun for example_time_delta_sensor_async to None, run_after=None
[2026-04-26T07:07:30.639+0000] {processor.py:183} INFO - Processing /usr/local/python/3.12.1/lib/python3.12/site-packages/airflow/example_dags/example_time_delta_sensor_async.py took 0.047 seconds
[2026-04-26T07:08:11.964+0000] {processor.py:161} INFO - Started process (PID=17539) to work on /usr/local/python/3.12.1/lib/python3.12/site-packages/airflow/example_dags/example_time_delta_sensor_async.py
[2026-04-26T07:08:11.964+0000] {processor.py:830} INFO - Processing file /usr/local/python/3.12.1/lib/python3.12/site-packages/airflow/example_dags/example_time_delta_sensor_async.py for tasks to queue
[2026-04-26T07:08:11.965+0000] {logging_mixin.py:188} INFO - [2026-04-26T07:08:11.965+0000] {dagbag.py:540} INFO - Filling up the DagBag from /usr/local/python/3.12.1/lib/python3.12/site-packages/airflow/example_dags/example_time_delta_sensor_async.py
[2026-04-26T07:08:11.968+0000] {processor.py:840} INFO - DAG(s) 'example_time_delta_sensor_async' retrieved from /usr/local/python/3.12.1/lib/python3.12/site-packages/airflow/example_dags/example_time_delta_sensor_async.py
[2026-04-26T07:08:11.984+0000] {logging_mixin.py:188} INFO - [2026-04-26T07:08:11.983+0000] {dag.py:3096} INFO - Sync 1 DAGs
[2026-04-26T07:08:11.996+0000] {logging_mixin.py:188} INFO - [2026-04-26T07:08:11.995+0000] {dag.py:3954} INFO - Setting next_dagrun for example_time_delta_sensor_async to None, run_after=None
[2026-04-26T07:08:12.034+0000] {processor.py:183} INFO - Processing /usr/local/python/3.12.1/lib/python3.12/site-packages/airflow/example_dags/example_time_delta_sensor_async.py took 0.074 seconds
[2026-04-26T07:08:59.975+0000] {processor.py:161} INFO - Started process (PID=17997) to work on /usr/local/python/3.12.1/lib/python3.12/site-packages/airflow/example_dags/example_time_delta_sensor_async.py
[2026-04-26T07:08:59.976+0000] {processor.py:830} INFO - Processing file /usr/local/python/3.12.1/lib/python3.12/site-packages/airflow/example_dags/example_time_delta_sensor_async.py for tasks to queue
[2026-04-26T07:08:59.977+0000] {logging_mixin.py:188} INFO - [2026-04-26T07:08:59.976+0000] {dagbag.py:540} INFO - Filling up the DagBag from /usr/local/python/3.12.1/lib/python3.12/site-packages/airflow/example_dags/example_time_delta_sensor_async.py
[2026-04-26T07:08:59.980+0000] {processor.py:840} INFO - DAG(s) 'example_time_delta_sensor_async' retrieved from /usr/local/python/3.12.1/lib/python3.12/site-packages/airflow/example_dags/example_time_delta_sensor_async.py
[2026-04-26T07:08:59.991+0000] {logging_mixin.py:188} INFO - [2026-04-26T07:08:59.991+0000] {dag.py:3096} INFO - Sync 1 DAGs
[2026-04-26T07:09:00.000+0000] {logging_mixin.py:188} INFO - [2026-04-26T07:09:00.000+0000] {dag.py:3954} INFO - Setting next_dagrun for example_time_delta_sensor_async to None, run_after=None
[2026-04-26T07:09:00.016+0000] {processor.py:183} INFO - Processing /usr/local/python/3.12.1/lib/python3.12/site-packages/airflow/example_dags/example_time_delta_sensor_async.py took 0.045 seconds
[2026-04-26T07:09:44.638+0000] {processor.py:161} INFO - Started process (PID=18613) to work on /usr/local/python/3.12.1/lib/python3.12/site-packages/airflow/example_dags/example_time_delta_sensor_async.py
[2026-04-26T07:09:44.638+0000] {processor.py:830} INFO - Processing file /usr/local/python/3.12.1/lib/python3.12/site-packages/airflow/example_dags/example_time_delta_sensor_async.py for tasks to queue
[2026-04-26T07:09:44.639+0000] {logging_mixin.py:188} INFO - [2026-04-26T07:09:44.639+0000] {dagbag.py:540} INFO - Filling up the DagBag from /usr/local/python/3.12.1/lib/python3.12/site-packages/airflow/example_dags/example_time_delta_sensor_async.py
[2026-04-26T07:09:44.645+0000] {processor.py:840} INFO - DAG(s) 'example_time_delta_sensor_async' retrieved from /usr/local/python/3.12.1/lib/python3.12/site-packages/airflow/example_dags/example_time_delta_sensor_async.py
[2026-04-26T07:09:44.665+0000] {logging_mixin.py:188} INFO - [2026-04-26T07:09:44.665+0000] {dag.py:3096} INFO - Sync 1 DAGs
[2026-04-26T07:09:44.685+0000] {logging_mixin.py:188} INFO - [2026-04-26T07:09:44.684+0000] {dag.py:3954} INFO - Setting next_dagrun for example_time_delta_sensor_async to None, run_after=None
[2026-04-26T07:09:44.712+0000] {processor.py:183} INFO - Processing /usr/local/python/3.12.1/lib/python3.12/site-packages/airflow/example_dags/example_time_delta_sensor_async.py took 0.078 seconds
[2026-04-26T07:09:51.700+0000] {processor.py:161} INFO - Started process (PID=18672) to work on /usr/local/python/3.12.1/lib/python3.12/site-packages/airflow/example_dags/example_time_delta_sensor_async.py
[2026-04-26T07:09:51.701+0000] {processor.py:830} INFO - Processing file /usr/local/python/3.12.1/lib/python3.12/site-packages/airflow/example_dags/example_time_delta_sensor_async.py for tasks to queue
[2026-04-26T07:09:51.702+0000] {logging_mixin.py:188} INFO - [2026-04-26T07:09:51.702+0000] {dagbag.py:540} INFO - Filling up the DagBag from /usr/local/python/3.12.1/lib/python3.12/site-packages/airflow/example_dags/example_time_delta_sensor_async.py
[2026-04-26T07:09:51.706+0000] {processor.py:840} INFO - DAG(s) 'example_time_delta_sensor_async' retrieved from /usr/local/python/3.12.1/lib/python3.12/site-packages/airflow/example_dags/example_time_delta_sensor_async.py
[2026-04-26T07:09:51.726+0000] {logging_mixin.py:188} INFO - [2026-04-26T07:09:51.726+0000] {dag.py:3096} INFO - Sync 1 DAGs
[2026-04-26T07:09:51.747+0000] {logging_mixin.py:188} INFO - [2026-04-26T07:09:51.746+0000] {dag.py:3954} INFO - Setting next_dagrun for example_time_delta_sensor_async to None, run_after=None
[2026-04-26T07:09:51.784+0000] {processor.py:183} INFO - Processing /usr/local/python/3.12.1/lib/python3.12/site-packages/airflow/example_dags/example_time_delta_sensor_async.py took 0.091 seconds
[2026-04-26T07:10:32.722+0000] {processor.py:161} INFO - Started process (PID=19085) to work on /usr/local/python/3.12.1/lib/python3.12/site-packages/airflow/example_dags/example_time_delta_sensor_async.py
[2026-04-26T07:10:32.723+0000] {processor.py:830} INFO - Processing file /usr/local/python/3.12.1/lib/python3.12/site-packages/airflow/example_dags/example_time_delta_sensor_async.py for tasks to queue
[2026-04-26T07:10:32.724+0000] {logging_mixin.py:188} INFO - [2026-04-26T07:10:32.724+0000] {dagbag.py:540} INFO - Filling up the DagBag from /usr/local/python/3.12.1/lib/python3.12/site-packages/airflow/example_dags/example_time_delta_sensor_async.py
[2026-04-26T07:10:32.728+0000] {processor.py:840} INFO - DAG(s) 'example_time_delta_sensor_async' retrieved from /usr/local/python/3.12.1/lib/python3.12/site-packages/airflow/example_dags/example_time_delta_sensor_async.py
[2026-04-26T07:10:32.739+0000] {logging_mixin.py:188} INFO - [2026-04-26T07:10:32.739+0000] {dag.py:3096} INFO - Sync 1 DAGs
[2026-04-26T07:10:32.748+0000] {logging_mixin.py:188} INFO - [2026-04-26T07:10:32.747+0000] {dag.py:3954} INFO - Setting next_dagrun for example_time_delta_sensor_async to None, run_after=None
[2026-04-26T07:10:32.764+0000] {processor.py:183} INFO - Processing /usr/local/python/3.12.1/lib/python3.12/site-packages/airflow/example_dags/example_time_delta_sensor_async.py took 0.045 seconds
[2026-04-26T07:10:36.290+0000] {processor.py:161} INFO - Started process (PID=19102) to work on /usr/local/python/3.12.1/lib/python3.12/site-packages/airflow/example_dags/example_time_delta_sensor_async.py
[2026-04-26T07:10:36.291+0000] {processor.py:830} INFO - Processing file /usr/local/python/3.12.1/lib/python3.12/site-packages/airflow/example_dags/example_time_delta_sensor_async.py for tasks to queue
[2026-04-26T07:10:36.291+0000] {logging_mixin.py:188} INFO - [2026-04-26T07:10:36.291+0000] {dagbag.py:540} INFO - Filling up the DagBag from /usr/local/python/3.12.1/lib/python3.12/site-packages/airflow/example_dags/example_time_delta_sensor_async.py
[2026-04-26T07:10:36.295+0000] {processor.py:840} INFO - DAG(s) 'example_time_delta_sensor_async' retrieved from /usr/local/python/3.12.1/lib/python3.12/site-packages/airflow/example_dags/example_time_delta_sensor_async.py
[2026-04-26T07:10:36.306+0000] {logging_mixin.py:188} INFO - [2026-04-26T07:10:36.306+0000] {dag.py:3096} INFO - Sync 1 DAGs
[2026-04-26T07:10:36.315+0000] {logging_mixin.py:188} INFO - [2026-04-26T07:10:36.314+0000] {dag.py:3954} INFO - Setting next_dagrun for example_time_delta_sensor_async to None, run_after=None
[2026-04-26T07:10:36.332+0000] {processor.py:183} INFO - Processing /usr/local/python/3.12.1/lib/python3.12/site-packages/airflow/example_dags/example_time_delta_sensor_async.py took 0.046 seconds
[2026-04-26T07:11:16.829+0000] {processor.py:161} INFO - Started process (PID=19610) to work on /usr/local/python/3.12.1/lib/python3.12/site-packages/airflow/example_dags/example_time_delta_sensor_async.py
[2026-04-26T07:11:16.830+0000] {processor.py:830} INFO - Processing file /usr/local/python/3.12.1/lib/python3.12/site-packages/airflow/example_dags/example_time_delta_sensor_async.py for tasks to queue
[2026-04-26T07:11:16.830+0000] {logging_mixin.py:188} INFO - [2026-04-26T07:11:16.830+0000] {dagbag.py:540} INFO - Filling up the DagBag from /usr/local/python/3.12.1/lib/python3.12/site-packages/airflow/example_dags/example_time_delta_sensor_async.py
[2026-04-26T07:11:16.834+0000] {processor.py:840} INFO - DAG(s) 'example_time_delta_sensor_async' retrieved from /usr/local/python/3.12.1/lib/python3.12/site-packages/airflow/example_dags/example_time_delta_sensor_async.py
[2026-04-26T07:11:16.845+0000] {logging_mixin.py:188} INFO - [2026-04-26T07:11:16.845+0000] {dag.py:3096} INFO - Sync 1 DAGs
[2026-04-26T07:11:16.854+0000] {logging_mixin.py:188} INFO - [2026-04-26T07:11:16.853+0000] {dag.py:3954} INFO - Setting next_dagrun for example_time_delta_sensor_async to None, run_after=None
[2026-04-26T07:11:16.869+0000] {processor.py:183} INFO - Processing /usr/local/python/3.12.1/lib/python3.12/site-packages/airflow/example_dags/example_time_delta_sensor_async.py took 0.044 seconds
[2026-04-26T07:11:23.434+0000] {processor.py:161} INFO - Started process (PID=19707) to work on /usr/local/python/3.12.1/lib/python3.12/site-packages/airflow/example_dags/example_time_delta_sensor_async.py
[2026-04-26T07:11:23.435+0000] {processor.py:830} INFO - Processing file /usr/local/python/3.12.1/lib/python3.12/site-packages/airflow/example_dags/example_time_delta_sensor_async.py for tasks to queue
[2026-04-26T07:11:23.436+0000] {logging_mixin.py:188} INFO - [2026-04-26T07:11:23.435+0000] {dagbag.py:540} INFO - Filling up the DagBag from /usr/local/python/3.12.1/lib/python3.12/site-packages/airflow/example_dags/example_time_delta_sensor_async.py
[2026-04-26T07:11:23.445+0000] {processor.py:840} INFO - DAG(s) 'example_time_delta_sensor_async' retrieved from /usr/local/python/3.12.1/lib/python3.12/site-packages/airflow/example_dags/example_time_delta_sensor_async.py
[2026-04-26T07:11:23.534+0000] {logging_mixin.py:188} INFO - [2026-04-26T07:11:23.528+0000] {dag.py:3096} INFO - Sync 1 DAGs
[2026-04-26T07:11:23.563+0000] {logging_mixin.py:188} INFO - [2026-04-26T07:11:23.563+0000] {dag.py:3954} INFO - Setting next_dagrun for example_time_delta_sensor_async to None, run_after=None
[2026-04-26T07:11:23.623+0000] {processor.py:183} INFO - Processing /usr/local/python/3.12.1/lib/python3.12/site-packages/airflow/example_dags/example_time_delta_sensor_async.py took 0.195 seconds
[2026-04-26T07:12:05.061+0000] {processor.py:161} INFO - Started process (PID=20115) to work on /usr/local/python/3.12.1/lib/python3.12/site-packages/airflow/example_dags/example_time_delta_sensor_async.py
[2026-04-26T07:12:05.063+0000] {processor.py:830} INFO - Processing file /usr/local/python/3.12.1/lib/python3.12/site-packages/airflow/example_dags/example_time_delta_sensor_async.py for tasks to queue
[2026-04-26T07:12:05.063+0000] {logging_mixin.py:188} INFO - [2026-04-26T07:12:05.063+0000] {dagbag.py:540} INFO - Filling up the DagBag from /usr/local/python/3.12.1/lib/python3.12/site-packages/airflow/example_dags/example_time_delta_sensor_async.py
[2026-04-26T07:12:05.069+0000] {processor.py:840} INFO - DAG(s) 'example_time_delta_sensor_async' retrieved from /usr/local/python/3.12.1/lib/python3.12/site-packages/airflow/example_dags/example_time_delta_sensor_async.py
[2026-04-26T07:12:05.088+0000] {logging_mixin.py:188} INFO - [2026-04-26T07:12:05.088+0000] {dag.py:3096} INFO - Sync 1 DAGs
[2026-04-26T07:12:05.101+0000] {logging_mixin.py:188} INFO - [2026-04-26T07:12:05.100+0000] {dag.py:3954} INFO - Setting next_dagrun for example_time_delta_sensor_async to None, run_after=None
[2026-04-26T07:12:05.163+0000] {processor.py:183} INFO - Processing /usr/local/python/3.12.1/lib/python3.12/site-packages/airflow/example_dags/example_time_delta_sensor_async.py took 0.108 seconds
[2026-04-26T07:12:09.244+0000] {processor.py:161} INFO - Started process (PID=20146) to work on /usr/local/python/3.12.1/lib/python3.12/site-packages/airflow/example_dags/example_time_delta_sensor_async.py
[2026-04-26T07:12:09.245+0000] {processor.py:830} INFO - Processing file /usr/local/python/3.12.1/lib/python3.12/site-packages/airflow/example_dags/example_time_delta_sensor_async.py for tasks to queue
[2026-04-26T07:12:09.245+0000] {logging_mixin.py:188} INFO - [2026-04-26T07:12:09.245+0000] {dagbag.py:540} INFO - Filling up the DagBag from /usr/local/python/3.12.1/lib/python3.12/site-packages/airflow/example_dags/example_time_delta_sensor_async.py
[2026-04-26T07:12:09.249+0000] {processor.py:840} INFO - DAG(s) 'example_time_delta_sensor_async' retrieved from /usr/local/python/3.12.1/lib/python3.12/site-packages/airflow/example_dags/example_time_delta_sensor_async.py
[2026-04-26T07:12:09.263+0000] {logging_mixin.py:188} INFO - [2026-04-26T07:12:09.263+0000] {dag.py:3096} INFO - Sync 1 DAGs
[2026-04-26T07:12:09.277+0000] {logging_mixin.py:188} INFO - [2026-04-26T07:12:09.277+0000] {dag.py:3954} INFO - Setting next_dagrun for example_time_delta_sensor_async to None, run_after=None
[2026-04-26T07:12:09.294+0000] {processor.py:183} INFO - Processing /usr/local/python/3.12.1/lib/python3.12/site-packages/airflow/example_dags/example_time_delta_sensor_async.py took 0.055 seconds
[2026-04-26T07:12:48.096+0000] {processor.py:161} INFO - Started process (PID=20488) to work on /usr/local/python/3.12.1/lib/python3.12/site-packages/airflow/example_dags/example_time_delta_sensor_async.py
[2026-04-26T07:12:48.097+0000] {processor.py:830} INFO - Processing file /usr/local/python/3.12.1/lib/python3.12/site-packages/airflow/example_dags/example_time_delta_sensor_async.py for tasks to queue
[2026-04-26T07:12:48.098+0000] {logging_mixin.py:188} INFO - [2026-04-26T07:12:48.098+0000] {dagbag.py:540} INFO - Filling up the DagBag from /usr/local/python/3.12.1/lib/python3.12/site-packages/airflow/example_dags/example_time_delta_sensor_async.py
[2026-04-26T07:12:48.101+0000] {processor.py:840} INFO - DAG(s) 'example_time_delta_sensor_async' retrieved from /usr/local/python/3.12.1/lib/python3.12/site-packages/airflow/example_dags/example_time_delta_sensor_async.py
[2026-04-26T07:12:48.113+0000] {logging_mixin.py:188} INFO - [2026-04-26T07:12:48.113+0000] {dag.py:3096} INFO - Sync 1 DAGs
[2026-04-26T07:12:48.122+0000] {logging_mixin.py:188} INFO - [2026-04-26T07:12:48.122+0000] {dag.py:3954} INFO - Setting next_dagrun for example_time_delta_sensor_async to None, run_after=None
[2026-04-26T07:12:48.178+0000] {processor.py:183} INFO - Processing /usr/local/python/3.12.1/lib/python3.12/site-packages/airflow/example_dags/example_time_delta_sensor_async.py took 0.086 seconds
[2026-04-26T07:12:48.472+0000] {processor.py:161} INFO - Started process (PID=20521) to work on /usr/local/python/3.12.1/lib/python3.12/site-packages/airflow/example_dags/example_time_delta_sensor_async.py
[2026-04-26T07:12:48.473+0000] {processor.py:830} INFO - Processing file /usr/local/python/3.12.1/lib/python3.12/site-packages/airflow/example_dags/example_time_delta_sensor_async.py for tasks to queue
[2026-04-26T07:12:48.473+0000] {logging_mixin.py:188} INFO - [2026-04-26T07:12:48.473+0000] {dagbag.py:540} INFO - Filling up the DagBag from /usr/local/python/3.12.1/lib/python3.12/site-packages/airflow/example_dags/example_time_delta_sensor_async.py
[2026-04-26T07:12:48.477+0000] {processor.py:840} INFO - DAG(s) 'example_time_delta_sensor_async' retrieved from /usr/local/python/3.12.1/lib/python3.12/site-packages/airflow/example_dags/example_time_delta_sensor_async.py
[2026-04-26T07:12:48.489+0000] {logging_mixin.py:188} INFO - [2026-04-26T07:12:48.489+0000] {dag.py:3096} INFO - Sync 1 DAGs
[2026-04-26T07:12:48.498+0000] {logging_mixin.py:188} INFO - [2026-04-26T07:12:48.498+0000] {dag.py:3954} INFO - Setting next_dagrun for example_time_delta_sensor_async to None, run_after=None
[2026-04-26T07:12:48.514+0000] {processor.py:183} INFO - Processing /usr/local/python/3.12.1/lib/python3.12/site-packages/airflow/example_dags/example_time_delta_sensor_async.py took 0.046 seconds
[2026-04-26T07:13:28.192+0000] {processor.py:161} INFO - Started process (PID=21098) to work on /usr/local/python/3.12.1/lib/python3.12/site-packages/airflow/example_dags/example_time_delta_sensor_async.py
[2026-04-26T07:13:28.192+0000] {processor.py:830} INFO - Processing file /usr/local/python/3.12.1/lib/python3.12/site-packages/airflow/example_dags/example_time_delta_sensor_async.py for tasks to queue
[2026-04-26T07:13:28.193+0000] {logging_mixin.py:188} INFO - [2026-04-26T07:13:28.193+0000] {dagbag.py:540} INFO - Filling up the DagBag from /usr/local/python/3.12.1/lib/python3.12/site-packages/airflow/example_dags/example_time_delta_sensor_async.py
[2026-04-26T07:13:28.197+0000] {processor.py:840} INFO - DAG(s) 'example_time_delta_sensor_async' retrieved from /usr/local/python/3.12.1/lib/python3.12/site-packages/airflow/example_dags/example_time_delta_sensor_async.py
[2026-04-26T07:13:28.214+0000] {logging_mixin.py:188} INFO - [2026-04-26T07:13:28.213+0000] {dag.py:3096} INFO - Sync 1 DAGs
[2026-04-26T07:13:28.227+0000] {logging_mixin.py:188} INFO - [2026-04-26T07:13:28.227+0000] {dag.py:3954} INFO - Setting next_dagrun for example_time_delta_sensor_async to None, run_after=None
[2026-04-26T07:13:28.269+0000] {processor.py:183} INFO - Processing /usr/local/python/3.12.1/lib/python3.12/site-packages/airflow/example_dags/example_time_delta_sensor_async.py took 0.081 seconds
[2026-04-26T07:13:36.249+0000] {processor.py:161} INFO - Started process (PID=21297) to work on /usr/local/python/3.12.1/lib/python3.12/site-packages/airflow/example_dags/example_time_delta_sensor_async.py
[2026-04-26T07:13:36.252+0000] {processor.py:830} INFO - Processing file /usr/local/python/3.12.1/lib/python3.12/site-packages/airflow/example_dags/example_time_delta_sensor_async.py for tasks to queue
[2026-04-26T07:13:36.253+0000] {logging_mixin.py:188} INFO - [2026-04-26T07:13:36.253+0000] {dagbag.py:540} INFO - Filling up the DagBag from /usr/local/python/3.12.1/lib/python3.12/site-packages/airflow/example_dags/example_time_delta_sensor_async.py
[2026-04-26T07:13:36.262+0000] {processor.py:840} INFO - DAG(s) 'example_time_delta_sensor_async' retrieved from /usr/local/python/3.12.1/lib/python3.12/site-packages/airflow/example_dags/example_time_delta_sensor_async.py
[2026-04-26T07:13:36.308+0000] {logging_mixin.py:188} INFO - [2026-04-26T07:13:36.308+0000] {dag.py:3096} INFO - Sync 1 DAGs
[2026-04-26T07:13:36.358+0000] {logging_mixin.py:188} INFO - [2026-04-26T07:13:36.358+0000] {dag.py:3954} INFO - Setting next_dagrun for example_time_delta_sensor_async to None, run_after=None
[2026-04-26T07:13:36.524+0000] {processor.py:183} INFO - Processing /usr/local/python/3.12.1/lib/python3.12/site-packages/airflow/example_dags/example_time_delta_sensor_async.py took 0.286 seconds
[2026-04-26T07:13:57.777+0000] {processor.py:161} INFO - Started process (PID=21797) to work on /usr/local/python/3.12.1/lib/python3.12/site-packages/airflow/example_dags/example_time_delta_sensor_async.py
[2026-04-26T07:13:57.778+0000] {processor.py:830} INFO - Processing file /usr/local/python/3.12.1/lib/python3.12/site-packages/airflow/example_dags/example_time_delta_sensor_async.py for tasks to queue
[2026-04-26T07:13:57.779+0000] {logging_mixin.py:188} INFO - [2026-04-26T07:13:57.779+0000] {dagbag.py:540} INFO - Filling up the DagBag from /usr/local/python/3.12.1/lib/python3.12/site-packages/airflow/example_dags/example_time_delta_sensor_async.py
[2026-04-26T07:13:57.784+0000] {processor.py:840} INFO - DAG(s) 'example_time_delta_sensor_async' retrieved from /usr/local/python/3.12.1/lib/python3.12/site-packages/airflow/example_dags/example_time_delta_sensor_async.py
[2026-04-26T07:13:57.801+0000] {logging_mixin.py:188} INFO - [2026-04-26T07:13:57.801+0000] {dag.py:3096} INFO - Sync 1 DAGs
[2026-04-26T07:13:57.815+0000] {logging_mixin.py:188} INFO - [2026-04-26T07:13:57.815+0000] {dag.py:3954} INFO - Setting next_dagrun for example_time_delta_sensor_async to None, run_after=None
[2026-04-26T07:13:57.832+0000] {processor.py:183} INFO - Processing /usr/local/python/3.12.1/lib/python3.12/site-packages/airflow/example_dags/example_time_delta_sensor_async.py took 0.059 seconds
[2026-04-26T07:14:13.210+0000] {processor.py:161} INFO - Started process (PID=21932) to work on /usr/local/python/3.12.1/lib/python3.12/site-packages/airflow/example_dags/example_time_delta_sensor_async.py
[2026-04-26T07:14:13.211+0000] {processor.py:830} INFO - Processing file /usr/local/python/3.12.1/lib/python3.12/site-packages/airflow/example_dags/example_time_delta_sensor_async.py for tasks to queue
[2026-04-26T07:14:13.212+0000] {logging_mixin.py:188} INFO - [2026-04-26T07:14:13.212+0000] {dagbag.py:540} INFO - Filling up the DagBag from /usr/local/python/3.12.1/lib/python3.12/site-packages/airflow/example_dags/example_time_delta_sensor_async.py
[2026-04-26T07:14:13.217+0000] {processor.py:840} INFO - DAG(s) 'example_time_delta_sensor_async' retrieved from /usr/local/python/3.12.1/lib/python3.12/site-packages/airflow/example_dags/example_time_delta_sensor_async.py
[2026-04-26T07:14:13.234+0000] {logging_mixin.py:188} INFO - [2026-04-26T07:14:13.234+0000] {dag.py:3096} INFO - Sync 1 DAGs
[2026-04-26T07:14:13.251+0000] {logging_mixin.py:188} INFO - [2026-04-26T07:14:13.251+0000] {dag.py:3954} INFO - Setting next_dagrun for example_time_delta_sensor_async to None, run_after=None
[2026-04-26T07:14:13.277+0000] {processor.py:183} INFO - Processing /usr/local/python/3.12.1/lib/python3.12/site-packages/airflow/example_dags/example_time_delta_sensor_async.py took 0.073 seconds
[2026-04-26T07:14:32.313+0000] {processor.py:161} INFO - Started process (PID=22155) to work on /usr/local/python/3.12.1/lib/python3.12/site-packages/airflow/example_dags/example_time_delta_sensor_async.py
[2026-04-26T07:14:32.313+0000] {processor.py:830} INFO - Processing file /usr/local/python/3.12.1/lib/python3.12/site-packages/airflow/example_dags/example_time_delta_sensor_async.py for tasks to queue
[2026-04-26T07:14:32.319+0000] {logging_mixin.py:188} INFO - [2026-04-26T07:14:32.314+0000] {dagbag.py:540} INFO - Filling up the DagBag from /usr/local/python/3.12.1/lib/python3.12/site-packages/airflow/example_dags/example_time_delta_sensor_async.py
[2026-04-26T07:14:32.331+0000] {processor.py:840} INFO - DAG(s) 'example_time_delta_sensor_async' retrieved from /usr/local/python/3.12.1/lib/python3.12/site-packages/airflow/example_dags/example_time_delta_sensor_async.py
[2026-04-26T07:14:32.365+0000] {logging_mixin.py:188} INFO - [2026-04-26T07:14:32.365+0000] {dag.py:3096} INFO - Sync 1 DAGs
[2026-04-26T07:14:32.386+0000] {logging_mixin.py:188} INFO - [2026-04-26T07:14:32.385+0000] {dag.py:3954} INFO - Setting next_dagrun for example_time_delta_sensor_async to None, run_after=None
[2026-04-26T07:14:32.402+0000] {processor.py:183} INFO - Processing /usr/local/python/3.12.1/lib/python3.12/site-packages/airflow/example_dags/example_time_delta_sensor_async.py took 0.104 seconds
[2026-04-26T07:14:47.457+0000] {processor.py:161} INFO - Started process (PID=22327) to work on /usr/local/python/3.12.1/lib/python3.12/site-packages/airflow/example_dags/example_time_delta_sensor_async.py
[2026-04-26T07:14:47.458+0000] {processor.py:830} INFO - Processing file /usr/local/python/3.12.1/lib/python3.12/site-packages/airflow/example_dags/example_time_delta_sensor_async.py for tasks to queue
[2026-04-26T07:14:47.460+0000] {logging_mixin.py:188} INFO - [2026-04-26T07:14:47.460+0000] {dagbag.py:540} INFO - Filling up the DagBag from /usr/local/python/3.12.1/lib/python3.12/site-packages/airflow/example_dags/example_time_delta_sensor_async.py
[2026-04-26T07:14:47.465+0000] {processor.py:840} INFO - DAG(s) 'example_time_delta_sensor_async' retrieved from /usr/local/python/3.12.1/lib/python3.12/site-packages/airflow/example_dags/example_time_delta_sensor_async.py
[2026-04-26T07:14:47.482+0000] {logging_mixin.py:188} INFO - [2026-04-26T07:14:47.482+0000] {dag.py:3096} INFO - Sync 1 DAGs
[2026-04-26T07:14:47.495+0000] {logging_mixin.py:188} INFO - [2026-04-26T07:14:47.494+0000] {dag.py:3954} INFO - Setting next_dagrun for example_time_delta_sensor_async to None, run_after=None
[2026-04-26T07:14:47.755+0000] {processor.py:183} INFO - Processing /usr/local/python/3.12.1/lib/python3.12/site-packages/airflow/example_dags/example_time_delta_sensor_async.py took 0.303 seconds
[2026-04-26T07:14:56.360+0000] {processor.py:161} INFO - Started process (PID=22437) to work on /usr/local/python/3.12.1/lib/python3.12/site-packages/airflow/example_dags/example_time_delta_sensor_async.py
[2026-04-26T07:14:56.360+0000] {processor.py:830} INFO - Processing file /usr/local/python/3.12.1/lib/python3.12/site-packages/airflow/example_dags/example_time_delta_sensor_async.py for tasks to queue
[2026-04-26T07:14:56.361+0000] {logging_mixin.py:188} INFO - [2026-04-26T07:14:56.361+0000] {dagbag.py:540} INFO - Filling up the DagBag from /usr/local/python/3.12.1/lib/python3.12/site-packages/airflow/example_dags/example_time_delta_sensor_async.py
[2026-04-26T07:14:56.364+0000] {processor.py:840} INFO - DAG(s) 'example_time_delta_sensor_async' retrieved from /usr/local/python/3.12.1/lib/python3.12/site-packages/airflow/example_dags/example_time_delta_sensor_async.py
[2026-04-26T07:14:56.376+0000] {logging_mixin.py:188} INFO - [2026-04-26T07:14:56.376+0000] {dag.py:3096} INFO - Sync 1 DAGs
[2026-04-26T07:14:56.386+0000] {logging_mixin.py:188} INFO - [2026-04-26T07:14:56.386+0000] {dag.py:3954} INFO - Setting next_dagrun for example_time_delta_sensor_async to None, run_after=None
[2026-04-26T07:14:56.403+0000] {processor.py:183} INFO - Processing /usr/local/python/3.12.1/lib/python3.12/site-packages/airflow/example_dags/example_time_delta_sensor_async.py took 0.047 seconds
[2026-04-26T07:15:22.363+0000] {processor.py:161} INFO - Started process (PID=22923) to work on /usr/local/python/3.12.1/lib/python3.12/site-packages/airflow/example_dags/example_time_delta_sensor_async.py
[2026-04-26T07:15:22.363+0000] {processor.py:830} INFO - Processing file /usr/local/python/3.12.1/lib/python3.12/site-packages/airflow/example_dags/example_time_delta_sensor_async.py for tasks to queue
[2026-04-26T07:15:22.364+0000] {logging_mixin.py:188} INFO - [2026-04-26T07:15:22.364+0000] {dagbag.py:540} INFO - Filling up the DagBag from /usr/local/python/3.12.1/lib/python3.12/site-packages/airflow/example_dags/example_time_delta_sensor_async.py
[2026-04-26T07:15:22.367+0000] {processor.py:840} INFO - DAG(s) 'example_time_delta_sensor_async' retrieved from /usr/local/python/3.12.1/lib/python3.12/site-packages/airflow/example_dags/example_time_delta_sensor_async.py
[2026-04-26T07:15:22.521+0000] {logging_mixin.py:188} INFO - [2026-04-26T07:15:22.521+0000] {dag.py:3096} INFO - Sync 1 DAGs
[2026-04-26T07:15:22.529+0000] {logging_mixin.py:188} INFO - [2026-04-26T07:15:22.529+0000] {dag.py:3954} INFO - Setting next_dagrun for example_time_delta_sensor_async to None, run_after=None
[2026-04-26T07:15:22.544+0000] {processor.py:183} INFO - Processing /usr/local/python/3.12.1/lib/python3.12/site-packages/airflow/example_dags/example_time_delta_sensor_async.py took 0.185 seconds
[2026-04-26T07:15:41.508+0000] {processor.py:161} INFO - Started process (PID=23174) to work on /usr/local/python/3.12.1/lib/python3.12/site-packages/airflow/example_dags/example_time_delta_sensor_async.py
[2026-04-26T07:15:41.509+0000] {processor.py:830} INFO - Processing file /usr/local/python/3.12.1/lib/python3.12/site-packages/airflow/example_dags/example_time_delta_sensor_async.py for tasks to queue
[2026-04-26T07:15:41.509+0000] {logging_mixin.py:188} INFO - [2026-04-26T07:15:41.509+0000] {dagbag.py:540} INFO - Filling up the DagBag from /usr/local/python/3.12.1/lib/python3.12/site-packages/airflow/example_dags/example_time_delta_sensor_async.py
[2026-04-26T07:15:41.513+0000] {processor.py:840} INFO - DAG(s) 'example_time_delta_sensor_async' retrieved from /usr/local/python/3.12.1/lib/python3.12/site-packages/airflow/example_dags/example_time_delta_sensor_async.py
[2026-04-26T07:15:41.526+0000] {logging_mixin.py:188} INFO - [2026-04-26T07:15:41.526+0000] {dag.py:3096} INFO - Sync 1 DAGs
[2026-04-26T07:15:41.535+0000] {logging_mixin.py:188} INFO - [2026-04-26T07:15:41.535+0000] {dag.py:3954} INFO - Setting next_dagrun for example_time_delta_sensor_async to None, run_after=None
[2026-04-26T07:15:41.551+0000] {processor.py:183} INFO - Processing /usr/local/python/3.12.1/lib/python3.12/site-packages/airflow/example_dags/example_time_delta_sensor_async.py took 0.048 seconds
[2026-04-26T07:15:46.059+0000] {processor.py:161} INFO - Started process (PID=23267) to work on /usr/local/python/3.12.1/lib/python3.12/site-packages/airflow/example_dags/example_time_delta_sensor_async.py
[2026-04-26T07:15:46.060+0000] {processor.py:830} INFO - Processing file /usr/local/python/3.12.1/lib/python3.12/site-packages/airflow/example_dags/example_time_delta_sensor_async.py for tasks to queue
[2026-04-26T07:15:46.062+0000] {logging_mixin.py:188} INFO - [2026-04-26T07:15:46.061+0000] {dagbag.py:540} INFO - Filling up the DagBag from /usr/local/python/3.12.1/lib/python3.12/site-packages/airflow/example_dags/example_time_delta_sensor_async.py
[2026-04-26T07:15:46.067+0000] {processor.py:840} INFO - DAG(s) 'example_time_delta_sensor_async' retrieved from /usr/local/python/3.12.1/lib/python3.12/site-packages/airflow/example_dags/example_time_delta_sensor_async.py
[2026-04-26T07:15:46.089+0000] {logging_mixin.py:188} INFO - [2026-04-26T07:15:46.088+0000] {dag.py:3096} INFO - Sync 1 DAGs
[2026-04-26T07:15:46.099+0000] {logging_mixin.py:188} INFO - [2026-04-26T07:15:46.099+0000] {dag.py:3954} INFO - Setting next_dagrun for example_time_delta_sensor_async to None, run_after=None
[2026-04-26T07:15:46.120+0000] {processor.py:183} INFO - Processing /usr/local/python/3.12.1/lib/python3.12/site-packages/airflow/example_dags/example_time_delta_sensor_async.py took 0.068 seconds
[2026-04-26T07:16:13.754+0000] {processor.py:161} INFO - Started process (PID=23652) to work on /usr/local/python/3.12.1/lib/python3.12/site-packages/airflow/example_dags/example_time_delta_sensor_async.py
[2026-04-26T07:16:13.755+0000] {processor.py:830} INFO - Processing file /usr/local/python/3.12.1/lib/python3.12/site-packages/airflow/example_dags/example_time_delta_sensor_async.py for tasks to queue
[2026-04-26T07:16:13.756+0000] {logging_mixin.py:188} INFO - [2026-04-26T07:16:13.755+0000] {dagbag.py:540} INFO - Filling up the DagBag from /usr/local/python/3.12.1/lib/python3.12/site-packages/airflow/example_dags/example_time_delta_sensor_async.py
[2026-04-26T07:16:13.761+0000] {processor.py:840} INFO - DAG(s) 'example_time_delta_sensor_async' retrieved from /usr/local/python/3.12.1/lib/python3.12/site-packages/airflow/example_dags/example_time_delta_sensor_async.py
[2026-04-26T07:16:13.779+0000] {logging_mixin.py:188} INFO - [2026-04-26T07:16:13.779+0000] {dag.py:3096} INFO - Sync 1 DAGs
[2026-04-26T07:16:13.793+0000] {logging_mixin.py:188} INFO - [2026-04-26T07:16:13.793+0000] {dag.py:3954} INFO - Setting next_dagrun for example_time_delta_sensor_async to None, run_after=None
[2026-04-26T07:16:13.817+0000] {processor.py:183} INFO - Processing /usr/local/python/3.12.1/lib/python3.12/site-packages/airflow/example_dags/example_time_delta_sensor_async.py took 0.069 seconds
[2026-04-26T07:16:25.262+0000] {processor.py:161} INFO - Started process (PID=23818) to work on /usr/local/python/3.12.1/lib/python3.12/site-packages/airflow/example_dags/example_time_delta_sensor_async.py
[2026-04-26T07:16:25.262+0000] {processor.py:830} INFO - Processing file /usr/local/python/3.12.1/lib/python3.12/site-packages/airflow/example_dags/example_time_delta_sensor_async.py for tasks to queue
[2026-04-26T07:16:25.263+0000] {logging_mixin.py:188} INFO - [2026-04-26T07:16:25.263+0000] {dagbag.py:540} INFO - Filling up the DagBag from /usr/local/python/3.12.1/lib/python3.12/site-packages/airflow/example_dags/example_time_delta_sensor_async.py
[2026-04-26T07:16:25.266+0000] {processor.py:840} INFO - DAG(s) 'example_time_delta_sensor_async' retrieved from /usr/local/python/3.12.1/lib/python3.12/site-packages/airflow/example_dags/example_time_delta_sensor_async.py
[2026-04-26T07:16:25.278+0000] {logging_mixin.py:188} INFO - [2026-04-26T07:16:25.278+0000] {dag.py:3096} INFO - Sync 1 DAGs
[2026-04-26T07:16:25.287+0000] {logging_mixin.py:188} INFO - [2026-04-26T07:16:25.287+0000] {dag.py:3954} INFO - Setting next_dagrun for example_time_delta_sensor_async to None, run_after=None
[2026-04-26T07:16:25.307+0000] {processor.py:183} INFO - Processing /usr/local/python/3.12.1/lib/python3.12/site-packages/airflow/example_dags/example_time_delta_sensor_async.py took 0.049 seconds
[2026-04-26T07:16:29.007+0000] {processor.py:161} INFO - Started process (PID=23843) to work on /usr/local/python/3.12.1/lib/python3.12/site-packages/airflow/example_dags/example_time_delta_sensor_async.py
[2026-04-26T07:16:29.008+0000] {processor.py:830} INFO - Processing file /usr/local/python/3.12.1/lib/python3.12/site-packages/airflow/example_dags/example_time_delta_sensor_async.py for tasks to queue
[2026-04-26T07:16:29.009+0000] {logging_mixin.py:188} INFO - [2026-04-26T07:16:29.008+0000] {dagbag.py:540} INFO - Filling up the DagBag from /usr/local/python/3.12.1/lib/python3.12/site-packages/airflow/example_dags/example_time_delta_sensor_async.py
[2026-04-26T07:16:29.012+0000] {processor.py:840} INFO - DAG(s) 'example_time_delta_sensor_async' retrieved from /usr/local/python/3.12.1/lib/python3.12/site-packages/airflow/example_dags/example_time_delta_sensor_async.py
[2026-04-26T07:16:29.024+0000] {logging_mixin.py:188} INFO - [2026-04-26T07:16:29.023+0000] {dag.py:3096} INFO - Sync 1 DAGs
[2026-04-26T07:16:29.032+0000] {logging_mixin.py:188} INFO - [2026-04-26T07:16:29.032+0000] {dag.py:3954} INFO - Setting next_dagrun for example_time_delta_sensor_async to None, run_after=None
[2026-04-26T07:16:29.049+0000] {processor.py:183} INFO - Processing /usr/local/python/3.12.1/lib/python3.12/site-packages/airflow/example_dags/example_time_delta_sensor_async.py took 0.046 seconds
[2026-04-26T07:16:57.674+0000] {processor.py:161} INFO - Started process (PID=24123) to work on /usr/local/python/3.12.1/lib/python3.12/site-packages/airflow/example_dags/example_time_delta_sensor_async.py
[2026-04-26T07:16:57.675+0000] {processor.py:830} INFO - Processing file /usr/local/python/3.12.1/lib/python3.12/site-packages/airflow/example_dags/example_time_delta_sensor_async.py for tasks to queue
[2026-04-26T07:16:57.675+0000] {logging_mixin.py:188} INFO - [2026-04-26T07:16:57.675+0000] {dagbag.py:540} INFO - Filling up the DagBag from /usr/local/python/3.12.1/lib/python3.12/site-packages/airflow/example_dags/example_time_delta_sensor_async.py
[2026-04-26T07:16:57.679+0000] {processor.py:840} INFO - DAG(s) 'example_time_delta_sensor_async' retrieved from /usr/local/python/3.12.1/lib/python3.12/site-packages/airflow/example_dags/example_time_delta_sensor_async.py
[2026-04-26T07:16:57.691+0000] {logging_mixin.py:188} INFO - [2026-04-26T07:16:57.690+0000] {dag.py:3096} INFO - Sync 1 DAGs
[2026-04-26T07:16:57.701+0000] {logging_mixin.py:188} INFO - [2026-04-26T07:16:57.700+0000] {dag.py:3954} INFO - Setting next_dagrun for example_time_delta_sensor_async to None, run_after=None
[2026-04-26T07:16:57.720+0000] {processor.py:183} INFO - Processing /usr/local/python/3.12.1/lib/python3.12/site-packages/airflow/example_dags/example_time_delta_sensor_async.py took 0.050 seconds
[2026-04-26T07:17:08.300+0000] {processor.py:161} INFO - Started process (PID=24283) to work on /usr/local/python/3.12.1/lib/python3.12/site-packages/airflow/example_dags/example_time_delta_sensor_async.py
[2026-04-26T07:17:08.301+0000] {processor.py:830} INFO - Processing file /usr/local/python/3.12.1/lib/python3.12/site-packages/airflow/example_dags/example_time_delta_sensor_async.py for tasks to queue
[2026-04-26T07:17:08.301+0000] {logging_mixin.py:188} INFO - [2026-04-26T07:17:08.301+0000] {dagbag.py:540} INFO - Filling up the DagBag from /usr/local/python/3.12.1/lib/python3.12/site-packages/airflow/example_dags/example_time_delta_sensor_async.py
[2026-04-26T07:17:08.304+0000] {processor.py:840} INFO - DAG(s) 'example_time_delta_sensor_async' retrieved from /usr/local/python/3.12.1/lib/python3.12/site-packages/airflow/example_dags/example_time_delta_sensor_async.py
[2026-04-26T07:17:08.317+0000] {logging_mixin.py:188} INFO - [2026-04-26T07:17:08.316+0000] {dag.py:3096} INFO - Sync 1 DAGs
[2026-04-26T07:17:08.326+0000] {logging_mixin.py:188} INFO - [2026-04-26T07:17:08.325+0000] {dag.py:3954} INFO - Setting next_dagrun for example_time_delta_sensor_async to None, run_after=None
[2026-04-26T07:17:08.342+0000] {processor.py:183} INFO - Processing /usr/local/python/3.12.1/lib/python3.12/site-packages/airflow/example_dags/example_time_delta_sensor_async.py took 0.047 seconds
[2026-04-26T07:17:09.643+0000] {processor.py:161} INFO - Started process (PID=24306) to work on /usr/local/python/3.12.1/lib/python3.12/site-packages/airflow/example_dags/example_time_delta_sensor_async.py
[2026-04-26T07:17:09.644+0000] {processor.py:830} INFO - Processing file /usr/local/python/3.12.1/lib/python3.12/site-packages/airflow/example_dags/example_time_delta_sensor_async.py for tasks to queue
[2026-04-26T07:17:09.645+0000] {logging_mixin.py:188} INFO - [2026-04-26T07:17:09.644+0000] {dagbag.py:540} INFO - Filling up the DagBag from /usr/local/python/3.12.1/lib/python3.12/site-packages/airflow/example_dags/example_time_delta_sensor_async.py
[2026-04-26T07:17:09.648+0000] {processor.py:840} INFO - DAG(s) 'example_time_delta_sensor_async' retrieved from /usr/local/python/3.12.1/lib/python3.12/site-packages/airflow/example_dags/example_time_delta_sensor_async.py
[2026-04-26T07:17:09.662+0000] {logging_mixin.py:188} INFO - [2026-04-26T07:17:09.662+0000] {dag.py:3096} INFO - Sync 1 DAGs
[2026-04-26T07:17:09.671+0000] {logging_mixin.py:188} INFO - [2026-04-26T07:17:09.671+0000] {dag.py:3954} INFO - Setting next_dagrun for example_time_delta_sensor_async to None, run_after=None
[2026-04-26T07:17:09.687+0000] {processor.py:183} INFO - Processing /usr/local/python/3.12.1/lib/python3.12/site-packages/airflow/example_dags/example_time_delta_sensor_async.py took 0.049 seconds
[2026-04-26T07:17:37.011+0000] {processor.py:161} INFO - Started process (PID=24624) to work on /usr/local/python/3.12.1/lib/python3.12/site-packages/airflow/example_dags/example_time_delta_sensor_async.py
[2026-04-26T07:17:37.012+0000] {processor.py:830} INFO - Processing file /usr/local/python/3.12.1/lib/python3.12/site-packages/airflow/example_dags/example_time_delta_sensor_async.py for tasks to queue
[2026-04-26T07:17:37.013+0000] {logging_mixin.py:188} INFO - [2026-04-26T07:17:37.012+0000] {dagbag.py:540} INFO - Filling up the DagBag from /usr/local/python/3.12.1/lib/python3.12/site-packages/airflow/example_dags/example_time_delta_sensor_async.py
[2026-04-26T07:17:37.016+0000] {processor.py:840} INFO - DAG(s) 'example_time_delta_sensor_async' retrieved from /usr/local/python/3.12.1/lib/python3.12/site-packages/airflow/example_dags/example_time_delta_sensor_async.py
[2026-04-26T07:17:37.028+0000] {logging_mixin.py:188} INFO - [2026-04-26T07:17:37.028+0000] {dag.py:3096} INFO - Sync 1 DAGs
[2026-04-26T07:17:37.038+0000] {logging_mixin.py:188} INFO - [2026-04-26T07:17:37.037+0000] {dag.py:3954} INFO - Setting next_dagrun for example_time_delta_sensor_async to None, run_after=None
[2026-04-26T07:17:37.055+0000] {processor.py:183} INFO - Processing /usr/local/python/3.12.1/lib/python3.12/site-packages/airflow/example_dags/example_time_delta_sensor_async.py took 0.048 seconds
[2026-04-26T07:17:51.320+0000] {processor.py:161} INFO - Started process (PID=24759) to work on /usr/local/python/3.12.1/lib/python3.12/site-packages/airflow/example_dags/example_time_delta_sensor_async.py
[2026-04-26T07:17:51.321+0000] {processor.py:830} INFO - Processing file /usr/local/python/3.12.1/lib/python3.12/site-packages/airflow/example_dags/example_time_delta_sensor_async.py for tasks to queue
[2026-04-26T07:17:51.321+0000] {logging_mixin.py:188} INFO - [2026-04-26T07:17:51.321+0000] {dagbag.py:540} INFO - Filling up the DagBag from /usr/local/python/3.12.1/lib/python3.12/site-packages/airflow/example_dags/example_time_delta_sensor_async.py
[2026-04-26T07:17:51.325+0000] {processor.py:840} INFO - DAG(s) 'example_time_delta_sensor_async' retrieved from /usr/local/python/3.12.1/lib/python3.12/site-packages/airflow/example_dags/example_time_delta_sensor_async.py
[2026-04-26T07:17:51.338+0000] {logging_mixin.py:188} INFO - [2026-04-26T07:17:51.337+0000] {dag.py:3096} INFO - Sync 1 DAGs
[2026-04-26T07:17:51.346+0000] {logging_mixin.py:188} INFO - [2026-04-26T07:17:51.346+0000] {dag.py:3954} INFO - Setting next_dagrun for example_time_delta_sensor_async to None, run_after=None
[2026-04-26T07:17:51.367+0000] {processor.py:183} INFO - Processing /usr/local/python/3.12.1/lib/python3.12/site-packages/airflow/example_dags/example_time_delta_sensor_async.py took 0.051 seconds
[2026-04-26T07:17:51.940+0000] {processor.py:161} INFO - Started process (PID=24763) to work on /usr/local/python/3.12.1/lib/python3.12/site-packages/airflow/example_dags/example_time_delta_sensor_async.py
[2026-04-26T07:17:51.941+0000] {processor.py:830} INFO - Processing file /usr/local/python/3.12.1/lib/python3.12/site-packages/airflow/example_dags/example_time_delta_sensor_async.py for tasks to queue
[2026-04-26T07:17:51.941+0000] {logging_mixin.py:188} INFO - [2026-04-26T07:17:51.941+0000] {dagbag.py:540} INFO - Filling up the DagBag from /usr/local/python/3.12.1/lib/python3.12/site-packages/airflow/example_dags/example_time_delta_sensor_async.py
[2026-04-26T07:17:51.945+0000] {processor.py:840} INFO - DAG(s) 'example_time_delta_sensor_async' retrieved from /usr/local/python/3.12.1/lib/python3.12/site-packages/airflow/example_dags/example_time_delta_sensor_async.py
[2026-04-26T07:17:51.956+0000] {logging_mixin.py:188} INFO - [2026-04-26T07:17:51.956+0000] {dag.py:3096} INFO - Sync 1 DAGs
[2026-04-26T07:17:51.965+0000] {logging_mixin.py:188} INFO - [2026-04-26T07:17:51.965+0000] {dag.py:3954} INFO - Setting next_dagrun for example_time_delta_sensor_async to None, run_after=None
[2026-04-26T07:17:51.981+0000] {processor.py:183} INFO - Processing /usr/local/python/3.12.1/lib/python3.12/site-packages/airflow/example_dags/example_time_delta_sensor_async.py took 0.045 seconds
[2026-04-26T07:18:20.515+0000] {processor.py:161} INFO - Started process (PID=25032) to work on /usr/local/python/3.12.1/lib/python3.12/site-packages/airflow/example_dags/example_time_delta_sensor_async.py
[2026-04-26T07:18:20.517+0000] {processor.py:830} INFO - Processing file /usr/local/python/3.12.1/lib/python3.12/site-packages/airflow/example_dags/example_time_delta_sensor_async.py for tasks to queue
[2026-04-26T07:18:20.520+0000] {logging_mixin.py:188} INFO - [2026-04-26T07:18:20.520+0000] {dagbag.py:540} INFO - Filling up the DagBag from /usr/local/python/3.12.1/lib/python3.12/site-packages/airflow/example_dags/example_time_delta_sensor_async.py
[2026-04-26T07:18:20.537+0000] {processor.py:840} INFO - DAG(s) 'example_time_delta_sensor_async' retrieved from /usr/local/python/3.12.1/lib/python3.12/site-packages/airflow/example_dags/example_time_delta_sensor_async.py
[2026-04-26T07:18:20.589+0000] {logging_mixin.py:188} INFO - [2026-04-26T07:18:20.588+0000] {dag.py:3096} INFO - Sync 1 DAGs
[2026-04-26T07:18:20.690+0000] {logging_mixin.py:188} INFO - [2026-04-26T07:18:20.687+0000] {dag.py:3954} INFO - Setting next_dagrun for example_time_delta_sensor_async to None, run_after=None
[2026-04-26T07:18:20.730+0000] {processor.py:183} INFO - Processing /usr/local/python/3.12.1/lib/python3.12/site-packages/airflow/example_dags/example_time_delta_sensor_async.py took 0.242 seconds
[2026-04-26T07:18:36.038+0000] {processor.py:161} INFO - Started process (PID=25190) to work on /usr/local/python/3.12.1/lib/python3.12/site-packages/airflow/example_dags/example_time_delta_sensor_async.py
[2026-04-26T07:18:36.054+0000] {processor.py:830} INFO - Processing file /usr/local/python/3.12.1/lib/python3.12/site-packages/airflow/example_dags/example_time_delta_sensor_async.py for tasks to queue
[2026-04-26T07:18:36.067+0000] {logging_mixin.py:188} INFO - [2026-04-26T07:18:36.055+0000] {dagbag.py:540} INFO - Filling up the DagBag from /usr/local/python/3.12.1/lib/python3.12/site-packages/airflow/example_dags/example_time_delta_sensor_async.py
[2026-04-26T07:18:36.110+0000] {processor.py:840} INFO - DAG(s) 'example_time_delta_sensor_async' retrieved from /usr/local/python/3.12.1/lib/python3.12/site-packages/airflow/example_dags/example_time_delta_sensor_async.py
[2026-04-26T07:18:36.255+0000] {logging_mixin.py:188} INFO - [2026-04-26T07:18:36.242+0000] {dag.py:3096} INFO - Sync 1 DAGs
[2026-04-26T07:18:36.300+0000] {logging_mixin.py:188} INFO - [2026-04-26T07:18:36.300+0000] {dag.py:3954} INFO - Setting next_dagrun for example_time_delta_sensor_async to None, run_after=None
[2026-04-26T07:18:36.351+0000] {processor.py:183} INFO - Processing /usr/local/python/3.12.1/lib/python3.12/site-packages/airflow/example_dags/example_time_delta_sensor_async.py took 0.365 seconds
[2026-04-26T07:18:37.873+0000] {processor.py:161} INFO - Started process (PID=25209) to work on /usr/local/python/3.12.1/lib/python3.12/site-packages/airflow/example_dags/example_time_delta_sensor_async.py
[2026-04-26T07:18:37.883+0000] {processor.py:830} INFO - Processing file /usr/local/python/3.12.1/lib/python3.12/site-packages/airflow/example_dags/example_time_delta_sensor_async.py for tasks to queue
[2026-04-26T07:18:37.884+0000] {logging_mixin.py:188} INFO - [2026-04-26T07:18:37.884+0000] {dagbag.py:540} INFO - Filling up the DagBag from /usr/local/python/3.12.1/lib/python3.12/site-packages/airflow/example_dags/example_time_delta_sensor_async.py
[2026-04-26T07:18:37.891+0000] {processor.py:840} INFO - DAG(s) 'example_time_delta_sensor_async' retrieved from /usr/local/python/3.12.1/lib/python3.12/site-packages/airflow/example_dags/example_time_delta_sensor_async.py
[2026-04-26T07:18:37.947+0000] {logging_mixin.py:188} INFO - [2026-04-26T07:18:37.946+0000] {dag.py:3096} INFO - Sync 1 DAGs
[2026-04-26T07:18:37.961+0000] {logging_mixin.py:188} INFO - [2026-04-26T07:18:37.961+0000] {dag.py:3954} INFO - Setting next_dagrun for example_time_delta_sensor_async to None, run_after=None
[2026-04-26T07:18:38.087+0000] {processor.py:183} INFO - Processing /usr/local/python/3.12.1/lib/python3.12/site-packages/airflow/example_dags/example_time_delta_sensor_async.py took 0.233 seconds
[2026-04-26T07:19:15.805+0000] {processor.py:161} INFO - Started process (PID=25829) to work on /usr/local/python/3.12.1/lib/python3.12/site-packages/airflow/example_dags/example_time_delta_sensor_async.py
[2026-04-26T07:19:15.806+0000] {processor.py:830} INFO - Processing file /usr/local/python/3.12.1/lib/python3.12/site-packages/airflow/example_dags/example_time_delta_sensor_async.py for tasks to queue
[2026-04-26T07:19:15.807+0000] {logging_mixin.py:188} INFO - [2026-04-26T07:19:15.807+0000] {dagbag.py:540} INFO - Filling up the DagBag from /usr/local/python/3.12.1/lib/python3.12/site-packages/airflow/example_dags/example_time_delta_sensor_async.py
[2026-04-26T07:19:15.812+0000] {processor.py:840} INFO - DAG(s) 'example_time_delta_sensor_async' retrieved from /usr/local/python/3.12.1/lib/python3.12/site-packages/airflow/example_dags/example_time_delta_sensor_async.py
[2026-04-26T07:19:15.835+0000] {logging_mixin.py:188} INFO - [2026-04-26T07:19:15.835+0000] {dag.py:3096} INFO - Sync 1 DAGs
[2026-04-26T07:19:15.850+0000] {logging_mixin.py:188} INFO - [2026-04-26T07:19:15.850+0000] {dag.py:3954} INFO - Setting next_dagrun for example_time_delta_sensor_async to None, run_after=None
[2026-04-26T07:19:15.878+0000] {processor.py:183} INFO - Processing /usr/local/python/3.12.1/lib/python3.12/site-packages/airflow/example_dags/example_time_delta_sensor_async.py took 0.078 seconds
[2026-04-26T07:19:34.151+0000] {processor.py:161} INFO - Started process (PID=26043) to work on /usr/local/python/3.12.1/lib/python3.12/site-packages/airflow/example_dags/example_time_delta_sensor_async.py
[2026-04-26T07:19:34.152+0000] {processor.py:830} INFO - Processing file /usr/local/python/3.12.1/lib/python3.12/site-packages/airflow/example_dags/example_time_delta_sensor_async.py for tasks to queue
[2026-04-26T07:19:34.153+0000] {logging_mixin.py:188} INFO - [2026-04-26T07:19:34.153+0000] {dagbag.py:540} INFO - Filling up the DagBag from /usr/local/python/3.12.1/lib/python3.12/site-packages/airflow/example_dags/example_time_delta_sensor_async.py
[2026-04-26T07:19:34.162+0000] {processor.py:840} INFO - DAG(s) 'example_time_delta_sensor_async' retrieved from /usr/local/python/3.12.1/lib/python3.12/site-packages/airflow/example_dags/example_time_delta_sensor_async.py
[2026-04-26T07:19:34.189+0000] {logging_mixin.py:188} INFO - [2026-04-26T07:19:34.188+0000] {dag.py:3096} INFO - Sync 1 DAGs
[2026-04-26T07:19:34.226+0000] {logging_mixin.py:188} INFO - [2026-04-26T07:19:34.222+0000] {dag.py:3954} INFO - Setting next_dagrun for example_time_delta_sensor_async to None, run_after=None
[2026-04-26T07:19:34.317+0000] {processor.py:183} INFO - Processing /usr/local/python/3.12.1/lib/python3.12/site-packages/airflow/example_dags/example_time_delta_sensor_async.py took 0.172 seconds
[2026-04-26T07:19:37.009+0000] {processor.py:161} INFO - Started process (PID=26083) to work on /usr/local/python/3.12.1/lib/python3.12/site-packages/airflow/example_dags/example_time_delta_sensor_async.py
[2026-04-26T07:19:37.013+0000] {processor.py:830} INFO - Processing file /usr/local/python/3.12.1/lib/python3.12/site-packages/airflow/example_dags/example_time_delta_sensor_async.py for tasks to queue
[2026-04-26T07:19:37.016+0000] {logging_mixin.py:188} INFO - [2026-04-26T07:19:37.016+0000] {dagbag.py:540} INFO - Filling up the DagBag from /usr/local/python/3.12.1/lib/python3.12/site-packages/airflow/example_dags/example_time_delta_sensor_async.py
[2026-04-26T07:19:37.033+0000] {processor.py:840} INFO - DAG(s) 'example_time_delta_sensor_async' retrieved from /usr/local/python/3.12.1/lib/python3.12/site-packages/airflow/example_dags/example_time_delta_sensor_async.py
[2026-04-26T07:19:37.088+0000] {logging_mixin.py:188} INFO - [2026-04-26T07:19:37.086+0000] {dag.py:3096} INFO - Sync 1 DAGs
[2026-04-26T07:19:37.117+0000] {logging_mixin.py:188} INFO - [2026-04-26T07:19:37.116+0000] {dag.py:3954} INFO - Setting next_dagrun for example_time_delta_sensor_async to None, run_after=None
[2026-04-26T07:19:37.169+0000] {processor.py:183} INFO - Processing /usr/local/python/3.12.1/lib/python3.12/site-packages/airflow/example_dags/example_time_delta_sensor_async.py took 0.174 seconds
[2026-04-26T07:20:03.418+0000] {processor.py:161} INFO - Started process (PID=26401) to work on /usr/local/python/3.12.1/lib/python3.12/site-packages/airflow/example_dags/example_time_delta_sensor_async.py
[2026-04-26T07:20:03.419+0000] {processor.py:830} INFO - Processing file /usr/local/python/3.12.1/lib/python3.12/site-packages/airflow/example_dags/example_time_delta_sensor_async.py for tasks to queue
[2026-04-26T07:20:03.419+0000] {logging_mixin.py:188} INFO - [2026-04-26T07:20:03.419+0000] {dagbag.py:540} INFO - Filling up the DagBag from /usr/local/python/3.12.1/lib/python3.12/site-packages/airflow/example_dags/example_time_delta_sensor_async.py
[2026-04-26T07:20:03.424+0000] {processor.py:840} INFO - DAG(s) 'example_time_delta_sensor_async' retrieved from /usr/local/python/3.12.1/lib/python3.12/site-packages/airflow/example_dags/example_time_delta_sensor_async.py
[2026-04-26T07:20:03.442+0000] {logging_mixin.py:188} INFO - [2026-04-26T07:20:03.441+0000] {dag.py:3096} INFO - Sync 1 DAGs
[2026-04-26T07:20:03.454+0000] {logging_mixin.py:188} INFO - [2026-04-26T07:20:03.454+0000] {dag.py:3954} INFO - Setting next_dagrun for example_time_delta_sensor_async to None, run_after=None
[2026-04-26T07:20:03.472+0000] {processor.py:183} INFO - Processing /usr/local/python/3.12.1/lib/python3.12/site-packages/airflow/example_dags/example_time_delta_sensor_async.py took 0.060 seconds
[2026-04-26T07:20:18.532+0000] {processor.py:161} INFO - Started process (PID=26601) to work on /usr/local/python/3.12.1/lib/python3.12/site-packages/airflow/example_dags/example_time_delta_sensor_async.py
[2026-04-26T07:20:18.532+0000] {processor.py:830} INFO - Processing file /usr/local/python/3.12.1/lib/python3.12/site-packages/airflow/example_dags/example_time_delta_sensor_async.py for tasks to queue
[2026-04-26T07:20:18.533+0000] {logging_mixin.py:188} INFO - [2026-04-26T07:20:18.533+0000] {dagbag.py:540} INFO - Filling up the DagBag from /usr/local/python/3.12.1/lib/python3.12/site-packages/airflow/example_dags/example_time_delta_sensor_async.py
[2026-04-26T07:20:18.536+0000] {processor.py:840} INFO - DAG(s) 'example_time_delta_sensor_async' retrieved from /usr/local/python/3.12.1/lib/python3.12/site-packages/airflow/example_dags/example_time_delta_sensor_async.py
[2026-04-26T07:20:18.548+0000] {logging_mixin.py:188} INFO - [2026-04-26T07:20:18.548+0000] {dag.py:3096} INFO - Sync 1 DAGs
[2026-04-26T07:20:18.559+0000] {logging_mixin.py:188} INFO - [2026-04-26T07:20:18.559+0000] {dag.py:3954} INFO - Setting next_dagrun for example_time_delta_sensor_async to None, run_after=None
[2026-04-26T07:20:18.618+0000] {processor.py:183} INFO - Processing /usr/local/python/3.12.1/lib/python3.12/site-packages/airflow/example_dags/example_time_delta_sensor_async.py took 0.090 seconds
[2026-04-26T07:20:31.135+0000] {processor.py:161} INFO - Started process (PID=26709) to work on /usr/local/python/3.12.1/lib/python3.12/site-packages/airflow/example_dags/example_time_delta_sensor_async.py
[2026-04-26T07:20:31.135+0000] {processor.py:830} INFO - Processing file /usr/local/python/3.12.1/lib/python3.12/site-packages/airflow/example_dags/example_time_delta_sensor_async.py for tasks to queue
[2026-04-26T07:20:31.136+0000] {logging_mixin.py:188} INFO - [2026-04-26T07:20:31.136+0000] {dagbag.py:540} INFO - Filling up the DagBag from /usr/local/python/3.12.1/lib/python3.12/site-packages/airflow/example_dags/example_time_delta_sensor_async.py
[2026-04-26T07:20:31.139+0000] {processor.py:840} INFO - DAG(s) 'example_time_delta_sensor_async' retrieved from /usr/local/python/3.12.1/lib/python3.12/site-packages/airflow/example_dags/example_time_delta_sensor_async.py
[2026-04-26T07:20:31.150+0000] {logging_mixin.py:188} INFO - [2026-04-26T07:20:31.150+0000] {dag.py:3096} INFO - Sync 1 DAGs
[2026-04-26T07:20:31.159+0000] {logging_mixin.py:188} INFO - [2026-04-26T07:20:31.159+0000] {dag.py:3954} INFO - Setting next_dagrun for example_time_delta_sensor_async to None, run_after=None
[2026-04-26T07:20:31.175+0000] {processor.py:183} INFO - Processing /usr/local/python/3.12.1/lib/python3.12/site-packages/airflow/example_dags/example_time_delta_sensor_async.py took 0.044 seconds
[2026-04-26T07:20:49.557+0000] {processor.py:161} INFO - Started process (PID=26871) to work on /usr/local/python/3.12.1/lib/python3.12/site-packages/airflow/example_dags/example_time_delta_sensor_async.py
[2026-04-26T07:20:49.558+0000] {processor.py:830} INFO - Processing file /usr/local/python/3.12.1/lib/python3.12/site-packages/airflow/example_dags/example_time_delta_sensor_async.py for tasks to queue
[2026-04-26T07:20:49.558+0000] {logging_mixin.py:188} INFO - [2026-04-26T07:20:49.558+0000] {dagbag.py:540} INFO - Filling up the DagBag from /usr/local/python/3.12.1/lib/python3.12/site-packages/airflow/example_dags/example_time_delta_sensor_async.py
[2026-04-26T07:20:49.562+0000] {processor.py:840} INFO - DAG(s) 'example_time_delta_sensor_async' retrieved from /usr/local/python/3.12.1/lib/python3.12/site-packages/airflow/example_dags/example_time_delta_sensor_async.py
[2026-04-26T07:20:49.578+0000] {logging_mixin.py:188} INFO - [2026-04-26T07:20:49.577+0000] {dag.py:3096} INFO - Sync 1 DAGs
[2026-04-26T07:20:49.588+0000] {logging_mixin.py:188} INFO - [2026-04-26T07:20:49.587+0000] {dag.py:3954} INFO - Setting next_dagrun for example_time_delta_sensor_async to None, run_after=None
[2026-04-26T07:20:49.607+0000] {processor.py:183} INFO - Processing /usr/local/python/3.12.1/lib/python3.12/site-packages/airflow/example_dags/example_time_delta_sensor_async.py took 0.056 seconds
[2026-04-26T07:20:58.095+0000] {processor.py:161} INFO - Started process (PID=26952) to work on /usr/local/python/3.12.1/lib/python3.12/site-packages/airflow/example_dags/example_time_delta_sensor_async.py
[2026-04-26T07:20:58.096+0000] {processor.py:830} INFO - Processing file /usr/local/python/3.12.1/lib/python3.12/site-packages/airflow/example_dags/example_time_delta_sensor_async.py for tasks to queue
[2026-04-26T07:20:58.097+0000] {logging_mixin.py:188} INFO - [2026-04-26T07:20:58.096+0000] {dagbag.py:540} INFO - Filling up the DagBag from /usr/local/python/3.12.1/lib/python3.12/site-packages/airflow/example_dags/example_time_delta_sensor_async.py
[2026-04-26T07:20:58.101+0000] {processor.py:840} INFO - DAG(s) 'example_time_delta_sensor_async' retrieved from /usr/local/python/3.12.1/lib/python3.12/site-packages/airflow/example_dags/example_time_delta_sensor_async.py
[2026-04-26T07:20:58.118+0000] {logging_mixin.py:188} INFO - [2026-04-26T07:20:58.118+0000] {dag.py:3096} INFO - Sync 1 DAGs
[2026-04-26T07:20:58.132+0000] {logging_mixin.py:188} INFO - [2026-04-26T07:20:58.131+0000] {dag.py:3954} INFO - Setting next_dagrun for example_time_delta_sensor_async to None, run_after=None
[2026-04-26T07:20:58.164+0000] {processor.py:183} INFO - Processing /usr/local/python/3.12.1/lib/python3.12/site-packages/airflow/example_dags/example_time_delta_sensor_async.py took 0.073 seconds
[2026-04-26T07:21:13.384+0000] {processor.py:161} INFO - Started process (PID=27074) to work on /usr/local/python/3.12.1/lib/python3.12/site-packages/airflow/example_dags/example_time_delta_sensor_async.py
[2026-04-26T07:21:13.385+0000] {processor.py:830} INFO - Processing file /usr/local/python/3.12.1/lib/python3.12/site-packages/airflow/example_dags/example_time_delta_sensor_async.py for tasks to queue
[2026-04-26T07:21:13.386+0000] {logging_mixin.py:188} INFO - [2026-04-26T07:21:13.385+0000] {dagbag.py:540} INFO - Filling up the DagBag from /usr/local/python/3.12.1/lib/python3.12/site-packages/airflow/example_dags/example_time_delta_sensor_async.py
[2026-04-26T07:21:13.390+0000] {processor.py:840} INFO - DAG(s) 'example_time_delta_sensor_async' retrieved from /usr/local/python/3.12.1/lib/python3.12/site-packages/airflow/example_dags/example_time_delta_sensor_async.py
[2026-04-26T07:21:13.402+0000] {logging_mixin.py:188} INFO - [2026-04-26T07:21:13.402+0000] {dag.py:3096} INFO - Sync 1 DAGs
[2026-04-26T07:21:13.411+0000] {logging_mixin.py:188} INFO - [2026-04-26T07:21:13.411+0000] {dag.py:3954} INFO - Setting next_dagrun for example_time_delta_sensor_async to None, run_after=None
[2026-04-26T07:21:13.427+0000] {processor.py:183} INFO - Processing /usr/local/python/3.12.1/lib/python3.12/site-packages/airflow/example_dags/example_time_delta_sensor_async.py took 0.047 seconds
[2026-04-26T07:21:30.803+0000] {processor.py:161} INFO - Started process (PID=27241) to work on /usr/local/python/3.12.1/lib/python3.12/site-packages/airflow/example_dags/example_time_delta_sensor_async.py
[2026-04-26T07:21:30.804+0000] {processor.py:830} INFO - Processing file /usr/local/python/3.12.1/lib/python3.12/site-packages/airflow/example_dags/example_time_delta_sensor_async.py for tasks to queue
[2026-04-26T07:21:30.805+0000] {logging_mixin.py:188} INFO - [2026-04-26T07:21:30.805+0000] {dagbag.py:540} INFO - Filling up the DagBag from /usr/local/python/3.12.1/lib/python3.12/site-packages/airflow/example_dags/example_time_delta_sensor_async.py
[2026-04-26T07:21:30.808+0000] {processor.py:840} INFO - DAG(s) 'example_time_delta_sensor_async' retrieved from /usr/local/python/3.12.1/lib/python3.12/site-packages/airflow/example_dags/example_time_delta_sensor_async.py
[2026-04-26T07:21:30.820+0000] {logging_mixin.py:188} INFO - [2026-04-26T07:21:30.820+0000] {dag.py:3096} INFO - Sync 1 DAGs
[2026-04-26T07:21:30.830+0000] {logging_mixin.py:188} INFO - [2026-04-26T07:21:30.829+0000] {dag.py:3954} INFO - Setting next_dagrun for example_time_delta_sensor_async to None, run_after=None
[2026-04-26T07:21:30.868+0000] {processor.py:183} INFO - Processing /usr/local/python/3.12.1/lib/python3.12/site-packages/airflow/example_dags/example_time_delta_sensor_async.py took 0.069 seconds
[2026-04-26T07:21:41.065+0000] {processor.py:161} INFO - Started process (PID=27323) to work on /usr/local/python/3.12.1/lib/python3.12/site-packages/airflow/example_dags/example_time_delta_sensor_async.py
[2026-04-26T07:21:41.066+0000] {processor.py:830} INFO - Processing file /usr/local/python/3.12.1/lib/python3.12/site-packages/airflow/example_dags/example_time_delta_sensor_async.py for tasks to queue
[2026-04-26T07:21:41.066+0000] {logging_mixin.py:188} INFO - [2026-04-26T07:21:41.066+0000] {dagbag.py:540} INFO - Filling up the DagBag from /usr/local/python/3.12.1/lib/python3.12/site-packages/airflow/example_dags/example_time_delta_sensor_async.py
[2026-04-26T07:21:41.070+0000] {processor.py:840} INFO - DAG(s) 'example_time_delta_sensor_async' retrieved from /usr/local/python/3.12.1/lib/python3.12/site-packages/airflow/example_dags/example_time_delta_sensor_async.py
[2026-04-26T07:21:41.082+0000] {logging_mixin.py:188} INFO - [2026-04-26T07:21:41.081+0000] {dag.py:3096} INFO - Sync 1 DAGs
[2026-04-26T07:21:41.094+0000] {logging_mixin.py:188} INFO - [2026-04-26T07:21:41.094+0000] {dag.py:3954} INFO - Setting next_dagrun for example_time_delta_sensor_async to None, run_after=None
[2026-04-26T07:21:41.113+0000] {processor.py:183} INFO - Processing /usr/local/python/3.12.1/lib/python3.12/site-packages/airflow/example_dags/example_time_delta_sensor_async.py took 0.052 seconds
[2026-04-26T07:21:53.842+0000] {processor.py:161} INFO - Started process (PID=27443) to work on /usr/local/python/3.12.1/lib/python3.12/site-packages/airflow/example_dags/example_time_delta_sensor_async.py
[2026-04-26T07:21:53.843+0000] {processor.py:830} INFO - Processing file /usr/local/python/3.12.1/lib/python3.12/site-packages/airflow/example_dags/example_time_delta_sensor_async.py for tasks to queue
[2026-04-26T07:21:53.844+0000] {logging_mixin.py:188} INFO - [2026-04-26T07:21:53.844+0000] {dagbag.py:540} INFO - Filling up the DagBag from /usr/local/python/3.12.1/lib/python3.12/site-packages/airflow/example_dags/example_time_delta_sensor_async.py
[2026-04-26T07:21:53.849+0000] {processor.py:840} INFO - DAG(s) 'example_time_delta_sensor_async' retrieved from /usr/local/python/3.12.1/lib/python3.12/site-packages/airflow/example_dags/example_time_delta_sensor_async.py
[2026-04-26T07:21:53.866+0000] {logging_mixin.py:188} INFO - [2026-04-26T07:21:53.865+0000] {dag.py:3096} INFO - Sync 1 DAGs
[2026-04-26T07:21:53.879+0000] {logging_mixin.py:188} INFO - [2026-04-26T07:21:53.879+0000] {dag.py:3954} INFO - Setting next_dagrun for example_time_delta_sensor_async to None, run_after=None
[2026-04-26T07:21:53.904+0000] {processor.py:183} INFO - Processing /usr/local/python/3.12.1/lib/python3.12/site-packages/airflow/example_dags/example_time_delta_sensor_async.py took 0.067 seconds
[2026-04-26T07:22:11.982+0000] {processor.py:161} INFO - Started process (PID=27604) to work on /usr/local/python/3.12.1/lib/python3.12/site-packages/airflow/example_dags/example_time_delta_sensor_async.py
[2026-04-26T07:22:11.982+0000] {processor.py:830} INFO - Processing file /usr/local/python/3.12.1/lib/python3.12/site-packages/airflow/example_dags/example_time_delta_sensor_async.py for tasks to queue
[2026-04-26T07:22:11.983+0000] {logging_mixin.py:188} INFO - [2026-04-26T07:22:11.983+0000] {dagbag.py:540} INFO - Filling up the DagBag from /usr/local/python/3.12.1/lib/python3.12/site-packages/airflow/example_dags/example_time_delta_sensor_async.py
[2026-04-26T07:22:11.986+0000] {processor.py:840} INFO - DAG(s) 'example_time_delta_sensor_async' retrieved from /usr/local/python/3.12.1/lib/python3.12/site-packages/airflow/example_dags/example_time_delta_sensor_async.py
[2026-04-26T07:22:11.998+0000] {logging_mixin.py:188} INFO - [2026-04-26T07:22:11.998+0000] {dag.py:3096} INFO - Sync 1 DAGs
[2026-04-26T07:22:12.007+0000] {logging_mixin.py:188} INFO - [2026-04-26T07:22:12.007+0000] {dag.py:3954} INFO - Setting next_dagrun for example_time_delta_sensor_async to None, run_after=None
[2026-04-26T07:22:12.023+0000] {processor.py:183} INFO - Processing /usr/local/python/3.12.1/lib/python3.12/site-packages/airflow/example_dags/example_time_delta_sensor_async.py took 0.045 seconds
[2026-04-26T07:22:21.104+0000] {processor.py:161} INFO - Started process (PID=27686) to work on /usr/local/python/3.12.1/lib/python3.12/site-packages/airflow/example_dags/example_time_delta_sensor_async.py
[2026-04-26T07:22:21.105+0000] {processor.py:830} INFO - Processing file /usr/local/python/3.12.1/lib/python3.12/site-packages/airflow/example_dags/example_time_delta_sensor_async.py for tasks to queue
[2026-04-26T07:22:21.106+0000] {logging_mixin.py:188} INFO - [2026-04-26T07:22:21.105+0000] {dagbag.py:540} INFO - Filling up the DagBag from /usr/local/python/3.12.1/lib/python3.12/site-packages/airflow/example_dags/example_time_delta_sensor_async.py
[2026-04-26T07:22:21.109+0000] {processor.py:840} INFO - DAG(s) 'example_time_delta_sensor_async' retrieved from /usr/local/python/3.12.1/lib/python3.12/site-packages/airflow/example_dags/example_time_delta_sensor_async.py
[2026-04-26T07:22:21.122+0000] {logging_mixin.py:188} INFO - [2026-04-26T07:22:21.122+0000] {dag.py:3096} INFO - Sync 1 DAGs
[2026-04-26T07:22:21.130+0000] {logging_mixin.py:188} INFO - [2026-04-26T07:22:21.130+0000] {dag.py:3954} INFO - Setting next_dagrun for example_time_delta_sensor_async to None, run_after=None
[2026-04-26T07:22:21.150+0000] {processor.py:183} INFO - Processing /usr/local/python/3.12.1/lib/python3.12/site-packages/airflow/example_dags/example_time_delta_sensor_async.py took 0.053 seconds
[2026-04-26T07:22:36.736+0000] {processor.py:161} INFO - Started process (PID=27817) to work on /usr/local/python/3.12.1/lib/python3.12/site-packages/airflow/example_dags/example_time_delta_sensor_async.py
[2026-04-26T07:22:36.736+0000] {processor.py:830} INFO - Processing file /usr/local/python/3.12.1/lib/python3.12/site-packages/airflow/example_dags/example_time_delta_sensor_async.py for tasks to queue
[2026-04-26T07:22:36.737+0000] {logging_mixin.py:188} INFO - [2026-04-26T07:22:36.737+0000] {dagbag.py:540} INFO - Filling up the DagBag from /usr/local/python/3.12.1/lib/python3.12/site-packages/airflow/example_dags/example_time_delta_sensor_async.py
[2026-04-26T07:22:36.740+0000] {processor.py:840} INFO - DAG(s) 'example_time_delta_sensor_async' retrieved from /usr/local/python/3.12.1/lib/python3.12/site-packages/airflow/example_dags/example_time_delta_sensor_async.py
[2026-04-26T07:22:36.752+0000] {logging_mixin.py:188} INFO - [2026-04-26T07:22:36.752+0000] {dag.py:3096} INFO - Sync 1 DAGs
[2026-04-26T07:22:36.761+0000] {logging_mixin.py:188} INFO - [2026-04-26T07:22:36.761+0000] {dag.py:3954} INFO - Setting next_dagrun for example_time_delta_sensor_async to None, run_after=None
[2026-04-26T07:22:36.783+0000] {processor.py:183} INFO - Processing /usr/local/python/3.12.1/lib/python3.12/site-packages/airflow/example_dags/example_time_delta_sensor_async.py took 0.051 seconds
[2026-04-26T07:22:54.148+0000] {processor.py:161} INFO - Started process (PID=27973) to work on /usr/local/python/3.12.1/lib/python3.12/site-packages/airflow/example_dags/example_time_delta_sensor_async.py
[2026-04-26T07:22:54.149+0000] {processor.py:830} INFO - Processing file /usr/local/python/3.12.1/lib/python3.12/site-packages/airflow/example_dags/example_time_delta_sensor_async.py for tasks to queue
[2026-04-26T07:22:54.149+0000] {logging_mixin.py:188} INFO - [2026-04-26T07:22:54.149+0000] {dagbag.py:540} INFO - Filling up the DagBag from /usr/local/python/3.12.1/lib/python3.12/site-packages/airflow/example_dags/example_time_delta_sensor_async.py
[2026-04-26T07:22:54.153+0000] {processor.py:840} INFO - DAG(s) 'example_time_delta_sensor_async' retrieved from /usr/local/python/3.12.1/lib/python3.12/site-packages/airflow/example_dags/example_time_delta_sensor_async.py
[2026-04-26T07:22:54.165+0000] {logging_mixin.py:188} INFO - [2026-04-26T07:22:54.164+0000] {dag.py:3096} INFO - Sync 1 DAGs
[2026-04-26T07:22:54.174+0000] {logging_mixin.py:188} INFO - [2026-04-26T07:22:54.173+0000] {dag.py:3954} INFO - Setting next_dagrun for example_time_delta_sensor_async to None, run_after=None
[2026-04-26T07:22:54.190+0000] {processor.py:183} INFO - Processing /usr/local/python/3.12.1/lib/python3.12/site-packages/airflow/example_dags/example_time_delta_sensor_async.py took 0.046 seconds
[2026-04-26T07:23:02.265+0000] {processor.py:161} INFO - Started process (PID=28046) to work on /usr/local/python/3.12.1/lib/python3.12/site-packages/airflow/example_dags/example_time_delta_sensor_async.py
[2026-04-26T07:23:02.266+0000] {processor.py:830} INFO - Processing file /usr/local/python/3.12.1/lib/python3.12/site-packages/airflow/example_dags/example_time_delta_sensor_async.py for tasks to queue
[2026-04-26T07:23:02.267+0000] {logging_mixin.py:188} INFO - [2026-04-26T07:23:02.267+0000] {dagbag.py:540} INFO - Filling up the DagBag from /usr/local/python/3.12.1/lib/python3.12/site-packages/airflow/example_dags/example_time_delta_sensor_async.py
[2026-04-26T07:23:02.272+0000] {processor.py:840} INFO - DAG(s) 'example_time_delta_sensor_async' retrieved from /usr/local/python/3.12.1/lib/python3.12/site-packages/airflow/example_dags/example_time_delta_sensor_async.py
[2026-04-26T07:23:02.287+0000] {logging_mixin.py:188} INFO - [2026-04-26T07:23:02.287+0000] {dag.py:3096} INFO - Sync 1 DAGs
[2026-04-26T07:23:02.296+0000] {logging_mixin.py:188} INFO - [2026-04-26T07:23:02.295+0000] {dag.py:3954} INFO - Setting next_dagrun for example_time_delta_sensor_async to None, run_after=None
[2026-04-26T07:23:02.312+0000] {processor.py:183} INFO - Processing /usr/local/python/3.12.1/lib/python3.12/site-packages/airflow/example_dags/example_time_delta_sensor_async.py took 0.053 seconds
[2026-04-26T07:23:19.582+0000] {processor.py:161} INFO - Started process (PID=28206) to work on /usr/local/python/3.12.1/lib/python3.12/site-packages/airflow/example_dags/example_time_delta_sensor_async.py
[2026-04-26T07:23:19.583+0000] {processor.py:830} INFO - Processing file /usr/local/python/3.12.1/lib/python3.12/site-packages/airflow/example_dags/example_time_delta_sensor_async.py for tasks to queue
[2026-04-26T07:23:19.584+0000] {logging_mixin.py:188} INFO - [2026-04-26T07:23:19.584+0000] {dagbag.py:540} INFO - Filling up the DagBag from /usr/local/python/3.12.1/lib/python3.12/site-packages/airflow/example_dags/example_time_delta_sensor_async.py
[2026-04-26T07:23:19.589+0000] {processor.py:840} INFO - DAG(s) 'example_time_delta_sensor_async' retrieved from /usr/local/python/3.12.1/lib/python3.12/site-packages/airflow/example_dags/example_time_delta_sensor_async.py
[2026-04-26T07:23:19.612+0000] {logging_mixin.py:188} INFO - [2026-04-26T07:23:19.611+0000] {dag.py:3096} INFO - Sync 1 DAGs
[2026-04-26T07:23:19.625+0000] {logging_mixin.py:188} INFO - [2026-04-26T07:23:19.625+0000] {dag.py:3954} INFO - Setting next_dagrun for example_time_delta_sensor_async to None, run_after=None
[2026-04-26T07:23:19.651+0000] {processor.py:183} INFO - Processing /usr/local/python/3.12.1/lib/python3.12/site-packages/airflow/example_dags/example_time_delta_sensor_async.py took 0.075 seconds
[2026-04-26T07:23:36.654+0000] {processor.py:161} INFO - Started process (PID=28339) to work on /usr/local/python/3.12.1/lib/python3.12/site-packages/airflow/example_dags/example_time_delta_sensor_async.py
[2026-04-26T07:23:36.654+0000] {processor.py:830} INFO - Processing file /usr/local/python/3.12.1/lib/python3.12/site-packages/airflow/example_dags/example_time_delta_sensor_async.py for tasks to queue
[2026-04-26T07:23:36.655+0000] {logging_mixin.py:188} INFO - [2026-04-26T07:23:36.655+0000] {dagbag.py:540} INFO - Filling up the DagBag from /usr/local/python/3.12.1/lib/python3.12/site-packages/airflow/example_dags/example_time_delta_sensor_async.py
[2026-04-26T07:23:36.658+0000] {processor.py:840} INFO - DAG(s) 'example_time_delta_sensor_async' retrieved from /usr/local/python/3.12.1/lib/python3.12/site-packages/airflow/example_dags/example_time_delta_sensor_async.py
[2026-04-26T07:23:36.670+0000] {logging_mixin.py:188} INFO - [2026-04-26T07:23:36.670+0000] {dag.py:3096} INFO - Sync 1 DAGs
[2026-04-26T07:23:36.689+0000] {logging_mixin.py:188} INFO - [2026-04-26T07:23:36.689+0000] {dag.py:3954} INFO - Setting next_dagrun for example_time_delta_sensor_async to None, run_after=None
[2026-04-26T07:23:36.758+0000] {processor.py:183} INFO - Processing /usr/local/python/3.12.1/lib/python3.12/site-packages/airflow/example_dags/example_time_delta_sensor_async.py took 0.109 seconds
[2026-04-26T07:23:43.280+0000] {processor.py:161} INFO - Started process (PID=28415) to work on /usr/local/python/3.12.1/lib/python3.12/site-packages/airflow/example_dags/example_time_delta_sensor_async.py
[2026-04-26T07:23:43.280+0000] {processor.py:830} INFO - Processing file /usr/local/python/3.12.1/lib/python3.12/site-packages/airflow/example_dags/example_time_delta_sensor_async.py for tasks to queue
[2026-04-26T07:23:43.281+0000] {logging_mixin.py:188} INFO - [2026-04-26T07:23:43.281+0000] {dagbag.py:540} INFO - Filling up the DagBag from /usr/local/python/3.12.1/lib/python3.12/site-packages/airflow/example_dags/example_time_delta_sensor_async.py
[2026-04-26T07:23:43.284+0000] {processor.py:840} INFO - DAG(s) 'example_time_delta_sensor_async' retrieved from /usr/local/python/3.12.1/lib/python3.12/site-packages/airflow/example_dags/example_time_delta_sensor_async.py
[2026-04-26T07:23:43.296+0000] {logging_mixin.py:188} INFO - [2026-04-26T07:23:43.295+0000] {dag.py:3096} INFO - Sync 1 DAGs
[2026-04-26T07:23:43.304+0000] {logging_mixin.py:188} INFO - [2026-04-26T07:23:43.304+0000] {dag.py:3954} INFO - Setting next_dagrun for example_time_delta_sensor_async to None, run_after=None
[2026-04-26T07:23:43.320+0000] {processor.py:183} INFO - Processing /usr/local/python/3.12.1/lib/python3.12/site-packages/airflow/example_dags/example_time_delta_sensor_async.py took 0.044 seconds
[2026-04-26T07:23:59.231+0000] {processor.py:161} INFO - Started process (PID=28612) to work on /usr/local/python/3.12.1/lib/python3.12/site-packages/airflow/example_dags/example_time_delta_sensor_async.py
[2026-04-26T07:23:59.232+0000] {processor.py:830} INFO - Processing file /usr/local/python/3.12.1/lib/python3.12/site-packages/airflow/example_dags/example_time_delta_sensor_async.py for tasks to queue
[2026-04-26T07:23:59.233+0000] {logging_mixin.py:188} INFO - [2026-04-26T07:23:59.232+0000] {dagbag.py:540} INFO - Filling up the DagBag from /usr/local/python/3.12.1/lib/python3.12/site-packages/airflow/example_dags/example_time_delta_sensor_async.py
[2026-04-26T07:23:59.238+0000] {processor.py:840} INFO - DAG(s) 'example_time_delta_sensor_async' retrieved from /usr/local/python/3.12.1/lib/python3.12/site-packages/airflow/example_dags/example_time_delta_sensor_async.py
[2026-04-26T07:23:59.253+0000] {logging_mixin.py:188} INFO - [2026-04-26T07:23:59.253+0000] {dag.py:3096} INFO - Sync 1 DAGs
[2026-04-26T07:23:59.263+0000] {logging_mixin.py:188} INFO - [2026-04-26T07:23:59.263+0000] {dag.py:3954} INFO - Setting next_dagrun for example_time_delta_sensor_async to None, run_after=None
[2026-04-26T07:23:59.281+0000] {processor.py:183} INFO - Processing /usr/local/python/3.12.1/lib/python3.12/site-packages/airflow/example_dags/example_time_delta_sensor_async.py took 0.056 seconds
[2026-04-26T07:24:13.605+0000] {processor.py:161} INFO - Started process (PID=28748) to work on /usr/local/python/3.12.1/lib/python3.12/site-packages/airflow/example_dags/example_time_delta_sensor_async.py
[2026-04-26T07:24:13.606+0000] {processor.py:830} INFO - Processing file /usr/local/python/3.12.1/lib/python3.12/site-packages/airflow/example_dags/example_time_delta_sensor_async.py for tasks to queue
[2026-04-26T07:24:13.606+0000] {logging_mixin.py:188} INFO - [2026-04-26T07:24:13.606+0000] {dagbag.py:540} INFO - Filling up the DagBag from /usr/local/python/3.12.1/lib/python3.12/site-packages/airflow/example_dags/example_time_delta_sensor_async.py
[2026-04-26T07:24:13.610+0000] {processor.py:840} INFO - DAG(s) 'example_time_delta_sensor_async' retrieved from /usr/local/python/3.12.1/lib/python3.12/site-packages/airflow/example_dags/example_time_delta_sensor_async.py
[2026-04-26T07:24:13.622+0000] {logging_mixin.py:188} INFO - [2026-04-26T07:24:13.622+0000] {dag.py:3096} INFO - Sync 1 DAGs
[2026-04-26T07:24:13.631+0000] {logging_mixin.py:188} INFO - [2026-04-26T07:24:13.631+0000] {dag.py:3954} INFO - Setting next_dagrun for example_time_delta_sensor_async to None, run_after=None
[2026-04-26T07:24:13.647+0000] {processor.py:183} INFO - Processing /usr/local/python/3.12.1/lib/python3.12/site-packages/airflow/example_dags/example_time_delta_sensor_async.py took 0.047 seconds
[2026-04-26T07:24:22.921+0000] {processor.py:161} INFO - Started process (PID=28832) to work on /usr/local/python/3.12.1/lib/python3.12/site-packages/airflow/example_dags/example_time_delta_sensor_async.py
[2026-04-26T07:24:22.921+0000] {processor.py:830} INFO - Processing file /usr/local/python/3.12.1/lib/python3.12/site-packages/airflow/example_dags/example_time_delta_sensor_async.py for tasks to queue
[2026-04-26T07:24:22.922+0000] {logging_mixin.py:188} INFO - [2026-04-26T07:24:22.922+0000] {dagbag.py:540} INFO - Filling up the DagBag from /usr/local/python/3.12.1/lib/python3.12/site-packages/airflow/example_dags/example_time_delta_sensor_async.py
[2026-04-26T07:24:22.925+0000] {processor.py:840} INFO - DAG(s) 'example_time_delta_sensor_async' retrieved from /usr/local/python/3.12.1/lib/python3.12/site-packages/airflow/example_dags/example_time_delta_sensor_async.py
[2026-04-26T07:24:22.937+0000] {logging_mixin.py:188} INFO - [2026-04-26T07:24:22.937+0000] {dag.py:3096} INFO - Sync 1 DAGs
[2026-04-26T07:24:22.947+0000] {logging_mixin.py:188} INFO - [2026-04-26T07:24:22.947+0000] {dag.py:3954} INFO - Setting next_dagrun for example_time_delta_sensor_async to None, run_after=None
[2026-04-26T07:24:22.965+0000] {processor.py:183} INFO - Processing /usr/local/python/3.12.1/lib/python3.12/site-packages/airflow/example_dags/example_time_delta_sensor_async.py took 0.049 seconds
[2026-04-26T07:24:39.161+0000] {processor.py:161} INFO - Started process (PID=29032) to work on /usr/local/python/3.12.1/lib/python3.12/site-packages/airflow/example_dags/example_time_delta_sensor_async.py
[2026-04-26T07:24:39.162+0000] {processor.py:830} INFO - Processing file /usr/local/python/3.12.1/lib/python3.12/site-packages/airflow/example_dags/example_time_delta_sensor_async.py for tasks to queue
[2026-04-26T07:24:39.162+0000] {logging_mixin.py:188} INFO - [2026-04-26T07:24:39.162+0000] {dagbag.py:540} INFO - Filling up the DagBag from /usr/local/python/3.12.1/lib/python3.12/site-packages/airflow/example_dags/example_time_delta_sensor_async.py
[2026-04-26T07:24:39.166+0000] {processor.py:840} INFO - DAG(s) 'example_time_delta_sensor_async' retrieved from /usr/local/python/3.12.1/lib/python3.12/site-packages/airflow/example_dags/example_time_delta_sensor_async.py
[2026-04-26T07:24:39.177+0000] {logging_mixin.py:188} INFO - [2026-04-26T07:24:39.177+0000] {dag.py:3096} INFO - Sync 1 DAGs
[2026-04-26T07:24:39.186+0000] {logging_mixin.py:188} INFO - [2026-04-26T07:24:39.186+0000] {dag.py:3954} INFO - Setting next_dagrun for example_time_delta_sensor_async to None, run_after=None
[2026-04-26T07:24:39.203+0000] {processor.py:183} INFO - Processing /usr/local/python/3.12.1/lib/python3.12/site-packages/airflow/example_dags/example_time_delta_sensor_async.py took 0.046 seconds
[2026-04-26T07:24:54.880+0000] {processor.py:161} INFO - Started process (PID=29178) to work on /usr/local/python/3.12.1/lib/python3.12/site-packages/airflow/example_dags/example_time_delta_sensor_async.py
[2026-04-26T07:24:54.881+0000] {processor.py:830} INFO - Processing file /usr/local/python/3.12.1/lib/python3.12/site-packages/airflow/example_dags/example_time_delta_sensor_async.py for tasks to queue
[2026-04-26T07:24:54.882+0000] {logging_mixin.py:188} INFO - [2026-04-26T07:24:54.881+0000] {dagbag.py:540} INFO - Filling up the DagBag from /usr/local/python/3.12.1/lib/python3.12/site-packages/airflow/example_dags/example_time_delta_sensor_async.py
[2026-04-26T07:24:54.885+0000] {processor.py:840} INFO - DAG(s) 'example_time_delta_sensor_async' retrieved from /usr/local/python/3.12.1/lib/python3.12/site-packages/airflow/example_dags/example_time_delta_sensor_async.py
[2026-04-26T07:24:54.897+0000] {logging_mixin.py:188} INFO - [2026-04-26T07:24:54.897+0000] {dag.py:3096} INFO - Sync 1 DAGs
[2026-04-26T07:24:54.907+0000] {logging_mixin.py:188} INFO - [2026-04-26T07:24:54.906+0000] {dag.py:3954} INFO - Setting next_dagrun for example_time_delta_sensor_async to None, run_after=None
[2026-04-26T07:24:54.923+0000] {processor.py:183} INFO - Processing /usr/local/python/3.12.1/lib/python3.12/site-packages/airflow/example_dags/example_time_delta_sensor_async.py took 0.047 seconds
[2026-04-26T07:25:03.956+0000] {processor.py:161} INFO - Started process (PID=29257) to work on /usr/local/python/3.12.1/lib/python3.12/site-packages/airflow/example_dags/example_time_delta_sensor_async.py
[2026-04-26T07:25:03.956+0000] {processor.py:830} INFO - Processing file /usr/local/python/3.12.1/lib/python3.12/site-packages/airflow/example_dags/example_time_delta_sensor_async.py for tasks to queue
[2026-04-26T07:25:03.957+0000] {logging_mixin.py:188} INFO - [2026-04-26T07:25:03.957+0000] {dagbag.py:540} INFO - Filling up the DagBag from /usr/local/python/3.12.1/lib/python3.12/site-packages/airflow/example_dags/example_time_delta_sensor_async.py
[2026-04-26T07:25:03.960+0000] {processor.py:840} INFO - DAG(s) 'example_time_delta_sensor_async' retrieved from /usr/local/python/3.12.1/lib/python3.12/site-packages/airflow/example_dags/example_time_delta_sensor_async.py
[2026-04-26T07:25:03.972+0000] {logging_mixin.py:188} INFO - [2026-04-26T07:25:03.972+0000] {dag.py:3096} INFO - Sync 1 DAGs
[2026-04-26T07:25:03.981+0000] {logging_mixin.py:188} INFO - [2026-04-26T07:25:03.981+0000] {dag.py:3954} INFO - Setting next_dagrun for example_time_delta_sensor_async to None, run_after=None
[2026-04-26T07:25:03.998+0000] {processor.py:183} INFO - Processing /usr/local/python/3.12.1/lib/python3.12/site-packages/airflow/example_dags/example_time_delta_sensor_async.py took 0.046 seconds
[2026-04-26T07:25:20.222+0000] {processor.py:161} INFO - Started process (PID=29459) to work on /usr/local/python/3.12.1/lib/python3.12/site-packages/airflow/example_dags/example_time_delta_sensor_async.py
[2026-04-26T07:25:20.223+0000] {processor.py:830} INFO - Processing file /usr/local/python/3.12.1/lib/python3.12/site-packages/airflow/example_dags/example_time_delta_sensor_async.py for tasks to queue
[2026-04-26T07:25:20.224+0000] {logging_mixin.py:188} INFO - [2026-04-26T07:25:20.223+0000] {dagbag.py:540} INFO - Filling up the DagBag from /usr/local/python/3.12.1/lib/python3.12/site-packages/airflow/example_dags/example_time_delta_sensor_async.py
[2026-04-26T07:25:20.227+0000] {processor.py:840} INFO - DAG(s) 'example_time_delta_sensor_async' retrieved from /usr/local/python/3.12.1/lib/python3.12/site-packages/airflow/example_dags/example_time_delta_sensor_async.py
[2026-04-26T07:25:20.238+0000] {logging_mixin.py:188} INFO - [2026-04-26T07:25:20.238+0000] {dag.py:3096} INFO - Sync 1 DAGs
[2026-04-26T07:25:20.247+0000] {logging_mixin.py:188} INFO - [2026-04-26T07:25:20.247+0000] {dag.py:3954} INFO - Setting next_dagrun for example_time_delta_sensor_async to None, run_after=None
[2026-04-26T07:25:20.263+0000] {processor.py:183} INFO - Processing /usr/local/python/3.12.1/lib/python3.12/site-packages/airflow/example_dags/example_time_delta_sensor_async.py took 0.045 seconds
[2026-04-26T07:25:34.803+0000] {processor.py:161} INFO - Started process (PID=29601) to work on /usr/local/python/3.12.1/lib/python3.12/site-packages/airflow/example_dags/example_time_delta_sensor_async.py
[2026-04-26T07:25:34.804+0000] {processor.py:830} INFO - Processing file /usr/local/python/3.12.1/lib/python3.12/site-packages/airflow/example_dags/example_time_delta_sensor_async.py for tasks to queue
[2026-04-26T07:25:34.805+0000] {logging_mixin.py:188} INFO - [2026-04-26T07:25:34.804+0000] {dagbag.py:540} INFO - Filling up the DagBag from /usr/local/python/3.12.1/lib/python3.12/site-packages/airflow/example_dags/example_time_delta_sensor_async.py
[2026-04-26T07:25:34.808+0000] {processor.py:840} INFO - DAG(s) 'example_time_delta_sensor_async' retrieved from /usr/local/python/3.12.1/lib/python3.12/site-packages/airflow/example_dags/example_time_delta_sensor_async.py
[2026-04-26T07:25:34.819+0000] {logging_mixin.py:188} INFO - [2026-04-26T07:25:34.819+0000] {dag.py:3096} INFO - Sync 1 DAGs
[2026-04-26T07:25:34.828+0000] {logging_mixin.py:188} INFO - [2026-04-26T07:25:34.828+0000] {dag.py:3954} INFO - Setting next_dagrun for example_time_delta_sensor_async to None, run_after=None
[2026-04-26T07:25:34.845+0000] {processor.py:183} INFO - Processing /usr/local/python/3.12.1/lib/python3.12/site-packages/airflow/example_dags/example_time_delta_sensor_async.py took 0.046 seconds
[2026-04-26T07:25:43.411+0000] {processor.py:161} INFO - Started process (PID=29678) to work on /usr/local/python/3.12.1/lib/python3.12/site-packages/airflow/example_dags/example_time_delta_sensor_async.py
[2026-04-26T07:25:43.411+0000] {processor.py:830} INFO - Processing file /usr/local/python/3.12.1/lib/python3.12/site-packages/airflow/example_dags/example_time_delta_sensor_async.py for tasks to queue
[2026-04-26T07:25:43.412+0000] {logging_mixin.py:188} INFO - [2026-04-26T07:25:43.412+0000] {dagbag.py:540} INFO - Filling up the DagBag from /usr/local/python/3.12.1/lib/python3.12/site-packages/airflow/example_dags/example_time_delta_sensor_async.py
[2026-04-26T07:25:43.415+0000] {processor.py:840} INFO - DAG(s) 'example_time_delta_sensor_async' retrieved from /usr/local/python/3.12.1/lib/python3.12/site-packages/airflow/example_dags/example_time_delta_sensor_async.py
[2026-04-26T07:25:43.427+0000] {logging_mixin.py:188} INFO - [2026-04-26T07:25:43.427+0000] {dag.py:3096} INFO - Sync 1 DAGs
[2026-04-26T07:25:43.436+0000] {logging_mixin.py:188} INFO - [2026-04-26T07:25:43.436+0000] {dag.py:3954} INFO - Setting next_dagrun for example_time_delta_sensor_async to None, run_after=None
[2026-04-26T07:25:43.451+0000] {processor.py:183} INFO - Processing /usr/local/python/3.12.1/lib/python3.12/site-packages/airflow/example_dags/example_time_delta_sensor_async.py took 0.044 seconds
[2026-04-26T07:26:01.338+0000] {processor.py:161} INFO - Started process (PID=29828) to work on /usr/local/python/3.12.1/lib/python3.12/site-packages/airflow/example_dags/example_time_delta_sensor_async.py
[2026-04-26T07:26:01.339+0000] {processor.py:830} INFO - Processing file /usr/local/python/3.12.1/lib/python3.12/site-packages/airflow/example_dags/example_time_delta_sensor_async.py for tasks to queue
[2026-04-26T07:26:01.339+0000] {logging_mixin.py:188} INFO - [2026-04-26T07:26:01.339+0000] {dagbag.py:540} INFO - Filling up the DagBag from /usr/local/python/3.12.1/lib/python3.12/site-packages/airflow/example_dags/example_time_delta_sensor_async.py
[2026-04-26T07:26:01.343+0000] {processor.py:840} INFO - DAG(s) 'example_time_delta_sensor_async' retrieved from /usr/local/python/3.12.1/lib/python3.12/site-packages/airflow/example_dags/example_time_delta_sensor_async.py
[2026-04-26T07:26:01.354+0000] {logging_mixin.py:188} INFO - [2026-04-26T07:26:01.354+0000] {dag.py:3096} INFO - Sync 1 DAGs
[2026-04-26T07:26:01.363+0000] {logging_mixin.py:188} INFO - [2026-04-26T07:26:01.363+0000] {dag.py:3954} INFO - Setting next_dagrun for example_time_delta_sensor_async to None, run_after=None
[2026-04-26T07:26:01.383+0000] {processor.py:183} INFO - Processing /usr/local/python/3.12.1/lib/python3.12/site-packages/airflow/example_dags/example_time_delta_sensor_async.py took 0.050 seconds
[2026-04-26T07:26:17.760+0000] {processor.py:161} INFO - Started process (PID=29981) to work on /usr/local/python/3.12.1/lib/python3.12/site-packages/airflow/example_dags/example_time_delta_sensor_async.py
[2026-04-26T07:26:17.760+0000] {processor.py:830} INFO - Processing file /usr/local/python/3.12.1/lib/python3.12/site-packages/airflow/example_dags/example_time_delta_sensor_async.py for tasks to queue
[2026-04-26T07:26:17.761+0000] {logging_mixin.py:188} INFO - [2026-04-26T07:26:17.761+0000] {dagbag.py:540} INFO - Filling up the DagBag from /usr/local/python/3.12.1/lib/python3.12/site-packages/airflow/example_dags/example_time_delta_sensor_async.py
[2026-04-26T07:26:17.764+0000] {processor.py:840} INFO - DAG(s) 'example_time_delta_sensor_async' retrieved from /usr/local/python/3.12.1/lib/python3.12/site-packages/airflow/example_dags/example_time_delta_sensor_async.py
[2026-04-26T07:26:17.776+0000] {logging_mixin.py:188} INFO - [2026-04-26T07:26:17.776+0000] {dag.py:3096} INFO - Sync 1 DAGs
[2026-04-26T07:26:17.785+0000] {logging_mixin.py:188} INFO - [2026-04-26T07:26:17.785+0000] {dag.py:3954} INFO - Setting next_dagrun for example_time_delta_sensor_async to None, run_after=None
[2026-04-26T07:26:17.801+0000] {processor.py:183} INFO - Processing /usr/local/python/3.12.1/lib/python3.12/site-packages/airflow/example_dags/example_time_delta_sensor_async.py took 0.046 seconds
[2026-04-26T07:26:24.257+0000] {processor.py:161} INFO - Started process (PID=30042) to work on /usr/local/python/3.12.1/lib/python3.12/site-packages/airflow/example_dags/example_time_delta_sensor_async.py
[2026-04-26T07:26:24.258+0000] {processor.py:830} INFO - Processing file /usr/local/python/3.12.1/lib/python3.12/site-packages/airflow/example_dags/example_time_delta_sensor_async.py for tasks to queue
[2026-04-26T07:26:24.258+0000] {logging_mixin.py:188} INFO - [2026-04-26T07:26:24.258+0000] {dagbag.py:540} INFO - Filling up the DagBag from /usr/local/python/3.12.1/lib/python3.12/site-packages/airflow/example_dags/example_time_delta_sensor_async.py
[2026-04-26T07:26:24.262+0000] {processor.py:840} INFO - DAG(s) 'example_time_delta_sensor_async' retrieved from /usr/local/python/3.12.1/lib/python3.12/site-packages/airflow/example_dags/example_time_delta_sensor_async.py
[2026-04-26T07:26:24.273+0000] {logging_mixin.py:188} INFO - [2026-04-26T07:26:24.273+0000] {dag.py:3096} INFO - Sync 1 DAGs
[2026-04-26T07:26:24.281+0000] {logging_mixin.py:188} INFO - [2026-04-26T07:26:24.281+0000] {dag.py:3954} INFO - Setting next_dagrun for example_time_delta_sensor_async to None, run_after=None
[2026-04-26T07:26:24.297+0000] {processor.py:183} INFO - Processing /usr/local/python/3.12.1/lib/python3.12/site-packages/airflow/example_dags/example_time_delta_sensor_async.py took 0.044 seconds
[2026-04-26T07:26:44.210+0000] {processor.py:161} INFO - Started process (PID=30223) to work on /usr/local/python/3.12.1/lib/python3.12/site-packages/airflow/example_dags/example_time_delta_sensor_async.py
[2026-04-26T07:26:44.210+0000] {processor.py:830} INFO - Processing file /usr/local/python/3.12.1/lib/python3.12/site-packages/airflow/example_dags/example_time_delta_sensor_async.py for tasks to queue
[2026-04-26T07:26:44.211+0000] {logging_mixin.py:188} INFO - [2026-04-26T07:26:44.211+0000] {dagbag.py:540} INFO - Filling up the DagBag from /usr/local/python/3.12.1/lib/python3.12/site-packages/airflow/example_dags/example_time_delta_sensor_async.py
[2026-04-26T07:26:44.216+0000] {processor.py:840} INFO - DAG(s) 'example_time_delta_sensor_async' retrieved from /usr/local/python/3.12.1/lib/python3.12/site-packages/airflow/example_dags/example_time_delta_sensor_async.py
[2026-04-26T07:26:44.231+0000] {logging_mixin.py:188} INFO - [2026-04-26T07:26:44.231+0000] {dag.py:3096} INFO - Sync 1 DAGs
[2026-04-26T07:26:44.240+0000] {logging_mixin.py:188} INFO - [2026-04-26T07:26:44.240+0000] {dag.py:3954} INFO - Setting next_dagrun for example_time_delta_sensor_async to None, run_after=None
[2026-04-26T07:26:44.256+0000] {processor.py:183} INFO - Processing /usr/local/python/3.12.1/lib/python3.12/site-packages/airflow/example_dags/example_time_delta_sensor_async.py took 0.053 seconds
[2026-04-26T07:26:59.139+0000] {processor.py:161} INFO - Started process (PID=30344) to work on /usr/local/python/3.12.1/lib/python3.12/site-packages/airflow/example_dags/example_time_delta_sensor_async.py
[2026-04-26T07:26:59.140+0000] {processor.py:830} INFO - Processing file /usr/local/python/3.12.1/lib/python3.12/site-packages/airflow/example_dags/example_time_delta_sensor_async.py for tasks to queue
[2026-04-26T07:26:59.141+0000] {logging_mixin.py:188} INFO - [2026-04-26T07:26:59.140+0000] {dagbag.py:540} INFO - Filling up the DagBag from /usr/local/python/3.12.1/lib/python3.12/site-packages/airflow/example_dags/example_time_delta_sensor_async.py
[2026-04-26T07:26:59.150+0000] {processor.py:840} INFO - DAG(s) 'example_time_delta_sensor_async' retrieved from /usr/local/python/3.12.1/lib/python3.12/site-packages/airflow/example_dags/example_time_delta_sensor_async.py
[2026-04-26T07:26:59.183+0000] {logging_mixin.py:188} INFO - [2026-04-26T07:26:59.183+0000] {dag.py:3096} INFO - Sync 1 DAGs
[2026-04-26T07:26:59.197+0000] {logging_mixin.py:188} INFO - [2026-04-26T07:26:59.197+0000] {dag.py:3954} INFO - Setting next_dagrun for example_time_delta_sensor_async to None, run_after=None
[2026-04-26T07:26:59.223+0000] {processor.py:183} INFO - Processing /usr/local/python/3.12.1/lib/python3.12/site-packages/airflow/example_dags/example_time_delta_sensor_async.py took 0.090 seconds
[2026-04-26T07:27:05.350+0000] {processor.py:161} INFO - Started process (PID=30404) to work on /usr/local/python/3.12.1/lib/python3.12/site-packages/airflow/example_dags/example_time_delta_sensor_async.py
[2026-04-26T07:27:05.351+0000] {processor.py:830} INFO - Processing file /usr/local/python/3.12.1/lib/python3.12/site-packages/airflow/example_dags/example_time_delta_sensor_async.py for tasks to queue
[2026-04-26T07:27:05.352+0000] {logging_mixin.py:188} INFO - [2026-04-26T07:27:05.351+0000] {dagbag.py:540} INFO - Filling up the DagBag from /usr/local/python/3.12.1/lib/python3.12/site-packages/airflow/example_dags/example_time_delta_sensor_async.py
[2026-04-26T07:27:05.355+0000] {processor.py:840} INFO - DAG(s) 'example_time_delta_sensor_async' retrieved from /usr/local/python/3.12.1/lib/python3.12/site-packages/airflow/example_dags/example_time_delta_sensor_async.py
[2026-04-26T07:27:05.366+0000] {logging_mixin.py:188} INFO - [2026-04-26T07:27:05.366+0000] {dag.py:3096} INFO - Sync 1 DAGs
[2026-04-26T07:27:05.375+0000] {logging_mixin.py:188} INFO - [2026-04-26T07:27:05.375+0000] {dag.py:3954} INFO - Setting next_dagrun for example_time_delta_sensor_async to None, run_after=None
[2026-04-26T07:27:05.391+0000] {processor.py:183} INFO - Processing /usr/local/python/3.12.1/lib/python3.12/site-packages/airflow/example_dags/example_time_delta_sensor_async.py took 0.045 seconds
[2026-04-26T07:27:27.226+0000] {processor.py:161} INFO - Started process (PID=30601) to work on /usr/local/python/3.12.1/lib/python3.12/site-packages/airflow/example_dags/example_time_delta_sensor_async.py
[2026-04-26T07:27:27.227+0000] {processor.py:830} INFO - Processing file /usr/local/python/3.12.1/lib/python3.12/site-packages/airflow/example_dags/example_time_delta_sensor_async.py for tasks to queue
[2026-04-26T07:27:27.227+0000] {logging_mixin.py:188} INFO - [2026-04-26T07:27:27.227+0000] {dagbag.py:540} INFO - Filling up the DagBag from /usr/local/python/3.12.1/lib/python3.12/site-packages/airflow/example_dags/example_time_delta_sensor_async.py
[2026-04-26T07:27:27.230+0000] {processor.py:840} INFO - DAG(s) 'example_time_delta_sensor_async' retrieved from /usr/local/python/3.12.1/lib/python3.12/site-packages/airflow/example_dags/example_time_delta_sensor_async.py
[2026-04-26T07:27:27.242+0000] {logging_mixin.py:188} INFO - [2026-04-26T07:27:27.242+0000] {dag.py:3096} INFO - Sync 1 DAGs
[2026-04-26T07:27:27.251+0000] {logging_mixin.py:188} INFO - [2026-04-26T07:27:27.250+0000] {dag.py:3954} INFO - Setting next_dagrun for example_time_delta_sensor_async to None, run_after=None
[2026-04-26T07:27:27.272+0000] {processor.py:183} INFO - Processing /usr/local/python/3.12.1/lib/python3.12/site-packages/airflow/example_dags/example_time_delta_sensor_async.py took 0.050 seconds
[2026-04-26T07:27:36.672+0000] {processor.py:161} INFO - Started process (PID=30688) to work on /usr/local/python/3.12.1/lib/python3.12/site-packages/airflow/example_dags/example_time_delta_sensor_async.py
[2026-04-26T07:27:36.673+0000] {processor.py:830} INFO - Processing file /usr/local/python/3.12.1/lib/python3.12/site-packages/airflow/example_dags/example_time_delta_sensor_async.py for tasks to queue
[2026-04-26T07:27:36.673+0000] {logging_mixin.py:188} INFO - [2026-04-26T07:27:36.673+0000] {dagbag.py:540} INFO - Filling up the DagBag from /usr/local/python/3.12.1/lib/python3.12/site-packages/airflow/example_dags/example_time_delta_sensor_async.py
[2026-04-26T07:27:36.677+0000] {processor.py:840} INFO - DAG(s) 'example_time_delta_sensor_async' retrieved from /usr/local/python/3.12.1/lib/python3.12/site-packages/airflow/example_dags/example_time_delta_sensor_async.py
[2026-04-26T07:27:36.689+0000] {logging_mixin.py:188} INFO - [2026-04-26T07:27:36.689+0000] {dag.py:3096} INFO - Sync 1 DAGs
[2026-04-26T07:27:36.698+0000] {logging_mixin.py:188} INFO - [2026-04-26T07:27:36.697+0000] {dag.py:3954} INFO - Setting next_dagrun for example_time_delta_sensor_async to None, run_after=None
[2026-04-26T07:27:36.713+0000] {processor.py:183} INFO - Processing /usr/local/python/3.12.1/lib/python3.12/site-packages/airflow/example_dags/example_time_delta_sensor_async.py took 0.045 seconds
[2026-04-26T07:27:45.325+0000] {processor.py:161} INFO - Started process (PID=30770) to work on /usr/local/python/3.12.1/lib/python3.12/site-packages/airflow/example_dags/example_time_delta_sensor_async.py
[2026-04-26T07:27:45.326+0000] {processor.py:830} INFO - Processing file /usr/local/python/3.12.1/lib/python3.12/site-packages/airflow/example_dags/example_time_delta_sensor_async.py for tasks to queue
[2026-04-26T07:27:45.327+0000] {logging_mixin.py:188} INFO - [2026-04-26T07:27:45.326+0000] {dagbag.py:540} INFO - Filling up the DagBag from /usr/local/python/3.12.1/lib/python3.12/site-packages/airflow/example_dags/example_time_delta_sensor_async.py
[2026-04-26T07:27:45.330+0000] {processor.py:840} INFO - DAG(s) 'example_time_delta_sensor_async' retrieved from /usr/local/python/3.12.1/lib/python3.12/site-packages/airflow/example_dags/example_time_delta_sensor_async.py
[2026-04-26T07:27:45.342+0000] {logging_mixin.py:188} INFO - [2026-04-26T07:27:45.341+0000] {dag.py:3096} INFO - Sync 1 DAGs
[2026-04-26T07:27:45.350+0000] {logging_mixin.py:188} INFO - [2026-04-26T07:27:45.350+0000] {dag.py:3954} INFO - Setting next_dagrun for example_time_delta_sensor_async to None, run_after=None
[2026-04-26T07:27:45.366+0000] {processor.py:183} INFO - Processing /usr/local/python/3.12.1/lib/python3.12/site-packages/airflow/example_dags/example_time_delta_sensor_async.py took 0.045 seconds
[2026-04-26T07:28:06.182+0000] {processor.py:161} INFO - Started process (PID=30950) to work on /usr/local/python/3.12.1/lib/python3.12/site-packages/airflow/example_dags/example_time_delta_sensor_async.py
[2026-04-26T07:28:06.183+0000] {processor.py:830} INFO - Processing file /usr/local/python/3.12.1/lib/python3.12/site-packages/airflow/example_dags/example_time_delta_sensor_async.py for tasks to queue
[2026-04-26T07:28:06.184+0000] {logging_mixin.py:188} INFO - [2026-04-26T07:28:06.183+0000] {dagbag.py:540} INFO - Filling up the DagBag from /usr/local/python/3.12.1/lib/python3.12/site-packages/airflow/example_dags/example_time_delta_sensor_async.py
[2026-04-26T07:28:06.188+0000] {processor.py:840} INFO - DAG(s) 'example_time_delta_sensor_async' retrieved from /usr/local/python/3.12.1/lib/python3.12/site-packages/airflow/example_dags/example_time_delta_sensor_async.py
[2026-04-26T07:28:06.208+0000] {logging_mixin.py:188} INFO - [2026-04-26T07:28:06.207+0000] {dag.py:3096} INFO - Sync 1 DAGs
[2026-04-26T07:28:06.218+0000] {logging_mixin.py:188} INFO - [2026-04-26T07:28:06.218+0000] {dag.py:3954} INFO - Setting next_dagrun for example_time_delta_sensor_async to None, run_after=None
[2026-04-26T07:28:06.235+0000] {processor.py:183} INFO - Processing /usr/local/python/3.12.1/lib/python3.12/site-packages/airflow/example_dags/example_time_delta_sensor_async.py took 0.060 seconds
[2026-04-26T07:28:16.049+0000] {processor.py:161} INFO - Started process (PID=31043) to work on /usr/local/python/3.12.1/lib/python3.12/site-packages/airflow/example_dags/example_time_delta_sensor_async.py
[2026-04-26T07:28:16.050+0000] {processor.py:830} INFO - Processing file /usr/local/python/3.12.1/lib/python3.12/site-packages/airflow/example_dags/example_time_delta_sensor_async.py for tasks to queue
[2026-04-26T07:28:16.051+0000] {logging_mixin.py:188} INFO - [2026-04-26T07:28:16.050+0000] {dagbag.py:540} INFO - Filling up the DagBag from /usr/local/python/3.12.1/lib/python3.12/site-packages/airflow/example_dags/example_time_delta_sensor_async.py
[2026-04-26T07:28:16.054+0000] {processor.py:840} INFO - DAG(s) 'example_time_delta_sensor_async' retrieved from /usr/local/python/3.12.1/lib/python3.12/site-packages/airflow/example_dags/example_time_delta_sensor_async.py
[2026-04-26T07:28:16.066+0000] {logging_mixin.py:188} INFO - [2026-04-26T07:28:16.066+0000] {dag.py:3096} INFO - Sync 1 DAGs
[2026-04-26T07:28:16.075+0000] {logging_mixin.py:188} INFO - [2026-04-26T07:28:16.075+0000] {dag.py:3954} INFO - Setting next_dagrun for example_time_delta_sensor_async to None, run_after=None
[2026-04-26T07:28:16.091+0000] {processor.py:183} INFO - Processing /usr/local/python/3.12.1/lib/python3.12/site-packages/airflow/example_dags/example_time_delta_sensor_async.py took 0.046 seconds
[2026-04-26T07:28:24.903+0000] {processor.py:161} INFO - Started process (PID=31128) to work on /usr/local/python/3.12.1/lib/python3.12/site-packages/airflow/example_dags/example_time_delta_sensor_async.py
[2026-04-26T07:28:24.903+0000] {processor.py:830} INFO - Processing file /usr/local/python/3.12.1/lib/python3.12/site-packages/airflow/example_dags/example_time_delta_sensor_async.py for tasks to queue
[2026-04-26T07:28:24.904+0000] {logging_mixin.py:188} INFO - [2026-04-26T07:28:24.904+0000] {dagbag.py:540} INFO - Filling up the DagBag from /usr/local/python/3.12.1/lib/python3.12/site-packages/airflow/example_dags/example_time_delta_sensor_async.py
[2026-04-26T07:28:24.907+0000] {processor.py:840} INFO - DAG(s) 'example_time_delta_sensor_async' retrieved from /usr/local/python/3.12.1/lib/python3.12/site-packages/airflow/example_dags/example_time_delta_sensor_async.py
[2026-04-26T07:28:24.920+0000] {logging_mixin.py:188} INFO - [2026-04-26T07:28:24.920+0000] {dag.py:3096} INFO - Sync 1 DAGs
[2026-04-26T07:28:24.929+0000] {logging_mixin.py:188} INFO - [2026-04-26T07:28:24.929+0000] {dag.py:3954} INFO - Setting next_dagrun for example_time_delta_sensor_async to None, run_after=None
[2026-04-26T07:28:24.946+0000] {processor.py:183} INFO - Processing /usr/local/python/3.12.1/lib/python3.12/site-packages/airflow/example_dags/example_time_delta_sensor_async.py took 0.047 seconds
[2026-04-26T07:28:50.192+0000] {processor.py:161} INFO - Started process (PID=31404) to work on /usr/local/python/3.12.1/lib/python3.12/site-packages/airflow/example_dags/example_time_delta_sensor_async.py
[2026-04-26T07:28:50.192+0000] {processor.py:830} INFO - Processing file /usr/local/python/3.12.1/lib/python3.12/site-packages/airflow/example_dags/example_time_delta_sensor_async.py for tasks to queue
[2026-04-26T07:28:50.193+0000] {logging_mixin.py:188} INFO - [2026-04-26T07:28:50.193+0000] {dagbag.py:540} INFO - Filling up the DagBag from /usr/local/python/3.12.1/lib/python3.12/site-packages/airflow/example_dags/example_time_delta_sensor_async.py
[2026-04-26T07:28:50.196+0000] {processor.py:840} INFO - DAG(s) 'example_time_delta_sensor_async' retrieved from /usr/local/python/3.12.1/lib/python3.12/site-packages/airflow/example_dags/example_time_delta_sensor_async.py
[2026-04-26T07:28:50.208+0000] {logging_mixin.py:188} INFO - [2026-04-26T07:28:50.208+0000] {dag.py:3096} INFO - Sync 1 DAGs
[2026-04-26T07:28:50.216+0000] {logging_mixin.py:188} INFO - [2026-04-26T07:28:50.216+0000] {dag.py:3954} INFO - Setting next_dagrun for example_time_delta_sensor_async to None, run_after=None
[2026-04-26T07:28:50.232+0000] {processor.py:183} INFO - Processing /usr/local/python/3.12.1/lib/python3.12/site-packages/airflow/example_dags/example_time_delta_sensor_async.py took 0.044 seconds
[2026-04-26T07:28:56.104+0000] {processor.py:161} INFO - Started process (PID=31471) to work on /usr/local/python/3.12.1/lib/python3.12/site-packages/airflow/example_dags/example_time_delta_sensor_async.py
[2026-04-26T07:28:56.104+0000] {processor.py:830} INFO - Processing file /usr/local/python/3.12.1/lib/python3.12/site-packages/airflow/example_dags/example_time_delta_sensor_async.py for tasks to queue
[2026-04-26T07:28:56.105+0000] {logging_mixin.py:188} INFO - [2026-04-26T07:28:56.105+0000] {dagbag.py:540} INFO - Filling up the DagBag from /usr/local/python/3.12.1/lib/python3.12/site-packages/airflow/example_dags/example_time_delta_sensor_async.py
[2026-04-26T07:28:56.108+0000] {processor.py:840} INFO - DAG(s) 'example_time_delta_sensor_async' retrieved from /usr/local/python/3.12.1/lib/python3.12/site-packages/airflow/example_dags/example_time_delta_sensor_async.py
[2026-04-26T07:28:56.125+0000] {logging_mixin.py:188} INFO - [2026-04-26T07:28:56.124+0000] {dag.py:3096} INFO - Sync 1 DAGs
[2026-04-26T07:28:56.139+0000] {logging_mixin.py:188} INFO - [2026-04-26T07:28:56.139+0000] {dag.py:3954} INFO - Setting next_dagrun for example_time_delta_sensor_async to None, run_after=None
[2026-04-26T07:28:56.181+0000] {processor.py:183} INFO - Processing /usr/local/python/3.12.1/lib/python3.12/site-packages/airflow/example_dags/example_time_delta_sensor_async.py took 0.081 seconds
[2026-04-26T07:29:07.018+0000] {processor.py:161} INFO - Started process (PID=31563) to work on /usr/local/python/3.12.1/lib/python3.12/site-packages/airflow/example_dags/example_time_delta_sensor_async.py
[2026-04-26T07:29:07.018+0000] {processor.py:830} INFO - Processing file /usr/local/python/3.12.1/lib/python3.12/site-packages/airflow/example_dags/example_time_delta_sensor_async.py for tasks to queue
[2026-04-26T07:29:07.019+0000] {logging_mixin.py:188} INFO - [2026-04-26T07:29:07.019+0000] {dagbag.py:540} INFO - Filling up the DagBag from /usr/local/python/3.12.1/lib/python3.12/site-packages/airflow/example_dags/example_time_delta_sensor_async.py
[2026-04-26T07:29:07.022+0000] {processor.py:840} INFO - DAG(s) 'example_time_delta_sensor_async' retrieved from /usr/local/python/3.12.1/lib/python3.12/site-packages/airflow/example_dags/example_time_delta_sensor_async.py
[2026-04-26T07:29:07.035+0000] {logging_mixin.py:188} INFO - [2026-04-26T07:29:07.035+0000] {dag.py:3096} INFO - Sync 1 DAGs
[2026-04-26T07:29:07.048+0000] {logging_mixin.py:188} INFO - [2026-04-26T07:29:07.048+0000] {dag.py:3954} INFO - Setting next_dagrun for example_time_delta_sensor_async to None, run_after=None
[2026-04-26T07:29:07.074+0000] {processor.py:183} INFO - Processing /usr/local/python/3.12.1/lib/python3.12/site-packages/airflow/example_dags/example_time_delta_sensor_async.py took 0.061 seconds
[2026-04-26T07:29:33.892+0000] {processor.py:161} INFO - Started process (PID=31853) to work on /usr/local/python/3.12.1/lib/python3.12/site-packages/airflow/example_dags/example_time_delta_sensor_async.py
[2026-04-26T07:29:33.893+0000] {processor.py:830} INFO - Processing file /usr/local/python/3.12.1/lib/python3.12/site-packages/airflow/example_dags/example_time_delta_sensor_async.py for tasks to queue
[2026-04-26T07:29:33.893+0000] {logging_mixin.py:188} INFO - [2026-04-26T07:29:33.893+0000] {dagbag.py:540} INFO - Filling up the DagBag from /usr/local/python/3.12.1/lib/python3.12/site-packages/airflow/example_dags/example_time_delta_sensor_async.py
[2026-04-26T07:29:33.897+0000] {processor.py:840} INFO - DAG(s) 'example_time_delta_sensor_async' retrieved from /usr/local/python/3.12.1/lib/python3.12/site-packages/airflow/example_dags/example_time_delta_sensor_async.py
[2026-04-26T07:29:33.908+0000] {logging_mixin.py:188} INFO - [2026-04-26T07:29:33.908+0000] {dag.py:3096} INFO - Sync 1 DAGs
[2026-04-26T07:29:34.053+0000] {logging_mixin.py:188} INFO - [2026-04-26T07:29:34.052+0000] {dag.py:3954} INFO - Setting next_dagrun for example_time_delta_sensor_async to None, run_after=None
[2026-04-26T07:29:34.069+0000] {processor.py:183} INFO - Processing /usr/local/python/3.12.1/lib/python3.12/site-packages/airflow/example_dags/example_time_delta_sensor_async.py took 0.181 seconds
[2026-04-26T07:29:34.582+0000] {processor.py:161} INFO - Started process (PID=31861) to work on /usr/local/python/3.12.1/lib/python3.12/site-packages/airflow/example_dags/example_time_delta_sensor_async.py
[2026-04-26T07:29:34.583+0000] {processor.py:830} INFO - Processing file /usr/local/python/3.12.1/lib/python3.12/site-packages/airflow/example_dags/example_time_delta_sensor_async.py for tasks to queue
[2026-04-26T07:29:34.583+0000] {logging_mixin.py:188} INFO - [2026-04-26T07:29:34.583+0000] {dagbag.py:540} INFO - Filling up the DagBag from /usr/local/python/3.12.1/lib/python3.12/site-packages/airflow/example_dags/example_time_delta_sensor_async.py
[2026-04-26T07:29:34.587+0000] {processor.py:840} INFO - DAG(s) 'example_time_delta_sensor_async' retrieved from /usr/local/python/3.12.1/lib/python3.12/site-packages/airflow/example_dags/example_time_delta_sensor_async.py
[2026-04-26T07:29:34.599+0000] {logging_mixin.py:188} INFO - [2026-04-26T07:29:34.599+0000] {dag.py:3096} INFO - Sync 1 DAGs
[2026-04-26T07:29:34.608+0000] {logging_mixin.py:188} INFO - [2026-04-26T07:29:34.608+0000] {dag.py:3954} INFO - Setting next_dagrun for example_time_delta_sensor_async to None, run_after=None
[2026-04-26T07:29:34.626+0000] {processor.py:183} INFO - Processing /usr/local/python/3.12.1/lib/python3.12/site-packages/airflow/example_dags/example_time_delta_sensor_async.py took 0.048 seconds
[2026-04-26T07:29:49.817+0000] {processor.py:161} INFO - Started process (PID=32007) to work on /usr/local/python/3.12.1/lib/python3.12/site-packages/airflow/example_dags/example_time_delta_sensor_async.py
[2026-04-26T07:29:49.818+0000] {processor.py:830} INFO - Processing file /usr/local/python/3.12.1/lib/python3.12/site-packages/airflow/example_dags/example_time_delta_sensor_async.py for tasks to queue
[2026-04-26T07:29:49.819+0000] {logging_mixin.py:188} INFO - [2026-04-26T07:29:49.818+0000] {dagbag.py:540} INFO - Filling up the DagBag from /usr/local/python/3.12.1/lib/python3.12/site-packages/airflow/example_dags/example_time_delta_sensor_async.py
[2026-04-26T07:29:49.822+0000] {processor.py:840} INFO - DAG(s) 'example_time_delta_sensor_async' retrieved from /usr/local/python/3.12.1/lib/python3.12/site-packages/airflow/example_dags/example_time_delta_sensor_async.py
[2026-04-26T07:29:49.834+0000] {logging_mixin.py:188} INFO - [2026-04-26T07:29:49.833+0000] {dag.py:3096} INFO - Sync 1 DAGs
[2026-04-26T07:29:49.842+0000] {logging_mixin.py:188} INFO - [2026-04-26T07:29:49.842+0000] {dag.py:3954} INFO - Setting next_dagrun for example_time_delta_sensor_async to None, run_after=None
[2026-04-26T07:29:49.858+0000] {processor.py:183} INFO - Processing /usr/local/python/3.12.1/lib/python3.12/site-packages/airflow/example_dags/example_time_delta_sensor_async.py took 0.045 seconds
[2026-04-26T07:30:12.897+0000] {processor.py:161} INFO - Started process (PID=32267) to work on /usr/local/python/3.12.1/lib/python3.12/site-packages/airflow/example_dags/example_time_delta_sensor_async.py
[2026-04-26T07:30:12.898+0000] {processor.py:830} INFO - Processing file /usr/local/python/3.12.1/lib/python3.12/site-packages/airflow/example_dags/example_time_delta_sensor_async.py for tasks to queue
[2026-04-26T07:30:12.898+0000] {logging_mixin.py:188} INFO - [2026-04-26T07:30:12.898+0000] {dagbag.py:540} INFO - Filling up the DagBag from /usr/local/python/3.12.1/lib/python3.12/site-packages/airflow/example_dags/example_time_delta_sensor_async.py
[2026-04-26T07:30:12.902+0000] {processor.py:840} INFO - DAG(s) 'example_time_delta_sensor_async' retrieved from /usr/local/python/3.12.1/lib/python3.12/site-packages/airflow/example_dags/example_time_delta_sensor_async.py
[2026-04-26T07:30:12.914+0000] {logging_mixin.py:188} INFO - [2026-04-26T07:30:12.914+0000] {dag.py:3096} INFO - Sync 1 DAGs
[2026-04-26T07:30:12.923+0000] {logging_mixin.py:188} INFO - [2026-04-26T07:30:12.923+0000] {dag.py:3954} INFO - Setting next_dagrun for example_time_delta_sensor_async to None, run_after=None
[2026-04-26T07:30:12.941+0000] {processor.py:183} INFO - Processing /usr/local/python/3.12.1/lib/python3.12/site-packages/airflow/example_dags/example_time_delta_sensor_async.py took 0.048 seconds
[2026-04-26T07:30:19.702+0000] {processor.py:161} INFO - Started process (PID=32335) to work on /usr/local/python/3.12.1/lib/python3.12/site-packages/airflow/example_dags/example_time_delta_sensor_async.py
[2026-04-26T07:30:19.703+0000] {processor.py:830} INFO - Processing file /usr/local/python/3.12.1/lib/python3.12/site-packages/airflow/example_dags/example_time_delta_sensor_async.py for tasks to queue
[2026-04-26T07:30:19.704+0000] {logging_mixin.py:188} INFO - [2026-04-26T07:30:19.703+0000] {dagbag.py:540} INFO - Filling up the DagBag from /usr/local/python/3.12.1/lib/python3.12/site-packages/airflow/example_dags/example_time_delta_sensor_async.py
[2026-04-26T07:30:19.707+0000] {processor.py:840} INFO - DAG(s) 'example_time_delta_sensor_async' retrieved from /usr/local/python/3.12.1/lib/python3.12/site-packages/airflow/example_dags/example_time_delta_sensor_async.py
[2026-04-26T07:30:19.720+0000] {logging_mixin.py:188} INFO - [2026-04-26T07:30:19.720+0000] {dag.py:3096} INFO - Sync 1 DAGs
[2026-04-26T07:30:19.733+0000] {logging_mixin.py:188} INFO - [2026-04-26T07:30:19.733+0000] {dag.py:3954} INFO - Setting next_dagrun for example_time_delta_sensor_async to None, run_after=None
[2026-04-26T07:30:19.749+0000] {processor.py:183} INFO - Processing /usr/local/python/3.12.1/lib/python3.12/site-packages/airflow/example_dags/example_time_delta_sensor_async.py took 0.050 seconds
[2026-04-26T07:30:31.941+0000] {processor.py:161} INFO - Started process (PID=32443) to work on /usr/local/python/3.12.1/lib/python3.12/site-packages/airflow/example_dags/example_time_delta_sensor_async.py
[2026-04-26T07:30:31.941+0000] {processor.py:830} INFO - Processing file /usr/local/python/3.12.1/lib/python3.12/site-packages/airflow/example_dags/example_time_delta_sensor_async.py for tasks to queue
[2026-04-26T07:30:31.942+0000] {logging_mixin.py:188} INFO - [2026-04-26T07:30:31.942+0000] {dagbag.py:540} INFO - Filling up the DagBag from /usr/local/python/3.12.1/lib/python3.12/site-packages/airflow/example_dags/example_time_delta_sensor_async.py
[2026-04-26T07:30:31.945+0000] {processor.py:840} INFO - DAG(s) 'example_time_delta_sensor_async' retrieved from /usr/local/python/3.12.1/lib/python3.12/site-packages/airflow/example_dags/example_time_delta_sensor_async.py
[2026-04-26T07:30:31.957+0000] {logging_mixin.py:188} INFO - [2026-04-26T07:30:31.957+0000] {dag.py:3096} INFO - Sync 1 DAGs
[2026-04-26T07:30:31.965+0000] {logging_mixin.py:188} INFO - [2026-04-26T07:30:31.965+0000] {dag.py:3954} INFO - Setting next_dagrun for example_time_delta_sensor_async to None, run_after=None
[2026-04-26T07:30:31.982+0000] {processor.py:183} INFO - Processing /usr/local/python/3.12.1/lib/python3.12/site-packages/airflow/example_dags/example_time_delta_sensor_async.py took 0.046 seconds
[2026-04-26T07:30:53.346+0000] {processor.py:161} INFO - Started process (PID=32629) to work on /usr/local/python/3.12.1/lib/python3.12/site-packages/airflow/example_dags/example_time_delta_sensor_async.py
[2026-04-26T07:30:53.347+0000] {processor.py:830} INFO - Processing file /usr/local/python/3.12.1/lib/python3.12/site-packages/airflow/example_dags/example_time_delta_sensor_async.py for tasks to queue
[2026-04-26T07:30:53.348+0000] {logging_mixin.py:188} INFO - [2026-04-26T07:30:53.348+0000] {dagbag.py:540} INFO - Filling up the DagBag from /usr/local/python/3.12.1/lib/python3.12/site-packages/airflow/example_dags/example_time_delta_sensor_async.py
[2026-04-26T07:30:53.352+0000] {processor.py:840} INFO - DAG(s) 'example_time_delta_sensor_async' retrieved from /usr/local/python/3.12.1/lib/python3.12/site-packages/airflow/example_dags/example_time_delta_sensor_async.py
[2026-04-26T07:30:53.367+0000] {logging_mixin.py:188} INFO - [2026-04-26T07:30:53.366+0000] {dag.py:3096} INFO - Sync 1 DAGs
[2026-04-26T07:30:53.378+0000] {logging_mixin.py:188} INFO - [2026-04-26T07:30:53.377+0000] {dag.py:3954} INFO - Setting next_dagrun for example_time_delta_sensor_async to None, run_after=None
[2026-04-26T07:30:53.397+0000] {processor.py:183} INFO - Processing /usr/local/python/3.12.1/lib/python3.12/site-packages/airflow/example_dags/example_time_delta_sensor_async.py took 0.056 seconds
[2026-04-26T07:31:04.784+0000] {processor.py:161} INFO - Started process (PID=32727) to work on /usr/local/python/3.12.1/lib/python3.12/site-packages/airflow/example_dags/example_time_delta_sensor_async.py
[2026-04-26T07:31:04.784+0000] {processor.py:830} INFO - Processing file /usr/local/python/3.12.1/lib/python3.12/site-packages/airflow/example_dags/example_time_delta_sensor_async.py for tasks to queue
[2026-04-26T07:31:04.785+0000] {logging_mixin.py:188} INFO - [2026-04-26T07:31:04.785+0000] {dagbag.py:540} INFO - Filling up the DagBag from /usr/local/python/3.12.1/lib/python3.12/site-packages/airflow/example_dags/example_time_delta_sensor_async.py
[2026-04-26T07:31:04.788+0000] {processor.py:840} INFO - DAG(s) 'example_time_delta_sensor_async' retrieved from /usr/local/python/3.12.1/lib/python3.12/site-packages/airflow/example_dags/example_time_delta_sensor_async.py
[2026-04-26T07:31:04.800+0000] {logging_mixin.py:188} INFO - [2026-04-26T07:31:04.800+0000] {dag.py:3096} INFO - Sync 1 DAGs
[2026-04-26T07:31:04.946+0000] {logging_mixin.py:188} INFO - [2026-04-26T07:31:04.946+0000] {dag.py:3954} INFO - Setting next_dagrun for example_time_delta_sensor_async to None, run_after=None
[2026-04-26T07:31:04.961+0000] {processor.py:183} INFO - Processing /usr/local/python/3.12.1/lib/python3.12/site-packages/airflow/example_dags/example_time_delta_sensor_async.py took 0.182 seconds
[2026-04-26T07:31:18.738+0000] {processor.py:161} INFO - Started process (PID=32862) to work on /usr/local/python/3.12.1/lib/python3.12/site-packages/airflow/example_dags/example_time_delta_sensor_async.py
[2026-04-26T07:31:18.738+0000] {processor.py:830} INFO - Processing file /usr/local/python/3.12.1/lib/python3.12/site-packages/airflow/example_dags/example_time_delta_sensor_async.py for tasks to queue
[2026-04-26T07:31:18.739+0000] {logging_mixin.py:188} INFO - [2026-04-26T07:31:18.739+0000] {dagbag.py:540} INFO - Filling up the DagBag from /usr/local/python/3.12.1/lib/python3.12/site-packages/airflow/example_dags/example_time_delta_sensor_async.py
[2026-04-26T07:31:18.742+0000] {processor.py:840} INFO - DAG(s) 'example_time_delta_sensor_async' retrieved from /usr/local/python/3.12.1/lib/python3.12/site-packages/airflow/example_dags/example_time_delta_sensor_async.py
[2026-04-26T07:31:18.754+0000] {logging_mixin.py:188} INFO - [2026-04-26T07:31:18.754+0000] {dag.py:3096} INFO - Sync 1 DAGs
[2026-04-26T07:31:18.763+0000] {logging_mixin.py:188} INFO - [2026-04-26T07:31:18.763+0000] {dag.py:3954} INFO - Setting next_dagrun for example_time_delta_sensor_async to None, run_after=None
[2026-04-26T07:31:18.779+0000] {processor.py:183} INFO - Processing /usr/local/python/3.12.1/lib/python3.12/site-packages/airflow/example_dags/example_time_delta_sensor_async.py took 0.045 seconds
[2026-04-26T07:31:31.572+0000] {processor.py:161} INFO - Started process (PID=32979) to work on /usr/local/python/3.12.1/lib/python3.12/site-packages/airflow/example_dags/example_time_delta_sensor_async.py
[2026-04-26T07:31:31.573+0000] {processor.py:830} INFO - Processing file /usr/local/python/3.12.1/lib/python3.12/site-packages/airflow/example_dags/example_time_delta_sensor_async.py for tasks to queue
[2026-04-26T07:31:31.574+0000] {logging_mixin.py:188} INFO - [2026-04-26T07:31:31.574+0000] {dagbag.py:540} INFO - Filling up the DagBag from /usr/local/python/3.12.1/lib/python3.12/site-packages/airflow/example_dags/example_time_delta_sensor_async.py
[2026-04-26T07:31:31.579+0000] {processor.py:840} INFO - DAG(s) 'example_time_delta_sensor_async' retrieved from /usr/local/python/3.12.1/lib/python3.12/site-packages/airflow/example_dags/example_time_delta_sensor_async.py
[2026-04-26T07:31:31.595+0000] {logging_mixin.py:188} INFO - [2026-04-26T07:31:31.595+0000] {dag.py:3096} INFO - Sync 1 DAGs
[2026-04-26T07:31:31.608+0000] {logging_mixin.py:188} INFO - [2026-04-26T07:31:31.608+0000] {dag.py:3954} INFO - Setting next_dagrun for example_time_delta_sensor_async to None, run_after=None
[2026-04-26T07:31:31.629+0000] {processor.py:183} INFO - Processing /usr/local/python/3.12.1/lib/python3.12/site-packages/airflow/example_dags/example_time_delta_sensor_async.py took 0.063 seconds
[2026-04-26T07:31:55.855+0000] {processor.py:161} INFO - Started process (PID=33181) to work on /usr/local/python/3.12.1/lib/python3.12/site-packages/airflow/example_dags/example_time_delta_sensor_async.py
[2026-04-26T07:31:55.856+0000] {processor.py:830} INFO - Processing file /usr/local/python/3.12.1/lib/python3.12/site-packages/airflow/example_dags/example_time_delta_sensor_async.py for tasks to queue
[2026-04-26T07:31:55.856+0000] {logging_mixin.py:188} INFO - [2026-04-26T07:31:55.856+0000] {dagbag.py:540} INFO - Filling up the DagBag from /usr/local/python/3.12.1/lib/python3.12/site-packages/airflow/example_dags/example_time_delta_sensor_async.py
[2026-04-26T07:31:55.860+0000] {processor.py:840} INFO - DAG(s) 'example_time_delta_sensor_async' retrieved from /usr/local/python/3.12.1/lib/python3.12/site-packages/airflow/example_dags/example_time_delta_sensor_async.py
[2026-04-26T07:31:55.872+0000] {logging_mixin.py:188} INFO - [2026-04-26T07:31:55.872+0000] {dag.py:3096} INFO - Sync 1 DAGs
[2026-04-26T07:31:55.882+0000] {logging_mixin.py:188} INFO - [2026-04-26T07:31:55.882+0000] {dag.py:3954} INFO - Setting next_dagrun for example_time_delta_sensor_async to None, run_after=None
[2026-04-26T07:31:55.899+0000] {processor.py:183} INFO - Processing /usr/local/python/3.12.1/lib/python3.12/site-packages/airflow/example_dags/example_time_delta_sensor_async.py took 0.048 seconds
[2026-04-26T07:32:01.052+0000] {processor.py:161} INFO - Started process (PID=33238) to work on /usr/local/python/3.12.1/lib/python3.12/site-packages/airflow/example_dags/example_time_delta_sensor_async.py
[2026-04-26T07:32:01.053+0000] {processor.py:830} INFO - Processing file /usr/local/python/3.12.1/lib/python3.12/site-packages/airflow/example_dags/example_time_delta_sensor_async.py for tasks to queue
[2026-04-26T07:32:01.053+0000] {logging_mixin.py:188} INFO - [2026-04-26T07:32:01.053+0000] {dagbag.py:540} INFO - Filling up the DagBag from /usr/local/python/3.12.1/lib/python3.12/site-packages/airflow/example_dags/example_time_delta_sensor_async.py
[2026-04-26T07:32:01.056+0000] {processor.py:840} INFO - DAG(s) 'example_time_delta_sensor_async' retrieved from /usr/local/python/3.12.1/lib/python3.12/site-packages/airflow/example_dags/example_time_delta_sensor_async.py
[2026-04-26T07:32:01.068+0000] {logging_mixin.py:188} INFO - [2026-04-26T07:32:01.068+0000] {dag.py:3096} INFO - Sync 1 DAGs
[2026-04-26T07:32:01.077+0000] {logging_mixin.py:188} INFO - [2026-04-26T07:32:01.077+0000] {dag.py:3954} INFO - Setting next_dagrun for example_time_delta_sensor_async to None, run_after=None
[2026-04-26T07:32:01.096+0000] {processor.py:183} INFO - Processing /usr/local/python/3.12.1/lib/python3.12/site-packages/airflow/example_dags/example_time_delta_sensor_async.py took 0.049 seconds
[2026-04-26T07:32:12.150+0000] {processor.py:161} INFO - Started process (PID=33336) to work on /usr/local/python/3.12.1/lib/python3.12/site-packages/airflow/example_dags/example_time_delta_sensor_async.py
[2026-04-26T07:32:12.151+0000] {processor.py:830} INFO - Processing file /usr/local/python/3.12.1/lib/python3.12/site-packages/airflow/example_dags/example_time_delta_sensor_async.py for tasks to queue
[2026-04-26T07:32:12.152+0000] {logging_mixin.py:188} INFO - [2026-04-26T07:32:12.152+0000] {dagbag.py:540} INFO - Filling up the DagBag from /usr/local/python/3.12.1/lib/python3.12/site-packages/airflow/example_dags/example_time_delta_sensor_async.py
[2026-04-26T07:32:12.155+0000] {processor.py:840} INFO - DAG(s) 'example_time_delta_sensor_async' retrieved from /usr/local/python/3.12.1/lib/python3.12/site-packages/airflow/example_dags/example_time_delta_sensor_async.py
[2026-04-26T07:32:12.168+0000] {logging_mixin.py:188} INFO - [2026-04-26T07:32:12.167+0000] {dag.py:3096} INFO - Sync 1 DAGs
[2026-04-26T07:32:12.177+0000] {logging_mixin.py:188} INFO - [2026-04-26T07:32:12.176+0000] {dag.py:3954} INFO - Setting next_dagrun for example_time_delta_sensor_async to None, run_after=None
[2026-04-26T07:32:12.192+0000] {processor.py:183} INFO - Processing /usr/local/python/3.12.1/lib/python3.12/site-packages/airflow/example_dags/example_time_delta_sensor_async.py took 0.046 seconds
[2026-04-26T07:32:45.229+0000] {processor.py:161} INFO - Started process (PID=33626) to work on /usr/local/python/3.12.1/lib/python3.12/site-packages/airflow/example_dags/example_time_delta_sensor_async.py
[2026-04-26T07:32:45.230+0000] {processor.py:830} INFO - Processing file /usr/local/python/3.12.1/lib/python3.12/site-packages/airflow/example_dags/example_time_delta_sensor_async.py for tasks to queue
[2026-04-26T07:32:45.230+0000] {logging_mixin.py:188} INFO - [2026-04-26T07:32:45.230+0000] {dagbag.py:540} INFO - Filling up the DagBag from /usr/local/python/3.12.1/lib/python3.12/site-packages/airflow/example_dags/example_time_delta_sensor_async.py
[2026-04-26T07:32:45.234+0000] {processor.py:840} INFO - DAG(s) 'example_time_delta_sensor_async' retrieved from /usr/local/python/3.12.1/lib/python3.12/site-packages/airflow/example_dags/example_time_delta_sensor_async.py
[2026-04-26T07:32:45.387+0000] {logging_mixin.py:188} INFO - [2026-04-26T07:32:45.387+0000] {dag.py:3096} INFO - Sync 1 DAGs
[2026-04-26T07:32:45.394+0000] {logging_mixin.py:188} INFO - [2026-04-26T07:32:45.394+0000] {dag.py:3954} INFO - Setting next_dagrun for example_time_delta_sensor_async to None, run_after=None
[2026-04-26T07:32:45.409+0000] {processor.py:183} INFO - Processing /usr/local/python/3.12.1/lib/python3.12/site-packages/airflow/example_dags/example_time_delta_sensor_async.py took 0.184 seconds
[2026-04-26T07:32:46.126+0000] {processor.py:161} INFO - Started process (PID=33631) to work on /usr/local/python/3.12.1/lib/python3.12/site-packages/airflow/example_dags/example_time_delta_sensor_async.py
[2026-04-26T07:32:46.127+0000] {processor.py:830} INFO - Processing file /usr/local/python/3.12.1/lib/python3.12/site-packages/airflow/example_dags/example_time_delta_sensor_async.py for tasks to queue
[2026-04-26T07:32:46.128+0000] {logging_mixin.py:188} INFO - [2026-04-26T07:32:46.127+0000] {dagbag.py:540} INFO - Filling up the DagBag from /usr/local/python/3.12.1/lib/python3.12/site-packages/airflow/example_dags/example_time_delta_sensor_async.py
[2026-04-26T07:32:46.133+0000] {processor.py:840} INFO - DAG(s) 'example_time_delta_sensor_async' retrieved from /usr/local/python/3.12.1/lib/python3.12/site-packages/airflow/example_dags/example_time_delta_sensor_async.py
[2026-04-26T07:32:46.152+0000] {logging_mixin.py:188} INFO - [2026-04-26T07:32:46.152+0000] {dag.py:3096} INFO - Sync 1 DAGs
[2026-04-26T07:32:46.163+0000] {logging_mixin.py:188} INFO - [2026-04-26T07:32:46.163+0000] {dag.py:3954} INFO - Setting next_dagrun for example_time_delta_sensor_async to None, run_after=None
[2026-04-26T07:32:46.179+0000] {processor.py:183} INFO - Processing /usr/local/python/3.12.1/lib/python3.12/site-packages/airflow/example_dags/example_time_delta_sensor_async.py took 0.059 seconds
[2026-04-26T07:32:51.062+0000] {processor.py:161} INFO - Started process (PID=33682) to work on /usr/local/python/3.12.1/lib/python3.12/site-packages/airflow/example_dags/example_time_delta_sensor_async.py
[2026-04-26T07:32:51.062+0000] {processor.py:830} INFO - Processing file /usr/local/python/3.12.1/lib/python3.12/site-packages/airflow/example_dags/example_time_delta_sensor_async.py for tasks to queue
[2026-04-26T07:32:51.063+0000] {logging_mixin.py:188} INFO - [2026-04-26T07:32:51.063+0000] {dagbag.py:540} INFO - Filling up the DagBag from /usr/local/python/3.12.1/lib/python3.12/site-packages/airflow/example_dags/example_time_delta_sensor_async.py
[2026-04-26T07:32:51.066+0000] {processor.py:840} INFO - DAG(s) 'example_time_delta_sensor_async' retrieved from /usr/local/python/3.12.1/lib/python3.12/site-packages/airflow/example_dags/example_time_delta_sensor_async.py
[2026-04-26T07:32:51.078+0000] {logging_mixin.py:188} INFO - [2026-04-26T07:32:51.078+0000] {dag.py:3096} INFO - Sync 1 DAGs
[2026-04-26T07:32:51.087+0000] {logging_mixin.py:188} INFO - [2026-04-26T07:32:51.087+0000] {dag.py:3954} INFO - Setting next_dagrun for example_time_delta_sensor_async to None, run_after=None
[2026-04-26T07:32:51.103+0000] {processor.py:183} INFO - Processing /usr/local/python/3.12.1/lib/python3.12/site-packages/airflow/example_dags/example_time_delta_sensor_async.py took 0.045 seconds
[2026-04-26T07:33:34.265+0000] {processor.py:161} INFO - Started process (PID=34060) to work on /usr/local/python/3.12.1/lib/python3.12/site-packages/airflow/example_dags/example_time_delta_sensor_async.py
[2026-04-26T07:33:34.266+0000] {processor.py:830} INFO - Processing file /usr/local/python/3.12.1/lib/python3.12/site-packages/airflow/example_dags/example_time_delta_sensor_async.py for tasks to queue
[2026-04-26T07:33:34.266+0000] {logging_mixin.py:188} INFO - [2026-04-26T07:33:34.266+0000] {dagbag.py:540} INFO - Filling up the DagBag from /usr/local/python/3.12.1/lib/python3.12/site-packages/airflow/example_dags/example_time_delta_sensor_async.py
[2026-04-26T07:33:34.270+0000] {processor.py:840} INFO - DAG(s) 'example_time_delta_sensor_async' retrieved from /usr/local/python/3.12.1/lib/python3.12/site-packages/airflow/example_dags/example_time_delta_sensor_async.py
[2026-04-26T07:33:34.282+0000] {logging_mixin.py:188} INFO - [2026-04-26T07:33:34.282+0000] {dag.py:3096} INFO - Sync 1 DAGs
[2026-04-26T07:33:34.291+0000] {logging_mixin.py:188} INFO - [2026-04-26T07:33:34.291+0000] {dag.py:3954} INFO - Setting next_dagrun for example_time_delta_sensor_async to None, run_after=None
[2026-04-26T07:33:34.308+0000] {processor.py:183} INFO - Processing /usr/local/python/3.12.1/lib/python3.12/site-packages/airflow/example_dags/example_time_delta_sensor_async.py took 0.047 seconds
[2026-04-26T07:33:35.483+0000] {processor.py:161} INFO - Started process (PID=34071) to work on /usr/local/python/3.12.1/lib/python3.12/site-packages/airflow/example_dags/example_time_delta_sensor_async.py
[2026-04-26T07:33:35.484+0000] {processor.py:830} INFO - Processing file /usr/local/python/3.12.1/lib/python3.12/site-packages/airflow/example_dags/example_time_delta_sensor_async.py for tasks to queue
[2026-04-26T07:33:35.485+0000] {logging_mixin.py:188} INFO - [2026-04-26T07:33:35.484+0000] {dagbag.py:540} INFO - Filling up the DagBag from /usr/local/python/3.12.1/lib/python3.12/site-packages/airflow/example_dags/example_time_delta_sensor_async.py
[2026-04-26T07:33:35.488+0000] {processor.py:840} INFO - DAG(s) 'example_time_delta_sensor_async' retrieved from /usr/local/python/3.12.1/lib/python3.12/site-packages/airflow/example_dags/example_time_delta_sensor_async.py
[2026-04-26T07:33:35.500+0000] {logging_mixin.py:188} INFO - [2026-04-26T07:33:35.499+0000] {dag.py:3096} INFO - Sync 1 DAGs
[2026-04-26T07:33:35.508+0000] {logging_mixin.py:188} INFO - [2026-04-26T07:33:35.508+0000] {dag.py:3954} INFO - Setting next_dagrun for example_time_delta_sensor_async to None, run_after=None
[2026-04-26T07:33:35.524+0000] {processor.py:183} INFO - Processing /usr/local/python/3.12.1/lib/python3.12/site-packages/airflow/example_dags/example_time_delta_sensor_async.py took 0.044 seconds
[2026-04-26T07:33:35.880+0000] {processor.py:161} INFO - Started process (PID=34074) to work on /usr/local/python/3.12.1/lib/python3.12/site-packages/airflow/example_dags/example_time_delta_sensor_async.py
[2026-04-26T07:33:35.881+0000] {processor.py:830} INFO - Processing file /usr/local/python/3.12.1/lib/python3.12/site-packages/airflow/example_dags/example_time_delta_sensor_async.py for tasks to queue
[2026-04-26T07:33:35.882+0000] {logging_mixin.py:188} INFO - [2026-04-26T07:33:35.881+0000] {dagbag.py:540} INFO - Filling up the DagBag from /usr/local/python/3.12.1/lib/python3.12/site-packages/airflow/example_dags/example_time_delta_sensor_async.py
[2026-04-26T07:33:35.885+0000] {processor.py:840} INFO - DAG(s) 'example_time_delta_sensor_async' retrieved from /usr/local/python/3.12.1/lib/python3.12/site-packages/airflow/example_dags/example_time_delta_sensor_async.py
[2026-04-26T07:33:35.897+0000] {logging_mixin.py:188} INFO - [2026-04-26T07:33:35.897+0000] {dag.py:3096} INFO - Sync 1 DAGs
[2026-04-26T07:33:35.907+0000] {logging_mixin.py:188} INFO - [2026-04-26T07:33:35.907+0000] {dag.py:3954} INFO - Setting next_dagrun for example_time_delta_sensor_async to None, run_after=None
[2026-04-26T07:33:35.924+0000] {processor.py:183} INFO - Processing /usr/local/python/3.12.1/lib/python3.12/site-packages/airflow/example_dags/example_time_delta_sensor_async.py took 0.048 seconds
[2026-04-26T07:34:13.244+0000] {processor.py:161} INFO - Started process (PID=34475) to work on /usr/local/python/3.12.1/lib/python3.12/site-packages/airflow/example_dags/example_time_delta_sensor_async.py
[2026-04-26T07:34:13.244+0000] {processor.py:830} INFO - Processing file /usr/local/python/3.12.1/lib/python3.12/site-packages/airflow/example_dags/example_time_delta_sensor_async.py for tasks to queue
[2026-04-26T07:34:13.245+0000] {logging_mixin.py:188} INFO - [2026-04-26T07:34:13.245+0000] {dagbag.py:540} INFO - Filling up the DagBag from /usr/local/python/3.12.1/lib/python3.12/site-packages/airflow/example_dags/example_time_delta_sensor_async.py
[2026-04-26T07:34:13.248+0000] {processor.py:840} INFO - DAG(s) 'example_time_delta_sensor_async' retrieved from /usr/local/python/3.12.1/lib/python3.12/site-packages/airflow/example_dags/example_time_delta_sensor_async.py
[2026-04-26T07:34:13.260+0000] {logging_mixin.py:188} INFO - [2026-04-26T07:34:13.260+0000] {dag.py:3096} INFO - Sync 1 DAGs
[2026-04-26T07:34:13.268+0000] {logging_mixin.py:188} INFO - [2026-04-26T07:34:13.268+0000] {dag.py:3954} INFO - Setting next_dagrun for example_time_delta_sensor_async to None, run_after=None
[2026-04-26T07:34:13.284+0000] {processor.py:183} INFO - Processing /usr/local/python/3.12.1/lib/python3.12/site-packages/airflow/example_dags/example_time_delta_sensor_async.py took 0.044 seconds
[2026-04-26T07:34:13.595+0000] {processor.py:161} INFO - Started process (PID=34479) to work on /usr/local/python/3.12.1/lib/python3.12/site-packages/airflow/example_dags/example_time_delta_sensor_async.py
[2026-04-26T07:34:13.596+0000] {processor.py:830} INFO - Processing file /usr/local/python/3.12.1/lib/python3.12/site-packages/airflow/example_dags/example_time_delta_sensor_async.py for tasks to queue
[2026-04-26T07:34:13.597+0000] {logging_mixin.py:188} INFO - [2026-04-26T07:34:13.597+0000] {dagbag.py:540} INFO - Filling up the DagBag from /usr/local/python/3.12.1/lib/python3.12/site-packages/airflow/example_dags/example_time_delta_sensor_async.py
[2026-04-26T07:34:13.602+0000] {processor.py:840} INFO - DAG(s) 'example_time_delta_sensor_async' retrieved from /usr/local/python/3.12.1/lib/python3.12/site-packages/airflow/example_dags/example_time_delta_sensor_async.py
[2026-04-26T07:34:13.635+0000] {logging_mixin.py:188} INFO - [2026-04-26T07:34:13.635+0000] {dag.py:3096} INFO - Sync 1 DAGs
[2026-04-26T07:34:13.645+0000] {logging_mixin.py:188} INFO - [2026-04-26T07:34:13.645+0000] {dag.py:3954} INFO - Setting next_dagrun for example_time_delta_sensor_async to None, run_after=None
[2026-04-26T07:34:13.661+0000] {processor.py:183} INFO - Processing /usr/local/python/3.12.1/lib/python3.12/site-packages/airflow/example_dags/example_time_delta_sensor_async.py took 0.080 seconds
[2026-04-26T07:34:19.423+0000] {processor.py:161} INFO - Started process (PID=34525) to work on /usr/local/python/3.12.1/lib/python3.12/site-packages/airflow/example_dags/example_time_delta_sensor_async.py
[2026-04-26T07:34:19.423+0000] {processor.py:830} INFO - Processing file /usr/local/python/3.12.1/lib/python3.12/site-packages/airflow/example_dags/example_time_delta_sensor_async.py for tasks to queue
[2026-04-26T07:34:19.424+0000] {logging_mixin.py:188} INFO - [2026-04-26T07:34:19.424+0000] {dagbag.py:540} INFO - Filling up the DagBag from /usr/local/python/3.12.1/lib/python3.12/site-packages/airflow/example_dags/example_time_delta_sensor_async.py
[2026-04-26T07:34:19.428+0000] {processor.py:840} INFO - DAG(s) 'example_time_delta_sensor_async' retrieved from /usr/local/python/3.12.1/lib/python3.12/site-packages/airflow/example_dags/example_time_delta_sensor_async.py
[2026-04-26T07:34:19.439+0000] {logging_mixin.py:188} INFO - [2026-04-26T07:34:19.439+0000] {dag.py:3096} INFO - Sync 1 DAGs
[2026-04-26T07:34:19.448+0000] {logging_mixin.py:188} INFO - [2026-04-26T07:34:19.448+0000] {dag.py:3954} INFO - Setting next_dagrun for example_time_delta_sensor_async to None, run_after=None
[2026-04-26T07:34:19.465+0000] {processor.py:183} INFO - Processing /usr/local/python/3.12.1/lib/python3.12/site-packages/airflow/example_dags/example_time_delta_sensor_async.py took 0.047 seconds
[2026-04-26T07:34:49.661+0000] {processor.py:161} INFO - Started process (PID=34858) to work on /usr/local/python/3.12.1/lib/python3.12/site-packages/airflow/example_dags/example_time_delta_sensor_async.py
[2026-04-26T07:34:49.662+0000] {processor.py:830} INFO - Processing file /usr/local/python/3.12.1/lib/python3.12/site-packages/airflow/example_dags/example_time_delta_sensor_async.py for tasks to queue
[2026-04-26T07:34:49.663+0000] {logging_mixin.py:188} INFO - [2026-04-26T07:34:49.663+0000] {dagbag.py:540} INFO - Filling up the DagBag from /usr/local/python/3.12.1/lib/python3.12/site-packages/airflow/example_dags/example_time_delta_sensor_async.py
[2026-04-26T07:34:49.666+0000] {processor.py:840} INFO - DAG(s) 'example_time_delta_sensor_async' retrieved from /usr/local/python/3.12.1/lib/python3.12/site-packages/airflow/example_dags/example_time_delta_sensor_async.py
[2026-04-26T07:34:49.678+0000] {logging_mixin.py:188} INFO - [2026-04-26T07:34:49.678+0000] {dag.py:3096} INFO - Sync 1 DAGs
[2026-04-26T07:34:49.687+0000] {logging_mixin.py:188} INFO - [2026-04-26T07:34:49.686+0000] {dag.py:3954} INFO - Setting next_dagrun for example_time_delta_sensor_async to None, run_after=None
[2026-04-26T07:34:49.702+0000] {processor.py:183} INFO - Processing /usr/local/python/3.12.1/lib/python3.12/site-packages/airflow/example_dags/example_time_delta_sensor_async.py took 0.045 seconds
[2026-04-26T07:34:54.356+0000] {processor.py:161} INFO - Started process (PID=34911) to work on /usr/local/python/3.12.1/lib/python3.12/site-packages/airflow/example_dags/example_time_delta_sensor_async.py
[2026-04-26T07:34:54.357+0000] {processor.py:830} INFO - Processing file /usr/local/python/3.12.1/lib/python3.12/site-packages/airflow/example_dags/example_time_delta_sensor_async.py for tasks to queue
[2026-04-26T07:34:54.358+0000] {logging_mixin.py:188} INFO - [2026-04-26T07:34:54.358+0000] {dagbag.py:540} INFO - Filling up the DagBag from /usr/local/python/3.12.1/lib/python3.12/site-packages/airflow/example_dags/example_time_delta_sensor_async.py
[2026-04-26T07:34:54.362+0000] {processor.py:840} INFO - DAG(s) 'example_time_delta_sensor_async' retrieved from /usr/local/python/3.12.1/lib/python3.12/site-packages/airflow/example_dags/example_time_delta_sensor_async.py
[2026-04-26T07:34:54.376+0000] {logging_mixin.py:188} INFO - [2026-04-26T07:34:54.376+0000] {dag.py:3096} INFO - Sync 1 DAGs
[2026-04-26T07:34:54.391+0000] {logging_mixin.py:188} INFO - [2026-04-26T07:34:54.390+0000] {dag.py:3954} INFO - Setting next_dagrun for example_time_delta_sensor_async to None, run_after=None
[2026-04-26T07:34:54.409+0000] {processor.py:183} INFO - Processing /usr/local/python/3.12.1/lib/python3.12/site-packages/airflow/example_dags/example_time_delta_sensor_async.py took 0.059 seconds
[2026-04-26T07:35:08.770+0000] {processor.py:161} INFO - Started process (PID=35093) to work on /usr/local/python/3.12.1/lib/python3.12/site-packages/airflow/example_dags/example_time_delta_sensor_async.py
[2026-04-26T07:35:08.770+0000] {processor.py:830} INFO - Processing file /usr/local/python/3.12.1/lib/python3.12/site-packages/airflow/example_dags/example_time_delta_sensor_async.py for tasks to queue
[2026-04-26T07:35:08.771+0000] {logging_mixin.py:188} INFO - [2026-04-26T07:35:08.771+0000] {dagbag.py:540} INFO - Filling up the DagBag from /usr/local/python/3.12.1/lib/python3.12/site-packages/airflow/example_dags/example_time_delta_sensor_async.py
[2026-04-26T07:35:08.774+0000] {processor.py:840} INFO - DAG(s) 'example_time_delta_sensor_async' retrieved from /usr/local/python/3.12.1/lib/python3.12/site-packages/airflow/example_dags/example_time_delta_sensor_async.py
[2026-04-26T07:35:08.786+0000] {logging_mixin.py:188} INFO - [2026-04-26T07:35:08.786+0000] {dag.py:3096} INFO - Sync 1 DAGs
[2026-04-26T07:35:08.795+0000] {logging_mixin.py:188} INFO - [2026-04-26T07:35:08.795+0000] {dag.py:3954} INFO - Setting next_dagrun for example_time_delta_sensor_async to None, run_after=None
[2026-04-26T07:35:08.827+0000] {processor.py:183} INFO - Processing /usr/local/python/3.12.1/lib/python3.12/site-packages/airflow/example_dags/example_time_delta_sensor_async.py took 0.061 seconds
[2026-04-26T07:35:29.632+0000] {processor.py:161} INFO - Started process (PID=35284) to work on /usr/local/python/3.12.1/lib/python3.12/site-packages/airflow/example_dags/example_time_delta_sensor_async.py
[2026-04-26T07:35:29.632+0000] {processor.py:830} INFO - Processing file /usr/local/python/3.12.1/lib/python3.12/site-packages/airflow/example_dags/example_time_delta_sensor_async.py for tasks to queue
[2026-04-26T07:35:29.633+0000] {logging_mixin.py:188} INFO - [2026-04-26T07:35:29.633+0000] {dagbag.py:540} INFO - Filling up the DagBag from /usr/local/python/3.12.1/lib/python3.12/site-packages/airflow/example_dags/example_time_delta_sensor_async.py
[2026-04-26T07:35:29.636+0000] {processor.py:840} INFO - DAG(s) 'example_time_delta_sensor_async' retrieved from /usr/local/python/3.12.1/lib/python3.12/site-packages/airflow/example_dags/example_time_delta_sensor_async.py
[2026-04-26T07:35:29.649+0000] {logging_mixin.py:188} INFO - [2026-04-26T07:35:29.648+0000] {dag.py:3096} INFO - Sync 1 DAGs
[2026-04-26T07:35:29.658+0000] {logging_mixin.py:188} INFO - [2026-04-26T07:35:29.657+0000] {dag.py:3954} INFO - Setting next_dagrun for example_time_delta_sensor_async to None, run_after=None
[2026-04-26T07:35:29.675+0000] {processor.py:183} INFO - Processing /usr/local/python/3.12.1/lib/python3.12/site-packages/airflow/example_dags/example_time_delta_sensor_async.py took 0.047 seconds
[2026-04-26T07:35:32.775+0000] {processor.py:161} INFO - Started process (PID=35328) to work on /usr/local/python/3.12.1/lib/python3.12/site-packages/airflow/example_dags/example_time_delta_sensor_async.py
[2026-04-26T07:35:32.776+0000] {processor.py:830} INFO - Processing file /usr/local/python/3.12.1/lib/python3.12/site-packages/airflow/example_dags/example_time_delta_sensor_async.py for tasks to queue
[2026-04-26T07:35:32.777+0000] {logging_mixin.py:188} INFO - [2026-04-26T07:35:32.776+0000] {dagbag.py:540} INFO - Filling up the DagBag from /usr/local/python/3.12.1/lib/python3.12/site-packages/airflow/example_dags/example_time_delta_sensor_async.py
[2026-04-26T07:35:32.780+0000] {processor.py:840} INFO - DAG(s) 'example_time_delta_sensor_async' retrieved from /usr/local/python/3.12.1/lib/python3.12/site-packages/airflow/example_dags/example_time_delta_sensor_async.py
[2026-04-26T07:35:32.792+0000] {logging_mixin.py:188} INFO - [2026-04-26T07:35:32.791+0000] {dag.py:3096} INFO - Sync 1 DAGs
[2026-04-26T07:35:32.801+0000] {logging_mixin.py:188} INFO - [2026-04-26T07:35:32.800+0000] {dag.py:3954} INFO - Setting next_dagrun for example_time_delta_sensor_async to None, run_after=None
[2026-04-26T07:35:32.816+0000] {processor.py:183} INFO - Processing /usr/local/python/3.12.1/lib/python3.12/site-packages/airflow/example_dags/example_time_delta_sensor_async.py took 0.045 seconds
[2026-04-26T07:35:51.028+0000] {processor.py:161} INFO - Started process (PID=35480) to work on /usr/local/python/3.12.1/lib/python3.12/site-packages/airflow/example_dags/example_time_delta_sensor_async.py
[2026-04-26T07:35:51.031+0000] {processor.py:830} INFO - Processing file /usr/local/python/3.12.1/lib/python3.12/site-packages/airflow/example_dags/example_time_delta_sensor_async.py for tasks to queue
[2026-04-26T07:35:51.033+0000] {logging_mixin.py:188} INFO - [2026-04-26T07:35:51.032+0000] {dagbag.py:540} INFO - Filling up the DagBag from /usr/local/python/3.12.1/lib/python3.12/site-packages/airflow/example_dags/example_time_delta_sensor_async.py
[2026-04-26T07:35:51.040+0000] {processor.py:840} INFO - DAG(s) 'example_time_delta_sensor_async' retrieved from /usr/local/python/3.12.1/lib/python3.12/site-packages/airflow/example_dags/example_time_delta_sensor_async.py
[2026-04-26T07:35:51.058+0000] {logging_mixin.py:188} INFO - [2026-04-26T07:35:51.058+0000] {dag.py:3096} INFO - Sync 1 DAGs
[2026-04-26T07:35:51.067+0000] {logging_mixin.py:188} INFO - [2026-04-26T07:35:51.067+0000] {dag.py:3954} INFO - Setting next_dagrun for example_time_delta_sensor_async to None, run_after=None
[2026-04-26T07:35:51.083+0000] {processor.py:183} INFO - Processing /usr/local/python/3.12.1/lib/python3.12/site-packages/airflow/example_dags/example_time_delta_sensor_async.py took 0.069 seconds
[2026-04-26T07:36:08.146+0000] {processor.py:161} INFO - Started process (PID=35640) to work on /usr/local/python/3.12.1/lib/python3.12/site-packages/airflow/example_dags/example_time_delta_sensor_async.py
[2026-04-26T07:36:08.146+0000] {processor.py:830} INFO - Processing file /usr/local/python/3.12.1/lib/python3.12/site-packages/airflow/example_dags/example_time_delta_sensor_async.py for tasks to queue
[2026-04-26T07:36:08.147+0000] {logging_mixin.py:188} INFO - [2026-04-26T07:36:08.147+0000] {dagbag.py:540} INFO - Filling up the DagBag from /usr/local/python/3.12.1/lib/python3.12/site-packages/airflow/example_dags/example_time_delta_sensor_async.py
[2026-04-26T07:36:08.151+0000] {processor.py:840} INFO - DAG(s) 'example_time_delta_sensor_async' retrieved from /usr/local/python/3.12.1/lib/python3.12/site-packages/airflow/example_dags/example_time_delta_sensor_async.py
[2026-04-26T07:36:08.163+0000] {logging_mixin.py:188} INFO - [2026-04-26T07:36:08.163+0000] {dag.py:3096} INFO - Sync 1 DAGs
[2026-04-26T07:36:08.179+0000] {logging_mixin.py:188} INFO - [2026-04-26T07:36:08.178+0000] {dag.py:3954} INFO - Setting next_dagrun for example_time_delta_sensor_async to None, run_after=None
[2026-04-26T07:36:08.201+0000] {processor.py:183} INFO - Processing /usr/local/python/3.12.1/lib/python3.12/site-packages/airflow/example_dags/example_time_delta_sensor_async.py took 0.060 seconds
[2026-04-26T07:36:12.699+0000] {processor.py:161} INFO - Started process (PID=35669) to work on /usr/local/python/3.12.1/lib/python3.12/site-packages/airflow/example_dags/example_time_delta_sensor_async.py
[2026-04-26T07:36:12.700+0000] {processor.py:830} INFO - Processing file /usr/local/python/3.12.1/lib/python3.12/site-packages/airflow/example_dags/example_time_delta_sensor_async.py for tasks to queue
[2026-04-26T07:36:12.701+0000] {logging_mixin.py:188} INFO - [2026-04-26T07:36:12.700+0000] {dagbag.py:540} INFO - Filling up the DagBag from /usr/local/python/3.12.1/lib/python3.12/site-packages/airflow/example_dags/example_time_delta_sensor_async.py
[2026-04-26T07:36:12.704+0000] {processor.py:840} INFO - DAG(s) 'example_time_delta_sensor_async' retrieved from /usr/local/python/3.12.1/lib/python3.12/site-packages/airflow/example_dags/example_time_delta_sensor_async.py
[2026-04-26T07:36:12.716+0000] {logging_mixin.py:188} INFO - [2026-04-26T07:36:12.716+0000] {dag.py:3096} INFO - Sync 1 DAGs
[2026-04-26T07:36:12.728+0000] {logging_mixin.py:188} INFO - [2026-04-26T07:36:12.728+0000] {dag.py:3954} INFO - Setting next_dagrun for example_time_delta_sensor_async to None, run_after=None
[2026-04-26T07:36:12.751+0000] {processor.py:183} INFO - Processing /usr/local/python/3.12.1/lib/python3.12/site-packages/airflow/example_dags/example_time_delta_sensor_async.py took 0.056 seconds
[2026-04-26T07:36:30.031+0000] {processor.py:161} INFO - Started process (PID=35836) to work on /usr/local/python/3.12.1/lib/python3.12/site-packages/airflow/example_dags/example_time_delta_sensor_async.py
[2026-04-26T07:36:30.032+0000] {processor.py:830} INFO - Processing file /usr/local/python/3.12.1/lib/python3.12/site-packages/airflow/example_dags/example_time_delta_sensor_async.py for tasks to queue
[2026-04-26T07:36:30.032+0000] {logging_mixin.py:188} INFO - [2026-04-26T07:36:30.032+0000] {dagbag.py:540} INFO - Filling up the DagBag from /usr/local/python/3.12.1/lib/python3.12/site-packages/airflow/example_dags/example_time_delta_sensor_async.py
[2026-04-26T07:36:30.036+0000] {processor.py:840} INFO - DAG(s) 'example_time_delta_sensor_async' retrieved from /usr/local/python/3.12.1/lib/python3.12/site-packages/airflow/example_dags/example_time_delta_sensor_async.py
[2026-04-26T07:36:30.048+0000] {logging_mixin.py:188} INFO - [2026-04-26T07:36:30.048+0000] {dag.py:3096} INFO - Sync 1 DAGs
[2026-04-26T07:36:30.057+0000] {logging_mixin.py:188} INFO - [2026-04-26T07:36:30.057+0000] {dag.py:3954} INFO - Setting next_dagrun for example_time_delta_sensor_async to None, run_after=None
[2026-04-26T07:36:30.074+0000] {processor.py:183} INFO - Processing /usr/local/python/3.12.1/lib/python3.12/site-packages/airflow/example_dags/example_time_delta_sensor_async.py took 0.047 seconds
[2026-04-26T07:36:47.057+0000] {processor.py:161} INFO - Started process (PID=35999) to work on /usr/local/python/3.12.1/lib/python3.12/site-packages/airflow/example_dags/example_time_delta_sensor_async.py
[2026-04-26T07:36:47.057+0000] {processor.py:830} INFO - Processing file /usr/local/python/3.12.1/lib/python3.12/site-packages/airflow/example_dags/example_time_delta_sensor_async.py for tasks to queue
[2026-04-26T07:36:47.058+0000] {logging_mixin.py:188} INFO - [2026-04-26T07:36:47.058+0000] {dagbag.py:540} INFO - Filling up the DagBag from /usr/local/python/3.12.1/lib/python3.12/site-packages/airflow/example_dags/example_time_delta_sensor_async.py
[2026-04-26T07:36:47.062+0000] {processor.py:840} INFO - DAG(s) 'example_time_delta_sensor_async' retrieved from /usr/local/python/3.12.1/lib/python3.12/site-packages/airflow/example_dags/example_time_delta_sensor_async.py
[2026-04-26T07:36:47.073+0000] {logging_mixin.py:188} INFO - [2026-04-26T07:36:47.073+0000] {dag.py:3096} INFO - Sync 1 DAGs
[2026-04-26T07:36:47.082+0000] {logging_mixin.py:188} INFO - [2026-04-26T07:36:47.082+0000] {dag.py:3954} INFO - Setting next_dagrun for example_time_delta_sensor_async to None, run_after=None
[2026-04-26T07:36:47.099+0000] {processor.py:183} INFO - Processing /usr/local/python/3.12.1/lib/python3.12/site-packages/airflow/example_dags/example_time_delta_sensor_async.py took 0.046 seconds
[2026-04-26T07:36:52.538+0000] {processor.py:161} INFO - Started process (PID=36041) to work on /usr/local/python/3.12.1/lib/python3.12/site-packages/airflow/example_dags/example_time_delta_sensor_async.py
[2026-04-26T07:36:52.539+0000] {processor.py:830} INFO - Processing file /usr/local/python/3.12.1/lib/python3.12/site-packages/airflow/example_dags/example_time_delta_sensor_async.py for tasks to queue
[2026-04-26T07:36:52.539+0000] {logging_mixin.py:188} INFO - [2026-04-26T07:36:52.539+0000] {dagbag.py:540} INFO - Filling up the DagBag from /usr/local/python/3.12.1/lib/python3.12/site-packages/airflow/example_dags/example_time_delta_sensor_async.py
[2026-04-26T07:36:52.543+0000] {processor.py:840} INFO - DAG(s) 'example_time_delta_sensor_async' retrieved from /usr/local/python/3.12.1/lib/python3.12/site-packages/airflow/example_dags/example_time_delta_sensor_async.py
[2026-04-26T07:36:52.555+0000] {logging_mixin.py:188} INFO - [2026-04-26T07:36:52.554+0000] {dag.py:3096} INFO - Sync 1 DAGs
[2026-04-26T07:36:52.564+0000] {logging_mixin.py:188} INFO - [2026-04-26T07:36:52.564+0000] {dag.py:3954} INFO - Setting next_dagrun for example_time_delta_sensor_async to None, run_after=None
[2026-04-26T07:36:52.581+0000] {processor.py:183} INFO - Processing /usr/local/python/3.12.1/lib/python3.12/site-packages/airflow/example_dags/example_time_delta_sensor_async.py took 0.047 seconds
[2026-04-26T07:37:08.618+0000] {processor.py:161} INFO - Started process (PID=36196) to work on /usr/local/python/3.12.1/lib/python3.12/site-packages/airflow/example_dags/example_time_delta_sensor_async.py
[2026-04-26T07:37:08.619+0000] {processor.py:830} INFO - Processing file /usr/local/python/3.12.1/lib/python3.12/site-packages/airflow/example_dags/example_time_delta_sensor_async.py for tasks to queue
[2026-04-26T07:37:08.620+0000] {logging_mixin.py:188} INFO - [2026-04-26T07:37:08.619+0000] {dagbag.py:540} INFO - Filling up the DagBag from /usr/local/python/3.12.1/lib/python3.12/site-packages/airflow/example_dags/example_time_delta_sensor_async.py
[2026-04-26T07:37:08.623+0000] {processor.py:840} INFO - DAG(s) 'example_time_delta_sensor_async' retrieved from /usr/local/python/3.12.1/lib/python3.12/site-packages/airflow/example_dags/example_time_delta_sensor_async.py
[2026-04-26T07:37:08.635+0000] {logging_mixin.py:188} INFO - [2026-04-26T07:37:08.635+0000] {dag.py:3096} INFO - Sync 1 DAGs
[2026-04-26T07:37:08.644+0000] {logging_mixin.py:188} INFO - [2026-04-26T07:37:08.644+0000] {dag.py:3954} INFO - Setting next_dagrun for example_time_delta_sensor_async to None, run_after=None
[2026-04-26T07:37:08.660+0000] {processor.py:183} INFO - Processing /usr/local/python/3.12.1/lib/python3.12/site-packages/airflow/example_dags/example_time_delta_sensor_async.py took 0.046 seconds
[2026-04-26T07:37:24.361+0000] {processor.py:161} INFO - Started process (PID=36325) to work on /usr/local/python/3.12.1/lib/python3.12/site-packages/airflow/example_dags/example_time_delta_sensor_async.py
[2026-04-26T07:37:24.362+0000] {processor.py:830} INFO - Processing file /usr/local/python/3.12.1/lib/python3.12/site-packages/airflow/example_dags/example_time_delta_sensor_async.py for tasks to queue
[2026-04-26T07:37:24.362+0000] {logging_mixin.py:188} INFO - [2026-04-26T07:37:24.362+0000] {dagbag.py:540} INFO - Filling up the DagBag from /usr/local/python/3.12.1/lib/python3.12/site-packages/airflow/example_dags/example_time_delta_sensor_async.py
[2026-04-26T07:37:24.366+0000] {processor.py:840} INFO - DAG(s) 'example_time_delta_sensor_async' retrieved from /usr/local/python/3.12.1/lib/python3.12/site-packages/airflow/example_dags/example_time_delta_sensor_async.py
[2026-04-26T07:37:24.379+0000] {logging_mixin.py:188} INFO - [2026-04-26T07:37:24.379+0000] {dag.py:3096} INFO - Sync 1 DAGs
[2026-04-26T07:37:24.392+0000] {logging_mixin.py:188} INFO - [2026-04-26T07:37:24.392+0000] {dag.py:3954} INFO - Setting next_dagrun for example_time_delta_sensor_async to None, run_after=None
[2026-04-26T07:37:24.417+0000] {processor.py:183} INFO - Processing /usr/local/python/3.12.1/lib/python3.12/site-packages/airflow/example_dags/example_time_delta_sensor_async.py took 0.060 seconds
[2026-04-26T07:37:46.924+0000] {processor.py:161} INFO - Started process (PID=36541) to work on /usr/local/python/3.12.1/lib/python3.12/site-packages/airflow/example_dags/example_time_delta_sensor_async.py
[2026-04-26T07:37:46.924+0000] {processor.py:830} INFO - Processing file /usr/local/python/3.12.1/lib/python3.12/site-packages/airflow/example_dags/example_time_delta_sensor_async.py for tasks to queue
[2026-04-26T07:37:46.925+0000] {logging_mixin.py:188} INFO - [2026-04-26T07:37:46.925+0000] {dagbag.py:540} INFO - Filling up the DagBag from /usr/local/python/3.12.1/lib/python3.12/site-packages/airflow/example_dags/example_time_delta_sensor_async.py
[2026-04-26T07:37:46.928+0000] {processor.py:840} INFO - DAG(s) 'example_time_delta_sensor_async' retrieved from /usr/local/python/3.12.1/lib/python3.12/site-packages/airflow/example_dags/example_time_delta_sensor_async.py
[2026-04-26T07:37:46.940+0000] {logging_mixin.py:188} INFO - [2026-04-26T07:37:46.940+0000] {dag.py:3096} INFO - Sync 1 DAGs
[2026-04-26T07:37:46.948+0000] {logging_mixin.py:188} INFO - [2026-04-26T07:37:46.948+0000] {dag.py:3954} INFO - Setting next_dagrun for example_time_delta_sensor_async to None, run_after=None
[2026-04-26T07:37:46.965+0000] {processor.py:183} INFO - Processing /usr/local/python/3.12.1/lib/python3.12/site-packages/airflow/example_dags/example_time_delta_sensor_async.py took 0.045 seconds
[2026-04-26T07:37:47.480+0000] {processor.py:161} INFO - Started process (PID=36550) to work on /usr/local/python/3.12.1/lib/python3.12/site-packages/airflow/example_dags/example_time_delta_sensor_async.py
[2026-04-26T07:37:47.481+0000] {processor.py:830} INFO - Processing file /usr/local/python/3.12.1/lib/python3.12/site-packages/airflow/example_dags/example_time_delta_sensor_async.py for tasks to queue
[2026-04-26T07:37:47.482+0000] {logging_mixin.py:188} INFO - [2026-04-26T07:37:47.481+0000] {dagbag.py:540} INFO - Filling up the DagBag from /usr/local/python/3.12.1/lib/python3.12/site-packages/airflow/example_dags/example_time_delta_sensor_async.py
[2026-04-26T07:37:47.485+0000] {processor.py:840} INFO - DAG(s) 'example_time_delta_sensor_async' retrieved from /usr/local/python/3.12.1/lib/python3.12/site-packages/airflow/example_dags/example_time_delta_sensor_async.py
[2026-04-26T07:37:47.497+0000] {logging_mixin.py:188} INFO - [2026-04-26T07:37:47.497+0000] {dag.py:3096} INFO - Sync 1 DAGs
[2026-04-26T07:37:47.506+0000] {logging_mixin.py:188} INFO - [2026-04-26T07:37:47.506+0000] {dag.py:3954} INFO - Setting next_dagrun for example_time_delta_sensor_async to None, run_after=None
[2026-04-26T07:37:47.524+0000] {processor.py:183} INFO - Processing /usr/local/python/3.12.1/lib/python3.12/site-packages/airflow/example_dags/example_time_delta_sensor_async.py took 0.048 seconds
[2026-04-26T07:38:04.322+0000] {processor.py:161} INFO - Started process (PID=36690) to work on /usr/local/python/3.12.1/lib/python3.12/site-packages/airflow/example_dags/example_time_delta_sensor_async.py
[2026-04-26T07:38:04.323+0000] {processor.py:830} INFO - Processing file /usr/local/python/3.12.1/lib/python3.12/site-packages/airflow/example_dags/example_time_delta_sensor_async.py for tasks to queue
[2026-04-26T07:38:04.323+0000] {logging_mixin.py:188} INFO - [2026-04-26T07:38:04.323+0000] {dagbag.py:540} INFO - Filling up the DagBag from /usr/local/python/3.12.1/lib/python3.12/site-packages/airflow/example_dags/example_time_delta_sensor_async.py
[2026-04-26T07:38:04.328+0000] {processor.py:840} INFO - DAG(s) 'example_time_delta_sensor_async' retrieved from /usr/local/python/3.12.1/lib/python3.12/site-packages/airflow/example_dags/example_time_delta_sensor_async.py
[2026-04-26T07:38:04.343+0000] {logging_mixin.py:188} INFO - [2026-04-26T07:38:04.343+0000] {dag.py:3096} INFO - Sync 1 DAGs
[2026-04-26T07:38:04.357+0000] {logging_mixin.py:188} INFO - [2026-04-26T07:38:04.356+0000] {dag.py:3954} INFO - Setting next_dagrun for example_time_delta_sensor_async to None, run_after=None
[2026-04-26T07:38:04.373+0000] {processor.py:183} INFO - Processing /usr/local/python/3.12.1/lib/python3.12/site-packages/airflow/example_dags/example_time_delta_sensor_async.py took 0.056 seconds
[2026-04-26T07:38:26.347+0000] {processor.py:161} INFO - Started process (PID=36905) to work on /usr/local/python/3.12.1/lib/python3.12/site-packages/airflow/example_dags/example_time_delta_sensor_async.py
[2026-04-26T07:38:26.348+0000] {processor.py:830} INFO - Processing file /usr/local/python/3.12.1/lib/python3.12/site-packages/airflow/example_dags/example_time_delta_sensor_async.py for tasks to queue
[2026-04-26T07:38:26.348+0000] {logging_mixin.py:188} INFO - [2026-04-26T07:38:26.348+0000] {dagbag.py:540} INFO - Filling up the DagBag from /usr/local/python/3.12.1/lib/python3.12/site-packages/airflow/example_dags/example_time_delta_sensor_async.py
[2026-04-26T07:38:26.352+0000] {processor.py:840} INFO - DAG(s) 'example_time_delta_sensor_async' retrieved from /usr/local/python/3.12.1/lib/python3.12/site-packages/airflow/example_dags/example_time_delta_sensor_async.py
[2026-04-26T07:38:26.363+0000] {logging_mixin.py:188} INFO - [2026-04-26T07:38:26.363+0000] {dag.py:3096} INFO - Sync 1 DAGs
[2026-04-26T07:38:26.372+0000] {logging_mixin.py:188} INFO - [2026-04-26T07:38:26.372+0000] {dag.py:3954} INFO - Setting next_dagrun for example_time_delta_sensor_async to None, run_after=None
[2026-04-26T07:38:26.388+0000] {processor.py:183} INFO - Processing /usr/local/python/3.12.1/lib/python3.12/site-packages/airflow/example_dags/example_time_delta_sensor_async.py took 0.047 seconds
[2026-04-26T07:38:27.675+0000] {processor.py:161} INFO - Started process (PID=36911) to work on /usr/local/python/3.12.1/lib/python3.12/site-packages/airflow/example_dags/example_time_delta_sensor_async.py
[2026-04-26T07:38:27.675+0000] {processor.py:830} INFO - Processing file /usr/local/python/3.12.1/lib/python3.12/site-packages/airflow/example_dags/example_time_delta_sensor_async.py for tasks to queue
[2026-04-26T07:38:27.676+0000] {logging_mixin.py:188} INFO - [2026-04-26T07:38:27.676+0000] {dagbag.py:540} INFO - Filling up the DagBag from /usr/local/python/3.12.1/lib/python3.12/site-packages/airflow/example_dags/example_time_delta_sensor_async.py
[2026-04-26T07:38:27.679+0000] {processor.py:840} INFO - DAG(s) 'example_time_delta_sensor_async' retrieved from /usr/local/python/3.12.1/lib/python3.12/site-packages/airflow/example_dags/example_time_delta_sensor_async.py
[2026-04-26T07:38:27.691+0000] {logging_mixin.py:188} INFO - [2026-04-26T07:38:27.691+0000] {dag.py:3096} INFO - Sync 1 DAGs
[2026-04-26T07:38:27.700+0000] {logging_mixin.py:188} INFO - [2026-04-26T07:38:27.700+0000] {dag.py:3954} INFO - Setting next_dagrun for example_time_delta_sensor_async to None, run_after=None
[2026-04-26T07:38:27.717+0000] {processor.py:183} INFO - Processing /usr/local/python/3.12.1/lib/python3.12/site-packages/airflow/example_dags/example_time_delta_sensor_async.py took 0.047 seconds
[2026-04-26T07:38:43.410+0000] {processor.py:161} INFO - Started process (PID=37045) to work on /usr/local/python/3.12.1/lib/python3.12/site-packages/airflow/example_dags/example_time_delta_sensor_async.py
[2026-04-26T07:38:43.411+0000] {processor.py:830} INFO - Processing file /usr/local/python/3.12.1/lib/python3.12/site-packages/airflow/example_dags/example_time_delta_sensor_async.py for tasks to queue
[2026-04-26T07:38:43.411+0000] {logging_mixin.py:188} INFO - [2026-04-26T07:38:43.411+0000] {dagbag.py:540} INFO - Filling up the DagBag from /usr/local/python/3.12.1/lib/python3.12/site-packages/airflow/example_dags/example_time_delta_sensor_async.py
[2026-04-26T07:38:43.416+0000] {processor.py:840} INFO - DAG(s) 'example_time_delta_sensor_async' retrieved from /usr/local/python/3.12.1/lib/python3.12/site-packages/airflow/example_dags/example_time_delta_sensor_async.py
[2026-04-26T07:38:43.429+0000] {logging_mixin.py:188} INFO - [2026-04-26T07:38:43.429+0000] {dag.py:3096} INFO - Sync 1 DAGs
[2026-04-26T07:38:43.439+0000] {logging_mixin.py:188} INFO - [2026-04-26T07:38:43.439+0000] {dag.py:3954} INFO - Setting next_dagrun for example_time_delta_sensor_async to None, run_after=None
[2026-04-26T07:38:43.459+0000] {processor.py:183} INFO - Processing /usr/local/python/3.12.1/lib/python3.12/site-packages/airflow/example_dags/example_time_delta_sensor_async.py took 0.053 seconds
[2026-04-26T07:39:09.980+0000] {processor.py:161} INFO - Started process (PID=37479) to work on /usr/local/python/3.12.1/lib/python3.12/site-packages/airflow/example_dags/example_time_delta_sensor_async.py
[2026-04-26T07:39:09.981+0000] {processor.py:830} INFO - Processing file /usr/local/python/3.12.1/lib/python3.12/site-packages/airflow/example_dags/example_time_delta_sensor_async.py for tasks to queue
[2026-04-26T07:39:09.982+0000] {logging_mixin.py:188} INFO - [2026-04-26T07:39:09.981+0000] {dagbag.py:540} INFO - Filling up the DagBag from /usr/local/python/3.12.1/lib/python3.12/site-packages/airflow/example_dags/example_time_delta_sensor_async.py
[2026-04-26T07:39:09.985+0000] {processor.py:840} INFO - DAG(s) 'example_time_delta_sensor_async' retrieved from /usr/local/python/3.12.1/lib/python3.12/site-packages/airflow/example_dags/example_time_delta_sensor_async.py
[2026-04-26T07:39:09.997+0000] {logging_mixin.py:188} INFO - [2026-04-26T07:39:09.997+0000] {dag.py:3096} INFO - Sync 1 DAGs
[2026-04-26T07:39:10.007+0000] {logging_mixin.py:188} INFO - [2026-04-26T07:39:10.006+0000] {dag.py:3954} INFO - Setting next_dagrun for example_time_delta_sensor_async to None, run_after=None
[2026-04-26T07:39:10.025+0000] {processor.py:183} INFO - Processing /usr/local/python/3.12.1/lib/python3.12/site-packages/airflow/example_dags/example_time_delta_sensor_async.py took 0.049 seconds
[2026-04-26T07:39:10.236+0000] {processor.py:161} INFO - Started process (PID=37480) to work on /usr/local/python/3.12.1/lib/python3.12/site-packages/airflow/example_dags/example_time_delta_sensor_async.py
[2026-04-26T07:39:10.236+0000] {processor.py:830} INFO - Processing file /usr/local/python/3.12.1/lib/python3.12/site-packages/airflow/example_dags/example_time_delta_sensor_async.py for tasks to queue
[2026-04-26T07:39:10.237+0000] {logging_mixin.py:188} INFO - [2026-04-26T07:39:10.237+0000] {dagbag.py:540} INFO - Filling up the DagBag from /usr/local/python/3.12.1/lib/python3.12/site-packages/airflow/example_dags/example_time_delta_sensor_async.py
[2026-04-26T07:39:10.240+0000] {processor.py:840} INFO - DAG(s) 'example_time_delta_sensor_async' retrieved from /usr/local/python/3.12.1/lib/python3.12/site-packages/airflow/example_dags/example_time_delta_sensor_async.py
[2026-04-26T07:39:10.253+0000] {logging_mixin.py:188} INFO - [2026-04-26T07:39:10.253+0000] {dag.py:3096} INFO - Sync 1 DAGs
[2026-04-26T07:39:10.263+0000] {logging_mixin.py:188} INFO - [2026-04-26T07:39:10.262+0000] {dag.py:3954} INFO - Setting next_dagrun for example_time_delta_sensor_async to None, run_after=None
[2026-04-26T07:39:10.279+0000] {processor.py:183} INFO - Processing /usr/local/python/3.12.1/lib/python3.12/site-packages/airflow/example_dags/example_time_delta_sensor_async.py took 0.048 seconds
[2026-04-26T07:39:26.409+0000] {processor.py:161} INFO - Started process (PID=37807) to work on /usr/local/python/3.12.1/lib/python3.12/site-packages/airflow/example_dags/example_time_delta_sensor_async.py
[2026-04-26T07:39:26.410+0000] {processor.py:830} INFO - Processing file /usr/local/python/3.12.1/lib/python3.12/site-packages/airflow/example_dags/example_time_delta_sensor_async.py for tasks to queue
[2026-04-26T07:39:26.411+0000] {logging_mixin.py:188} INFO - [2026-04-26T07:39:26.410+0000] {dagbag.py:540} INFO - Filling up the DagBag from /usr/local/python/3.12.1/lib/python3.12/site-packages/airflow/example_dags/example_time_delta_sensor_async.py
[2026-04-26T07:39:26.414+0000] {processor.py:840} INFO - DAG(s) 'example_time_delta_sensor_async' retrieved from /usr/local/python/3.12.1/lib/python3.12/site-packages/airflow/example_dags/example_time_delta_sensor_async.py
[2026-04-26T07:39:26.427+0000] {logging_mixin.py:188} INFO - [2026-04-26T07:39:26.427+0000] {dag.py:3096} INFO - Sync 1 DAGs
[2026-04-26T07:39:26.436+0000] {logging_mixin.py:188} INFO - [2026-04-26T07:39:26.436+0000] {dag.py:3954} INFO - Setting next_dagrun for example_time_delta_sensor_async to None, run_after=None
[2026-04-26T07:39:26.471+0000] {processor.py:183} INFO - Processing /usr/local/python/3.12.1/lib/python3.12/site-packages/airflow/example_dags/example_time_delta_sensor_async.py took 0.066 seconds
[2026-04-26T07:39:52.014+0000] {processor.py:161} INFO - Started process (PID=38178) to work on /usr/local/python/3.12.1/lib/python3.12/site-packages/airflow/example_dags/example_time_delta_sensor_async.py
[2026-04-26T07:39:52.015+0000] {processor.py:830} INFO - Processing file /usr/local/python/3.12.1/lib/python3.12/site-packages/airflow/example_dags/example_time_delta_sensor_async.py for tasks to queue
[2026-04-26T07:39:52.016+0000] {logging_mixin.py:188} INFO - [2026-04-26T07:39:52.015+0000] {dagbag.py:540} INFO - Filling up the DagBag from /usr/local/python/3.12.1/lib/python3.12/site-packages/airflow/example_dags/example_time_delta_sensor_async.py
[2026-04-26T07:39:52.019+0000] {processor.py:840} INFO - DAG(s) 'example_time_delta_sensor_async' retrieved from /usr/local/python/3.12.1/lib/python3.12/site-packages/airflow/example_dags/example_time_delta_sensor_async.py
[2026-04-26T07:39:52.032+0000] {logging_mixin.py:188} INFO - [2026-04-26T07:39:52.031+0000] {dag.py:3096} INFO - Sync 1 DAGs
[2026-04-26T07:39:52.041+0000] {logging_mixin.py:188} INFO - [2026-04-26T07:39:52.041+0000] {dag.py:3954} INFO - Setting next_dagrun for example_time_delta_sensor_async to None, run_after=None
[2026-04-26T07:39:52.062+0000] {processor.py:183} INFO - Processing /usr/local/python/3.12.1/lib/python3.12/site-packages/airflow/example_dags/example_time_delta_sensor_async.py took 0.052 seconds
[2026-04-26T07:39:53.727+0000] {processor.py:161} INFO - Started process (PID=38230) to work on /usr/local/python/3.12.1/lib/python3.12/site-packages/airflow/example_dags/example_time_delta_sensor_async.py
[2026-04-26T07:39:53.728+0000] {processor.py:830} INFO - Processing file /usr/local/python/3.12.1/lib/python3.12/site-packages/airflow/example_dags/example_time_delta_sensor_async.py for tasks to queue
[2026-04-26T07:39:53.731+0000] {logging_mixin.py:188} INFO - [2026-04-26T07:39:53.730+0000] {dagbag.py:540} INFO - Filling up the DagBag from /usr/local/python/3.12.1/lib/python3.12/site-packages/airflow/example_dags/example_time_delta_sensor_async.py
[2026-04-26T07:39:53.736+0000] {processor.py:840} INFO - DAG(s) 'example_time_delta_sensor_async' retrieved from /usr/local/python/3.12.1/lib/python3.12/site-packages/airflow/example_dags/example_time_delta_sensor_async.py
[2026-04-26T07:39:53.759+0000] {logging_mixin.py:188} INFO - [2026-04-26T07:39:53.759+0000] {dag.py:3096} INFO - Sync 1 DAGs
[2026-04-26T07:39:53.779+0000] {logging_mixin.py:188} INFO - [2026-04-26T07:39:53.778+0000] {dag.py:3954} INFO - Setting next_dagrun for example_time_delta_sensor_async to None, run_after=None
[2026-04-26T07:39:53.795+0000] {processor.py:183} INFO - Processing /usr/local/python/3.12.1/lib/python3.12/site-packages/airflow/example_dags/example_time_delta_sensor_async.py took 0.082 seconds
[2026-04-26T07:40:06.947+0000] {processor.py:161} INFO - Started process (PID=38426) to work on /usr/local/python/3.12.1/lib/python3.12/site-packages/airflow/example_dags/example_time_delta_sensor_async.py
[2026-04-26T07:40:06.948+0000] {processor.py:830} INFO - Processing file /usr/local/python/3.12.1/lib/python3.12/site-packages/airflow/example_dags/example_time_delta_sensor_async.py for tasks to queue
[2026-04-26T07:40:06.949+0000] {logging_mixin.py:188} INFO - [2026-04-26T07:40:06.948+0000] {dagbag.py:540} INFO - Filling up the DagBag from /usr/local/python/3.12.1/lib/python3.12/site-packages/airflow/example_dags/example_time_delta_sensor_async.py
[2026-04-26T07:40:06.954+0000] {processor.py:840} INFO - DAG(s) 'example_time_delta_sensor_async' retrieved from /usr/local/python/3.12.1/lib/python3.12/site-packages/airflow/example_dags/example_time_delta_sensor_async.py
[2026-04-26T07:40:06.970+0000] {logging_mixin.py:188} INFO - [2026-04-26T07:40:06.969+0000] {dag.py:3096} INFO - Sync 1 DAGs
[2026-04-26T07:40:06.980+0000] {logging_mixin.py:188} INFO - [2026-04-26T07:40:06.980+0000] {dag.py:3954} INFO - Setting next_dagrun for example_time_delta_sensor_async to None, run_after=None
[2026-04-26T07:40:07.001+0000] {processor.py:183} INFO - Processing /usr/local/python/3.12.1/lib/python3.12/site-packages/airflow/example_dags/example_time_delta_sensor_async.py took 0.060 seconds
[2026-04-26T07:40:32.721+0000] {processor.py:161} INFO - Started process (PID=38861) to work on /usr/local/python/3.12.1/lib/python3.12/site-packages/airflow/example_dags/example_time_delta_sensor_async.py
[2026-04-26T07:40:32.723+0000] {processor.py:830} INFO - Processing file /usr/local/python/3.12.1/lib/python3.12/site-packages/airflow/example_dags/example_time_delta_sensor_async.py for tasks to queue
[2026-04-26T07:40:32.726+0000] {logging_mixin.py:188} INFO - [2026-04-26T07:40:32.726+0000] {dagbag.py:540} INFO - Filling up the DagBag from /usr/local/python/3.12.1/lib/python3.12/site-packages/airflow/example_dags/example_time_delta_sensor_async.py
[2026-04-26T07:40:32.742+0000] {processor.py:840} INFO - DAG(s) 'example_time_delta_sensor_async' retrieved from /usr/local/python/3.12.1/lib/python3.12/site-packages/airflow/example_dags/example_time_delta_sensor_async.py
[2026-04-26T07:40:32.788+0000] {logging_mixin.py:188} INFO - [2026-04-26T07:40:32.787+0000] {dag.py:3096} INFO - Sync 1 DAGs
[2026-04-26T07:40:32.807+0000] {logging_mixin.py:188} INFO - [2026-04-26T07:40:32.807+0000] {dag.py:3954} INFO - Setting next_dagrun for example_time_delta_sensor_async to None, run_after=None
[2026-04-26T07:40:32.852+0000] {processor.py:183} INFO - Processing /usr/local/python/3.12.1/lib/python3.12/site-packages/airflow/example_dags/example_time_delta_sensor_async.py took 0.165 seconds
[2026-04-26T07:40:34.359+0000] {processor.py:161} INFO - Started process (PID=38873) to work on /usr/local/python/3.12.1/lib/python3.12/site-packages/airflow/example_dags/example_time_delta_sensor_async.py
[2026-04-26T07:40:34.359+0000] {processor.py:830} INFO - Processing file /usr/local/python/3.12.1/lib/python3.12/site-packages/airflow/example_dags/example_time_delta_sensor_async.py for tasks to queue
[2026-04-26T07:40:34.360+0000] {logging_mixin.py:188} INFO - [2026-04-26T07:40:34.360+0000] {dagbag.py:540} INFO - Filling up the DagBag from /usr/local/python/3.12.1/lib/python3.12/site-packages/airflow/example_dags/example_time_delta_sensor_async.py
[2026-04-26T07:40:34.363+0000] {processor.py:840} INFO - DAG(s) 'example_time_delta_sensor_async' retrieved from /usr/local/python/3.12.1/lib/python3.12/site-packages/airflow/example_dags/example_time_delta_sensor_async.py
[2026-04-26T07:40:34.375+0000] {logging_mixin.py:188} INFO - [2026-04-26T07:40:34.375+0000] {dag.py:3096} INFO - Sync 1 DAGs
[2026-04-26T07:40:34.383+0000] {logging_mixin.py:188} INFO - [2026-04-26T07:40:34.383+0000] {dag.py:3954} INFO - Setting next_dagrun for example_time_delta_sensor_async to None, run_after=None
[2026-04-26T07:40:34.400+0000] {processor.py:183} INFO - Processing /usr/local/python/3.12.1/lib/python3.12/site-packages/airflow/example_dags/example_time_delta_sensor_async.py took 0.045 seconds
[2026-04-26T07:40:45.494+0000] {processor.py:161} INFO - Started process (PID=38972) to work on /usr/local/python/3.12.1/lib/python3.12/site-packages/airflow/example_dags/example_time_delta_sensor_async.py
[2026-04-26T07:40:45.494+0000] {processor.py:830} INFO - Processing file /usr/local/python/3.12.1/lib/python3.12/site-packages/airflow/example_dags/example_time_delta_sensor_async.py for tasks to queue
[2026-04-26T07:40:45.495+0000] {logging_mixin.py:188} INFO - [2026-04-26T07:40:45.495+0000] {dagbag.py:540} INFO - Filling up the DagBag from /usr/local/python/3.12.1/lib/python3.12/site-packages/airflow/example_dags/example_time_delta_sensor_async.py
[2026-04-26T07:40:45.498+0000] {processor.py:840} INFO - DAG(s) 'example_time_delta_sensor_async' retrieved from /usr/local/python/3.12.1/lib/python3.12/site-packages/airflow/example_dags/example_time_delta_sensor_async.py
[2026-04-26T07:40:45.510+0000] {logging_mixin.py:188} INFO - [2026-04-26T07:40:45.510+0000] {dag.py:3096} INFO - Sync 1 DAGs
[2026-04-26T07:40:45.519+0000] {logging_mixin.py:188} INFO - [2026-04-26T07:40:45.519+0000] {dag.py:3954} INFO - Setting next_dagrun for example_time_delta_sensor_async to None, run_after=None
[2026-04-26T07:40:45.535+0000] {processor.py:183} INFO - Processing /usr/local/python/3.12.1/lib/python3.12/site-packages/airflow/example_dags/example_time_delta_sensor_async.py took 0.046 seconds
[2026-04-26T07:41:12.330+0000] {processor.py:161} INFO - Started process (PID=39445) to work on /usr/local/python/3.12.1/lib/python3.12/site-packages/airflow/example_dags/example_time_delta_sensor_async.py
[2026-04-26T07:41:12.331+0000] {processor.py:830} INFO - Processing file /usr/local/python/3.12.1/lib/python3.12/site-packages/airflow/example_dags/example_time_delta_sensor_async.py for tasks to queue
[2026-04-26T07:41:12.332+0000] {logging_mixin.py:188} INFO - [2026-04-26T07:41:12.331+0000] {dagbag.py:540} INFO - Filling up the DagBag from /usr/local/python/3.12.1/lib/python3.12/site-packages/airflow/example_dags/example_time_delta_sensor_async.py
[2026-04-26T07:41:12.335+0000] {processor.py:840} INFO - DAG(s) 'example_time_delta_sensor_async' retrieved from /usr/local/python/3.12.1/lib/python3.12/site-packages/airflow/example_dags/example_time_delta_sensor_async.py
[2026-04-26T07:41:12.349+0000] {logging_mixin.py:188} INFO - [2026-04-26T07:41:12.348+0000] {dag.py:3096} INFO - Sync 1 DAGs
[2026-04-26T07:41:12.362+0000] {logging_mixin.py:188} INFO - [2026-04-26T07:41:12.361+0000] {dag.py:3954} INFO - Setting next_dagrun for example_time_delta_sensor_async to None, run_after=None
[2026-04-26T07:41:12.384+0000] {processor.py:183} INFO - Processing /usr/local/python/3.12.1/lib/python3.12/site-packages/airflow/example_dags/example_time_delta_sensor_async.py took 0.058 seconds
[2026-04-26T07:41:14.892+0000] {processor.py:161} INFO - Started process (PID=39467) to work on /usr/local/python/3.12.1/lib/python3.12/site-packages/airflow/example_dags/example_time_delta_sensor_async.py
[2026-04-26T07:41:14.893+0000] {processor.py:830} INFO - Processing file /usr/local/python/3.12.1/lib/python3.12/site-packages/airflow/example_dags/example_time_delta_sensor_async.py for tasks to queue
[2026-04-26T07:41:14.893+0000] {logging_mixin.py:188} INFO - [2026-04-26T07:41:14.893+0000] {dagbag.py:540} INFO - Filling up the DagBag from /usr/local/python/3.12.1/lib/python3.12/site-packages/airflow/example_dags/example_time_delta_sensor_async.py
[2026-04-26T07:41:14.897+0000] {processor.py:840} INFO - DAG(s) 'example_time_delta_sensor_async' retrieved from /usr/local/python/3.12.1/lib/python3.12/site-packages/airflow/example_dags/example_time_delta_sensor_async.py
[2026-04-26T07:41:14.912+0000] {logging_mixin.py:188} INFO - [2026-04-26T07:41:14.912+0000] {dag.py:3096} INFO - Sync 1 DAGs
[2026-04-26T07:41:14.922+0000] {logging_mixin.py:188} INFO - [2026-04-26T07:41:14.922+0000] {dag.py:3954} INFO - Setting next_dagrun for example_time_delta_sensor_async to None, run_after=None
[2026-04-26T07:41:14.939+0000] {processor.py:183} INFO - Processing /usr/local/python/3.12.1/lib/python3.12/site-packages/airflow/example_dags/example_time_delta_sensor_async.py took 0.051 seconds
[2026-04-26T07:41:24.605+0000] {processor.py:161} INFO - Started process (PID=39550) to work on /usr/local/python/3.12.1/lib/python3.12/site-packages/airflow/example_dags/example_time_delta_sensor_async.py
[2026-04-26T07:41:24.605+0000] {processor.py:830} INFO - Processing file /usr/local/python/3.12.1/lib/python3.12/site-packages/airflow/example_dags/example_time_delta_sensor_async.py for tasks to queue
[2026-04-26T07:41:24.606+0000] {logging_mixin.py:188} INFO - [2026-04-26T07:41:24.606+0000] {dagbag.py:540} INFO - Filling up the DagBag from /usr/local/python/3.12.1/lib/python3.12/site-packages/airflow/example_dags/example_time_delta_sensor_async.py
[2026-04-26T07:41:24.609+0000] {processor.py:840} INFO - DAG(s) 'example_time_delta_sensor_async' retrieved from /usr/local/python/3.12.1/lib/python3.12/site-packages/airflow/example_dags/example_time_delta_sensor_async.py
[2026-04-26T07:41:24.627+0000] {logging_mixin.py:188} INFO - [2026-04-26T07:41:24.626+0000] {dag.py:3096} INFO - Sync 1 DAGs
[2026-04-26T07:41:24.636+0000] {logging_mixin.py:188} INFO - [2026-04-26T07:41:24.635+0000] {dag.py:3954} INFO - Setting next_dagrun for example_time_delta_sensor_async to None, run_after=None
[2026-04-26T07:41:24.663+0000] {processor.py:183} INFO - Processing /usr/local/python/3.12.1/lib/python3.12/site-packages/airflow/example_dags/example_time_delta_sensor_async.py took 0.063 seconds
[2026-04-26T07:41:53.694+0000] {processor.py:161} INFO - Started process (PID=39821) to work on /usr/local/python/3.12.1/lib/python3.12/site-packages/airflow/example_dags/example_time_delta_sensor_async.py
[2026-04-26T07:41:53.695+0000] {processor.py:830} INFO - Processing file /usr/local/python/3.12.1/lib/python3.12/site-packages/airflow/example_dags/example_time_delta_sensor_async.py for tasks to queue
[2026-04-26T07:41:53.696+0000] {logging_mixin.py:188} INFO - [2026-04-26T07:41:53.695+0000] {dagbag.py:540} INFO - Filling up the DagBag from /usr/local/python/3.12.1/lib/python3.12/site-packages/airflow/example_dags/example_time_delta_sensor_async.py
[2026-04-26T07:41:53.700+0000] {processor.py:840} INFO - DAG(s) 'example_time_delta_sensor_async' retrieved from /usr/local/python/3.12.1/lib/python3.12/site-packages/airflow/example_dags/example_time_delta_sensor_async.py
[2026-04-26T07:41:53.717+0000] {logging_mixin.py:188} INFO - [2026-04-26T07:41:53.716+0000] {dag.py:3096} INFO - Sync 1 DAGs
[2026-04-26T07:41:53.730+0000] {logging_mixin.py:188} INFO - [2026-04-26T07:41:53.730+0000] {dag.py:3954} INFO - Setting next_dagrun for example_time_delta_sensor_async to None, run_after=None
[2026-04-26T07:41:53.753+0000] {processor.py:183} INFO - Processing /usr/local/python/3.12.1/lib/python3.12/site-packages/airflow/example_dags/example_time_delta_sensor_async.py took 0.065 seconds
[2026-04-26T07:41:54.964+0000] {processor.py:161} INFO - Started process (PID=39827) to work on /usr/local/python/3.12.1/lib/python3.12/site-packages/airflow/example_dags/example_time_delta_sensor_async.py
[2026-04-26T07:41:54.966+0000] {processor.py:830} INFO - Processing file /usr/local/python/3.12.1/lib/python3.12/site-packages/airflow/example_dags/example_time_delta_sensor_async.py for tasks to queue
[2026-04-26T07:41:54.968+0000] {logging_mixin.py:188} INFO - [2026-04-26T07:41:54.967+0000] {dagbag.py:540} INFO - Filling up the DagBag from /usr/local/python/3.12.1/lib/python3.12/site-packages/airflow/example_dags/example_time_delta_sensor_async.py
[2026-04-26T07:41:54.976+0000] {processor.py:840} INFO - DAG(s) 'example_time_delta_sensor_async' retrieved from /usr/local/python/3.12.1/lib/python3.12/site-packages/airflow/example_dags/example_time_delta_sensor_async.py
[2026-04-26T07:41:54.995+0000] {logging_mixin.py:188} INFO - [2026-04-26T07:41:54.994+0000] {dag.py:3096} INFO - Sync 1 DAGs
[2026-04-26T07:41:55.008+0000] {logging_mixin.py:188} INFO - [2026-04-26T07:41:55.007+0000] {dag.py:3954} INFO - Setting next_dagrun for example_time_delta_sensor_async to None, run_after=None
[2026-04-26T07:41:55.034+0000] {processor.py:183} INFO - Processing /usr/local/python/3.12.1/lib/python3.12/site-packages/airflow/example_dags/example_time_delta_sensor_async.py took 0.085 seconds
[2026-04-26T07:42:03.861+0000] {processor.py:161} INFO - Started process (PID=39946) to work on /usr/local/python/3.12.1/lib/python3.12/site-packages/airflow/example_dags/example_time_delta_sensor_async.py
[2026-04-26T07:42:03.862+0000] {processor.py:830} INFO - Processing file /usr/local/python/3.12.1/lib/python3.12/site-packages/airflow/example_dags/example_time_delta_sensor_async.py for tasks to queue
[2026-04-26T07:42:03.863+0000] {logging_mixin.py:188} INFO - [2026-04-26T07:42:03.862+0000] {dagbag.py:540} INFO - Filling up the DagBag from /usr/local/python/3.12.1/lib/python3.12/site-packages/airflow/example_dags/example_time_delta_sensor_async.py
[2026-04-26T07:42:03.868+0000] {processor.py:840} INFO - DAG(s) 'example_time_delta_sensor_async' retrieved from /usr/local/python/3.12.1/lib/python3.12/site-packages/airflow/example_dags/example_time_delta_sensor_async.py
[2026-04-26T07:42:03.905+0000] {logging_mixin.py:188} INFO - [2026-04-26T07:42:03.904+0000] {dag.py:3096} INFO - Sync 1 DAGs
[2026-04-26T07:42:03.914+0000] {logging_mixin.py:188} INFO - [2026-04-26T07:42:03.914+0000] {dag.py:3954} INFO - Setting next_dagrun for example_time_delta_sensor_async to None, run_after=None
[2026-04-26T07:42:03.934+0000] {processor.py:183} INFO - Processing /usr/local/python/3.12.1/lib/python3.12/site-packages/airflow/example_dags/example_time_delta_sensor_async.py took 0.079 seconds
[2026-04-26T07:42:36.251+0000] {processor.py:161} INFO - Started process (PID=40233) to work on /usr/local/python/3.12.1/lib/python3.12/site-packages/airflow/example_dags/example_time_delta_sensor_async.py
[2026-04-26T07:42:36.252+0000] {processor.py:830} INFO - Processing file /usr/local/python/3.12.1/lib/python3.12/site-packages/airflow/example_dags/example_time_delta_sensor_async.py for tasks to queue
[2026-04-26T07:42:36.253+0000] {logging_mixin.py:188} INFO - [2026-04-26T07:42:36.253+0000] {dagbag.py:540} INFO - Filling up the DagBag from /usr/local/python/3.12.1/lib/python3.12/site-packages/airflow/example_dags/example_time_delta_sensor_async.py
[2026-04-26T07:42:36.257+0000] {processor.py:840} INFO - DAG(s) 'example_time_delta_sensor_async' retrieved from /usr/local/python/3.12.1/lib/python3.12/site-packages/airflow/example_dags/example_time_delta_sensor_async.py
[2026-04-26T07:42:36.292+0000] {logging_mixin.py:188} INFO - [2026-04-26T07:42:36.292+0000] {dag.py:3096} INFO - Sync 1 DAGs
[2026-04-26T07:42:36.310+0000] {logging_mixin.py:188} INFO - [2026-04-26T07:42:36.310+0000] {dag.py:3954} INFO - Setting next_dagrun for example_time_delta_sensor_async to None, run_after=None
[2026-04-26T07:42:36.337+0000] {processor.py:183} INFO - Processing /usr/local/python/3.12.1/lib/python3.12/site-packages/airflow/example_dags/example_time_delta_sensor_async.py took 0.093 seconds
[2026-04-26T07:42:40.054+0000] {processor.py:161} INFO - Started process (PID=40259) to work on /usr/local/python/3.12.1/lib/python3.12/site-packages/airflow/example_dags/example_time_delta_sensor_async.py
[2026-04-26T07:42:40.055+0000] {processor.py:830} INFO - Processing file /usr/local/python/3.12.1/lib/python3.12/site-packages/airflow/example_dags/example_time_delta_sensor_async.py for tasks to queue
[2026-04-26T07:42:40.056+0000] {logging_mixin.py:188} INFO - [2026-04-26T07:42:40.055+0000] {dagbag.py:540} INFO - Filling up the DagBag from /usr/local/python/3.12.1/lib/python3.12/site-packages/airflow/example_dags/example_time_delta_sensor_async.py
[2026-04-26T07:42:40.060+0000] {processor.py:840} INFO - DAG(s) 'example_time_delta_sensor_async' retrieved from /usr/local/python/3.12.1/lib/python3.12/site-packages/airflow/example_dags/example_time_delta_sensor_async.py
[2026-04-26T07:42:40.076+0000] {logging_mixin.py:188} INFO - [2026-04-26T07:42:40.076+0000] {dag.py:3096} INFO - Sync 1 DAGs
[2026-04-26T07:42:40.088+0000] {logging_mixin.py:188} INFO - [2026-04-26T07:42:40.087+0000] {dag.py:3954} INFO - Setting next_dagrun for example_time_delta_sensor_async to None, run_after=None
[2026-04-26T07:42:40.104+0000] {processor.py:183} INFO - Processing /usr/local/python/3.12.1/lib/python3.12/site-packages/airflow/example_dags/example_time_delta_sensor_async.py took 0.054 seconds
[2026-04-26T07:42:47.953+0000] {processor.py:161} INFO - Started process (PID=40340) to work on /usr/local/python/3.12.1/lib/python3.12/site-packages/airflow/example_dags/example_time_delta_sensor_async.py
[2026-04-26T07:42:47.954+0000] {processor.py:830} INFO - Processing file /usr/local/python/3.12.1/lib/python3.12/site-packages/airflow/example_dags/example_time_delta_sensor_async.py for tasks to queue
[2026-04-26T07:42:47.955+0000] {logging_mixin.py:188} INFO - [2026-04-26T07:42:47.955+0000] {dagbag.py:540} INFO - Filling up the DagBag from /usr/local/python/3.12.1/lib/python3.12/site-packages/airflow/example_dags/example_time_delta_sensor_async.py
[2026-04-26T07:42:47.963+0000] {processor.py:840} INFO - DAG(s) 'example_time_delta_sensor_async' retrieved from /usr/local/python/3.12.1/lib/python3.12/site-packages/airflow/example_dags/example_time_delta_sensor_async.py
[2026-04-26T07:42:47.999+0000] {logging_mixin.py:188} INFO - [2026-04-26T07:42:47.999+0000] {dag.py:3096} INFO - Sync 1 DAGs
[2026-04-26T07:42:48.010+0000] {logging_mixin.py:188} INFO - [2026-04-26T07:42:48.010+0000] {dag.py:3954} INFO - Setting next_dagrun for example_time_delta_sensor_async to None, run_after=None
[2026-04-26T07:42:48.026+0000] {processor.py:183} INFO - Processing /usr/local/python/3.12.1/lib/python3.12/site-packages/airflow/example_dags/example_time_delta_sensor_async.py took 0.079 seconds
[2026-04-26T07:43:15.119+0000] {processor.py:161} INFO - Started process (PID=40593) to work on /usr/local/python/3.12.1/lib/python3.12/site-packages/airflow/example_dags/example_time_delta_sensor_async.py
[2026-04-26T07:43:15.120+0000] {processor.py:830} INFO - Processing file /usr/local/python/3.12.1/lib/python3.12/site-packages/airflow/example_dags/example_time_delta_sensor_async.py for tasks to queue
[2026-04-26T07:43:15.121+0000] {logging_mixin.py:188} INFO - [2026-04-26T07:43:15.120+0000] {dagbag.py:540} INFO - Filling up the DagBag from /usr/local/python/3.12.1/lib/python3.12/site-packages/airflow/example_dags/example_time_delta_sensor_async.py
[2026-04-26T07:43:15.125+0000] {processor.py:840} INFO - DAG(s) 'example_time_delta_sensor_async' retrieved from /usr/local/python/3.12.1/lib/python3.12/site-packages/airflow/example_dags/example_time_delta_sensor_async.py
[2026-04-26T07:43:15.148+0000] {logging_mixin.py:188} INFO - [2026-04-26T07:43:15.148+0000] {dag.py:3096} INFO - Sync 1 DAGs
[2026-04-26T07:43:15.164+0000] {logging_mixin.py:188} INFO - [2026-04-26T07:43:15.163+0000] {dag.py:3954} INFO - Setting next_dagrun for example_time_delta_sensor_async to None, run_after=None
[2026-04-26T07:43:15.183+0000] {processor.py:183} INFO - Processing /usr/local/python/3.12.1/lib/python3.12/site-packages/airflow/example_dags/example_time_delta_sensor_async.py took 0.068 seconds
[2026-04-26T07:43:20.672+0000] {processor.py:161} INFO - Started process (PID=40630) to work on /usr/local/python/3.12.1/lib/python3.12/site-packages/airflow/example_dags/example_time_delta_sensor_async.py
[2026-04-26T07:43:20.681+0000] {processor.py:830} INFO - Processing file /usr/local/python/3.12.1/lib/python3.12/site-packages/airflow/example_dags/example_time_delta_sensor_async.py for tasks to queue
[2026-04-26T07:43:20.683+0000] {logging_mixin.py:188} INFO - [2026-04-26T07:43:20.683+0000] {dagbag.py:540} INFO - Filling up the DagBag from /usr/local/python/3.12.1/lib/python3.12/site-packages/airflow/example_dags/example_time_delta_sensor_async.py
[2026-04-26T07:43:20.697+0000] {processor.py:840} INFO - DAG(s) 'example_time_delta_sensor_async' retrieved from /usr/local/python/3.12.1/lib/python3.12/site-packages/airflow/example_dags/example_time_delta_sensor_async.py
[2026-04-26T07:43:20.721+0000] {logging_mixin.py:188} INFO - [2026-04-26T07:43:20.721+0000] {dag.py:3096} INFO - Sync 1 DAGs
[2026-04-26T07:43:20.741+0000] {logging_mixin.py:188} INFO - [2026-04-26T07:43:20.740+0000] {dag.py:3954} INFO - Setting next_dagrun for example_time_delta_sensor_async to None, run_after=None
[2026-04-26T07:43:20.780+0000] {processor.py:183} INFO - Processing /usr/local/python/3.12.1/lib/python3.12/site-packages/airflow/example_dags/example_time_delta_sensor_async.py took 0.152 seconds
[2026-04-26T07:43:29.749+0000] {processor.py:161} INFO - Started process (PID=41262) to work on /usr/local/python/3.12.1/lib/python3.12/site-packages/airflow/example_dags/example_time_delta_sensor_async.py
[2026-04-26T07:43:29.766+0000] {processor.py:830} INFO - Processing file /usr/local/python/3.12.1/lib/python3.12/site-packages/airflow/example_dags/example_time_delta_sensor_async.py for tasks to queue
[2026-04-26T07:43:29.767+0000] {logging_mixin.py:188} INFO - [2026-04-26T07:43:29.766+0000] {dagbag.py:540} INFO - Filling up the DagBag from /usr/local/python/3.12.1/lib/python3.12/site-packages/airflow/example_dags/example_time_delta_sensor_async.py
[2026-04-26T07:43:29.791+0000] {processor.py:840} INFO - DAG(s) 'example_time_delta_sensor_async' retrieved from /usr/local/python/3.12.1/lib/python3.12/site-packages/airflow/example_dags/example_time_delta_sensor_async.py
[2026-04-26T07:43:29.832+0000] {logging_mixin.py:188} INFO - [2026-04-26T07:43:29.832+0000] {dag.py:3096} INFO - Sync 1 DAGs
[2026-04-26T07:43:29.851+0000] {logging_mixin.py:188} INFO - [2026-04-26T07:43:29.850+0000] {dag.py:3954} INFO - Setting next_dagrun for example_time_delta_sensor_async to None, run_after=None
[2026-04-26T07:43:30.480+0000] {processor.py:183} INFO - Processing /usr/local/python/3.12.1/lib/python3.12/site-packages/airflow/example_dags/example_time_delta_sensor_async.py took 0.765 seconds
[2026-04-26T07:44:15.266+0000] {processor.py:161} INFO - Started process (PID=42846) to work on /usr/local/python/3.12.1/lib/python3.12/site-packages/airflow/example_dags/example_time_delta_sensor_async.py
[2026-04-26T07:44:15.296+0000] {processor.py:830} INFO - Processing file /usr/local/python/3.12.1/lib/python3.12/site-packages/airflow/example_dags/example_time_delta_sensor_async.py for tasks to queue
[2026-04-26T07:44:15.299+0000] {logging_mixin.py:188} INFO - [2026-04-26T07:44:15.299+0000] {dagbag.py:540} INFO - Filling up the DagBag from /usr/local/python/3.12.1/lib/python3.12/site-packages/airflow/example_dags/example_time_delta_sensor_async.py
[2026-04-26T07:44:15.393+0000] {processor.py:840} INFO - DAG(s) 'example_time_delta_sensor_async' retrieved from /usr/local/python/3.12.1/lib/python3.12/site-packages/airflow/example_dags/example_time_delta_sensor_async.py
[2026-04-26T07:44:15.622+0000] {logging_mixin.py:188} INFO - [2026-04-26T07:44:15.621+0000] {dag.py:3096} INFO - Sync 1 DAGs
[2026-04-26T07:44:15.831+0000] {logging_mixin.py:188} INFO - [2026-04-26T07:44:15.830+0000] {dag.py:3954} INFO - Setting next_dagrun for example_time_delta_sensor_async to None, run_after=None
[2026-04-26T07:44:16.163+0000] {processor.py:183} INFO - Processing /usr/local/python/3.12.1/lib/python3.12/site-packages/airflow/example_dags/example_time_delta_sensor_async.py took 0.941 seconds
[2026-04-26T07:44:48.125+0000] {processor.py:161} INFO - Started process (PID=43820) to work on /usr/local/python/3.12.1/lib/python3.12/site-packages/airflow/example_dags/example_time_delta_sensor_async.py
[2026-04-26T07:44:48.126+0000] {processor.py:830} INFO - Processing file /usr/local/python/3.12.1/lib/python3.12/site-packages/airflow/example_dags/example_time_delta_sensor_async.py for tasks to queue
[2026-04-26T07:44:48.128+0000] {logging_mixin.py:188} INFO - [2026-04-26T07:44:48.127+0000] {dagbag.py:540} INFO - Filling up the DagBag from /usr/local/python/3.12.1/lib/python3.12/site-packages/airflow/example_dags/example_time_delta_sensor_async.py
[2026-04-26T07:44:48.135+0000] {processor.py:840} INFO - DAG(s) 'example_time_delta_sensor_async' retrieved from /usr/local/python/3.12.1/lib/python3.12/site-packages/airflow/example_dags/example_time_delta_sensor_async.py
[2026-04-26T07:44:48.153+0000] {logging_mixin.py:188} INFO - [2026-04-26T07:44:48.152+0000] {dag.py:3096} INFO - Sync 1 DAGs
[2026-04-26T07:44:48.166+0000] {logging_mixin.py:188} INFO - [2026-04-26T07:44:48.166+0000] {dag.py:3954} INFO - Setting next_dagrun for example_time_delta_sensor_async to None, run_after=None
[2026-04-26T07:44:48.201+0000] {processor.py:183} INFO - Processing /usr/local/python/3.12.1/lib/python3.12/site-packages/airflow/example_dags/example_time_delta_sensor_async.py took 0.082 seconds
[2026-04-26T07:44:54.014+0000] {processor.py:161} INFO - Started process (PID=43849) to work on /usr/local/python/3.12.1/lib/python3.12/site-packages/airflow/example_dags/example_time_delta_sensor_async.py
[2026-04-26T07:44:54.017+0000] {processor.py:830} INFO - Processing file /usr/local/python/3.12.1/lib/python3.12/site-packages/airflow/example_dags/example_time_delta_sensor_async.py for tasks to queue
[2026-04-26T07:44:54.018+0000] {logging_mixin.py:188} INFO - [2026-04-26T07:44:54.018+0000] {dagbag.py:540} INFO - Filling up the DagBag from /usr/local/python/3.12.1/lib/python3.12/site-packages/airflow/example_dags/example_time_delta_sensor_async.py
[2026-04-26T07:44:54.023+0000] {processor.py:840} INFO - DAG(s) 'example_time_delta_sensor_async' retrieved from /usr/local/python/3.12.1/lib/python3.12/site-packages/airflow/example_dags/example_time_delta_sensor_async.py
[2026-04-26T07:44:54.041+0000] {logging_mixin.py:188} INFO - [2026-04-26T07:44:54.040+0000] {dag.py:3096} INFO - Sync 1 DAGs
[2026-04-26T07:44:54.055+0000] {logging_mixin.py:188} INFO - [2026-04-26T07:44:54.055+0000] {dag.py:3954} INFO - Setting next_dagrun for example_time_delta_sensor_async to None, run_after=None
[2026-04-26T07:44:54.080+0000] {processor.py:183} INFO - Processing /usr/local/python/3.12.1/lib/python3.12/site-packages/airflow/example_dags/example_time_delta_sensor_async.py took 0.079 seconds
[2026-04-26T07:45:05.772+0000] {processor.py:161} INFO - Started process (PID=44058) to work on /usr/local/python/3.12.1/lib/python3.12/site-packages/airflow/example_dags/example_time_delta_sensor_async.py
[2026-04-26T07:45:05.774+0000] {processor.py:830} INFO - Processing file /usr/local/python/3.12.1/lib/python3.12/site-packages/airflow/example_dags/example_time_delta_sensor_async.py for tasks to queue
[2026-04-26T07:45:05.776+0000] {logging_mixin.py:188} INFO - [2026-04-26T07:45:05.775+0000] {dagbag.py:540} INFO - Filling up the DagBag from /usr/local/python/3.12.1/lib/python3.12/site-packages/airflow/example_dags/example_time_delta_sensor_async.py
[2026-04-26T07:45:05.787+0000] {processor.py:840} INFO - DAG(s) 'example_time_delta_sensor_async' retrieved from /usr/local/python/3.12.1/lib/python3.12/site-packages/airflow/example_dags/example_time_delta_sensor_async.py
[2026-04-26T07:45:05.808+0000] {logging_mixin.py:188} INFO - [2026-04-26T07:45:05.808+0000] {dag.py:3096} INFO - Sync 1 DAGs
[2026-04-26T07:45:05.828+0000] {logging_mixin.py:188} INFO - [2026-04-26T07:45:05.828+0000] {dag.py:3954} INFO - Setting next_dagrun for example_time_delta_sensor_async to None, run_after=None
[2026-04-26T07:45:05.931+0000] {processor.py:183} INFO - Processing /usr/local/python/3.12.1/lib/python3.12/site-packages/airflow/example_dags/example_time_delta_sensor_async.py took 0.167 seconds
[2026-04-26T07:45:42.332+0000] {processor.py:161} INFO - Started process (PID=44591) to work on /usr/local/python/3.12.1/lib/python3.12/site-packages/airflow/example_dags/example_time_delta_sensor_async.py
[2026-04-26T07:45:42.335+0000] {processor.py:830} INFO - Processing file /usr/local/python/3.12.1/lib/python3.12/site-packages/airflow/example_dags/example_time_delta_sensor_async.py for tasks to queue
[2026-04-26T07:45:42.336+0000] {logging_mixin.py:188} INFO - [2026-04-26T07:45:42.335+0000] {dagbag.py:540} INFO - Filling up the DagBag from /usr/local/python/3.12.1/lib/python3.12/site-packages/airflow/example_dags/example_time_delta_sensor_async.py
[2026-04-26T07:45:42.353+0000] {processor.py:840} INFO - DAG(s) 'example_time_delta_sensor_async' retrieved from /usr/local/python/3.12.1/lib/python3.12/site-packages/airflow/example_dags/example_time_delta_sensor_async.py
[2026-04-26T07:45:42.403+0000] {logging_mixin.py:188} INFO - [2026-04-26T07:45:42.403+0000] {dag.py:3096} INFO - Sync 1 DAGs
[2026-04-26T07:45:42.432+0000] {logging_mixin.py:188} INFO - [2026-04-26T07:45:42.432+0000] {dag.py:3954} INFO - Setting next_dagrun for example_time_delta_sensor_async to None, run_after=None
[2026-04-26T07:45:42.461+0000] {processor.py:183} INFO - Processing /usr/local/python/3.12.1/lib/python3.12/site-packages/airflow/example_dags/example_time_delta_sensor_async.py took 0.145 seconds
[2026-04-26T07:45:45.174+0000] {processor.py:161} INFO - Started process (PID=44610) to work on /usr/local/python/3.12.1/lib/python3.12/site-packages/airflow/example_dags/example_time_delta_sensor_async.py
[2026-04-26T07:45:45.177+0000] {processor.py:830} INFO - Processing file /usr/local/python/3.12.1/lib/python3.12/site-packages/airflow/example_dags/example_time_delta_sensor_async.py for tasks to queue
[2026-04-26T07:45:45.178+0000] {logging_mixin.py:188} INFO - [2026-04-26T07:45:45.178+0000] {dagbag.py:540} INFO - Filling up the DagBag from /usr/local/python/3.12.1/lib/python3.12/site-packages/airflow/example_dags/example_time_delta_sensor_async.py
[2026-04-26T07:45:45.197+0000] {processor.py:840} INFO - DAG(s) 'example_time_delta_sensor_async' retrieved from /usr/local/python/3.12.1/lib/python3.12/site-packages/airflow/example_dags/example_time_delta_sensor_async.py
[2026-04-26T07:45:45.263+0000] {logging_mixin.py:188} INFO - [2026-04-26T07:45:45.263+0000] {dag.py:3096} INFO - Sync 1 DAGs
[2026-04-26T07:45:45.316+0000] {logging_mixin.py:188} INFO - [2026-04-26T07:45:45.315+0000] {dag.py:3954} INFO - Setting next_dagrun for example_time_delta_sensor_async to None, run_after=None
[2026-04-26T07:45:45.361+0000] {processor.py:183} INFO - Processing /usr/local/python/3.12.1/lib/python3.12/site-packages/airflow/example_dags/example_time_delta_sensor_async.py took 0.202 seconds
[2026-04-26T07:45:59.962+0000] {processor.py:161} INFO - Started process (PID=44957) to work on /usr/local/python/3.12.1/lib/python3.12/site-packages/airflow/example_dags/example_time_delta_sensor_async.py
[2026-04-26T07:45:59.963+0000] {processor.py:830} INFO - Processing file /usr/local/python/3.12.1/lib/python3.12/site-packages/airflow/example_dags/example_time_delta_sensor_async.py for tasks to queue
[2026-04-26T07:45:59.964+0000] {logging_mixin.py:188} INFO - [2026-04-26T07:45:59.964+0000] {dagbag.py:540} INFO - Filling up the DagBag from /usr/local/python/3.12.1/lib/python3.12/site-packages/airflow/example_dags/example_time_delta_sensor_async.py
[2026-04-26T07:45:59.970+0000] {processor.py:840} INFO - DAG(s) 'example_time_delta_sensor_async' retrieved from /usr/local/python/3.12.1/lib/python3.12/site-packages/airflow/example_dags/example_time_delta_sensor_async.py
[2026-04-26T07:45:59.987+0000] {logging_mixin.py:188} INFO - [2026-04-26T07:45:59.987+0000] {dag.py:3096} INFO - Sync 1 DAGs
[2026-04-26T07:46:00.000+0000] {logging_mixin.py:188} INFO - [2026-04-26T07:46:00.000+0000] {dag.py:3954} INFO - Setting next_dagrun for example_time_delta_sensor_async to None, run_after=None
[2026-04-26T07:46:00.032+0000] {processor.py:183} INFO - Processing /usr/local/python/3.12.1/lib/python3.12/site-packages/airflow/example_dags/example_time_delta_sensor_async.py took 0.077 seconds
[2026-04-26T07:46:36.125+0000] {processor.py:161} INFO - Started process (PID=45369) to work on /usr/local/python/3.12.1/lib/python3.12/site-packages/airflow/example_dags/example_time_delta_sensor_async.py
[2026-04-26T07:46:36.126+0000] {processor.py:830} INFO - Processing file /usr/local/python/3.12.1/lib/python3.12/site-packages/airflow/example_dags/example_time_delta_sensor_async.py for tasks to queue
[2026-04-26T07:46:36.127+0000] {logging_mixin.py:188} INFO - [2026-04-26T07:46:36.126+0000] {dagbag.py:540} INFO - Filling up the DagBag from /usr/local/python/3.12.1/lib/python3.12/site-packages/airflow/example_dags/example_time_delta_sensor_async.py
[2026-04-26T07:46:36.130+0000] {processor.py:840} INFO - DAG(s) 'example_time_delta_sensor_async' retrieved from /usr/local/python/3.12.1/lib/python3.12/site-packages/airflow/example_dags/example_time_delta_sensor_async.py
[2026-04-26T07:46:36.254+0000] {logging_mixin.py:188} INFO - [2026-04-26T07:46:36.254+0000] {dag.py:3096} INFO - Sync 1 DAGs
[2026-04-26T07:46:36.301+0000] {logging_mixin.py:188} INFO - [2026-04-26T07:46:36.300+0000] {dag.py:3954} INFO - Setting next_dagrun for example_time_delta_sensor_async to None, run_after=None
[2026-04-26T07:46:36.332+0000] {processor.py:183} INFO - Processing /usr/local/python/3.12.1/lib/python3.12/site-packages/airflow/example_dags/example_time_delta_sensor_async.py took 0.211 seconds
[2026-04-26T07:46:36.627+0000] {processor.py:161} INFO - Started process (PID=45378) to work on /usr/local/python/3.12.1/lib/python3.12/site-packages/airflow/example_dags/example_time_delta_sensor_async.py
[2026-04-26T07:46:36.628+0000] {processor.py:830} INFO - Processing file /usr/local/python/3.12.1/lib/python3.12/site-packages/airflow/example_dags/example_time_delta_sensor_async.py for tasks to queue
[2026-04-26T07:46:36.629+0000] {logging_mixin.py:188} INFO - [2026-04-26T07:46:36.628+0000] {dagbag.py:540} INFO - Filling up the DagBag from /usr/local/python/3.12.1/lib/python3.12/site-packages/airflow/example_dags/example_time_delta_sensor_async.py
[2026-04-26T07:46:36.632+0000] {processor.py:840} INFO - DAG(s) 'example_time_delta_sensor_async' retrieved from /usr/local/python/3.12.1/lib/python3.12/site-packages/airflow/example_dags/example_time_delta_sensor_async.py
[2026-04-26T07:46:36.638+0000] {logging_mixin.py:188} INFO - [2026-04-26T07:46:36.638+0000] {dag.py:3096} INFO - Sync 1 DAGs
[2026-04-26T07:46:36.648+0000] {logging_mixin.py:188} INFO - [2026-04-26T07:46:36.648+0000] {dag.py:3954} INFO - Setting next_dagrun for example_time_delta_sensor_async to None, run_after=None
[2026-04-26T07:46:36.666+0000] {processor.py:183} INFO - Processing /usr/local/python/3.12.1/lib/python3.12/site-packages/airflow/example_dags/example_time_delta_sensor_async.py took 0.044 seconds
[2026-04-26T07:46:51.233+0000] {processor.py:161} INFO - Started process (PID=45622) to work on /usr/local/python/3.12.1/lib/python3.12/site-packages/airflow/example_dags/example_time_delta_sensor_async.py
[2026-04-26T07:46:51.233+0000] {processor.py:830} INFO - Processing file /usr/local/python/3.12.1/lib/python3.12/site-packages/airflow/example_dags/example_time_delta_sensor_async.py for tasks to queue
[2026-04-26T07:46:51.234+0000] {logging_mixin.py:188} INFO - [2026-04-26T07:46:51.234+0000] {dagbag.py:540} INFO - Filling up the DagBag from /usr/local/python/3.12.1/lib/python3.12/site-packages/airflow/example_dags/example_time_delta_sensor_async.py
[2026-04-26T07:46:51.238+0000] {processor.py:840} INFO - DAG(s) 'example_time_delta_sensor_async' retrieved from /usr/local/python/3.12.1/lib/python3.12/site-packages/airflow/example_dags/example_time_delta_sensor_async.py
[2026-04-26T07:46:51.243+0000] {logging_mixin.py:188} INFO - [2026-04-26T07:46:51.243+0000] {dag.py:3096} INFO - Sync 1 DAGs
[2026-04-26T07:46:51.254+0000] {logging_mixin.py:188} INFO - [2026-04-26T07:46:51.254+0000] {dag.py:3954} INFO - Setting next_dagrun for example_time_delta_sensor_async to None, run_after=None
[2026-04-26T07:46:51.276+0000] {processor.py:183} INFO - Processing /usr/local/python/3.12.1/lib/python3.12/site-packages/airflow/example_dags/example_time_delta_sensor_async.py took 0.048 seconds
[2026-04-26T07:47:19.426+0000] {processor.py:161} INFO - Started process (PID=45901) to work on /usr/local/python/3.12.1/lib/python3.12/site-packages/airflow/example_dags/example_time_delta_sensor_async.py
[2026-04-26T07:47:19.427+0000] {processor.py:830} INFO - Processing file /usr/local/python/3.12.1/lib/python3.12/site-packages/airflow/example_dags/example_time_delta_sensor_async.py for tasks to queue
[2026-04-26T07:47:19.428+0000] {logging_mixin.py:188} INFO - [2026-04-26T07:47:19.428+0000] {dagbag.py:540} INFO - Filling up the DagBag from /usr/local/python/3.12.1/lib/python3.12/site-packages/airflow/example_dags/example_time_delta_sensor_async.py
[2026-04-26T07:47:19.431+0000] {processor.py:840} INFO - DAG(s) 'example_time_delta_sensor_async' retrieved from /usr/local/python/3.12.1/lib/python3.12/site-packages/airflow/example_dags/example_time_delta_sensor_async.py
[2026-04-26T07:47:19.444+0000] {logging_mixin.py:188} INFO - [2026-04-26T07:47:19.444+0000] {dag.py:3096} INFO - Sync 1 DAGs
[2026-04-26T07:47:19.454+0000] {logging_mixin.py:188} INFO - [2026-04-26T07:47:19.453+0000] {dag.py:3954} INFO - Setting next_dagrun for example_time_delta_sensor_async to None, run_after=None
[2026-04-26T07:47:19.474+0000] {processor.py:183} INFO - Processing /usr/local/python/3.12.1/lib/python3.12/site-packages/airflow/example_dags/example_time_delta_sensor_async.py took 0.052 seconds
[2026-04-26T07:47:23.817+0000] {processor.py:161} INFO - Started process (PID=46010) to work on /usr/local/python/3.12.1/lib/python3.12/site-packages/airflow/example_dags/example_time_delta_sensor_async.py
[2026-04-26T07:47:23.817+0000] {processor.py:830} INFO - Processing file /usr/local/python/3.12.1/lib/python3.12/site-packages/airflow/example_dags/example_time_delta_sensor_async.py for tasks to queue
[2026-04-26T07:47:23.818+0000] {logging_mixin.py:188} INFO - [2026-04-26T07:47:23.818+0000] {dagbag.py:540} INFO - Filling up the DagBag from /usr/local/python/3.12.1/lib/python3.12/site-packages/airflow/example_dags/example_time_delta_sensor_async.py
[2026-04-26T07:47:23.822+0000] {processor.py:840} INFO - DAG(s) 'example_time_delta_sensor_async' retrieved from /usr/local/python/3.12.1/lib/python3.12/site-packages/airflow/example_dags/example_time_delta_sensor_async.py
[2026-04-26T07:47:23.835+0000] {logging_mixin.py:188} INFO - [2026-04-26T07:47:23.835+0000] {dag.py:3096} INFO - Sync 1 DAGs
[2026-04-26T07:47:23.847+0000] {logging_mixin.py:188} INFO - [2026-04-26T07:47:23.847+0000] {dag.py:3954} INFO - Setting next_dagrun for example_time_delta_sensor_async to None, run_after=None
[2026-04-26T07:47:23.890+0000] {processor.py:183} INFO - Processing /usr/local/python/3.12.1/lib/python3.12/site-packages/airflow/example_dags/example_time_delta_sensor_async.py took 0.078 seconds
[2026-04-26T07:47:36.037+0000] {processor.py:161} INFO - Started process (PID=46111) to work on /usr/local/python/3.12.1/lib/python3.12/site-packages/airflow/example_dags/example_time_delta_sensor_async.py
[2026-04-26T07:47:36.038+0000] {processor.py:830} INFO - Processing file /usr/local/python/3.12.1/lib/python3.12/site-packages/airflow/example_dags/example_time_delta_sensor_async.py for tasks to queue
[2026-04-26T07:47:36.038+0000] {logging_mixin.py:188} INFO - [2026-04-26T07:47:36.038+0000] {dagbag.py:540} INFO - Filling up the DagBag from /usr/local/python/3.12.1/lib/python3.12/site-packages/airflow/example_dags/example_time_delta_sensor_async.py
[2026-04-26T07:47:36.043+0000] {processor.py:840} INFO - DAG(s) 'example_time_delta_sensor_async' retrieved from /usr/local/python/3.12.1/lib/python3.12/site-packages/airflow/example_dags/example_time_delta_sensor_async.py
[2026-04-26T07:47:36.056+0000] {logging_mixin.py:188} INFO - [2026-04-26T07:47:36.056+0000] {dag.py:3096} INFO - Sync 1 DAGs
[2026-04-26T07:47:36.068+0000] {logging_mixin.py:188} INFO - [2026-04-26T07:47:36.068+0000] {dag.py:3954} INFO - Setting next_dagrun for example_time_delta_sensor_async to None, run_after=None
[2026-04-26T07:47:36.087+0000] {processor.py:183} INFO - Processing /usr/local/python/3.12.1/lib/python3.12/site-packages/airflow/example_dags/example_time_delta_sensor_async.py took 0.055 seconds
[2026-04-26T07:48:01.919+0000] {processor.py:161} INFO - Started process (PID=46463) to work on /usr/local/python/3.12.1/lib/python3.12/site-packages/airflow/example_dags/example_time_delta_sensor_async.py
[2026-04-26T07:48:01.920+0000] {processor.py:830} INFO - Processing file /usr/local/python/3.12.1/lib/python3.12/site-packages/airflow/example_dags/example_time_delta_sensor_async.py for tasks to queue
[2026-04-26T07:48:01.921+0000] {logging_mixin.py:188} INFO - [2026-04-26T07:48:01.921+0000] {dagbag.py:540} INFO - Filling up the DagBag from /usr/local/python/3.12.1/lib/python3.12/site-packages/airflow/example_dags/example_time_delta_sensor_async.py
[2026-04-26T07:48:01.931+0000] {processor.py:840} INFO - DAG(s) 'example_time_delta_sensor_async' retrieved from /usr/local/python/3.12.1/lib/python3.12/site-packages/airflow/example_dags/example_time_delta_sensor_async.py
[2026-04-26T07:48:01.962+0000] {logging_mixin.py:188} INFO - [2026-04-26T07:48:01.962+0000] {dag.py:3096} INFO - Sync 1 DAGs
[2026-04-26T07:48:01.979+0000] {logging_mixin.py:188} INFO - [2026-04-26T07:48:01.978+0000] {dag.py:3954} INFO - Setting next_dagrun for example_time_delta_sensor_async to None, run_after=None
[2026-04-26T07:48:02.002+0000] {processor.py:183} INFO - Processing /usr/local/python/3.12.1/lib/python3.12/site-packages/airflow/example_dags/example_time_delta_sensor_async.py took 0.089 seconds
[2026-04-26T07:48:08.513+0000] {processor.py:161} INFO - Started process (PID=46507) to work on /usr/local/python/3.12.1/lib/python3.12/site-packages/airflow/example_dags/example_time_delta_sensor_async.py
[2026-04-26T07:48:08.514+0000] {processor.py:830} INFO - Processing file /usr/local/python/3.12.1/lib/python3.12/site-packages/airflow/example_dags/example_time_delta_sensor_async.py for tasks to queue
[2026-04-26T07:48:08.515+0000] {logging_mixin.py:188} INFO - [2026-04-26T07:48:08.515+0000] {dagbag.py:540} INFO - Filling up the DagBag from /usr/local/python/3.12.1/lib/python3.12/site-packages/airflow/example_dags/example_time_delta_sensor_async.py
[2026-04-26T07:48:08.518+0000] {processor.py:840} INFO - DAG(s) 'example_time_delta_sensor_async' retrieved from /usr/local/python/3.12.1/lib/python3.12/site-packages/airflow/example_dags/example_time_delta_sensor_async.py
[2026-04-26T07:48:08.531+0000] {logging_mixin.py:188} INFO - [2026-04-26T07:48:08.531+0000] {dag.py:3096} INFO - Sync 1 DAGs
[2026-04-26T07:48:08.542+0000] {logging_mixin.py:188} INFO - [2026-04-26T07:48:08.542+0000] {dag.py:3954} INFO - Setting next_dagrun for example_time_delta_sensor_async to None, run_after=None
[2026-04-26T07:48:08.562+0000] {processor.py:183} INFO - Processing /usr/local/python/3.12.1/lib/python3.12/site-packages/airflow/example_dags/example_time_delta_sensor_async.py took 0.053 seconds
[2026-04-26T07:48:23.945+0000] {processor.py:161} INFO - Started process (PID=46643) to work on /usr/local/python/3.12.1/lib/python3.12/site-packages/airflow/example_dags/example_time_delta_sensor_async.py
[2026-04-26T07:48:23.946+0000] {processor.py:830} INFO - Processing file /usr/local/python/3.12.1/lib/python3.12/site-packages/airflow/example_dags/example_time_delta_sensor_async.py for tasks to queue
[2026-04-26T07:48:23.947+0000] {logging_mixin.py:188} INFO - [2026-04-26T07:48:23.946+0000] {dagbag.py:540} INFO - Filling up the DagBag from /usr/local/python/3.12.1/lib/python3.12/site-packages/airflow/example_dags/example_time_delta_sensor_async.py
[2026-04-26T07:48:23.951+0000] {processor.py:840} INFO - DAG(s) 'example_time_delta_sensor_async' retrieved from /usr/local/python/3.12.1/lib/python3.12/site-packages/airflow/example_dags/example_time_delta_sensor_async.py
[2026-04-26T07:48:23.974+0000] {logging_mixin.py:188} INFO - [2026-04-26T07:48:23.973+0000] {dag.py:3096} INFO - Sync 1 DAGs
[2026-04-26T07:48:23.986+0000] {logging_mixin.py:188} INFO - [2026-04-26T07:48:23.986+0000] {dag.py:3954} INFO - Setting next_dagrun for example_time_delta_sensor_async to None, run_after=None
[2026-04-26T07:48:24.006+0000] {processor.py:183} INFO - Processing /usr/local/python/3.12.1/lib/python3.12/site-packages/airflow/example_dags/example_time_delta_sensor_async.py took 0.066 seconds
[2026-04-26T07:48:48.582+0000] {processor.py:161} INFO - Started process (PID=46913) to work on /usr/local/python/3.12.1/lib/python3.12/site-packages/airflow/example_dags/example_time_delta_sensor_async.py
[2026-04-26T07:48:48.584+0000] {processor.py:830} INFO - Processing file /usr/local/python/3.12.1/lib/python3.12/site-packages/airflow/example_dags/example_time_delta_sensor_async.py for tasks to queue
[2026-04-26T07:48:48.588+0000] {logging_mixin.py:188} INFO - [2026-04-26T07:48:48.585+0000] {dagbag.py:540} INFO - Filling up the DagBag from /usr/local/python/3.12.1/lib/python3.12/site-packages/airflow/example_dags/example_time_delta_sensor_async.py
[2026-04-26T07:48:48.603+0000] {processor.py:840} INFO - DAG(s) 'example_time_delta_sensor_async' retrieved from /usr/local/python/3.12.1/lib/python3.12/site-packages/airflow/example_dags/example_time_delta_sensor_async.py
[2026-04-26T07:48:48.644+0000] {logging_mixin.py:188} INFO - [2026-04-26T07:48:48.643+0000] {dag.py:3096} INFO - Sync 1 DAGs
[2026-04-26T07:48:48.659+0000] {logging_mixin.py:188} INFO - [2026-04-26T07:48:48.658+0000] {dag.py:3954} INFO - Setting next_dagrun for example_time_delta_sensor_async to None, run_after=None
[2026-04-26T07:48:48.684+0000] {processor.py:183} INFO - Processing /usr/local/python/3.12.1/lib/python3.12/site-packages/airflow/example_dags/example_time_delta_sensor_async.py took 0.122 seconds
[2026-04-26T07:48:48.805+0000] {processor.py:161} INFO - Started process (PID=46915) to work on /usr/local/python/3.12.1/lib/python3.12/site-packages/airflow/example_dags/example_time_delta_sensor_async.py
[2026-04-26T07:48:48.805+0000] {processor.py:830} INFO - Processing file /usr/local/python/3.12.1/lib/python3.12/site-packages/airflow/example_dags/example_time_delta_sensor_async.py for tasks to queue
[2026-04-26T07:48:48.807+0000] {logging_mixin.py:188} INFO - [2026-04-26T07:48:48.806+0000] {dagbag.py:540} INFO - Filling up the DagBag from /usr/local/python/3.12.1/lib/python3.12/site-packages/airflow/example_dags/example_time_delta_sensor_async.py
[2026-04-26T07:48:48.812+0000] {processor.py:840} INFO - DAG(s) 'example_time_delta_sensor_async' retrieved from /usr/local/python/3.12.1/lib/python3.12/site-packages/airflow/example_dags/example_time_delta_sensor_async.py
[2026-04-26T07:48:48.826+0000] {logging_mixin.py:188} INFO - [2026-04-26T07:48:48.825+0000] {dag.py:3096} INFO - Sync 1 DAGs
[2026-04-26T07:48:48.839+0000] {logging_mixin.py:188} INFO - [2026-04-26T07:48:48.839+0000] {dag.py:3954} INFO - Setting next_dagrun for example_time_delta_sensor_async to None, run_after=None
[2026-04-26T07:48:48.865+0000] {processor.py:183} INFO - Processing /usr/local/python/3.12.1/lib/python3.12/site-packages/airflow/example_dags/example_time_delta_sensor_async.py took 0.067 seconds
[2026-04-26T07:49:06.833+0000] {processor.py:161} INFO - Started process (PID=47069) to work on /usr/local/python/3.12.1/lib/python3.12/site-packages/airflow/example_dags/example_time_delta_sensor_async.py
[2026-04-26T07:49:06.834+0000] {processor.py:830} INFO - Processing file /usr/local/python/3.12.1/lib/python3.12/site-packages/airflow/example_dags/example_time_delta_sensor_async.py for tasks to queue
[2026-04-26T07:49:06.835+0000] {logging_mixin.py:188} INFO - [2026-04-26T07:49:06.834+0000] {dagbag.py:540} INFO - Filling up the DagBag from /usr/local/python/3.12.1/lib/python3.12/site-packages/airflow/example_dags/example_time_delta_sensor_async.py
[2026-04-26T07:49:06.840+0000] {processor.py:840} INFO - DAG(s) 'example_time_delta_sensor_async' retrieved from /usr/local/python/3.12.1/lib/python3.12/site-packages/airflow/example_dags/example_time_delta_sensor_async.py
[2026-04-26T07:49:06.856+0000] {logging_mixin.py:188} INFO - [2026-04-26T07:49:06.856+0000] {dag.py:3096} INFO - Sync 1 DAGs
[2026-04-26T07:49:06.869+0000] {logging_mixin.py:188} INFO - [2026-04-26T07:49:06.869+0000] {dag.py:3954} INFO - Setting next_dagrun for example_time_delta_sensor_async to None, run_after=None
[2026-04-26T07:49:06.892+0000] {processor.py:183} INFO - Processing /usr/local/python/3.12.1/lib/python3.12/site-packages/airflow/example_dags/example_time_delta_sensor_async.py took 0.064 seconds
[2026-04-26T07:49:28.022+0000] {processor.py:161} INFO - Started process (PID=47256) to work on /usr/local/python/3.12.1/lib/python3.12/site-packages/airflow/example_dags/example_time_delta_sensor_async.py
[2026-04-26T07:49:28.023+0000] {processor.py:830} INFO - Processing file /usr/local/python/3.12.1/lib/python3.12/site-packages/airflow/example_dags/example_time_delta_sensor_async.py for tasks to queue
[2026-04-26T07:49:28.024+0000] {logging_mixin.py:188} INFO - [2026-04-26T07:49:28.023+0000] {dagbag.py:540} INFO - Filling up the DagBag from /usr/local/python/3.12.1/lib/python3.12/site-packages/airflow/example_dags/example_time_delta_sensor_async.py
[2026-04-26T07:49:28.029+0000] {processor.py:840} INFO - DAG(s) 'example_time_delta_sensor_async' retrieved from /usr/local/python/3.12.1/lib/python3.12/site-packages/airflow/example_dags/example_time_delta_sensor_async.py
[2026-04-26T07:49:28.048+0000] {logging_mixin.py:188} INFO - [2026-04-26T07:49:28.047+0000] {dag.py:3096} INFO - Sync 1 DAGs
[2026-04-26T07:49:28.061+0000] {logging_mixin.py:188} INFO - [2026-04-26T07:49:28.061+0000] {dag.py:3954} INFO - Setting next_dagrun for example_time_delta_sensor_async to None, run_after=None
[2026-04-26T07:49:28.102+0000] {processor.py:183} INFO - Processing /usr/local/python/3.12.1/lib/python3.12/site-packages/airflow/example_dags/example_time_delta_sensor_async.py took 0.087 seconds
[2026-04-26T07:49:33.940+0000] {processor.py:161} INFO - Started process (PID=47335) to work on /usr/local/python/3.12.1/lib/python3.12/site-packages/airflow/example_dags/example_time_delta_sensor_async.py
[2026-04-26T07:49:33.941+0000] {processor.py:830} INFO - Processing file /usr/local/python/3.12.1/lib/python3.12/site-packages/airflow/example_dags/example_time_delta_sensor_async.py for tasks to queue
[2026-04-26T07:49:33.942+0000] {logging_mixin.py:188} INFO - [2026-04-26T07:49:33.941+0000] {dagbag.py:540} INFO - Filling up the DagBag from /usr/local/python/3.12.1/lib/python3.12/site-packages/airflow/example_dags/example_time_delta_sensor_async.py
[2026-04-26T07:49:33.952+0000] {processor.py:840} INFO - DAG(s) 'example_time_delta_sensor_async' retrieved from /usr/local/python/3.12.1/lib/python3.12/site-packages/airflow/example_dags/example_time_delta_sensor_async.py
[2026-04-26T07:49:34.026+0000] {logging_mixin.py:188} INFO - [2026-04-26T07:49:34.025+0000] {dag.py:3096} INFO - Sync 1 DAGs
[2026-04-26T07:49:34.047+0000] {logging_mixin.py:188} INFO - [2026-04-26T07:49:34.047+0000] {dag.py:3954} INFO - Setting next_dagrun for example_time_delta_sensor_async to None, run_after=None
[2026-04-26T07:49:34.107+0000] {processor.py:183} INFO - Processing /usr/local/python/3.12.1/lib/python3.12/site-packages/airflow/example_dags/example_time_delta_sensor_async.py took 0.173 seconds
[2026-04-26T07:49:50.950+0000] {processor.py:161} INFO - Started process (PID=47507) to work on /usr/local/python/3.12.1/lib/python3.12/site-packages/airflow/example_dags/example_time_delta_sensor_async.py
[2026-04-26T07:49:50.950+0000] {processor.py:830} INFO - Processing file /usr/local/python/3.12.1/lib/python3.12/site-packages/airflow/example_dags/example_time_delta_sensor_async.py for tasks to queue
[2026-04-26T07:49:50.951+0000] {logging_mixin.py:188} INFO - [2026-04-26T07:49:50.951+0000] {dagbag.py:540} INFO - Filling up the DagBag from /usr/local/python/3.12.1/lib/python3.12/site-packages/airflow/example_dags/example_time_delta_sensor_async.py
[2026-04-26T07:49:50.954+0000] {processor.py:840} INFO - DAG(s) 'example_time_delta_sensor_async' retrieved from /usr/local/python/3.12.1/lib/python3.12/site-packages/airflow/example_dags/example_time_delta_sensor_async.py
[2026-04-26T07:49:50.970+0000] {logging_mixin.py:188} INFO - [2026-04-26T07:49:50.969+0000] {dag.py:3096} INFO - Sync 1 DAGs
[2026-04-26T07:49:50.980+0000] {logging_mixin.py:188} INFO - [2026-04-26T07:49:50.980+0000] {dag.py:3954} INFO - Setting next_dagrun for example_time_delta_sensor_async to None, run_after=None
[2026-04-26T07:49:51.000+0000] {processor.py:183} INFO - Processing /usr/local/python/3.12.1/lib/python3.12/site-packages/airflow/example_dags/example_time_delta_sensor_async.py took 0.055 seconds
[2026-04-26T07:50:09.311+0000] {processor.py:161} INFO - Started process (PID=47729) to work on /usr/local/python/3.12.1/lib/python3.12/site-packages/airflow/example_dags/example_time_delta_sensor_async.py
[2026-04-26T07:50:09.312+0000] {processor.py:830} INFO - Processing file /usr/local/python/3.12.1/lib/python3.12/site-packages/airflow/example_dags/example_time_delta_sensor_async.py for tasks to queue
[2026-04-26T07:50:09.313+0000] {logging_mixin.py:188} INFO - [2026-04-26T07:50:09.312+0000] {dagbag.py:540} INFO - Filling up the DagBag from /usr/local/python/3.12.1/lib/python3.12/site-packages/airflow/example_dags/example_time_delta_sensor_async.py
[2026-04-26T07:50:09.316+0000] {processor.py:840} INFO - DAG(s) 'example_time_delta_sensor_async' retrieved from /usr/local/python/3.12.1/lib/python3.12/site-packages/airflow/example_dags/example_time_delta_sensor_async.py
[2026-04-26T07:50:09.331+0000] {logging_mixin.py:188} INFO - [2026-04-26T07:50:09.331+0000] {dag.py:3096} INFO - Sync 1 DAGs
[2026-04-26T07:50:09.344+0000] {logging_mixin.py:188} INFO - [2026-04-26T07:50:09.344+0000] {dag.py:3954} INFO - Setting next_dagrun for example_time_delta_sensor_async to None, run_after=None
[2026-04-26T07:50:09.362+0000] {processor.py:183} INFO - Processing /usr/local/python/3.12.1/lib/python3.12/site-packages/airflow/example_dags/example_time_delta_sensor_async.py took 0.055 seconds
[2026-04-26T07:50:13.569+0000] {processor.py:161} INFO - Started process (PID=47760) to work on /usr/local/python/3.12.1/lib/python3.12/site-packages/airflow/example_dags/example_time_delta_sensor_async.py
[2026-04-26T07:50:13.570+0000] {processor.py:830} INFO - Processing file /usr/local/python/3.12.1/lib/python3.12/site-packages/airflow/example_dags/example_time_delta_sensor_async.py for tasks to queue
[2026-04-26T07:50:13.570+0000] {logging_mixin.py:188} INFO - [2026-04-26T07:50:13.570+0000] {dagbag.py:540} INFO - Filling up the DagBag from /usr/local/python/3.12.1/lib/python3.12/site-packages/airflow/example_dags/example_time_delta_sensor_async.py
[2026-04-26T07:50:13.575+0000] {processor.py:840} INFO - DAG(s) 'example_time_delta_sensor_async' retrieved from /usr/local/python/3.12.1/lib/python3.12/site-packages/airflow/example_dags/example_time_delta_sensor_async.py
[2026-04-26T07:50:13.589+0000] {logging_mixin.py:188} INFO - [2026-04-26T07:50:13.589+0000] {dag.py:3096} INFO - Sync 1 DAGs
[2026-04-26T07:50:13.599+0000] {logging_mixin.py:188} INFO - [2026-04-26T07:50:13.599+0000] {dag.py:3954} INFO - Setting next_dagrun for example_time_delta_sensor_async to None, run_after=None
[2026-04-26T07:50:13.617+0000] {processor.py:183} INFO - Processing /usr/local/python/3.12.1/lib/python3.12/site-packages/airflow/example_dags/example_time_delta_sensor_async.py took 0.054 seconds
[2026-04-26T07:50:33.908+0000] {processor.py:161} INFO - Started process (PID=47937) to work on /usr/local/python/3.12.1/lib/python3.12/site-packages/airflow/example_dags/example_time_delta_sensor_async.py
[2026-04-26T07:50:33.909+0000] {processor.py:830} INFO - Processing file /usr/local/python/3.12.1/lib/python3.12/site-packages/airflow/example_dags/example_time_delta_sensor_async.py for tasks to queue
[2026-04-26T07:50:33.910+0000] {logging_mixin.py:188} INFO - [2026-04-26T07:50:33.910+0000] {dagbag.py:540} INFO - Filling up the DagBag from /usr/local/python/3.12.1/lib/python3.12/site-packages/airflow/example_dags/example_time_delta_sensor_async.py
[2026-04-26T07:50:33.915+0000] {processor.py:840} INFO - DAG(s) 'example_time_delta_sensor_async' retrieved from /usr/local/python/3.12.1/lib/python3.12/site-packages/airflow/example_dags/example_time_delta_sensor_async.py
[2026-04-26T07:50:33.933+0000] {logging_mixin.py:188} INFO - [2026-04-26T07:50:33.932+0000] {dag.py:3096} INFO - Sync 1 DAGs
[2026-04-26T07:50:33.951+0000] {logging_mixin.py:188} INFO - [2026-04-26T07:50:33.951+0000] {dag.py:3954} INFO - Setting next_dagrun for example_time_delta_sensor_async to None, run_after=None
[2026-04-26T07:50:33.975+0000] {processor.py:183} INFO - Processing /usr/local/python/3.12.1/lib/python3.12/site-packages/airflow/example_dags/example_time_delta_sensor_async.py took 0.074 seconds
[2026-04-26T07:50:51.783+0000] {processor.py:161} INFO - Started process (PID=48341) to work on /usr/local/python/3.12.1/lib/python3.12/site-packages/airflow/example_dags/example_time_delta_sensor_async.py
[2026-04-26T07:50:51.783+0000] {processor.py:830} INFO - Processing file /usr/local/python/3.12.1/lib/python3.12/site-packages/airflow/example_dags/example_time_delta_sensor_async.py for tasks to queue
[2026-04-26T07:50:51.785+0000] {logging_mixin.py:188} INFO - [2026-04-26T07:50:51.784+0000] {dagbag.py:540} INFO - Filling up the DagBag from /usr/local/python/3.12.1/lib/python3.12/site-packages/airflow/example_dags/example_time_delta_sensor_async.py
[2026-04-26T07:50:51.789+0000] {processor.py:840} INFO - DAG(s) 'example_time_delta_sensor_async' retrieved from /usr/local/python/3.12.1/lib/python3.12/site-packages/airflow/example_dags/example_time_delta_sensor_async.py
[2026-04-26T07:50:51.811+0000] {logging_mixin.py:188} INFO - [2026-04-26T07:50:51.811+0000] {dag.py:3096} INFO - Sync 1 DAGs
[2026-04-26T07:50:51.851+0000] {logging_mixin.py:188} INFO - [2026-04-26T07:50:51.849+0000] {dag.py:3954} INFO - Setting next_dagrun for example_time_delta_sensor_async to None, run_after=None
[2026-04-26T07:50:51.938+0000] {processor.py:183} INFO - Processing /usr/local/python/3.12.1/lib/python3.12/site-packages/airflow/example_dags/example_time_delta_sensor_async.py took 0.161 seconds
[2026-04-26T07:50:58.380+0000] {processor.py:161} INFO - Started process (PID=48423) to work on /usr/local/python/3.12.1/lib/python3.12/site-packages/airflow/example_dags/example_time_delta_sensor_async.py
[2026-04-26T07:50:58.381+0000] {processor.py:830} INFO - Processing file /usr/local/python/3.12.1/lib/python3.12/site-packages/airflow/example_dags/example_time_delta_sensor_async.py for tasks to queue
[2026-04-26T07:50:58.382+0000] {logging_mixin.py:188} INFO - [2026-04-26T07:50:58.381+0000] {dagbag.py:540} INFO - Filling up the DagBag from /usr/local/python/3.12.1/lib/python3.12/site-packages/airflow/example_dags/example_time_delta_sensor_async.py
[2026-04-26T07:50:58.385+0000] {processor.py:840} INFO - DAG(s) 'example_time_delta_sensor_async' retrieved from /usr/local/python/3.12.1/lib/python3.12/site-packages/airflow/example_dags/example_time_delta_sensor_async.py
[2026-04-26T07:50:58.398+0000] {logging_mixin.py:188} INFO - [2026-04-26T07:50:58.397+0000] {dag.py:3096} INFO - Sync 1 DAGs
[2026-04-26T07:50:58.408+0000] {logging_mixin.py:188} INFO - [2026-04-26T07:50:58.407+0000] {dag.py:3954} INFO - Setting next_dagrun for example_time_delta_sensor_async to None, run_after=None
[2026-04-26T07:50:58.426+0000] {processor.py:183} INFO - Processing /usr/local/python/3.12.1/lib/python3.12/site-packages/airflow/example_dags/example_time_delta_sensor_async.py took 0.050 seconds
[2026-04-26T07:51:18.379+0000] {processor.py:161} INFO - Started process (PID=48612) to work on /usr/local/python/3.12.1/lib/python3.12/site-packages/airflow/example_dags/example_time_delta_sensor_async.py
[2026-04-26T07:51:18.380+0000] {processor.py:830} INFO - Processing file /usr/local/python/3.12.1/lib/python3.12/site-packages/airflow/example_dags/example_time_delta_sensor_async.py for tasks to queue
[2026-04-26T07:51:18.380+0000] {logging_mixin.py:188} INFO - [2026-04-26T07:51:18.380+0000] {dagbag.py:540} INFO - Filling up the DagBag from /usr/local/python/3.12.1/lib/python3.12/site-packages/airflow/example_dags/example_time_delta_sensor_async.py
[2026-04-26T07:51:18.384+0000] {processor.py:840} INFO - DAG(s) 'example_time_delta_sensor_async' retrieved from /usr/local/python/3.12.1/lib/python3.12/site-packages/airflow/example_dags/example_time_delta_sensor_async.py
[2026-04-26T07:51:18.395+0000] {logging_mixin.py:188} INFO - [2026-04-26T07:51:18.395+0000] {dag.py:3096} INFO - Sync 1 DAGs
[2026-04-26T07:51:18.404+0000] {logging_mixin.py:188} INFO - [2026-04-26T07:51:18.404+0000] {dag.py:3954} INFO - Setting next_dagrun for example_time_delta_sensor_async to None, run_after=None
[2026-04-26T07:51:18.427+0000] {processor.py:183} INFO - Processing /usr/local/python/3.12.1/lib/python3.12/site-packages/airflow/example_dags/example_time_delta_sensor_async.py took 0.052 seconds
[2026-04-26T07:51:38.316+0000] {processor.py:161} INFO - Started process (PID=48851) to work on /usr/local/python/3.12.1/lib/python3.12/site-packages/airflow/example_dags/example_time_delta_sensor_async.py
[2026-04-26T07:51:38.317+0000] {processor.py:830} INFO - Processing file /usr/local/python/3.12.1/lib/python3.12/site-packages/airflow/example_dags/example_time_delta_sensor_async.py for tasks to queue
[2026-04-26T07:51:38.317+0000] {logging_mixin.py:188} INFO - [2026-04-26T07:51:38.317+0000] {dagbag.py:540} INFO - Filling up the DagBag from /usr/local/python/3.12.1/lib/python3.12/site-packages/airflow/example_dags/example_time_delta_sensor_async.py
[2026-04-26T07:51:38.321+0000] {processor.py:840} INFO - DAG(s) 'example_time_delta_sensor_async' retrieved from /usr/local/python/3.12.1/lib/python3.12/site-packages/airflow/example_dags/example_time_delta_sensor_async.py
[2026-04-26T07:51:38.333+0000] {logging_mixin.py:188} INFO - [2026-04-26T07:51:38.332+0000] {dag.py:3096} INFO - Sync 1 DAGs
[2026-04-26T07:51:38.341+0000] {logging_mixin.py:188} INFO - [2026-04-26T07:51:38.341+0000] {dag.py:3954} INFO - Setting next_dagrun for example_time_delta_sensor_async to None, run_after=None
[2026-04-26T07:51:38.363+0000] {processor.py:183} INFO - Processing /usr/local/python/3.12.1/lib/python3.12/site-packages/airflow/example_dags/example_time_delta_sensor_async.py took 0.052 seconds
[2026-04-26T07:51:40.790+0000] {processor.py:161} INFO - Started process (PID=48898) to work on /usr/local/python/3.12.1/lib/python3.12/site-packages/airflow/example_dags/example_time_delta_sensor_async.py
[2026-04-26T07:51:40.790+0000] {processor.py:830} INFO - Processing file /usr/local/python/3.12.1/lib/python3.12/site-packages/airflow/example_dags/example_time_delta_sensor_async.py for tasks to queue
[2026-04-26T07:51:40.792+0000] {logging_mixin.py:188} INFO - [2026-04-26T07:51:40.791+0000] {dagbag.py:540} INFO - Filling up the DagBag from /usr/local/python/3.12.1/lib/python3.12/site-packages/airflow/example_dags/example_time_delta_sensor_async.py
[2026-04-26T07:51:40.796+0000] {processor.py:840} INFO - DAG(s) 'example_time_delta_sensor_async' retrieved from /usr/local/python/3.12.1/lib/python3.12/site-packages/airflow/example_dags/example_time_delta_sensor_async.py
[2026-04-26T07:51:40.812+0000] {logging_mixin.py:188} INFO - [2026-04-26T07:51:40.811+0000] {dag.py:3096} INFO - Sync 1 DAGs
[2026-04-26T07:51:40.821+0000] {logging_mixin.py:188} INFO - [2026-04-26T07:51:40.821+0000] {dag.py:3954} INFO - Setting next_dagrun for example_time_delta_sensor_async to None, run_after=None
[2026-04-26T07:51:40.838+0000] {processor.py:183} INFO - Processing /usr/local/python/3.12.1/lib/python3.12/site-packages/airflow/example_dags/example_time_delta_sensor_async.py took 0.057 seconds
[2026-04-26T07:52:03.032+0000] {processor.py:161} INFO - Started process (PID=49131) to work on /usr/local/python/3.12.1/lib/python3.12/site-packages/airflow/example_dags/example_time_delta_sensor_async.py
[2026-04-26T07:52:03.033+0000] {processor.py:830} INFO - Processing file /usr/local/python/3.12.1/lib/python3.12/site-packages/airflow/example_dags/example_time_delta_sensor_async.py for tasks to queue
[2026-04-26T07:52:03.034+0000] {logging_mixin.py:188} INFO - [2026-04-26T07:52:03.033+0000] {dagbag.py:540} INFO - Filling up the DagBag from /usr/local/python/3.12.1/lib/python3.12/site-packages/airflow/example_dags/example_time_delta_sensor_async.py
[2026-04-26T07:52:03.037+0000] {processor.py:840} INFO - DAG(s) 'example_time_delta_sensor_async' retrieved from /usr/local/python/3.12.1/lib/python3.12/site-packages/airflow/example_dags/example_time_delta_sensor_async.py
[2026-04-26T07:52:03.055+0000] {logging_mixin.py:188} INFO - [2026-04-26T07:52:03.054+0000] {dag.py:3096} INFO - Sync 1 DAGs
[2026-04-26T07:52:03.067+0000] {logging_mixin.py:188} INFO - [2026-04-26T07:52:03.067+0000] {dag.py:3954} INFO - Setting next_dagrun for example_time_delta_sensor_async to None, run_after=None
[2026-04-26T07:52:03.085+0000] {processor.py:183} INFO - Processing /usr/local/python/3.12.1/lib/python3.12/site-packages/airflow/example_dags/example_time_delta_sensor_async.py took 0.057 seconds
[2026-04-26T07:52:19.639+0000] {processor.py:161} INFO - Started process (PID=49285) to work on /usr/local/python/3.12.1/lib/python3.12/site-packages/airflow/example_dags/example_time_delta_sensor_async.py
[2026-04-26T07:52:19.640+0000] {processor.py:830} INFO - Processing file /usr/local/python/3.12.1/lib/python3.12/site-packages/airflow/example_dags/example_time_delta_sensor_async.py for tasks to queue
[2026-04-26T07:52:19.641+0000] {logging_mixin.py:188} INFO - [2026-04-26T07:52:19.640+0000] {dagbag.py:540} INFO - Filling up the DagBag from /usr/local/python/3.12.1/lib/python3.12/site-packages/airflow/example_dags/example_time_delta_sensor_async.py
[2026-04-26T07:52:19.644+0000] {processor.py:840} INFO - DAG(s) 'example_time_delta_sensor_async' retrieved from /usr/local/python/3.12.1/lib/python3.12/site-packages/airflow/example_dags/example_time_delta_sensor_async.py
[2026-04-26T07:52:19.663+0000] {logging_mixin.py:188} INFO - [2026-04-26T07:52:19.663+0000] {dag.py:3096} INFO - Sync 1 DAGs
[2026-04-26T07:52:19.679+0000] {logging_mixin.py:188} INFO - [2026-04-26T07:52:19.679+0000] {dag.py:3954} INFO - Setting next_dagrun for example_time_delta_sensor_async to None, run_after=None
[2026-04-26T07:52:19.718+0000] {processor.py:183} INFO - Processing /usr/local/python/3.12.1/lib/python3.12/site-packages/airflow/example_dags/example_time_delta_sensor_async.py took 0.084 seconds
[2026-04-26T07:52:20.562+0000] {processor.py:161} INFO - Started process (PID=49288) to work on /usr/local/python/3.12.1/lib/python3.12/site-packages/airflow/example_dags/example_time_delta_sensor_async.py
[2026-04-26T07:52:20.563+0000] {processor.py:830} INFO - Processing file /usr/local/python/3.12.1/lib/python3.12/site-packages/airflow/example_dags/example_time_delta_sensor_async.py for tasks to queue
[2026-04-26T07:52:20.564+0000] {logging_mixin.py:188} INFO - [2026-04-26T07:52:20.564+0000] {dagbag.py:540} INFO - Filling up the DagBag from /usr/local/python/3.12.1/lib/python3.12/site-packages/airflow/example_dags/example_time_delta_sensor_async.py
[2026-04-26T07:52:20.568+0000] {processor.py:840} INFO - DAG(s) 'example_time_delta_sensor_async' retrieved from /usr/local/python/3.12.1/lib/python3.12/site-packages/airflow/example_dags/example_time_delta_sensor_async.py
[2026-04-26T07:52:20.582+0000] {logging_mixin.py:188} INFO - [2026-04-26T07:52:20.582+0000] {dag.py:3096} INFO - Sync 1 DAGs
[2026-04-26T07:52:20.590+0000] {logging_mixin.py:188} INFO - [2026-04-26T07:52:20.590+0000] {dag.py:3954} INFO - Setting next_dagrun for example_time_delta_sensor_async to None, run_after=None
[2026-04-26T07:52:20.606+0000] {processor.py:183} INFO - Processing /usr/local/python/3.12.1/lib/python3.12/site-packages/airflow/example_dags/example_time_delta_sensor_async.py took 0.049 seconds
[2026-04-26T07:52:56.728+0000] {processor.py:161} INFO - Started process (PID=50053) to work on /usr/local/python/3.12.1/lib/python3.12/site-packages/airflow/example_dags/example_time_delta_sensor_async.py
[2026-04-26T07:52:56.729+0000] {processor.py:830} INFO - Processing file /usr/local/python/3.12.1/lib/python3.12/site-packages/airflow/example_dags/example_time_delta_sensor_async.py for tasks to queue
[2026-04-26T07:52:56.730+0000] {logging_mixin.py:188} INFO - [2026-04-26T07:52:56.729+0000] {dagbag.py:540} INFO - Filling up the DagBag from /usr/local/python/3.12.1/lib/python3.12/site-packages/airflow/example_dags/example_time_delta_sensor_async.py
[2026-04-26T07:52:56.735+0000] {processor.py:840} INFO - DAG(s) 'example_time_delta_sensor_async' retrieved from /usr/local/python/3.12.1/lib/python3.12/site-packages/airflow/example_dags/example_time_delta_sensor_async.py
[2026-04-26T07:52:56.762+0000] {logging_mixin.py:188} INFO - [2026-04-26T07:52:56.761+0000] {dag.py:3096} INFO - Sync 1 DAGs
[2026-04-26T07:52:56.798+0000] {logging_mixin.py:188} INFO - [2026-04-26T07:52:56.797+0000] {dag.py:3954} INFO - Setting next_dagrun for example_time_delta_sensor_async to None, run_after=None
[2026-04-26T07:52:56.838+0000] {processor.py:183} INFO - Processing /usr/local/python/3.12.1/lib/python3.12/site-packages/airflow/example_dags/example_time_delta_sensor_async.py took 0.117 seconds
[2026-04-26T07:53:01.378+0000] {processor.py:161} INFO - Started process (PID=50102) to work on /usr/local/python/3.12.1/lib/python3.12/site-packages/airflow/example_dags/example_time_delta_sensor_async.py
[2026-04-26T07:53:01.379+0000] {processor.py:830} INFO - Processing file /usr/local/python/3.12.1/lib/python3.12/site-packages/airflow/example_dags/example_time_delta_sensor_async.py for tasks to queue
[2026-04-26T07:53:01.380+0000] {logging_mixin.py:188} INFO - [2026-04-26T07:53:01.379+0000] {dagbag.py:540} INFO - Filling up the DagBag from /usr/local/python/3.12.1/lib/python3.12/site-packages/airflow/example_dags/example_time_delta_sensor_async.py
[2026-04-26T07:53:01.383+0000] {processor.py:840} INFO - DAG(s) 'example_time_delta_sensor_async' retrieved from /usr/local/python/3.12.1/lib/python3.12/site-packages/airflow/example_dags/example_time_delta_sensor_async.py
[2026-04-26T07:53:01.396+0000] {logging_mixin.py:188} INFO - [2026-04-26T07:53:01.396+0000] {dag.py:3096} INFO - Sync 1 DAGs
[2026-04-26T07:53:01.405+0000] {logging_mixin.py:188} INFO - [2026-04-26T07:53:01.405+0000] {dag.py:3954} INFO - Setting next_dagrun for example_time_delta_sensor_async to None, run_after=None
[2026-04-26T07:53:01.422+0000] {processor.py:183} INFO - Processing /usr/local/python/3.12.1/lib/python3.12/site-packages/airflow/example_dags/example_time_delta_sensor_async.py took 0.049 seconds
[2026-04-26T07:53:04.435+0000] {processor.py:161} INFO - Started process (PID=50125) to work on /usr/local/python/3.12.1/lib/python3.12/site-packages/airflow/example_dags/example_time_delta_sensor_async.py
[2026-04-26T07:53:04.435+0000] {processor.py:830} INFO - Processing file /usr/local/python/3.12.1/lib/python3.12/site-packages/airflow/example_dags/example_time_delta_sensor_async.py for tasks to queue
[2026-04-26T07:53:04.436+0000] {logging_mixin.py:188} INFO - [2026-04-26T07:53:04.436+0000] {dagbag.py:540} INFO - Filling up the DagBag from /usr/local/python/3.12.1/lib/python3.12/site-packages/airflow/example_dags/example_time_delta_sensor_async.py
[2026-04-26T07:53:04.439+0000] {processor.py:840} INFO - DAG(s) 'example_time_delta_sensor_async' retrieved from /usr/local/python/3.12.1/lib/python3.12/site-packages/airflow/example_dags/example_time_delta_sensor_async.py
[2026-04-26T07:53:04.452+0000] {logging_mixin.py:188} INFO - [2026-04-26T07:53:04.452+0000] {dag.py:3096} INFO - Sync 1 DAGs
[2026-04-26T07:53:04.464+0000] {logging_mixin.py:188} INFO - [2026-04-26T07:53:04.463+0000] {dag.py:3954} INFO - Setting next_dagrun for example_time_delta_sensor_async to None, run_after=None
[2026-04-26T07:53:04.482+0000] {processor.py:183} INFO - Processing /usr/local/python/3.12.1/lib/python3.12/site-packages/airflow/example_dags/example_time_delta_sensor_async.py took 0.052 seconds
[2026-04-26T07:53:39.684+0000] {processor.py:161} INFO - Started process (PID=50599) to work on /usr/local/python/3.12.1/lib/python3.12/site-packages/airflow/example_dags/example_time_delta_sensor_async.py
[2026-04-26T07:53:39.684+0000] {processor.py:830} INFO - Processing file /usr/local/python/3.12.1/lib/python3.12/site-packages/airflow/example_dags/example_time_delta_sensor_async.py for tasks to queue
[2026-04-26T07:53:39.685+0000] {logging_mixin.py:188} INFO - [2026-04-26T07:53:39.685+0000] {dagbag.py:540} INFO - Filling up the DagBag from /usr/local/python/3.12.1/lib/python3.12/site-packages/airflow/example_dags/example_time_delta_sensor_async.py
[2026-04-26T07:53:39.688+0000] {processor.py:840} INFO - DAG(s) 'example_time_delta_sensor_async' retrieved from /usr/local/python/3.12.1/lib/python3.12/site-packages/airflow/example_dags/example_time_delta_sensor_async.py
[2026-04-26T07:53:39.700+0000] {logging_mixin.py:188} INFO - [2026-04-26T07:53:39.699+0000] {dag.py:3096} INFO - Sync 1 DAGs
[2026-04-26T07:53:39.708+0000] {logging_mixin.py:188} INFO - [2026-04-26T07:53:39.708+0000] {dag.py:3954} INFO - Setting next_dagrun for example_time_delta_sensor_async to None, run_after=None
[2026-04-26T07:53:39.725+0000] {processor.py:183} INFO - Processing /usr/local/python/3.12.1/lib/python3.12/site-packages/airflow/example_dags/example_time_delta_sensor_async.py took 0.046 seconds
[2026-04-26T07:53:47.885+0000] {processor.py:161} INFO - Started process (PID=50711) to work on /usr/local/python/3.12.1/lib/python3.12/site-packages/airflow/example_dags/example_time_delta_sensor_async.py
[2026-04-26T07:53:47.886+0000] {processor.py:830} INFO - Processing file /usr/local/python/3.12.1/lib/python3.12/site-packages/airflow/example_dags/example_time_delta_sensor_async.py for tasks to queue
[2026-04-26T07:53:47.888+0000] {logging_mixin.py:188} INFO - [2026-04-26T07:53:47.888+0000] {dagbag.py:540} INFO - Filling up the DagBag from /usr/local/python/3.12.1/lib/python3.12/site-packages/airflow/example_dags/example_time_delta_sensor_async.py
[2026-04-26T07:53:47.894+0000] {processor.py:840} INFO - DAG(s) 'example_time_delta_sensor_async' retrieved from /usr/local/python/3.12.1/lib/python3.12/site-packages/airflow/example_dags/example_time_delta_sensor_async.py
[2026-04-26T07:53:47.928+0000] {logging_mixin.py:188} INFO - [2026-04-26T07:53:47.928+0000] {dag.py:3096} INFO - Sync 1 DAGs
[2026-04-26T07:53:47.947+0000] {logging_mixin.py:188} INFO - [2026-04-26T07:53:47.947+0000] {dag.py:3954} INFO - Setting next_dagrun for example_time_delta_sensor_async to None, run_after=None
[2026-04-26T07:53:47.966+0000] {processor.py:183} INFO - Processing /usr/local/python/3.12.1/lib/python3.12/site-packages/airflow/example_dags/example_time_delta_sensor_async.py took 0.095 seconds
[2026-04-26T07:53:49.029+0000] {processor.py:161} INFO - Started process (PID=50714) to work on /usr/local/python/3.12.1/lib/python3.12/site-packages/airflow/example_dags/example_time_delta_sensor_async.py
[2026-04-26T07:53:49.030+0000] {processor.py:830} INFO - Processing file /usr/local/python/3.12.1/lib/python3.12/site-packages/airflow/example_dags/example_time_delta_sensor_async.py for tasks to queue
[2026-04-26T07:53:49.031+0000] {logging_mixin.py:188} INFO - [2026-04-26T07:53:49.030+0000] {dagbag.py:540} INFO - Filling up the DagBag from /usr/local/python/3.12.1/lib/python3.12/site-packages/airflow/example_dags/example_time_delta_sensor_async.py
[2026-04-26T07:53:49.036+0000] {processor.py:840} INFO - DAG(s) 'example_time_delta_sensor_async' retrieved from /usr/local/python/3.12.1/lib/python3.12/site-packages/airflow/example_dags/example_time_delta_sensor_async.py
[2026-04-26T07:53:49.053+0000] {logging_mixin.py:188} INFO - [2026-04-26T07:53:49.053+0000] {dag.py:3096} INFO - Sync 1 DAGs
[2026-04-26T07:53:49.075+0000] {logging_mixin.py:188} INFO - [2026-04-26T07:53:49.075+0000] {dag.py:3954} INFO - Setting next_dagrun for example_time_delta_sensor_async to None, run_after=None
[2026-04-26T07:53:49.101+0000] {processor.py:183} INFO - Processing /usr/local/python/3.12.1/lib/python3.12/site-packages/airflow/example_dags/example_time_delta_sensor_async.py took 0.079 seconds
[2026-04-26T07:54:22.391+0000] {processor.py:161} INFO - Started process (PID=51072) to work on /usr/local/python/3.12.1/lib/python3.12/site-packages/airflow/example_dags/example_time_delta_sensor_async.py
[2026-04-26T07:54:22.392+0000] {processor.py:830} INFO - Processing file /usr/local/python/3.12.1/lib/python3.12/site-packages/airflow/example_dags/example_time_delta_sensor_async.py for tasks to queue
[2026-04-26T07:54:22.392+0000] {logging_mixin.py:188} INFO - [2026-04-26T07:54:22.392+0000] {dagbag.py:540} INFO - Filling up the DagBag from /usr/local/python/3.12.1/lib/python3.12/site-packages/airflow/example_dags/example_time_delta_sensor_async.py
[2026-04-26T07:54:22.396+0000] {processor.py:840} INFO - DAG(s) 'example_time_delta_sensor_async' retrieved from /usr/local/python/3.12.1/lib/python3.12/site-packages/airflow/example_dags/example_time_delta_sensor_async.py
[2026-04-26T07:54:22.407+0000] {logging_mixin.py:188} INFO - [2026-04-26T07:54:22.407+0000] {dag.py:3096} INFO - Sync 1 DAGs
[2026-04-26T07:54:22.416+0000] {logging_mixin.py:188} INFO - [2026-04-26T07:54:22.416+0000] {dag.py:3954} INFO - Setting next_dagrun for example_time_delta_sensor_async to None, run_after=None
[2026-04-26T07:54:22.433+0000] {processor.py:183} INFO - Processing /usr/local/python/3.12.1/lib/python3.12/site-packages/airflow/example_dags/example_time_delta_sensor_async.py took 0.046 seconds
[2026-04-26T07:54:31.459+0000] {processor.py:161} INFO - Started process (PID=51150) to work on /usr/local/python/3.12.1/lib/python3.12/site-packages/airflow/example_dags/example_time_delta_sensor_async.py
[2026-04-26T07:54:31.460+0000] {processor.py:830} INFO - Processing file /usr/local/python/3.12.1/lib/python3.12/site-packages/airflow/example_dags/example_time_delta_sensor_async.py for tasks to queue
[2026-04-26T07:54:31.461+0000] {logging_mixin.py:188} INFO - [2026-04-26T07:54:31.461+0000] {dagbag.py:540} INFO - Filling up the DagBag from /usr/local/python/3.12.1/lib/python3.12/site-packages/airflow/example_dags/example_time_delta_sensor_async.py
[2026-04-26T07:54:31.479+0000] {processor.py:840} INFO - DAG(s) 'example_time_delta_sensor_async' retrieved from /usr/local/python/3.12.1/lib/python3.12/site-packages/airflow/example_dags/example_time_delta_sensor_async.py
[2026-04-26T07:54:31.503+0000] {logging_mixin.py:188} INFO - [2026-04-26T07:54:31.503+0000] {dag.py:3096} INFO - Sync 1 DAGs
[2026-04-26T07:54:31.515+0000] {logging_mixin.py:188} INFO - [2026-04-26T07:54:31.514+0000] {dag.py:3954} INFO - Setting next_dagrun for example_time_delta_sensor_async to None, run_after=None
[2026-04-26T07:54:31.533+0000] {processor.py:183} INFO - Processing /usr/local/python/3.12.1/lib/python3.12/site-packages/airflow/example_dags/example_time_delta_sensor_async.py took 0.080 seconds
[2026-04-26T07:54:31.935+0000] {processor.py:161} INFO - Started process (PID=51152) to work on /usr/local/python/3.12.1/lib/python3.12/site-packages/airflow/example_dags/example_time_delta_sensor_async.py
[2026-04-26T07:54:31.936+0000] {processor.py:830} INFO - Processing file /usr/local/python/3.12.1/lib/python3.12/site-packages/airflow/example_dags/example_time_delta_sensor_async.py for tasks to queue
[2026-04-26T07:54:31.937+0000] {logging_mixin.py:188} INFO - [2026-04-26T07:54:31.937+0000] {dagbag.py:540} INFO - Filling up the DagBag from /usr/local/python/3.12.1/lib/python3.12/site-packages/airflow/example_dags/example_time_delta_sensor_async.py
[2026-04-26T07:54:31.940+0000] {processor.py:840} INFO - DAG(s) 'example_time_delta_sensor_async' retrieved from /usr/local/python/3.12.1/lib/python3.12/site-packages/airflow/example_dags/example_time_delta_sensor_async.py
[2026-04-26T07:54:31.952+0000] {logging_mixin.py:188} INFO - [2026-04-26T07:54:31.952+0000] {dag.py:3096} INFO - Sync 1 DAGs
[2026-04-26T07:54:31.962+0000] {logging_mixin.py:188} INFO - [2026-04-26T07:54:31.962+0000] {dag.py:3954} INFO - Setting next_dagrun for example_time_delta_sensor_async to None, run_after=None
[2026-04-26T07:54:31.981+0000] {processor.py:183} INFO - Processing /usr/local/python/3.12.1/lib/python3.12/site-packages/airflow/example_dags/example_time_delta_sensor_async.py took 0.050 seconds
[2026-04-26T07:55:02.418+0000] {processor.py:161} INFO - Started process (PID=51774) to work on /usr/local/python/3.12.1/lib/python3.12/site-packages/airflow/example_dags/example_time_delta_sensor_async.py
[2026-04-26T07:55:02.418+0000] {processor.py:830} INFO - Processing file /usr/local/python/3.12.1/lib/python3.12/site-packages/airflow/example_dags/example_time_delta_sensor_async.py for tasks to queue
[2026-04-26T07:55:02.419+0000] {logging_mixin.py:188} INFO - [2026-04-26T07:55:02.419+0000] {dagbag.py:540} INFO - Filling up the DagBag from /usr/local/python/3.12.1/lib/python3.12/site-packages/airflow/example_dags/example_time_delta_sensor_async.py
[2026-04-26T07:55:02.422+0000] {processor.py:840} INFO - DAG(s) 'example_time_delta_sensor_async' retrieved from /usr/local/python/3.12.1/lib/python3.12/site-packages/airflow/example_dags/example_time_delta_sensor_async.py
[2026-04-26T07:55:02.439+0000] {logging_mixin.py:188} INFO - [2026-04-26T07:55:02.439+0000] {dag.py:3096} INFO - Sync 1 DAGs
[2026-04-26T07:55:02.448+0000] {logging_mixin.py:188} INFO - [2026-04-26T07:55:02.448+0000] {dag.py:3954} INFO - Setting next_dagrun for example_time_delta_sensor_async to None, run_after=None
[2026-04-26T07:55:02.466+0000] {processor.py:183} INFO - Processing /usr/local/python/3.12.1/lib/python3.12/site-packages/airflow/example_dags/example_time_delta_sensor_async.py took 0.053 seconds
[2026-04-26T07:55:10.412+0000] {processor.py:161} INFO - Started process (PID=51876) to work on /usr/local/python/3.12.1/lib/python3.12/site-packages/airflow/example_dags/example_time_delta_sensor_async.py
[2026-04-26T07:55:10.413+0000] {processor.py:830} INFO - Processing file /usr/local/python/3.12.1/lib/python3.12/site-packages/airflow/example_dags/example_time_delta_sensor_async.py for tasks to queue
[2026-04-26T07:55:10.414+0000] {logging_mixin.py:188} INFO - [2026-04-26T07:55:10.414+0000] {dagbag.py:540} INFO - Filling up the DagBag from /usr/local/python/3.12.1/lib/python3.12/site-packages/airflow/example_dags/example_time_delta_sensor_async.py
[2026-04-26T07:55:10.419+0000] {processor.py:840} INFO - DAG(s) 'example_time_delta_sensor_async' retrieved from /usr/local/python/3.12.1/lib/python3.12/site-packages/airflow/example_dags/example_time_delta_sensor_async.py
[2026-04-26T07:55:10.438+0000] {logging_mixin.py:188} INFO - [2026-04-26T07:55:10.438+0000] {dag.py:3096} INFO - Sync 1 DAGs
[2026-04-26T07:55:10.452+0000] {logging_mixin.py:188} INFO - [2026-04-26T07:55:10.452+0000] {dag.py:3954} INFO - Setting next_dagrun for example_time_delta_sensor_async to None, run_after=None
[2026-04-26T07:55:10.480+0000] {processor.py:183} INFO - Processing /usr/local/python/3.12.1/lib/python3.12/site-packages/airflow/example_dags/example_time_delta_sensor_async.py took 0.076 seconds
[2026-04-26T07:55:15.559+0000] {processor.py:161} INFO - Started process (PID=51934) to work on /usr/local/python/3.12.1/lib/python3.12/site-packages/airflow/example_dags/example_time_delta_sensor_async.py
[2026-04-26T07:55:15.560+0000] {processor.py:830} INFO - Processing file /usr/local/python/3.12.1/lib/python3.12/site-packages/airflow/example_dags/example_time_delta_sensor_async.py for tasks to queue
[2026-04-26T07:55:15.561+0000] {logging_mixin.py:188} INFO - [2026-04-26T07:55:15.560+0000] {dagbag.py:540} INFO - Filling up the DagBag from /usr/local/python/3.12.1/lib/python3.12/site-packages/airflow/example_dags/example_time_delta_sensor_async.py
[2026-04-26T07:55:15.565+0000] {processor.py:840} INFO - DAG(s) 'example_time_delta_sensor_async' retrieved from /usr/local/python/3.12.1/lib/python3.12/site-packages/airflow/example_dags/example_time_delta_sensor_async.py
[2026-04-26T07:55:15.595+0000] {logging_mixin.py:188} INFO - [2026-04-26T07:55:15.594+0000] {dag.py:3096} INFO - Sync 1 DAGs
[2026-04-26T07:55:15.627+0000] {logging_mixin.py:188} INFO - [2026-04-26T07:55:15.627+0000] {dag.py:3954} INFO - Setting next_dagrun for example_time_delta_sensor_async to None, run_after=None
[2026-04-26T07:55:15.656+0000] {processor.py:183} INFO - Processing /usr/local/python/3.12.1/lib/python3.12/site-packages/airflow/example_dags/example_time_delta_sensor_async.py took 0.103 seconds
[2026-04-26T07:55:41.342+0000] {processor.py:161} INFO - Started process (PID=52390) to work on /usr/local/python/3.12.1/lib/python3.12/site-packages/airflow/example_dags/example_time_delta_sensor_async.py
[2026-04-26T07:55:41.343+0000] {processor.py:830} INFO - Processing file /usr/local/python/3.12.1/lib/python3.12/site-packages/airflow/example_dags/example_time_delta_sensor_async.py for tasks to queue
[2026-04-26T07:55:41.344+0000] {logging_mixin.py:188} INFO - [2026-04-26T07:55:41.343+0000] {dagbag.py:540} INFO - Filling up the DagBag from /usr/local/python/3.12.1/lib/python3.12/site-packages/airflow/example_dags/example_time_delta_sensor_async.py
[2026-04-26T07:55:41.348+0000] {processor.py:840} INFO - DAG(s) 'example_time_delta_sensor_async' retrieved from /usr/local/python/3.12.1/lib/python3.12/site-packages/airflow/example_dags/example_time_delta_sensor_async.py
[2026-04-26T07:55:41.367+0000] {logging_mixin.py:188} INFO - [2026-04-26T07:55:41.367+0000] {dag.py:3096} INFO - Sync 1 DAGs
[2026-04-26T07:55:41.381+0000] {logging_mixin.py:188} INFO - [2026-04-26T07:55:41.381+0000] {dag.py:3954} INFO - Setting next_dagrun for example_time_delta_sensor_async to None, run_after=None
[2026-04-26T07:55:41.406+0000] {processor.py:183} INFO - Processing /usr/local/python/3.12.1/lib/python3.12/site-packages/airflow/example_dags/example_time_delta_sensor_async.py took 0.069 seconds
[2026-04-26T07:55:53.781+0000] {processor.py:161} INFO - Started process (PID=52551) to work on /usr/local/python/3.12.1/lib/python3.12/site-packages/airflow/example_dags/example_time_delta_sensor_async.py
[2026-04-26T07:55:53.781+0000] {processor.py:830} INFO - Processing file /usr/local/python/3.12.1/lib/python3.12/site-packages/airflow/example_dags/example_time_delta_sensor_async.py for tasks to queue
[2026-04-26T07:55:53.782+0000] {logging_mixin.py:188} INFO - [2026-04-26T07:55:53.782+0000] {dagbag.py:540} INFO - Filling up the DagBag from /usr/local/python/3.12.1/lib/python3.12/site-packages/airflow/example_dags/example_time_delta_sensor_async.py
[2026-04-26T07:55:53.785+0000] {processor.py:840} INFO - DAG(s) 'example_time_delta_sensor_async' retrieved from /usr/local/python/3.12.1/lib/python3.12/site-packages/airflow/example_dags/example_time_delta_sensor_async.py
[2026-04-26T07:55:53.798+0000] {logging_mixin.py:188} INFO - [2026-04-26T07:55:53.797+0000] {dag.py:3096} INFO - Sync 1 DAGs
[2026-04-26T07:55:53.807+0000] {logging_mixin.py:188} INFO - [2026-04-26T07:55:53.807+0000] {dag.py:3954} INFO - Setting next_dagrun for example_time_delta_sensor_async to None, run_after=None
[2026-04-26T07:55:53.824+0000] {processor.py:183} INFO - Processing /usr/local/python/3.12.1/lib/python3.12/site-packages/airflow/example_dags/example_time_delta_sensor_async.py took 0.047 seconds
[2026-04-26T07:55:54.057+0000] {processor.py:161} INFO - Started process (PID=52564) to work on /usr/local/python/3.12.1/lib/python3.12/site-packages/airflow/example_dags/example_time_delta_sensor_async.py
[2026-04-26T07:55:54.058+0000] {processor.py:830} INFO - Processing file /usr/local/python/3.12.1/lib/python3.12/site-packages/airflow/example_dags/example_time_delta_sensor_async.py for tasks to queue
[2026-04-26T07:55:54.061+0000] {logging_mixin.py:188} INFO - [2026-04-26T07:55:54.059+0000] {dagbag.py:540} INFO - Filling up the DagBag from /usr/local/python/3.12.1/lib/python3.12/site-packages/airflow/example_dags/example_time_delta_sensor_async.py
[2026-04-26T07:55:54.073+0000] {processor.py:840} INFO - DAG(s) 'example_time_delta_sensor_async' retrieved from /usr/local/python/3.12.1/lib/python3.12/site-packages/airflow/example_dags/example_time_delta_sensor_async.py
[2026-04-26T07:55:54.100+0000] {logging_mixin.py:188} INFO - [2026-04-26T07:55:54.099+0000] {dag.py:3096} INFO - Sync 1 DAGs
[2026-04-26T07:55:54.117+0000] {logging_mixin.py:188} INFO - [2026-04-26T07:55:54.117+0000] {dag.py:3954} INFO - Setting next_dagrun for example_time_delta_sensor_async to None, run_after=None
[2026-04-26T07:55:54.143+0000] {processor.py:183} INFO - Processing /usr/local/python/3.12.1/lib/python3.12/site-packages/airflow/example_dags/example_time_delta_sensor_async.py took 0.090 seconds
[2026-04-26T07:56:22.049+0000] {processor.py:161} INFO - Started process (PID=52947) to work on /usr/local/python/3.12.1/lib/python3.12/site-packages/airflow/example_dags/example_time_delta_sensor_async.py
[2026-04-26T07:56:22.053+0000] {processor.py:830} INFO - Processing file /usr/local/python/3.12.1/lib/python3.12/site-packages/airflow/example_dags/example_time_delta_sensor_async.py for tasks to queue
[2026-04-26T07:56:22.060+0000] {logging_mixin.py:188} INFO - [2026-04-26T07:56:22.053+0000] {dagbag.py:540} INFO - Filling up the DagBag from /usr/local/python/3.12.1/lib/python3.12/site-packages/airflow/example_dags/example_time_delta_sensor_async.py
[2026-04-26T07:56:22.070+0000] {processor.py:840} INFO - DAG(s) 'example_time_delta_sensor_async' retrieved from /usr/local/python/3.12.1/lib/python3.12/site-packages/airflow/example_dags/example_time_delta_sensor_async.py
[2026-04-26T07:56:22.113+0000] {logging_mixin.py:188} INFO - [2026-04-26T07:56:22.112+0000] {dag.py:3096} INFO - Sync 1 DAGs
[2026-04-26T07:56:22.187+0000] {logging_mixin.py:188} INFO - [2026-04-26T07:56:22.184+0000] {dag.py:3954} INFO - Setting next_dagrun for example_time_delta_sensor_async to None, run_after=None
[2026-04-26T07:56:22.225+0000] {processor.py:183} INFO - Processing /usr/local/python/3.12.1/lib/python3.12/site-packages/airflow/example_dags/example_time_delta_sensor_async.py took 0.188 seconds
[2026-04-26T07:56:37.137+0000] {processor.py:161} INFO - Started process (PID=53365) to work on /usr/local/python/3.12.1/lib/python3.12/site-packages/airflow/example_dags/example_time_delta_sensor_async.py
[2026-04-26T07:56:37.139+0000] {processor.py:830} INFO - Processing file /usr/local/python/3.12.1/lib/python3.12/site-packages/airflow/example_dags/example_time_delta_sensor_async.py for tasks to queue
[2026-04-26T07:56:37.141+0000] {logging_mixin.py:188} INFO - [2026-04-26T07:56:37.140+0000] {dagbag.py:540} INFO - Filling up the DagBag from /usr/local/python/3.12.1/lib/python3.12/site-packages/airflow/example_dags/example_time_delta_sensor_async.py
[2026-04-26T07:56:37.149+0000] {processor.py:840} INFO - DAG(s) 'example_time_delta_sensor_async' retrieved from /usr/local/python/3.12.1/lib/python3.12/site-packages/airflow/example_dags/example_time_delta_sensor_async.py
[2026-04-26T07:56:37.175+0000] {logging_mixin.py:188} INFO - [2026-04-26T07:56:37.175+0000] {dag.py:3096} INFO - Sync 1 DAGs
[2026-04-26T07:56:37.190+0000] {logging_mixin.py:188} INFO - [2026-04-26T07:56:37.190+0000] {dag.py:3954} INFO - Setting next_dagrun for example_time_delta_sensor_async to None, run_after=None
[2026-04-26T07:56:37.217+0000] {processor.py:183} INFO - Processing /usr/local/python/3.12.1/lib/python3.12/site-packages/airflow/example_dags/example_time_delta_sensor_async.py took 0.091 seconds
[2026-04-26T07:56:38.441+0000] {processor.py:161} INFO - Started process (PID=53392) to work on /usr/local/python/3.12.1/lib/python3.12/site-packages/airflow/example_dags/example_time_delta_sensor_async.py
[2026-04-26T07:56:38.443+0000] {processor.py:830} INFO - Processing file /usr/local/python/3.12.1/lib/python3.12/site-packages/airflow/example_dags/example_time_delta_sensor_async.py for tasks to queue
[2026-04-26T07:56:38.444+0000] {logging_mixin.py:188} INFO - [2026-04-26T07:56:38.443+0000] {dagbag.py:540} INFO - Filling up the DagBag from /usr/local/python/3.12.1/lib/python3.12/site-packages/airflow/example_dags/example_time_delta_sensor_async.py
[2026-04-26T07:56:38.454+0000] {processor.py:840} INFO - DAG(s) 'example_time_delta_sensor_async' retrieved from /usr/local/python/3.12.1/lib/python3.12/site-packages/airflow/example_dags/example_time_delta_sensor_async.py
[2026-04-26T07:56:38.517+0000] {logging_mixin.py:188} INFO - [2026-04-26T07:56:38.513+0000] {dag.py:3096} INFO - Sync 1 DAGs
[2026-04-26T07:56:38.551+0000] {logging_mixin.py:188} INFO - [2026-04-26T07:56:38.551+0000] {dag.py:3954} INFO - Setting next_dagrun for example_time_delta_sensor_async to None, run_after=None
[2026-04-26T07:56:38.577+0000] {processor.py:183} INFO - Processing /usr/local/python/3.12.1/lib/python3.12/site-packages/airflow/example_dags/example_time_delta_sensor_async.py took 0.156 seconds
[2026-04-26T07:57:07.805+0000] {processor.py:161} INFO - Started process (PID=53776) to work on /usr/local/python/3.12.1/lib/python3.12/site-packages/airflow/example_dags/example_time_delta_sensor_async.py
[2026-04-26T07:57:07.805+0000] {processor.py:830} INFO - Processing file /usr/local/python/3.12.1/lib/python3.12/site-packages/airflow/example_dags/example_time_delta_sensor_async.py for tasks to queue
[2026-04-26T07:57:07.806+0000] {logging_mixin.py:188} INFO - [2026-04-26T07:57:07.806+0000] {dagbag.py:540} INFO - Filling up the DagBag from /usr/local/python/3.12.1/lib/python3.12/site-packages/airflow/example_dags/example_time_delta_sensor_async.py
[2026-04-26T07:57:07.809+0000] {processor.py:840} INFO - DAG(s) 'example_time_delta_sensor_async' retrieved from /usr/local/python/3.12.1/lib/python3.12/site-packages/airflow/example_dags/example_time_delta_sensor_async.py
[2026-04-26T07:57:07.903+0000] {logging_mixin.py:188} INFO - [2026-04-26T07:57:07.903+0000] {dag.py:3096} INFO - Sync 1 DAGs
[2026-04-26T07:57:07.910+0000] {logging_mixin.py:188} INFO - [2026-04-26T07:57:07.910+0000] {dag.py:3954} INFO - Setting next_dagrun for example_time_delta_sensor_async to None, run_after=None
[2026-04-26T07:57:07.927+0000] {processor.py:183} INFO - Processing /usr/local/python/3.12.1/lib/python3.12/site-packages/airflow/example_dags/example_time_delta_sensor_async.py took 0.127 seconds
[2026-04-26T07:57:28.807+0000] {processor.py:161} INFO - Started process (PID=53959) to work on /usr/local/python/3.12.1/lib/python3.12/site-packages/airflow/example_dags/example_time_delta_sensor_async.py
[2026-04-26T07:57:28.808+0000] {processor.py:830} INFO - Processing file /usr/local/python/3.12.1/lib/python3.12/site-packages/airflow/example_dags/example_time_delta_sensor_async.py for tasks to queue
[2026-04-26T07:57:28.809+0000] {logging_mixin.py:188} INFO - [2026-04-26T07:57:28.808+0000] {dagbag.py:540} INFO - Filling up the DagBag from /usr/local/python/3.12.1/lib/python3.12/site-packages/airflow/example_dags/example_time_delta_sensor_async.py
[2026-04-26T07:57:28.812+0000] {processor.py:840} INFO - DAG(s) 'example_time_delta_sensor_async' retrieved from /usr/local/python/3.12.1/lib/python3.12/site-packages/airflow/example_dags/example_time_delta_sensor_async.py
[2026-04-26T07:57:28.819+0000] {logging_mixin.py:188} INFO - [2026-04-26T07:57:28.818+0000] {dag.py:3096} INFO - Sync 1 DAGs
[2026-04-26T07:57:28.829+0000] {logging_mixin.py:188} INFO - [2026-04-26T07:57:28.829+0000] {dag.py:3954} INFO - Setting next_dagrun for example_time_delta_sensor_async to None, run_after=None
[2026-04-26T07:57:28.846+0000] {processor.py:183} INFO - Processing /usr/local/python/3.12.1/lib/python3.12/site-packages/airflow/example_dags/example_time_delta_sensor_async.py took 0.043 seconds
[2026-04-26T07:57:30.104+0000] {processor.py:161} INFO - Started process (PID=53971) to work on /usr/local/python/3.12.1/lib/python3.12/site-packages/airflow/example_dags/example_time_delta_sensor_async.py
[2026-04-26T07:57:30.104+0000] {processor.py:830} INFO - Processing file /usr/local/python/3.12.1/lib/python3.12/site-packages/airflow/example_dags/example_time_delta_sensor_async.py for tasks to queue
[2026-04-26T07:57:30.105+0000] {logging_mixin.py:188} INFO - [2026-04-26T07:57:30.105+0000] {dagbag.py:540} INFO - Filling up the DagBag from /usr/local/python/3.12.1/lib/python3.12/site-packages/airflow/example_dags/example_time_delta_sensor_async.py
[2026-04-26T07:57:30.108+0000] {processor.py:840} INFO - DAG(s) 'example_time_delta_sensor_async' retrieved from /usr/local/python/3.12.1/lib/python3.12/site-packages/airflow/example_dags/example_time_delta_sensor_async.py
[2026-04-26T07:57:30.117+0000] {logging_mixin.py:188} INFO - [2026-04-26T07:57:30.116+0000] {dag.py:3096} INFO - Sync 1 DAGs
[2026-04-26T07:57:30.133+0000] {logging_mixin.py:188} INFO - [2026-04-26T07:57:30.133+0000] {dag.py:3954} INFO - Setting next_dagrun for example_time_delta_sensor_async to None, run_after=None
[2026-04-26T07:57:30.170+0000] {processor.py:183} INFO - Processing /usr/local/python/3.12.1/lib/python3.12/site-packages/airflow/example_dags/example_time_delta_sensor_async.py took 0.071 seconds
[2026-04-26T07:57:49.902+0000] {processor.py:161} INFO - Started process (PID=54253) to work on /usr/local/python/3.12.1/lib/python3.12/site-packages/airflow/example_dags/example_time_delta_sensor_async.py
[2026-04-26T07:57:49.903+0000] {processor.py:830} INFO - Processing file /usr/local/python/3.12.1/lib/python3.12/site-packages/airflow/example_dags/example_time_delta_sensor_async.py for tasks to queue
[2026-04-26T07:57:49.904+0000] {logging_mixin.py:188} INFO - [2026-04-26T07:57:49.904+0000] {dagbag.py:540} INFO - Filling up the DagBag from /usr/local/python/3.12.1/lib/python3.12/site-packages/airflow/example_dags/example_time_delta_sensor_async.py
[2026-04-26T07:57:49.907+0000] {processor.py:840} INFO - DAG(s) 'example_time_delta_sensor_async' retrieved from /usr/local/python/3.12.1/lib/python3.12/site-packages/airflow/example_dags/example_time_delta_sensor_async.py
[2026-04-26T07:57:49.919+0000] {logging_mixin.py:188} INFO - [2026-04-26T07:57:49.919+0000] {dag.py:3096} INFO - Sync 1 DAGs
[2026-04-26T07:57:49.928+0000] {logging_mixin.py:188} INFO - [2026-04-26T07:57:49.928+0000] {dag.py:3954} INFO - Setting next_dagrun for example_time_delta_sensor_async to None, run_after=None
[2026-04-26T07:57:49.944+0000] {processor.py:183} INFO - Processing /usr/local/python/3.12.1/lib/python3.12/site-packages/airflow/example_dags/example_time_delta_sensor_async.py took 0.046 seconds
[2026-04-26T07:58:11.676+0000] {processor.py:161} INFO - Started process (PID=54439) to work on /usr/local/python/3.12.1/lib/python3.12/site-packages/airflow/example_dags/example_time_delta_sensor_async.py
[2026-04-26T07:58:11.676+0000] {processor.py:830} INFO - Processing file /usr/local/python/3.12.1/lib/python3.12/site-packages/airflow/example_dags/example_time_delta_sensor_async.py for tasks to queue
[2026-04-26T07:58:11.677+0000] {logging_mixin.py:188} INFO - [2026-04-26T07:58:11.677+0000] {dagbag.py:540} INFO - Filling up the DagBag from /usr/local/python/3.12.1/lib/python3.12/site-packages/airflow/example_dags/example_time_delta_sensor_async.py
[2026-04-26T07:58:11.681+0000] {processor.py:840} INFO - DAG(s) 'example_time_delta_sensor_async' retrieved from /usr/local/python/3.12.1/lib/python3.12/site-packages/airflow/example_dags/example_time_delta_sensor_async.py
[2026-04-26T07:58:11.695+0000] {logging_mixin.py:188} INFO - [2026-04-26T07:58:11.695+0000] {dag.py:3096} INFO - Sync 1 DAGs
[2026-04-26T07:58:11.704+0000] {logging_mixin.py:188} INFO - [2026-04-26T07:58:11.704+0000] {dag.py:3954} INFO - Setting next_dagrun for example_time_delta_sensor_async to None, run_after=None
[2026-04-26T07:58:11.720+0000] {processor.py:183} INFO - Processing /usr/local/python/3.12.1/lib/python3.12/site-packages/airflow/example_dags/example_time_delta_sensor_async.py took 0.050 seconds
[2026-04-26T07:58:13.523+0000] {processor.py:161} INFO - Started process (PID=54458) to work on /usr/local/python/3.12.1/lib/python3.12/site-packages/airflow/example_dags/example_time_delta_sensor_async.py
[2026-04-26T07:58:13.524+0000] {processor.py:830} INFO - Processing file /usr/local/python/3.12.1/lib/python3.12/site-packages/airflow/example_dags/example_time_delta_sensor_async.py for tasks to queue
[2026-04-26T07:58:13.524+0000] {logging_mixin.py:188} INFO - [2026-04-26T07:58:13.524+0000] {dagbag.py:540} INFO - Filling up the DagBag from /usr/local/python/3.12.1/lib/python3.12/site-packages/airflow/example_dags/example_time_delta_sensor_async.py
[2026-04-26T07:58:13.530+0000] {processor.py:840} INFO - DAG(s) 'example_time_delta_sensor_async' retrieved from /usr/local/python/3.12.1/lib/python3.12/site-packages/airflow/example_dags/example_time_delta_sensor_async.py
[2026-04-26T07:58:13.544+0000] {logging_mixin.py:188} INFO - [2026-04-26T07:58:13.544+0000] {dag.py:3096} INFO - Sync 1 DAGs
[2026-04-26T07:58:13.553+0000] {logging_mixin.py:188} INFO - [2026-04-26T07:58:13.553+0000] {dag.py:3954} INFO - Setting next_dagrun for example_time_delta_sensor_async to None, run_after=None
[2026-04-26T07:58:13.572+0000] {processor.py:183} INFO - Processing /usr/local/python/3.12.1/lib/python3.12/site-packages/airflow/example_dags/example_time_delta_sensor_async.py took 0.054 seconds
[2026-04-26T07:58:33.502+0000] {processor.py:161} INFO - Started process (PID=54891) to work on /usr/local/python/3.12.1/lib/python3.12/site-packages/airflow/example_dags/example_time_delta_sensor_async.py
[2026-04-26T07:58:33.503+0000] {processor.py:830} INFO - Processing file /usr/local/python/3.12.1/lib/python3.12/site-packages/airflow/example_dags/example_time_delta_sensor_async.py for tasks to queue
[2026-04-26T07:58:33.504+0000] {logging_mixin.py:188} INFO - [2026-04-26T07:58:33.503+0000] {dagbag.py:540} INFO - Filling up the DagBag from /usr/local/python/3.12.1/lib/python3.12/site-packages/airflow/example_dags/example_time_delta_sensor_async.py
[2026-04-26T07:58:33.509+0000] {processor.py:840} INFO - DAG(s) 'example_time_delta_sensor_async' retrieved from /usr/local/python/3.12.1/lib/python3.12/site-packages/airflow/example_dags/example_time_delta_sensor_async.py
[2026-04-26T07:58:33.518+0000] {logging_mixin.py:188} INFO - [2026-04-26T07:58:33.518+0000] {dag.py:3096} INFO - Sync 1 DAGs
[2026-04-26T07:58:33.534+0000] {logging_mixin.py:188} INFO - [2026-04-26T07:58:33.534+0000] {dag.py:3954} INFO - Setting next_dagrun for example_time_delta_sensor_async to None, run_after=None
[2026-04-26T07:58:33.566+0000] {processor.py:183} INFO - Processing /usr/local/python/3.12.1/lib/python3.12/site-packages/airflow/example_dags/example_time_delta_sensor_async.py took 0.073 seconds
[2026-04-26T07:58:55.578+0000] {processor.py:161} INFO - Started process (PID=55234) to work on /usr/local/python/3.12.1/lib/python3.12/site-packages/airflow/example_dags/example_time_delta_sensor_async.py
[2026-04-26T07:58:55.578+0000] {processor.py:830} INFO - Processing file /usr/local/python/3.12.1/lib/python3.12/site-packages/airflow/example_dags/example_time_delta_sensor_async.py for tasks to queue
[2026-04-26T07:58:55.579+0000] {logging_mixin.py:188} INFO - [2026-04-26T07:58:55.579+0000] {dagbag.py:540} INFO - Filling up the DagBag from /usr/local/python/3.12.1/lib/python3.12/site-packages/airflow/example_dags/example_time_delta_sensor_async.py
[2026-04-26T07:58:55.583+0000] {processor.py:840} INFO - DAG(s) 'example_time_delta_sensor_async' retrieved from /usr/local/python/3.12.1/lib/python3.12/site-packages/airflow/example_dags/example_time_delta_sensor_async.py
[2026-04-26T07:58:55.589+0000] {logging_mixin.py:188} INFO - [2026-04-26T07:58:55.588+0000] {dag.py:3096} INFO - Sync 1 DAGs
[2026-04-26T07:58:55.598+0000] {logging_mixin.py:188} INFO - [2026-04-26T07:58:55.598+0000] {dag.py:3954} INFO - Setting next_dagrun for example_time_delta_sensor_async to None, run_after=None
[2026-04-26T07:58:55.616+0000] {processor.py:183} INFO - Processing /usr/local/python/3.12.1/lib/python3.12/site-packages/airflow/example_dags/example_time_delta_sensor_async.py took 0.043 seconds
[2026-04-26T07:59:01.079+0000] {processor.py:161} INFO - Started process (PID=55291) to work on /usr/local/python/3.12.1/lib/python3.12/site-packages/airflow/example_dags/example_time_delta_sensor_async.py
[2026-04-26T07:59:01.080+0000] {processor.py:830} INFO - Processing file /usr/local/python/3.12.1/lib/python3.12/site-packages/airflow/example_dags/example_time_delta_sensor_async.py for tasks to queue
[2026-04-26T07:59:01.080+0000] {logging_mixin.py:188} INFO - [2026-04-26T07:59:01.080+0000] {dagbag.py:540} INFO - Filling up the DagBag from /usr/local/python/3.12.1/lib/python3.12/site-packages/airflow/example_dags/example_time_delta_sensor_async.py
[2026-04-26T07:59:01.084+0000] {processor.py:840} INFO - DAG(s) 'example_time_delta_sensor_async' retrieved from /usr/local/python/3.12.1/lib/python3.12/site-packages/airflow/example_dags/example_time_delta_sensor_async.py
[2026-04-26T07:59:01.168+0000] {logging_mixin.py:188} INFO - [2026-04-26T07:59:01.168+0000] {dag.py:3096} INFO - Sync 1 DAGs
[2026-04-26T07:59:01.178+0000] {logging_mixin.py:188} INFO - [2026-04-26T07:59:01.177+0000] {dag.py:3954} INFO - Setting next_dagrun for example_time_delta_sensor_async to None, run_after=None
[2026-04-26T07:59:01.194+0000] {processor.py:183} INFO - Processing /usr/local/python/3.12.1/lib/python3.12/site-packages/airflow/example_dags/example_time_delta_sensor_async.py took 0.119 seconds
[2026-04-26T07:59:19.376+0000] {processor.py:161} INFO - Started process (PID=55503) to work on /usr/local/python/3.12.1/lib/python3.12/site-packages/airflow/example_dags/example_time_delta_sensor_async.py
[2026-04-26T07:59:19.377+0000] {processor.py:830} INFO - Processing file /usr/local/python/3.12.1/lib/python3.12/site-packages/airflow/example_dags/example_time_delta_sensor_async.py for tasks to queue
[2026-04-26T07:59:19.378+0000] {logging_mixin.py:188} INFO - [2026-04-26T07:59:19.378+0000] {dagbag.py:540} INFO - Filling up the DagBag from /usr/local/python/3.12.1/lib/python3.12/site-packages/airflow/example_dags/example_time_delta_sensor_async.py
[2026-04-26T07:59:19.383+0000] {processor.py:840} INFO - DAG(s) 'example_time_delta_sensor_async' retrieved from /usr/local/python/3.12.1/lib/python3.12/site-packages/airflow/example_dags/example_time_delta_sensor_async.py
[2026-04-26T07:59:19.390+0000] {logging_mixin.py:188} INFO - [2026-04-26T07:59:19.390+0000] {dag.py:3096} INFO - Sync 1 DAGs
[2026-04-26T07:59:19.407+0000] {logging_mixin.py:188} INFO - [2026-04-26T07:59:19.407+0000] {dag.py:3954} INFO - Setting next_dagrun for example_time_delta_sensor_async to None, run_after=None
[2026-04-26T07:59:19.477+0000] {processor.py:183} INFO - Processing /usr/local/python/3.12.1/lib/python3.12/site-packages/airflow/example_dags/example_time_delta_sensor_async.py took 0.107 seconds
[2026-04-26T07:59:41.142+0000] {processor.py:161} INFO - Started process (PID=55734) to work on /usr/local/python/3.12.1/lib/python3.12/site-packages/airflow/example_dags/example_time_delta_sensor_async.py
[2026-04-26T07:59:41.143+0000] {processor.py:830} INFO - Processing file /usr/local/python/3.12.1/lib/python3.12/site-packages/airflow/example_dags/example_time_delta_sensor_async.py for tasks to queue
[2026-04-26T07:59:41.144+0000] {logging_mixin.py:188} INFO - [2026-04-26T07:59:41.144+0000] {dagbag.py:540} INFO - Filling up the DagBag from /usr/local/python/3.12.1/lib/python3.12/site-packages/airflow/example_dags/example_time_delta_sensor_async.py
[2026-04-26T07:59:41.149+0000] {processor.py:840} INFO - DAG(s) 'example_time_delta_sensor_async' retrieved from /usr/local/python/3.12.1/lib/python3.12/site-packages/airflow/example_dags/example_time_delta_sensor_async.py
[2026-04-26T07:59:41.166+0000] {logging_mixin.py:188} INFO - [2026-04-26T07:59:41.165+0000] {dag.py:3096} INFO - Sync 1 DAGs
[2026-04-26T07:59:41.178+0000] {logging_mixin.py:188} INFO - [2026-04-26T07:59:41.178+0000] {dag.py:3954} INFO - Setting next_dagrun for example_time_delta_sensor_async to None, run_after=None
[2026-04-26T07:59:41.194+0000] {processor.py:183} INFO - Processing /usr/local/python/3.12.1/lib/python3.12/site-packages/airflow/example_dags/example_time_delta_sensor_async.py took 0.058 seconds
[2026-04-26T07:59:49.469+0000] {processor.py:161} INFO - Started process (PID=55814) to work on /usr/local/python/3.12.1/lib/python3.12/site-packages/airflow/example_dags/example_time_delta_sensor_async.py
[2026-04-26T07:59:49.469+0000] {processor.py:830} INFO - Processing file /usr/local/python/3.12.1/lib/python3.12/site-packages/airflow/example_dags/example_time_delta_sensor_async.py for tasks to queue
[2026-04-26T07:59:49.470+0000] {logging_mixin.py:188} INFO - [2026-04-26T07:59:49.470+0000] {dagbag.py:540} INFO - Filling up the DagBag from /usr/local/python/3.12.1/lib/python3.12/site-packages/airflow/example_dags/example_time_delta_sensor_async.py
[2026-04-26T07:59:49.475+0000] {processor.py:840} INFO - DAG(s) 'example_time_delta_sensor_async' retrieved from /usr/local/python/3.12.1/lib/python3.12/site-packages/airflow/example_dags/example_time_delta_sensor_async.py
[2026-04-26T07:59:49.489+0000] {logging_mixin.py:188} INFO - [2026-04-26T07:59:49.489+0000] {dag.py:3096} INFO - Sync 1 DAGs
[2026-04-26T07:59:49.498+0000] {logging_mixin.py:188} INFO - [2026-04-26T07:59:49.497+0000] {dag.py:3954} INFO - Setting next_dagrun for example_time_delta_sensor_async to None, run_after=None
[2026-04-26T07:59:49.514+0000] {processor.py:183} INFO - Processing /usr/local/python/3.12.1/lib/python3.12/site-packages/airflow/example_dags/example_time_delta_sensor_async.py took 0.051 seconds
[2026-04-26T08:00:04.023+0000] {processor.py:161} INFO - Started process (PID=55938) to work on /usr/local/python/3.12.1/lib/python3.12/site-packages/airflow/example_dags/example_time_delta_sensor_async.py
[2026-04-26T08:00:04.024+0000] {processor.py:830} INFO - Processing file /usr/local/python/3.12.1/lib/python3.12/site-packages/airflow/example_dags/example_time_delta_sensor_async.py for tasks to queue
[2026-04-26T08:00:04.024+0000] {logging_mixin.py:188} INFO - [2026-04-26T08:00:04.024+0000] {dagbag.py:540} INFO - Filling up the DagBag from /usr/local/python/3.12.1/lib/python3.12/site-packages/airflow/example_dags/example_time_delta_sensor_async.py
[2026-04-26T08:00:04.028+0000] {processor.py:840} INFO - DAG(s) 'example_time_delta_sensor_async' retrieved from /usr/local/python/3.12.1/lib/python3.12/site-packages/airflow/example_dags/example_time_delta_sensor_async.py
[2026-04-26T08:00:04.040+0000] {logging_mixin.py:188} INFO - [2026-04-26T08:00:04.039+0000] {dag.py:3096} INFO - Sync 1 DAGs
[2026-04-26T08:00:04.049+0000] {logging_mixin.py:188} INFO - [2026-04-26T08:00:04.049+0000] {dag.py:3954} INFO - Setting next_dagrun for example_time_delta_sensor_async to None, run_after=None
[2026-04-26T08:00:04.067+0000] {processor.py:183} INFO - Processing /usr/local/python/3.12.1/lib/python3.12/site-packages/airflow/example_dags/example_time_delta_sensor_async.py took 0.048 seconds
[2026-04-26T08:00:25.256+0000] {processor.py:161} INFO - Started process (PID=56173) to work on /usr/local/python/3.12.1/lib/python3.12/site-packages/airflow/example_dags/example_time_delta_sensor_async.py
[2026-04-26T08:00:25.260+0000] {processor.py:830} INFO - Processing file /usr/local/python/3.12.1/lib/python3.12/site-packages/airflow/example_dags/example_time_delta_sensor_async.py for tasks to queue
[2026-04-26T08:00:25.263+0000] {logging_mixin.py:188} INFO - [2026-04-26T08:00:25.263+0000] {dagbag.py:540} INFO - Filling up the DagBag from /usr/local/python/3.12.1/lib/python3.12/site-packages/airflow/example_dags/example_time_delta_sensor_async.py
[2026-04-26T08:00:25.280+0000] {processor.py:840} INFO - DAG(s) 'example_time_delta_sensor_async' retrieved from /usr/local/python/3.12.1/lib/python3.12/site-packages/airflow/example_dags/example_time_delta_sensor_async.py
[2026-04-26T08:00:25.318+0000] {logging_mixin.py:188} INFO - [2026-04-26T08:00:25.318+0000] {dag.py:3096} INFO - Sync 1 DAGs
[2026-04-26T08:00:25.331+0000] {logging_mixin.py:188} INFO - [2026-04-26T08:00:25.330+0000] {dag.py:3954} INFO - Setting next_dagrun for example_time_delta_sensor_async to None, run_after=None
[2026-04-26T08:00:25.366+0000] {processor.py:183} INFO - Processing /usr/local/python/3.12.1/lib/python3.12/site-packages/airflow/example_dags/example_time_delta_sensor_async.py took 0.140 seconds
[2026-04-26T08:00:35.190+0000] {processor.py:161} INFO - Started process (PID=56261) to work on /usr/local/python/3.12.1/lib/python3.12/site-packages/airflow/example_dags/example_time_delta_sensor_async.py
[2026-04-26T08:00:35.192+0000] {processor.py:830} INFO - Processing file /usr/local/python/3.12.1/lib/python3.12/site-packages/airflow/example_dags/example_time_delta_sensor_async.py for tasks to queue
[2026-04-26T08:00:35.194+0000] {logging_mixin.py:188} INFO - [2026-04-26T08:00:35.194+0000] {dagbag.py:540} INFO - Filling up the DagBag from /usr/local/python/3.12.1/lib/python3.12/site-packages/airflow/example_dags/example_time_delta_sensor_async.py
[2026-04-26T08:00:35.204+0000] {processor.py:840} INFO - DAG(s) 'example_time_delta_sensor_async' retrieved from /usr/local/python/3.12.1/lib/python3.12/site-packages/airflow/example_dags/example_time_delta_sensor_async.py
[2026-04-26T08:00:35.243+0000] {logging_mixin.py:188} INFO - [2026-04-26T08:00:35.242+0000] {dag.py:3096} INFO - Sync 1 DAGs
[2026-04-26T08:00:35.276+0000] {logging_mixin.py:188} INFO - [2026-04-26T08:00:35.275+0000] {dag.py:3954} INFO - Setting next_dagrun for example_time_delta_sensor_async to None, run_after=None
[2026-04-26T08:00:35.333+0000] {processor.py:183} INFO - Processing /usr/local/python/3.12.1/lib/python3.12/site-packages/airflow/example_dags/example_time_delta_sensor_async.py took 0.156 seconds
[2026-04-26T08:00:46.007+0000] {processor.py:161} INFO - Started process (PID=56364) to work on /usr/local/python/3.12.1/lib/python3.12/site-packages/airflow/example_dags/example_time_delta_sensor_async.py
[2026-04-26T08:00:46.008+0000] {processor.py:830} INFO - Processing file /usr/local/python/3.12.1/lib/python3.12/site-packages/airflow/example_dags/example_time_delta_sensor_async.py for tasks to queue
[2026-04-26T08:00:46.009+0000] {logging_mixin.py:188} INFO - [2026-04-26T08:00:46.008+0000] {dagbag.py:540} INFO - Filling up the DagBag from /usr/local/python/3.12.1/lib/python3.12/site-packages/airflow/example_dags/example_time_delta_sensor_async.py
[2026-04-26T08:00:46.012+0000] {processor.py:840} INFO - DAG(s) 'example_time_delta_sensor_async' retrieved from /usr/local/python/3.12.1/lib/python3.12/site-packages/airflow/example_dags/example_time_delta_sensor_async.py
[2026-04-26T08:00:46.024+0000] {logging_mixin.py:188} INFO - [2026-04-26T08:00:46.024+0000] {dag.py:3096} INFO - Sync 1 DAGs
[2026-04-26T08:00:46.033+0000] {logging_mixin.py:188} INFO - [2026-04-26T08:00:46.032+0000] {dag.py:3954} INFO - Setting next_dagrun for example_time_delta_sensor_async to None, run_after=None
[2026-04-26T08:00:46.048+0000] {processor.py:183} INFO - Processing /usr/local/python/3.12.1/lib/python3.12/site-packages/airflow/example_dags/example_time_delta_sensor_async.py took 0.045 seconds
[2026-04-26T08:01:12.676+0000] {processor.py:161} INFO - Started process (PID=56696) to work on /usr/local/python/3.12.1/lib/python3.12/site-packages/airflow/example_dags/example_time_delta_sensor_async.py
[2026-04-26T08:01:12.677+0000] {processor.py:830} INFO - Processing file /usr/local/python/3.12.1/lib/python3.12/site-packages/airflow/example_dags/example_time_delta_sensor_async.py for tasks to queue
[2026-04-26T08:01:12.677+0000] {logging_mixin.py:188} INFO - [2026-04-26T08:01:12.677+0000] {dagbag.py:540} INFO - Filling up the DagBag from /usr/local/python/3.12.1/lib/python3.12/site-packages/airflow/example_dags/example_time_delta_sensor_async.py
[2026-04-26T08:01:12.681+0000] {processor.py:840} INFO - DAG(s) 'example_time_delta_sensor_async' retrieved from /usr/local/python/3.12.1/lib/python3.12/site-packages/airflow/example_dags/example_time_delta_sensor_async.py
[2026-04-26T08:01:12.693+0000] {logging_mixin.py:188} INFO - [2026-04-26T08:01:12.693+0000] {dag.py:3096} INFO - Sync 1 DAGs
[2026-04-26T08:01:12.701+0000] {logging_mixin.py:188} INFO - [2026-04-26T08:01:12.701+0000] {dag.py:3954} INFO - Setting next_dagrun for example_time_delta_sensor_async to None, run_after=None
[2026-04-26T08:01:12.719+0000] {processor.py:183} INFO - Processing /usr/local/python/3.12.1/lib/python3.12/site-packages/airflow/example_dags/example_time_delta_sensor_async.py took 0.048 seconds
[2026-04-26T08:01:21.805+0000] {processor.py:161} INFO - Started process (PID=57020) to work on /usr/local/python/3.12.1/lib/python3.12/site-packages/airflow/example_dags/example_time_delta_sensor_async.py
[2026-04-26T08:01:21.808+0000] {processor.py:830} INFO - Processing file /usr/local/python/3.12.1/lib/python3.12/site-packages/airflow/example_dags/example_time_delta_sensor_async.py for tasks to queue
[2026-04-26T08:01:21.811+0000] {logging_mixin.py:188} INFO - [2026-04-26T08:01:21.810+0000] {dagbag.py:540} INFO - Filling up the DagBag from /usr/local/python/3.12.1/lib/python3.12/site-packages/airflow/example_dags/example_time_delta_sensor_async.py
[2026-04-26T08:01:21.822+0000] {processor.py:840} INFO - DAG(s) 'example_time_delta_sensor_async' retrieved from /usr/local/python/3.12.1/lib/python3.12/site-packages/airflow/example_dags/example_time_delta_sensor_async.py
[2026-04-26T08:01:21.859+0000] {logging_mixin.py:188} INFO - [2026-04-26T08:01:21.859+0000] {dag.py:3096} INFO - Sync 1 DAGs
[2026-04-26T08:01:21.882+0000] {logging_mixin.py:188} INFO - [2026-04-26T08:01:21.882+0000] {dag.py:3954} INFO - Setting next_dagrun for example_time_delta_sensor_async to None, run_after=None
[2026-04-26T08:01:21.926+0000] {processor.py:183} INFO - Processing /usr/local/python/3.12.1/lib/python3.12/site-packages/airflow/example_dags/example_time_delta_sensor_async.py took 0.134 seconds
[2026-04-26T08:01:31.648+0000] {processor.py:161} INFO - Started process (PID=57207) to work on /usr/local/python/3.12.1/lib/python3.12/site-packages/airflow/example_dags/example_time_delta_sensor_async.py
[2026-04-26T08:01:31.649+0000] {processor.py:830} INFO - Processing file /usr/local/python/3.12.1/lib/python3.12/site-packages/airflow/example_dags/example_time_delta_sensor_async.py for tasks to queue
[2026-04-26T08:01:31.651+0000] {logging_mixin.py:188} INFO - [2026-04-26T08:01:31.651+0000] {dagbag.py:540} INFO - Filling up the DagBag from /usr/local/python/3.12.1/lib/python3.12/site-packages/airflow/example_dags/example_time_delta_sensor_async.py
[2026-04-26T08:01:31.660+0000] {processor.py:840} INFO - DAG(s) 'example_time_delta_sensor_async' retrieved from /usr/local/python/3.12.1/lib/python3.12/site-packages/airflow/example_dags/example_time_delta_sensor_async.py
[2026-04-26T08:01:31.835+0000] {logging_mixin.py:188} INFO - [2026-04-26T08:01:31.835+0000] {dag.py:3096} INFO - Sync 1 DAGs
[2026-04-26T08:01:31.846+0000] {logging_mixin.py:188} INFO - [2026-04-26T08:01:31.845+0000] {dag.py:3954} INFO - Setting next_dagrun for example_time_delta_sensor_async to None, run_after=None
[2026-04-26T08:01:31.879+0000] {processor.py:183} INFO - Processing /usr/local/python/3.12.1/lib/python3.12/site-packages/airflow/example_dags/example_time_delta_sensor_async.py took 0.247 seconds
[2026-04-26T08:02:03.022+0000] {processor.py:161} INFO - Started process (PID=57721) to work on /usr/local/python/3.12.1/lib/python3.12/site-packages/airflow/example_dags/example_time_delta_sensor_async.py
[2026-04-26T08:02:03.023+0000] {processor.py:830} INFO - Processing file /usr/local/python/3.12.1/lib/python3.12/site-packages/airflow/example_dags/example_time_delta_sensor_async.py for tasks to queue
[2026-04-26T08:02:03.023+0000] {logging_mixin.py:188} INFO - [2026-04-26T08:02:03.023+0000] {dagbag.py:540} INFO - Filling up the DagBag from /usr/local/python/3.12.1/lib/python3.12/site-packages/airflow/example_dags/example_time_delta_sensor_async.py
[2026-04-26T08:02:03.028+0000] {processor.py:840} INFO - DAG(s) 'example_time_delta_sensor_async' retrieved from /usr/local/python/3.12.1/lib/python3.12/site-packages/airflow/example_dags/example_time_delta_sensor_async.py
[2026-04-26T08:02:03.043+0000] {logging_mixin.py:188} INFO - [2026-04-26T08:02:03.043+0000] {dag.py:3096} INFO - Sync 1 DAGs
[2026-04-26T08:02:03.058+0000] {logging_mixin.py:188} INFO - [2026-04-26T08:02:03.058+0000] {dag.py:3954} INFO - Setting next_dagrun for example_time_delta_sensor_async to None, run_after=None
[2026-04-26T08:02:03.081+0000] {processor.py:183} INFO - Processing /usr/local/python/3.12.1/lib/python3.12/site-packages/airflow/example_dags/example_time_delta_sensor_async.py took 0.065 seconds
[2026-04-26T08:02:11.863+0000] {processor.py:161} INFO - Started process (PID=57813) to work on /usr/local/python/3.12.1/lib/python3.12/site-packages/airflow/example_dags/example_time_delta_sensor_async.py
[2026-04-26T08:02:11.864+0000] {processor.py:830} INFO - Processing file /usr/local/python/3.12.1/lib/python3.12/site-packages/airflow/example_dags/example_time_delta_sensor_async.py for tasks to queue
[2026-04-26T08:02:11.865+0000] {logging_mixin.py:188} INFO - [2026-04-26T08:02:11.864+0000] {dagbag.py:540} INFO - Filling up the DagBag from /usr/local/python/3.12.1/lib/python3.12/site-packages/airflow/example_dags/example_time_delta_sensor_async.py
[2026-04-26T08:02:11.869+0000] {processor.py:840} INFO - DAG(s) 'example_time_delta_sensor_async' retrieved from /usr/local/python/3.12.1/lib/python3.12/site-packages/airflow/example_dags/example_time_delta_sensor_async.py
[2026-04-26T08:02:11.885+0000] {logging_mixin.py:188} INFO - [2026-04-26T08:02:11.885+0000] {dag.py:3096} INFO - Sync 1 DAGs
[2026-04-26T08:02:11.894+0000] {logging_mixin.py:188} INFO - [2026-04-26T08:02:11.894+0000] {dag.py:3954} INFO - Setting next_dagrun for example_time_delta_sensor_async to None, run_after=None
[2026-04-26T08:02:11.910+0000] {processor.py:183} INFO - Processing /usr/local/python/3.12.1/lib/python3.12/site-packages/airflow/example_dags/example_time_delta_sensor_async.py took 0.053 seconds
[2026-04-26T08:02:18.727+0000] {processor.py:161} INFO - Started process (PID=57876) to work on /usr/local/python/3.12.1/lib/python3.12/site-packages/airflow/example_dags/example_time_delta_sensor_async.py
[2026-04-26T08:02:18.728+0000] {processor.py:830} INFO - Processing file /usr/local/python/3.12.1/lib/python3.12/site-packages/airflow/example_dags/example_time_delta_sensor_async.py for tasks to queue
[2026-04-26T08:02:18.728+0000] {logging_mixin.py:188} INFO - [2026-04-26T08:02:18.728+0000] {dagbag.py:540} INFO - Filling up the DagBag from /usr/local/python/3.12.1/lib/python3.12/site-packages/airflow/example_dags/example_time_delta_sensor_async.py
[2026-04-26T08:02:18.732+0000] {processor.py:840} INFO - DAG(s) 'example_time_delta_sensor_async' retrieved from /usr/local/python/3.12.1/lib/python3.12/site-packages/airflow/example_dags/example_time_delta_sensor_async.py
[2026-04-26T08:02:18.744+0000] {logging_mixin.py:188} INFO - [2026-04-26T08:02:18.744+0000] {dag.py:3096} INFO - Sync 1 DAGs
[2026-04-26T08:02:18.753+0000] {logging_mixin.py:188} INFO - [2026-04-26T08:02:18.753+0000] {dag.py:3954} INFO - Setting next_dagrun for example_time_delta_sensor_async to None, run_after=None
[2026-04-26T08:02:18.770+0000] {processor.py:183} INFO - Processing /usr/local/python/3.12.1/lib/python3.12/site-packages/airflow/example_dags/example_time_delta_sensor_async.py took 0.047 seconds
[2026-04-26T08:02:48.563+0000] {processor.py:161} INFO - Started process (PID=58300) to work on /usr/local/python/3.12.1/lib/python3.12/site-packages/airflow/example_dags/example_time_delta_sensor_async.py
[2026-04-26T08:02:48.563+0000] {processor.py:830} INFO - Processing file /usr/local/python/3.12.1/lib/python3.12/site-packages/airflow/example_dags/example_time_delta_sensor_async.py for tasks to queue
[2026-04-26T08:02:48.564+0000] {logging_mixin.py:188} INFO - [2026-04-26T08:02:48.564+0000] {dagbag.py:540} INFO - Filling up the DagBag from /usr/local/python/3.12.1/lib/python3.12/site-packages/airflow/example_dags/example_time_delta_sensor_async.py
[2026-04-26T08:02:48.567+0000] {processor.py:840} INFO - DAG(s) 'example_time_delta_sensor_async' retrieved from /usr/local/python/3.12.1/lib/python3.12/site-packages/airflow/example_dags/example_time_delta_sensor_async.py
[2026-04-26T08:02:48.582+0000] {logging_mixin.py:188} INFO - [2026-04-26T08:02:48.582+0000] {dag.py:3096} INFO - Sync 1 DAGs
[2026-04-26T08:02:48.593+0000] {logging_mixin.py:188} INFO - [2026-04-26T08:02:48.593+0000] {dag.py:3954} INFO - Setting next_dagrun for example_time_delta_sensor_async to None, run_after=None
[2026-04-26T08:02:48.609+0000] {processor.py:183} INFO - Processing /usr/local/python/3.12.1/lib/python3.12/site-packages/airflow/example_dags/example_time_delta_sensor_async.py took 0.051 seconds
[2026-04-26T08:02:54.952+0000] {processor.py:161} INFO - Started process (PID=58360) to work on /usr/local/python/3.12.1/lib/python3.12/site-packages/airflow/example_dags/example_time_delta_sensor_async.py
[2026-04-26T08:02:54.953+0000] {processor.py:830} INFO - Processing file /usr/local/python/3.12.1/lib/python3.12/site-packages/airflow/example_dags/example_time_delta_sensor_async.py for tasks to queue
[2026-04-26T08:02:54.953+0000] {logging_mixin.py:188} INFO - [2026-04-26T08:02:54.953+0000] {dagbag.py:540} INFO - Filling up the DagBag from /usr/local/python/3.12.1/lib/python3.12/site-packages/airflow/example_dags/example_time_delta_sensor_async.py
[2026-04-26T08:02:54.957+0000] {processor.py:840} INFO - DAG(s) 'example_time_delta_sensor_async' retrieved from /usr/local/python/3.12.1/lib/python3.12/site-packages/airflow/example_dags/example_time_delta_sensor_async.py
[2026-04-26T08:02:54.983+0000] {logging_mixin.py:188} INFO - [2026-04-26T08:02:54.983+0000] {dag.py:3096} INFO - Sync 1 DAGs
[2026-04-26T08:02:54.996+0000] {logging_mixin.py:188} INFO - [2026-04-26T08:02:54.996+0000] {dag.py:3954} INFO - Setting next_dagrun for example_time_delta_sensor_async to None, run_after=None
[2026-04-26T08:02:55.020+0000] {processor.py:183} INFO - Processing /usr/local/python/3.12.1/lib/python3.12/site-packages/airflow/example_dags/example_time_delta_sensor_async.py took 0.072 seconds
[2026-04-26T08:03:01.134+0000] {processor.py:161} INFO - Started process (PID=58493) to work on /usr/local/python/3.12.1/lib/python3.12/site-packages/airflow/example_dags/example_time_delta_sensor_async.py
[2026-04-26T08:03:01.136+0000] {processor.py:830} INFO - Processing file /usr/local/python/3.12.1/lib/python3.12/site-packages/airflow/example_dags/example_time_delta_sensor_async.py for tasks to queue
[2026-04-26T08:03:01.137+0000] {logging_mixin.py:188} INFO - [2026-04-26T08:03:01.137+0000] {dagbag.py:540} INFO - Filling up the DagBag from /usr/local/python/3.12.1/lib/python3.12/site-packages/airflow/example_dags/example_time_delta_sensor_async.py
[2026-04-26T08:03:01.148+0000] {processor.py:840} INFO - DAG(s) 'example_time_delta_sensor_async' retrieved from /usr/local/python/3.12.1/lib/python3.12/site-packages/airflow/example_dags/example_time_delta_sensor_async.py
[2026-04-26T08:03:01.174+0000] {logging_mixin.py:188} INFO - [2026-04-26T08:03:01.174+0000] {dag.py:3096} INFO - Sync 1 DAGs
[2026-04-26T08:03:01.189+0000] {logging_mixin.py:188} INFO - [2026-04-26T08:03:01.188+0000] {dag.py:3954} INFO - Setting next_dagrun for example_time_delta_sensor_async to None, run_after=None
[2026-04-26T08:03:01.215+0000] {processor.py:183} INFO - Processing /usr/local/python/3.12.1/lib/python3.12/site-packages/airflow/example_dags/example_time_delta_sensor_async.py took 0.094 seconds
[2026-04-26T08:03:37.052+0000] {processor.py:161} INFO - Started process (PID=58962) to work on /usr/local/python/3.12.1/lib/python3.12/site-packages/airflow/example_dags/example_time_delta_sensor_async.py
[2026-04-26T08:03:37.053+0000] {processor.py:830} INFO - Processing file /usr/local/python/3.12.1/lib/python3.12/site-packages/airflow/example_dags/example_time_delta_sensor_async.py for tasks to queue
[2026-04-26T08:03:37.054+0000] {logging_mixin.py:188} INFO - [2026-04-26T08:03:37.053+0000] {dagbag.py:540} INFO - Filling up the DagBag from /usr/local/python/3.12.1/lib/python3.12/site-packages/airflow/example_dags/example_time_delta_sensor_async.py
[2026-04-26T08:03:37.058+0000] {processor.py:840} INFO - DAG(s) 'example_time_delta_sensor_async' retrieved from /usr/local/python/3.12.1/lib/python3.12/site-packages/airflow/example_dags/example_time_delta_sensor_async.py
[2026-04-26T08:03:37.074+0000] {logging_mixin.py:188} INFO - [2026-04-26T08:03:37.073+0000] {dag.py:3096} INFO - Sync 1 DAGs
[2026-04-26T08:03:37.083+0000] {logging_mixin.py:188} INFO - [2026-04-26T08:03:37.083+0000] {dag.py:3954} INFO - Setting next_dagrun for example_time_delta_sensor_async to None, run_after=None
[2026-04-26T08:03:37.100+0000] {processor.py:183} INFO - Processing /usr/local/python/3.12.1/lib/python3.12/site-packages/airflow/example_dags/example_time_delta_sensor_async.py took 0.052 seconds
[2026-04-26T08:03:42.632+0000] {processor.py:161} INFO - Started process (PID=58998) to work on /usr/local/python/3.12.1/lib/python3.12/site-packages/airflow/example_dags/example_time_delta_sensor_async.py
[2026-04-26T08:03:42.632+0000] {processor.py:830} INFO - Processing file /usr/local/python/3.12.1/lib/python3.12/site-packages/airflow/example_dags/example_time_delta_sensor_async.py for tasks to queue
[2026-04-26T08:03:42.633+0000] {logging_mixin.py:188} INFO - [2026-04-26T08:03:42.633+0000] {dagbag.py:540} INFO - Filling up the DagBag from /usr/local/python/3.12.1/lib/python3.12/site-packages/airflow/example_dags/example_time_delta_sensor_async.py
[2026-04-26T08:03:42.637+0000] {processor.py:840} INFO - DAG(s) 'example_time_delta_sensor_async' retrieved from /usr/local/python/3.12.1/lib/python3.12/site-packages/airflow/example_dags/example_time_delta_sensor_async.py
[2026-04-26T08:03:42.649+0000] {logging_mixin.py:188} INFO - [2026-04-26T08:03:42.649+0000] {dag.py:3096} INFO - Sync 1 DAGs
[2026-04-26T08:03:42.659+0000] {logging_mixin.py:188} INFO - [2026-04-26T08:03:42.659+0000] {dag.py:3954} INFO - Setting next_dagrun for example_time_delta_sensor_async to None, run_after=None
[2026-04-26T08:03:42.678+0000] {processor.py:183} INFO - Processing /usr/local/python/3.12.1/lib/python3.12/site-packages/airflow/example_dags/example_time_delta_sensor_async.py took 0.053 seconds
[2026-04-26T08:03:46.727+0000] {processor.py:161} INFO - Started process (PID=59096) to work on /usr/local/python/3.12.1/lib/python3.12/site-packages/airflow/example_dags/example_time_delta_sensor_async.py
[2026-04-26T08:03:46.728+0000] {processor.py:830} INFO - Processing file /usr/local/python/3.12.1/lib/python3.12/site-packages/airflow/example_dags/example_time_delta_sensor_async.py for tasks to queue
[2026-04-26T08:03:46.729+0000] {logging_mixin.py:188} INFO - [2026-04-26T08:03:46.728+0000] {dagbag.py:540} INFO - Filling up the DagBag from /usr/local/python/3.12.1/lib/python3.12/site-packages/airflow/example_dags/example_time_delta_sensor_async.py
[2026-04-26T08:03:46.734+0000] {processor.py:840} INFO - DAG(s) 'example_time_delta_sensor_async' retrieved from /usr/local/python/3.12.1/lib/python3.12/site-packages/airflow/example_dags/example_time_delta_sensor_async.py
[2026-04-26T08:03:46.750+0000] {logging_mixin.py:188} INFO - [2026-04-26T08:03:46.750+0000] {dag.py:3096} INFO - Sync 1 DAGs
[2026-04-26T08:03:46.761+0000] {logging_mixin.py:188} INFO - [2026-04-26T08:03:46.761+0000] {dag.py:3954} INFO - Setting next_dagrun for example_time_delta_sensor_async to None, run_after=None
[2026-04-26T08:03:46.783+0000] {processor.py:183} INFO - Processing /usr/local/python/3.12.1/lib/python3.12/site-packages/airflow/example_dags/example_time_delta_sensor_async.py took 0.063 seconds
[2026-04-26T08:04:22.384+0000] {processor.py:161} INFO - Started process (PID=59392) to work on /usr/local/python/3.12.1/lib/python3.12/site-packages/airflow/example_dags/example_time_delta_sensor_async.py
[2026-04-26T08:04:22.385+0000] {processor.py:830} INFO - Processing file /usr/local/python/3.12.1/lib/python3.12/site-packages/airflow/example_dags/example_time_delta_sensor_async.py for tasks to queue
[2026-04-26T08:04:22.386+0000] {logging_mixin.py:188} INFO - [2026-04-26T08:04:22.385+0000] {dagbag.py:540} INFO - Filling up the DagBag from /usr/local/python/3.12.1/lib/python3.12/site-packages/airflow/example_dags/example_time_delta_sensor_async.py
[2026-04-26T08:04:22.390+0000] {processor.py:840} INFO - DAG(s) 'example_time_delta_sensor_async' retrieved from /usr/local/python/3.12.1/lib/python3.12/site-packages/airflow/example_dags/example_time_delta_sensor_async.py
[2026-04-26T08:04:22.402+0000] {logging_mixin.py:188} INFO - [2026-04-26T08:04:22.402+0000] {dag.py:3096} INFO - Sync 1 DAGs
[2026-04-26T08:04:22.411+0000] {logging_mixin.py:188} INFO - [2026-04-26T08:04:22.411+0000] {dag.py:3954} INFO - Setting next_dagrun for example_time_delta_sensor_async to None, run_after=None
[2026-04-26T08:04:22.433+0000] {processor.py:183} INFO - Processing /usr/local/python/3.12.1/lib/python3.12/site-packages/airflow/example_dags/example_time_delta_sensor_async.py took 0.053 seconds
[2026-04-26T08:04:24.782+0000] {processor.py:161} INFO - Started process (PID=59413) to work on /usr/local/python/3.12.1/lib/python3.12/site-packages/airflow/example_dags/example_time_delta_sensor_async.py
[2026-04-26T08:04:24.783+0000] {processor.py:830} INFO - Processing file /usr/local/python/3.12.1/lib/python3.12/site-packages/airflow/example_dags/example_time_delta_sensor_async.py for tasks to queue
[2026-04-26T08:04:24.784+0000] {logging_mixin.py:188} INFO - [2026-04-26T08:04:24.784+0000] {dagbag.py:540} INFO - Filling up the DagBag from /usr/local/python/3.12.1/lib/python3.12/site-packages/airflow/example_dags/example_time_delta_sensor_async.py
[2026-04-26T08:04:24.787+0000] {processor.py:840} INFO - DAG(s) 'example_time_delta_sensor_async' retrieved from /usr/local/python/3.12.1/lib/python3.12/site-packages/airflow/example_dags/example_time_delta_sensor_async.py
[2026-04-26T08:04:24.800+0000] {logging_mixin.py:188} INFO - [2026-04-26T08:04:24.800+0000] {dag.py:3096} INFO - Sync 1 DAGs
[2026-04-26T08:04:24.811+0000] {logging_mixin.py:188} INFO - [2026-04-26T08:04:24.810+0000] {dag.py:3954} INFO - Setting next_dagrun for example_time_delta_sensor_async to None, run_after=None
[2026-04-26T08:04:24.828+0000] {processor.py:183} INFO - Processing /usr/local/python/3.12.1/lib/python3.12/site-packages/airflow/example_dags/example_time_delta_sensor_async.py took 0.051 seconds
[2026-04-26T08:04:28.512+0000] {processor.py:161} INFO - Started process (PID=59452) to work on /usr/local/python/3.12.1/lib/python3.12/site-packages/airflow/example_dags/example_time_delta_sensor_async.py
[2026-04-26T08:04:28.512+0000] {processor.py:830} INFO - Processing file /usr/local/python/3.12.1/lib/python3.12/site-packages/airflow/example_dags/example_time_delta_sensor_async.py for tasks to queue
[2026-04-26T08:04:28.513+0000] {logging_mixin.py:188} INFO - [2026-04-26T08:04:28.513+0000] {dagbag.py:540} INFO - Filling up the DagBag from /usr/local/python/3.12.1/lib/python3.12/site-packages/airflow/example_dags/example_time_delta_sensor_async.py
[2026-04-26T08:04:28.516+0000] {processor.py:840} INFO - DAG(s) 'example_time_delta_sensor_async' retrieved from /usr/local/python/3.12.1/lib/python3.12/site-packages/airflow/example_dags/example_time_delta_sensor_async.py
[2026-04-26T08:04:28.528+0000] {logging_mixin.py:188} INFO - [2026-04-26T08:04:28.528+0000] {dag.py:3096} INFO - Sync 1 DAGs
[2026-04-26T08:04:28.539+0000] {logging_mixin.py:188} INFO - [2026-04-26T08:04:28.539+0000] {dag.py:3954} INFO - Setting next_dagrun for example_time_delta_sensor_async to None, run_after=None
[2026-04-26T08:04:28.557+0000] {processor.py:183} INFO - Processing /usr/local/python/3.12.1/lib/python3.12/site-packages/airflow/example_dags/example_time_delta_sensor_async.py took 0.049 seconds
[2026-04-26T08:05:06.335+0000] {processor.py:161} INFO - Started process (PID=59819) to work on /usr/local/python/3.12.1/lib/python3.12/site-packages/airflow/example_dags/example_time_delta_sensor_async.py
[2026-04-26T08:05:06.336+0000] {processor.py:830} INFO - Processing file /usr/local/python/3.12.1/lib/python3.12/site-packages/airflow/example_dags/example_time_delta_sensor_async.py for tasks to queue
[2026-04-26T08:05:06.337+0000] {logging_mixin.py:188} INFO - [2026-04-26T08:05:06.336+0000] {dagbag.py:540} INFO - Filling up the DagBag from /usr/local/python/3.12.1/lib/python3.12/site-packages/airflow/example_dags/example_time_delta_sensor_async.py
[2026-04-26T08:05:06.340+0000] {processor.py:840} INFO - DAG(s) 'example_time_delta_sensor_async' retrieved from /usr/local/python/3.12.1/lib/python3.12/site-packages/airflow/example_dags/example_time_delta_sensor_async.py
[2026-04-26T08:05:06.352+0000] {logging_mixin.py:188} INFO - [2026-04-26T08:05:06.352+0000] {dag.py:3096} INFO - Sync 1 DAGs
[2026-04-26T08:05:06.363+0000] {logging_mixin.py:188} INFO - [2026-04-26T08:05:06.363+0000] {dag.py:3954} INFO - Setting next_dagrun for example_time_delta_sensor_async to None, run_after=None
[2026-04-26T08:05:06.382+0000] {processor.py:183} INFO - Processing /usr/local/python/3.12.1/lib/python3.12/site-packages/airflow/example_dags/example_time_delta_sensor_async.py took 0.053 seconds
[2026-04-26T08:05:07.622+0000] {processor.py:161} INFO - Started process (PID=59848) to work on /usr/local/python/3.12.1/lib/python3.12/site-packages/airflow/example_dags/example_time_delta_sensor_async.py
[2026-04-26T08:05:07.623+0000] {processor.py:830} INFO - Processing file /usr/local/python/3.12.1/lib/python3.12/site-packages/airflow/example_dags/example_time_delta_sensor_async.py for tasks to queue
[2026-04-26T08:05:07.624+0000] {logging_mixin.py:188} INFO - [2026-04-26T08:05:07.624+0000] {dagbag.py:540} INFO - Filling up the DagBag from /usr/local/python/3.12.1/lib/python3.12/site-packages/airflow/example_dags/example_time_delta_sensor_async.py
[2026-04-26T08:05:07.630+0000] {processor.py:840} INFO - DAG(s) 'example_time_delta_sensor_async' retrieved from /usr/local/python/3.12.1/lib/python3.12/site-packages/airflow/example_dags/example_time_delta_sensor_async.py
[2026-04-26T08:05:07.647+0000] {logging_mixin.py:188} INFO - [2026-04-26T08:05:07.647+0000] {dag.py:3096} INFO - Sync 1 DAGs
[2026-04-26T08:05:07.660+0000] {logging_mixin.py:188} INFO - [2026-04-26T08:05:07.660+0000] {dag.py:3954} INFO - Setting next_dagrun for example_time_delta_sensor_async to None, run_after=None
[2026-04-26T08:05:07.694+0000] {processor.py:183} INFO - Processing /usr/local/python/3.12.1/lib/python3.12/site-packages/airflow/example_dags/example_time_delta_sensor_async.py took 0.077 seconds
[2026-04-26T08:05:11.866+0000] {processor.py:161} INFO - Started process (PID=59925) to work on /usr/local/python/3.12.1/lib/python3.12/site-packages/airflow/example_dags/example_time_delta_sensor_async.py
[2026-04-26T08:05:11.867+0000] {processor.py:830} INFO - Processing file /usr/local/python/3.12.1/lib/python3.12/site-packages/airflow/example_dags/example_time_delta_sensor_async.py for tasks to queue
[2026-04-26T08:05:11.868+0000] {logging_mixin.py:188} INFO - [2026-04-26T08:05:11.867+0000] {dagbag.py:540} INFO - Filling up the DagBag from /usr/local/python/3.12.1/lib/python3.12/site-packages/airflow/example_dags/example_time_delta_sensor_async.py
[2026-04-26T08:05:11.872+0000] {processor.py:840} INFO - DAG(s) 'example_time_delta_sensor_async' retrieved from /usr/local/python/3.12.1/lib/python3.12/site-packages/airflow/example_dags/example_time_delta_sensor_async.py
[2026-04-26T08:05:11.887+0000] {logging_mixin.py:188} INFO - [2026-04-26T08:05:11.886+0000] {dag.py:3096} INFO - Sync 1 DAGs
[2026-04-26T08:05:11.895+0000] {logging_mixin.py:188} INFO - [2026-04-26T08:05:11.895+0000] {dag.py:3954} INFO - Setting next_dagrun for example_time_delta_sensor_async to None, run_after=None
[2026-04-26T08:05:11.912+0000] {processor.py:183} INFO - Processing /usr/local/python/3.12.1/lib/python3.12/site-packages/airflow/example_dags/example_time_delta_sensor_async.py took 0.052 seconds
