[2026-04-26T06:55:29.405+0000] {processor.py:161} INFO - Started process (PID=10220) to work on /usr/local/python/3.12.1/lib/python3.12/site-packages/airflow/example_dags/example_setup_teardown.py
[2026-04-26T06:55:29.405+0000] {processor.py:830} INFO - Processing file /usr/local/python/3.12.1/lib/python3.12/site-packages/airflow/example_dags/example_setup_teardown.py for tasks to queue
[2026-04-26T06:55:29.406+0000] {logging_mixin.py:188} INFO - [2026-04-26T06:55:29.406+0000] {dagbag.py:540} INFO - Filling up the DagBag from /usr/local/python/3.12.1/lib/python3.12/site-packages/airflow/example_dags/example_setup_teardown.py
[2026-04-26T06:55:29.411+0000] {processor.py:840} INFO - DAG(s) 'example_setup_teardown' retrieved from /usr/local/python/3.12.1/lib/python3.12/site-packages/airflow/example_dags/example_setup_teardown.py
[2026-04-26T06:55:29.503+0000] {logging_mixin.py:188} INFO - [2026-04-26T06:55:29.502+0000] {dag.py:3096} INFO - Sync 1 DAGs
[2026-04-26T06:55:29.522+0000] {logging_mixin.py:188} INFO - [2026-04-26T06:55:29.522+0000] {dag.py:3954} INFO - Setting next_dagrun for example_setup_teardown to 2026-04-25 00:00:00+00:00, run_after=2026-04-26 00:00:00+00:00
[2026-04-26T06:55:29.549+0000] {processor.py:183} INFO - Processing /usr/local/python/3.12.1/lib/python3.12/site-packages/airflow/example_dags/example_setup_teardown.py took 0.148 seconds
[2026-04-26T06:56:21.236+0000] {processor.py:161} INFO - Started process (PID=10641) to work on /usr/local/python/3.12.1/lib/python3.12/site-packages/airflow/example_dags/example_setup_teardown.py
[2026-04-26T06:56:21.237+0000] {processor.py:830} INFO - Processing file /usr/local/python/3.12.1/lib/python3.12/site-packages/airflow/example_dags/example_setup_teardown.py for tasks to queue
[2026-04-26T06:56:21.238+0000] {logging_mixin.py:188} INFO - [2026-04-26T06:56:21.237+0000] {dagbag.py:540} INFO - Filling up the DagBag from /usr/local/python/3.12.1/lib/python3.12/site-packages/airflow/example_dags/example_setup_teardown.py
[2026-04-26T06:56:21.244+0000] {processor.py:840} INFO - DAG(s) 'example_setup_teardown' retrieved from /usr/local/python/3.12.1/lib/python3.12/site-packages/airflow/example_dags/example_setup_teardown.py
[2026-04-26T06:56:21.256+0000] {logging_mixin.py:188} INFO - [2026-04-26T06:56:21.256+0000] {dag.py:3096} INFO - Sync 1 DAGs
[2026-04-26T06:56:21.270+0000] {logging_mixin.py:188} INFO - [2026-04-26T06:56:21.270+0000] {dag.py:3954} INFO - Setting next_dagrun for example_setup_teardown to 2026-04-25 00:00:00+00:00, run_after=2026-04-26 00:00:00+00:00
[2026-04-26T06:56:21.285+0000] {processor.py:183} INFO - Processing /usr/local/python/3.12.1/lib/python3.12/site-packages/airflow/example_dags/example_setup_teardown.py took 0.053 seconds
[2026-04-26T06:57:11.587+0000] {processor.py:161} INFO - Started process (PID=11210) to work on /usr/local/python/3.12.1/lib/python3.12/site-packages/airflow/example_dags/example_setup_teardown.py
[2026-04-26T06:57:11.587+0000] {processor.py:830} INFO - Processing file /usr/local/python/3.12.1/lib/python3.12/site-packages/airflow/example_dags/example_setup_teardown.py for tasks to queue
[2026-04-26T06:57:11.588+0000] {logging_mixin.py:188} INFO - [2026-04-26T06:57:11.588+0000] {dagbag.py:540} INFO - Filling up the DagBag from /usr/local/python/3.12.1/lib/python3.12/site-packages/airflow/example_dags/example_setup_teardown.py
[2026-04-26T06:57:11.594+0000] {processor.py:840} INFO - DAG(s) 'example_setup_teardown' retrieved from /usr/local/python/3.12.1/lib/python3.12/site-packages/airflow/example_dags/example_setup_teardown.py
[2026-04-26T06:57:11.605+0000] {logging_mixin.py:188} INFO - [2026-04-26T06:57:11.605+0000] {dag.py:3096} INFO - Sync 1 DAGs
[2026-04-26T06:57:11.620+0000] {logging_mixin.py:188} INFO - [2026-04-26T06:57:11.620+0000] {dag.py:3954} INFO - Setting next_dagrun for example_setup_teardown to 2026-04-25 00:00:00+00:00, run_after=2026-04-26 00:00:00+00:00
[2026-04-26T06:57:11.636+0000] {processor.py:183} INFO - Processing /usr/local/python/3.12.1/lib/python3.12/site-packages/airflow/example_dags/example_setup_teardown.py took 0.054 seconds
[2026-04-26T06:57:54.497+0000] {processor.py:161} INFO - Started process (PID=11667) to work on /usr/local/python/3.12.1/lib/python3.12/site-packages/airflow/example_dags/example_setup_teardown.py
[2026-04-26T06:57:54.498+0000] {processor.py:830} INFO - Processing file /usr/local/python/3.12.1/lib/python3.12/site-packages/airflow/example_dags/example_setup_teardown.py for tasks to queue
[2026-04-26T06:57:54.499+0000] {logging_mixin.py:188} INFO - [2026-04-26T06:57:54.499+0000] {dagbag.py:540} INFO - Filling up the DagBag from /usr/local/python/3.12.1/lib/python3.12/site-packages/airflow/example_dags/example_setup_teardown.py
[2026-04-26T06:57:54.506+0000] {processor.py:840} INFO - DAG(s) 'example_setup_teardown' retrieved from /usr/local/python/3.12.1/lib/python3.12/site-packages/airflow/example_dags/example_setup_teardown.py
[2026-04-26T06:57:54.531+0000] {logging_mixin.py:188} INFO - [2026-04-26T06:57:54.530+0000] {dag.py:3096} INFO - Sync 1 DAGs
[2026-04-26T06:57:54.546+0000] {logging_mixin.py:188} INFO - [2026-04-26T06:57:54.546+0000] {dag.py:3954} INFO - Setting next_dagrun for example_setup_teardown to 2026-04-25 00:00:00+00:00, run_after=2026-04-26 00:00:00+00:00
[2026-04-26T06:57:54.563+0000] {processor.py:183} INFO - Processing /usr/local/python/3.12.1/lib/python3.12/site-packages/airflow/example_dags/example_setup_teardown.py took 0.072 seconds
[2026-04-26T06:58:37.537+0000] {processor.py:161} INFO - Started process (PID=12234) to work on /usr/local/python/3.12.1/lib/python3.12/site-packages/airflow/example_dags/example_setup_teardown.py
[2026-04-26T06:58:37.538+0000] {processor.py:830} INFO - Processing file /usr/local/python/3.12.1/lib/python3.12/site-packages/airflow/example_dags/example_setup_teardown.py for tasks to queue
[2026-04-26T06:58:37.538+0000] {logging_mixin.py:188} INFO - [2026-04-26T06:58:37.538+0000] {dagbag.py:540} INFO - Filling up the DagBag from /usr/local/python/3.12.1/lib/python3.12/site-packages/airflow/example_dags/example_setup_teardown.py
[2026-04-26T06:58:37.544+0000] {processor.py:840} INFO - DAG(s) 'example_setup_teardown' retrieved from /usr/local/python/3.12.1/lib/python3.12/site-packages/airflow/example_dags/example_setup_teardown.py
[2026-04-26T06:58:37.555+0000] {logging_mixin.py:188} INFO - [2026-04-26T06:58:37.555+0000] {dag.py:3096} INFO - Sync 1 DAGs
[2026-04-26T06:58:37.568+0000] {logging_mixin.py:188} INFO - [2026-04-26T06:58:37.568+0000] {dag.py:3954} INFO - Setting next_dagrun for example_setup_teardown to 2026-04-25 00:00:00+00:00, run_after=2026-04-26 00:00:00+00:00
[2026-04-26T06:58:37.584+0000] {processor.py:183} INFO - Processing /usr/local/python/3.12.1/lib/python3.12/site-packages/airflow/example_dags/example_setup_teardown.py took 0.051 seconds
[2026-04-26T06:59:35.498+0000] {processor.py:161} INFO - Started process (PID=12774) to work on /usr/local/python/3.12.1/lib/python3.12/site-packages/airflow/example_dags/example_setup_teardown.py
[2026-04-26T06:59:35.499+0000] {processor.py:830} INFO - Processing file /usr/local/python/3.12.1/lib/python3.12/site-packages/airflow/example_dags/example_setup_teardown.py for tasks to queue
[2026-04-26T06:59:35.500+0000] {logging_mixin.py:188} INFO - [2026-04-26T06:59:35.500+0000] {dagbag.py:540} INFO - Filling up the DagBag from /usr/local/python/3.12.1/lib/python3.12/site-packages/airflow/example_dags/example_setup_teardown.py
[2026-04-26T06:59:35.505+0000] {processor.py:840} INFO - DAG(s) 'example_setup_teardown' retrieved from /usr/local/python/3.12.1/lib/python3.12/site-packages/airflow/example_dags/example_setup_teardown.py
[2026-04-26T06:59:35.518+0000] {logging_mixin.py:188} INFO - [2026-04-26T06:59:35.517+0000] {dag.py:3096} INFO - Sync 1 DAGs
[2026-04-26T06:59:35.532+0000] {logging_mixin.py:188} INFO - [2026-04-26T06:59:35.532+0000] {dag.py:3954} INFO - Setting next_dagrun for example_setup_teardown to 2026-04-25 00:00:00+00:00, run_after=2026-04-26 00:00:00+00:00
[2026-04-26T06:59:35.551+0000] {processor.py:183} INFO - Processing /usr/local/python/3.12.1/lib/python3.12/site-packages/airflow/example_dags/example_setup_teardown.py took 0.056 seconds
[2026-04-26T07:00:18.562+0000] {processor.py:161} INFO - Started process (PID=13207) to work on /usr/local/python/3.12.1/lib/python3.12/site-packages/airflow/example_dags/example_setup_teardown.py
[2026-04-26T07:00:18.563+0000] {processor.py:830} INFO - Processing file /usr/local/python/3.12.1/lib/python3.12/site-packages/airflow/example_dags/example_setup_teardown.py for tasks to queue
[2026-04-26T07:00:18.564+0000] {logging_mixin.py:188} INFO - [2026-04-26T07:00:18.564+0000] {dagbag.py:540} INFO - Filling up the DagBag from /usr/local/python/3.12.1/lib/python3.12/site-packages/airflow/example_dags/example_setup_teardown.py
[2026-04-26T07:00:18.573+0000] {processor.py:840} INFO - DAG(s) 'example_setup_teardown' retrieved from /usr/local/python/3.12.1/lib/python3.12/site-packages/airflow/example_dags/example_setup_teardown.py
[2026-04-26T07:00:18.595+0000] {logging_mixin.py:188} INFO - [2026-04-26T07:00:18.594+0000] {dag.py:3096} INFO - Sync 1 DAGs
[2026-04-26T07:00:18.620+0000] {logging_mixin.py:188} INFO - [2026-04-26T07:00:18.620+0000] {dag.py:3954} INFO - Setting next_dagrun for example_setup_teardown to 2026-04-25 00:00:00+00:00, run_after=2026-04-26 00:00:00+00:00
[2026-04-26T07:00:18.642+0000] {processor.py:183} INFO - Processing /usr/local/python/3.12.1/lib/python3.12/site-packages/airflow/example_dags/example_setup_teardown.py took 0.088 seconds
[2026-04-26T07:01:02.576+0000] {processor.py:161} INFO - Started process (PID=13581) to work on /usr/local/python/3.12.1/lib/python3.12/site-packages/airflow/example_dags/example_setup_teardown.py
[2026-04-26T07:01:02.577+0000] {processor.py:830} INFO - Processing file /usr/local/python/3.12.1/lib/python3.12/site-packages/airflow/example_dags/example_setup_teardown.py for tasks to queue
[2026-04-26T07:01:02.578+0000] {logging_mixin.py:188} INFO - [2026-04-26T07:01:02.577+0000] {dagbag.py:540} INFO - Filling up the DagBag from /usr/local/python/3.12.1/lib/python3.12/site-packages/airflow/example_dags/example_setup_teardown.py
[2026-04-26T07:01:02.583+0000] {processor.py:840} INFO - DAG(s) 'example_setup_teardown' retrieved from /usr/local/python/3.12.1/lib/python3.12/site-packages/airflow/example_dags/example_setup_teardown.py
[2026-04-26T07:01:02.595+0000] {logging_mixin.py:188} INFO - [2026-04-26T07:01:02.595+0000] {dag.py:3096} INFO - Sync 1 DAGs
[2026-04-26T07:01:02.609+0000] {logging_mixin.py:188} INFO - [2026-04-26T07:01:02.609+0000] {dag.py:3954} INFO - Setting next_dagrun for example_setup_teardown to 2026-04-25 00:00:00+00:00, run_after=2026-04-26 00:00:00+00:00
[2026-04-26T07:01:02.625+0000] {processor.py:183} INFO - Processing /usr/local/python/3.12.1/lib/python3.12/site-packages/airflow/example_dags/example_setup_teardown.py took 0.053 seconds
[2026-04-26T07:01:46.211+0000] {processor.py:161} INFO - Started process (PID=13950) to work on /usr/local/python/3.12.1/lib/python3.12/site-packages/airflow/example_dags/example_setup_teardown.py
[2026-04-26T07:01:46.212+0000] {processor.py:830} INFO - Processing file /usr/local/python/3.12.1/lib/python3.12/site-packages/airflow/example_dags/example_setup_teardown.py for tasks to queue
[2026-04-26T07:01:46.213+0000] {logging_mixin.py:188} INFO - [2026-04-26T07:01:46.212+0000] {dagbag.py:540} INFO - Filling up the DagBag from /usr/local/python/3.12.1/lib/python3.12/site-packages/airflow/example_dags/example_setup_teardown.py
[2026-04-26T07:01:46.218+0000] {processor.py:840} INFO - DAG(s) 'example_setup_teardown' retrieved from /usr/local/python/3.12.1/lib/python3.12/site-packages/airflow/example_dags/example_setup_teardown.py
[2026-04-26T07:01:46.229+0000] {logging_mixin.py:188} INFO - [2026-04-26T07:01:46.229+0000] {dag.py:3096} INFO - Sync 1 DAGs
[2026-04-26T07:01:46.243+0000] {logging_mixin.py:188} INFO - [2026-04-26T07:01:46.243+0000] {dag.py:3954} INFO - Setting next_dagrun for example_setup_teardown to 2026-04-25 00:00:00+00:00, run_after=2026-04-26 00:00:00+00:00
[2026-04-26T07:01:46.259+0000] {processor.py:183} INFO - Processing /usr/local/python/3.12.1/lib/python3.12/site-packages/airflow/example_dags/example_setup_teardown.py took 0.055 seconds
[2026-04-26T07:02:31.001+0000] {processor.py:161} INFO - Started process (PID=14332) to work on /usr/local/python/3.12.1/lib/python3.12/site-packages/airflow/example_dags/example_setup_teardown.py
[2026-04-26T07:02:31.004+0000] {processor.py:830} INFO - Processing file /usr/local/python/3.12.1/lib/python3.12/site-packages/airflow/example_dags/example_setup_teardown.py for tasks to queue
[2026-04-26T07:02:31.006+0000] {logging_mixin.py:188} INFO - [2026-04-26T07:02:31.005+0000] {dagbag.py:540} INFO - Filling up the DagBag from /usr/local/python/3.12.1/lib/python3.12/site-packages/airflow/example_dags/example_setup_teardown.py
[2026-04-26T07:02:31.025+0000] {processor.py:840} INFO - DAG(s) 'example_setup_teardown' retrieved from /usr/local/python/3.12.1/lib/python3.12/site-packages/airflow/example_dags/example_setup_teardown.py
[2026-04-26T07:02:31.064+0000] {logging_mixin.py:188} INFO - [2026-04-26T07:02:31.063+0000] {dag.py:3096} INFO - Sync 1 DAGs
[2026-04-26T07:02:31.114+0000] {logging_mixin.py:188} INFO - [2026-04-26T07:02:31.114+0000] {dag.py:3954} INFO - Setting next_dagrun for example_setup_teardown to 2026-04-25 00:00:00+00:00, run_after=2026-04-26 00:00:00+00:00
[2026-04-26T07:02:31.162+0000] {processor.py:183} INFO - Processing /usr/local/python/3.12.1/lib/python3.12/site-packages/airflow/example_dags/example_setup_teardown.py took 0.173 seconds
[2026-04-26T07:03:20.834+0000] {processor.py:161} INFO - Started process (PID=14734) to work on /usr/local/python/3.12.1/lib/python3.12/site-packages/airflow/example_dags/example_setup_teardown.py
[2026-04-26T07:03:20.835+0000] {processor.py:830} INFO - Processing file /usr/local/python/3.12.1/lib/python3.12/site-packages/airflow/example_dags/example_setup_teardown.py for tasks to queue
[2026-04-26T07:03:20.836+0000] {logging_mixin.py:188} INFO - [2026-04-26T07:03:20.835+0000] {dagbag.py:540} INFO - Filling up the DagBag from /usr/local/python/3.12.1/lib/python3.12/site-packages/airflow/example_dags/example_setup_teardown.py
[2026-04-26T07:03:20.841+0000] {processor.py:840} INFO - DAG(s) 'example_setup_teardown' retrieved from /usr/local/python/3.12.1/lib/python3.12/site-packages/airflow/example_dags/example_setup_teardown.py
[2026-04-26T07:03:20.853+0000] {logging_mixin.py:188} INFO - [2026-04-26T07:03:20.853+0000] {dag.py:3096} INFO - Sync 1 DAGs
[2026-04-26T07:03:20.868+0000] {logging_mixin.py:188} INFO - [2026-04-26T07:03:20.868+0000] {dag.py:3954} INFO - Setting next_dagrun for example_setup_teardown to 2026-04-25 00:00:00+00:00, run_after=2026-04-26 00:00:00+00:00
[2026-04-26T07:03:20.884+0000] {processor.py:183} INFO - Processing /usr/local/python/3.12.1/lib/python3.12/site-packages/airflow/example_dags/example_setup_teardown.py took 0.054 seconds
[2026-04-26T07:04:17.221+0000] {processor.py:161} INFO - Started process (PID=15287) to work on /usr/local/python/3.12.1/lib/python3.12/site-packages/airflow/example_dags/example_setup_teardown.py
[2026-04-26T07:04:17.221+0000] {processor.py:830} INFO - Processing file /usr/local/python/3.12.1/lib/python3.12/site-packages/airflow/example_dags/example_setup_teardown.py for tasks to queue
[2026-04-26T07:04:17.222+0000] {logging_mixin.py:188} INFO - [2026-04-26T07:04:17.222+0000] {dagbag.py:540} INFO - Filling up the DagBag from /usr/local/python/3.12.1/lib/python3.12/site-packages/airflow/example_dags/example_setup_teardown.py
[2026-04-26T07:04:17.227+0000] {processor.py:840} INFO - DAG(s) 'example_setup_teardown' retrieved from /usr/local/python/3.12.1/lib/python3.12/site-packages/airflow/example_dags/example_setup_teardown.py
[2026-04-26T07:04:17.239+0000] {logging_mixin.py:188} INFO - [2026-04-26T07:04:17.239+0000] {dag.py:3096} INFO - Sync 1 DAGs
[2026-04-26T07:04:17.253+0000] {logging_mixin.py:188} INFO - [2026-04-26T07:04:17.253+0000] {dag.py:3954} INFO - Setting next_dagrun for example_setup_teardown to 2026-04-25 00:00:00+00:00, run_after=2026-04-26 00:00:00+00:00
[2026-04-26T07:04:17.269+0000] {processor.py:183} INFO - Processing /usr/local/python/3.12.1/lib/python3.12/site-packages/airflow/example_dags/example_setup_teardown.py took 0.052 seconds
[2026-04-26T07:05:15.696+0000] {processor.py:161} INFO - Started process (PID=15917) to work on /usr/local/python/3.12.1/lib/python3.12/site-packages/airflow/example_dags/example_setup_teardown.py
[2026-04-26T07:05:15.697+0000] {processor.py:830} INFO - Processing file /usr/local/python/3.12.1/lib/python3.12/site-packages/airflow/example_dags/example_setup_teardown.py for tasks to queue
[2026-04-26T07:05:15.698+0000] {logging_mixin.py:188} INFO - [2026-04-26T07:05:15.698+0000] {dagbag.py:540} INFO - Filling up the DagBag from /usr/local/python/3.12.1/lib/python3.12/site-packages/airflow/example_dags/example_setup_teardown.py
[2026-04-26T07:05:15.707+0000] {processor.py:840} INFO - DAG(s) 'example_setup_teardown' retrieved from /usr/local/python/3.12.1/lib/python3.12/site-packages/airflow/example_dags/example_setup_teardown.py
[2026-04-26T07:05:15.730+0000] {logging_mixin.py:188} INFO - [2026-04-26T07:05:15.730+0000] {dag.py:3096} INFO - Sync 1 DAGs
[2026-04-26T07:05:15.783+0000] {logging_mixin.py:188} INFO - [2026-04-26T07:05:15.780+0000] {dag.py:3954} INFO - Setting next_dagrun for example_setup_teardown to 2026-04-25 00:00:00+00:00, run_after=2026-04-26 00:00:00+00:00
[2026-04-26T07:05:15.848+0000] {processor.py:183} INFO - Processing /usr/local/python/3.12.1/lib/python3.12/site-packages/airflow/example_dags/example_setup_teardown.py took 0.158 seconds
[2026-04-26T07:06:12.693+0000] {processor.py:161} INFO - Started process (PID=16523) to work on /usr/local/python/3.12.1/lib/python3.12/site-packages/airflow/example_dags/example_setup_teardown.py
[2026-04-26T07:06:12.694+0000] {processor.py:830} INFO - Processing file /usr/local/python/3.12.1/lib/python3.12/site-packages/airflow/example_dags/example_setup_teardown.py for tasks to queue
[2026-04-26T07:06:12.695+0000] {logging_mixin.py:188} INFO - [2026-04-26T07:06:12.695+0000] {dagbag.py:540} INFO - Filling up the DagBag from /usr/local/python/3.12.1/lib/python3.12/site-packages/airflow/example_dags/example_setup_teardown.py
[2026-04-26T07:06:12.700+0000] {processor.py:840} INFO - DAG(s) 'example_setup_teardown' retrieved from /usr/local/python/3.12.1/lib/python3.12/site-packages/airflow/example_dags/example_setup_teardown.py
[2026-04-26T07:06:12.711+0000] {logging_mixin.py:188} INFO - [2026-04-26T07:06:12.711+0000] {dag.py:3096} INFO - Sync 1 DAGs
[2026-04-26T07:06:12.725+0000] {logging_mixin.py:188} INFO - [2026-04-26T07:06:12.725+0000] {dag.py:3954} INFO - Setting next_dagrun for example_setup_teardown to 2026-04-25 00:00:00+00:00, run_after=2026-04-26 00:00:00+00:00
[2026-04-26T07:06:12.748+0000] {processor.py:183} INFO - Processing /usr/local/python/3.12.1/lib/python3.12/site-packages/airflow/example_dags/example_setup_teardown.py took 0.059 seconds
[2026-04-26T07:06:55.685+0000] {processor.py:161} INFO - Started process (PID=16841) to work on /usr/local/python/3.12.1/lib/python3.12/site-packages/airflow/example_dags/example_setup_teardown.py
[2026-04-26T07:06:55.686+0000] {processor.py:830} INFO - Processing file /usr/local/python/3.12.1/lib/python3.12/site-packages/airflow/example_dags/example_setup_teardown.py for tasks to queue
[2026-04-26T07:06:55.686+0000] {logging_mixin.py:188} INFO - [2026-04-26T07:06:55.686+0000] {dagbag.py:540} INFO - Filling up the DagBag from /usr/local/python/3.12.1/lib/python3.12/site-packages/airflow/example_dags/example_setup_teardown.py
[2026-04-26T07:06:55.692+0000] {processor.py:840} INFO - DAG(s) 'example_setup_teardown' retrieved from /usr/local/python/3.12.1/lib/python3.12/site-packages/airflow/example_dags/example_setup_teardown.py
[2026-04-26T07:06:55.703+0000] {logging_mixin.py:188} INFO - [2026-04-26T07:06:55.703+0000] {dag.py:3096} INFO - Sync 1 DAGs
[2026-04-26T07:06:55.717+0000] {logging_mixin.py:188} INFO - [2026-04-26T07:06:55.717+0000] {dag.py:3954} INFO - Setting next_dagrun for example_setup_teardown to 2026-04-25 00:00:00+00:00, run_after=2026-04-26 00:00:00+00:00
[2026-04-26T07:06:55.732+0000] {processor.py:183} INFO - Processing /usr/local/python/3.12.1/lib/python3.12/site-packages/airflow/example_dags/example_setup_teardown.py took 0.051 seconds
[2026-04-26T07:07:56.888+0000] {processor.py:161} INFO - Started process (PID=17363) to work on /usr/local/python/3.12.1/lib/python3.12/site-packages/airflow/example_dags/example_setup_teardown.py
[2026-04-26T07:07:56.888+0000] {processor.py:830} INFO - Processing file /usr/local/python/3.12.1/lib/python3.12/site-packages/airflow/example_dags/example_setup_teardown.py for tasks to queue
[2026-04-26T07:07:56.889+0000] {logging_mixin.py:188} INFO - [2026-04-26T07:07:56.889+0000] {dagbag.py:540} INFO - Filling up the DagBag from /usr/local/python/3.12.1/lib/python3.12/site-packages/airflow/example_dags/example_setup_teardown.py
[2026-04-26T07:07:56.894+0000] {processor.py:840} INFO - DAG(s) 'example_setup_teardown' retrieved from /usr/local/python/3.12.1/lib/python3.12/site-packages/airflow/example_dags/example_setup_teardown.py
[2026-04-26T07:07:56.906+0000] {logging_mixin.py:188} INFO - [2026-04-26T07:07:56.905+0000] {dag.py:3096} INFO - Sync 1 DAGs
[2026-04-26T07:07:56.919+0000] {logging_mixin.py:188} INFO - [2026-04-26T07:07:56.919+0000] {dag.py:3954} INFO - Setting next_dagrun for example_setup_teardown to 2026-04-25 00:00:00+00:00, run_after=2026-04-26 00:00:00+00:00
[2026-04-26T07:07:56.935+0000] {processor.py:183} INFO - Processing /usr/local/python/3.12.1/lib/python3.12/site-packages/airflow/example_dags/example_setup_teardown.py took 0.051 seconds
[2026-04-26T07:08:41.844+0000] {processor.py:161} INFO - Started process (PID=17847) to work on /usr/local/python/3.12.1/lib/python3.12/site-packages/airflow/example_dags/example_setup_teardown.py
[2026-04-26T07:08:41.845+0000] {processor.py:830} INFO - Processing file /usr/local/python/3.12.1/lib/python3.12/site-packages/airflow/example_dags/example_setup_teardown.py for tasks to queue
[2026-04-26T07:08:41.846+0000] {logging_mixin.py:188} INFO - [2026-04-26T07:08:41.846+0000] {dagbag.py:540} INFO - Filling up the DagBag from /usr/local/python/3.12.1/lib/python3.12/site-packages/airflow/example_dags/example_setup_teardown.py
[2026-04-26T07:08:41.851+0000] {processor.py:840} INFO - DAG(s) 'example_setup_teardown' retrieved from /usr/local/python/3.12.1/lib/python3.12/site-packages/airflow/example_dags/example_setup_teardown.py
[2026-04-26T07:08:41.863+0000] {logging_mixin.py:188} INFO - [2026-04-26T07:08:41.863+0000] {dag.py:3096} INFO - Sync 1 DAGs
[2026-04-26T07:08:41.878+0000] {logging_mixin.py:188} INFO - [2026-04-26T07:08:41.878+0000] {dag.py:3954} INFO - Setting next_dagrun for example_setup_teardown to 2026-04-25 00:00:00+00:00, run_after=2026-04-26 00:00:00+00:00
[2026-04-26T07:08:41.895+0000] {processor.py:183} INFO - Processing /usr/local/python/3.12.1/lib/python3.12/site-packages/airflow/example_dags/example_setup_teardown.py took 0.055 seconds
[2026-04-26T07:09:30.288+0000] {processor.py:161} INFO - Started process (PID=18335) to work on /usr/local/python/3.12.1/lib/python3.12/site-packages/airflow/example_dags/example_setup_teardown.py
[2026-04-26T07:09:30.288+0000] {processor.py:830} INFO - Processing file /usr/local/python/3.12.1/lib/python3.12/site-packages/airflow/example_dags/example_setup_teardown.py for tasks to queue
[2026-04-26T07:09:30.289+0000] {logging_mixin.py:188} INFO - [2026-04-26T07:09:30.289+0000] {dagbag.py:540} INFO - Filling up the DagBag from /usr/local/python/3.12.1/lib/python3.12/site-packages/airflow/example_dags/example_setup_teardown.py
[2026-04-26T07:09:30.294+0000] {processor.py:840} INFO - DAG(s) 'example_setup_teardown' retrieved from /usr/local/python/3.12.1/lib/python3.12/site-packages/airflow/example_dags/example_setup_teardown.py
[2026-04-26T07:09:30.306+0000] {logging_mixin.py:188} INFO - [2026-04-26T07:09:30.306+0000] {dag.py:3096} INFO - Sync 1 DAGs
[2026-04-26T07:09:30.320+0000] {logging_mixin.py:188} INFO - [2026-04-26T07:09:30.320+0000] {dag.py:3954} INFO - Setting next_dagrun for example_setup_teardown to 2026-04-25 00:00:00+00:00, run_after=2026-04-26 00:00:00+00:00
[2026-04-26T07:09:30.337+0000] {processor.py:183} INFO - Processing /usr/local/python/3.12.1/lib/python3.12/site-packages/airflow/example_dags/example_setup_teardown.py took 0.053 seconds
[2026-04-26T07:09:51.493+0000] {processor.py:161} INFO - Started process (PID=18665) to work on /usr/local/python/3.12.1/lib/python3.12/site-packages/airflow/example_dags/example_setup_teardown.py
[2026-04-26T07:09:51.494+0000] {processor.py:830} INFO - Processing file /usr/local/python/3.12.1/lib/python3.12/site-packages/airflow/example_dags/example_setup_teardown.py for tasks to queue
[2026-04-26T07:09:51.495+0000] {logging_mixin.py:188} INFO - [2026-04-26T07:09:51.494+0000] {dagbag.py:540} INFO - Filling up the DagBag from /usr/local/python/3.12.1/lib/python3.12/site-packages/airflow/example_dags/example_setup_teardown.py
[2026-04-26T07:09:51.501+0000] {processor.py:840} INFO - DAG(s) 'example_setup_teardown' retrieved from /usr/local/python/3.12.1/lib/python3.12/site-packages/airflow/example_dags/example_setup_teardown.py
[2026-04-26T07:09:51.516+0000] {logging_mixin.py:188} INFO - [2026-04-26T07:09:51.516+0000] {dag.py:3096} INFO - Sync 1 DAGs
[2026-04-26T07:09:51.533+0000] {logging_mixin.py:188} INFO - [2026-04-26T07:09:51.533+0000] {dag.py:3954} INFO - Setting next_dagrun for example_setup_teardown to 2026-04-25 00:00:00+00:00, run_after=2026-04-26 00:00:00+00:00
[2026-04-26T07:09:51.551+0000] {processor.py:183} INFO - Processing /usr/local/python/3.12.1/lib/python3.12/site-packages/airflow/example_dags/example_setup_teardown.py took 0.063 seconds
[2026-04-26T07:10:20.886+0000] {processor.py:161} INFO - Started process (PID=18973) to work on /usr/local/python/3.12.1/lib/python3.12/site-packages/airflow/example_dags/example_setup_teardown.py
[2026-04-26T07:10:20.886+0000] {processor.py:830} INFO - Processing file /usr/local/python/3.12.1/lib/python3.12/site-packages/airflow/example_dags/example_setup_teardown.py for tasks to queue
[2026-04-26T07:10:20.887+0000] {logging_mixin.py:188} INFO - [2026-04-26T07:10:20.887+0000] {dagbag.py:540} INFO - Filling up the DagBag from /usr/local/python/3.12.1/lib/python3.12/site-packages/airflow/example_dags/example_setup_teardown.py
[2026-04-26T07:10:20.893+0000] {processor.py:840} INFO - DAG(s) 'example_setup_teardown' retrieved from /usr/local/python/3.12.1/lib/python3.12/site-packages/airflow/example_dags/example_setup_teardown.py
[2026-04-26T07:10:20.904+0000] {logging_mixin.py:188} INFO - [2026-04-26T07:10:20.904+0000] {dag.py:3096} INFO - Sync 1 DAGs
[2026-04-26T07:10:20.919+0000] {logging_mixin.py:188} INFO - [2026-04-26T07:10:20.919+0000] {dag.py:3954} INFO - Setting next_dagrun for example_setup_teardown to 2026-04-25 00:00:00+00:00, run_after=2026-04-26 00:00:00+00:00
[2026-04-26T07:10:20.934+0000] {processor.py:183} INFO - Processing /usr/local/python/3.12.1/lib/python3.12/site-packages/airflow/example_dags/example_setup_teardown.py took 0.054 seconds
[2026-04-26T07:10:41.865+0000] {processor.py:161} INFO - Started process (PID=19144) to work on /usr/local/python/3.12.1/lib/python3.12/site-packages/airflow/example_dags/example_setup_teardown.py
[2026-04-26T07:10:41.866+0000] {processor.py:830} INFO - Processing file /usr/local/python/3.12.1/lib/python3.12/site-packages/airflow/example_dags/example_setup_teardown.py for tasks to queue
[2026-04-26T07:10:41.867+0000] {logging_mixin.py:188} INFO - [2026-04-26T07:10:41.866+0000] {dagbag.py:540} INFO - Filling up the DagBag from /usr/local/python/3.12.1/lib/python3.12/site-packages/airflow/example_dags/example_setup_teardown.py
[2026-04-26T07:10:41.877+0000] {processor.py:840} INFO - DAG(s) 'example_setup_teardown' retrieved from /usr/local/python/3.12.1/lib/python3.12/site-packages/airflow/example_dags/example_setup_teardown.py
[2026-04-26T07:10:41.898+0000] {logging_mixin.py:188} INFO - [2026-04-26T07:10:41.898+0000] {dag.py:3096} INFO - Sync 1 DAGs
[2026-04-26T07:10:41.921+0000] {logging_mixin.py:188} INFO - [2026-04-26T07:10:41.921+0000] {dag.py:3954} INFO - Setting next_dagrun for example_setup_teardown to 2026-04-25 00:00:00+00:00, run_after=2026-04-26 00:00:00+00:00
[2026-04-26T07:10:41.945+0000] {processor.py:183} INFO - Processing /usr/local/python/3.12.1/lib/python3.12/site-packages/airflow/example_dags/example_setup_teardown.py took 0.085 seconds
[2026-04-26T07:11:23.305+0000] {processor.py:161} INFO - Started process (PID=19701) to work on /usr/local/python/3.12.1/lib/python3.12/site-packages/airflow/example_dags/example_setup_teardown.py
[2026-04-26T07:11:23.306+0000] {processor.py:830} INFO - Processing file /usr/local/python/3.12.1/lib/python3.12/site-packages/airflow/example_dags/example_setup_teardown.py for tasks to queue
[2026-04-26T07:11:23.307+0000] {logging_mixin.py:188} INFO - [2026-04-26T07:11:23.306+0000] {dagbag.py:540} INFO - Filling up the DagBag from /usr/local/python/3.12.1/lib/python3.12/site-packages/airflow/example_dags/example_setup_teardown.py
[2026-04-26T07:11:23.312+0000] {processor.py:840} INFO - DAG(s) 'example_setup_teardown' retrieved from /usr/local/python/3.12.1/lib/python3.12/site-packages/airflow/example_dags/example_setup_teardown.py
[2026-04-26T07:11:23.323+0000] {logging_mixin.py:188} INFO - [2026-04-26T07:11:23.323+0000] {dag.py:3096} INFO - Sync 1 DAGs
[2026-04-26T07:11:23.341+0000] {logging_mixin.py:188} INFO - [2026-04-26T07:11:23.340+0000] {dag.py:3954} INFO - Setting next_dagrun for example_setup_teardown to 2026-04-25 00:00:00+00:00, run_after=2026-04-26 00:00:00+00:00
[2026-04-26T07:11:23.762+0000] {processor.py:183} INFO - Processing /usr/local/python/3.12.1/lib/python3.12/site-packages/airflow/example_dags/example_setup_teardown.py took 0.461 seconds
[2026-04-26T07:11:32.955+0000] {processor.py:161} INFO - Started process (PID=19835) to work on /usr/local/python/3.12.1/lib/python3.12/site-packages/airflow/example_dags/example_setup_teardown.py
[2026-04-26T07:11:32.956+0000] {processor.py:830} INFO - Processing file /usr/local/python/3.12.1/lib/python3.12/site-packages/airflow/example_dags/example_setup_teardown.py for tasks to queue
[2026-04-26T07:11:32.957+0000] {logging_mixin.py:188} INFO - [2026-04-26T07:11:32.956+0000] {dagbag.py:540} INFO - Filling up the DagBag from /usr/local/python/3.12.1/lib/python3.12/site-packages/airflow/example_dags/example_setup_teardown.py
[2026-04-26T07:11:32.962+0000] {processor.py:840} INFO - DAG(s) 'example_setup_teardown' retrieved from /usr/local/python/3.12.1/lib/python3.12/site-packages/airflow/example_dags/example_setup_teardown.py
[2026-04-26T07:11:32.973+0000] {logging_mixin.py:188} INFO - [2026-04-26T07:11:32.973+0000] {dag.py:3096} INFO - Sync 1 DAGs
[2026-04-26T07:11:32.988+0000] {logging_mixin.py:188} INFO - [2026-04-26T07:11:32.988+0000] {dag.py:3954} INFO - Setting next_dagrun for example_setup_teardown to 2026-04-25 00:00:00+00:00, run_after=2026-04-26 00:00:00+00:00
[2026-04-26T07:11:33.006+0000] {processor.py:183} INFO - Processing /usr/local/python/3.12.1/lib/python3.12/site-packages/airflow/example_dags/example_setup_teardown.py took 0.055 seconds
[2026-04-26T07:12:10.196+0000] {processor.py:161} INFO - Started process (PID=20149) to work on /usr/local/python/3.12.1/lib/python3.12/site-packages/airflow/example_dags/example_setup_teardown.py
[2026-04-26T07:12:10.197+0000] {processor.py:830} INFO - Processing file /usr/local/python/3.12.1/lib/python3.12/site-packages/airflow/example_dags/example_setup_teardown.py for tasks to queue
[2026-04-26T07:12:10.197+0000] {logging_mixin.py:188} INFO - [2026-04-26T07:12:10.197+0000] {dagbag.py:540} INFO - Filling up the DagBag from /usr/local/python/3.12.1/lib/python3.12/site-packages/airflow/example_dags/example_setup_teardown.py
[2026-04-26T07:12:10.203+0000] {processor.py:840} INFO - DAG(s) 'example_setup_teardown' retrieved from /usr/local/python/3.12.1/lib/python3.12/site-packages/airflow/example_dags/example_setup_teardown.py
[2026-04-26T07:12:10.214+0000] {logging_mixin.py:188} INFO - [2026-04-26T07:12:10.214+0000] {dag.py:3096} INFO - Sync 1 DAGs
[2026-04-26T07:12:10.229+0000] {logging_mixin.py:188} INFO - [2026-04-26T07:12:10.229+0000] {dag.py:3954} INFO - Setting next_dagrun for example_setup_teardown to 2026-04-25 00:00:00+00:00, run_after=2026-04-26 00:00:00+00:00
[2026-04-26T07:12:10.244+0000] {processor.py:183} INFO - Processing /usr/local/python/3.12.1/lib/python3.12/site-packages/airflow/example_dags/example_setup_teardown.py took 0.052 seconds
[2026-04-26T07:12:16.575+0000] {processor.py:161} INFO - Started process (PID=20217) to work on /usr/local/python/3.12.1/lib/python3.12/site-packages/airflow/example_dags/example_setup_teardown.py
[2026-04-26T07:12:16.576+0000] {processor.py:830} INFO - Processing file /usr/local/python/3.12.1/lib/python3.12/site-packages/airflow/example_dags/example_setup_teardown.py for tasks to queue
[2026-04-26T07:12:16.577+0000] {logging_mixin.py:188} INFO - [2026-04-26T07:12:16.576+0000] {dagbag.py:540} INFO - Filling up the DagBag from /usr/local/python/3.12.1/lib/python3.12/site-packages/airflow/example_dags/example_setup_teardown.py
[2026-04-26T07:12:16.585+0000] {processor.py:840} INFO - DAG(s) 'example_setup_teardown' retrieved from /usr/local/python/3.12.1/lib/python3.12/site-packages/airflow/example_dags/example_setup_teardown.py
[2026-04-26T07:12:16.602+0000] {logging_mixin.py:188} INFO - [2026-04-26T07:12:16.602+0000] {dag.py:3096} INFO - Sync 1 DAGs
[2026-04-26T07:12:16.625+0000] {logging_mixin.py:188} INFO - [2026-04-26T07:12:16.624+0000] {dag.py:3954} INFO - Setting next_dagrun for example_setup_teardown to 2026-04-25 00:00:00+00:00, run_after=2026-04-26 00:00:00+00:00
[2026-04-26T07:12:16.641+0000] {processor.py:183} INFO - Processing /usr/local/python/3.12.1/lib/python3.12/site-packages/airflow/example_dags/example_setup_teardown.py took 0.072 seconds
[2026-04-26T07:12:53.563+0000] {processor.py:161} INFO - Started process (PID=20608) to work on /usr/local/python/3.12.1/lib/python3.12/site-packages/airflow/example_dags/example_setup_teardown.py
[2026-04-26T07:12:53.563+0000] {processor.py:830} INFO - Processing file /usr/local/python/3.12.1/lib/python3.12/site-packages/airflow/example_dags/example_setup_teardown.py for tasks to queue
[2026-04-26T07:12:53.564+0000] {logging_mixin.py:188} INFO - [2026-04-26T07:12:53.564+0000] {dagbag.py:540} INFO - Filling up the DagBag from /usr/local/python/3.12.1/lib/python3.12/site-packages/airflow/example_dags/example_setup_teardown.py
[2026-04-26T07:12:53.569+0000] {processor.py:840} INFO - DAG(s) 'example_setup_teardown' retrieved from /usr/local/python/3.12.1/lib/python3.12/site-packages/airflow/example_dags/example_setup_teardown.py
[2026-04-26T07:12:53.581+0000] {logging_mixin.py:188} INFO - [2026-04-26T07:12:53.581+0000] {dag.py:3096} INFO - Sync 1 DAGs
[2026-04-26T07:12:53.596+0000] {logging_mixin.py:188} INFO - [2026-04-26T07:12:53.596+0000] {dag.py:3954} INFO - Setting next_dagrun for example_setup_teardown to 2026-04-25 00:00:00+00:00, run_after=2026-04-26 00:00:00+00:00
[2026-04-26T07:12:53.612+0000] {processor.py:183} INFO - Processing /usr/local/python/3.12.1/lib/python3.12/site-packages/airflow/example_dags/example_setup_teardown.py took 0.054 seconds
[2026-04-26T07:13:15.606+0000] {processor.py:161} INFO - Started process (PID=20809) to work on /usr/local/python/3.12.1/lib/python3.12/site-packages/airflow/example_dags/example_setup_teardown.py
[2026-04-26T07:13:15.606+0000] {processor.py:830} INFO - Processing file /usr/local/python/3.12.1/lib/python3.12/site-packages/airflow/example_dags/example_setup_teardown.py for tasks to queue
[2026-04-26T07:13:15.607+0000] {logging_mixin.py:188} INFO - [2026-04-26T07:13:15.607+0000] {dagbag.py:540} INFO - Filling up the DagBag from /usr/local/python/3.12.1/lib/python3.12/site-packages/airflow/example_dags/example_setup_teardown.py
[2026-04-26T07:13:15.613+0000] {processor.py:840} INFO - DAG(s) 'example_setup_teardown' retrieved from /usr/local/python/3.12.1/lib/python3.12/site-packages/airflow/example_dags/example_setup_teardown.py
[2026-04-26T07:13:15.626+0000] {logging_mixin.py:188} INFO - [2026-04-26T07:13:15.626+0000] {dag.py:3096} INFO - Sync 1 DAGs
[2026-04-26T07:13:15.650+0000] {logging_mixin.py:188} INFO - [2026-04-26T07:13:15.650+0000] {dag.py:3954} INFO - Setting next_dagrun for example_setup_teardown to 2026-04-25 00:00:00+00:00, run_after=2026-04-26 00:00:00+00:00
[2026-04-26T07:13:15.678+0000] {processor.py:183} INFO - Processing /usr/local/python/3.12.1/lib/python3.12/site-packages/airflow/example_dags/example_setup_teardown.py took 0.079 seconds
[2026-04-26T07:13:43.356+0000] {processor.py:161} INFO - Started process (PID=21440) to work on /usr/local/python/3.12.1/lib/python3.12/site-packages/airflow/example_dags/example_setup_teardown.py
[2026-04-26T07:13:43.360+0000] {processor.py:830} INFO - Processing file /usr/local/python/3.12.1/lib/python3.12/site-packages/airflow/example_dags/example_setup_teardown.py for tasks to queue
[2026-04-26T07:13:43.361+0000] {logging_mixin.py:188} INFO - [2026-04-26T07:13:43.360+0000] {dagbag.py:540} INFO - Filling up the DagBag from /usr/local/python/3.12.1/lib/python3.12/site-packages/airflow/example_dags/example_setup_teardown.py
[2026-04-26T07:13:43.384+0000] {processor.py:840} INFO - DAG(s) 'example_setup_teardown' retrieved from /usr/local/python/3.12.1/lib/python3.12/site-packages/airflow/example_dags/example_setup_teardown.py
[2026-04-26T07:13:43.416+0000] {logging_mixin.py:188} INFO - [2026-04-26T07:13:43.416+0000] {dag.py:3096} INFO - Sync 1 DAGs
[2026-04-26T07:13:43.438+0000] {logging_mixin.py:188} INFO - [2026-04-26T07:13:43.438+0000] {dag.py:3954} INFO - Setting next_dagrun for example_setup_teardown to 2026-04-25 00:00:00+00:00, run_after=2026-04-26 00:00:00+00:00
[2026-04-26T07:13:43.725+0000] {processor.py:183} INFO - Processing /usr/local/python/3.12.1/lib/python3.12/site-packages/airflow/example_dags/example_setup_teardown.py took 0.397 seconds
[2026-04-26T07:13:58.274+0000] {processor.py:161} INFO - Started process (PID=21798) to work on /usr/local/python/3.12.1/lib/python3.12/site-packages/airflow/example_dags/example_setup_teardown.py
[2026-04-26T07:13:58.275+0000] {processor.py:830} INFO - Processing file /usr/local/python/3.12.1/lib/python3.12/site-packages/airflow/example_dags/example_setup_teardown.py for tasks to queue
[2026-04-26T07:13:58.276+0000] {logging_mixin.py:188} INFO - [2026-04-26T07:13:58.275+0000] {dagbag.py:540} INFO - Filling up the DagBag from /usr/local/python/3.12.1/lib/python3.12/site-packages/airflow/example_dags/example_setup_teardown.py
[2026-04-26T07:13:58.281+0000] {processor.py:840} INFO - DAG(s) 'example_setup_teardown' retrieved from /usr/local/python/3.12.1/lib/python3.12/site-packages/airflow/example_dags/example_setup_teardown.py
[2026-04-26T07:13:58.292+0000] {logging_mixin.py:188} INFO - [2026-04-26T07:13:58.292+0000] {dag.py:3096} INFO - Sync 1 DAGs
[2026-04-26T07:13:58.308+0000] {logging_mixin.py:188} INFO - [2026-04-26T07:13:58.308+0000] {dag.py:3954} INFO - Setting next_dagrun for example_setup_teardown to 2026-04-25 00:00:00+00:00, run_after=2026-04-26 00:00:00+00:00
[2026-04-26T07:13:58.324+0000] {processor.py:183} INFO - Processing /usr/local/python/3.12.1/lib/python3.12/site-packages/airflow/example_dags/example_setup_teardown.py took 0.053 seconds
[2026-04-26T07:14:07.573+0000] {processor.py:161} INFO - Started process (PID=21884) to work on /usr/local/python/3.12.1/lib/python3.12/site-packages/airflow/example_dags/example_setup_teardown.py
[2026-04-26T07:14:07.574+0000] {processor.py:830} INFO - Processing file /usr/local/python/3.12.1/lib/python3.12/site-packages/airflow/example_dags/example_setup_teardown.py for tasks to queue
[2026-04-26T07:14:07.574+0000] {logging_mixin.py:188} INFO - [2026-04-26T07:14:07.574+0000] {dagbag.py:540} INFO - Filling up the DagBag from /usr/local/python/3.12.1/lib/python3.12/site-packages/airflow/example_dags/example_setup_teardown.py
[2026-04-26T07:14:07.580+0000] {processor.py:840} INFO - DAG(s) 'example_setup_teardown' retrieved from /usr/local/python/3.12.1/lib/python3.12/site-packages/airflow/example_dags/example_setup_teardown.py
[2026-04-26T07:14:07.593+0000] {logging_mixin.py:188} INFO - [2026-04-26T07:14:07.593+0000] {dag.py:3096} INFO - Sync 1 DAGs
[2026-04-26T07:14:07.611+0000] {logging_mixin.py:188} INFO - [2026-04-26T07:14:07.611+0000] {dag.py:3954} INFO - Setting next_dagrun for example_setup_teardown to 2026-04-25 00:00:00+00:00, run_after=2026-04-26 00:00:00+00:00
[2026-04-26T07:14:07.655+0000] {processor.py:183} INFO - Processing /usr/local/python/3.12.1/lib/python3.12/site-packages/airflow/example_dags/example_setup_teardown.py took 0.084 seconds
[2026-04-26T07:14:37.084+0000] {processor.py:161} INFO - Started process (PID=22223) to work on /usr/local/python/3.12.1/lib/python3.12/site-packages/airflow/example_dags/example_setup_teardown.py
[2026-04-26T07:14:37.085+0000] {processor.py:830} INFO - Processing file /usr/local/python/3.12.1/lib/python3.12/site-packages/airflow/example_dags/example_setup_teardown.py for tasks to queue
[2026-04-26T07:14:37.086+0000] {logging_mixin.py:188} INFO - [2026-04-26T07:14:37.086+0000] {dagbag.py:540} INFO - Filling up the DagBag from /usr/local/python/3.12.1/lib/python3.12/site-packages/airflow/example_dags/example_setup_teardown.py
[2026-04-26T07:14:37.094+0000] {processor.py:840} INFO - DAG(s) 'example_setup_teardown' retrieved from /usr/local/python/3.12.1/lib/python3.12/site-packages/airflow/example_dags/example_setup_teardown.py
[2026-04-26T07:14:37.114+0000] {logging_mixin.py:188} INFO - [2026-04-26T07:14:37.114+0000] {dag.py:3096} INFO - Sync 1 DAGs
[2026-04-26T07:14:37.136+0000] {logging_mixin.py:188} INFO - [2026-04-26T07:14:37.136+0000] {dag.py:3954} INFO - Setting next_dagrun for example_setup_teardown to 2026-04-25 00:00:00+00:00, run_after=2026-04-26 00:00:00+00:00
[2026-04-26T07:14:37.171+0000] {processor.py:183} INFO - Processing /usr/local/python/3.12.1/lib/python3.12/site-packages/airflow/example_dags/example_setup_teardown.py took 0.093 seconds
[2026-04-26T07:14:42.945+0000] {processor.py:161} INFO - Started process (PID=22288) to work on /usr/local/python/3.12.1/lib/python3.12/site-packages/airflow/example_dags/example_setup_teardown.py
[2026-04-26T07:14:42.946+0000] {processor.py:830} INFO - Processing file /usr/local/python/3.12.1/lib/python3.12/site-packages/airflow/example_dags/example_setup_teardown.py for tasks to queue
[2026-04-26T07:14:42.947+0000] {logging_mixin.py:188} INFO - [2026-04-26T07:14:42.946+0000] {dagbag.py:540} INFO - Filling up the DagBag from /usr/local/python/3.12.1/lib/python3.12/site-packages/airflow/example_dags/example_setup_teardown.py
[2026-04-26T07:14:42.952+0000] {processor.py:840} INFO - DAG(s) 'example_setup_teardown' retrieved from /usr/local/python/3.12.1/lib/python3.12/site-packages/airflow/example_dags/example_setup_teardown.py
[2026-04-26T07:14:42.965+0000] {logging_mixin.py:188} INFO - [2026-04-26T07:14:42.964+0000] {dag.py:3096} INFO - Sync 1 DAGs
[2026-04-26T07:14:42.981+0000] {logging_mixin.py:188} INFO - [2026-04-26T07:14:42.981+0000] {dag.py:3954} INFO - Setting next_dagrun for example_setup_teardown to 2026-04-25 00:00:00+00:00, run_after=2026-04-26 00:00:00+00:00
[2026-04-26T07:14:42.998+0000] {processor.py:183} INFO - Processing /usr/local/python/3.12.1/lib/python3.12/site-packages/airflow/example_dags/example_setup_teardown.py took 0.057 seconds
[2026-04-26T07:14:57.009+0000] {processor.py:161} INFO - Started process (PID=22440) to work on /usr/local/python/3.12.1/lib/python3.12/site-packages/airflow/example_dags/example_setup_teardown.py
[2026-04-26T07:14:57.009+0000] {processor.py:830} INFO - Processing file /usr/local/python/3.12.1/lib/python3.12/site-packages/airflow/example_dags/example_setup_teardown.py for tasks to queue
[2026-04-26T07:14:57.010+0000] {logging_mixin.py:188} INFO - [2026-04-26T07:14:57.010+0000] {dagbag.py:540} INFO - Filling up the DagBag from /usr/local/python/3.12.1/lib/python3.12/site-packages/airflow/example_dags/example_setup_teardown.py
[2026-04-26T07:14:57.017+0000] {processor.py:840} INFO - DAG(s) 'example_setup_teardown' retrieved from /usr/local/python/3.12.1/lib/python3.12/site-packages/airflow/example_dags/example_setup_teardown.py
[2026-04-26T07:14:57.029+0000] {logging_mixin.py:188} INFO - [2026-04-26T07:14:57.029+0000] {dag.py:3096} INFO - Sync 1 DAGs
[2026-04-26T07:14:57.044+0000] {logging_mixin.py:188} INFO - [2026-04-26T07:14:57.043+0000] {dag.py:3954} INFO - Setting next_dagrun for example_setup_teardown to 2026-04-25 00:00:00+00:00, run_after=2026-04-26 00:00:00+00:00
[2026-04-26T07:14:57.062+0000] {processor.py:183} INFO - Processing /usr/local/python/3.12.1/lib/python3.12/site-packages/airflow/example_dags/example_setup_teardown.py took 0.058 seconds
[2026-04-26T07:15:28.072+0000] {processor.py:161} INFO - Started process (PID=23036) to work on /usr/local/python/3.12.1/lib/python3.12/site-packages/airflow/example_dags/example_setup_teardown.py
[2026-04-26T07:15:28.073+0000] {processor.py:830} INFO - Processing file /usr/local/python/3.12.1/lib/python3.12/site-packages/airflow/example_dags/example_setup_teardown.py for tasks to queue
[2026-04-26T07:15:28.073+0000] {logging_mixin.py:188} INFO - [2026-04-26T07:15:28.073+0000] {dagbag.py:540} INFO - Filling up the DagBag from /usr/local/python/3.12.1/lib/python3.12/site-packages/airflow/example_dags/example_setup_teardown.py
[2026-04-26T07:15:28.234+0000] {processor.py:840} INFO - DAG(s) 'example_setup_teardown' retrieved from /usr/local/python/3.12.1/lib/python3.12/site-packages/airflow/example_dags/example_setup_teardown.py
[2026-04-26T07:15:28.244+0000] {logging_mixin.py:188} INFO - [2026-04-26T07:15:28.244+0000] {dag.py:3096} INFO - Sync 1 DAGs
[2026-04-26T07:15:28.257+0000] {logging_mixin.py:188} INFO - [2026-04-26T07:15:28.257+0000] {dag.py:3954} INFO - Setting next_dagrun for example_setup_teardown to 2026-04-25 00:00:00+00:00, run_after=2026-04-26 00:00:00+00:00
[2026-04-26T07:15:28.274+0000] {processor.py:183} INFO - Processing /usr/local/python/3.12.1/lib/python3.12/site-packages/airflow/example_dags/example_setup_teardown.py took 0.207 seconds
[2026-04-26T07:15:28.315+0000] {processor.py:161} INFO - Started process (PID=23037) to work on /usr/local/python/3.12.1/lib/python3.12/site-packages/airflow/example_dags/example_setup_teardown.py
[2026-04-26T07:15:28.316+0000] {processor.py:830} INFO - Processing file /usr/local/python/3.12.1/lib/python3.12/site-packages/airflow/example_dags/example_setup_teardown.py for tasks to queue
[2026-04-26T07:15:28.317+0000] {logging_mixin.py:188} INFO - [2026-04-26T07:15:28.316+0000] {dagbag.py:540} INFO - Filling up the DagBag from /usr/local/python/3.12.1/lib/python3.12/site-packages/airflow/example_dags/example_setup_teardown.py
[2026-04-26T07:15:28.322+0000] {processor.py:840} INFO - DAG(s) 'example_setup_teardown' retrieved from /usr/local/python/3.12.1/lib/python3.12/site-packages/airflow/example_dags/example_setup_teardown.py
[2026-04-26T07:15:28.335+0000] {logging_mixin.py:188} INFO - [2026-04-26T07:15:28.335+0000] {dag.py:3096} INFO - Sync 1 DAGs
[2026-04-26T07:15:28.350+0000] {logging_mixin.py:188} INFO - [2026-04-26T07:15:28.350+0000] {dag.py:3954} INFO - Setting next_dagrun for example_setup_teardown to 2026-04-25 00:00:00+00:00, run_after=2026-04-26 00:00:00+00:00
[2026-04-26T07:15:28.366+0000] {processor.py:183} INFO - Processing /usr/local/python/3.12.1/lib/python3.12/site-packages/airflow/example_dags/example_setup_teardown.py took 0.056 seconds
[2026-04-26T07:15:50.330+0000] {processor.py:161} INFO - Started process (PID=23378) to work on /usr/local/python/3.12.1/lib/python3.12/site-packages/airflow/example_dags/example_setup_teardown.py
[2026-04-26T07:15:50.331+0000] {processor.py:830} INFO - Processing file /usr/local/python/3.12.1/lib/python3.12/site-packages/airflow/example_dags/example_setup_teardown.py for tasks to queue
[2026-04-26T07:15:50.332+0000] {logging_mixin.py:188} INFO - [2026-04-26T07:15:50.331+0000] {dagbag.py:540} INFO - Filling up the DagBag from /usr/local/python/3.12.1/lib/python3.12/site-packages/airflow/example_dags/example_setup_teardown.py
[2026-04-26T07:15:50.338+0000] {processor.py:840} INFO - DAG(s) 'example_setup_teardown' retrieved from /usr/local/python/3.12.1/lib/python3.12/site-packages/airflow/example_dags/example_setup_teardown.py
[2026-04-26T07:15:50.349+0000] {logging_mixin.py:188} INFO - [2026-04-26T07:15:50.349+0000] {dag.py:3096} INFO - Sync 1 DAGs
[2026-04-26T07:15:50.364+0000] {logging_mixin.py:188} INFO - [2026-04-26T07:15:50.363+0000] {dag.py:3954} INFO - Setting next_dagrun for example_setup_teardown to 2026-04-25 00:00:00+00:00, run_after=2026-04-26 00:00:00+00:00
[2026-04-26T07:15:50.379+0000] {processor.py:183} INFO - Processing /usr/local/python/3.12.1/lib/python3.12/site-packages/airflow/example_dags/example_setup_teardown.py took 0.055 seconds
[2026-04-26T07:16:15.936+0000] {processor.py:161} INFO - Started process (PID=23666) to work on /usr/local/python/3.12.1/lib/python3.12/site-packages/airflow/example_dags/example_setup_teardown.py
[2026-04-26T07:16:15.937+0000] {processor.py:830} INFO - Processing file /usr/local/python/3.12.1/lib/python3.12/site-packages/airflow/example_dags/example_setup_teardown.py for tasks to queue
[2026-04-26T07:16:15.938+0000] {logging_mixin.py:188} INFO - [2026-04-26T07:16:15.937+0000] {dagbag.py:540} INFO - Filling up the DagBag from /usr/local/python/3.12.1/lib/python3.12/site-packages/airflow/example_dags/example_setup_teardown.py
[2026-04-26T07:16:15.943+0000] {processor.py:840} INFO - DAG(s) 'example_setup_teardown' retrieved from /usr/local/python/3.12.1/lib/python3.12/site-packages/airflow/example_dags/example_setup_teardown.py
[2026-04-26T07:16:15.971+0000] {logging_mixin.py:188} INFO - [2026-04-26T07:16:15.970+0000] {dag.py:3096} INFO - Sync 1 DAGs
[2026-04-26T07:16:16.009+0000] {logging_mixin.py:188} INFO - [2026-04-26T07:16:16.008+0000] {dag.py:3954} INFO - Setting next_dagrun for example_setup_teardown to 2026-04-25 00:00:00+00:00, run_after=2026-04-26 00:00:00+00:00
[2026-04-26T07:16:16.075+0000] {processor.py:183} INFO - Processing /usr/local/python/3.12.1/lib/python3.12/site-packages/airflow/example_dags/example_setup_teardown.py took 0.143 seconds
[2026-04-26T07:16:19.242+0000] {processor.py:161} INFO - Started process (PID=23759) to work on /usr/local/python/3.12.1/lib/python3.12/site-packages/airflow/example_dags/example_setup_teardown.py
[2026-04-26T07:16:19.243+0000] {processor.py:830} INFO - Processing file /usr/local/python/3.12.1/lib/python3.12/site-packages/airflow/example_dags/example_setup_teardown.py for tasks to queue
[2026-04-26T07:16:19.244+0000] {logging_mixin.py:188} INFO - [2026-04-26T07:16:19.244+0000] {dagbag.py:540} INFO - Filling up the DagBag from /usr/local/python/3.12.1/lib/python3.12/site-packages/airflow/example_dags/example_setup_teardown.py
[2026-04-26T07:16:19.252+0000] {processor.py:840} INFO - DAG(s) 'example_setup_teardown' retrieved from /usr/local/python/3.12.1/lib/python3.12/site-packages/airflow/example_dags/example_setup_teardown.py
[2026-04-26T07:16:19.271+0000] {logging_mixin.py:188} INFO - [2026-04-26T07:16:19.270+0000] {dag.py:3096} INFO - Sync 1 DAGs
[2026-04-26T07:16:19.296+0000] {logging_mixin.py:188} INFO - [2026-04-26T07:16:19.296+0000] {dag.py:3954} INFO - Setting next_dagrun for example_setup_teardown to 2026-04-25 00:00:00+00:00, run_after=2026-04-26 00:00:00+00:00
[2026-04-26T07:16:19.330+0000] {processor.py:183} INFO - Processing /usr/local/python/3.12.1/lib/python3.12/site-packages/airflow/example_dags/example_setup_teardown.py took 0.094 seconds
[2026-04-26T07:16:33.284+0000] {processor.py:161} INFO - Started process (PID=23892) to work on /usr/local/python/3.12.1/lib/python3.12/site-packages/airflow/example_dags/example_setup_teardown.py
[2026-04-26T07:16:33.285+0000] {processor.py:830} INFO - Processing file /usr/local/python/3.12.1/lib/python3.12/site-packages/airflow/example_dags/example_setup_teardown.py for tasks to queue
[2026-04-26T07:16:33.286+0000] {logging_mixin.py:188} INFO - [2026-04-26T07:16:33.286+0000] {dagbag.py:540} INFO - Filling up the DagBag from /usr/local/python/3.12.1/lib/python3.12/site-packages/airflow/example_dags/example_setup_teardown.py
[2026-04-26T07:16:33.293+0000] {processor.py:840} INFO - DAG(s) 'example_setup_teardown' retrieved from /usr/local/python/3.12.1/lib/python3.12/site-packages/airflow/example_dags/example_setup_teardown.py
[2026-04-26T07:16:33.305+0000] {logging_mixin.py:188} INFO - [2026-04-26T07:16:33.305+0000] {dag.py:3096} INFO - Sync 1 DAGs
[2026-04-26T07:16:33.319+0000] {logging_mixin.py:188} INFO - [2026-04-26T07:16:33.319+0000] {dag.py:3954} INFO - Setting next_dagrun for example_setup_teardown to 2026-04-25 00:00:00+00:00, run_after=2026-04-26 00:00:00+00:00
[2026-04-26T07:16:33.335+0000] {processor.py:183} INFO - Processing /usr/local/python/3.12.1/lib/python3.12/site-packages/airflow/example_dags/example_setup_teardown.py took 0.056 seconds
[2026-04-26T07:17:03.417+0000] {processor.py:161} INFO - Started process (PID=24193) to work on /usr/local/python/3.12.1/lib/python3.12/site-packages/airflow/example_dags/example_setup_teardown.py
[2026-04-26T07:17:03.418+0000] {processor.py:830} INFO - Processing file /usr/local/python/3.12.1/lib/python3.12/site-packages/airflow/example_dags/example_setup_teardown.py for tasks to queue
[2026-04-26T07:17:03.419+0000] {logging_mixin.py:188} INFO - [2026-04-26T07:17:03.419+0000] {dagbag.py:540} INFO - Filling up the DagBag from /usr/local/python/3.12.1/lib/python3.12/site-packages/airflow/example_dags/example_setup_teardown.py
[2026-04-26T07:17:03.424+0000] {processor.py:840} INFO - DAG(s) 'example_setup_teardown' retrieved from /usr/local/python/3.12.1/lib/python3.12/site-packages/airflow/example_dags/example_setup_teardown.py
[2026-04-26T07:17:03.436+0000] {logging_mixin.py:188} INFO - [2026-04-26T07:17:03.436+0000] {dag.py:3096} INFO - Sync 1 DAGs
[2026-04-26T07:17:03.453+0000] {logging_mixin.py:188} INFO - [2026-04-26T07:17:03.453+0000] {dag.py:3954} INFO - Setting next_dagrun for example_setup_teardown to 2026-04-25 00:00:00+00:00, run_after=2026-04-26 00:00:00+00:00
[2026-04-26T07:17:03.476+0000] {processor.py:183} INFO - Processing /usr/local/python/3.12.1/lib/python3.12/site-packages/airflow/example_dags/example_setup_teardown.py took 0.065 seconds
[2026-04-26T07:17:16.612+0000] {processor.py:161} INFO - Started process (PID=24434) to work on /usr/local/python/3.12.1/lib/python3.12/site-packages/airflow/example_dags/example_setup_teardown.py
[2026-04-26T07:17:16.613+0000] {processor.py:830} INFO - Processing file /usr/local/python/3.12.1/lib/python3.12/site-packages/airflow/example_dags/example_setup_teardown.py for tasks to queue
[2026-04-26T07:17:16.614+0000] {logging_mixin.py:188} INFO - [2026-04-26T07:17:16.613+0000] {dagbag.py:540} INFO - Filling up the DagBag from /usr/local/python/3.12.1/lib/python3.12/site-packages/airflow/example_dags/example_setup_teardown.py
[2026-04-26T07:17:16.620+0000] {processor.py:840} INFO - DAG(s) 'example_setup_teardown' retrieved from /usr/local/python/3.12.1/lib/python3.12/site-packages/airflow/example_dags/example_setup_teardown.py
[2026-04-26T07:17:16.632+0000] {logging_mixin.py:188} INFO - [2026-04-26T07:17:16.632+0000] {dag.py:3096} INFO - Sync 1 DAGs
[2026-04-26T07:17:16.649+0000] {logging_mixin.py:188} INFO - [2026-04-26T07:17:16.649+0000] {dag.py:3954} INFO - Setting next_dagrun for example_setup_teardown to 2026-04-25 00:00:00+00:00, run_after=2026-04-26 00:00:00+00:00
[2026-04-26T07:17:16.665+0000] {processor.py:183} INFO - Processing /usr/local/python/3.12.1/lib/python3.12/site-packages/airflow/example_dags/example_setup_teardown.py took 0.058 seconds
[2026-04-26T07:17:17.302+0000] {processor.py:161} INFO - Started process (PID=24442) to work on /usr/local/python/3.12.1/lib/python3.12/site-packages/airflow/example_dags/example_setup_teardown.py
[2026-04-26T07:17:17.303+0000] {processor.py:830} INFO - Processing file /usr/local/python/3.12.1/lib/python3.12/site-packages/airflow/example_dags/example_setup_teardown.py for tasks to queue
[2026-04-26T07:17:17.305+0000] {logging_mixin.py:188} INFO - [2026-04-26T07:17:17.304+0000] {dagbag.py:540} INFO - Filling up the DagBag from /usr/local/python/3.12.1/lib/python3.12/site-packages/airflow/example_dags/example_setup_teardown.py
[2026-04-26T07:17:17.313+0000] {processor.py:840} INFO - DAG(s) 'example_setup_teardown' retrieved from /usr/local/python/3.12.1/lib/python3.12/site-packages/airflow/example_dags/example_setup_teardown.py
[2026-04-26T07:17:17.329+0000] {logging_mixin.py:188} INFO - [2026-04-26T07:17:17.328+0000] {dag.py:3096} INFO - Sync 1 DAGs
[2026-04-26T07:17:17.343+0000] {logging_mixin.py:188} INFO - [2026-04-26T07:17:17.343+0000] {dag.py:3954} INFO - Setting next_dagrun for example_setup_teardown to 2026-04-25 00:00:00+00:00, run_after=2026-04-26 00:00:00+00:00
[2026-04-26T07:17:17.359+0000] {processor.py:183} INFO - Processing /usr/local/python/3.12.1/lib/python3.12/site-packages/airflow/example_dags/example_setup_teardown.py took 0.061 seconds
[2026-04-26T07:17:57.847+0000] {processor.py:161} INFO - Started process (PID=24810) to work on /usr/local/python/3.12.1/lib/python3.12/site-packages/airflow/example_dags/example_setup_teardown.py
[2026-04-26T07:17:57.848+0000] {processor.py:830} INFO - Processing file /usr/local/python/3.12.1/lib/python3.12/site-packages/airflow/example_dags/example_setup_teardown.py for tasks to queue
[2026-04-26T07:17:57.849+0000] {logging_mixin.py:188} INFO - [2026-04-26T07:17:57.848+0000] {dagbag.py:540} INFO - Filling up the DagBag from /usr/local/python/3.12.1/lib/python3.12/site-packages/airflow/example_dags/example_setup_teardown.py
[2026-04-26T07:17:57.854+0000] {processor.py:840} INFO - DAG(s) 'example_setup_teardown' retrieved from /usr/local/python/3.12.1/lib/python3.12/site-packages/airflow/example_dags/example_setup_teardown.py
[2026-04-26T07:17:57.868+0000] {logging_mixin.py:188} INFO - [2026-04-26T07:17:57.868+0000] {dag.py:3096} INFO - Sync 1 DAGs
[2026-04-26T07:17:57.887+0000] {logging_mixin.py:188} INFO - [2026-04-26T07:17:57.887+0000] {dag.py:3954} INFO - Setting next_dagrun for example_setup_teardown to 2026-04-25 00:00:00+00:00, run_after=2026-04-26 00:00:00+00:00
[2026-04-26T07:17:57.909+0000] {processor.py:183} INFO - Processing /usr/local/python/3.12.1/lib/python3.12/site-packages/airflow/example_dags/example_setup_teardown.py took 0.067 seconds
[2026-04-26T07:18:00.474+0000] {processor.py:161} INFO - Started process (PID=24834) to work on /usr/local/python/3.12.1/lib/python3.12/site-packages/airflow/example_dags/example_setup_teardown.py
[2026-04-26T07:18:00.474+0000] {processor.py:830} INFO - Processing file /usr/local/python/3.12.1/lib/python3.12/site-packages/airflow/example_dags/example_setup_teardown.py for tasks to queue
[2026-04-26T07:18:00.475+0000] {logging_mixin.py:188} INFO - [2026-04-26T07:18:00.475+0000] {dagbag.py:540} INFO - Filling up the DagBag from /usr/local/python/3.12.1/lib/python3.12/site-packages/airflow/example_dags/example_setup_teardown.py
[2026-04-26T07:18:00.481+0000] {processor.py:840} INFO - DAG(s) 'example_setup_teardown' retrieved from /usr/local/python/3.12.1/lib/python3.12/site-packages/airflow/example_dags/example_setup_teardown.py
[2026-04-26T07:18:00.493+0000] {logging_mixin.py:188} INFO - [2026-04-26T07:18:00.493+0000] {dag.py:3096} INFO - Sync 1 DAGs
[2026-04-26T07:18:00.508+0000] {logging_mixin.py:188} INFO - [2026-04-26T07:18:00.508+0000] {dag.py:3954} INFO - Setting next_dagrun for example_setup_teardown to 2026-04-25 00:00:00+00:00, run_after=2026-04-26 00:00:00+00:00
[2026-04-26T07:18:00.526+0000] {processor.py:183} INFO - Processing /usr/local/python/3.12.1/lib/python3.12/site-packages/airflow/example_dags/example_setup_teardown.py took 0.056 seconds
[2026-04-26T07:18:02.730+0000] {processor.py:161} INFO - Started process (PID=24861) to work on /usr/local/python/3.12.1/lib/python3.12/site-packages/airflow/example_dags/example_setup_teardown.py
[2026-04-26T07:18:02.731+0000] {processor.py:830} INFO - Processing file /usr/local/python/3.12.1/lib/python3.12/site-packages/airflow/example_dags/example_setup_teardown.py for tasks to queue
[2026-04-26T07:18:02.732+0000] {logging_mixin.py:188} INFO - [2026-04-26T07:18:02.732+0000] {dagbag.py:540} INFO - Filling up the DagBag from /usr/local/python/3.12.1/lib/python3.12/site-packages/airflow/example_dags/example_setup_teardown.py
[2026-04-26T07:18:02.737+0000] {processor.py:840} INFO - DAG(s) 'example_setup_teardown' retrieved from /usr/local/python/3.12.1/lib/python3.12/site-packages/airflow/example_dags/example_setup_teardown.py
[2026-04-26T07:18:02.749+0000] {logging_mixin.py:188} INFO - [2026-04-26T07:18:02.749+0000] {dag.py:3096} INFO - Sync 1 DAGs
[2026-04-26T07:18:02.764+0000] {logging_mixin.py:188} INFO - [2026-04-26T07:18:02.764+0000] {dag.py:3954} INFO - Setting next_dagrun for example_setup_teardown to 2026-04-25 00:00:00+00:00, run_after=2026-04-26 00:00:00+00:00
[2026-04-26T07:18:02.784+0000] {processor.py:183} INFO - Processing /usr/local/python/3.12.1/lib/python3.12/site-packages/airflow/example_dags/example_setup_teardown.py took 0.058 seconds
[2026-04-26T07:18:44.259+0000] {processor.py:161} INFO - Started process (PID=25306) to work on /usr/local/python/3.12.1/lib/python3.12/site-packages/airflow/example_dags/example_setup_teardown.py
[2026-04-26T07:18:44.275+0000] {processor.py:830} INFO - Processing file /usr/local/python/3.12.1/lib/python3.12/site-packages/airflow/example_dags/example_setup_teardown.py for tasks to queue
[2026-04-26T07:18:44.280+0000] {logging_mixin.py:188} INFO - [2026-04-26T07:18:44.277+0000] {dagbag.py:540} INFO - Filling up the DagBag from /usr/local/python/3.12.1/lib/python3.12/site-packages/airflow/example_dags/example_setup_teardown.py
[2026-04-26T07:18:44.301+0000] {processor.py:840} INFO - DAG(s) 'example_setup_teardown' retrieved from /usr/local/python/3.12.1/lib/python3.12/site-packages/airflow/example_dags/example_setup_teardown.py
[2026-04-26T07:18:44.343+0000] {logging_mixin.py:188} INFO - [2026-04-26T07:18:44.342+0000] {dag.py:3096} INFO - Sync 1 DAGs
[2026-04-26T07:18:44.377+0000] {logging_mixin.py:188} INFO - [2026-04-26T07:18:44.377+0000] {dag.py:3954} INFO - Setting next_dagrun for example_setup_teardown to 2026-04-25 00:00:00+00:00, run_after=2026-04-26 00:00:00+00:00
[2026-04-26T07:18:44.406+0000] {processor.py:183} INFO - Processing /usr/local/python/3.12.1/lib/python3.12/site-packages/airflow/example_dags/example_setup_teardown.py took 0.164 seconds
[2026-04-26T07:18:48.314+0000] {processor.py:161} INFO - Started process (PID=25375) to work on /usr/local/python/3.12.1/lib/python3.12/site-packages/airflow/example_dags/example_setup_teardown.py
[2026-04-26T07:18:48.321+0000] {processor.py:830} INFO - Processing file /usr/local/python/3.12.1/lib/python3.12/site-packages/airflow/example_dags/example_setup_teardown.py for tasks to queue
[2026-04-26T07:18:48.323+0000] {logging_mixin.py:188} INFO - [2026-04-26T07:18:48.323+0000] {dagbag.py:540} INFO - Filling up the DagBag from /usr/local/python/3.12.1/lib/python3.12/site-packages/airflow/example_dags/example_setup_teardown.py
[2026-04-26T07:18:48.345+0000] {processor.py:840} INFO - DAG(s) 'example_setup_teardown' retrieved from /usr/local/python/3.12.1/lib/python3.12/site-packages/airflow/example_dags/example_setup_teardown.py
[2026-04-26T07:18:48.384+0000] {logging_mixin.py:188} INFO - [2026-04-26T07:18:48.384+0000] {dag.py:3096} INFO - Sync 1 DAGs
[2026-04-26T07:18:48.441+0000] {logging_mixin.py:188} INFO - [2026-04-26T07:18:48.438+0000] {dag.py:3954} INFO - Setting next_dagrun for example_setup_teardown to 2026-04-25 00:00:00+00:00, run_after=2026-04-26 00:00:00+00:00
[2026-04-26T07:18:48.514+0000] {processor.py:183} INFO - Processing /usr/local/python/3.12.1/lib/python3.12/site-packages/airflow/example_dags/example_setup_teardown.py took 0.236 seconds
[2026-04-26T07:18:52.778+0000] {processor.py:161} INFO - Started process (PID=25410) to work on /usr/local/python/3.12.1/lib/python3.12/site-packages/airflow/example_dags/example_setup_teardown.py
[2026-04-26T07:18:52.779+0000] {processor.py:830} INFO - Processing file /usr/local/python/3.12.1/lib/python3.12/site-packages/airflow/example_dags/example_setup_teardown.py for tasks to queue
[2026-04-26T07:18:52.780+0000] {logging_mixin.py:188} INFO - [2026-04-26T07:18:52.780+0000] {dagbag.py:540} INFO - Filling up the DagBag from /usr/local/python/3.12.1/lib/python3.12/site-packages/airflow/example_dags/example_setup_teardown.py
[2026-04-26T07:18:52.789+0000] {processor.py:840} INFO - DAG(s) 'example_setup_teardown' retrieved from /usr/local/python/3.12.1/lib/python3.12/site-packages/airflow/example_dags/example_setup_teardown.py
[2026-04-26T07:18:52.807+0000] {logging_mixin.py:188} INFO - [2026-04-26T07:18:52.807+0000] {dag.py:3096} INFO - Sync 1 DAGs
[2026-04-26T07:18:52.830+0000] {logging_mixin.py:188} INFO - [2026-04-26T07:18:52.829+0000] {dag.py:3954} INFO - Setting next_dagrun for example_setup_teardown to 2026-04-25 00:00:00+00:00, run_after=2026-04-26 00:00:00+00:00
[2026-04-26T07:18:52.919+0000] {processor.py:183} INFO - Processing /usr/local/python/3.12.1/lib/python3.12/site-packages/airflow/example_dags/example_setup_teardown.py took 0.147 seconds
[2026-04-26T07:19:43.016+0000] {processor.py:161} INFO - Started process (PID=26199) to work on /usr/local/python/3.12.1/lib/python3.12/site-packages/airflow/example_dags/example_setup_teardown.py
[2026-04-26T07:19:43.017+0000] {processor.py:830} INFO - Processing file /usr/local/python/3.12.1/lib/python3.12/site-packages/airflow/example_dags/example_setup_teardown.py for tasks to queue
[2026-04-26T07:19:43.017+0000] {logging_mixin.py:188} INFO - [2026-04-26T07:19:43.017+0000] {dagbag.py:540} INFO - Filling up the DagBag from /usr/local/python/3.12.1/lib/python3.12/site-packages/airflow/example_dags/example_setup_teardown.py
[2026-04-26T07:19:43.023+0000] {processor.py:840} INFO - DAG(s) 'example_setup_teardown' retrieved from /usr/local/python/3.12.1/lib/python3.12/site-packages/airflow/example_dags/example_setup_teardown.py
[2026-04-26T07:19:43.035+0000] {logging_mixin.py:188} INFO - [2026-04-26T07:19:43.035+0000] {dag.py:3096} INFO - Sync 1 DAGs
[2026-04-26T07:19:43.050+0000] {logging_mixin.py:188} INFO - [2026-04-26T07:19:43.049+0000] {dag.py:3954} INFO - Setting next_dagrun for example_setup_teardown to 2026-04-25 00:00:00+00:00, run_after=2026-04-26 00:00:00+00:00
[2026-04-26T07:19:43.066+0000] {processor.py:183} INFO - Processing /usr/local/python/3.12.1/lib/python3.12/site-packages/airflow/example_dags/example_setup_teardown.py took 0.055 seconds
[2026-04-26T07:19:45.310+0000] {processor.py:161} INFO - Started process (PID=26221) to work on /usr/local/python/3.12.1/lib/python3.12/site-packages/airflow/example_dags/example_setup_teardown.py
[2026-04-26T07:19:45.311+0000] {processor.py:830} INFO - Processing file /usr/local/python/3.12.1/lib/python3.12/site-packages/airflow/example_dags/example_setup_teardown.py for tasks to queue
[2026-04-26T07:19:45.312+0000] {logging_mixin.py:188} INFO - [2026-04-26T07:19:45.311+0000] {dagbag.py:540} INFO - Filling up the DagBag from /usr/local/python/3.12.1/lib/python3.12/site-packages/airflow/example_dags/example_setup_teardown.py
[2026-04-26T07:19:45.336+0000] {processor.py:840} INFO - DAG(s) 'example_setup_teardown' retrieved from /usr/local/python/3.12.1/lib/python3.12/site-packages/airflow/example_dags/example_setup_teardown.py
[2026-04-26T07:19:45.366+0000] {logging_mixin.py:188} INFO - [2026-04-26T07:19:45.366+0000] {dag.py:3096} INFO - Sync 1 DAGs
[2026-04-26T07:19:45.407+0000] {logging_mixin.py:188} INFO - [2026-04-26T07:19:45.407+0000] {dag.py:3954} INFO - Setting next_dagrun for example_setup_teardown to 2026-04-25 00:00:00+00:00, run_after=2026-04-26 00:00:00+00:00
[2026-04-26T07:19:45.433+0000] {processor.py:183} INFO - Processing /usr/local/python/3.12.1/lib/python3.12/site-packages/airflow/example_dags/example_setup_teardown.py took 0.136 seconds
[2026-04-26T07:19:46.278+0000] {processor.py:161} INFO - Started process (PID=26247) to work on /usr/local/python/3.12.1/lib/python3.12/site-packages/airflow/example_dags/example_setup_teardown.py
[2026-04-26T07:19:46.280+0000] {processor.py:830} INFO - Processing file /usr/local/python/3.12.1/lib/python3.12/site-packages/airflow/example_dags/example_setup_teardown.py for tasks to queue
[2026-04-26T07:19:46.282+0000] {logging_mixin.py:188} INFO - [2026-04-26T07:19:46.282+0000] {dagbag.py:540} INFO - Filling up the DagBag from /usr/local/python/3.12.1/lib/python3.12/site-packages/airflow/example_dags/example_setup_teardown.py
[2026-04-26T07:19:46.306+0000] {processor.py:840} INFO - DAG(s) 'example_setup_teardown' retrieved from /usr/local/python/3.12.1/lib/python3.12/site-packages/airflow/example_dags/example_setup_teardown.py
[2026-04-26T07:19:46.366+0000] {logging_mixin.py:188} INFO - [2026-04-26T07:19:46.365+0000] {dag.py:3096} INFO - Sync 1 DAGs
[2026-04-26T07:19:46.395+0000] {logging_mixin.py:188} INFO - [2026-04-26T07:19:46.395+0000] {dag.py:3954} INFO - Setting next_dagrun for example_setup_teardown to 2026-04-25 00:00:00+00:00, run_after=2026-04-26 00:00:00+00:00
[2026-04-26T07:19:46.422+0000] {processor.py:183} INFO - Processing /usr/local/python/3.12.1/lib/python3.12/site-packages/airflow/example_dags/example_setup_teardown.py took 0.161 seconds
[2026-04-26T07:20:27.191+0000] {processor.py:161} INFO - Started process (PID=26683) to work on /usr/local/python/3.12.1/lib/python3.12/site-packages/airflow/example_dags/example_setup_teardown.py
[2026-04-26T07:20:27.192+0000] {processor.py:830} INFO - Processing file /usr/local/python/3.12.1/lib/python3.12/site-packages/airflow/example_dags/example_setup_teardown.py for tasks to queue
[2026-04-26T07:20:27.193+0000] {logging_mixin.py:188} INFO - [2026-04-26T07:20:27.192+0000] {dagbag.py:540} INFO - Filling up the DagBag from /usr/local/python/3.12.1/lib/python3.12/site-packages/airflow/example_dags/example_setup_teardown.py
[2026-04-26T07:20:27.200+0000] {processor.py:840} INFO - DAG(s) 'example_setup_teardown' retrieved from /usr/local/python/3.12.1/lib/python3.12/site-packages/airflow/example_dags/example_setup_teardown.py
[2026-04-26T07:20:27.217+0000] {logging_mixin.py:188} INFO - [2026-04-26T07:20:27.217+0000] {dag.py:3096} INFO - Sync 1 DAGs
[2026-04-26T07:20:27.239+0000] {logging_mixin.py:188} INFO - [2026-04-26T07:20:27.239+0000] {dag.py:3954} INFO - Setting next_dagrun for example_setup_teardown to 2026-04-25 00:00:00+00:00, run_after=2026-04-26 00:00:00+00:00
[2026-04-26T07:20:27.272+0000] {processor.py:183} INFO - Processing /usr/local/python/3.12.1/lib/python3.12/site-packages/airflow/example_dags/example_setup_teardown.py took 0.097 seconds
[2026-04-26T07:20:32.711+0000] {processor.py:161} INFO - Started process (PID=26717) to work on /usr/local/python/3.12.1/lib/python3.12/site-packages/airflow/example_dags/example_setup_teardown.py
[2026-04-26T07:20:32.712+0000] {processor.py:830} INFO - Processing file /usr/local/python/3.12.1/lib/python3.12/site-packages/airflow/example_dags/example_setup_teardown.py for tasks to queue
[2026-04-26T07:20:32.713+0000] {logging_mixin.py:188} INFO - [2026-04-26T07:20:32.712+0000] {dagbag.py:540} INFO - Filling up the DagBag from /usr/local/python/3.12.1/lib/python3.12/site-packages/airflow/example_dags/example_setup_teardown.py
[2026-04-26T07:20:32.718+0000] {processor.py:840} INFO - DAG(s) 'example_setup_teardown' retrieved from /usr/local/python/3.12.1/lib/python3.12/site-packages/airflow/example_dags/example_setup_teardown.py
[2026-04-26T07:20:32.733+0000] {logging_mixin.py:188} INFO - [2026-04-26T07:20:32.733+0000] {dag.py:3096} INFO - Sync 1 DAGs
[2026-04-26T07:20:32.755+0000] {logging_mixin.py:188} INFO - [2026-04-26T07:20:32.754+0000] {dag.py:3954} INFO - Setting next_dagrun for example_setup_teardown to 2026-04-25 00:00:00+00:00, run_after=2026-04-26 00:00:00+00:00
[2026-04-26T07:20:32.777+0000] {processor.py:183} INFO - Processing /usr/local/python/3.12.1/lib/python3.12/site-packages/airflow/example_dags/example_setup_teardown.py took 0.070 seconds
[2026-04-26T07:20:37.599+0000] {processor.py:161} INFO - Started process (PID=26772) to work on /usr/local/python/3.12.1/lib/python3.12/site-packages/airflow/example_dags/example_setup_teardown.py
[2026-04-26T07:20:37.599+0000] {processor.py:830} INFO - Processing file /usr/local/python/3.12.1/lib/python3.12/site-packages/airflow/example_dags/example_setup_teardown.py for tasks to queue
[2026-04-26T07:20:37.600+0000] {logging_mixin.py:188} INFO - [2026-04-26T07:20:37.600+0000] {dagbag.py:540} INFO - Filling up the DagBag from /usr/local/python/3.12.1/lib/python3.12/site-packages/airflow/example_dags/example_setup_teardown.py
[2026-04-26T07:20:37.606+0000] {processor.py:840} INFO - DAG(s) 'example_setup_teardown' retrieved from /usr/local/python/3.12.1/lib/python3.12/site-packages/airflow/example_dags/example_setup_teardown.py
[2026-04-26T07:20:37.618+0000] {logging_mixin.py:188} INFO - [2026-04-26T07:20:37.618+0000] {dag.py:3096} INFO - Sync 1 DAGs
[2026-04-26T07:20:37.633+0000] {logging_mixin.py:188} INFO - [2026-04-26T07:20:37.633+0000] {dag.py:3954} INFO - Setting next_dagrun for example_setup_teardown to 2026-04-25 00:00:00+00:00, run_after=2026-04-26 00:00:00+00:00
[2026-04-26T07:20:37.650+0000] {processor.py:183} INFO - Processing /usr/local/python/3.12.1/lib/python3.12/site-packages/airflow/example_dags/example_setup_teardown.py took 0.055 seconds
[2026-04-26T07:21:14.419+0000] {processor.py:161} INFO - Started process (PID=27083) to work on /usr/local/python/3.12.1/lib/python3.12/site-packages/airflow/example_dags/example_setup_teardown.py
[2026-04-26T07:21:14.420+0000] {processor.py:830} INFO - Processing file /usr/local/python/3.12.1/lib/python3.12/site-packages/airflow/example_dags/example_setup_teardown.py for tasks to queue
[2026-04-26T07:21:14.421+0000] {logging_mixin.py:188} INFO - [2026-04-26T07:21:14.420+0000] {dagbag.py:540} INFO - Filling up the DagBag from /usr/local/python/3.12.1/lib/python3.12/site-packages/airflow/example_dags/example_setup_teardown.py
[2026-04-26T07:21:14.426+0000] {processor.py:840} INFO - DAG(s) 'example_setup_teardown' retrieved from /usr/local/python/3.12.1/lib/python3.12/site-packages/airflow/example_dags/example_setup_teardown.py
[2026-04-26T07:21:14.441+0000] {logging_mixin.py:188} INFO - [2026-04-26T07:21:14.440+0000] {dag.py:3096} INFO - Sync 1 DAGs
[2026-04-26T07:21:14.456+0000] {logging_mixin.py:188} INFO - [2026-04-26T07:21:14.456+0000] {dag.py:3954} INFO - Setting next_dagrun for example_setup_teardown to 2026-04-25 00:00:00+00:00, run_after=2026-04-26 00:00:00+00:00
[2026-04-26T07:21:14.472+0000] {processor.py:183} INFO - Processing /usr/local/python/3.12.1/lib/python3.12/site-packages/airflow/example_dags/example_setup_teardown.py took 0.059 seconds
[2026-04-26T07:21:20.460+0000] {processor.py:161} INFO - Started process (PID=27144) to work on /usr/local/python/3.12.1/lib/python3.12/site-packages/airflow/example_dags/example_setup_teardown.py
[2026-04-26T07:21:20.461+0000] {processor.py:830} INFO - Processing file /usr/local/python/3.12.1/lib/python3.12/site-packages/airflow/example_dags/example_setup_teardown.py for tasks to queue
[2026-04-26T07:21:20.462+0000] {logging_mixin.py:188} INFO - [2026-04-26T07:21:20.461+0000] {dagbag.py:540} INFO - Filling up the DagBag from /usr/local/python/3.12.1/lib/python3.12/site-packages/airflow/example_dags/example_setup_teardown.py
[2026-04-26T07:21:20.467+0000] {processor.py:840} INFO - DAG(s) 'example_setup_teardown' retrieved from /usr/local/python/3.12.1/lib/python3.12/site-packages/airflow/example_dags/example_setup_teardown.py
[2026-04-26T07:21:20.478+0000] {logging_mixin.py:188} INFO - [2026-04-26T07:21:20.478+0000] {dag.py:3096} INFO - Sync 1 DAGs
[2026-04-26T07:21:20.493+0000] {logging_mixin.py:188} INFO - [2026-04-26T07:21:20.493+0000] {dag.py:3954} INFO - Setting next_dagrun for example_setup_teardown to 2026-04-25 00:00:00+00:00, run_after=2026-04-26 00:00:00+00:00
[2026-04-26T07:21:20.515+0000] {processor.py:183} INFO - Processing /usr/local/python/3.12.1/lib/python3.12/site-packages/airflow/example_dags/example_setup_teardown.py took 0.059 seconds
[2026-04-26T07:21:29.869+0000] {processor.py:161} INFO - Started process (PID=27228) to work on /usr/local/python/3.12.1/lib/python3.12/site-packages/airflow/example_dags/example_setup_teardown.py
[2026-04-26T07:21:29.870+0000] {processor.py:830} INFO - Processing file /usr/local/python/3.12.1/lib/python3.12/site-packages/airflow/example_dags/example_setup_teardown.py for tasks to queue
[2026-04-26T07:21:29.871+0000] {logging_mixin.py:188} INFO - [2026-04-26T07:21:29.871+0000] {dagbag.py:540} INFO - Filling up the DagBag from /usr/local/python/3.12.1/lib/python3.12/site-packages/airflow/example_dags/example_setup_teardown.py
[2026-04-26T07:21:29.878+0000] {processor.py:840} INFO - DAG(s) 'example_setup_teardown' retrieved from /usr/local/python/3.12.1/lib/python3.12/site-packages/airflow/example_dags/example_setup_teardown.py
[2026-04-26T07:21:29.905+0000] {logging_mixin.py:188} INFO - [2026-04-26T07:21:29.905+0000] {dag.py:3096} INFO - Sync 1 DAGs
[2026-04-26T07:21:29.920+0000] {logging_mixin.py:188} INFO - [2026-04-26T07:21:29.920+0000] {dag.py:3954} INFO - Setting next_dagrun for example_setup_teardown to 2026-04-25 00:00:00+00:00, run_after=2026-04-26 00:00:00+00:00
[2026-04-26T07:21:29.936+0000] {processor.py:183} INFO - Processing /usr/local/python/3.12.1/lib/python3.12/site-packages/airflow/example_dags/example_setup_teardown.py took 0.073 seconds
[2026-04-26T07:21:54.951+0000] {processor.py:161} INFO - Started process (PID=27446) to work on /usr/local/python/3.12.1/lib/python3.12/site-packages/airflow/example_dags/example_setup_teardown.py
[2026-04-26T07:21:54.952+0000] {processor.py:830} INFO - Processing file /usr/local/python/3.12.1/lib/python3.12/site-packages/airflow/example_dags/example_setup_teardown.py for tasks to queue
[2026-04-26T07:21:54.953+0000] {logging_mixin.py:188} INFO - [2026-04-26T07:21:54.952+0000] {dagbag.py:540} INFO - Filling up the DagBag from /usr/local/python/3.12.1/lib/python3.12/site-packages/airflow/example_dags/example_setup_teardown.py
[2026-04-26T07:21:54.958+0000] {processor.py:840} INFO - DAG(s) 'example_setup_teardown' retrieved from /usr/local/python/3.12.1/lib/python3.12/site-packages/airflow/example_dags/example_setup_teardown.py
[2026-04-26T07:21:54.974+0000] {logging_mixin.py:188} INFO - [2026-04-26T07:21:54.974+0000] {dag.py:3096} INFO - Sync 1 DAGs
[2026-04-26T07:21:54.998+0000] {logging_mixin.py:188} INFO - [2026-04-26T07:21:54.997+0000] {dag.py:3954} INFO - Setting next_dagrun for example_setup_teardown to 2026-04-25 00:00:00+00:00, run_after=2026-04-26 00:00:00+00:00
[2026-04-26T07:21:55.021+0000] {processor.py:183} INFO - Processing /usr/local/python/3.12.1/lib/python3.12/site-packages/airflow/example_dags/example_setup_teardown.py took 0.074 seconds
[2026-04-26T07:22:02.391+0000] {processor.py:161} INFO - Started process (PID=27511) to work on /usr/local/python/3.12.1/lib/python3.12/site-packages/airflow/example_dags/example_setup_teardown.py
[2026-04-26T07:22:02.392+0000] {processor.py:830} INFO - Processing file /usr/local/python/3.12.1/lib/python3.12/site-packages/airflow/example_dags/example_setup_teardown.py for tasks to queue
[2026-04-26T07:22:02.393+0000] {logging_mixin.py:188} INFO - [2026-04-26T07:22:02.392+0000] {dagbag.py:540} INFO - Filling up the DagBag from /usr/local/python/3.12.1/lib/python3.12/site-packages/airflow/example_dags/example_setup_teardown.py
[2026-04-26T07:22:02.400+0000] {processor.py:840} INFO - DAG(s) 'example_setup_teardown' retrieved from /usr/local/python/3.12.1/lib/python3.12/site-packages/airflow/example_dags/example_setup_teardown.py
[2026-04-26T07:22:02.414+0000] {logging_mixin.py:188} INFO - [2026-04-26T07:22:02.413+0000] {dag.py:3096} INFO - Sync 1 DAGs
[2026-04-26T07:22:02.429+0000] {logging_mixin.py:188} INFO - [2026-04-26T07:22:02.429+0000] {dag.py:3954} INFO - Setting next_dagrun for example_setup_teardown to 2026-04-25 00:00:00+00:00, run_after=2026-04-26 00:00:00+00:00
[2026-04-26T07:22:02.444+0000] {processor.py:183} INFO - Processing /usr/local/python/3.12.1/lib/python3.12/site-packages/airflow/example_dags/example_setup_teardown.py took 0.057 seconds
[2026-04-26T07:22:27.309+0000] {processor.py:161} INFO - Started process (PID=27729) to work on /usr/local/python/3.12.1/lib/python3.12/site-packages/airflow/example_dags/example_setup_teardown.py
[2026-04-26T07:22:27.309+0000] {processor.py:830} INFO - Processing file /usr/local/python/3.12.1/lib/python3.12/site-packages/airflow/example_dags/example_setup_teardown.py for tasks to queue
[2026-04-26T07:22:27.310+0000] {logging_mixin.py:188} INFO - [2026-04-26T07:22:27.310+0000] {dagbag.py:540} INFO - Filling up the DagBag from /usr/local/python/3.12.1/lib/python3.12/site-packages/airflow/example_dags/example_setup_teardown.py
[2026-04-26T07:22:27.315+0000] {processor.py:840} INFO - DAG(s) 'example_setup_teardown' retrieved from /usr/local/python/3.12.1/lib/python3.12/site-packages/airflow/example_dags/example_setup_teardown.py
[2026-04-26T07:22:27.327+0000] {logging_mixin.py:188} INFO - [2026-04-26T07:22:27.326+0000] {dag.py:3096} INFO - Sync 1 DAGs
[2026-04-26T07:22:27.341+0000] {logging_mixin.py:188} INFO - [2026-04-26T07:22:27.340+0000] {dag.py:3954} INFO - Setting next_dagrun for example_setup_teardown to 2026-04-25 00:00:00+00:00, run_after=2026-04-26 00:00:00+00:00
[2026-04-26T07:22:27.357+0000] {processor.py:183} INFO - Processing /usr/local/python/3.12.1/lib/python3.12/site-packages/airflow/example_dags/example_setup_teardown.py took 0.052 seconds
[2026-04-26T07:22:38.232+0000] {processor.py:161} INFO - Started process (PID=27829) to work on /usr/local/python/3.12.1/lib/python3.12/site-packages/airflow/example_dags/example_setup_teardown.py
[2026-04-26T07:22:38.233+0000] {processor.py:830} INFO - Processing file /usr/local/python/3.12.1/lib/python3.12/site-packages/airflow/example_dags/example_setup_teardown.py for tasks to queue
[2026-04-26T07:22:38.234+0000] {logging_mixin.py:188} INFO - [2026-04-26T07:22:38.234+0000] {dagbag.py:540} INFO - Filling up the DagBag from /usr/local/python/3.12.1/lib/python3.12/site-packages/airflow/example_dags/example_setup_teardown.py
[2026-04-26T07:22:38.240+0000] {processor.py:840} INFO - DAG(s) 'example_setup_teardown' retrieved from /usr/local/python/3.12.1/lib/python3.12/site-packages/airflow/example_dags/example_setup_teardown.py
[2026-04-26T07:22:38.253+0000] {logging_mixin.py:188} INFO - [2026-04-26T07:22:38.252+0000] {dag.py:3096} INFO - Sync 1 DAGs
[2026-04-26T07:22:38.271+0000] {logging_mixin.py:188} INFO - [2026-04-26T07:22:38.271+0000] {dag.py:3954} INFO - Setting next_dagrun for example_setup_teardown to 2026-04-25 00:00:00+00:00, run_after=2026-04-26 00:00:00+00:00
[2026-04-26T07:22:38.296+0000] {processor.py:183} INFO - Processing /usr/local/python/3.12.1/lib/python3.12/site-packages/airflow/example_dags/example_setup_teardown.py took 0.068 seconds
[2026-04-26T07:22:44.552+0000] {processor.py:161} INFO - Started process (PID=27889) to work on /usr/local/python/3.12.1/lib/python3.12/site-packages/airflow/example_dags/example_setup_teardown.py
[2026-04-26T07:22:44.553+0000] {processor.py:830} INFO - Processing file /usr/local/python/3.12.1/lib/python3.12/site-packages/airflow/example_dags/example_setup_teardown.py for tasks to queue
[2026-04-26T07:22:44.554+0000] {logging_mixin.py:188} INFO - [2026-04-26T07:22:44.553+0000] {dagbag.py:540} INFO - Filling up the DagBag from /usr/local/python/3.12.1/lib/python3.12/site-packages/airflow/example_dags/example_setup_teardown.py
[2026-04-26T07:22:44.560+0000] {processor.py:840} INFO - DAG(s) 'example_setup_teardown' retrieved from /usr/local/python/3.12.1/lib/python3.12/site-packages/airflow/example_dags/example_setup_teardown.py
[2026-04-26T07:22:44.585+0000] {logging_mixin.py:188} INFO - [2026-04-26T07:22:44.584+0000] {dag.py:3096} INFO - Sync 1 DAGs
[2026-04-26T07:22:44.615+0000] {logging_mixin.py:188} INFO - [2026-04-26T07:22:44.614+0000] {dag.py:3954} INFO - Setting next_dagrun for example_setup_teardown to 2026-04-25 00:00:00+00:00, run_after=2026-04-26 00:00:00+00:00
[2026-04-26T07:22:44.638+0000] {processor.py:183} INFO - Processing /usr/local/python/3.12.1/lib/python3.12/site-packages/airflow/example_dags/example_setup_teardown.py took 0.092 seconds
[2026-04-26T07:23:11.971+0000] {processor.py:161} INFO - Started process (PID=28132) to work on /usr/local/python/3.12.1/lib/python3.12/site-packages/airflow/example_dags/example_setup_teardown.py
[2026-04-26T07:23:11.972+0000] {processor.py:830} INFO - Processing file /usr/local/python/3.12.1/lib/python3.12/site-packages/airflow/example_dags/example_setup_teardown.py for tasks to queue
[2026-04-26T07:23:11.973+0000] {logging_mixin.py:188} INFO - [2026-04-26T07:23:11.972+0000] {dagbag.py:540} INFO - Filling up the DagBag from /usr/local/python/3.12.1/lib/python3.12/site-packages/airflow/example_dags/example_setup_teardown.py
[2026-04-26T07:23:11.978+0000] {processor.py:840} INFO - DAG(s) 'example_setup_teardown' retrieved from /usr/local/python/3.12.1/lib/python3.12/site-packages/airflow/example_dags/example_setup_teardown.py
[2026-04-26T07:23:11.989+0000] {logging_mixin.py:188} INFO - [2026-04-26T07:23:11.989+0000] {dag.py:3096} INFO - Sync 1 DAGs
[2026-04-26T07:23:12.003+0000] {logging_mixin.py:188} INFO - [2026-04-26T07:23:12.003+0000] {dag.py:3954} INFO - Setting next_dagrun for example_setup_teardown to 2026-04-25 00:00:00+00:00, run_after=2026-04-26 00:00:00+00:00
[2026-04-26T07:23:12.019+0000] {processor.py:183} INFO - Processing /usr/local/python/3.12.1/lib/python3.12/site-packages/airflow/example_dags/example_setup_teardown.py took 0.052 seconds
[2026-04-26T07:23:21.934+0000] {processor.py:161} INFO - Started process (PID=28221) to work on /usr/local/python/3.12.1/lib/python3.12/site-packages/airflow/example_dags/example_setup_teardown.py
[2026-04-26T07:23:21.934+0000] {processor.py:830} INFO - Processing file /usr/local/python/3.12.1/lib/python3.12/site-packages/airflow/example_dags/example_setup_teardown.py for tasks to queue
[2026-04-26T07:23:21.935+0000] {logging_mixin.py:188} INFO - [2026-04-26T07:23:21.935+0000] {dagbag.py:540} INFO - Filling up the DagBag from /usr/local/python/3.12.1/lib/python3.12/site-packages/airflow/example_dags/example_setup_teardown.py
[2026-04-26T07:23:21.941+0000] {processor.py:840} INFO - DAG(s) 'example_setup_teardown' retrieved from /usr/local/python/3.12.1/lib/python3.12/site-packages/airflow/example_dags/example_setup_teardown.py
[2026-04-26T07:23:21.955+0000] {logging_mixin.py:188} INFO - [2026-04-26T07:23:21.955+0000] {dag.py:3096} INFO - Sync 1 DAGs
[2026-04-26T07:23:21.974+0000] {logging_mixin.py:188} INFO - [2026-04-26T07:23:21.974+0000] {dag.py:3954} INFO - Setting next_dagrun for example_setup_teardown to 2026-04-25 00:00:00+00:00, run_after=2026-04-26 00:00:00+00:00
[2026-04-26T07:23:21.991+0000] {processor.py:183} INFO - Processing /usr/local/python/3.12.1/lib/python3.12/site-packages/airflow/example_dags/example_setup_teardown.py took 0.062 seconds
[2026-04-26T07:23:27.795+0000] {processor.py:161} INFO - Started process (PID=28262) to work on /usr/local/python/3.12.1/lib/python3.12/site-packages/airflow/example_dags/example_setup_teardown.py
[2026-04-26T07:23:27.795+0000] {processor.py:830} INFO - Processing file /usr/local/python/3.12.1/lib/python3.12/site-packages/airflow/example_dags/example_setup_teardown.py for tasks to queue
[2026-04-26T07:23:27.797+0000] {logging_mixin.py:188} INFO - [2026-04-26T07:23:27.796+0000] {dagbag.py:540} INFO - Filling up the DagBag from /usr/local/python/3.12.1/lib/python3.12/site-packages/airflow/example_dags/example_setup_teardown.py
[2026-04-26T07:23:27.804+0000] {processor.py:840} INFO - DAG(s) 'example_setup_teardown' retrieved from /usr/local/python/3.12.1/lib/python3.12/site-packages/airflow/example_dags/example_setup_teardown.py
[2026-04-26T07:23:27.816+0000] {logging_mixin.py:188} INFO - [2026-04-26T07:23:27.816+0000] {dag.py:3096} INFO - Sync 1 DAGs
[2026-04-26T07:23:27.831+0000] {logging_mixin.py:188} INFO - [2026-04-26T07:23:27.831+0000] {dag.py:3954} INFO - Setting next_dagrun for example_setup_teardown to 2026-04-25 00:00:00+00:00, run_after=2026-04-26 00:00:00+00:00
[2026-04-26T07:23:27.848+0000] {processor.py:183} INFO - Processing /usr/local/python/3.12.1/lib/python3.12/site-packages/airflow/example_dags/example_setup_teardown.py took 0.057 seconds
[2026-04-26T07:24:08.618+0000] {processor.py:161} INFO - Started process (PID=28691) to work on /usr/local/python/3.12.1/lib/python3.12/site-packages/airflow/example_dags/example_setup_teardown.py
[2026-04-26T07:24:08.619+0000] {processor.py:830} INFO - Processing file /usr/local/python/3.12.1/lib/python3.12/site-packages/airflow/example_dags/example_setup_teardown.py for tasks to queue
[2026-04-26T07:24:08.619+0000] {logging_mixin.py:188} INFO - [2026-04-26T07:24:08.619+0000] {dagbag.py:540} INFO - Filling up the DagBag from /usr/local/python/3.12.1/lib/python3.12/site-packages/airflow/example_dags/example_setup_teardown.py
[2026-04-26T07:24:08.625+0000] {processor.py:840} INFO - DAG(s) 'example_setup_teardown' retrieved from /usr/local/python/3.12.1/lib/python3.12/site-packages/airflow/example_dags/example_setup_teardown.py
[2026-04-26T07:24:08.636+0000] {logging_mixin.py:188} INFO - [2026-04-26T07:24:08.636+0000] {dag.py:3096} INFO - Sync 1 DAGs
[2026-04-26T07:24:08.651+0000] {logging_mixin.py:188} INFO - [2026-04-26T07:24:08.650+0000] {dag.py:3954} INFO - Setting next_dagrun for example_setup_teardown to 2026-04-25 00:00:00+00:00, run_after=2026-04-26 00:00:00+00:00
[2026-04-26T07:24:08.666+0000] {processor.py:183} INFO - Processing /usr/local/python/3.12.1/lib/python3.12/site-packages/airflow/example_dags/example_setup_teardown.py took 0.052 seconds
[2026-04-26T07:24:17.616+0000] {processor.py:161} INFO - Started process (PID=28776) to work on /usr/local/python/3.12.1/lib/python3.12/site-packages/airflow/example_dags/example_setup_teardown.py
[2026-04-26T07:24:17.616+0000] {processor.py:830} INFO - Processing file /usr/local/python/3.12.1/lib/python3.12/site-packages/airflow/example_dags/example_setup_teardown.py for tasks to queue
[2026-04-26T07:24:17.617+0000] {logging_mixin.py:188} INFO - [2026-04-26T07:24:17.617+0000] {dagbag.py:540} INFO - Filling up the DagBag from /usr/local/python/3.12.1/lib/python3.12/site-packages/airflow/example_dags/example_setup_teardown.py
[2026-04-26T07:24:17.623+0000] {processor.py:840} INFO - DAG(s) 'example_setup_teardown' retrieved from /usr/local/python/3.12.1/lib/python3.12/site-packages/airflow/example_dags/example_setup_teardown.py
[2026-04-26T07:24:17.635+0000] {logging_mixin.py:188} INFO - [2026-04-26T07:24:17.634+0000] {dag.py:3096} INFO - Sync 1 DAGs
[2026-04-26T07:24:17.649+0000] {logging_mixin.py:188} INFO - [2026-04-26T07:24:17.649+0000] {dag.py:3954} INFO - Setting next_dagrun for example_setup_teardown to 2026-04-25 00:00:00+00:00, run_after=2026-04-26 00:00:00+00:00
[2026-04-26T07:24:17.665+0000] {processor.py:183} INFO - Processing /usr/local/python/3.12.1/lib/python3.12/site-packages/airflow/example_dags/example_setup_teardown.py took 0.054 seconds
[2026-04-26T07:24:24.578+0000] {processor.py:161} INFO - Started process (PID=28845) to work on /usr/local/python/3.12.1/lib/python3.12/site-packages/airflow/example_dags/example_setup_teardown.py
[2026-04-26T07:24:24.579+0000] {processor.py:830} INFO - Processing file /usr/local/python/3.12.1/lib/python3.12/site-packages/airflow/example_dags/example_setup_teardown.py for tasks to queue
[2026-04-26T07:24:24.580+0000] {logging_mixin.py:188} INFO - [2026-04-26T07:24:24.580+0000] {dagbag.py:540} INFO - Filling up the DagBag from /usr/local/python/3.12.1/lib/python3.12/site-packages/airflow/example_dags/example_setup_teardown.py
[2026-04-26T07:24:24.587+0000] {processor.py:840} INFO - DAG(s) 'example_setup_teardown' retrieved from /usr/local/python/3.12.1/lib/python3.12/site-packages/airflow/example_dags/example_setup_teardown.py
[2026-04-26T07:24:24.605+0000] {logging_mixin.py:188} INFO - [2026-04-26T07:24:24.605+0000] {dag.py:3096} INFO - Sync 1 DAGs
[2026-04-26T07:24:24.628+0000] {logging_mixin.py:188} INFO - [2026-04-26T07:24:24.628+0000] {dag.py:3954} INFO - Setting next_dagrun for example_setup_teardown to 2026-04-25 00:00:00+00:00, run_after=2026-04-26 00:00:00+00:00
[2026-04-26T07:24:24.660+0000] {processor.py:183} INFO - Processing /usr/local/python/3.12.1/lib/python3.12/site-packages/airflow/example_dags/example_setup_teardown.py took 0.088 seconds
[2026-04-26T07:25:08.276+0000] {processor.py:161} INFO - Started process (PID=29361) to work on /usr/local/python/3.12.1/lib/python3.12/site-packages/airflow/example_dags/example_setup_teardown.py
[2026-04-26T07:25:08.276+0000] {processor.py:830} INFO - Processing file /usr/local/python/3.12.1/lib/python3.12/site-packages/airflow/example_dags/example_setup_teardown.py for tasks to queue
[2026-04-26T07:25:08.277+0000] {logging_mixin.py:188} INFO - [2026-04-26T07:25:08.277+0000] {dagbag.py:540} INFO - Filling up the DagBag from /usr/local/python/3.12.1/lib/python3.12/site-packages/airflow/example_dags/example_setup_teardown.py
[2026-04-26T07:25:08.282+0000] {processor.py:840} INFO - DAG(s) 'example_setup_teardown' retrieved from /usr/local/python/3.12.1/lib/python3.12/site-packages/airflow/example_dags/example_setup_teardown.py
[2026-04-26T07:25:08.294+0000] {logging_mixin.py:188} INFO - [2026-04-26T07:25:08.294+0000] {dag.py:3096} INFO - Sync 1 DAGs
[2026-04-26T07:25:08.308+0000] {logging_mixin.py:188} INFO - [2026-04-26T07:25:08.308+0000] {dag.py:3954} INFO - Setting next_dagrun for example_setup_teardown to 2026-04-25 00:00:00+00:00, run_after=2026-04-26 00:00:00+00:00
[2026-04-26T07:25:08.324+0000] {processor.py:183} INFO - Processing /usr/local/python/3.12.1/lib/python3.12/site-packages/airflow/example_dags/example_setup_teardown.py took 0.053 seconds
[2026-04-26T07:25:16.623+0000] {processor.py:161} INFO - Started process (PID=29439) to work on /usr/local/python/3.12.1/lib/python3.12/site-packages/airflow/example_dags/example_setup_teardown.py
[2026-04-26T07:25:16.624+0000] {processor.py:830} INFO - Processing file /usr/local/python/3.12.1/lib/python3.12/site-packages/airflow/example_dags/example_setup_teardown.py for tasks to queue
[2026-04-26T07:25:16.624+0000] {logging_mixin.py:188} INFO - [2026-04-26T07:25:16.624+0000] {dagbag.py:540} INFO - Filling up the DagBag from /usr/local/python/3.12.1/lib/python3.12/site-packages/airflow/example_dags/example_setup_teardown.py
[2026-04-26T07:25:16.630+0000] {processor.py:840} INFO - DAG(s) 'example_setup_teardown' retrieved from /usr/local/python/3.12.1/lib/python3.12/site-packages/airflow/example_dags/example_setup_teardown.py
[2026-04-26T07:25:16.646+0000] {logging_mixin.py:188} INFO - [2026-04-26T07:25:16.646+0000] {dag.py:3096} INFO - Sync 1 DAGs
[2026-04-26T07:25:16.663+0000] {logging_mixin.py:188} INFO - [2026-04-26T07:25:16.662+0000] {dag.py:3954} INFO - Setting next_dagrun for example_setup_teardown to 2026-04-25 00:00:00+00:00, run_after=2026-04-26 00:00:00+00:00
[2026-04-26T07:25:16.679+0000] {processor.py:183} INFO - Processing /usr/local/python/3.12.1/lib/python3.12/site-packages/airflow/example_dags/example_setup_teardown.py took 0.061 seconds
[2026-04-26T07:25:26.215+0000] {processor.py:161} INFO - Started process (PID=29519) to work on /usr/local/python/3.12.1/lib/python3.12/site-packages/airflow/example_dags/example_setup_teardown.py
[2026-04-26T07:25:26.216+0000] {processor.py:830} INFO - Processing file /usr/local/python/3.12.1/lib/python3.12/site-packages/airflow/example_dags/example_setup_teardown.py for tasks to queue
[2026-04-26T07:25:26.217+0000] {logging_mixin.py:188} INFO - [2026-04-26T07:25:26.216+0000] {dagbag.py:540} INFO - Filling up the DagBag from /usr/local/python/3.12.1/lib/python3.12/site-packages/airflow/example_dags/example_setup_teardown.py
[2026-04-26T07:25:26.222+0000] {processor.py:840} INFO - DAG(s) 'example_setup_teardown' retrieved from /usr/local/python/3.12.1/lib/python3.12/site-packages/airflow/example_dags/example_setup_teardown.py
[2026-04-26T07:25:26.233+0000] {logging_mixin.py:188} INFO - [2026-04-26T07:25:26.233+0000] {dag.py:3096} INFO - Sync 1 DAGs
[2026-04-26T07:25:26.248+0000] {logging_mixin.py:188} INFO - [2026-04-26T07:25:26.248+0000] {dag.py:3954} INFO - Setting next_dagrun for example_setup_teardown to 2026-04-25 00:00:00+00:00, run_after=2026-04-26 00:00:00+00:00
[2026-04-26T07:25:26.268+0000] {processor.py:183} INFO - Processing /usr/local/python/3.12.1/lib/python3.12/site-packages/airflow/example_dags/example_setup_teardown.py took 0.057 seconds
[2026-04-26T07:25:50.473+0000] {processor.py:161} INFO - Started process (PID=29730) to work on /usr/local/python/3.12.1/lib/python3.12/site-packages/airflow/example_dags/example_setup_teardown.py
[2026-04-26T07:25:50.474+0000] {processor.py:830} INFO - Processing file /usr/local/python/3.12.1/lib/python3.12/site-packages/airflow/example_dags/example_setup_teardown.py for tasks to queue
[2026-04-26T07:25:50.475+0000] {logging_mixin.py:188} INFO - [2026-04-26T07:25:50.474+0000] {dagbag.py:540} INFO - Filling up the DagBag from /usr/local/python/3.12.1/lib/python3.12/site-packages/airflow/example_dags/example_setup_teardown.py
[2026-04-26T07:25:50.480+0000] {processor.py:840} INFO - DAG(s) 'example_setup_teardown' retrieved from /usr/local/python/3.12.1/lib/python3.12/site-packages/airflow/example_dags/example_setup_teardown.py
[2026-04-26T07:25:50.491+0000] {logging_mixin.py:188} INFO - [2026-04-26T07:25:50.491+0000] {dag.py:3096} INFO - Sync 1 DAGs
[2026-04-26T07:25:50.505+0000] {logging_mixin.py:188} INFO - [2026-04-26T07:25:50.505+0000] {dag.py:3954} INFO - Setting next_dagrun for example_setup_teardown to 2026-04-25 00:00:00+00:00, run_after=2026-04-26 00:00:00+00:00
[2026-04-26T07:25:50.521+0000] {processor.py:183} INFO - Processing /usr/local/python/3.12.1/lib/python3.12/site-packages/airflow/example_dags/example_setup_teardown.py took 0.052 seconds
[2026-04-26T07:26:00.130+0000] {processor.py:161} INFO - Started process (PID=29822) to work on /usr/local/python/3.12.1/lib/python3.12/site-packages/airflow/example_dags/example_setup_teardown.py
[2026-04-26T07:26:00.130+0000] {processor.py:830} INFO - Processing file /usr/local/python/3.12.1/lib/python3.12/site-packages/airflow/example_dags/example_setup_teardown.py for tasks to queue
[2026-04-26T07:26:00.131+0000] {logging_mixin.py:188} INFO - [2026-04-26T07:26:00.131+0000] {dagbag.py:540} INFO - Filling up the DagBag from /usr/local/python/3.12.1/lib/python3.12/site-packages/airflow/example_dags/example_setup_teardown.py
[2026-04-26T07:26:00.137+0000] {processor.py:840} INFO - DAG(s) 'example_setup_teardown' retrieved from /usr/local/python/3.12.1/lib/python3.12/site-packages/airflow/example_dags/example_setup_teardown.py
[2026-04-26T07:26:00.148+0000] {logging_mixin.py:188} INFO - [2026-04-26T07:26:00.148+0000] {dag.py:3096} INFO - Sync 1 DAGs
[2026-04-26T07:26:00.164+0000] {logging_mixin.py:188} INFO - [2026-04-26T07:26:00.164+0000] {dag.py:3954} INFO - Setting next_dagrun for example_setup_teardown to 2026-04-25 00:00:00+00:00, run_after=2026-04-26 00:00:00+00:00
[2026-04-26T07:26:00.182+0000] {processor.py:183} INFO - Processing /usr/local/python/3.12.1/lib/python3.12/site-packages/airflow/example_dags/example_setup_teardown.py took 0.056 seconds
[2026-04-26T07:26:07.606+0000] {processor.py:161} INFO - Started process (PID=29888) to work on /usr/local/python/3.12.1/lib/python3.12/site-packages/airflow/example_dags/example_setup_teardown.py
[2026-04-26T07:26:07.607+0000] {processor.py:830} INFO - Processing file /usr/local/python/3.12.1/lib/python3.12/site-packages/airflow/example_dags/example_setup_teardown.py for tasks to queue
[2026-04-26T07:26:07.607+0000] {logging_mixin.py:188} INFO - [2026-04-26T07:26:07.607+0000] {dagbag.py:540} INFO - Filling up the DagBag from /usr/local/python/3.12.1/lib/python3.12/site-packages/airflow/example_dags/example_setup_teardown.py
[2026-04-26T07:26:07.613+0000] {processor.py:840} INFO - DAG(s) 'example_setup_teardown' retrieved from /usr/local/python/3.12.1/lib/python3.12/site-packages/airflow/example_dags/example_setup_teardown.py
[2026-04-26T07:26:07.626+0000] {logging_mixin.py:188} INFO - [2026-04-26T07:26:07.625+0000] {dag.py:3096} INFO - Sync 1 DAGs
[2026-04-26T07:26:07.646+0000] {logging_mixin.py:188} INFO - [2026-04-26T07:26:07.646+0000] {dag.py:3954} INFO - Setting next_dagrun for example_setup_teardown to 2026-04-25 00:00:00+00:00, run_after=2026-04-26 00:00:00+00:00
[2026-04-26T07:26:07.669+0000] {processor.py:183} INFO - Processing /usr/local/python/3.12.1/lib/python3.12/site-packages/airflow/example_dags/example_setup_teardown.py took 0.067 seconds
[2026-04-26T07:26:43.478+0000] {processor.py:161} INFO - Started process (PID=30216) to work on /usr/local/python/3.12.1/lib/python3.12/site-packages/airflow/example_dags/example_setup_teardown.py
[2026-04-26T07:26:43.479+0000] {processor.py:830} INFO - Processing file /usr/local/python/3.12.1/lib/python3.12/site-packages/airflow/example_dags/example_setup_teardown.py for tasks to queue
[2026-04-26T07:26:43.480+0000] {logging_mixin.py:188} INFO - [2026-04-26T07:26:43.479+0000] {dagbag.py:540} INFO - Filling up the DagBag from /usr/local/python/3.12.1/lib/python3.12/site-packages/airflow/example_dags/example_setup_teardown.py
[2026-04-26T07:26:43.485+0000] {processor.py:840} INFO - DAG(s) 'example_setup_teardown' retrieved from /usr/local/python/3.12.1/lib/python3.12/site-packages/airflow/example_dags/example_setup_teardown.py
[2026-04-26T07:26:43.497+0000] {logging_mixin.py:188} INFO - [2026-04-26T07:26:43.497+0000] {dag.py:3096} INFO - Sync 1 DAGs
[2026-04-26T07:26:43.511+0000] {logging_mixin.py:188} INFO - [2026-04-26T07:26:43.511+0000] {dag.py:3954} INFO - Setting next_dagrun for example_setup_teardown to 2026-04-25 00:00:00+00:00, run_after=2026-04-26 00:00:00+00:00
[2026-04-26T07:26:43.528+0000] {processor.py:183} INFO - Processing /usr/local/python/3.12.1/lib/python3.12/site-packages/airflow/example_dags/example_setup_teardown.py took 0.054 seconds
[2026-04-26T07:26:50.334+0000] {processor.py:161} INFO - Started process (PID=30268) to work on /usr/local/python/3.12.1/lib/python3.12/site-packages/airflow/example_dags/example_setup_teardown.py
[2026-04-26T07:26:50.335+0000] {processor.py:830} INFO - Processing file /usr/local/python/3.12.1/lib/python3.12/site-packages/airflow/example_dags/example_setup_teardown.py for tasks to queue
[2026-04-26T07:26:50.335+0000] {logging_mixin.py:188} INFO - [2026-04-26T07:26:50.335+0000] {dagbag.py:540} INFO - Filling up the DagBag from /usr/local/python/3.12.1/lib/python3.12/site-packages/airflow/example_dags/example_setup_teardown.py
[2026-04-26T07:26:50.341+0000] {processor.py:840} INFO - DAG(s) 'example_setup_teardown' retrieved from /usr/local/python/3.12.1/lib/python3.12/site-packages/airflow/example_dags/example_setup_teardown.py
[2026-04-26T07:26:50.362+0000] {logging_mixin.py:188} INFO - [2026-04-26T07:26:50.362+0000] {dag.py:3096} INFO - Sync 1 DAGs
[2026-04-26T07:26:50.377+0000] {logging_mixin.py:188} INFO - [2026-04-26T07:26:50.377+0000] {dag.py:3954} INFO - Setting next_dagrun for example_setup_teardown to 2026-04-25 00:00:00+00:00, run_after=2026-04-26 00:00:00+00:00
[2026-04-26T07:26:50.527+0000] {processor.py:183} INFO - Processing /usr/local/python/3.12.1/lib/python3.12/site-packages/airflow/example_dags/example_setup_teardown.py took 0.198 seconds
[2026-04-26T07:26:51.277+0000] {processor.py:161} INFO - Started process (PID=30271) to work on /usr/local/python/3.12.1/lib/python3.12/site-packages/airflow/example_dags/example_setup_teardown.py
[2026-04-26T07:26:51.278+0000] {processor.py:830} INFO - Processing file /usr/local/python/3.12.1/lib/python3.12/site-packages/airflow/example_dags/example_setup_teardown.py for tasks to queue
[2026-04-26T07:26:51.279+0000] {logging_mixin.py:188} INFO - [2026-04-26T07:26:51.278+0000] {dagbag.py:540} INFO - Filling up the DagBag from /usr/local/python/3.12.1/lib/python3.12/site-packages/airflow/example_dags/example_setup_teardown.py
[2026-04-26T07:26:51.286+0000] {processor.py:840} INFO - DAG(s) 'example_setup_teardown' retrieved from /usr/local/python/3.12.1/lib/python3.12/site-packages/airflow/example_dags/example_setup_teardown.py
[2026-04-26T07:26:51.316+0000] {logging_mixin.py:188} INFO - [2026-04-26T07:26:51.316+0000] {dag.py:3096} INFO - Sync 1 DAGs
[2026-04-26T07:26:51.338+0000] {logging_mixin.py:188} INFO - [2026-04-26T07:26:51.338+0000] {dag.py:3954} INFO - Setting next_dagrun for example_setup_teardown to 2026-04-25 00:00:00+00:00, run_after=2026-04-26 00:00:00+00:00
[2026-04-26T07:26:51.362+0000] {processor.py:183} INFO - Processing /usr/local/python/3.12.1/lib/python3.12/site-packages/airflow/example_dags/example_setup_teardown.py took 0.090 seconds
[2026-04-26T07:27:32.160+0000] {processor.py:161} INFO - Started process (PID=30633) to work on /usr/local/python/3.12.1/lib/python3.12/site-packages/airflow/example_dags/example_setup_teardown.py
[2026-04-26T07:27:32.160+0000] {processor.py:830} INFO - Processing file /usr/local/python/3.12.1/lib/python3.12/site-packages/airflow/example_dags/example_setup_teardown.py for tasks to queue
[2026-04-26T07:27:32.161+0000] {logging_mixin.py:188} INFO - [2026-04-26T07:27:32.161+0000] {dagbag.py:540} INFO - Filling up the DagBag from /usr/local/python/3.12.1/lib/python3.12/site-packages/airflow/example_dags/example_setup_teardown.py
[2026-04-26T07:27:32.167+0000] {processor.py:840} INFO - DAG(s) 'example_setup_teardown' retrieved from /usr/local/python/3.12.1/lib/python3.12/site-packages/airflow/example_dags/example_setup_teardown.py
[2026-04-26T07:27:32.178+0000] {logging_mixin.py:188} INFO - [2026-04-26T07:27:32.178+0000] {dag.py:3096} INFO - Sync 1 DAGs
[2026-04-26T07:27:32.197+0000] {logging_mixin.py:188} INFO - [2026-04-26T07:27:32.196+0000] {dag.py:3954} INFO - Setting next_dagrun for example_setup_teardown to 2026-04-25 00:00:00+00:00, run_after=2026-04-26 00:00:00+00:00
[2026-04-26T07:27:32.257+0000] {processor.py:183} INFO - Processing /usr/local/python/3.12.1/lib/python3.12/site-packages/airflow/example_dags/example_setup_teardown.py took 0.102 seconds
[2026-04-26T07:27:40.879+0000] {processor.py:161} INFO - Started process (PID=30719) to work on /usr/local/python/3.12.1/lib/python3.12/site-packages/airflow/example_dags/example_setup_teardown.py
[2026-04-26T07:27:40.879+0000] {processor.py:830} INFO - Processing file /usr/local/python/3.12.1/lib/python3.12/site-packages/airflow/example_dags/example_setup_teardown.py for tasks to queue
[2026-04-26T07:27:40.880+0000] {logging_mixin.py:188} INFO - [2026-04-26T07:27:40.880+0000] {dagbag.py:540} INFO - Filling up the DagBag from /usr/local/python/3.12.1/lib/python3.12/site-packages/airflow/example_dags/example_setup_teardown.py
[2026-04-26T07:27:40.894+0000] {processor.py:840} INFO - DAG(s) 'example_setup_teardown' retrieved from /usr/local/python/3.12.1/lib/python3.12/site-packages/airflow/example_dags/example_setup_teardown.py
[2026-04-26T07:27:40.918+0000] {logging_mixin.py:188} INFO - [2026-04-26T07:27:40.918+0000] {dag.py:3096} INFO - Sync 1 DAGs
[2026-04-26T07:27:40.935+0000] {logging_mixin.py:188} INFO - [2026-04-26T07:27:40.935+0000] {dag.py:3954} INFO - Setting next_dagrun for example_setup_teardown to 2026-04-25 00:00:00+00:00, run_after=2026-04-26 00:00:00+00:00
[2026-04-26T07:27:40.951+0000] {processor.py:183} INFO - Processing /usr/local/python/3.12.1/lib/python3.12/site-packages/airflow/example_dags/example_setup_teardown.py took 0.081 seconds
[2026-04-26T07:27:51.822+0000] {processor.py:161} INFO - Started process (PID=30814) to work on /usr/local/python/3.12.1/lib/python3.12/site-packages/airflow/example_dags/example_setup_teardown.py
[2026-04-26T07:27:51.822+0000] {processor.py:830} INFO - Processing file /usr/local/python/3.12.1/lib/python3.12/site-packages/airflow/example_dags/example_setup_teardown.py for tasks to queue
[2026-04-26T07:27:51.823+0000] {logging_mixin.py:188} INFO - [2026-04-26T07:27:51.823+0000] {dagbag.py:540} INFO - Filling up the DagBag from /usr/local/python/3.12.1/lib/python3.12/site-packages/airflow/example_dags/example_setup_teardown.py
[2026-04-26T07:27:51.828+0000] {processor.py:840} INFO - DAG(s) 'example_setup_teardown' retrieved from /usr/local/python/3.12.1/lib/python3.12/site-packages/airflow/example_dags/example_setup_teardown.py
[2026-04-26T07:27:51.841+0000] {logging_mixin.py:188} INFO - [2026-04-26T07:27:51.841+0000] {dag.py:3096} INFO - Sync 1 DAGs
[2026-04-26T07:27:51.856+0000] {logging_mixin.py:188} INFO - [2026-04-26T07:27:51.856+0000] {dag.py:3954} INFO - Setting next_dagrun for example_setup_teardown to 2026-04-25 00:00:00+00:00, run_after=2026-04-26 00:00:00+00:00
[2026-04-26T07:27:51.872+0000] {processor.py:183} INFO - Processing /usr/local/python/3.12.1/lib/python3.12/site-packages/airflow/example_dags/example_setup_teardown.py took 0.055 seconds
[2026-04-26T07:28:35.908+0000] {processor.py:161} INFO - Started process (PID=31227) to work on /usr/local/python/3.12.1/lib/python3.12/site-packages/airflow/example_dags/example_setup_teardown.py
[2026-04-26T07:28:35.909+0000] {processor.py:830} INFO - Processing file /usr/local/python/3.12.1/lib/python3.12/site-packages/airflow/example_dags/example_setup_teardown.py for tasks to queue
[2026-04-26T07:28:35.909+0000] {logging_mixin.py:188} INFO - [2026-04-26T07:28:35.909+0000] {dagbag.py:540} INFO - Filling up the DagBag from /usr/local/python/3.12.1/lib/python3.12/site-packages/airflow/example_dags/example_setup_teardown.py
[2026-04-26T07:28:35.915+0000] {processor.py:840} INFO - DAG(s) 'example_setup_teardown' retrieved from /usr/local/python/3.12.1/lib/python3.12/site-packages/airflow/example_dags/example_setup_teardown.py
[2026-04-26T07:28:35.927+0000] {logging_mixin.py:188} INFO - [2026-04-26T07:28:35.927+0000] {dag.py:3096} INFO - Sync 1 DAGs
[2026-04-26T07:28:35.942+0000] {logging_mixin.py:188} INFO - [2026-04-26T07:28:35.942+0000] {dag.py:3954} INFO - Setting next_dagrun for example_setup_teardown to 2026-04-25 00:00:00+00:00, run_after=2026-04-26 00:00:00+00:00
[2026-04-26T07:28:35.959+0000] {processor.py:183} INFO - Processing /usr/local/python/3.12.1/lib/python3.12/site-packages/airflow/example_dags/example_setup_teardown.py took 0.055 seconds
[2026-04-26T07:28:39.509+0000] {processor.py:161} INFO - Started process (PID=31246) to work on /usr/local/python/3.12.1/lib/python3.12/site-packages/airflow/example_dags/example_setup_teardown.py
[2026-04-26T07:28:39.510+0000] {processor.py:830} INFO - Processing file /usr/local/python/3.12.1/lib/python3.12/site-packages/airflow/example_dags/example_setup_teardown.py for tasks to queue
[2026-04-26T07:28:39.511+0000] {logging_mixin.py:188} INFO - [2026-04-26T07:28:39.511+0000] {dagbag.py:540} INFO - Filling up the DagBag from /usr/local/python/3.12.1/lib/python3.12/site-packages/airflow/example_dags/example_setup_teardown.py
[2026-04-26T07:28:39.522+0000] {processor.py:840} INFO - DAG(s) 'example_setup_teardown' retrieved from /usr/local/python/3.12.1/lib/python3.12/site-packages/airflow/example_dags/example_setup_teardown.py
[2026-04-26T07:28:39.542+0000] {logging_mixin.py:188} INFO - [2026-04-26T07:28:39.542+0000] {dag.py:3096} INFO - Sync 1 DAGs
[2026-04-26T07:28:39.569+0000] {logging_mixin.py:188} INFO - [2026-04-26T07:28:39.569+0000] {dag.py:3954} INFO - Setting next_dagrun for example_setup_teardown to 2026-04-25 00:00:00+00:00, run_after=2026-04-26 00:00:00+00:00
[2026-04-26T07:28:39.585+0000] {processor.py:183} INFO - Processing /usr/local/python/3.12.1/lib/python3.12/site-packages/airflow/example_dags/example_setup_teardown.py took 0.083 seconds
[2026-04-26T07:28:53.055+0000] {processor.py:161} INFO - Started process (PID=31428) to work on /usr/local/python/3.12.1/lib/python3.12/site-packages/airflow/example_dags/example_setup_teardown.py
[2026-04-26T07:28:53.055+0000] {processor.py:830} INFO - Processing file /usr/local/python/3.12.1/lib/python3.12/site-packages/airflow/example_dags/example_setup_teardown.py for tasks to queue
[2026-04-26T07:28:53.056+0000] {logging_mixin.py:188} INFO - [2026-04-26T07:28:53.056+0000] {dagbag.py:540} INFO - Filling up the DagBag from /usr/local/python/3.12.1/lib/python3.12/site-packages/airflow/example_dags/example_setup_teardown.py
[2026-04-26T07:28:53.061+0000] {processor.py:840} INFO - DAG(s) 'example_setup_teardown' retrieved from /usr/local/python/3.12.1/lib/python3.12/site-packages/airflow/example_dags/example_setup_teardown.py
[2026-04-26T07:28:53.073+0000] {logging_mixin.py:188} INFO - [2026-04-26T07:28:53.073+0000] {dag.py:3096} INFO - Sync 1 DAGs
[2026-04-26T07:28:53.087+0000] {logging_mixin.py:188} INFO - [2026-04-26T07:28:53.087+0000] {dag.py:3954} INFO - Setting next_dagrun for example_setup_teardown to 2026-04-25 00:00:00+00:00, run_after=2026-04-26 00:00:00+00:00
[2026-04-26T07:28:53.109+0000] {processor.py:183} INFO - Processing /usr/local/python/3.12.1/lib/python3.12/site-packages/airflow/example_dags/example_setup_teardown.py took 0.058 seconds
[2026-04-26T07:29:36.981+0000] {processor.py:161} INFO - Started process (PID=31894) to work on /usr/local/python/3.12.1/lib/python3.12/site-packages/airflow/example_dags/example_setup_teardown.py
[2026-04-26T07:29:36.982+0000] {processor.py:830} INFO - Processing file /usr/local/python/3.12.1/lib/python3.12/site-packages/airflow/example_dags/example_setup_teardown.py for tasks to queue
[2026-04-26T07:29:36.983+0000] {logging_mixin.py:188} INFO - [2026-04-26T07:29:36.982+0000] {dagbag.py:540} INFO - Filling up the DagBag from /usr/local/python/3.12.1/lib/python3.12/site-packages/airflow/example_dags/example_setup_teardown.py
[2026-04-26T07:29:36.988+0000] {processor.py:840} INFO - DAG(s) 'example_setup_teardown' retrieved from /usr/local/python/3.12.1/lib/python3.12/site-packages/airflow/example_dags/example_setup_teardown.py
[2026-04-26T07:29:36.999+0000] {logging_mixin.py:188} INFO - [2026-04-26T07:29:36.999+0000] {dag.py:3096} INFO - Sync 1 DAGs
[2026-04-26T07:29:37.014+0000] {logging_mixin.py:188} INFO - [2026-04-26T07:29:37.013+0000] {dag.py:3954} INFO - Setting next_dagrun for example_setup_teardown to 2026-04-25 00:00:00+00:00, run_after=2026-04-26 00:00:00+00:00
[2026-04-26T07:29:37.032+0000] {processor.py:183} INFO - Processing /usr/local/python/3.12.1/lib/python3.12/site-packages/airflow/example_dags/example_setup_teardown.py took 0.054 seconds
[2026-04-26T07:29:37.239+0000] {processor.py:161} INFO - Started process (PID=31895) to work on /usr/local/python/3.12.1/lib/python3.12/site-packages/airflow/example_dags/example_setup_teardown.py
[2026-04-26T07:29:37.239+0000] {processor.py:830} INFO - Processing file /usr/local/python/3.12.1/lib/python3.12/site-packages/airflow/example_dags/example_setup_teardown.py for tasks to queue
[2026-04-26T07:29:37.240+0000] {logging_mixin.py:188} INFO - [2026-04-26T07:29:37.240+0000] {dagbag.py:540} INFO - Filling up the DagBag from /usr/local/python/3.12.1/lib/python3.12/site-packages/airflow/example_dags/example_setup_teardown.py
[2026-04-26T07:29:37.246+0000] {processor.py:840} INFO - DAG(s) 'example_setup_teardown' retrieved from /usr/local/python/3.12.1/lib/python3.12/site-packages/airflow/example_dags/example_setup_teardown.py
[2026-04-26T07:29:37.258+0000] {logging_mixin.py:188} INFO - [2026-04-26T07:29:37.258+0000] {dag.py:3096} INFO - Sync 1 DAGs
[2026-04-26T07:29:37.274+0000] {logging_mixin.py:188} INFO - [2026-04-26T07:29:37.274+0000] {dag.py:3954} INFO - Setting next_dagrun for example_setup_teardown to 2026-04-25 00:00:00+00:00, run_after=2026-04-26 00:00:00+00:00
[2026-04-26T07:29:37.290+0000] {processor.py:183} INFO - Processing /usr/local/python/3.12.1/lib/python3.12/site-packages/airflow/example_dags/example_setup_teardown.py took 0.056 seconds
[2026-04-26T07:29:37.897+0000] {processor.py:161} INFO - Started process (PID=31903) to work on /usr/local/python/3.12.1/lib/python3.12/site-packages/airflow/example_dags/example_setup_teardown.py
[2026-04-26T07:29:37.898+0000] {processor.py:830} INFO - Processing file /usr/local/python/3.12.1/lib/python3.12/site-packages/airflow/example_dags/example_setup_teardown.py for tasks to queue
[2026-04-26T07:29:37.899+0000] {logging_mixin.py:188} INFO - [2026-04-26T07:29:37.899+0000] {dagbag.py:540} INFO - Filling up the DagBag from /usr/local/python/3.12.1/lib/python3.12/site-packages/airflow/example_dags/example_setup_teardown.py
[2026-04-26T07:29:37.905+0000] {processor.py:840} INFO - DAG(s) 'example_setup_teardown' retrieved from /usr/local/python/3.12.1/lib/python3.12/site-packages/airflow/example_dags/example_setup_teardown.py
[2026-04-26T07:29:37.917+0000] {logging_mixin.py:188} INFO - [2026-04-26T07:29:37.917+0000] {dag.py:3096} INFO - Sync 1 DAGs
[2026-04-26T07:29:37.932+0000] {logging_mixin.py:188} INFO - [2026-04-26T07:29:37.932+0000] {dag.py:3954} INFO - Setting next_dagrun for example_setup_teardown to 2026-04-25 00:00:00+00:00, run_after=2026-04-26 00:00:00+00:00
[2026-04-26T07:29:37.948+0000] {processor.py:183} INFO - Processing /usr/local/python/3.12.1/lib/python3.12/site-packages/airflow/example_dags/example_setup_teardown.py took 0.056 seconds
[2026-04-26T07:30:23.516+0000] {processor.py:161} INFO - Started process (PID=32362) to work on /usr/local/python/3.12.1/lib/python3.12/site-packages/airflow/example_dags/example_setup_teardown.py
[2026-04-26T07:30:23.517+0000] {processor.py:830} INFO - Processing file /usr/local/python/3.12.1/lib/python3.12/site-packages/airflow/example_dags/example_setup_teardown.py for tasks to queue
[2026-04-26T07:30:23.518+0000] {logging_mixin.py:188} INFO - [2026-04-26T07:30:23.517+0000] {dagbag.py:540} INFO - Filling up the DagBag from /usr/local/python/3.12.1/lib/python3.12/site-packages/airflow/example_dags/example_setup_teardown.py
[2026-04-26T07:30:23.523+0000] {processor.py:840} INFO - DAG(s) 'example_setup_teardown' retrieved from /usr/local/python/3.12.1/lib/python3.12/site-packages/airflow/example_dags/example_setup_teardown.py
[2026-04-26T07:30:23.536+0000] {logging_mixin.py:188} INFO - [2026-04-26T07:30:23.536+0000] {dag.py:3096} INFO - Sync 1 DAGs
[2026-04-26T07:30:23.551+0000] {logging_mixin.py:188} INFO - [2026-04-26T07:30:23.551+0000] {dag.py:3954} INFO - Setting next_dagrun for example_setup_teardown to 2026-04-25 00:00:00+00:00, run_after=2026-04-26 00:00:00+00:00
[2026-04-26T07:30:23.567+0000] {processor.py:183} INFO - Processing /usr/local/python/3.12.1/lib/python3.12/site-packages/airflow/example_dags/example_setup_teardown.py took 0.055 seconds
[2026-04-26T07:30:37.896+0000] {processor.py:161} INFO - Started process (PID=32502) to work on /usr/local/python/3.12.1/lib/python3.12/site-packages/airflow/example_dags/example_setup_teardown.py
[2026-04-26T07:30:37.897+0000] {processor.py:830} INFO - Processing file /usr/local/python/3.12.1/lib/python3.12/site-packages/airflow/example_dags/example_setup_teardown.py for tasks to queue
[2026-04-26T07:30:37.897+0000] {logging_mixin.py:188} INFO - [2026-04-26T07:30:37.897+0000] {dagbag.py:540} INFO - Filling up the DagBag from /usr/local/python/3.12.1/lib/python3.12/site-packages/airflow/example_dags/example_setup_teardown.py
[2026-04-26T07:30:37.903+0000] {processor.py:840} INFO - DAG(s) 'example_setup_teardown' retrieved from /usr/local/python/3.12.1/lib/python3.12/site-packages/airflow/example_dags/example_setup_teardown.py
[2026-04-26T07:30:37.915+0000] {logging_mixin.py:188} INFO - [2026-04-26T07:30:37.914+0000] {dag.py:3096} INFO - Sync 1 DAGs
[2026-04-26T07:30:37.930+0000] {logging_mixin.py:188} INFO - [2026-04-26T07:30:37.930+0000] {dag.py:3954} INFO - Setting next_dagrun for example_setup_teardown to 2026-04-25 00:00:00+00:00, run_after=2026-04-26 00:00:00+00:00
[2026-04-26T07:30:37.946+0000] {processor.py:183} INFO - Processing /usr/local/python/3.12.1/lib/python3.12/site-packages/airflow/example_dags/example_setup_teardown.py took 0.054 seconds
[2026-04-26T07:30:39.173+0000] {processor.py:161} INFO - Started process (PID=32509) to work on /usr/local/python/3.12.1/lib/python3.12/site-packages/airflow/example_dags/example_setup_teardown.py
[2026-04-26T07:30:39.173+0000] {processor.py:830} INFO - Processing file /usr/local/python/3.12.1/lib/python3.12/site-packages/airflow/example_dags/example_setup_teardown.py for tasks to queue
[2026-04-26T07:30:39.174+0000] {logging_mixin.py:188} INFO - [2026-04-26T07:30:39.174+0000] {dagbag.py:540} INFO - Filling up the DagBag from /usr/local/python/3.12.1/lib/python3.12/site-packages/airflow/example_dags/example_setup_teardown.py
[2026-04-26T07:30:39.179+0000] {processor.py:840} INFO - DAG(s) 'example_setup_teardown' retrieved from /usr/local/python/3.12.1/lib/python3.12/site-packages/airflow/example_dags/example_setup_teardown.py
[2026-04-26T07:30:39.191+0000] {logging_mixin.py:188} INFO - [2026-04-26T07:30:39.191+0000] {dag.py:3096} INFO - Sync 1 DAGs
[2026-04-26T07:30:39.205+0000] {logging_mixin.py:188} INFO - [2026-04-26T07:30:39.205+0000] {dag.py:3954} INFO - Setting next_dagrun for example_setup_teardown to 2026-04-25 00:00:00+00:00, run_after=2026-04-26 00:00:00+00:00
[2026-04-26T07:30:39.221+0000] {processor.py:183} INFO - Processing /usr/local/python/3.12.1/lib/python3.12/site-packages/airflow/example_dags/example_setup_teardown.py took 0.053 seconds
[2026-04-26T07:31:10.746+0000] {processor.py:161} INFO - Started process (PID=32788) to work on /usr/local/python/3.12.1/lib/python3.12/site-packages/airflow/example_dags/example_setup_teardown.py
[2026-04-26T07:31:10.747+0000] {processor.py:830} INFO - Processing file /usr/local/python/3.12.1/lib/python3.12/site-packages/airflow/example_dags/example_setup_teardown.py for tasks to queue
[2026-04-26T07:31:10.748+0000] {logging_mixin.py:188} INFO - [2026-04-26T07:31:10.748+0000] {dagbag.py:540} INFO - Filling up the DagBag from /usr/local/python/3.12.1/lib/python3.12/site-packages/airflow/example_dags/example_setup_teardown.py
[2026-04-26T07:31:10.755+0000] {processor.py:840} INFO - DAG(s) 'example_setup_teardown' retrieved from /usr/local/python/3.12.1/lib/python3.12/site-packages/airflow/example_dags/example_setup_teardown.py
[2026-04-26T07:31:10.962+0000] {logging_mixin.py:188} INFO - [2026-04-26T07:31:10.962+0000] {dag.py:3096} INFO - Sync 1 DAGs
[2026-04-26T07:31:10.983+0000] {logging_mixin.py:188} INFO - [2026-04-26T07:31:10.983+0000] {dag.py:3954} INFO - Setting next_dagrun for example_setup_teardown to 2026-04-25 00:00:00+00:00, run_after=2026-04-26 00:00:00+00:00
[2026-04-26T07:31:11.004+0000] {processor.py:183} INFO - Processing /usr/local/python/3.12.1/lib/python3.12/site-packages/airflow/example_dags/example_setup_teardown.py took 0.263 seconds
[2026-04-26T07:31:25.747+0000] {processor.py:161} INFO - Started process (PID=32919) to work on /usr/local/python/3.12.1/lib/python3.12/site-packages/airflow/example_dags/example_setup_teardown.py
[2026-04-26T07:31:25.748+0000] {processor.py:830} INFO - Processing file /usr/local/python/3.12.1/lib/python3.12/site-packages/airflow/example_dags/example_setup_teardown.py for tasks to queue
[2026-04-26T07:31:25.749+0000] {logging_mixin.py:188} INFO - [2026-04-26T07:31:25.748+0000] {dagbag.py:540} INFO - Filling up the DagBag from /usr/local/python/3.12.1/lib/python3.12/site-packages/airflow/example_dags/example_setup_teardown.py
[2026-04-26T07:31:25.754+0000] {processor.py:840} INFO - DAG(s) 'example_setup_teardown' retrieved from /usr/local/python/3.12.1/lib/python3.12/site-packages/airflow/example_dags/example_setup_teardown.py
[2026-04-26T07:31:25.769+0000] {logging_mixin.py:188} INFO - [2026-04-26T07:31:25.768+0000] {dag.py:3096} INFO - Sync 1 DAGs
[2026-04-26T07:31:25.790+0000] {logging_mixin.py:188} INFO - [2026-04-26T07:31:25.789+0000] {dag.py:3954} INFO - Setting next_dagrun for example_setup_teardown to 2026-04-25 00:00:00+00:00, run_after=2026-04-26 00:00:00+00:00
[2026-04-26T07:31:25.812+0000] {processor.py:183} INFO - Processing /usr/local/python/3.12.1/lib/python3.12/site-packages/airflow/example_dags/example_setup_teardown.py took 0.069 seconds
[2026-04-26T07:31:36.159+0000] {processor.py:161} INFO - Started process (PID=33007) to work on /usr/local/python/3.12.1/lib/python3.12/site-packages/airflow/example_dags/example_setup_teardown.py
[2026-04-26T07:31:36.159+0000] {processor.py:830} INFO - Processing file /usr/local/python/3.12.1/lib/python3.12/site-packages/airflow/example_dags/example_setup_teardown.py for tasks to queue
[2026-04-26T07:31:36.160+0000] {logging_mixin.py:188} INFO - [2026-04-26T07:31:36.160+0000] {dagbag.py:540} INFO - Filling up the DagBag from /usr/local/python/3.12.1/lib/python3.12/site-packages/airflow/example_dags/example_setup_teardown.py
[2026-04-26T07:31:36.165+0000] {processor.py:840} INFO - DAG(s) 'example_setup_teardown' retrieved from /usr/local/python/3.12.1/lib/python3.12/site-packages/airflow/example_dags/example_setup_teardown.py
[2026-04-26T07:31:36.177+0000] {logging_mixin.py:188} INFO - [2026-04-26T07:31:36.177+0000] {dag.py:3096} INFO - Sync 1 DAGs
[2026-04-26T07:31:36.192+0000] {logging_mixin.py:188} INFO - [2026-04-26T07:31:36.192+0000] {dag.py:3954} INFO - Setting next_dagrun for example_setup_teardown to 2026-04-25 00:00:00+00:00, run_after=2026-04-26 00:00:00+00:00
[2026-04-26T07:31:36.207+0000] {processor.py:183} INFO - Processing /usr/local/python/3.12.1/lib/python3.12/site-packages/airflow/example_dags/example_setup_teardown.py took 0.052 seconds
[2026-04-26T07:32:00.849+0000] {processor.py:161} INFO - Started process (PID=33237) to work on /usr/local/python/3.12.1/lib/python3.12/site-packages/airflow/example_dags/example_setup_teardown.py
[2026-04-26T07:32:00.849+0000] {processor.py:830} INFO - Processing file /usr/local/python/3.12.1/lib/python3.12/site-packages/airflow/example_dags/example_setup_teardown.py for tasks to queue
[2026-04-26T07:32:00.850+0000] {logging_mixin.py:188} INFO - [2026-04-26T07:32:00.850+0000] {dagbag.py:540} INFO - Filling up the DagBag from /usr/local/python/3.12.1/lib/python3.12/site-packages/airflow/example_dags/example_setup_teardown.py
[2026-04-26T07:32:00.855+0000] {processor.py:840} INFO - DAG(s) 'example_setup_teardown' retrieved from /usr/local/python/3.12.1/lib/python3.12/site-packages/airflow/example_dags/example_setup_teardown.py
[2026-04-26T07:32:00.867+0000] {logging_mixin.py:188} INFO - [2026-04-26T07:32:00.867+0000] {dag.py:3096} INFO - Sync 1 DAGs
[2026-04-26T07:32:00.882+0000] {logging_mixin.py:188} INFO - [2026-04-26T07:32:00.882+0000] {dag.py:3954} INFO - Setting next_dagrun for example_setup_teardown to 2026-04-25 00:00:00+00:00, run_after=2026-04-26 00:00:00+00:00
[2026-04-26T07:32:00.898+0000] {processor.py:183} INFO - Processing /usr/local/python/3.12.1/lib/python3.12/site-packages/airflow/example_dags/example_setup_teardown.py took 0.054 seconds
[2026-04-26T07:32:08.466+0000] {processor.py:161} INFO - Started process (PID=33292) to work on /usr/local/python/3.12.1/lib/python3.12/site-packages/airflow/example_dags/example_setup_teardown.py
[2026-04-26T07:32:08.468+0000] {processor.py:830} INFO - Processing file /usr/local/python/3.12.1/lib/python3.12/site-packages/airflow/example_dags/example_setup_teardown.py for tasks to queue
[2026-04-26T07:32:08.469+0000] {logging_mixin.py:188} INFO - [2026-04-26T07:32:08.468+0000] {dagbag.py:540} INFO - Filling up the DagBag from /usr/local/python/3.12.1/lib/python3.12/site-packages/airflow/example_dags/example_setup_teardown.py
[2026-04-26T07:32:08.477+0000] {processor.py:840} INFO - DAG(s) 'example_setup_teardown' retrieved from /usr/local/python/3.12.1/lib/python3.12/site-packages/airflow/example_dags/example_setup_teardown.py
[2026-04-26T07:32:08.497+0000] {logging_mixin.py:188} INFO - [2026-04-26T07:32:08.497+0000] {dag.py:3096} INFO - Sync 1 DAGs
[2026-04-26T07:32:08.527+0000] {logging_mixin.py:188} INFO - [2026-04-26T07:32:08.526+0000] {dag.py:3954} INFO - Setting next_dagrun for example_setup_teardown to 2026-04-25 00:00:00+00:00, run_after=2026-04-26 00:00:00+00:00
[2026-04-26T07:32:08.543+0000] {processor.py:183} INFO - Processing /usr/local/python/3.12.1/lib/python3.12/site-packages/airflow/example_dags/example_setup_teardown.py took 0.082 seconds
[2026-04-26T07:32:34.830+0000] {processor.py:161} INFO - Started process (PID=33533) to work on /usr/local/python/3.12.1/lib/python3.12/site-packages/airflow/example_dags/example_setup_teardown.py
[2026-04-26T07:32:34.831+0000] {processor.py:830} INFO - Processing file /usr/local/python/3.12.1/lib/python3.12/site-packages/airflow/example_dags/example_setup_teardown.py for tasks to queue
[2026-04-26T07:32:34.832+0000] {logging_mixin.py:188} INFO - [2026-04-26T07:32:34.831+0000] {dagbag.py:540} INFO - Filling up the DagBag from /usr/local/python/3.12.1/lib/python3.12/site-packages/airflow/example_dags/example_setup_teardown.py
[2026-04-26T07:32:34.838+0000] {processor.py:840} INFO - DAG(s) 'example_setup_teardown' retrieved from /usr/local/python/3.12.1/lib/python3.12/site-packages/airflow/example_dags/example_setup_teardown.py
[2026-04-26T07:32:34.851+0000] {logging_mixin.py:188} INFO - [2026-04-26T07:32:34.851+0000] {dag.py:3096} INFO - Sync 1 DAGs
[2026-04-26T07:32:34.867+0000] {logging_mixin.py:188} INFO - [2026-04-26T07:32:34.867+0000] {dag.py:3954} INFO - Setting next_dagrun for example_setup_teardown to 2026-04-25 00:00:00+00:00, run_after=2026-04-26 00:00:00+00:00
[2026-04-26T07:32:34.884+0000] {processor.py:183} INFO - Processing /usr/local/python/3.12.1/lib/python3.12/site-packages/airflow/example_dags/example_setup_teardown.py took 0.058 seconds
[2026-04-26T07:32:51.224+0000] {processor.py:161} INFO - Started process (PID=33683) to work on /usr/local/python/3.12.1/lib/python3.12/site-packages/airflow/example_dags/example_setup_teardown.py
[2026-04-26T07:32:51.225+0000] {processor.py:830} INFO - Processing file /usr/local/python/3.12.1/lib/python3.12/site-packages/airflow/example_dags/example_setup_teardown.py for tasks to queue
[2026-04-26T07:32:51.225+0000] {logging_mixin.py:188} INFO - [2026-04-26T07:32:51.225+0000] {dagbag.py:540} INFO - Filling up the DagBag from /usr/local/python/3.12.1/lib/python3.12/site-packages/airflow/example_dags/example_setup_teardown.py
[2026-04-26T07:32:51.373+0000] {processor.py:840} INFO - DAG(s) 'example_setup_teardown' retrieved from /usr/local/python/3.12.1/lib/python3.12/site-packages/airflow/example_dags/example_setup_teardown.py
[2026-04-26T07:32:51.383+0000] {logging_mixin.py:188} INFO - [2026-04-26T07:32:51.383+0000] {dag.py:3096} INFO - Sync 1 DAGs
[2026-04-26T07:32:51.395+0000] {logging_mixin.py:188} INFO - [2026-04-26T07:32:51.395+0000] {dag.py:3954} INFO - Setting next_dagrun for example_setup_teardown to 2026-04-25 00:00:00+00:00, run_after=2026-04-26 00:00:00+00:00
[2026-04-26T07:32:51.410+0000] {processor.py:183} INFO - Processing /usr/local/python/3.12.1/lib/python3.12/site-packages/airflow/example_dags/example_setup_teardown.py took 0.190 seconds
[2026-04-26T07:32:52.704+0000] {processor.py:161} INFO - Started process (PID=33701) to work on /usr/local/python/3.12.1/lib/python3.12/site-packages/airflow/example_dags/example_setup_teardown.py
[2026-04-26T07:32:52.705+0000] {processor.py:830} INFO - Processing file /usr/local/python/3.12.1/lib/python3.12/site-packages/airflow/example_dags/example_setup_teardown.py for tasks to queue
[2026-04-26T07:32:52.706+0000] {logging_mixin.py:188} INFO - [2026-04-26T07:32:52.705+0000] {dagbag.py:540} INFO - Filling up the DagBag from /usr/local/python/3.12.1/lib/python3.12/site-packages/airflow/example_dags/example_setup_teardown.py
[2026-04-26T07:32:52.713+0000] {processor.py:840} INFO - DAG(s) 'example_setup_teardown' retrieved from /usr/local/python/3.12.1/lib/python3.12/site-packages/airflow/example_dags/example_setup_teardown.py
[2026-04-26T07:32:52.732+0000] {logging_mixin.py:188} INFO - [2026-04-26T07:32:52.731+0000] {dag.py:3096} INFO - Sync 1 DAGs
[2026-04-26T07:32:52.750+0000] {logging_mixin.py:188} INFO - [2026-04-26T07:32:52.750+0000] {dag.py:3954} INFO - Setting next_dagrun for example_setup_teardown to 2026-04-25 00:00:00+00:00, run_after=2026-04-26 00:00:00+00:00
[2026-04-26T07:32:52.767+0000] {processor.py:183} INFO - Processing /usr/local/python/3.12.1/lib/python3.12/site-packages/airflow/example_dags/example_setup_teardown.py took 0.075 seconds
[2026-04-26T07:33:16.410+0000] {processor.py:161} INFO - Started process (PID=33898) to work on /usr/local/python/3.12.1/lib/python3.12/site-packages/airflow/example_dags/example_setup_teardown.py
[2026-04-26T07:33:16.410+0000] {processor.py:830} INFO - Processing file /usr/local/python/3.12.1/lib/python3.12/site-packages/airflow/example_dags/example_setup_teardown.py for tasks to queue
[2026-04-26T07:33:16.411+0000] {logging_mixin.py:188} INFO - [2026-04-26T07:33:16.411+0000] {dagbag.py:540} INFO - Filling up the DagBag from /usr/local/python/3.12.1/lib/python3.12/site-packages/airflow/example_dags/example_setup_teardown.py
[2026-04-26T07:33:16.417+0000] {processor.py:840} INFO - DAG(s) 'example_setup_teardown' retrieved from /usr/local/python/3.12.1/lib/python3.12/site-packages/airflow/example_dags/example_setup_teardown.py
[2026-04-26T07:33:16.428+0000] {logging_mixin.py:188} INFO - [2026-04-26T07:33:16.428+0000] {dag.py:3096} INFO - Sync 1 DAGs
[2026-04-26T07:33:16.443+0000] {logging_mixin.py:188} INFO - [2026-04-26T07:33:16.442+0000] {dag.py:3954} INFO - Setting next_dagrun for example_setup_teardown to 2026-04-25 00:00:00+00:00, run_after=2026-04-26 00:00:00+00:00
[2026-04-26T07:33:16.458+0000] {processor.py:183} INFO - Processing /usr/local/python/3.12.1/lib/python3.12/site-packages/airflow/example_dags/example_setup_teardown.py took 0.053 seconds
[2026-04-26T07:33:40.193+0000] {processor.py:161} INFO - Started process (PID=34108) to work on /usr/local/python/3.12.1/lib/python3.12/site-packages/airflow/example_dags/example_setup_teardown.py
[2026-04-26T07:33:40.194+0000] {processor.py:830} INFO - Processing file /usr/local/python/3.12.1/lib/python3.12/site-packages/airflow/example_dags/example_setup_teardown.py for tasks to queue
[2026-04-26T07:33:40.198+0000] {logging_mixin.py:188} INFO - [2026-04-26T07:33:40.198+0000] {dagbag.py:540} INFO - Filling up the DagBag from /usr/local/python/3.12.1/lib/python3.12/site-packages/airflow/example_dags/example_setup_teardown.py
[2026-04-26T07:33:40.208+0000] {processor.py:840} INFO - DAG(s) 'example_setup_teardown' retrieved from /usr/local/python/3.12.1/lib/python3.12/site-packages/airflow/example_dags/example_setup_teardown.py
[2026-04-26T07:33:40.220+0000] {logging_mixin.py:188} INFO - [2026-04-26T07:33:40.220+0000] {dag.py:3096} INFO - Sync 1 DAGs
[2026-04-26T07:33:40.235+0000] {logging_mixin.py:188} INFO - [2026-04-26T07:33:40.234+0000] {dag.py:3954} INFO - Setting next_dagrun for example_setup_teardown to 2026-04-25 00:00:00+00:00, run_after=2026-04-26 00:00:00+00:00
[2026-04-26T07:33:40.252+0000] {processor.py:183} INFO - Processing /usr/local/python/3.12.1/lib/python3.12/site-packages/airflow/example_dags/example_setup_teardown.py took 0.066 seconds
[2026-04-26T07:33:41.385+0000] {processor.py:161} INFO - Started process (PID=34133) to work on /usr/local/python/3.12.1/lib/python3.12/site-packages/airflow/example_dags/example_setup_teardown.py
[2026-04-26T07:33:41.386+0000] {processor.py:830} INFO - Processing file /usr/local/python/3.12.1/lib/python3.12/site-packages/airflow/example_dags/example_setup_teardown.py for tasks to queue
[2026-04-26T07:33:41.387+0000] {logging_mixin.py:188} INFO - [2026-04-26T07:33:41.386+0000] {dagbag.py:540} INFO - Filling up the DagBag from /usr/local/python/3.12.1/lib/python3.12/site-packages/airflow/example_dags/example_setup_teardown.py
[2026-04-26T07:33:41.394+0000] {processor.py:840} INFO - DAG(s) 'example_setup_teardown' retrieved from /usr/local/python/3.12.1/lib/python3.12/site-packages/airflow/example_dags/example_setup_teardown.py
[2026-04-26T07:33:41.406+0000] {logging_mixin.py:188} INFO - [2026-04-26T07:33:41.406+0000] {dag.py:3096} INFO - Sync 1 DAGs
[2026-04-26T07:33:41.423+0000] {logging_mixin.py:188} INFO - [2026-04-26T07:33:41.423+0000] {dag.py:3954} INFO - Setting next_dagrun for example_setup_teardown to 2026-04-25 00:00:00+00:00, run_after=2026-04-26 00:00:00+00:00
[2026-04-26T07:33:41.440+0000] {processor.py:183} INFO - Processing /usr/local/python/3.12.1/lib/python3.12/site-packages/airflow/example_dags/example_setup_teardown.py took 0.061 seconds
[2026-04-26T07:34:15.742+0000] {processor.py:161} INFO - Started process (PID=34498) to work on /usr/local/python/3.12.1/lib/python3.12/site-packages/airflow/example_dags/example_setup_teardown.py
[2026-04-26T07:34:15.743+0000] {processor.py:830} INFO - Processing file /usr/local/python/3.12.1/lib/python3.12/site-packages/airflow/example_dags/example_setup_teardown.py for tasks to queue
[2026-04-26T07:34:15.744+0000] {logging_mixin.py:188} INFO - [2026-04-26T07:34:15.744+0000] {dagbag.py:540} INFO - Filling up the DagBag from /usr/local/python/3.12.1/lib/python3.12/site-packages/airflow/example_dags/example_setup_teardown.py
[2026-04-26T07:34:15.751+0000] {processor.py:840} INFO - DAG(s) 'example_setup_teardown' retrieved from /usr/local/python/3.12.1/lib/python3.12/site-packages/airflow/example_dags/example_setup_teardown.py
[2026-04-26T07:34:15.766+0000] {logging_mixin.py:188} INFO - [2026-04-26T07:34:15.765+0000] {dag.py:3096} INFO - Sync 1 DAGs
[2026-04-26T07:34:15.784+0000] {logging_mixin.py:188} INFO - [2026-04-26T07:34:15.783+0000] {dag.py:3954} INFO - Setting next_dagrun for example_setup_teardown to 2026-04-25 00:00:00+00:00, run_after=2026-04-26 00:00:00+00:00
[2026-04-26T07:34:15.808+0000] {processor.py:183} INFO - Processing /usr/local/python/3.12.1/lib/python3.12/site-packages/airflow/example_dags/example_setup_teardown.py took 0.071 seconds
[2026-04-26T07:34:26.802+0000] {processor.py:161} INFO - Started process (PID=34596) to work on /usr/local/python/3.12.1/lib/python3.12/site-packages/airflow/example_dags/example_setup_teardown.py
[2026-04-26T07:34:26.803+0000] {processor.py:830} INFO - Processing file /usr/local/python/3.12.1/lib/python3.12/site-packages/airflow/example_dags/example_setup_teardown.py for tasks to queue
[2026-04-26T07:34:26.803+0000] {logging_mixin.py:188} INFO - [2026-04-26T07:34:26.803+0000] {dagbag.py:540} INFO - Filling up the DagBag from /usr/local/python/3.12.1/lib/python3.12/site-packages/airflow/example_dags/example_setup_teardown.py
[2026-04-26T07:34:26.809+0000] {processor.py:840} INFO - DAG(s) 'example_setup_teardown' retrieved from /usr/local/python/3.12.1/lib/python3.12/site-packages/airflow/example_dags/example_setup_teardown.py
[2026-04-26T07:34:26.821+0000] {logging_mixin.py:188} INFO - [2026-04-26T07:34:26.821+0000] {dag.py:3096} INFO - Sync 1 DAGs
[2026-04-26T07:34:26.844+0000] {logging_mixin.py:188} INFO - [2026-04-26T07:34:26.844+0000] {dag.py:3954} INFO - Setting next_dagrun for example_setup_teardown to 2026-04-25 00:00:00+00:00, run_after=2026-04-26 00:00:00+00:00
[2026-04-26T07:34:27.006+0000] {processor.py:183} INFO - Processing /usr/local/python/3.12.1/lib/python3.12/site-packages/airflow/example_dags/example_setup_teardown.py took 0.208 seconds
[2026-04-26T07:34:36.042+0000] {processor.py:161} INFO - Started process (PID=34744) to work on /usr/local/python/3.12.1/lib/python3.12/site-packages/airflow/example_dags/example_setup_teardown.py
[2026-04-26T07:34:36.043+0000] {processor.py:830} INFO - Processing file /usr/local/python/3.12.1/lib/python3.12/site-packages/airflow/example_dags/example_setup_teardown.py for tasks to queue
[2026-04-26T07:34:36.044+0000] {logging_mixin.py:188} INFO - [2026-04-26T07:34:36.043+0000] {dagbag.py:540} INFO - Filling up the DagBag from /usr/local/python/3.12.1/lib/python3.12/site-packages/airflow/example_dags/example_setup_teardown.py
[2026-04-26T07:34:36.049+0000] {processor.py:840} INFO - DAG(s) 'example_setup_teardown' retrieved from /usr/local/python/3.12.1/lib/python3.12/site-packages/airflow/example_dags/example_setup_teardown.py
[2026-04-26T07:34:36.061+0000] {logging_mixin.py:188} INFO - [2026-04-26T07:34:36.061+0000] {dag.py:3096} INFO - Sync 1 DAGs
[2026-04-26T07:34:36.076+0000] {logging_mixin.py:188} INFO - [2026-04-26T07:34:36.076+0000] {dag.py:3954} INFO - Setting next_dagrun for example_setup_teardown to 2026-04-25 00:00:00+00:00, run_after=2026-04-26 00:00:00+00:00
[2026-04-26T07:34:36.092+0000] {processor.py:183} INFO - Processing /usr/local/python/3.12.1/lib/python3.12/site-packages/airflow/example_dags/example_setup_teardown.py took 0.054 seconds
[2026-04-26T07:34:56.832+0000] {processor.py:161} INFO - Started process (PID=34926) to work on /usr/local/python/3.12.1/lib/python3.12/site-packages/airflow/example_dags/example_setup_teardown.py
[2026-04-26T07:34:56.833+0000] {processor.py:830} INFO - Processing file /usr/local/python/3.12.1/lib/python3.12/site-packages/airflow/example_dags/example_setup_teardown.py for tasks to queue
[2026-04-26T07:34:56.834+0000] {logging_mixin.py:188} INFO - [2026-04-26T07:34:56.834+0000] {dagbag.py:540} INFO - Filling up the DagBag from /usr/local/python/3.12.1/lib/python3.12/site-packages/airflow/example_dags/example_setup_teardown.py
[2026-04-26T07:34:56.841+0000] {processor.py:840} INFO - DAG(s) 'example_setup_teardown' retrieved from /usr/local/python/3.12.1/lib/python3.12/site-packages/airflow/example_dags/example_setup_teardown.py
[2026-04-26T07:34:56.856+0000] {logging_mixin.py:188} INFO - [2026-04-26T07:34:56.856+0000] {dag.py:3096} INFO - Sync 1 DAGs
[2026-04-26T07:34:56.872+0000] {logging_mixin.py:188} INFO - [2026-04-26T07:34:56.871+0000] {dag.py:3954} INFO - Setting next_dagrun for example_setup_teardown to 2026-04-25 00:00:00+00:00, run_after=2026-04-26 00:00:00+00:00
[2026-04-26T07:34:56.888+0000] {processor.py:183} INFO - Processing /usr/local/python/3.12.1/lib/python3.12/site-packages/airflow/example_dags/example_setup_teardown.py took 0.060 seconds
[2026-04-26T07:35:15.550+0000] {processor.py:161} INFO - Started process (PID=35169) to work on /usr/local/python/3.12.1/lib/python3.12/site-packages/airflow/example_dags/example_setup_teardown.py
[2026-04-26T07:35:15.550+0000] {processor.py:830} INFO - Processing file /usr/local/python/3.12.1/lib/python3.12/site-packages/airflow/example_dags/example_setup_teardown.py for tasks to queue
[2026-04-26T07:35:15.551+0000] {logging_mixin.py:188} INFO - [2026-04-26T07:35:15.551+0000] {dagbag.py:540} INFO - Filling up the DagBag from /usr/local/python/3.12.1/lib/python3.12/site-packages/airflow/example_dags/example_setup_teardown.py
[2026-04-26T07:35:15.558+0000] {processor.py:840} INFO - DAG(s) 'example_setup_teardown' retrieved from /usr/local/python/3.12.1/lib/python3.12/site-packages/airflow/example_dags/example_setup_teardown.py
[2026-04-26T07:35:15.570+0000] {logging_mixin.py:188} INFO - [2026-04-26T07:35:15.570+0000] {dag.py:3096} INFO - Sync 1 DAGs
[2026-04-26T07:35:15.585+0000] {logging_mixin.py:188} INFO - [2026-04-26T07:35:15.585+0000] {dag.py:3954} INFO - Setting next_dagrun for example_setup_teardown to 2026-04-25 00:00:00+00:00, run_after=2026-04-26 00:00:00+00:00
[2026-04-26T07:35:15.601+0000] {processor.py:183} INFO - Processing /usr/local/python/3.12.1/lib/python3.12/site-packages/airflow/example_dags/example_setup_teardown.py took 0.055 seconds
[2026-04-26T07:35:31.769+0000] {processor.py:161} INFO - Started process (PID=35300) to work on /usr/local/python/3.12.1/lib/python3.12/site-packages/airflow/example_dags/example_setup_teardown.py
[2026-04-26T07:35:31.770+0000] {processor.py:830} INFO - Processing file /usr/local/python/3.12.1/lib/python3.12/site-packages/airflow/example_dags/example_setup_teardown.py for tasks to queue
[2026-04-26T07:35:31.770+0000] {logging_mixin.py:188} INFO - [2026-04-26T07:35:31.770+0000] {dagbag.py:540} INFO - Filling up the DagBag from /usr/local/python/3.12.1/lib/python3.12/site-packages/airflow/example_dags/example_setup_teardown.py
[2026-04-26T07:35:31.776+0000] {processor.py:840} INFO - DAG(s) 'example_setup_teardown' retrieved from /usr/local/python/3.12.1/lib/python3.12/site-packages/airflow/example_dags/example_setup_teardown.py
[2026-04-26T07:35:31.788+0000] {logging_mixin.py:188} INFO - [2026-04-26T07:35:31.788+0000] {dag.py:3096} INFO - Sync 1 DAGs
[2026-04-26T07:35:31.807+0000] {logging_mixin.py:188} INFO - [2026-04-26T07:35:31.807+0000] {dag.py:3954} INFO - Setting next_dagrun for example_setup_teardown to 2026-04-25 00:00:00+00:00, run_after=2026-04-26 00:00:00+00:00
[2026-04-26T07:35:31.829+0000] {processor.py:183} INFO - Processing /usr/local/python/3.12.1/lib/python3.12/site-packages/airflow/example_dags/example_setup_teardown.py took 0.064 seconds
[2026-04-26T07:35:55.484+0000] {processor.py:161} INFO - Started process (PID=35529) to work on /usr/local/python/3.12.1/lib/python3.12/site-packages/airflow/example_dags/example_setup_teardown.py
[2026-04-26T07:35:55.484+0000] {processor.py:830} INFO - Processing file /usr/local/python/3.12.1/lib/python3.12/site-packages/airflow/example_dags/example_setup_teardown.py for tasks to queue
[2026-04-26T07:35:55.485+0000] {logging_mixin.py:188} INFO - [2026-04-26T07:35:55.485+0000] {dagbag.py:540} INFO - Filling up the DagBag from /usr/local/python/3.12.1/lib/python3.12/site-packages/airflow/example_dags/example_setup_teardown.py
[2026-04-26T07:35:55.491+0000] {processor.py:840} INFO - DAG(s) 'example_setup_teardown' retrieved from /usr/local/python/3.12.1/lib/python3.12/site-packages/airflow/example_dags/example_setup_teardown.py
[2026-04-26T07:35:55.503+0000] {logging_mixin.py:188} INFO - [2026-04-26T07:35:55.503+0000] {dag.py:3096} INFO - Sync 1 DAGs
[2026-04-26T07:35:55.518+0000] {logging_mixin.py:188} INFO - [2026-04-26T07:35:55.518+0000] {dag.py:3954} INFO - Setting next_dagrun for example_setup_teardown to 2026-04-25 00:00:00+00:00, run_after=2026-04-26 00:00:00+00:00
[2026-04-26T07:35:55.534+0000] {processor.py:183} INFO - Processing /usr/local/python/3.12.1/lib/python3.12/site-packages/airflow/example_dags/example_setup_teardown.py took 0.055 seconds
[2026-04-26T07:35:57.840+0000] {processor.py:161} INFO - Started process (PID=35545) to work on /usr/local/python/3.12.1/lib/python3.12/site-packages/airflow/example_dags/example_setup_teardown.py
[2026-04-26T07:35:57.841+0000] {processor.py:830} INFO - Processing file /usr/local/python/3.12.1/lib/python3.12/site-packages/airflow/example_dags/example_setup_teardown.py for tasks to queue
[2026-04-26T07:35:57.842+0000] {logging_mixin.py:188} INFO - [2026-04-26T07:35:57.841+0000] {dagbag.py:540} INFO - Filling up the DagBag from /usr/local/python/3.12.1/lib/python3.12/site-packages/airflow/example_dags/example_setup_teardown.py
[2026-04-26T07:35:57.847+0000] {processor.py:840} INFO - DAG(s) 'example_setup_teardown' retrieved from /usr/local/python/3.12.1/lib/python3.12/site-packages/airflow/example_dags/example_setup_teardown.py
[2026-04-26T07:35:57.859+0000] {logging_mixin.py:188} INFO - [2026-04-26T07:35:57.859+0000] {dag.py:3096} INFO - Sync 1 DAGs
[2026-04-26T07:35:57.882+0000] {logging_mixin.py:188} INFO - [2026-04-26T07:35:57.882+0000] {dag.py:3954} INFO - Setting next_dagrun for example_setup_teardown to 2026-04-25 00:00:00+00:00, run_after=2026-04-26 00:00:00+00:00
[2026-04-26T07:35:57.905+0000] {processor.py:183} INFO - Processing /usr/local/python/3.12.1/lib/python3.12/site-packages/airflow/example_dags/example_setup_teardown.py took 0.070 seconds
[2026-04-26T07:36:31.500+0000] {processor.py:161} INFO - Started process (PID=35843) to work on /usr/local/python/3.12.1/lib/python3.12/site-packages/airflow/example_dags/example_setup_teardown.py
[2026-04-26T07:36:31.500+0000] {processor.py:830} INFO - Processing file /usr/local/python/3.12.1/lib/python3.12/site-packages/airflow/example_dags/example_setup_teardown.py for tasks to queue
[2026-04-26T07:36:31.501+0000] {logging_mixin.py:188} INFO - [2026-04-26T07:36:31.501+0000] {dagbag.py:540} INFO - Filling up the DagBag from /usr/local/python/3.12.1/lib/python3.12/site-packages/airflow/example_dags/example_setup_teardown.py
[2026-04-26T07:36:31.508+0000] {processor.py:840} INFO - DAG(s) 'example_setup_teardown' retrieved from /usr/local/python/3.12.1/lib/python3.12/site-packages/airflow/example_dags/example_setup_teardown.py
[2026-04-26T07:36:31.522+0000] {logging_mixin.py:188} INFO - [2026-04-26T07:36:31.521+0000] {dag.py:3096} INFO - Sync 1 DAGs
[2026-04-26T07:36:31.542+0000] {logging_mixin.py:188} INFO - [2026-04-26T07:36:31.541+0000] {dag.py:3954} INFO - Setting next_dagrun for example_setup_teardown to 2026-04-25 00:00:00+00:00, run_after=2026-04-26 00:00:00+00:00
[2026-04-26T07:36:31.558+0000] {processor.py:183} INFO - Processing /usr/local/python/3.12.1/lib/python3.12/site-packages/airflow/example_dags/example_setup_teardown.py took 0.064 seconds
[2026-04-26T07:36:36.816+0000] {processor.py:161} INFO - Started process (PID=35902) to work on /usr/local/python/3.12.1/lib/python3.12/site-packages/airflow/example_dags/example_setup_teardown.py
[2026-04-26T07:36:36.816+0000] {processor.py:830} INFO - Processing file /usr/local/python/3.12.1/lib/python3.12/site-packages/airflow/example_dags/example_setup_teardown.py for tasks to queue
[2026-04-26T07:36:36.817+0000] {logging_mixin.py:188} INFO - [2026-04-26T07:36:36.817+0000] {dagbag.py:540} INFO - Filling up the DagBag from /usr/local/python/3.12.1/lib/python3.12/site-packages/airflow/example_dags/example_setup_teardown.py
[2026-04-26T07:36:36.826+0000] {processor.py:840} INFO - DAG(s) 'example_setup_teardown' retrieved from /usr/local/python/3.12.1/lib/python3.12/site-packages/airflow/example_dags/example_setup_teardown.py
[2026-04-26T07:36:36.844+0000] {logging_mixin.py:188} INFO - [2026-04-26T07:36:36.843+0000] {dag.py:3096} INFO - Sync 1 DAGs
[2026-04-26T07:36:36.859+0000] {logging_mixin.py:188} INFO - [2026-04-26T07:36:36.859+0000] {dag.py:3954} INFO - Setting next_dagrun for example_setup_teardown to 2026-04-25 00:00:00+00:00, run_after=2026-04-26 00:00:00+00:00
[2026-04-26T07:36:36.880+0000] {processor.py:183} INFO - Processing /usr/local/python/3.12.1/lib/python3.12/site-packages/airflow/example_dags/example_setup_teardown.py took 0.071 seconds
[2026-04-26T07:36:57.101+0000] {processor.py:161} INFO - Started process (PID=36086) to work on /usr/local/python/3.12.1/lib/python3.12/site-packages/airflow/example_dags/example_setup_teardown.py
[2026-04-26T07:36:57.102+0000] {processor.py:830} INFO - Processing file /usr/local/python/3.12.1/lib/python3.12/site-packages/airflow/example_dags/example_setup_teardown.py for tasks to queue
[2026-04-26T07:36:57.102+0000] {logging_mixin.py:188} INFO - [2026-04-26T07:36:57.102+0000] {dagbag.py:540} INFO - Filling up the DagBag from /usr/local/python/3.12.1/lib/python3.12/site-packages/airflow/example_dags/example_setup_teardown.py
[2026-04-26T07:36:57.108+0000] {processor.py:840} INFO - DAG(s) 'example_setup_teardown' retrieved from /usr/local/python/3.12.1/lib/python3.12/site-packages/airflow/example_dags/example_setup_teardown.py
[2026-04-26T07:36:57.120+0000] {logging_mixin.py:188} INFO - [2026-04-26T07:36:57.119+0000] {dag.py:3096} INFO - Sync 1 DAGs
[2026-04-26T07:36:57.135+0000] {logging_mixin.py:188} INFO - [2026-04-26T07:36:57.135+0000] {dag.py:3954} INFO - Setting next_dagrun for example_setup_teardown to 2026-04-25 00:00:00+00:00, run_after=2026-04-26 00:00:00+00:00
[2026-04-26T07:36:57.151+0000] {processor.py:183} INFO - Processing /usr/local/python/3.12.1/lib/python3.12/site-packages/airflow/example_dags/example_setup_teardown.py took 0.054 seconds
[2026-04-26T07:37:28.361+0000] {processor.py:161} INFO - Started process (PID=36376) to work on /usr/local/python/3.12.1/lib/python3.12/site-packages/airflow/example_dags/example_setup_teardown.py
[2026-04-26T07:37:28.362+0000] {processor.py:830} INFO - Processing file /usr/local/python/3.12.1/lib/python3.12/site-packages/airflow/example_dags/example_setup_teardown.py for tasks to queue
[2026-04-26T07:37:28.362+0000] {logging_mixin.py:188} INFO - [2026-04-26T07:37:28.362+0000] {dagbag.py:540} INFO - Filling up the DagBag from /usr/local/python/3.12.1/lib/python3.12/site-packages/airflow/example_dags/example_setup_teardown.py
[2026-04-26T07:37:28.368+0000] {processor.py:840} INFO - DAG(s) 'example_setup_teardown' retrieved from /usr/local/python/3.12.1/lib/python3.12/site-packages/airflow/example_dags/example_setup_teardown.py
[2026-04-26T07:37:28.379+0000] {logging_mixin.py:188} INFO - [2026-04-26T07:37:28.379+0000] {dag.py:3096} INFO - Sync 1 DAGs
[2026-04-26T07:37:28.394+0000] {logging_mixin.py:188} INFO - [2026-04-26T07:37:28.393+0000] {dag.py:3954} INFO - Setting next_dagrun for example_setup_teardown to 2026-04-25 00:00:00+00:00, run_after=2026-04-26 00:00:00+00:00
[2026-04-26T07:37:28.410+0000] {processor.py:183} INFO - Processing /usr/local/python/3.12.1/lib/python3.12/site-packages/airflow/example_dags/example_setup_teardown.py took 0.053 seconds
[2026-04-26T07:37:28.603+0000] {processor.py:161} INFO - Started process (PID=36377) to work on /usr/local/python/3.12.1/lib/python3.12/site-packages/airflow/example_dags/example_setup_teardown.py
[2026-04-26T07:37:28.604+0000] {processor.py:830} INFO - Processing file /usr/local/python/3.12.1/lib/python3.12/site-packages/airflow/example_dags/example_setup_teardown.py for tasks to queue
[2026-04-26T07:37:28.605+0000] {logging_mixin.py:188} INFO - [2026-04-26T07:37:28.604+0000] {dagbag.py:540} INFO - Filling up the DagBag from /usr/local/python/3.12.1/lib/python3.12/site-packages/airflow/example_dags/example_setup_teardown.py
[2026-04-26T07:37:28.610+0000] {processor.py:840} INFO - DAG(s) 'example_setup_teardown' retrieved from /usr/local/python/3.12.1/lib/python3.12/site-packages/airflow/example_dags/example_setup_teardown.py
[2026-04-26T07:37:28.622+0000] {logging_mixin.py:188} INFO - [2026-04-26T07:37:28.622+0000] {dag.py:3096} INFO - Sync 1 DAGs
[2026-04-26T07:37:28.637+0000] {logging_mixin.py:188} INFO - [2026-04-26T07:37:28.637+0000] {dag.py:3954} INFO - Setting next_dagrun for example_setup_teardown to 2026-04-25 00:00:00+00:00, run_after=2026-04-26 00:00:00+00:00
[2026-04-26T07:37:28.652+0000] {processor.py:183} INFO - Processing /usr/local/python/3.12.1/lib/python3.12/site-packages/airflow/example_dags/example_setup_teardown.py took 0.053 seconds
[2026-04-26T07:37:56.636+0000] {processor.py:161} INFO - Started process (PID=36634) to work on /usr/local/python/3.12.1/lib/python3.12/site-packages/airflow/example_dags/example_setup_teardown.py
[2026-04-26T07:37:56.637+0000] {processor.py:830} INFO - Processing file /usr/local/python/3.12.1/lib/python3.12/site-packages/airflow/example_dags/example_setup_teardown.py for tasks to queue
[2026-04-26T07:37:56.638+0000] {logging_mixin.py:188} INFO - [2026-04-26T07:37:56.638+0000] {dagbag.py:540} INFO - Filling up the DagBag from /usr/local/python/3.12.1/lib/python3.12/site-packages/airflow/example_dags/example_setup_teardown.py
[2026-04-26T07:37:56.643+0000] {processor.py:840} INFO - DAG(s) 'example_setup_teardown' retrieved from /usr/local/python/3.12.1/lib/python3.12/site-packages/airflow/example_dags/example_setup_teardown.py
[2026-04-26T07:37:56.655+0000] {logging_mixin.py:188} INFO - [2026-04-26T07:37:56.655+0000] {dag.py:3096} INFO - Sync 1 DAGs
[2026-04-26T07:37:56.670+0000] {logging_mixin.py:188} INFO - [2026-04-26T07:37:56.670+0000] {dag.py:3954} INFO - Setting next_dagrun for example_setup_teardown to 2026-04-25 00:00:00+00:00, run_after=2026-04-26 00:00:00+00:00
[2026-04-26T07:37:56.689+0000] {processor.py:183} INFO - Processing /usr/local/python/3.12.1/lib/python3.12/site-packages/airflow/example_dags/example_setup_teardown.py took 0.057 seconds
[2026-04-26T07:38:09.448+0000] {processor.py:161} INFO - Started process (PID=36748) to work on /usr/local/python/3.12.1/lib/python3.12/site-packages/airflow/example_dags/example_setup_teardown.py
[2026-04-26T07:38:09.449+0000] {processor.py:830} INFO - Processing file /usr/local/python/3.12.1/lib/python3.12/site-packages/airflow/example_dags/example_setup_teardown.py for tasks to queue
[2026-04-26T07:38:09.450+0000] {logging_mixin.py:188} INFO - [2026-04-26T07:38:09.449+0000] {dagbag.py:540} INFO - Filling up the DagBag from /usr/local/python/3.12.1/lib/python3.12/site-packages/airflow/example_dags/example_setup_teardown.py
[2026-04-26T07:38:09.457+0000] {processor.py:840} INFO - DAG(s) 'example_setup_teardown' retrieved from /usr/local/python/3.12.1/lib/python3.12/site-packages/airflow/example_dags/example_setup_teardown.py
[2026-04-26T07:38:09.475+0000] {logging_mixin.py:188} INFO - [2026-04-26T07:38:09.475+0000] {dag.py:3096} INFO - Sync 1 DAGs
[2026-04-26T07:38:09.499+0000] {logging_mixin.py:188} INFO - [2026-04-26T07:38:09.499+0000] {dag.py:3954} INFO - Setting next_dagrun for example_setup_teardown to 2026-04-25 00:00:00+00:00, run_after=2026-04-26 00:00:00+00:00
[2026-04-26T07:38:09.524+0000] {processor.py:183} INFO - Processing /usr/local/python/3.12.1/lib/python3.12/site-packages/airflow/example_dags/example_setup_teardown.py took 0.081 seconds
[2026-04-26T07:38:26.022+0000] {processor.py:161} INFO - Started process (PID=36892) to work on /usr/local/python/3.12.1/lib/python3.12/site-packages/airflow/example_dags/example_setup_teardown.py
[2026-04-26T07:38:26.023+0000] {processor.py:830} INFO - Processing file /usr/local/python/3.12.1/lib/python3.12/site-packages/airflow/example_dags/example_setup_teardown.py for tasks to queue
[2026-04-26T07:38:26.031+0000] {logging_mixin.py:188} INFO - [2026-04-26T07:38:26.029+0000] {dagbag.py:540} INFO - Filling up the DagBag from /usr/local/python/3.12.1/lib/python3.12/site-packages/airflow/example_dags/example_setup_teardown.py
[2026-04-26T07:38:26.050+0000] {processor.py:840} INFO - DAG(s) 'example_setup_teardown' retrieved from /usr/local/python/3.12.1/lib/python3.12/site-packages/airflow/example_dags/example_setup_teardown.py
[2026-04-26T07:38:26.071+0000] {logging_mixin.py:188} INFO - [2026-04-26T07:38:26.070+0000] {dag.py:3096} INFO - Sync 1 DAGs
[2026-04-26T07:38:26.105+0000] {logging_mixin.py:188} INFO - [2026-04-26T07:38:26.104+0000] {dag.py:3954} INFO - Setting next_dagrun for example_setup_teardown to 2026-04-25 00:00:00+00:00, run_after=2026-04-26 00:00:00+00:00
[2026-04-26T07:38:26.140+0000] {processor.py:183} INFO - Processing /usr/local/python/3.12.1/lib/python3.12/site-packages/airflow/example_dags/example_setup_teardown.py took 0.127 seconds
[2026-04-26T07:38:52.072+0000] {processor.py:161} INFO - Started process (PID=37191) to work on /usr/local/python/3.12.1/lib/python3.12/site-packages/airflow/example_dags/example_setup_teardown.py
[2026-04-26T07:38:52.073+0000] {processor.py:830} INFO - Processing file /usr/local/python/3.12.1/lib/python3.12/site-packages/airflow/example_dags/example_setup_teardown.py for tasks to queue
[2026-04-26T07:38:52.073+0000] {logging_mixin.py:188} INFO - [2026-04-26T07:38:52.073+0000] {dagbag.py:540} INFO - Filling up the DagBag from /usr/local/python/3.12.1/lib/python3.12/site-packages/airflow/example_dags/example_setup_teardown.py
[2026-04-26T07:38:52.079+0000] {processor.py:840} INFO - DAG(s) 'example_setup_teardown' retrieved from /usr/local/python/3.12.1/lib/python3.12/site-packages/airflow/example_dags/example_setup_teardown.py
[2026-04-26T07:38:52.091+0000] {logging_mixin.py:188} INFO - [2026-04-26T07:38:52.091+0000] {dag.py:3096} INFO - Sync 1 DAGs
[2026-04-26T07:38:52.107+0000] {logging_mixin.py:188} INFO - [2026-04-26T07:38:52.107+0000] {dag.py:3954} INFO - Setting next_dagrun for example_setup_teardown to 2026-04-25 00:00:00+00:00, run_after=2026-04-26 00:00:00+00:00
[2026-04-26T07:38:52.123+0000] {processor.py:183} INFO - Processing /usr/local/python/3.12.1/lib/python3.12/site-packages/airflow/example_dags/example_setup_teardown.py took 0.056 seconds
[2026-04-26T07:38:54.479+0000] {processor.py:161} INFO - Started process (PID=37206) to work on /usr/local/python/3.12.1/lib/python3.12/site-packages/airflow/example_dags/example_setup_teardown.py
[2026-04-26T07:38:54.479+0000] {processor.py:830} INFO - Processing file /usr/local/python/3.12.1/lib/python3.12/site-packages/airflow/example_dags/example_setup_teardown.py for tasks to queue
[2026-04-26T07:38:54.480+0000] {logging_mixin.py:188} INFO - [2026-04-26T07:38:54.480+0000] {dagbag.py:540} INFO - Filling up the DagBag from /usr/local/python/3.12.1/lib/python3.12/site-packages/airflow/example_dags/example_setup_teardown.py
[2026-04-26T07:38:54.485+0000] {processor.py:840} INFO - DAG(s) 'example_setup_teardown' retrieved from /usr/local/python/3.12.1/lib/python3.12/site-packages/airflow/example_dags/example_setup_teardown.py
[2026-04-26T07:38:54.503+0000] {logging_mixin.py:188} INFO - [2026-04-26T07:38:54.503+0000] {dag.py:3096} INFO - Sync 1 DAGs
[2026-04-26T07:38:54.522+0000] {logging_mixin.py:188} INFO - [2026-04-26T07:38:54.522+0000] {dag.py:3954} INFO - Setting next_dagrun for example_setup_teardown to 2026-04-25 00:00:00+00:00, run_after=2026-04-26 00:00:00+00:00
[2026-04-26T07:38:54.539+0000] {processor.py:183} INFO - Processing /usr/local/python/3.12.1/lib/python3.12/site-packages/airflow/example_dags/example_setup_teardown.py took 0.064 seconds
[2026-04-26T07:39:29.292+0000] {processor.py:161} INFO - Started process (PID=37913) to work on /usr/local/python/3.12.1/lib/python3.12/site-packages/airflow/example_dags/example_setup_teardown.py
[2026-04-26T07:39:29.293+0000] {processor.py:830} INFO - Processing file /usr/local/python/3.12.1/lib/python3.12/site-packages/airflow/example_dags/example_setup_teardown.py for tasks to queue
[2026-04-26T07:39:29.294+0000] {logging_mixin.py:188} INFO - [2026-04-26T07:39:29.293+0000] {dagbag.py:540} INFO - Filling up the DagBag from /usr/local/python/3.12.1/lib/python3.12/site-packages/airflow/example_dags/example_setup_teardown.py
[2026-04-26T07:39:29.302+0000] {processor.py:840} INFO - DAG(s) 'example_setup_teardown' retrieved from /usr/local/python/3.12.1/lib/python3.12/site-packages/airflow/example_dags/example_setup_teardown.py
[2026-04-26T07:39:29.316+0000] {logging_mixin.py:188} INFO - [2026-04-26T07:39:29.316+0000] {dag.py:3096} INFO - Sync 1 DAGs
[2026-04-26T07:39:29.331+0000] {logging_mixin.py:188} INFO - [2026-04-26T07:39:29.331+0000] {dag.py:3954} INFO - Setting next_dagrun for example_setup_teardown to 2026-04-25 00:00:00+00:00, run_after=2026-04-26 00:00:00+00:00
[2026-04-26T07:39:29.347+0000] {processor.py:183} INFO - Processing /usr/local/python/3.12.1/lib/python3.12/site-packages/airflow/example_dags/example_setup_teardown.py took 0.059 seconds
[2026-04-26T07:39:36.276+0000] {processor.py:161} INFO - Started process (PID=38024) to work on /usr/local/python/3.12.1/lib/python3.12/site-packages/airflow/example_dags/example_setup_teardown.py
[2026-04-26T07:39:36.276+0000] {processor.py:830} INFO - Processing file /usr/local/python/3.12.1/lib/python3.12/site-packages/airflow/example_dags/example_setup_teardown.py for tasks to queue
[2026-04-26T07:39:36.277+0000] {logging_mixin.py:188} INFO - [2026-04-26T07:39:36.277+0000] {dagbag.py:540} INFO - Filling up the DagBag from /usr/local/python/3.12.1/lib/python3.12/site-packages/airflow/example_dags/example_setup_teardown.py
[2026-04-26T07:39:36.283+0000] {processor.py:840} INFO - DAG(s) 'example_setup_teardown' retrieved from /usr/local/python/3.12.1/lib/python3.12/site-packages/airflow/example_dags/example_setup_teardown.py
[2026-04-26T07:39:36.295+0000] {logging_mixin.py:188} INFO - [2026-04-26T07:39:36.295+0000] {dag.py:3096} INFO - Sync 1 DAGs
[2026-04-26T07:39:36.310+0000] {logging_mixin.py:188} INFO - [2026-04-26T07:39:36.310+0000] {dag.py:3954} INFO - Setting next_dagrun for example_setup_teardown to 2026-04-25 00:00:00+00:00, run_after=2026-04-26 00:00:00+00:00
[2026-04-26T07:39:36.327+0000] {processor.py:183} INFO - Processing /usr/local/python/3.12.1/lib/python3.12/site-packages/airflow/example_dags/example_setup_teardown.py took 0.056 seconds
[2026-04-26T07:39:39.266+0000] {processor.py:161} INFO - Started process (PID=38059) to work on /usr/local/python/3.12.1/lib/python3.12/site-packages/airflow/example_dags/example_setup_teardown.py
[2026-04-26T07:39:39.266+0000] {processor.py:830} INFO - Processing file /usr/local/python/3.12.1/lib/python3.12/site-packages/airflow/example_dags/example_setup_teardown.py for tasks to queue
[2026-04-26T07:39:39.267+0000] {logging_mixin.py:188} INFO - [2026-04-26T07:39:39.267+0000] {dagbag.py:540} INFO - Filling up the DagBag from /usr/local/python/3.12.1/lib/python3.12/site-packages/airflow/example_dags/example_setup_teardown.py
[2026-04-26T07:39:39.273+0000] {processor.py:840} INFO - DAG(s) 'example_setup_teardown' retrieved from /usr/local/python/3.12.1/lib/python3.12/site-packages/airflow/example_dags/example_setup_teardown.py
[2026-04-26T07:39:39.285+0000] {logging_mixin.py:188} INFO - [2026-04-26T07:39:39.285+0000] {dag.py:3096} INFO - Sync 1 DAGs
[2026-04-26T07:39:39.300+0000] {logging_mixin.py:188} INFO - [2026-04-26T07:39:39.300+0000] {dag.py:3954} INFO - Setting next_dagrun for example_setup_teardown to 2026-04-25 00:00:00+00:00, run_after=2026-04-26 00:00:00+00:00
[2026-04-26T07:39:39.317+0000] {processor.py:183} INFO - Processing /usr/local/python/3.12.1/lib/python3.12/site-packages/airflow/example_dags/example_setup_teardown.py took 0.056 seconds
[2026-04-26T07:40:09.560+0000] {processor.py:161} INFO - Started process (PID=38528) to work on /usr/local/python/3.12.1/lib/python3.12/site-packages/airflow/example_dags/example_setup_teardown.py
[2026-04-26T07:40:09.561+0000] {processor.py:830} INFO - Processing file /usr/local/python/3.12.1/lib/python3.12/site-packages/airflow/example_dags/example_setup_teardown.py for tasks to queue
[2026-04-26T07:40:09.562+0000] {logging_mixin.py:188} INFO - [2026-04-26T07:40:09.561+0000] {dagbag.py:540} INFO - Filling up the DagBag from /usr/local/python/3.12.1/lib/python3.12/site-packages/airflow/example_dags/example_setup_teardown.py
[2026-04-26T07:40:09.567+0000] {processor.py:840} INFO - DAG(s) 'example_setup_teardown' retrieved from /usr/local/python/3.12.1/lib/python3.12/site-packages/airflow/example_dags/example_setup_teardown.py
[2026-04-26T07:40:09.579+0000] {logging_mixin.py:188} INFO - [2026-04-26T07:40:09.579+0000] {dag.py:3096} INFO - Sync 1 DAGs
[2026-04-26T07:40:09.594+0000] {logging_mixin.py:188} INFO - [2026-04-26T07:40:09.594+0000] {dag.py:3954} INFO - Setting next_dagrun for example_setup_teardown to 2026-04-25 00:00:00+00:00, run_after=2026-04-26 00:00:00+00:00
[2026-04-26T07:40:09.610+0000] {processor.py:183} INFO - Processing /usr/local/python/3.12.1/lib/python3.12/site-packages/airflow/example_dags/example_setup_teardown.py took 0.054 seconds
[2026-04-26T07:40:37.796+0000] {processor.py:161} INFO - Started process (PID=38898) to work on /usr/local/python/3.12.1/lib/python3.12/site-packages/airflow/example_dags/example_setup_teardown.py
[2026-04-26T07:40:37.797+0000] {processor.py:830} INFO - Processing file /usr/local/python/3.12.1/lib/python3.12/site-packages/airflow/example_dags/example_setup_teardown.py for tasks to queue
[2026-04-26T07:40:37.798+0000] {logging_mixin.py:188} INFO - [2026-04-26T07:40:37.798+0000] {dagbag.py:540} INFO - Filling up the DagBag from /usr/local/python/3.12.1/lib/python3.12/site-packages/airflow/example_dags/example_setup_teardown.py
[2026-04-26T07:40:37.810+0000] {processor.py:840} INFO - DAG(s) 'example_setup_teardown' retrieved from /usr/local/python/3.12.1/lib/python3.12/site-packages/airflow/example_dags/example_setup_teardown.py
[2026-04-26T07:40:37.826+0000] {logging_mixin.py:188} INFO - [2026-04-26T07:40:37.826+0000] {dag.py:3096} INFO - Sync 1 DAGs
[2026-04-26T07:40:37.841+0000] {logging_mixin.py:188} INFO - [2026-04-26T07:40:37.841+0000] {dag.py:3954} INFO - Setting next_dagrun for example_setup_teardown to 2026-04-25 00:00:00+00:00, run_after=2026-04-26 00:00:00+00:00
[2026-04-26T07:40:37.858+0000] {processor.py:183} INFO - Processing /usr/local/python/3.12.1/lib/python3.12/site-packages/airflow/example_dags/example_setup_teardown.py took 0.069 seconds
[2026-04-26T07:40:38.070+0000] {processor.py:161} INFO - Started process (PID=38900) to work on /usr/local/python/3.12.1/lib/python3.12/site-packages/airflow/example_dags/example_setup_teardown.py
[2026-04-26T07:40:38.071+0000] {processor.py:830} INFO - Processing file /usr/local/python/3.12.1/lib/python3.12/site-packages/airflow/example_dags/example_setup_teardown.py for tasks to queue
[2026-04-26T07:40:38.071+0000] {logging_mixin.py:188} INFO - [2026-04-26T07:40:38.071+0000] {dagbag.py:540} INFO - Filling up the DagBag from /usr/local/python/3.12.1/lib/python3.12/site-packages/airflow/example_dags/example_setup_teardown.py
[2026-04-26T07:40:38.077+0000] {processor.py:840} INFO - DAG(s) 'example_setup_teardown' retrieved from /usr/local/python/3.12.1/lib/python3.12/site-packages/airflow/example_dags/example_setup_teardown.py
[2026-04-26T07:40:38.089+0000] {logging_mixin.py:188} INFO - [2026-04-26T07:40:38.089+0000] {dag.py:3096} INFO - Sync 1 DAGs
[2026-04-26T07:40:38.104+0000] {logging_mixin.py:188} INFO - [2026-04-26T07:40:38.104+0000] {dag.py:3954} INFO - Setting next_dagrun for example_setup_teardown to 2026-04-25 00:00:00+00:00, run_after=2026-04-26 00:00:00+00:00
[2026-04-26T07:40:38.120+0000] {processor.py:183} INFO - Processing /usr/local/python/3.12.1/lib/python3.12/site-packages/airflow/example_dags/example_setup_teardown.py took 0.054 seconds
[2026-04-26T07:41:08.556+0000] {processor.py:161} INFO - Started process (PID=39406) to work on /usr/local/python/3.12.1/lib/python3.12/site-packages/airflow/example_dags/example_setup_teardown.py
[2026-04-26T07:41:08.559+0000] {processor.py:830} INFO - Processing file /usr/local/python/3.12.1/lib/python3.12/site-packages/airflow/example_dags/example_setup_teardown.py for tasks to queue
[2026-04-26T07:41:08.561+0000] {logging_mixin.py:188} INFO - [2026-04-26T07:41:08.559+0000] {dagbag.py:540} INFO - Filling up the DagBag from /usr/local/python/3.12.1/lib/python3.12/site-packages/airflow/example_dags/example_setup_teardown.py
[2026-04-26T07:41:08.580+0000] {processor.py:840} INFO - DAG(s) 'example_setup_teardown' retrieved from /usr/local/python/3.12.1/lib/python3.12/site-packages/airflow/example_dags/example_setup_teardown.py
[2026-04-26T07:41:08.604+0000] {logging_mixin.py:188} INFO - [2026-04-26T07:41:08.601+0000] {dag.py:3096} INFO - Sync 1 DAGs
[2026-04-26T07:41:08.626+0000] {logging_mixin.py:188} INFO - [2026-04-26T07:41:08.626+0000] {dag.py:3954} INFO - Setting next_dagrun for example_setup_teardown to 2026-04-25 00:00:00+00:00, run_after=2026-04-26 00:00:00+00:00
[2026-04-26T07:41:08.644+0000] {processor.py:183} INFO - Processing /usr/local/python/3.12.1/lib/python3.12/site-packages/airflow/example_dags/example_setup_teardown.py took 0.094 seconds
[2026-04-26T07:41:19.701+0000] {processor.py:161} INFO - Started process (PID=39522) to work on /usr/local/python/3.12.1/lib/python3.12/site-packages/airflow/example_dags/example_setup_teardown.py
[2026-04-26T07:41:19.702+0000] {processor.py:830} INFO - Processing file /usr/local/python/3.12.1/lib/python3.12/site-packages/airflow/example_dags/example_setup_teardown.py for tasks to queue
[2026-04-26T07:41:19.702+0000] {logging_mixin.py:188} INFO - [2026-04-26T07:41:19.702+0000] {dagbag.py:540} INFO - Filling up the DagBag from /usr/local/python/3.12.1/lib/python3.12/site-packages/airflow/example_dags/example_setup_teardown.py
[2026-04-26T07:41:19.707+0000] {processor.py:840} INFO - DAG(s) 'example_setup_teardown' retrieved from /usr/local/python/3.12.1/lib/python3.12/site-packages/airflow/example_dags/example_setup_teardown.py
[2026-04-26T07:41:19.719+0000] {logging_mixin.py:188} INFO - [2026-04-26T07:41:19.719+0000] {dag.py:3096} INFO - Sync 1 DAGs
[2026-04-26T07:41:19.734+0000] {logging_mixin.py:188} INFO - [2026-04-26T07:41:19.734+0000] {dag.py:3954} INFO - Setting next_dagrun for example_setup_teardown to 2026-04-25 00:00:00+00:00, run_after=2026-04-26 00:00:00+00:00
[2026-04-26T07:41:19.751+0000] {processor.py:183} INFO - Processing /usr/local/python/3.12.1/lib/python3.12/site-packages/airflow/example_dags/example_setup_teardown.py took 0.054 seconds
[2026-04-26T07:41:37.134+0000] {processor.py:161} INFO - Started process (PID=39667) to work on /usr/local/python/3.12.1/lib/python3.12/site-packages/airflow/example_dags/example_setup_teardown.py
[2026-04-26T07:41:37.135+0000] {processor.py:830} INFO - Processing file /usr/local/python/3.12.1/lib/python3.12/site-packages/airflow/example_dags/example_setup_teardown.py for tasks to queue
[2026-04-26T07:41:37.137+0000] {logging_mixin.py:188} INFO - [2026-04-26T07:41:37.136+0000] {dagbag.py:540} INFO - Filling up the DagBag from /usr/local/python/3.12.1/lib/python3.12/site-packages/airflow/example_dags/example_setup_teardown.py
[2026-04-26T07:41:37.145+0000] {processor.py:840} INFO - DAG(s) 'example_setup_teardown' retrieved from /usr/local/python/3.12.1/lib/python3.12/site-packages/airflow/example_dags/example_setup_teardown.py
[2026-04-26T07:41:37.160+0000] {logging_mixin.py:188} INFO - [2026-04-26T07:41:37.160+0000] {dag.py:3096} INFO - Sync 1 DAGs
[2026-04-26T07:41:37.175+0000] {logging_mixin.py:188} INFO - [2026-04-26T07:41:37.175+0000] {dag.py:3954} INFO - Setting next_dagrun for example_setup_teardown to 2026-04-25 00:00:00+00:00, run_after=2026-04-26 00:00:00+00:00
[2026-04-26T07:41:37.194+0000] {processor.py:183} INFO - Processing /usr/local/python/3.12.1/lib/python3.12/site-packages/airflow/example_dags/example_setup_teardown.py took 0.068 seconds
[2026-04-26T07:42:01.589+0000] {processor.py:161} INFO - Started process (PID=39925) to work on /usr/local/python/3.12.1/lib/python3.12/site-packages/airflow/example_dags/example_setup_teardown.py
[2026-04-26T07:42:01.591+0000] {processor.py:830} INFO - Processing file /usr/local/python/3.12.1/lib/python3.12/site-packages/airflow/example_dags/example_setup_teardown.py for tasks to queue
[2026-04-26T07:42:01.594+0000] {logging_mixin.py:188} INFO - [2026-04-26T07:42:01.592+0000] {dagbag.py:540} INFO - Filling up the DagBag from /usr/local/python/3.12.1/lib/python3.12/site-packages/airflow/example_dags/example_setup_teardown.py
[2026-04-26T07:42:01.602+0000] {processor.py:840} INFO - DAG(s) 'example_setup_teardown' retrieved from /usr/local/python/3.12.1/lib/python3.12/site-packages/airflow/example_dags/example_setup_teardown.py
[2026-04-26T07:42:01.638+0000] {logging_mixin.py:188} INFO - [2026-04-26T07:42:01.636+0000] {dag.py:3096} INFO - Sync 1 DAGs
[2026-04-26T07:42:01.677+0000] {logging_mixin.py:188} INFO - [2026-04-26T07:42:01.677+0000] {dag.py:3954} INFO - Setting next_dagrun for example_setup_teardown to 2026-04-25 00:00:00+00:00, run_after=2026-04-26 00:00:00+00:00
[2026-04-26T07:42:01.697+0000] {processor.py:183} INFO - Processing /usr/local/python/3.12.1/lib/python3.12/site-packages/airflow/example_dags/example_setup_teardown.py took 0.120 seconds
[2026-04-26T07:42:08.077+0000] {processor.py:161} INFO - Started process (PID=39967) to work on /usr/local/python/3.12.1/lib/python3.12/site-packages/airflow/example_dags/example_setup_teardown.py
[2026-04-26T07:42:08.078+0000] {processor.py:830} INFO - Processing file /usr/local/python/3.12.1/lib/python3.12/site-packages/airflow/example_dags/example_setup_teardown.py for tasks to queue
[2026-04-26T07:42:08.079+0000] {logging_mixin.py:188} INFO - [2026-04-26T07:42:08.078+0000] {dagbag.py:540} INFO - Filling up the DagBag from /usr/local/python/3.12.1/lib/python3.12/site-packages/airflow/example_dags/example_setup_teardown.py
[2026-04-26T07:42:08.084+0000] {processor.py:840} INFO - DAG(s) 'example_setup_teardown' retrieved from /usr/local/python/3.12.1/lib/python3.12/site-packages/airflow/example_dags/example_setup_teardown.py
[2026-04-26T07:42:08.101+0000] {logging_mixin.py:188} INFO - [2026-04-26T07:42:08.101+0000] {dag.py:3096} INFO - Sync 1 DAGs
[2026-04-26T07:42:08.129+0000] {logging_mixin.py:188} INFO - [2026-04-26T07:42:08.128+0000] {dag.py:3954} INFO - Setting next_dagrun for example_setup_teardown to 2026-04-25 00:00:00+00:00, run_after=2026-04-26 00:00:00+00:00
[2026-04-26T07:42:08.153+0000] {processor.py:183} INFO - Processing /usr/local/python/3.12.1/lib/python3.12/site-packages/airflow/example_dags/example_setup_teardown.py took 0.081 seconds
[2026-04-26T07:42:18.379+0000] {processor.py:161} INFO - Started process (PID=40064) to work on /usr/local/python/3.12.1/lib/python3.12/site-packages/airflow/example_dags/example_setup_teardown.py
[2026-04-26T07:42:18.379+0000] {processor.py:830} INFO - Processing file /usr/local/python/3.12.1/lib/python3.12/site-packages/airflow/example_dags/example_setup_teardown.py for tasks to queue
[2026-04-26T07:42:18.380+0000] {logging_mixin.py:188} INFO - [2026-04-26T07:42:18.380+0000] {dagbag.py:540} INFO - Filling up the DagBag from /usr/local/python/3.12.1/lib/python3.12/site-packages/airflow/example_dags/example_setup_teardown.py
[2026-04-26T07:42:18.386+0000] {processor.py:840} INFO - DAG(s) 'example_setup_teardown' retrieved from /usr/local/python/3.12.1/lib/python3.12/site-packages/airflow/example_dags/example_setup_teardown.py
[2026-04-26T07:42:18.398+0000] {logging_mixin.py:188} INFO - [2026-04-26T07:42:18.398+0000] {dag.py:3096} INFO - Sync 1 DAGs
[2026-04-26T07:42:18.420+0000] {logging_mixin.py:188} INFO - [2026-04-26T07:42:18.419+0000] {dag.py:3954} INFO - Setting next_dagrun for example_setup_teardown to 2026-04-25 00:00:00+00:00, run_after=2026-04-26 00:00:00+00:00
[2026-04-26T07:42:18.437+0000] {processor.py:183} INFO - Processing /usr/local/python/3.12.1/lib/python3.12/site-packages/airflow/example_dags/example_setup_teardown.py took 0.062 seconds
[2026-04-26T07:42:45.590+0000] {processor.py:161} INFO - Started process (PID=40318) to work on /usr/local/python/3.12.1/lib/python3.12/site-packages/airflow/example_dags/example_setup_teardown.py
[2026-04-26T07:42:45.591+0000] {processor.py:830} INFO - Processing file /usr/local/python/3.12.1/lib/python3.12/site-packages/airflow/example_dags/example_setup_teardown.py for tasks to queue
[2026-04-26T07:42:45.592+0000] {logging_mixin.py:188} INFO - [2026-04-26T07:42:45.592+0000] {dagbag.py:540} INFO - Filling up the DagBag from /usr/local/python/3.12.1/lib/python3.12/site-packages/airflow/example_dags/example_setup_teardown.py
[2026-04-26T07:42:45.600+0000] {processor.py:840} INFO - DAG(s) 'example_setup_teardown' retrieved from /usr/local/python/3.12.1/lib/python3.12/site-packages/airflow/example_dags/example_setup_teardown.py
[2026-04-26T07:42:45.612+0000] {logging_mixin.py:188} INFO - [2026-04-26T07:42:45.612+0000] {dag.py:3096} INFO - Sync 1 DAGs
[2026-04-26T07:42:45.627+0000] {logging_mixin.py:188} INFO - [2026-04-26T07:42:45.627+0000] {dag.py:3954} INFO - Setting next_dagrun for example_setup_teardown to 2026-04-25 00:00:00+00:00, run_after=2026-04-26 00:00:00+00:00
[2026-04-26T07:42:45.644+0000] {processor.py:183} INFO - Processing /usr/local/python/3.12.1/lib/python3.12/site-packages/airflow/example_dags/example_setup_teardown.py took 0.060 seconds
[2026-04-26T07:42:51.275+0000] {processor.py:161} INFO - Started process (PID=40360) to work on /usr/local/python/3.12.1/lib/python3.12/site-packages/airflow/example_dags/example_setup_teardown.py
[2026-04-26T07:42:51.276+0000] {processor.py:830} INFO - Processing file /usr/local/python/3.12.1/lib/python3.12/site-packages/airflow/example_dags/example_setup_teardown.py for tasks to queue
[2026-04-26T07:42:51.277+0000] {logging_mixin.py:188} INFO - [2026-04-26T07:42:51.276+0000] {dagbag.py:540} INFO - Filling up the DagBag from /usr/local/python/3.12.1/lib/python3.12/site-packages/airflow/example_dags/example_setup_teardown.py
[2026-04-26T07:42:51.282+0000] {processor.py:840} INFO - DAG(s) 'example_setup_teardown' retrieved from /usr/local/python/3.12.1/lib/python3.12/site-packages/airflow/example_dags/example_setup_teardown.py
[2026-04-26T07:42:51.294+0000] {logging_mixin.py:188} INFO - [2026-04-26T07:42:51.294+0000] {dag.py:3096} INFO - Sync 1 DAGs
[2026-04-26T07:42:51.308+0000] {logging_mixin.py:188} INFO - [2026-04-26T07:42:51.308+0000] {dag.py:3954} INFO - Setting next_dagrun for example_setup_teardown to 2026-04-25 00:00:00+00:00, run_after=2026-04-26 00:00:00+00:00
[2026-04-26T07:42:51.325+0000] {processor.py:183} INFO - Processing /usr/local/python/3.12.1/lib/python3.12/site-packages/airflow/example_dags/example_setup_teardown.py took 0.055 seconds
[2026-04-26T07:43:00.798+0000] {processor.py:161} INFO - Started process (PID=40445) to work on /usr/local/python/3.12.1/lib/python3.12/site-packages/airflow/example_dags/example_setup_teardown.py
[2026-04-26T07:43:00.798+0000] {processor.py:830} INFO - Processing file /usr/local/python/3.12.1/lib/python3.12/site-packages/airflow/example_dags/example_setup_teardown.py for tasks to queue
[2026-04-26T07:43:00.799+0000] {logging_mixin.py:188} INFO - [2026-04-26T07:43:00.799+0000] {dagbag.py:540} INFO - Filling up the DagBag from /usr/local/python/3.12.1/lib/python3.12/site-packages/airflow/example_dags/example_setup_teardown.py
[2026-04-26T07:43:00.805+0000] {processor.py:840} INFO - DAG(s) 'example_setup_teardown' retrieved from /usr/local/python/3.12.1/lib/python3.12/site-packages/airflow/example_dags/example_setup_teardown.py
[2026-04-26T07:43:00.817+0000] {logging_mixin.py:188} INFO - [2026-04-26T07:43:00.816+0000] {dag.py:3096} INFO - Sync 1 DAGs
[2026-04-26T07:43:00.835+0000] {logging_mixin.py:188} INFO - [2026-04-26T07:43:00.834+0000] {dag.py:3954} INFO - Setting next_dagrun for example_setup_teardown to 2026-04-25 00:00:00+00:00, run_after=2026-04-26 00:00:00+00:00
[2026-04-26T07:43:00.856+0000] {processor.py:183} INFO - Processing /usr/local/python/3.12.1/lib/python3.12/site-packages/airflow/example_dags/example_setup_teardown.py took 0.062 seconds
[2026-04-26T07:43:28.991+0000] {processor.py:161} INFO - Started process (PID=41231) to work on /usr/local/python/3.12.1/lib/python3.12/site-packages/airflow/example_dags/example_setup_teardown.py
[2026-04-26T07:43:29.014+0000] {processor.py:830} INFO - Processing file /usr/local/python/3.12.1/lib/python3.12/site-packages/airflow/example_dags/example_setup_teardown.py for tasks to queue
[2026-04-26T07:43:29.015+0000] {logging_mixin.py:188} INFO - [2026-04-26T07:43:29.014+0000] {dagbag.py:540} INFO - Filling up the DagBag from /usr/local/python/3.12.1/lib/python3.12/site-packages/airflow/example_dags/example_setup_teardown.py
[2026-04-26T07:43:29.024+0000] {processor.py:840} INFO - DAG(s) 'example_setup_teardown' retrieved from /usr/local/python/3.12.1/lib/python3.12/site-packages/airflow/example_dags/example_setup_teardown.py
[2026-04-26T07:43:29.046+0000] {logging_mixin.py:188} INFO - [2026-04-26T07:43:29.046+0000] {dag.py:3096} INFO - Sync 1 DAGs
[2026-04-26T07:43:29.075+0000] {logging_mixin.py:188} INFO - [2026-04-26T07:43:29.075+0000] {dag.py:3954} INFO - Setting next_dagrun for example_setup_teardown to 2026-04-25 00:00:00+00:00, run_after=2026-04-26 00:00:00+00:00
[2026-04-26T07:43:29.149+0000] {processor.py:183} INFO - Processing /usr/local/python/3.12.1/lib/python3.12/site-packages/airflow/example_dags/example_setup_teardown.py took 0.183 seconds
[2026-04-26T07:43:51.022+0000] {processor.py:161} INFO - Started process (PID=41602) to work on /usr/local/python/3.12.1/lib/python3.12/site-packages/airflow/example_dags/example_setup_teardown.py
[2026-04-26T07:43:51.027+0000] {processor.py:830} INFO - Processing file /usr/local/python/3.12.1/lib/python3.12/site-packages/airflow/example_dags/example_setup_teardown.py for tasks to queue
[2026-04-26T07:43:51.031+0000] {logging_mixin.py:188} INFO - [2026-04-26T07:43:51.029+0000] {dagbag.py:540} INFO - Filling up the DagBag from /usr/local/python/3.12.1/lib/python3.12/site-packages/airflow/example_dags/example_setup_teardown.py
[2026-04-26T07:43:51.049+0000] {processor.py:840} INFO - DAG(s) 'example_setup_teardown' retrieved from /usr/local/python/3.12.1/lib/python3.12/site-packages/airflow/example_dags/example_setup_teardown.py
[2026-04-26T07:43:51.110+0000] {logging_mixin.py:188} INFO - [2026-04-26T07:43:51.110+0000] {dag.py:3096} INFO - Sync 1 DAGs
[2026-04-26T07:43:51.143+0000] {logging_mixin.py:188} INFO - [2026-04-26T07:43:51.142+0000] {dag.py:3954} INFO - Setting next_dagrun for example_setup_teardown to 2026-04-25 00:00:00+00:00, run_after=2026-04-26 00:00:00+00:00
[2026-04-26T07:43:51.210+0000] {processor.py:183} INFO - Processing /usr/local/python/3.12.1/lib/python3.12/site-packages/airflow/example_dags/example_setup_teardown.py took 0.233 seconds
[2026-04-26T07:44:03.784+0000] {processor.py:161} INFO - Started process (PID=42204) to work on /usr/local/python/3.12.1/lib/python3.12/site-packages/airflow/example_dags/example_setup_teardown.py
[2026-04-26T07:44:03.785+0000] {processor.py:830} INFO - Processing file /usr/local/python/3.12.1/lib/python3.12/site-packages/airflow/example_dags/example_setup_teardown.py for tasks to queue
[2026-04-26T07:44:03.786+0000] {logging_mixin.py:188} INFO - [2026-04-26T07:44:03.786+0000] {dagbag.py:540} INFO - Filling up the DagBag from /usr/local/python/3.12.1/lib/python3.12/site-packages/airflow/example_dags/example_setup_teardown.py
[2026-04-26T07:44:03.802+0000] {processor.py:840} INFO - DAG(s) 'example_setup_teardown' retrieved from /usr/local/python/3.12.1/lib/python3.12/site-packages/airflow/example_dags/example_setup_teardown.py
[2026-04-26T07:44:03.822+0000] {logging_mixin.py:188} INFO - [2026-04-26T07:44:03.822+0000] {dag.py:3096} INFO - Sync 1 DAGs
[2026-04-26T07:44:03.867+0000] {logging_mixin.py:188} INFO - [2026-04-26T07:44:03.866+0000] {dag.py:3954} INFO - Setting next_dagrun for example_setup_teardown to 2026-04-25 00:00:00+00:00, run_after=2026-04-26 00:00:00+00:00
[2026-04-26T07:44:03.946+0000] {processor.py:183} INFO - Processing /usr/local/python/3.12.1/lib/python3.12/site-packages/airflow/example_dags/example_setup_teardown.py took 0.175 seconds
[2026-04-26T07:44:57.718+0000] {processor.py:161} INFO - Started process (PID=43894) to work on /usr/local/python/3.12.1/lib/python3.12/site-packages/airflow/example_dags/example_setup_teardown.py
[2026-04-26T07:44:57.718+0000] {processor.py:830} INFO - Processing file /usr/local/python/3.12.1/lib/python3.12/site-packages/airflow/example_dags/example_setup_teardown.py for tasks to queue
[2026-04-26T07:44:57.719+0000] {logging_mixin.py:188} INFO - [2026-04-26T07:44:57.719+0000] {dagbag.py:540} INFO - Filling up the DagBag from /usr/local/python/3.12.1/lib/python3.12/site-packages/airflow/example_dags/example_setup_teardown.py
[2026-04-26T07:44:57.725+0000] {processor.py:840} INFO - DAG(s) 'example_setup_teardown' retrieved from /usr/local/python/3.12.1/lib/python3.12/site-packages/airflow/example_dags/example_setup_teardown.py
[2026-04-26T07:44:57.738+0000] {logging_mixin.py:188} INFO - [2026-04-26T07:44:57.738+0000] {dag.py:3096} INFO - Sync 1 DAGs
[2026-04-26T07:44:57.754+0000] {logging_mixin.py:188} INFO - [2026-04-26T07:44:57.754+0000] {dag.py:3954} INFO - Setting next_dagrun for example_setup_teardown to 2026-04-25 00:00:00+00:00, run_after=2026-04-26 00:00:00+00:00
[2026-04-26T07:44:57.776+0000] {processor.py:183} INFO - Processing /usr/local/python/3.12.1/lib/python3.12/site-packages/airflow/example_dags/example_setup_teardown.py took 0.063 seconds
[2026-04-26T07:45:02.067+0000] {processor.py:161} INFO - Started process (PID=43980) to work on /usr/local/python/3.12.1/lib/python3.12/site-packages/airflow/example_dags/example_setup_teardown.py
[2026-04-26T07:45:02.067+0000] {processor.py:830} INFO - Processing file /usr/local/python/3.12.1/lib/python3.12/site-packages/airflow/example_dags/example_setup_teardown.py for tasks to queue
[2026-04-26T07:45:02.069+0000] {logging_mixin.py:188} INFO - [2026-04-26T07:45:02.068+0000] {dagbag.py:540} INFO - Filling up the DagBag from /usr/local/python/3.12.1/lib/python3.12/site-packages/airflow/example_dags/example_setup_teardown.py
[2026-04-26T07:45:02.076+0000] {processor.py:840} INFO - DAG(s) 'example_setup_teardown' retrieved from /usr/local/python/3.12.1/lib/python3.12/site-packages/airflow/example_dags/example_setup_teardown.py
[2026-04-26T07:45:02.088+0000] {logging_mixin.py:188} INFO - [2026-04-26T07:45:02.088+0000] {dag.py:3096} INFO - Sync 1 DAGs
[2026-04-26T07:45:02.104+0000] {logging_mixin.py:188} INFO - [2026-04-26T07:45:02.104+0000] {dag.py:3954} INFO - Setting next_dagrun for example_setup_teardown to 2026-04-25 00:00:00+00:00, run_after=2026-04-26 00:00:00+00:00
[2026-04-26T07:45:02.122+0000] {processor.py:183} INFO - Processing /usr/local/python/3.12.1/lib/python3.12/site-packages/airflow/example_dags/example_setup_teardown.py took 0.061 seconds
[2026-04-26T07:45:13.850+0000] {processor.py:161} INFO - Started process (PID=44317) to work on /usr/local/python/3.12.1/lib/python3.12/site-packages/airflow/example_dags/example_setup_teardown.py
[2026-04-26T07:45:13.851+0000] {processor.py:830} INFO - Processing file /usr/local/python/3.12.1/lib/python3.12/site-packages/airflow/example_dags/example_setup_teardown.py for tasks to queue
[2026-04-26T07:45:13.853+0000] {logging_mixin.py:188} INFO - [2026-04-26T07:45:13.852+0000] {dagbag.py:540} INFO - Filling up the DagBag from /usr/local/python/3.12.1/lib/python3.12/site-packages/airflow/example_dags/example_setup_teardown.py
[2026-04-26T07:45:13.862+0000] {processor.py:840} INFO - DAG(s) 'example_setup_teardown' retrieved from /usr/local/python/3.12.1/lib/python3.12/site-packages/airflow/example_dags/example_setup_teardown.py
[2026-04-26T07:45:13.882+0000] {logging_mixin.py:188} INFO - [2026-04-26T07:45:13.882+0000] {dag.py:3096} INFO - Sync 1 DAGs
[2026-04-26T07:45:13.902+0000] {logging_mixin.py:188} INFO - [2026-04-26T07:45:13.902+0000] {dag.py:3954} INFO - Setting next_dagrun for example_setup_teardown to 2026-04-25 00:00:00+00:00, run_after=2026-04-26 00:00:00+00:00
[2026-04-26T07:45:13.922+0000] {processor.py:183} INFO - Processing /usr/local/python/3.12.1/lib/python3.12/site-packages/airflow/example_dags/example_setup_teardown.py took 0.078 seconds
[2026-04-26T07:45:51.790+0000] {processor.py:161} INFO - Started process (PID=44752) to work on /usr/local/python/3.12.1/lib/python3.12/site-packages/airflow/example_dags/example_setup_teardown.py
[2026-04-26T07:45:51.794+0000] {processor.py:830} INFO - Processing file /usr/local/python/3.12.1/lib/python3.12/site-packages/airflow/example_dags/example_setup_teardown.py for tasks to queue
[2026-04-26T07:45:51.795+0000] {logging_mixin.py:188} INFO - [2026-04-26T07:45:51.794+0000] {dagbag.py:540} INFO - Filling up the DagBag from /usr/local/python/3.12.1/lib/python3.12/site-packages/airflow/example_dags/example_setup_teardown.py
[2026-04-26T07:45:51.801+0000] {processor.py:840} INFO - DAG(s) 'example_setup_teardown' retrieved from /usr/local/python/3.12.1/lib/python3.12/site-packages/airflow/example_dags/example_setup_teardown.py
[2026-04-26T07:45:51.814+0000] {logging_mixin.py:188} INFO - [2026-04-26T07:45:51.813+0000] {dag.py:3096} INFO - Sync 1 DAGs
[2026-04-26T07:45:51.829+0000] {logging_mixin.py:188} INFO - [2026-04-26T07:45:51.829+0000] {dag.py:3954} INFO - Setting next_dagrun for example_setup_teardown to 2026-04-25 00:00:00+00:00, run_after=2026-04-26 00:00:00+00:00
[2026-04-26T07:45:51.846+0000] {processor.py:183} INFO - Processing /usr/local/python/3.12.1/lib/python3.12/site-packages/airflow/example_dags/example_setup_teardown.py took 0.061 seconds
[2026-04-26T07:45:55.619+0000] {processor.py:161} INFO - Started process (PID=44834) to work on /usr/local/python/3.12.1/lib/python3.12/site-packages/airflow/example_dags/example_setup_teardown.py
[2026-04-26T07:45:55.627+0000] {processor.py:830} INFO - Processing file /usr/local/python/3.12.1/lib/python3.12/site-packages/airflow/example_dags/example_setup_teardown.py for tasks to queue
[2026-04-26T07:45:55.629+0000] {logging_mixin.py:188} INFO - [2026-04-26T07:45:55.629+0000] {dagbag.py:540} INFO - Filling up the DagBag from /usr/local/python/3.12.1/lib/python3.12/site-packages/airflow/example_dags/example_setup_teardown.py
[2026-04-26T07:45:55.663+0000] {processor.py:840} INFO - DAG(s) 'example_setup_teardown' retrieved from /usr/local/python/3.12.1/lib/python3.12/site-packages/airflow/example_dags/example_setup_teardown.py
[2026-04-26T07:45:55.707+0000] {logging_mixin.py:188} INFO - [2026-04-26T07:45:55.707+0000] {dag.py:3096} INFO - Sync 1 DAGs
[2026-04-26T07:45:55.737+0000] {logging_mixin.py:188} INFO - [2026-04-26T07:45:55.737+0000] {dag.py:3954} INFO - Setting next_dagrun for example_setup_teardown to 2026-04-25 00:00:00+00:00, run_after=2026-04-26 00:00:00+00:00
[2026-04-26T07:45:55.807+0000] {processor.py:183} INFO - Processing /usr/local/python/3.12.1/lib/python3.12/site-packages/airflow/example_dags/example_setup_teardown.py took 0.219 seconds
[2026-04-26T07:46:09.508+0000] {processor.py:161} INFO - Started process (PID=45133) to work on /usr/local/python/3.12.1/lib/python3.12/site-packages/airflow/example_dags/example_setup_teardown.py
[2026-04-26T07:46:09.509+0000] {processor.py:830} INFO - Processing file /usr/local/python/3.12.1/lib/python3.12/site-packages/airflow/example_dags/example_setup_teardown.py for tasks to queue
[2026-04-26T07:46:09.510+0000] {logging_mixin.py:188} INFO - [2026-04-26T07:46:09.510+0000] {dagbag.py:540} INFO - Filling up the DagBag from /usr/local/python/3.12.1/lib/python3.12/site-packages/airflow/example_dags/example_setup_teardown.py
[2026-04-26T07:46:09.519+0000] {processor.py:840} INFO - DAG(s) 'example_setup_teardown' retrieved from /usr/local/python/3.12.1/lib/python3.12/site-packages/airflow/example_dags/example_setup_teardown.py
[2026-04-26T07:46:09.711+0000] {logging_mixin.py:188} INFO - [2026-04-26T07:46:09.710+0000] {dag.py:3096} INFO - Sync 1 DAGs
[2026-04-26T07:46:09.732+0000] {logging_mixin.py:188} INFO - [2026-04-26T07:46:09.732+0000] {dag.py:3954} INFO - Setting next_dagrun for example_setup_teardown to 2026-04-25 00:00:00+00:00, run_after=2026-04-26 00:00:00+00:00
[2026-04-26T07:46:09.760+0000] {processor.py:183} INFO - Processing /usr/local/python/3.12.1/lib/python3.12/site-packages/airflow/example_dags/example_setup_teardown.py took 0.256 seconds
[2026-04-26T07:46:45.463+0000] {processor.py:161} INFO - Started process (PID=45509) to work on /usr/local/python/3.12.1/lib/python3.12/site-packages/airflow/example_dags/example_setup_teardown.py
[2026-04-26T07:46:45.464+0000] {processor.py:830} INFO - Processing file /usr/local/python/3.12.1/lib/python3.12/site-packages/airflow/example_dags/example_setup_teardown.py for tasks to queue
[2026-04-26T07:46:45.465+0000] {logging_mixin.py:188} INFO - [2026-04-26T07:46:45.464+0000] {dagbag.py:540} INFO - Filling up the DagBag from /usr/local/python/3.12.1/lib/python3.12/site-packages/airflow/example_dags/example_setup_teardown.py
[2026-04-26T07:46:45.472+0000] {processor.py:840} INFO - DAG(s) 'example_setup_teardown' retrieved from /usr/local/python/3.12.1/lib/python3.12/site-packages/airflow/example_dags/example_setup_teardown.py
[2026-04-26T07:46:45.485+0000] {logging_mixin.py:188} INFO - [2026-04-26T07:46:45.485+0000] {dag.py:3096} INFO - Sync 1 DAGs
[2026-04-26T07:46:45.500+0000] {logging_mixin.py:188} INFO - [2026-04-26T07:46:45.500+0000] {dag.py:3954} INFO - Setting next_dagrun for example_setup_teardown to 2026-04-25 00:00:00+00:00, run_after=2026-04-26 00:00:00+00:00
[2026-04-26T07:46:45.516+0000] {processor.py:183} INFO - Processing /usr/local/python/3.12.1/lib/python3.12/site-packages/airflow/example_dags/example_setup_teardown.py took 0.059 seconds
[2026-04-26T07:46:46.421+0000] {processor.py:161} INFO - Started process (PID=45518) to work on /usr/local/python/3.12.1/lib/python3.12/site-packages/airflow/example_dags/example_setup_teardown.py
[2026-04-26T07:46:46.422+0000] {processor.py:830} INFO - Processing file /usr/local/python/3.12.1/lib/python3.12/site-packages/airflow/example_dags/example_setup_teardown.py for tasks to queue
[2026-04-26T07:46:46.423+0000] {logging_mixin.py:188} INFO - [2026-04-26T07:46:46.422+0000] {dagbag.py:540} INFO - Filling up the DagBag from /usr/local/python/3.12.1/lib/python3.12/site-packages/airflow/example_dags/example_setup_teardown.py
[2026-04-26T07:46:46.428+0000] {processor.py:840} INFO - DAG(s) 'example_setup_teardown' retrieved from /usr/local/python/3.12.1/lib/python3.12/site-packages/airflow/example_dags/example_setup_teardown.py
[2026-04-26T07:46:46.441+0000] {logging_mixin.py:188} INFO - [2026-04-26T07:46:46.440+0000] {dag.py:3096} INFO - Sync 1 DAGs
[2026-04-26T07:46:46.456+0000] {logging_mixin.py:188} INFO - [2026-04-26T07:46:46.456+0000] {dag.py:3954} INFO - Setting next_dagrun for example_setup_teardown to 2026-04-25 00:00:00+00:00, run_after=2026-04-26 00:00:00+00:00
[2026-04-26T07:46:46.505+0000] {processor.py:183} INFO - Processing /usr/local/python/3.12.1/lib/python3.12/site-packages/airflow/example_dags/example_setup_teardown.py took 0.088 seconds
[2026-04-26T07:46:59.779+0000] {processor.py:161} INFO - Started process (PID=45737) to work on /usr/local/python/3.12.1/lib/python3.12/site-packages/airflow/example_dags/example_setup_teardown.py
[2026-04-26T07:46:59.780+0000] {processor.py:830} INFO - Processing file /usr/local/python/3.12.1/lib/python3.12/site-packages/airflow/example_dags/example_setup_teardown.py for tasks to queue
[2026-04-26T07:46:59.781+0000] {logging_mixin.py:188} INFO - [2026-04-26T07:46:59.781+0000] {dagbag.py:540} INFO - Filling up the DagBag from /usr/local/python/3.12.1/lib/python3.12/site-packages/airflow/example_dags/example_setup_teardown.py
[2026-04-26T07:46:59.787+0000] {processor.py:840} INFO - DAG(s) 'example_setup_teardown' retrieved from /usr/local/python/3.12.1/lib/python3.12/site-packages/airflow/example_dags/example_setup_teardown.py
[2026-04-26T07:46:59.799+0000] {logging_mixin.py:188} INFO - [2026-04-26T07:46:59.799+0000] {dag.py:3096} INFO - Sync 1 DAGs
[2026-04-26T07:46:59.814+0000] {logging_mixin.py:188} INFO - [2026-04-26T07:46:59.814+0000] {dag.py:3954} INFO - Setting next_dagrun for example_setup_teardown to 2026-04-25 00:00:00+00:00, run_after=2026-04-26 00:00:00+00:00
[2026-04-26T07:46:59.831+0000] {processor.py:183} INFO - Processing /usr/local/python/3.12.1/lib/python3.12/site-packages/airflow/example_dags/example_setup_teardown.py took 0.058 seconds
[2026-04-26T07:47:33.114+0000] {processor.py:161} INFO - Started process (PID=46089) to work on /usr/local/python/3.12.1/lib/python3.12/site-packages/airflow/example_dags/example_setup_teardown.py
[2026-04-26T07:47:33.116+0000] {processor.py:830} INFO - Processing file /usr/local/python/3.12.1/lib/python3.12/site-packages/airflow/example_dags/example_setup_teardown.py for tasks to queue
[2026-04-26T07:47:33.117+0000] {logging_mixin.py:188} INFO - [2026-04-26T07:47:33.116+0000] {dagbag.py:540} INFO - Filling up the DagBag from /usr/local/python/3.12.1/lib/python3.12/site-packages/airflow/example_dags/example_setup_teardown.py
[2026-04-26T07:47:33.122+0000] {processor.py:840} INFO - DAG(s) 'example_setup_teardown' retrieved from /usr/local/python/3.12.1/lib/python3.12/site-packages/airflow/example_dags/example_setup_teardown.py
[2026-04-26T07:47:33.135+0000] {logging_mixin.py:188} INFO - [2026-04-26T07:47:33.135+0000] {dag.py:3096} INFO - Sync 1 DAGs
[2026-04-26T07:47:33.155+0000] {logging_mixin.py:188} INFO - [2026-04-26T07:47:33.154+0000] {dag.py:3954} INFO - Setting next_dagrun for example_setup_teardown to 2026-04-25 00:00:00+00:00, run_after=2026-04-26 00:00:00+00:00
[2026-04-26T07:47:33.173+0000] {processor.py:183} INFO - Processing /usr/local/python/3.12.1/lib/python3.12/site-packages/airflow/example_dags/example_setup_teardown.py took 0.064 seconds
[2026-04-26T07:47:46.388+0000] {processor.py:161} INFO - Started process (PID=46250) to work on /usr/local/python/3.12.1/lib/python3.12/site-packages/airflow/example_dags/example_setup_teardown.py
[2026-04-26T07:47:46.389+0000] {processor.py:830} INFO - Processing file /usr/local/python/3.12.1/lib/python3.12/site-packages/airflow/example_dags/example_setup_teardown.py for tasks to queue
[2026-04-26T07:47:46.389+0000] {logging_mixin.py:188} INFO - [2026-04-26T07:47:46.389+0000] {dagbag.py:540} INFO - Filling up the DagBag from /usr/local/python/3.12.1/lib/python3.12/site-packages/airflow/example_dags/example_setup_teardown.py
[2026-04-26T07:47:46.395+0000] {processor.py:840} INFO - DAG(s) 'example_setup_teardown' retrieved from /usr/local/python/3.12.1/lib/python3.12/site-packages/airflow/example_dags/example_setup_teardown.py
[2026-04-26T07:47:46.409+0000] {logging_mixin.py:188} INFO - [2026-04-26T07:47:46.409+0000] {dag.py:3096} INFO - Sync 1 DAGs
[2026-04-26T07:47:46.425+0000] {logging_mixin.py:188} INFO - [2026-04-26T07:47:46.425+0000] {dag.py:3954} INFO - Setting next_dagrun for example_setup_teardown to 2026-04-25 00:00:00+00:00, run_after=2026-04-26 00:00:00+00:00
[2026-04-26T07:47:46.442+0000] {processor.py:183} INFO - Processing /usr/local/python/3.12.1/lib/python3.12/site-packages/airflow/example_dags/example_setup_teardown.py took 0.059 seconds
[2026-04-26T07:47:58.397+0000] {processor.py:161} INFO - Started process (PID=46427) to work on /usr/local/python/3.12.1/lib/python3.12/site-packages/airflow/example_dags/example_setup_teardown.py
[2026-04-26T07:47:58.398+0000] {processor.py:830} INFO - Processing file /usr/local/python/3.12.1/lib/python3.12/site-packages/airflow/example_dags/example_setup_teardown.py for tasks to queue
[2026-04-26T07:47:58.399+0000] {logging_mixin.py:188} INFO - [2026-04-26T07:47:58.398+0000] {dagbag.py:540} INFO - Filling up the DagBag from /usr/local/python/3.12.1/lib/python3.12/site-packages/airflow/example_dags/example_setup_teardown.py
[2026-04-26T07:47:58.404+0000] {processor.py:840} INFO - DAG(s) 'example_setup_teardown' retrieved from /usr/local/python/3.12.1/lib/python3.12/site-packages/airflow/example_dags/example_setup_teardown.py
[2026-04-26T07:47:58.416+0000] {logging_mixin.py:188} INFO - [2026-04-26T07:47:58.416+0000] {dag.py:3096} INFO - Sync 1 DAGs
[2026-04-26T07:47:58.438+0000] {logging_mixin.py:188} INFO - [2026-04-26T07:47:58.438+0000] {dag.py:3954} INFO - Setting next_dagrun for example_setup_teardown to 2026-04-25 00:00:00+00:00, run_after=2026-04-26 00:00:00+00:00
[2026-04-26T07:47:58.482+0000] {processor.py:183} INFO - Processing /usr/local/python/3.12.1/lib/python3.12/site-packages/airflow/example_dags/example_setup_teardown.py took 0.090 seconds
[2026-04-26T07:48:17.281+0000] {processor.py:161} INFO - Started process (PID=46585) to work on /usr/local/python/3.12.1/lib/python3.12/site-packages/airflow/example_dags/example_setup_teardown.py
[2026-04-26T07:48:17.281+0000] {processor.py:830} INFO - Processing file /usr/local/python/3.12.1/lib/python3.12/site-packages/airflow/example_dags/example_setup_teardown.py for tasks to queue
[2026-04-26T07:48:17.282+0000] {logging_mixin.py:188} INFO - [2026-04-26T07:48:17.282+0000] {dagbag.py:540} INFO - Filling up the DagBag from /usr/local/python/3.12.1/lib/python3.12/site-packages/airflow/example_dags/example_setup_teardown.py
[2026-04-26T07:48:17.288+0000] {processor.py:840} INFO - DAG(s) 'example_setup_teardown' retrieved from /usr/local/python/3.12.1/lib/python3.12/site-packages/airflow/example_dags/example_setup_teardown.py
[2026-04-26T07:48:17.300+0000] {logging_mixin.py:188} INFO - [2026-04-26T07:48:17.300+0000] {dag.py:3096} INFO - Sync 1 DAGs
[2026-04-26T07:48:17.316+0000] {logging_mixin.py:188} INFO - [2026-04-26T07:48:17.315+0000] {dag.py:3954} INFO - Setting next_dagrun for example_setup_teardown to 2026-04-25 00:00:00+00:00, run_after=2026-04-26 00:00:00+00:00
[2026-04-26T07:48:17.332+0000] {processor.py:183} INFO - Processing /usr/local/python/3.12.1/lib/python3.12/site-packages/airflow/example_dags/example_setup_teardown.py took 0.056 seconds
[2026-04-26T07:48:30.637+0000] {processor.py:161} INFO - Started process (PID=46690) to work on /usr/local/python/3.12.1/lib/python3.12/site-packages/airflow/example_dags/example_setup_teardown.py
[2026-04-26T07:48:30.638+0000] {processor.py:830} INFO - Processing file /usr/local/python/3.12.1/lib/python3.12/site-packages/airflow/example_dags/example_setup_teardown.py for tasks to queue
[2026-04-26T07:48:30.639+0000] {logging_mixin.py:188} INFO - [2026-04-26T07:48:30.639+0000] {dagbag.py:540} INFO - Filling up the DagBag from /usr/local/python/3.12.1/lib/python3.12/site-packages/airflow/example_dags/example_setup_teardown.py
[2026-04-26T07:48:30.650+0000] {processor.py:840} INFO - DAG(s) 'example_setup_teardown' retrieved from /usr/local/python/3.12.1/lib/python3.12/site-packages/airflow/example_dags/example_setup_teardown.py
[2026-04-26T07:48:30.681+0000] {logging_mixin.py:188} INFO - [2026-04-26T07:48:30.681+0000] {dag.py:3096} INFO - Sync 1 DAGs
[2026-04-26T07:48:30.714+0000] {logging_mixin.py:188} INFO - [2026-04-26T07:48:30.713+0000] {dag.py:3954} INFO - Setting next_dagrun for example_setup_teardown to 2026-04-25 00:00:00+00:00, run_after=2026-04-26 00:00:00+00:00
[2026-04-26T07:48:30.746+0000] {processor.py:183} INFO - Processing /usr/local/python/3.12.1/lib/python3.12/site-packages/airflow/example_dags/example_setup_teardown.py took 0.114 seconds
[2026-04-26T07:48:44.917+0000] {processor.py:161} INFO - Started process (PID=46823) to work on /usr/local/python/3.12.1/lib/python3.12/site-packages/airflow/example_dags/example_setup_teardown.py
[2026-04-26T07:48:44.917+0000] {processor.py:830} INFO - Processing file /usr/local/python/3.12.1/lib/python3.12/site-packages/airflow/example_dags/example_setup_teardown.py for tasks to queue
[2026-04-26T07:48:44.918+0000] {logging_mixin.py:188} INFO - [2026-04-26T07:48:44.918+0000] {dagbag.py:540} INFO - Filling up the DagBag from /usr/local/python/3.12.1/lib/python3.12/site-packages/airflow/example_dags/example_setup_teardown.py
[2026-04-26T07:48:44.926+0000] {processor.py:840} INFO - DAG(s) 'example_setup_teardown' retrieved from /usr/local/python/3.12.1/lib/python3.12/site-packages/airflow/example_dags/example_setup_teardown.py
[2026-04-26T07:48:44.941+0000] {logging_mixin.py:188} INFO - [2026-04-26T07:48:44.941+0000] {dag.py:3096} INFO - Sync 1 DAGs
[2026-04-26T07:48:44.968+0000] {logging_mixin.py:188} INFO - [2026-04-26T07:48:44.968+0000] {dag.py:3954} INFO - Setting next_dagrun for example_setup_teardown to 2026-04-25 00:00:00+00:00, run_after=2026-04-26 00:00:00+00:00
[2026-04-26T07:48:45.022+0000] {processor.py:183} INFO - Processing /usr/local/python/3.12.1/lib/python3.12/site-packages/airflow/example_dags/example_setup_teardown.py took 0.109 seconds
[2026-04-26T07:49:14.335+0000] {processor.py:161} INFO - Started process (PID=47137) to work on /usr/local/python/3.12.1/lib/python3.12/site-packages/airflow/example_dags/example_setup_teardown.py
[2026-04-26T07:49:14.336+0000] {processor.py:830} INFO - Processing file /usr/local/python/3.12.1/lib/python3.12/site-packages/airflow/example_dags/example_setup_teardown.py for tasks to queue
[2026-04-26T07:49:14.337+0000] {logging_mixin.py:188} INFO - [2026-04-26T07:49:14.337+0000] {dagbag.py:540} INFO - Filling up the DagBag from /usr/local/python/3.12.1/lib/python3.12/site-packages/airflow/example_dags/example_setup_teardown.py
[2026-04-26T07:49:14.346+0000] {processor.py:840} INFO - DAG(s) 'example_setup_teardown' retrieved from /usr/local/python/3.12.1/lib/python3.12/site-packages/airflow/example_dags/example_setup_teardown.py
[2026-04-26T07:49:14.358+0000] {logging_mixin.py:188} INFO - [2026-04-26T07:49:14.358+0000] {dag.py:3096} INFO - Sync 1 DAGs
[2026-04-26T07:49:14.377+0000] {logging_mixin.py:188} INFO - [2026-04-26T07:49:14.377+0000] {dag.py:3954} INFO - Setting next_dagrun for example_setup_teardown to 2026-04-25 00:00:00+00:00, run_after=2026-04-26 00:00:00+00:00
[2026-04-26T07:49:14.393+0000] {processor.py:183} INFO - Processing /usr/local/python/3.12.1/lib/python3.12/site-packages/airflow/example_dags/example_setup_teardown.py took 0.066 seconds
[2026-04-26T07:49:18.666+0000] {processor.py:161} INFO - Started process (PID=47176) to work on /usr/local/python/3.12.1/lib/python3.12/site-packages/airflow/example_dags/example_setup_teardown.py
[2026-04-26T07:49:18.666+0000] {processor.py:830} INFO - Processing file /usr/local/python/3.12.1/lib/python3.12/site-packages/airflow/example_dags/example_setup_teardown.py for tasks to queue
[2026-04-26T07:49:18.667+0000] {logging_mixin.py:188} INFO - [2026-04-26T07:49:18.667+0000] {dagbag.py:540} INFO - Filling up the DagBag from /usr/local/python/3.12.1/lib/python3.12/site-packages/airflow/example_dags/example_setup_teardown.py
[2026-04-26T07:49:18.674+0000] {processor.py:840} INFO - DAG(s) 'example_setup_teardown' retrieved from /usr/local/python/3.12.1/lib/python3.12/site-packages/airflow/example_dags/example_setup_teardown.py
[2026-04-26T07:49:18.687+0000] {logging_mixin.py:188} INFO - [2026-04-26T07:49:18.686+0000] {dag.py:3096} INFO - Sync 1 DAGs
[2026-04-26T07:49:18.704+0000] {logging_mixin.py:188} INFO - [2026-04-26T07:49:18.704+0000] {dag.py:3954} INFO - Setting next_dagrun for example_setup_teardown to 2026-04-25 00:00:00+00:00, run_after=2026-04-26 00:00:00+00:00
[2026-04-26T07:49:18.721+0000] {processor.py:183} INFO - Processing /usr/local/python/3.12.1/lib/python3.12/site-packages/airflow/example_dags/example_setup_teardown.py took 0.061 seconds
[2026-04-26T07:49:27.968+0000] {processor.py:161} INFO - Started process (PID=47255) to work on /usr/local/python/3.12.1/lib/python3.12/site-packages/airflow/example_dags/example_setup_teardown.py
[2026-04-26T07:49:27.969+0000] {processor.py:830} INFO - Processing file /usr/local/python/3.12.1/lib/python3.12/site-packages/airflow/example_dags/example_setup_teardown.py for tasks to queue
[2026-04-26T07:49:27.970+0000] {logging_mixin.py:188} INFO - [2026-04-26T07:49:27.969+0000] {dagbag.py:540} INFO - Filling up the DagBag from /usr/local/python/3.12.1/lib/python3.12/site-packages/airflow/example_dags/example_setup_teardown.py
[2026-04-26T07:49:27.978+0000] {processor.py:840} INFO - DAG(s) 'example_setup_teardown' retrieved from /usr/local/python/3.12.1/lib/python3.12/site-packages/airflow/example_dags/example_setup_teardown.py
[2026-04-26T07:49:28.009+0000] {logging_mixin.py:188} INFO - [2026-04-26T07:49:28.008+0000] {dag.py:3096} INFO - Sync 1 DAGs
[2026-04-26T07:49:28.062+0000] {logging_mixin.py:188} INFO - [2026-04-26T07:49:28.061+0000] {dag.py:3954} INFO - Setting next_dagrun for example_setup_teardown to 2026-04-25 00:00:00+00:00, run_after=2026-04-26 00:00:00+00:00
[2026-04-26T07:49:28.101+0000] {processor.py:183} INFO - Processing /usr/local/python/3.12.1/lib/python3.12/site-packages/airflow/example_dags/example_setup_teardown.py took 0.139 seconds
[2026-04-26T07:50:00.020+0000] {processor.py:161} INFO - Started process (PID=47580) to work on /usr/local/python/3.12.1/lib/python3.12/site-packages/airflow/example_dags/example_setup_teardown.py
[2026-04-26T07:50:00.020+0000] {processor.py:830} INFO - Processing file /usr/local/python/3.12.1/lib/python3.12/site-packages/airflow/example_dags/example_setup_teardown.py for tasks to queue
[2026-04-26T07:50:00.021+0000] {logging_mixin.py:188} INFO - [2026-04-26T07:50:00.021+0000] {dagbag.py:540} INFO - Filling up the DagBag from /usr/local/python/3.12.1/lib/python3.12/site-packages/airflow/example_dags/example_setup_teardown.py
[2026-04-26T07:50:00.028+0000] {processor.py:840} INFO - DAG(s) 'example_setup_teardown' retrieved from /usr/local/python/3.12.1/lib/python3.12/site-packages/airflow/example_dags/example_setup_teardown.py
[2026-04-26T07:50:00.047+0000] {logging_mixin.py:188} INFO - [2026-04-26T07:50:00.046+0000] {dag.py:3096} INFO - Sync 1 DAGs
[2026-04-26T07:50:00.064+0000] {logging_mixin.py:188} INFO - [2026-04-26T07:50:00.064+0000] {dag.py:3954} INFO - Setting next_dagrun for example_setup_teardown to 2026-04-25 00:00:00+00:00, run_after=2026-04-26 00:00:00+00:00
[2026-04-26T07:50:00.085+0000] {processor.py:183} INFO - Processing /usr/local/python/3.12.1/lib/python3.12/site-packages/airflow/example_dags/example_setup_teardown.py took 0.070 seconds
[2026-04-26T07:50:12.633+0000] {processor.py:161} INFO - Started process (PID=47754) to work on /usr/local/python/3.12.1/lib/python3.12/site-packages/airflow/example_dags/example_setup_teardown.py
[2026-04-26T07:50:12.633+0000] {processor.py:830} INFO - Processing file /usr/local/python/3.12.1/lib/python3.12/site-packages/airflow/example_dags/example_setup_teardown.py for tasks to queue
[2026-04-26T07:50:12.634+0000] {logging_mixin.py:188} INFO - [2026-04-26T07:50:12.634+0000] {dagbag.py:540} INFO - Filling up the DagBag from /usr/local/python/3.12.1/lib/python3.12/site-packages/airflow/example_dags/example_setup_teardown.py
[2026-04-26T07:50:12.640+0000] {processor.py:840} INFO - DAG(s) 'example_setup_teardown' retrieved from /usr/local/python/3.12.1/lib/python3.12/site-packages/airflow/example_dags/example_setup_teardown.py
[2026-04-26T07:50:12.651+0000] {logging_mixin.py:188} INFO - [2026-04-26T07:50:12.651+0000] {dag.py:3096} INFO - Sync 1 DAGs
[2026-04-26T07:50:12.669+0000] {logging_mixin.py:188} INFO - [2026-04-26T07:50:12.669+0000] {dag.py:3954} INFO - Setting next_dagrun for example_setup_teardown to 2026-04-25 00:00:00+00:00, run_after=2026-04-26 00:00:00+00:00
[2026-04-26T07:50:12.687+0000] {processor.py:183} INFO - Processing /usr/local/python/3.12.1/lib/python3.12/site-packages/airflow/example_dags/example_setup_teardown.py took 0.058 seconds
[2026-04-26T07:50:13.312+0000] {processor.py:161} INFO - Started process (PID=47758) to work on /usr/local/python/3.12.1/lib/python3.12/site-packages/airflow/example_dags/example_setup_teardown.py
[2026-04-26T07:50:13.312+0000] {processor.py:830} INFO - Processing file /usr/local/python/3.12.1/lib/python3.12/site-packages/airflow/example_dags/example_setup_teardown.py for tasks to queue
[2026-04-26T07:50:13.313+0000] {logging_mixin.py:188} INFO - [2026-04-26T07:50:13.313+0000] {dagbag.py:540} INFO - Filling up the DagBag from /usr/local/python/3.12.1/lib/python3.12/site-packages/airflow/example_dags/example_setup_teardown.py
[2026-04-26T07:50:13.319+0000] {processor.py:840} INFO - DAG(s) 'example_setup_teardown' retrieved from /usr/local/python/3.12.1/lib/python3.12/site-packages/airflow/example_dags/example_setup_teardown.py
[2026-04-26T07:50:13.335+0000] {logging_mixin.py:188} INFO - [2026-04-26T07:50:13.335+0000] {dag.py:3096} INFO - Sync 1 DAGs
[2026-04-26T07:50:13.352+0000] {logging_mixin.py:188} INFO - [2026-04-26T07:50:13.352+0000] {dag.py:3954} INFO - Setting next_dagrun for example_setup_teardown to 2026-04-25 00:00:00+00:00, run_after=2026-04-26 00:00:00+00:00
[2026-04-26T07:50:13.421+0000] {processor.py:183} INFO - Processing /usr/local/python/3.12.1/lib/python3.12/site-packages/airflow/example_dags/example_setup_teardown.py took 0.114 seconds
[2026-04-26T07:50:42.920+0000] {processor.py:161} INFO - Started process (PID=48076) to work on /usr/local/python/3.12.1/lib/python3.12/site-packages/airflow/example_dags/example_setup_teardown.py
[2026-04-26T07:50:42.923+0000] {processor.py:830} INFO - Processing file /usr/local/python/3.12.1/lib/python3.12/site-packages/airflow/example_dags/example_setup_teardown.py for tasks to queue
[2026-04-26T07:50:42.924+0000] {logging_mixin.py:188} INFO - [2026-04-26T07:50:42.924+0000] {dagbag.py:540} INFO - Filling up the DagBag from /usr/local/python/3.12.1/lib/python3.12/site-packages/airflow/example_dags/example_setup_teardown.py
[2026-04-26T07:50:42.947+0000] {processor.py:840} INFO - DAG(s) 'example_setup_teardown' retrieved from /usr/local/python/3.12.1/lib/python3.12/site-packages/airflow/example_dags/example_setup_teardown.py
[2026-04-26T07:50:43.015+0000] {logging_mixin.py:188} INFO - [2026-04-26T07:50:43.015+0000] {dag.py:3096} INFO - Sync 1 DAGs
[2026-04-26T07:50:43.057+0000] {logging_mixin.py:188} INFO - [2026-04-26T07:50:43.057+0000] {dag.py:3954} INFO - Setting next_dagrun for example_setup_teardown to 2026-04-25 00:00:00+00:00, run_after=2026-04-26 00:00:00+00:00
[2026-04-26T07:50:43.083+0000] {processor.py:183} INFO - Processing /usr/local/python/3.12.1/lib/python3.12/site-packages/airflow/example_dags/example_setup_teardown.py took 0.182 seconds
[2026-04-26T07:50:56.849+0000] {processor.py:161} INFO - Started process (PID=48417) to work on /usr/local/python/3.12.1/lib/python3.12/site-packages/airflow/example_dags/example_setup_teardown.py
[2026-04-26T07:50:56.849+0000] {processor.py:830} INFO - Processing file /usr/local/python/3.12.1/lib/python3.12/site-packages/airflow/example_dags/example_setup_teardown.py for tasks to queue
[2026-04-26T07:50:56.850+0000] {logging_mixin.py:188} INFO - [2026-04-26T07:50:56.850+0000] {dagbag.py:540} INFO - Filling up the DagBag from /usr/local/python/3.12.1/lib/python3.12/site-packages/airflow/example_dags/example_setup_teardown.py
[2026-04-26T07:50:56.856+0000] {processor.py:840} INFO - DAG(s) 'example_setup_teardown' retrieved from /usr/local/python/3.12.1/lib/python3.12/site-packages/airflow/example_dags/example_setup_teardown.py
[2026-04-26T07:50:56.876+0000] {logging_mixin.py:188} INFO - [2026-04-26T07:50:56.874+0000] {dag.py:3096} INFO - Sync 1 DAGs
[2026-04-26T07:50:56.902+0000] {logging_mixin.py:188} INFO - [2026-04-26T07:50:56.902+0000] {dag.py:3954} INFO - Setting next_dagrun for example_setup_teardown to 2026-04-25 00:00:00+00:00, run_after=2026-04-26 00:00:00+00:00
[2026-04-26T07:50:56.927+0000] {processor.py:183} INFO - Processing /usr/local/python/3.12.1/lib/python3.12/site-packages/airflow/example_dags/example_setup_teardown.py took 0.082 seconds
[2026-04-26T07:50:58.044+0000] {processor.py:161} INFO - Started process (PID=48422) to work on /usr/local/python/3.12.1/lib/python3.12/site-packages/airflow/example_dags/example_setup_teardown.py
[2026-04-26T07:50:58.045+0000] {processor.py:830} INFO - Processing file /usr/local/python/3.12.1/lib/python3.12/site-packages/airflow/example_dags/example_setup_teardown.py for tasks to queue
[2026-04-26T07:50:58.046+0000] {logging_mixin.py:188} INFO - [2026-04-26T07:50:58.046+0000] {dagbag.py:540} INFO - Filling up the DagBag from /usr/local/python/3.12.1/lib/python3.12/site-packages/airflow/example_dags/example_setup_teardown.py
[2026-04-26T07:50:58.054+0000] {processor.py:840} INFO - DAG(s) 'example_setup_teardown' retrieved from /usr/local/python/3.12.1/lib/python3.12/site-packages/airflow/example_dags/example_setup_teardown.py
[2026-04-26T07:50:58.074+0000] {logging_mixin.py:188} INFO - [2026-04-26T07:50:58.073+0000] {dag.py:3096} INFO - Sync 1 DAGs
[2026-04-26T07:50:58.104+0000] {logging_mixin.py:188} INFO - [2026-04-26T07:50:58.104+0000] {dag.py:3954} INFO - Setting next_dagrun for example_setup_teardown to 2026-04-25 00:00:00+00:00, run_after=2026-04-26 00:00:00+00:00
[2026-04-26T07:50:58.121+0000] {processor.py:183} INFO - Processing /usr/local/python/3.12.1/lib/python3.12/site-packages/airflow/example_dags/example_setup_teardown.py took 0.084 seconds
[2026-04-26T07:51:26.506+0000] {processor.py:161} INFO - Started process (PID=48679) to work on /usr/local/python/3.12.1/lib/python3.12/site-packages/airflow/example_dags/example_setup_teardown.py
[2026-04-26T07:51:26.506+0000] {processor.py:830} INFO - Processing file /usr/local/python/3.12.1/lib/python3.12/site-packages/airflow/example_dags/example_setup_teardown.py for tasks to queue
[2026-04-26T07:51:26.507+0000] {logging_mixin.py:188} INFO - [2026-04-26T07:51:26.507+0000] {dagbag.py:540} INFO - Filling up the DagBag from /usr/local/python/3.12.1/lib/python3.12/site-packages/airflow/example_dags/example_setup_teardown.py
[2026-04-26T07:51:26.515+0000] {processor.py:840} INFO - DAG(s) 'example_setup_teardown' retrieved from /usr/local/python/3.12.1/lib/python3.12/site-packages/airflow/example_dags/example_setup_teardown.py
[2026-04-26T07:51:26.530+0000] {logging_mixin.py:188} INFO - [2026-04-26T07:51:26.530+0000] {dag.py:3096} INFO - Sync 1 DAGs
[2026-04-26T07:51:26.545+0000] {logging_mixin.py:188} INFO - [2026-04-26T07:51:26.545+0000] {dag.py:3954} INFO - Setting next_dagrun for example_setup_teardown to 2026-04-25 00:00:00+00:00, run_after=2026-04-26 00:00:00+00:00
[2026-04-26T07:51:26.564+0000] {processor.py:183} INFO - Processing /usr/local/python/3.12.1/lib/python3.12/site-packages/airflow/example_dags/example_setup_teardown.py took 0.062 seconds
[2026-04-26T07:51:41.162+0000] {processor.py:161} INFO - Started process (PID=48901) to work on /usr/local/python/3.12.1/lib/python3.12/site-packages/airflow/example_dags/example_setup_teardown.py
[2026-04-26T07:51:41.163+0000] {processor.py:830} INFO - Processing file /usr/local/python/3.12.1/lib/python3.12/site-packages/airflow/example_dags/example_setup_teardown.py for tasks to queue
[2026-04-26T07:51:41.164+0000] {logging_mixin.py:188} INFO - [2026-04-26T07:51:41.164+0000] {dagbag.py:540} INFO - Filling up the DagBag from /usr/local/python/3.12.1/lib/python3.12/site-packages/airflow/example_dags/example_setup_teardown.py
[2026-04-26T07:51:41.172+0000] {processor.py:840} INFO - DAG(s) 'example_setup_teardown' retrieved from /usr/local/python/3.12.1/lib/python3.12/site-packages/airflow/example_dags/example_setup_teardown.py
[2026-04-26T07:51:41.191+0000] {logging_mixin.py:188} INFO - [2026-04-26T07:51:41.191+0000] {dag.py:3096} INFO - Sync 1 DAGs
[2026-04-26T07:51:41.222+0000] {logging_mixin.py:188} INFO - [2026-04-26T07:51:41.222+0000] {dag.py:3954} INFO - Setting next_dagrun for example_setup_teardown to 2026-04-25 00:00:00+00:00, run_after=2026-04-26 00:00:00+00:00
[2026-04-26T07:51:41.269+0000] {processor.py:183} INFO - Processing /usr/local/python/3.12.1/lib/python3.12/site-packages/airflow/example_dags/example_setup_teardown.py took 0.113 seconds
[2026-04-26T07:51:43.987+0000] {processor.py:161} INFO - Started process (PID=48965) to work on /usr/local/python/3.12.1/lib/python3.12/site-packages/airflow/example_dags/example_setup_teardown.py
[2026-04-26T07:51:43.987+0000] {processor.py:830} INFO - Processing file /usr/local/python/3.12.1/lib/python3.12/site-packages/airflow/example_dags/example_setup_teardown.py for tasks to queue
[2026-04-26T07:51:43.988+0000] {logging_mixin.py:188} INFO - [2026-04-26T07:51:43.988+0000] {dagbag.py:540} INFO - Filling up the DagBag from /usr/local/python/3.12.1/lib/python3.12/site-packages/airflow/example_dags/example_setup_teardown.py
[2026-04-26T07:51:43.994+0000] {processor.py:840} INFO - DAG(s) 'example_setup_teardown' retrieved from /usr/local/python/3.12.1/lib/python3.12/site-packages/airflow/example_dags/example_setup_teardown.py
[2026-04-26T07:51:44.005+0000] {logging_mixin.py:188} INFO - [2026-04-26T07:51:44.005+0000] {dag.py:3096} INFO - Sync 1 DAGs
[2026-04-26T07:51:44.021+0000] {logging_mixin.py:188} INFO - [2026-04-26T07:51:44.021+0000] {dag.py:3954} INFO - Setting next_dagrun for example_setup_teardown to 2026-04-25 00:00:00+00:00, run_after=2026-04-26 00:00:00+00:00
[2026-04-26T07:51:44.037+0000] {processor.py:183} INFO - Processing /usr/local/python/3.12.1/lib/python3.12/site-packages/airflow/example_dags/example_setup_teardown.py took 0.057 seconds
[2026-04-26T07:52:07.609+0000] {processor.py:161} INFO - Started process (PID=49185) to work on /usr/local/python/3.12.1/lib/python3.12/site-packages/airflow/example_dags/example_setup_teardown.py
[2026-04-26T07:52:07.610+0000] {processor.py:830} INFO - Processing file /usr/local/python/3.12.1/lib/python3.12/site-packages/airflow/example_dags/example_setup_teardown.py for tasks to queue
[2026-04-26T07:52:07.611+0000] {logging_mixin.py:188} INFO - [2026-04-26T07:52:07.610+0000] {dagbag.py:540} INFO - Filling up the DagBag from /usr/local/python/3.12.1/lib/python3.12/site-packages/airflow/example_dags/example_setup_teardown.py
[2026-04-26T07:52:07.616+0000] {processor.py:840} INFO - DAG(s) 'example_setup_teardown' retrieved from /usr/local/python/3.12.1/lib/python3.12/site-packages/airflow/example_dags/example_setup_teardown.py
[2026-04-26T07:52:07.628+0000] {logging_mixin.py:188} INFO - [2026-04-26T07:52:07.628+0000] {dag.py:3096} INFO - Sync 1 DAGs
[2026-04-26T07:52:07.643+0000] {logging_mixin.py:188} INFO - [2026-04-26T07:52:07.643+0000] {dag.py:3954} INFO - Setting next_dagrun for example_setup_teardown to 2026-04-25 00:00:00+00:00, run_after=2026-04-26 00:00:00+00:00
[2026-04-26T07:52:07.660+0000] {processor.py:183} INFO - Processing /usr/local/python/3.12.1/lib/python3.12/site-packages/airflow/example_dags/example_setup_teardown.py took 0.055 seconds
[2026-04-26T07:52:20.864+0000] {processor.py:161} INFO - Started process (PID=49297) to work on /usr/local/python/3.12.1/lib/python3.12/site-packages/airflow/example_dags/example_setup_teardown.py
[2026-04-26T07:52:20.865+0000] {processor.py:830} INFO - Processing file /usr/local/python/3.12.1/lib/python3.12/site-packages/airflow/example_dags/example_setup_teardown.py for tasks to queue
[2026-04-26T07:52:20.866+0000] {logging_mixin.py:188} INFO - [2026-04-26T07:52:20.865+0000] {dagbag.py:540} INFO - Filling up the DagBag from /usr/local/python/3.12.1/lib/python3.12/site-packages/airflow/example_dags/example_setup_teardown.py
[2026-04-26T07:52:20.873+0000] {processor.py:840} INFO - DAG(s) 'example_setup_teardown' retrieved from /usr/local/python/3.12.1/lib/python3.12/site-packages/airflow/example_dags/example_setup_teardown.py
[2026-04-26T07:52:20.891+0000] {logging_mixin.py:188} INFO - [2026-04-26T07:52:20.891+0000] {dag.py:3096} INFO - Sync 1 DAGs
[2026-04-26T07:52:20.910+0000] {logging_mixin.py:188} INFO - [2026-04-26T07:52:20.910+0000] {dag.py:3954} INFO - Setting next_dagrun for example_setup_teardown to 2026-04-25 00:00:00+00:00, run_after=2026-04-26 00:00:00+00:00
[2026-04-26T07:52:20.926+0000] {processor.py:183} INFO - Processing /usr/local/python/3.12.1/lib/python3.12/site-packages/airflow/example_dags/example_setup_teardown.py took 0.067 seconds
[2026-04-26T07:52:27.081+0000] {processor.py:161} INFO - Started process (PID=49382) to work on /usr/local/python/3.12.1/lib/python3.12/site-packages/airflow/example_dags/example_setup_teardown.py
[2026-04-26T07:52:27.082+0000] {processor.py:830} INFO - Processing file /usr/local/python/3.12.1/lib/python3.12/site-packages/airflow/example_dags/example_setup_teardown.py for tasks to queue
[2026-04-26T07:52:27.083+0000] {logging_mixin.py:188} INFO - [2026-04-26T07:52:27.082+0000] {dagbag.py:540} INFO - Filling up the DagBag from /usr/local/python/3.12.1/lib/python3.12/site-packages/airflow/example_dags/example_setup_teardown.py
[2026-04-26T07:52:27.091+0000] {processor.py:840} INFO - DAG(s) 'example_setup_teardown' retrieved from /usr/local/python/3.12.1/lib/python3.12/site-packages/airflow/example_dags/example_setup_teardown.py
[2026-04-26T07:52:27.109+0000] {logging_mixin.py:188} INFO - [2026-04-26T07:52:27.108+0000] {dag.py:3096} INFO - Sync 1 DAGs
[2026-04-26T07:52:27.137+0000] {logging_mixin.py:188} INFO - [2026-04-26T07:52:27.137+0000] {dag.py:3954} INFO - Setting next_dagrun for example_setup_teardown to 2026-04-25 00:00:00+00:00, run_after=2026-04-26 00:00:00+00:00
[2026-04-26T07:52:27.161+0000] {processor.py:183} INFO - Processing /usr/local/python/3.12.1/lib/python3.12/site-packages/airflow/example_dags/example_setup_teardown.py took 0.086 seconds
[2026-04-26T07:53:05.821+0000] {processor.py:161} INFO - Started process (PID=50130) to work on /usr/local/python/3.12.1/lib/python3.12/site-packages/airflow/example_dags/example_setup_teardown.py
[2026-04-26T07:53:05.822+0000] {processor.py:830} INFO - Processing file /usr/local/python/3.12.1/lib/python3.12/site-packages/airflow/example_dags/example_setup_teardown.py for tasks to queue
[2026-04-26T07:53:05.823+0000] {logging_mixin.py:188} INFO - [2026-04-26T07:53:05.822+0000] {dagbag.py:540} INFO - Filling up the DagBag from /usr/local/python/3.12.1/lib/python3.12/site-packages/airflow/example_dags/example_setup_teardown.py
[2026-04-26T07:53:05.830+0000] {processor.py:840} INFO - DAG(s) 'example_setup_teardown' retrieved from /usr/local/python/3.12.1/lib/python3.12/site-packages/airflow/example_dags/example_setup_teardown.py
[2026-04-26T07:53:05.849+0000] {logging_mixin.py:188} INFO - [2026-04-26T07:53:05.848+0000] {dag.py:3096} INFO - Sync 1 DAGs
[2026-04-26T07:53:05.875+0000] {logging_mixin.py:188} INFO - [2026-04-26T07:53:05.874+0000] {dag.py:3954} INFO - Setting next_dagrun for example_setup_teardown to 2026-04-25 00:00:00+00:00, run_after=2026-04-26 00:00:00+00:00
[2026-04-26T07:53:05.902+0000] {processor.py:183} INFO - Processing /usr/local/python/3.12.1/lib/python3.12/site-packages/airflow/example_dags/example_setup_teardown.py took 0.087 seconds
[2026-04-26T07:53:08.866+0000] {processor.py:161} INFO - Started process (PID=50165) to work on /usr/local/python/3.12.1/lib/python3.12/site-packages/airflow/example_dags/example_setup_teardown.py
[2026-04-26T07:53:08.868+0000] {processor.py:830} INFO - Processing file /usr/local/python/3.12.1/lib/python3.12/site-packages/airflow/example_dags/example_setup_teardown.py for tasks to queue
[2026-04-26T07:53:08.869+0000] {logging_mixin.py:188} INFO - [2026-04-26T07:53:08.868+0000] {dagbag.py:540} INFO - Filling up the DagBag from /usr/local/python/3.12.1/lib/python3.12/site-packages/airflow/example_dags/example_setup_teardown.py
[2026-04-26T07:53:08.881+0000] {processor.py:840} INFO - DAG(s) 'example_setup_teardown' retrieved from /usr/local/python/3.12.1/lib/python3.12/site-packages/airflow/example_dags/example_setup_teardown.py
[2026-04-26T07:53:08.911+0000] {logging_mixin.py:188} INFO - [2026-04-26T07:53:08.910+0000] {dag.py:3096} INFO - Sync 1 DAGs
[2026-04-26T07:53:08.940+0000] {logging_mixin.py:188} INFO - [2026-04-26T07:53:08.940+0000] {dag.py:3954} INFO - Setting next_dagrun for example_setup_teardown to 2026-04-25 00:00:00+00:00, run_after=2026-04-26 00:00:00+00:00
[2026-04-26T07:53:08.977+0000] {processor.py:183} INFO - Processing /usr/local/python/3.12.1/lib/python3.12/site-packages/airflow/example_dags/example_setup_teardown.py took 0.119 seconds
[2026-04-26T07:53:09.881+0000] {processor.py:161} INFO - Started process (PID=50188) to work on /usr/local/python/3.12.1/lib/python3.12/site-packages/airflow/example_dags/example_setup_teardown.py
[2026-04-26T07:53:09.884+0000] {processor.py:830} INFO - Processing file /usr/local/python/3.12.1/lib/python3.12/site-packages/airflow/example_dags/example_setup_teardown.py for tasks to queue
[2026-04-26T07:53:09.886+0000] {logging_mixin.py:188} INFO - [2026-04-26T07:53:09.885+0000] {dagbag.py:540} INFO - Filling up the DagBag from /usr/local/python/3.12.1/lib/python3.12/site-packages/airflow/example_dags/example_setup_teardown.py
[2026-04-26T07:53:09.901+0000] {processor.py:840} INFO - DAG(s) 'example_setup_teardown' retrieved from /usr/local/python/3.12.1/lib/python3.12/site-packages/airflow/example_dags/example_setup_teardown.py
[2026-04-26T07:53:09.931+0000] {logging_mixin.py:188} INFO - [2026-04-26T07:53:09.930+0000] {dag.py:3096} INFO - Sync 1 DAGs
[2026-04-26T07:53:09.954+0000] {logging_mixin.py:188} INFO - [2026-04-26T07:53:09.954+0000] {dag.py:3954} INFO - Setting next_dagrun for example_setup_teardown to 2026-04-25 00:00:00+00:00, run_after=2026-04-26 00:00:00+00:00
[2026-04-26T07:53:10.011+0000] {processor.py:183} INFO - Processing /usr/local/python/3.12.1/lib/python3.12/site-packages/airflow/example_dags/example_setup_teardown.py took 0.144 seconds
[2026-04-26T07:53:47.806+0000] {processor.py:161} INFO - Started process (PID=50707) to work on /usr/local/python/3.12.1/lib/python3.12/site-packages/airflow/example_dags/example_setup_teardown.py
[2026-04-26T07:53:47.809+0000] {processor.py:830} INFO - Processing file /usr/local/python/3.12.1/lib/python3.12/site-packages/airflow/example_dags/example_setup_teardown.py for tasks to queue
[2026-04-26T07:53:47.810+0000] {logging_mixin.py:188} INFO - [2026-04-26T07:53:47.809+0000] {dagbag.py:540} INFO - Filling up the DagBag from /usr/local/python/3.12.1/lib/python3.12/site-packages/airflow/example_dags/example_setup_teardown.py
[2026-04-26T07:53:47.819+0000] {processor.py:840} INFO - DAG(s) 'example_setup_teardown' retrieved from /usr/local/python/3.12.1/lib/python3.12/site-packages/airflow/example_dags/example_setup_teardown.py
[2026-04-26T07:53:47.846+0000] {logging_mixin.py:188} INFO - [2026-04-26T07:53:47.844+0000] {dag.py:3096} INFO - Sync 1 DAGs
[2026-04-26T07:53:47.881+0000] {logging_mixin.py:188} INFO - [2026-04-26T07:53:47.880+0000] {dag.py:3954} INFO - Setting next_dagrun for example_setup_teardown to 2026-04-25 00:00:00+00:00, run_after=2026-04-26 00:00:00+00:00
[2026-04-26T07:53:47.916+0000] {processor.py:183} INFO - Processing /usr/local/python/3.12.1/lib/python3.12/site-packages/airflow/example_dags/example_setup_teardown.py took 0.124 seconds
[2026-04-26T07:53:54.262+0000] {processor.py:161} INFO - Started process (PID=50816) to work on /usr/local/python/3.12.1/lib/python3.12/site-packages/airflow/example_dags/example_setup_teardown.py
[2026-04-26T07:53:54.263+0000] {processor.py:830} INFO - Processing file /usr/local/python/3.12.1/lib/python3.12/site-packages/airflow/example_dags/example_setup_teardown.py for tasks to queue
[2026-04-26T07:53:54.264+0000] {logging_mixin.py:188} INFO - [2026-04-26T07:53:54.263+0000] {dagbag.py:540} INFO - Filling up the DagBag from /usr/local/python/3.12.1/lib/python3.12/site-packages/airflow/example_dags/example_setup_teardown.py
[2026-04-26T07:53:54.273+0000] {processor.py:840} INFO - DAG(s) 'example_setup_teardown' retrieved from /usr/local/python/3.12.1/lib/python3.12/site-packages/airflow/example_dags/example_setup_teardown.py
[2026-04-26T07:53:54.292+0000] {logging_mixin.py:188} INFO - [2026-04-26T07:53:54.292+0000] {dag.py:3096} INFO - Sync 1 DAGs
[2026-04-26T07:53:54.313+0000] {logging_mixin.py:188} INFO - [2026-04-26T07:53:54.313+0000] {dag.py:3954} INFO - Setting next_dagrun for example_setup_teardown to 2026-04-25 00:00:00+00:00, run_after=2026-04-26 00:00:00+00:00
[2026-04-26T07:53:54.330+0000] {processor.py:183} INFO - Processing /usr/local/python/3.12.1/lib/python3.12/site-packages/airflow/example_dags/example_setup_teardown.py took 0.075 seconds
[2026-04-26T07:53:56.661+0000] {processor.py:161} INFO - Started process (PID=50831) to work on /usr/local/python/3.12.1/lib/python3.12/site-packages/airflow/example_dags/example_setup_teardown.py
[2026-04-26T07:53:56.663+0000] {processor.py:830} INFO - Processing file /usr/local/python/3.12.1/lib/python3.12/site-packages/airflow/example_dags/example_setup_teardown.py for tasks to queue
[2026-04-26T07:53:56.664+0000] {logging_mixin.py:188} INFO - [2026-04-26T07:53:56.664+0000] {dagbag.py:540} INFO - Filling up the DagBag from /usr/local/python/3.12.1/lib/python3.12/site-packages/airflow/example_dags/example_setup_teardown.py
[2026-04-26T07:53:56.680+0000] {processor.py:840} INFO - DAG(s) 'example_setup_teardown' retrieved from /usr/local/python/3.12.1/lib/python3.12/site-packages/airflow/example_dags/example_setup_teardown.py
[2026-04-26T07:53:56.693+0000] {logging_mixin.py:188} INFO - [2026-04-26T07:53:56.693+0000] {dag.py:3096} INFO - Sync 1 DAGs
[2026-04-26T07:53:56.712+0000] {logging_mixin.py:188} INFO - [2026-04-26T07:53:56.712+0000] {dag.py:3954} INFO - Setting next_dagrun for example_setup_teardown to 2026-04-25 00:00:00+00:00, run_after=2026-04-26 00:00:00+00:00
[2026-04-26T07:53:56.729+0000] {processor.py:183} INFO - Processing /usr/local/python/3.12.1/lib/python3.12/site-packages/airflow/example_dags/example_setup_teardown.py took 0.076 seconds
[2026-04-26T07:54:31.545+0000] {processor.py:161} INFO - Started process (PID=51151) to work on /usr/local/python/3.12.1/lib/python3.12/site-packages/airflow/example_dags/example_setup_teardown.py
[2026-04-26T07:54:31.546+0000] {processor.py:830} INFO - Processing file /usr/local/python/3.12.1/lib/python3.12/site-packages/airflow/example_dags/example_setup_teardown.py for tasks to queue
[2026-04-26T07:54:31.547+0000] {logging_mixin.py:188} INFO - [2026-04-26T07:54:31.546+0000] {dagbag.py:540} INFO - Filling up the DagBag from /usr/local/python/3.12.1/lib/python3.12/site-packages/airflow/example_dags/example_setup_teardown.py
[2026-04-26T07:54:31.553+0000] {processor.py:840} INFO - DAG(s) 'example_setup_teardown' retrieved from /usr/local/python/3.12.1/lib/python3.12/site-packages/airflow/example_dags/example_setup_teardown.py
[2026-04-26T07:54:31.571+0000] {logging_mixin.py:188} INFO - [2026-04-26T07:54:31.571+0000] {dag.py:3096} INFO - Sync 1 DAGs
[2026-04-26T07:54:31.592+0000] {logging_mixin.py:188} INFO - [2026-04-26T07:54:31.592+0000] {dag.py:3954} INFO - Setting next_dagrun for example_setup_teardown to 2026-04-25 00:00:00+00:00, run_after=2026-04-26 00:00:00+00:00
[2026-04-26T07:54:31.610+0000] {processor.py:183} INFO - Processing /usr/local/python/3.12.1/lib/python3.12/site-packages/airflow/example_dags/example_setup_teardown.py took 0.069 seconds
[2026-04-26T07:54:38.092+0000] {processor.py:161} INFO - Started process (PID=51240) to work on /usr/local/python/3.12.1/lib/python3.12/site-packages/airflow/example_dags/example_setup_teardown.py
[2026-04-26T07:54:38.093+0000] {processor.py:830} INFO - Processing file /usr/local/python/3.12.1/lib/python3.12/site-packages/airflow/example_dags/example_setup_teardown.py for tasks to queue
[2026-04-26T07:54:38.094+0000] {logging_mixin.py:188} INFO - [2026-04-26T07:54:38.094+0000] {dagbag.py:540} INFO - Filling up the DagBag from /usr/local/python/3.12.1/lib/python3.12/site-packages/airflow/example_dags/example_setup_teardown.py
[2026-04-26T07:54:38.100+0000] {processor.py:840} INFO - DAG(s) 'example_setup_teardown' retrieved from /usr/local/python/3.12.1/lib/python3.12/site-packages/airflow/example_dags/example_setup_teardown.py
[2026-04-26T07:54:38.115+0000] {logging_mixin.py:188} INFO - [2026-04-26T07:54:38.115+0000] {dag.py:3096} INFO - Sync 1 DAGs
[2026-04-26T07:54:38.136+0000] {logging_mixin.py:188} INFO - [2026-04-26T07:54:38.136+0000] {dag.py:3954} INFO - Setting next_dagrun for example_setup_teardown to 2026-04-25 00:00:00+00:00, run_after=2026-04-26 00:00:00+00:00
[2026-04-26T07:54:38.137+0000] {processor.py:161} INFO - Started process (PID=51241) to work on /usr/local/python/3.12.1/lib/python3.12/site-packages/airflow/example_dags/example_setup_teardown.py
[2026-04-26T07:54:38.138+0000] {processor.py:830} INFO - Processing file /usr/local/python/3.12.1/lib/python3.12/site-packages/airflow/example_dags/example_setup_teardown.py for tasks to queue
[2026-04-26T07:54:38.139+0000] {logging_mixin.py:188} INFO - [2026-04-26T07:54:38.139+0000] {dagbag.py:540} INFO - Filling up the DagBag from /usr/local/python/3.12.1/lib/python3.12/site-packages/airflow/example_dags/example_setup_teardown.py
[2026-04-26T07:54:38.148+0000] {processor.py:840} INFO - DAG(s) 'example_setup_teardown' retrieved from /usr/local/python/3.12.1/lib/python3.12/site-packages/airflow/example_dags/example_setup_teardown.py
[2026-04-26T07:54:38.161+0000] {processor.py:183} INFO - Processing /usr/local/python/3.12.1/lib/python3.12/site-packages/airflow/example_dags/example_setup_teardown.py took 0.073 seconds
[2026-04-26T07:54:38.167+0000] {logging_mixin.py:188} INFO - [2026-04-26T07:54:38.167+0000] {dag.py:3096} INFO - Sync 1 DAGs
[2026-04-26T07:54:38.188+0000] {logging_mixin.py:188} INFO - [2026-04-26T07:54:38.188+0000] {dag.py:3954} INFO - Setting next_dagrun for example_setup_teardown to 2026-04-25 00:00:00+00:00, run_after=2026-04-26 00:00:00+00:00
[2026-04-26T07:54:38.210+0000] {processor.py:183} INFO - Processing /usr/local/python/3.12.1/lib/python3.12/site-packages/airflow/example_dags/example_setup_teardown.py took 0.079 seconds
[2026-04-26T07:55:20.692+0000] {processor.py:161} INFO - Started process (PID=52024) to work on /usr/local/python/3.12.1/lib/python3.12/site-packages/airflow/example_dags/example_setup_teardown.py
[2026-04-26T07:55:20.693+0000] {processor.py:830} INFO - Processing file /usr/local/python/3.12.1/lib/python3.12/site-packages/airflow/example_dags/example_setup_teardown.py for tasks to queue
[2026-04-26T07:55:20.693+0000] {logging_mixin.py:188} INFO - [2026-04-26T07:55:20.693+0000] {dagbag.py:540} INFO - Filling up the DagBag from /usr/local/python/3.12.1/lib/python3.12/site-packages/airflow/example_dags/example_setup_teardown.py
[2026-04-26T07:55:20.700+0000] {processor.py:840} INFO - DAG(s) 'example_setup_teardown' retrieved from /usr/local/python/3.12.1/lib/python3.12/site-packages/airflow/example_dags/example_setup_teardown.py
[2026-04-26T07:55:20.713+0000] {logging_mixin.py:188} INFO - [2026-04-26T07:55:20.713+0000] {dag.py:3096} INFO - Sync 1 DAGs
[2026-04-26T07:55:20.730+0000] {logging_mixin.py:188} INFO - [2026-04-26T07:55:20.730+0000] {dag.py:3954} INFO - Setting next_dagrun for example_setup_teardown to 2026-04-25 00:00:00+00:00, run_after=2026-04-26 00:00:00+00:00
[2026-04-26T07:55:20.749+0000] {processor.py:183} INFO - Processing /usr/local/python/3.12.1/lib/python3.12/site-packages/airflow/example_dags/example_setup_teardown.py took 0.062 seconds
[2026-04-26T07:55:28.964+0000] {processor.py:161} INFO - Started process (PID=52240) to work on /usr/local/python/3.12.1/lib/python3.12/site-packages/airflow/example_dags/example_setup_teardown.py
[2026-04-26T07:55:28.964+0000] {processor.py:830} INFO - Processing file /usr/local/python/3.12.1/lib/python3.12/site-packages/airflow/example_dags/example_setup_teardown.py for tasks to queue
[2026-04-26T07:55:28.965+0000] {logging_mixin.py:188} INFO - [2026-04-26T07:55:28.965+0000] {dagbag.py:540} INFO - Filling up the DagBag from /usr/local/python/3.12.1/lib/python3.12/site-packages/airflow/example_dags/example_setup_teardown.py
[2026-04-26T07:55:28.972+0000] {processor.py:840} INFO - DAG(s) 'example_setup_teardown' retrieved from /usr/local/python/3.12.1/lib/python3.12/site-packages/airflow/example_dags/example_setup_teardown.py
[2026-04-26T07:55:28.985+0000] {logging_mixin.py:188} INFO - [2026-04-26T07:55:28.985+0000] {dag.py:3096} INFO - Sync 1 DAGs
[2026-04-26T07:55:29.000+0000] {logging_mixin.py:188} INFO - [2026-04-26T07:55:29.000+0000] {dag.py:3954} INFO - Setting next_dagrun for example_setup_teardown to 2026-04-25 00:00:00+00:00, run_after=2026-04-26 00:00:00+00:00
[2026-04-26T07:55:29.017+0000] {processor.py:183} INFO - Processing /usr/local/python/3.12.1/lib/python3.12/site-packages/airflow/example_dags/example_setup_teardown.py took 0.059 seconds
[2026-04-26T07:55:38.274+0000] {processor.py:161} INFO - Started process (PID=52326) to work on /usr/local/python/3.12.1/lib/python3.12/site-packages/airflow/example_dags/example_setup_teardown.py
[2026-04-26T07:55:38.275+0000] {processor.py:830} INFO - Processing file /usr/local/python/3.12.1/lib/python3.12/site-packages/airflow/example_dags/example_setup_teardown.py for tasks to queue
[2026-04-26T07:55:38.275+0000] {logging_mixin.py:188} INFO - [2026-04-26T07:55:38.275+0000] {dagbag.py:540} INFO - Filling up the DagBag from /usr/local/python/3.12.1/lib/python3.12/site-packages/airflow/example_dags/example_setup_teardown.py
[2026-04-26T07:55:38.282+0000] {processor.py:840} INFO - DAG(s) 'example_setup_teardown' retrieved from /usr/local/python/3.12.1/lib/python3.12/site-packages/airflow/example_dags/example_setup_teardown.py
[2026-04-26T07:55:38.295+0000] {logging_mixin.py:188} INFO - [2026-04-26T07:55:38.294+0000] {dag.py:3096} INFO - Sync 1 DAGs
[2026-04-26T07:55:38.310+0000] {logging_mixin.py:188} INFO - [2026-04-26T07:55:38.310+0000] {dag.py:3954} INFO - Setting next_dagrun for example_setup_teardown to 2026-04-25 00:00:00+00:00, run_after=2026-04-26 00:00:00+00:00
[2026-04-26T07:55:38.327+0000] {processor.py:183} INFO - Processing /usr/local/python/3.12.1/lib/python3.12/site-packages/airflow/example_dags/example_setup_teardown.py took 0.060 seconds
[2026-04-26T07:56:21.694+0000] {processor.py:161} INFO - Started process (PID=52941) to work on /usr/local/python/3.12.1/lib/python3.12/site-packages/airflow/example_dags/example_setup_teardown.py
[2026-04-26T07:56:21.694+0000] {processor.py:830} INFO - Processing file /usr/local/python/3.12.1/lib/python3.12/site-packages/airflow/example_dags/example_setup_teardown.py for tasks to queue
[2026-04-26T07:56:21.695+0000] {logging_mixin.py:188} INFO - [2026-04-26T07:56:21.695+0000] {dagbag.py:540} INFO - Filling up the DagBag from /usr/local/python/3.12.1/lib/python3.12/site-packages/airflow/example_dags/example_setup_teardown.py
[2026-04-26T07:56:21.701+0000] {processor.py:840} INFO - DAG(s) 'example_setup_teardown' retrieved from /usr/local/python/3.12.1/lib/python3.12/site-packages/airflow/example_dags/example_setup_teardown.py
[2026-04-26T07:56:21.714+0000] {logging_mixin.py:188} INFO - [2026-04-26T07:56:21.714+0000] {dag.py:3096} INFO - Sync 1 DAGs
[2026-04-26T07:56:21.730+0000] {logging_mixin.py:188} INFO - [2026-04-26T07:56:21.729+0000] {dag.py:3954} INFO - Setting next_dagrun for example_setup_teardown to 2026-04-25 00:00:00+00:00, run_after=2026-04-26 00:00:00+00:00
[2026-04-26T07:56:21.746+0000] {processor.py:183} INFO - Processing /usr/local/python/3.12.1/lib/python3.12/site-packages/airflow/example_dags/example_setup_teardown.py took 0.057 seconds
[2026-04-26T07:56:22.027+0000] {processor.py:161} INFO - Started process (PID=52943) to work on /usr/local/python/3.12.1/lib/python3.12/site-packages/airflow/example_dags/example_setup_teardown.py
[2026-04-26T07:56:22.027+0000] {processor.py:830} INFO - Processing file /usr/local/python/3.12.1/lib/python3.12/site-packages/airflow/example_dags/example_setup_teardown.py for tasks to queue
[2026-04-26T07:56:22.028+0000] {logging_mixin.py:188} INFO - [2026-04-26T07:56:22.028+0000] {dagbag.py:540} INFO - Filling up the DagBag from /usr/local/python/3.12.1/lib/python3.12/site-packages/airflow/example_dags/example_setup_teardown.py
[2026-04-26T07:56:22.036+0000] {processor.py:840} INFO - DAG(s) 'example_setup_teardown' retrieved from /usr/local/python/3.12.1/lib/python3.12/site-packages/airflow/example_dags/example_setup_teardown.py
[2026-04-26T07:56:22.119+0000] {logging_mixin.py:188} INFO - [2026-04-26T07:56:22.118+0000] {dag.py:3096} INFO - Sync 1 DAGs
[2026-04-26T07:56:22.205+0000] {logging_mixin.py:188} INFO - [2026-04-26T07:56:22.205+0000] {dag.py:3954} INFO - Setting next_dagrun for example_setup_teardown to 2026-04-25 00:00:00+00:00, run_after=2026-04-26 00:00:00+00:00
[2026-04-26T07:56:22.231+0000] {processor.py:183} INFO - Processing /usr/local/python/3.12.1/lib/python3.12/site-packages/airflow/example_dags/example_setup_teardown.py took 0.218 seconds
[2026-04-26T07:56:27.418+0000] {processor.py:161} INFO - Started process (PID=53052) to work on /usr/local/python/3.12.1/lib/python3.12/site-packages/airflow/example_dags/example_setup_teardown.py
[2026-04-26T07:56:27.420+0000] {processor.py:830} INFO - Processing file /usr/local/python/3.12.1/lib/python3.12/site-packages/airflow/example_dags/example_setup_teardown.py for tasks to queue
[2026-04-26T07:56:27.421+0000] {logging_mixin.py:188} INFO - [2026-04-26T07:56:27.420+0000] {dagbag.py:540} INFO - Filling up the DagBag from /usr/local/python/3.12.1/lib/python3.12/site-packages/airflow/example_dags/example_setup_teardown.py
[2026-04-26T07:56:27.440+0000] {processor.py:840} INFO - DAG(s) 'example_setup_teardown' retrieved from /usr/local/python/3.12.1/lib/python3.12/site-packages/airflow/example_dags/example_setup_teardown.py
[2026-04-26T07:56:27.484+0000] {logging_mixin.py:188} INFO - [2026-04-26T07:56:27.484+0000] {dag.py:3096} INFO - Sync 1 DAGs
[2026-04-26T07:56:27.503+0000] {logging_mixin.py:188} INFO - [2026-04-26T07:56:27.503+0000] {dag.py:3954} INFO - Setting next_dagrun for example_setup_teardown to 2026-04-25 00:00:00+00:00, run_after=2026-04-26 00:00:00+00:00
[2026-04-26T07:56:27.538+0000] {processor.py:183} INFO - Processing /usr/local/python/3.12.1/lib/python3.12/site-packages/airflow/example_dags/example_setup_teardown.py took 0.128 seconds
[2026-04-26T07:57:09.922+0000] {processor.py:161} INFO - Started process (PID=53793) to work on /usr/local/python/3.12.1/lib/python3.12/site-packages/airflow/example_dags/example_setup_teardown.py
[2026-04-26T07:57:09.923+0000] {processor.py:830} INFO - Processing file /usr/local/python/3.12.1/lib/python3.12/site-packages/airflow/example_dags/example_setup_teardown.py for tasks to queue
[2026-04-26T07:57:09.924+0000] {logging_mixin.py:188} INFO - [2026-04-26T07:57:09.923+0000] {dagbag.py:540} INFO - Filling up the DagBag from /usr/local/python/3.12.1/lib/python3.12/site-packages/airflow/example_dags/example_setup_teardown.py
[2026-04-26T07:57:09.932+0000] {processor.py:840} INFO - DAG(s) 'example_setup_teardown' retrieved from /usr/local/python/3.12.1/lib/python3.12/site-packages/airflow/example_dags/example_setup_teardown.py
[2026-04-26T07:57:10.048+0000] {logging_mixin.py:188} INFO - [2026-04-26T07:57:10.047+0000] {dag.py:3096} INFO - Sync 1 DAGs
[2026-04-26T07:57:10.066+0000] {logging_mixin.py:188} INFO - [2026-04-26T07:57:10.065+0000] {dag.py:3954} INFO - Setting next_dagrun for example_setup_teardown to 2026-04-25 00:00:00+00:00, run_after=2026-04-26 00:00:00+00:00
[2026-04-26T07:57:10.093+0000] {processor.py:183} INFO - Processing /usr/local/python/3.12.1/lib/python3.12/site-packages/airflow/example_dags/example_setup_teardown.py took 0.178 seconds
[2026-04-26T07:57:11.674+0000] {processor.py:161} INFO - Started process (PID=53801) to work on /usr/local/python/3.12.1/lib/python3.12/site-packages/airflow/example_dags/example_setup_teardown.py
[2026-04-26T07:57:11.678+0000] {processor.py:830} INFO - Processing file /usr/local/python/3.12.1/lib/python3.12/site-packages/airflow/example_dags/example_setup_teardown.py for tasks to queue
[2026-04-26T07:57:11.685+0000] {logging_mixin.py:188} INFO - [2026-04-26T07:57:11.679+0000] {dagbag.py:540} INFO - Filling up the DagBag from /usr/local/python/3.12.1/lib/python3.12/site-packages/airflow/example_dags/example_setup_teardown.py
[2026-04-26T07:57:11.724+0000] {processor.py:840} INFO - DAG(s) 'example_setup_teardown' retrieved from /usr/local/python/3.12.1/lib/python3.12/site-packages/airflow/example_dags/example_setup_teardown.py
[2026-04-26T07:57:11.825+0000] {logging_mixin.py:188} INFO - [2026-04-26T07:57:11.817+0000] {dag.py:3096} INFO - Sync 1 DAGs
[2026-04-26T07:57:11.919+0000] {processor.py:161} INFO - Started process (PID=53812) to work on /usr/local/python/3.12.1/lib/python3.12/site-packages/airflow/example_dags/example_setup_teardown.py
[2026-04-26T07:57:11.920+0000] {processor.py:830} INFO - Processing file /usr/local/python/3.12.1/lib/python3.12/site-packages/airflow/example_dags/example_setup_teardown.py for tasks to queue
[2026-04-26T07:57:11.921+0000] {logging_mixin.py:188} INFO - [2026-04-26T07:57:11.920+0000] {dagbag.py:540} INFO - Filling up the DagBag from /usr/local/python/3.12.1/lib/python3.12/site-packages/airflow/example_dags/example_setup_teardown.py
[2026-04-26T07:57:11.929+0000] {processor.py:840} INFO - DAG(s) 'example_setup_teardown' retrieved from /usr/local/python/3.12.1/lib/python3.12/site-packages/airflow/example_dags/example_setup_teardown.py
[2026-04-26T07:57:12.014+0000] {logging_mixin.py:188} INFO - [2026-04-26T07:57:12.014+0000] {dag.py:3954} INFO - Setting next_dagrun for example_setup_teardown to 2026-04-25 00:00:00+00:00, run_after=2026-04-26 00:00:00+00:00
[2026-04-26T07:57:12.035+0000] {logging_mixin.py:188} INFO - [2026-04-26T07:57:12.034+0000] {dag.py:3096} INFO - Sync 1 DAGs
[2026-04-26T07:57:12.117+0000] {processor.py:183} INFO - Processing /usr/local/python/3.12.1/lib/python3.12/site-packages/airflow/example_dags/example_setup_teardown.py took 0.475 seconds
[2026-04-26T07:57:12.245+0000] {logging_mixin.py:188} INFO - [2026-04-26T07:57:12.244+0000] {dag.py:3954} INFO - Setting next_dagrun for example_setup_teardown to 2026-04-25 00:00:00+00:00, run_after=2026-04-26 00:00:00+00:00
[2026-04-26T07:57:12.305+0000] {processor.py:183} INFO - Processing /usr/local/python/3.12.1/lib/python3.12/site-packages/airflow/example_dags/example_setup_teardown.py took 0.395 seconds
[2026-04-26T07:57:54.960+0000] {processor.py:161} INFO - Started process (PID=54290) to work on /usr/local/python/3.12.1/lib/python3.12/site-packages/airflow/example_dags/example_setup_teardown.py
[2026-04-26T07:57:54.961+0000] {processor.py:830} INFO - Processing file /usr/local/python/3.12.1/lib/python3.12/site-packages/airflow/example_dags/example_setup_teardown.py for tasks to queue
[2026-04-26T07:57:54.962+0000] {logging_mixin.py:188} INFO - [2026-04-26T07:57:54.962+0000] {dagbag.py:540} INFO - Filling up the DagBag from /usr/local/python/3.12.1/lib/python3.12/site-packages/airflow/example_dags/example_setup_teardown.py
[2026-04-26T07:57:54.969+0000] {processor.py:840} INFO - DAG(s) 'example_setup_teardown' retrieved from /usr/local/python/3.12.1/lib/python3.12/site-packages/airflow/example_dags/example_setup_teardown.py
[2026-04-26T07:57:54.983+0000] {logging_mixin.py:188} INFO - [2026-04-26T07:57:54.982+0000] {dag.py:3096} INFO - Sync 1 DAGs
[2026-04-26T07:57:54.998+0000] {logging_mixin.py:188} INFO - [2026-04-26T07:57:54.998+0000] {dag.py:3954} INFO - Setting next_dagrun for example_setup_teardown to 2026-04-25 00:00:00+00:00, run_after=2026-04-26 00:00:00+00:00
[2026-04-26T07:57:55.014+0000] {processor.py:183} INFO - Processing /usr/local/python/3.12.1/lib/python3.12/site-packages/airflow/example_dags/example_setup_teardown.py took 0.059 seconds
[2026-04-26T07:57:57.291+0000] {processor.py:161} INFO - Started process (PID=54328) to work on /usr/local/python/3.12.1/lib/python3.12/site-packages/airflow/example_dags/example_setup_teardown.py
[2026-04-26T07:57:57.292+0000] {processor.py:830} INFO - Processing file /usr/local/python/3.12.1/lib/python3.12/site-packages/airflow/example_dags/example_setup_teardown.py for tasks to queue
[2026-04-26T07:57:57.293+0000] {logging_mixin.py:188} INFO - [2026-04-26T07:57:57.292+0000] {dagbag.py:540} INFO - Filling up the DagBag from /usr/local/python/3.12.1/lib/python3.12/site-packages/airflow/example_dags/example_setup_teardown.py
[2026-04-26T07:57:57.298+0000] {processor.py:840} INFO - DAG(s) 'example_setup_teardown' retrieved from /usr/local/python/3.12.1/lib/python3.12/site-packages/airflow/example_dags/example_setup_teardown.py
[2026-04-26T07:57:57.311+0000] {logging_mixin.py:188} INFO - [2026-04-26T07:57:57.310+0000] {dag.py:3096} INFO - Sync 1 DAGs
[2026-04-26T07:57:57.327+0000] {logging_mixin.py:188} INFO - [2026-04-26T07:57:57.326+0000] {dag.py:3954} INFO - Setting next_dagrun for example_setup_teardown to 2026-04-25 00:00:00+00:00, run_after=2026-04-26 00:00:00+00:00
[2026-04-26T07:57:57.346+0000] {processor.py:183} INFO - Processing /usr/local/python/3.12.1/lib/python3.12/site-packages/airflow/example_dags/example_setup_teardown.py took 0.059 seconds
[2026-04-26T07:57:59.225+0000] {processor.py:161} INFO - Started process (PID=54335) to work on /usr/local/python/3.12.1/lib/python3.12/site-packages/airflow/example_dags/example_setup_teardown.py
[2026-04-26T07:57:59.226+0000] {processor.py:830} INFO - Processing file /usr/local/python/3.12.1/lib/python3.12/site-packages/airflow/example_dags/example_setup_teardown.py for tasks to queue
[2026-04-26T07:57:59.226+0000] {logging_mixin.py:188} INFO - [2026-04-26T07:57:59.226+0000] {dagbag.py:540} INFO - Filling up the DagBag from /usr/local/python/3.12.1/lib/python3.12/site-packages/airflow/example_dags/example_setup_teardown.py
[2026-04-26T07:57:59.232+0000] {processor.py:840} INFO - DAG(s) 'example_setup_teardown' retrieved from /usr/local/python/3.12.1/lib/python3.12/site-packages/airflow/example_dags/example_setup_teardown.py
[2026-04-26T07:57:59.244+0000] {logging_mixin.py:188} INFO - [2026-04-26T07:57:59.244+0000] {dag.py:3096} INFO - Sync 1 DAGs
[2026-04-26T07:57:59.259+0000] {logging_mixin.py:188} INFO - [2026-04-26T07:57:59.259+0000] {dag.py:3954} INFO - Setting next_dagrun for example_setup_teardown to 2026-04-25 00:00:00+00:00, run_after=2026-04-26 00:00:00+00:00
[2026-04-26T07:57:59.286+0000] {processor.py:183} INFO - Processing /usr/local/python/3.12.1/lib/python3.12/site-packages/airflow/example_dags/example_setup_teardown.py took 0.065 seconds
[2026-04-26T07:58:38.461+0000] {processor.py:161} INFO - Started process (PID=55010) to work on /usr/local/python/3.12.1/lib/python3.12/site-packages/airflow/example_dags/example_setup_teardown.py
[2026-04-26T07:58:38.461+0000] {processor.py:830} INFO - Processing file /usr/local/python/3.12.1/lib/python3.12/site-packages/airflow/example_dags/example_setup_teardown.py for tasks to queue
[2026-04-26T07:58:38.462+0000] {logging_mixin.py:188} INFO - [2026-04-26T07:58:38.462+0000] {dagbag.py:540} INFO - Filling up the DagBag from /usr/local/python/3.12.1/lib/python3.12/site-packages/airflow/example_dags/example_setup_teardown.py
[2026-04-26T07:58:38.469+0000] {processor.py:840} INFO - DAG(s) 'example_setup_teardown' retrieved from /usr/local/python/3.12.1/lib/python3.12/site-packages/airflow/example_dags/example_setup_teardown.py
[2026-04-26T07:58:38.476+0000] {logging_mixin.py:188} INFO - [2026-04-26T07:58:38.476+0000] {dag.py:3096} INFO - Sync 1 DAGs
[2026-04-26T07:58:38.491+0000] {logging_mixin.py:188} INFO - [2026-04-26T07:58:38.491+0000] {dag.py:3954} INFO - Setting next_dagrun for example_setup_teardown to 2026-04-25 00:00:00+00:00, run_after=2026-04-26 00:00:00+00:00
[2026-04-26T07:58:38.507+0000] {processor.py:183} INFO - Processing /usr/local/python/3.12.1/lib/python3.12/site-packages/airflow/example_dags/example_setup_teardown.py took 0.052 seconds
[2026-04-26T07:58:39.948+0000] {processor.py:161} INFO - Started process (PID=55061) to work on /usr/local/python/3.12.1/lib/python3.12/site-packages/airflow/example_dags/example_setup_teardown.py
[2026-04-26T07:58:39.949+0000] {processor.py:830} INFO - Processing file /usr/local/python/3.12.1/lib/python3.12/site-packages/airflow/example_dags/example_setup_teardown.py for tasks to queue
[2026-04-26T07:58:39.950+0000] {logging_mixin.py:188} INFO - [2026-04-26T07:58:39.949+0000] {dagbag.py:540} INFO - Filling up the DagBag from /usr/local/python/3.12.1/lib/python3.12/site-packages/airflow/example_dags/example_setup_teardown.py
[2026-04-26T07:58:39.956+0000] {processor.py:840} INFO - DAG(s) 'example_setup_teardown' retrieved from /usr/local/python/3.12.1/lib/python3.12/site-packages/airflow/example_dags/example_setup_teardown.py
[2026-04-26T07:58:39.964+0000] {logging_mixin.py:188} INFO - [2026-04-26T07:58:39.963+0000] {dag.py:3096} INFO - Sync 1 DAGs
[2026-04-26T07:58:39.984+0000] {logging_mixin.py:188} INFO - [2026-04-26T07:58:39.983+0000] {dag.py:3954} INFO - Setting next_dagrun for example_setup_teardown to 2026-04-25 00:00:00+00:00, run_after=2026-04-26 00:00:00+00:00
[2026-04-26T07:58:40.002+0000] {processor.py:183} INFO - Processing /usr/local/python/3.12.1/lib/python3.12/site-packages/airflow/example_dags/example_setup_teardown.py took 0.058 seconds
[2026-04-26T07:58:42.259+0000] {processor.py:161} INFO - Started process (PID=55083) to work on /usr/local/python/3.12.1/lib/python3.12/site-packages/airflow/example_dags/example_setup_teardown.py
[2026-04-26T07:58:42.260+0000] {processor.py:830} INFO - Processing file /usr/local/python/3.12.1/lib/python3.12/site-packages/airflow/example_dags/example_setup_teardown.py for tasks to queue
[2026-04-26T07:58:42.261+0000] {logging_mixin.py:188} INFO - [2026-04-26T07:58:42.261+0000] {dagbag.py:540} INFO - Filling up the DagBag from /usr/local/python/3.12.1/lib/python3.12/site-packages/airflow/example_dags/example_setup_teardown.py
[2026-04-26T07:58:42.269+0000] {processor.py:840} INFO - DAG(s) 'example_setup_teardown' retrieved from /usr/local/python/3.12.1/lib/python3.12/site-packages/airflow/example_dags/example_setup_teardown.py
[2026-04-26T07:58:42.277+0000] {logging_mixin.py:188} INFO - [2026-04-26T07:58:42.277+0000] {dag.py:3096} INFO - Sync 1 DAGs
[2026-04-26T07:58:42.302+0000] {logging_mixin.py:188} INFO - [2026-04-26T07:58:42.301+0000] {dag.py:3954} INFO - Setting next_dagrun for example_setup_teardown to 2026-04-25 00:00:00+00:00, run_after=2026-04-26 00:00:00+00:00
[2026-04-26T07:58:42.353+0000] {processor.py:183} INFO - Processing /usr/local/python/3.12.1/lib/python3.12/site-packages/airflow/example_dags/example_setup_teardown.py took 0.100 seconds
[2026-04-26T07:59:24.108+0000] {processor.py:161} INFO - Started process (PID=55530) to work on /usr/local/python/3.12.1/lib/python3.12/site-packages/airflow/example_dags/example_setup_teardown.py
[2026-04-26T07:59:24.109+0000] {processor.py:830} INFO - Processing file /usr/local/python/3.12.1/lib/python3.12/site-packages/airflow/example_dags/example_setup_teardown.py for tasks to queue
[2026-04-26T07:59:24.110+0000] {logging_mixin.py:188} INFO - [2026-04-26T07:59:24.109+0000] {dagbag.py:540} INFO - Filling up the DagBag from /usr/local/python/3.12.1/lib/python3.12/site-packages/airflow/example_dags/example_setup_teardown.py
[2026-04-26T07:59:24.115+0000] {processor.py:840} INFO - DAG(s) 'example_setup_teardown' retrieved from /usr/local/python/3.12.1/lib/python3.12/site-packages/airflow/example_dags/example_setup_teardown.py
[2026-04-26T07:59:24.199+0000] {logging_mixin.py:188} INFO - [2026-04-26T07:59:24.199+0000] {dag.py:3096} INFO - Sync 1 DAGs
[2026-04-26T07:59:24.212+0000] {logging_mixin.py:188} INFO - [2026-04-26T07:59:24.212+0000] {dag.py:3954} INFO - Setting next_dagrun for example_setup_teardown to 2026-04-25 00:00:00+00:00, run_after=2026-04-26 00:00:00+00:00
[2026-04-26T07:59:24.231+0000] {processor.py:183} INFO - Processing /usr/local/python/3.12.1/lib/python3.12/site-packages/airflow/example_dags/example_setup_teardown.py took 0.127 seconds
[2026-04-26T07:59:26.730+0000] {processor.py:161} INFO - Started process (PID=55552) to work on /usr/local/python/3.12.1/lib/python3.12/site-packages/airflow/example_dags/example_setup_teardown.py
[2026-04-26T07:59:26.730+0000] {processor.py:830} INFO - Processing file /usr/local/python/3.12.1/lib/python3.12/site-packages/airflow/example_dags/example_setup_teardown.py for tasks to queue
[2026-04-26T07:59:26.731+0000] {logging_mixin.py:188} INFO - [2026-04-26T07:59:26.731+0000] {dagbag.py:540} INFO - Filling up the DagBag from /usr/local/python/3.12.1/lib/python3.12/site-packages/airflow/example_dags/example_setup_teardown.py
[2026-04-26T07:59:26.736+0000] {processor.py:840} INFO - DAG(s) 'example_setup_teardown' retrieved from /usr/local/python/3.12.1/lib/python3.12/site-packages/airflow/example_dags/example_setup_teardown.py
[2026-04-26T07:59:26.742+0000] {logging_mixin.py:188} INFO - [2026-04-26T07:59:26.742+0000] {dag.py:3096} INFO - Sync 1 DAGs
[2026-04-26T07:59:26.758+0000] {logging_mixin.py:188} INFO - [2026-04-26T07:59:26.758+0000] {dag.py:3954} INFO - Setting next_dagrun for example_setup_teardown to 2026-04-25 00:00:00+00:00, run_after=2026-04-26 00:00:00+00:00
[2026-04-26T07:59:26.778+0000] {processor.py:183} INFO - Processing /usr/local/python/3.12.1/lib/python3.12/site-packages/airflow/example_dags/example_setup_teardown.py took 0.053 seconds
[2026-04-26T07:59:33.821+0000] {processor.py:161} INFO - Started process (PID=55640) to work on /usr/local/python/3.12.1/lib/python3.12/site-packages/airflow/example_dags/example_setup_teardown.py
[2026-04-26T07:59:33.821+0000] {processor.py:830} INFO - Processing file /usr/local/python/3.12.1/lib/python3.12/site-packages/airflow/example_dags/example_setup_teardown.py for tasks to queue
[2026-04-26T07:59:33.822+0000] {logging_mixin.py:188} INFO - [2026-04-26T07:59:33.822+0000] {dagbag.py:540} INFO - Filling up the DagBag from /usr/local/python/3.12.1/lib/python3.12/site-packages/airflow/example_dags/example_setup_teardown.py
[2026-04-26T07:59:33.831+0000] {processor.py:840} INFO - DAG(s) 'example_setup_teardown' retrieved from /usr/local/python/3.12.1/lib/python3.12/site-packages/airflow/example_dags/example_setup_teardown.py
[2026-04-26T07:59:33.839+0000] {logging_mixin.py:188} INFO - [2026-04-26T07:59:33.839+0000] {dag.py:3096} INFO - Sync 1 DAGs
[2026-04-26T07:59:33.903+0000] {logging_mixin.py:188} INFO - [2026-04-26T07:59:33.903+0000] {dag.py:3954} INFO - Setting next_dagrun for example_setup_teardown to 2026-04-25 00:00:00+00:00, run_after=2026-04-26 00:00:00+00:00
[2026-04-26T07:59:33.992+0000] {processor.py:183} INFO - Processing /usr/local/python/3.12.1/lib/python3.12/site-packages/airflow/example_dags/example_setup_teardown.py took 0.178 seconds
[2026-04-26T08:00:07.034+0000] {processor.py:161} INFO - Started process (PID=55966) to work on /usr/local/python/3.12.1/lib/python3.12/site-packages/airflow/example_dags/example_setup_teardown.py
[2026-04-26T08:00:07.040+0000] {processor.py:830} INFO - Processing file /usr/local/python/3.12.1/lib/python3.12/site-packages/airflow/example_dags/example_setup_teardown.py for tasks to queue
[2026-04-26T08:00:07.041+0000] {logging_mixin.py:188} INFO - [2026-04-26T08:00:07.040+0000] {dagbag.py:540} INFO - Filling up the DagBag from /usr/local/python/3.12.1/lib/python3.12/site-packages/airflow/example_dags/example_setup_teardown.py
[2026-04-26T08:00:07.078+0000] {processor.py:840} INFO - DAG(s) 'example_setup_teardown' retrieved from /usr/local/python/3.12.1/lib/python3.12/site-packages/airflow/example_dags/example_setup_teardown.py
[2026-04-26T08:00:07.198+0000] {logging_mixin.py:188} INFO - [2026-04-26T08:00:07.198+0000] {dag.py:3096} INFO - Sync 1 DAGs
[2026-04-26T08:00:07.338+0000] {logging_mixin.py:188} INFO - [2026-04-26T08:00:07.336+0000] {dag.py:3954} INFO - Setting next_dagrun for example_setup_teardown to 2026-04-25 00:00:00+00:00, run_after=2026-04-26 00:00:00+00:00
[2026-04-26T08:00:07.441+0000] {processor.py:183} INFO - Processing /usr/local/python/3.12.1/lib/python3.12/site-packages/airflow/example_dags/example_setup_teardown.py took 0.421 seconds
[2026-04-26T08:00:10.470+0000] {processor.py:161} INFO - Started process (PID=56057) to work on /usr/local/python/3.12.1/lib/python3.12/site-packages/airflow/example_dags/example_setup_teardown.py
[2026-04-26T08:00:10.477+0000] {processor.py:830} INFO - Processing file /usr/local/python/3.12.1/lib/python3.12/site-packages/airflow/example_dags/example_setup_teardown.py for tasks to queue
[2026-04-26T08:00:10.478+0000] {logging_mixin.py:188} INFO - [2026-04-26T08:00:10.478+0000] {dagbag.py:540} INFO - Filling up the DagBag from /usr/local/python/3.12.1/lib/python3.12/site-packages/airflow/example_dags/example_setup_teardown.py
[2026-04-26T08:00:10.505+0000] {processor.py:840} INFO - DAG(s) 'example_setup_teardown' retrieved from /usr/local/python/3.12.1/lib/python3.12/site-packages/airflow/example_dags/example_setup_teardown.py
[2026-04-26T08:00:10.559+0000] {logging_mixin.py:188} INFO - [2026-04-26T08:00:10.559+0000] {dag.py:3096} INFO - Sync 1 DAGs
[2026-04-26T08:00:10.607+0000] {logging_mixin.py:188} INFO - [2026-04-26T08:00:10.607+0000] {dag.py:3954} INFO - Setting next_dagrun for example_setup_teardown to 2026-04-25 00:00:00+00:00, run_after=2026-04-26 00:00:00+00:00
[2026-04-26T08:00:10.630+0000] {processor.py:183} INFO - Processing /usr/local/python/3.12.1/lib/python3.12/site-packages/airflow/example_dags/example_setup_teardown.py took 0.177 seconds
[2026-04-26T08:00:20.716+0000] {processor.py:161} INFO - Started process (PID=56147) to work on /usr/local/python/3.12.1/lib/python3.12/site-packages/airflow/example_dags/example_setup_teardown.py
[2026-04-26T08:00:20.716+0000] {processor.py:830} INFO - Processing file /usr/local/python/3.12.1/lib/python3.12/site-packages/airflow/example_dags/example_setup_teardown.py for tasks to queue
[2026-04-26T08:00:20.717+0000] {logging_mixin.py:188} INFO - [2026-04-26T08:00:20.717+0000] {dagbag.py:540} INFO - Filling up the DagBag from /usr/local/python/3.12.1/lib/python3.12/site-packages/airflow/example_dags/example_setup_teardown.py
[2026-04-26T08:00:20.725+0000] {processor.py:840} INFO - DAG(s) 'example_setup_teardown' retrieved from /usr/local/python/3.12.1/lib/python3.12/site-packages/airflow/example_dags/example_setup_teardown.py
[2026-04-26T08:00:20.743+0000] {logging_mixin.py:188} INFO - [2026-04-26T08:00:20.743+0000] {dag.py:3096} INFO - Sync 1 DAGs
[2026-04-26T08:00:20.766+0000] {logging_mixin.py:188} INFO - [2026-04-26T08:00:20.766+0000] {dag.py:3954} INFO - Setting next_dagrun for example_setup_teardown to 2026-04-25 00:00:00+00:00, run_after=2026-04-26 00:00:00+00:00
[2026-04-26T08:00:20.789+0000] {processor.py:183} INFO - Processing /usr/local/python/3.12.1/lib/python3.12/site-packages/airflow/example_dags/example_setup_teardown.py took 0.080 seconds
[2026-04-26T08:00:51.144+0000] {processor.py:161} INFO - Started process (PID=56439) to work on /usr/local/python/3.12.1/lib/python3.12/site-packages/airflow/example_dags/example_setup_teardown.py
[2026-04-26T08:00:51.144+0000] {processor.py:830} INFO - Processing file /usr/local/python/3.12.1/lib/python3.12/site-packages/airflow/example_dags/example_setup_teardown.py for tasks to queue
[2026-04-26T08:00:51.145+0000] {logging_mixin.py:188} INFO - [2026-04-26T08:00:51.145+0000] {dagbag.py:540} INFO - Filling up the DagBag from /usr/local/python/3.12.1/lib/python3.12/site-packages/airflow/example_dags/example_setup_teardown.py
[2026-04-26T08:00:51.150+0000] {processor.py:840} INFO - DAG(s) 'example_setup_teardown' retrieved from /usr/local/python/3.12.1/lib/python3.12/site-packages/airflow/example_dags/example_setup_teardown.py
[2026-04-26T08:00:51.165+0000] {logging_mixin.py:188} INFO - [2026-04-26T08:00:51.165+0000] {dag.py:3096} INFO - Sync 1 DAGs
[2026-04-26T08:00:51.183+0000] {logging_mixin.py:188} INFO - [2026-04-26T08:00:51.183+0000] {dag.py:3954} INFO - Setting next_dagrun for example_setup_teardown to 2026-04-25 00:00:00+00:00, run_after=2026-04-26 00:00:00+00:00
[2026-04-26T08:00:51.199+0000] {processor.py:183} INFO - Processing /usr/local/python/3.12.1/lib/python3.12/site-packages/airflow/example_dags/example_setup_teardown.py took 0.059 seconds
[2026-04-26T08:00:57.535+0000] {processor.py:161} INFO - Started process (PID=56552) to work on /usr/local/python/3.12.1/lib/python3.12/site-packages/airflow/example_dags/example_setup_teardown.py
[2026-04-26T08:00:57.537+0000] {processor.py:830} INFO - Processing file /usr/local/python/3.12.1/lib/python3.12/site-packages/airflow/example_dags/example_setup_teardown.py for tasks to queue
[2026-04-26T08:00:57.538+0000] {logging_mixin.py:188} INFO - [2026-04-26T08:00:57.538+0000] {dagbag.py:540} INFO - Filling up the DagBag from /usr/local/python/3.12.1/lib/python3.12/site-packages/airflow/example_dags/example_setup_teardown.py
[2026-04-26T08:00:57.547+0000] {processor.py:840} INFO - DAG(s) 'example_setup_teardown' retrieved from /usr/local/python/3.12.1/lib/python3.12/site-packages/airflow/example_dags/example_setup_teardown.py
[2026-04-26T08:00:57.566+0000] {logging_mixin.py:188} INFO - [2026-04-26T08:00:57.565+0000] {dag.py:3096} INFO - Sync 1 DAGs
[2026-04-26T08:00:57.592+0000] {logging_mixin.py:188} INFO - [2026-04-26T08:00:57.592+0000] {dag.py:3954} INFO - Setting next_dagrun for example_setup_teardown to 2026-04-25 00:00:00+00:00, run_after=2026-04-26 00:00:00+00:00
[2026-04-26T08:00:57.613+0000] {processor.py:183} INFO - Processing /usr/local/python/3.12.1/lib/python3.12/site-packages/airflow/example_dags/example_setup_teardown.py took 0.084 seconds
[2026-04-26T08:01:06.422+0000] {processor.py:161} INFO - Started process (PID=56634) to work on /usr/local/python/3.12.1/lib/python3.12/site-packages/airflow/example_dags/example_setup_teardown.py
[2026-04-26T08:01:06.422+0000] {processor.py:830} INFO - Processing file /usr/local/python/3.12.1/lib/python3.12/site-packages/airflow/example_dags/example_setup_teardown.py for tasks to queue
[2026-04-26T08:01:06.423+0000] {logging_mixin.py:188} INFO - [2026-04-26T08:01:06.423+0000] {dagbag.py:540} INFO - Filling up the DagBag from /usr/local/python/3.12.1/lib/python3.12/site-packages/airflow/example_dags/example_setup_teardown.py
[2026-04-26T08:01:06.429+0000] {processor.py:840} INFO - DAG(s) 'example_setup_teardown' retrieved from /usr/local/python/3.12.1/lib/python3.12/site-packages/airflow/example_dags/example_setup_teardown.py
[2026-04-26T08:01:06.441+0000] {logging_mixin.py:188} INFO - [2026-04-26T08:01:06.441+0000] {dag.py:3096} INFO - Sync 1 DAGs
[2026-04-26T08:01:06.456+0000] {logging_mixin.py:188} INFO - [2026-04-26T08:01:06.456+0000] {dag.py:3954} INFO - Setting next_dagrun for example_setup_teardown to 2026-04-25 00:00:00+00:00, run_after=2026-04-26 00:00:00+00:00
[2026-04-26T08:01:06.476+0000] {processor.py:183} INFO - Processing /usr/local/python/3.12.1/lib/python3.12/site-packages/airflow/example_dags/example_setup_teardown.py took 0.059 seconds
[2026-04-26T08:01:37.439+0000] {processor.py:161} INFO - Started process (PID=57330) to work on /usr/local/python/3.12.1/lib/python3.12/site-packages/airflow/example_dags/example_setup_teardown.py
[2026-04-26T08:01:37.439+0000] {processor.py:830} INFO - Processing file /usr/local/python/3.12.1/lib/python3.12/site-packages/airflow/example_dags/example_setup_teardown.py for tasks to queue
[2026-04-26T08:01:37.440+0000] {logging_mixin.py:188} INFO - [2026-04-26T08:01:37.440+0000] {dagbag.py:540} INFO - Filling up the DagBag from /usr/local/python/3.12.1/lib/python3.12/site-packages/airflow/example_dags/example_setup_teardown.py
[2026-04-26T08:01:37.445+0000] {processor.py:840} INFO - DAG(s) 'example_setup_teardown' retrieved from /usr/local/python/3.12.1/lib/python3.12/site-packages/airflow/example_dags/example_setup_teardown.py
[2026-04-26T08:01:37.550+0000] {logging_mixin.py:188} INFO - [2026-04-26T08:01:37.549+0000] {dag.py:3096} INFO - Sync 1 DAGs
[2026-04-26T08:01:37.566+0000] {logging_mixin.py:188} INFO - [2026-04-26T08:01:37.566+0000] {dag.py:3954} INFO - Setting next_dagrun for example_setup_teardown to 2026-04-25 00:00:00+00:00, run_after=2026-04-26 00:00:00+00:00
[2026-04-26T08:01:37.585+0000] {processor.py:183} INFO - Processing /usr/local/python/3.12.1/lib/python3.12/site-packages/airflow/example_dags/example_setup_teardown.py took 0.150 seconds
[2026-04-26T08:01:46.351+0000] {processor.py:161} INFO - Started process (PID=57440) to work on /usr/local/python/3.12.1/lib/python3.12/site-packages/airflow/example_dags/example_setup_teardown.py
[2026-04-26T08:01:46.352+0000] {processor.py:830} INFO - Processing file /usr/local/python/3.12.1/lib/python3.12/site-packages/airflow/example_dags/example_setup_teardown.py for tasks to queue
[2026-04-26T08:01:46.353+0000] {logging_mixin.py:188} INFO - [2026-04-26T08:01:46.352+0000] {dagbag.py:540} INFO - Filling up the DagBag from /usr/local/python/3.12.1/lib/python3.12/site-packages/airflow/example_dags/example_setup_teardown.py
[2026-04-26T08:01:46.366+0000] {processor.py:840} INFO - DAG(s) 'example_setup_teardown' retrieved from /usr/local/python/3.12.1/lib/python3.12/site-packages/airflow/example_dags/example_setup_teardown.py
[2026-04-26T08:01:46.375+0000] {logging_mixin.py:188} INFO - [2026-04-26T08:01:46.374+0000] {dag.py:3096} INFO - Sync 1 DAGs
[2026-04-26T08:01:46.399+0000] {logging_mixin.py:188} INFO - [2026-04-26T08:01:46.399+0000] {dag.py:3954} INFO - Setting next_dagrun for example_setup_teardown to 2026-04-25 00:00:00+00:00, run_after=2026-04-26 00:00:00+00:00
[2026-04-26T08:01:46.426+0000] {processor.py:183} INFO - Processing /usr/local/python/3.12.1/lib/python3.12/site-packages/airflow/example_dags/example_setup_teardown.py took 0.085 seconds
[2026-04-26T08:01:52.809+0000] {processor.py:161} INFO - Started process (PID=57528) to work on /usr/local/python/3.12.1/lib/python3.12/site-packages/airflow/example_dags/example_setup_teardown.py
[2026-04-26T08:01:52.810+0000] {processor.py:830} INFO - Processing file /usr/local/python/3.12.1/lib/python3.12/site-packages/airflow/example_dags/example_setup_teardown.py for tasks to queue
[2026-04-26T08:01:52.811+0000] {logging_mixin.py:188} INFO - [2026-04-26T08:01:52.810+0000] {dagbag.py:540} INFO - Filling up the DagBag from /usr/local/python/3.12.1/lib/python3.12/site-packages/airflow/example_dags/example_setup_teardown.py
[2026-04-26T08:01:52.820+0000] {processor.py:840} INFO - DAG(s) 'example_setup_teardown' retrieved from /usr/local/python/3.12.1/lib/python3.12/site-packages/airflow/example_dags/example_setup_teardown.py
[2026-04-26T08:01:52.836+0000] {logging_mixin.py:188} INFO - [2026-04-26T08:01:52.835+0000] {dag.py:3096} INFO - Sync 1 DAGs
[2026-04-26T08:01:52.885+0000] {logging_mixin.py:188} INFO - [2026-04-26T08:01:52.884+0000] {dag.py:3954} INFO - Setting next_dagrun for example_setup_teardown to 2026-04-25 00:00:00+00:00, run_after=2026-04-26 00:00:00+00:00
[2026-04-26T08:01:52.916+0000] {processor.py:183} INFO - Processing /usr/local/python/3.12.1/lib/python3.12/site-packages/airflow/example_dags/example_setup_teardown.py took 0.114 seconds
[2026-04-26T08:02:23.475+0000] {processor.py:161} INFO - Started process (PID=57928) to work on /usr/local/python/3.12.1/lib/python3.12/site-packages/airflow/example_dags/example_setup_teardown.py
[2026-04-26T08:02:23.477+0000] {processor.py:830} INFO - Processing file /usr/local/python/3.12.1/lib/python3.12/site-packages/airflow/example_dags/example_setup_teardown.py for tasks to queue
[2026-04-26T08:02:23.477+0000] {logging_mixin.py:188} INFO - [2026-04-26T08:02:23.477+0000] {dagbag.py:540} INFO - Filling up the DagBag from /usr/local/python/3.12.1/lib/python3.12/site-packages/airflow/example_dags/example_setup_teardown.py
[2026-04-26T08:02:23.485+0000] {processor.py:840} INFO - DAG(s) 'example_setup_teardown' retrieved from /usr/local/python/3.12.1/lib/python3.12/site-packages/airflow/example_dags/example_setup_teardown.py
[2026-04-26T08:02:23.497+0000] {logging_mixin.py:188} INFO - [2026-04-26T08:02:23.497+0000] {dag.py:3096} INFO - Sync 1 DAGs
[2026-04-26T08:02:23.512+0000] {logging_mixin.py:188} INFO - [2026-04-26T08:02:23.512+0000] {dag.py:3954} INFO - Setting next_dagrun for example_setup_teardown to 2026-04-25 00:00:00+00:00, run_after=2026-04-26 00:00:00+00:00
[2026-04-26T08:02:23.528+0000] {processor.py:183} INFO - Processing /usr/local/python/3.12.1/lib/python3.12/site-packages/airflow/example_dags/example_setup_teardown.py took 0.060 seconds
[2026-04-26T08:02:34.613+0000] {processor.py:161} INFO - Started process (PID=58088) to work on /usr/local/python/3.12.1/lib/python3.12/site-packages/airflow/example_dags/example_setup_teardown.py
[2026-04-26T08:02:34.614+0000] {processor.py:830} INFO - Processing file /usr/local/python/3.12.1/lib/python3.12/site-packages/airflow/example_dags/example_setup_teardown.py for tasks to queue
[2026-04-26T08:02:34.615+0000] {logging_mixin.py:188} INFO - [2026-04-26T08:02:34.614+0000] {dagbag.py:540} INFO - Filling up the DagBag from /usr/local/python/3.12.1/lib/python3.12/site-packages/airflow/example_dags/example_setup_teardown.py
[2026-04-26T08:02:34.623+0000] {processor.py:840} INFO - DAG(s) 'example_setup_teardown' retrieved from /usr/local/python/3.12.1/lib/python3.12/site-packages/airflow/example_dags/example_setup_teardown.py
[2026-04-26T08:02:34.642+0000] {logging_mixin.py:188} INFO - [2026-04-26T08:02:34.642+0000] {dag.py:3096} INFO - Sync 1 DAGs
[2026-04-26T08:02:34.667+0000] {logging_mixin.py:188} INFO - [2026-04-26T08:02:34.667+0000] {dag.py:3954} INFO - Setting next_dagrun for example_setup_teardown to 2026-04-25 00:00:00+00:00, run_after=2026-04-26 00:00:00+00:00
[2026-04-26T08:02:34.691+0000] {processor.py:183} INFO - Processing /usr/local/python/3.12.1/lib/python3.12/site-packages/airflow/example_dags/example_setup_teardown.py took 0.084 seconds
[2026-04-26T08:02:40.950+0000] {processor.py:161} INFO - Started process (PID=58211) to work on /usr/local/python/3.12.1/lib/python3.12/site-packages/airflow/example_dags/example_setup_teardown.py
[2026-04-26T08:02:40.951+0000] {processor.py:830} INFO - Processing file /usr/local/python/3.12.1/lib/python3.12/site-packages/airflow/example_dags/example_setup_teardown.py for tasks to queue
[2026-04-26T08:02:40.952+0000] {logging_mixin.py:188} INFO - [2026-04-26T08:02:40.952+0000] {dagbag.py:540} INFO - Filling up the DagBag from /usr/local/python/3.12.1/lib/python3.12/site-packages/airflow/example_dags/example_setup_teardown.py
[2026-04-26T08:02:40.962+0000] {processor.py:840} INFO - DAG(s) 'example_setup_teardown' retrieved from /usr/local/python/3.12.1/lib/python3.12/site-packages/airflow/example_dags/example_setup_teardown.py
[2026-04-26T08:02:40.989+0000] {logging_mixin.py:188} INFO - [2026-04-26T08:02:40.989+0000] {dag.py:3096} INFO - Sync 1 DAGs
[2026-04-26T08:02:41.011+0000] {logging_mixin.py:188} INFO - [2026-04-26T08:02:41.010+0000] {dag.py:3954} INFO - Setting next_dagrun for example_setup_teardown to 2026-04-25 00:00:00+00:00, run_after=2026-04-26 00:00:00+00:00
[2026-04-26T08:02:41.032+0000] {processor.py:183} INFO - Processing /usr/local/python/3.12.1/lib/python3.12/site-packages/airflow/example_dags/example_setup_teardown.py took 0.088 seconds
[2026-04-26T08:03:07.017+0000] {processor.py:161} INFO - Started process (PID=58638) to work on /usr/local/python/3.12.1/lib/python3.12/site-packages/airflow/example_dags/example_setup_teardown.py
[2026-04-26T08:03:07.018+0000] {processor.py:830} INFO - Processing file /usr/local/python/3.12.1/lib/python3.12/site-packages/airflow/example_dags/example_setup_teardown.py for tasks to queue
[2026-04-26T08:03:07.019+0000] {logging_mixin.py:188} INFO - [2026-04-26T08:03:07.019+0000] {dagbag.py:540} INFO - Filling up the DagBag from /usr/local/python/3.12.1/lib/python3.12/site-packages/airflow/example_dags/example_setup_teardown.py
[2026-04-26T08:03:07.035+0000] {processor.py:840} INFO - DAG(s) 'example_setup_teardown' retrieved from /usr/local/python/3.12.1/lib/python3.12/site-packages/airflow/example_dags/example_setup_teardown.py
[2026-04-26T08:03:07.078+0000] {logging_mixin.py:188} INFO - [2026-04-26T08:03:07.078+0000] {dag.py:3096} INFO - Sync 1 DAGs
[2026-04-26T08:03:07.113+0000] {logging_mixin.py:188} INFO - [2026-04-26T08:03:07.113+0000] {dag.py:3954} INFO - Setting next_dagrun for example_setup_teardown to 2026-04-25 00:00:00+00:00, run_after=2026-04-26 00:00:00+00:00
[2026-04-26T08:03:07.145+0000] {processor.py:183} INFO - Processing /usr/local/python/3.12.1/lib/python3.12/site-packages/airflow/example_dags/example_setup_teardown.py took 0.135 seconds
[2026-04-26T08:03:21.889+0000] {processor.py:161} INFO - Started process (PID=58817) to work on /usr/local/python/3.12.1/lib/python3.12/site-packages/airflow/example_dags/example_setup_teardown.py
[2026-04-26T08:03:21.890+0000] {processor.py:830} INFO - Processing file /usr/local/python/3.12.1/lib/python3.12/site-packages/airflow/example_dags/example_setup_teardown.py for tasks to queue
[2026-04-26T08:03:21.891+0000] {logging_mixin.py:188} INFO - [2026-04-26T08:03:21.890+0000] {dagbag.py:540} INFO - Filling up the DagBag from /usr/local/python/3.12.1/lib/python3.12/site-packages/airflow/example_dags/example_setup_teardown.py
[2026-04-26T08:03:21.899+0000] {processor.py:840} INFO - DAG(s) 'example_setup_teardown' retrieved from /usr/local/python/3.12.1/lib/python3.12/site-packages/airflow/example_dags/example_setup_teardown.py
[2026-04-26T08:03:21.919+0000] {logging_mixin.py:188} INFO - [2026-04-26T08:03:21.919+0000] {dag.py:3096} INFO - Sync 1 DAGs
[2026-04-26T08:03:21.937+0000] {logging_mixin.py:188} INFO - [2026-04-26T08:03:21.936+0000] {dag.py:3954} INFO - Setting next_dagrun for example_setup_teardown to 2026-04-25 00:00:00+00:00, run_after=2026-04-26 00:00:00+00:00
[2026-04-26T08:03:21.957+0000] {processor.py:183} INFO - Processing /usr/local/python/3.12.1/lib/python3.12/site-packages/airflow/example_dags/example_setup_teardown.py took 0.075 seconds
[2026-04-26T08:03:25.743+0000] {processor.py:161} INFO - Started process (PID=58863) to work on /usr/local/python/3.12.1/lib/python3.12/site-packages/airflow/example_dags/example_setup_teardown.py
[2026-04-26T08:03:25.744+0000] {processor.py:830} INFO - Processing file /usr/local/python/3.12.1/lib/python3.12/site-packages/airflow/example_dags/example_setup_teardown.py for tasks to queue
[2026-04-26T08:03:25.745+0000] {logging_mixin.py:188} INFO - [2026-04-26T08:03:25.744+0000] {dagbag.py:540} INFO - Filling up the DagBag from /usr/local/python/3.12.1/lib/python3.12/site-packages/airflow/example_dags/example_setup_teardown.py
[2026-04-26T08:03:25.753+0000] {processor.py:840} INFO - DAG(s) 'example_setup_teardown' retrieved from /usr/local/python/3.12.1/lib/python3.12/site-packages/airflow/example_dags/example_setup_teardown.py
[2026-04-26T08:03:25.771+0000] {logging_mixin.py:188} INFO - [2026-04-26T08:03:25.771+0000] {dag.py:3096} INFO - Sync 1 DAGs
[2026-04-26T08:03:25.795+0000] {logging_mixin.py:188} INFO - [2026-04-26T08:03:25.794+0000] {dag.py:3954} INFO - Setting next_dagrun for example_setup_teardown to 2026-04-25 00:00:00+00:00, run_after=2026-04-26 00:00:00+00:00
[2026-04-26T08:03:25.824+0000] {processor.py:183} INFO - Processing /usr/local/python/3.12.1/lib/python3.12/site-packages/airflow/example_dags/example_setup_teardown.py took 0.086 seconds
[2026-04-26T08:03:50.954+0000] {processor.py:161} INFO - Started process (PID=59118) to work on /usr/local/python/3.12.1/lib/python3.12/site-packages/airflow/example_dags/example_setup_teardown.py
[2026-04-26T08:03:50.956+0000] {processor.py:830} INFO - Processing file /usr/local/python/3.12.1/lib/python3.12/site-packages/airflow/example_dags/example_setup_teardown.py for tasks to queue
[2026-04-26T08:03:50.957+0000] {logging_mixin.py:188} INFO - [2026-04-26T08:03:50.957+0000] {dagbag.py:540} INFO - Filling up the DagBag from /usr/local/python/3.12.1/lib/python3.12/site-packages/airflow/example_dags/example_setup_teardown.py
[2026-04-26T08:03:50.973+0000] {processor.py:840} INFO - DAG(s) 'example_setup_teardown' retrieved from /usr/local/python/3.12.1/lib/python3.12/site-packages/airflow/example_dags/example_setup_teardown.py
[2026-04-26T08:03:50.999+0000] {logging_mixin.py:188} INFO - [2026-04-26T08:03:50.999+0000] {dag.py:3096} INFO - Sync 1 DAGs
[2026-04-26T08:03:51.027+0000] {logging_mixin.py:188} INFO - [2026-04-26T08:03:51.026+0000] {dag.py:3954} INFO - Setting next_dagrun for example_setup_teardown to 2026-04-25 00:00:00+00:00, run_after=2026-04-26 00:00:00+00:00
[2026-04-26T08:03:51.056+0000] {processor.py:183} INFO - Processing /usr/local/python/3.12.1/lib/python3.12/site-packages/airflow/example_dags/example_setup_teardown.py took 0.108 seconds
[2026-04-26T08:04:07.246+0000] {processor.py:161} INFO - Started process (PID=59270) to work on /usr/local/python/3.12.1/lib/python3.12/site-packages/airflow/example_dags/example_setup_teardown.py
[2026-04-26T08:04:07.247+0000] {processor.py:830} INFO - Processing file /usr/local/python/3.12.1/lib/python3.12/site-packages/airflow/example_dags/example_setup_teardown.py for tasks to queue
[2026-04-26T08:04:07.247+0000] {logging_mixin.py:188} INFO - [2026-04-26T08:04:07.247+0000] {dagbag.py:540} INFO - Filling up the DagBag from /usr/local/python/3.12.1/lib/python3.12/site-packages/airflow/example_dags/example_setup_teardown.py
[2026-04-26T08:04:07.253+0000] {processor.py:840} INFO - DAG(s) 'example_setup_teardown' retrieved from /usr/local/python/3.12.1/lib/python3.12/site-packages/airflow/example_dags/example_setup_teardown.py
[2026-04-26T08:04:07.268+0000] {logging_mixin.py:188} INFO - [2026-04-26T08:04:07.268+0000] {dag.py:3096} INFO - Sync 1 DAGs
[2026-04-26T08:04:07.285+0000] {logging_mixin.py:188} INFO - [2026-04-26T08:04:07.285+0000] {dag.py:3954} INFO - Setting next_dagrun for example_setup_teardown to 2026-04-25 00:00:00+00:00, run_after=2026-04-26 00:00:00+00:00
[2026-04-26T08:04:07.302+0000] {processor.py:183} INFO - Processing /usr/local/python/3.12.1/lib/python3.12/site-packages/airflow/example_dags/example_setup_teardown.py took 0.060 seconds
[2026-04-26T08:04:10.123+0000] {processor.py:161} INFO - Started process (PID=59294) to work on /usr/local/python/3.12.1/lib/python3.12/site-packages/airflow/example_dags/example_setup_teardown.py
[2026-04-26T08:04:10.124+0000] {processor.py:830} INFO - Processing file /usr/local/python/3.12.1/lib/python3.12/site-packages/airflow/example_dags/example_setup_teardown.py for tasks to queue
[2026-04-26T08:04:10.125+0000] {logging_mixin.py:188} INFO - [2026-04-26T08:04:10.124+0000] {dagbag.py:540} INFO - Filling up the DagBag from /usr/local/python/3.12.1/lib/python3.12/site-packages/airflow/example_dags/example_setup_teardown.py
[2026-04-26T08:04:10.130+0000] {processor.py:840} INFO - DAG(s) 'example_setup_teardown' retrieved from /usr/local/python/3.12.1/lib/python3.12/site-packages/airflow/example_dags/example_setup_teardown.py
[2026-04-26T08:04:10.142+0000] {logging_mixin.py:188} INFO - [2026-04-26T08:04:10.142+0000] {dag.py:3096} INFO - Sync 1 DAGs
[2026-04-26T08:04:10.157+0000] {logging_mixin.py:188} INFO - [2026-04-26T08:04:10.157+0000] {dag.py:3954} INFO - Setting next_dagrun for example_setup_teardown to 2026-04-25 00:00:00+00:00, run_after=2026-04-26 00:00:00+00:00
[2026-04-26T08:04:10.177+0000] {processor.py:183} INFO - Processing /usr/local/python/3.12.1/lib/python3.12/site-packages/airflow/example_dags/example_setup_teardown.py took 0.058 seconds
[2026-04-26T08:04:52.518+0000] {processor.py:161} INFO - Started process (PID=59710) to work on /usr/local/python/3.12.1/lib/python3.12/site-packages/airflow/example_dags/example_setup_teardown.py
[2026-04-26T08:04:52.519+0000] {processor.py:830} INFO - Processing file /usr/local/python/3.12.1/lib/python3.12/site-packages/airflow/example_dags/example_setup_teardown.py for tasks to queue
[2026-04-26T08:04:52.520+0000] {logging_mixin.py:188} INFO - [2026-04-26T08:04:52.519+0000] {dagbag.py:540} INFO - Filling up the DagBag from /usr/local/python/3.12.1/lib/python3.12/site-packages/airflow/example_dags/example_setup_teardown.py
[2026-04-26T08:04:52.525+0000] {processor.py:840} INFO - DAG(s) 'example_setup_teardown' retrieved from /usr/local/python/3.12.1/lib/python3.12/site-packages/airflow/example_dags/example_setup_teardown.py
[2026-04-26T08:04:52.537+0000] {logging_mixin.py:188} INFO - [2026-04-26T08:04:52.537+0000] {dag.py:3096} INFO - Sync 1 DAGs
[2026-04-26T08:04:52.559+0000] {logging_mixin.py:188} INFO - [2026-04-26T08:04:52.558+0000] {dag.py:3954} INFO - Setting next_dagrun for example_setup_teardown to 2026-04-25 00:00:00+00:00, run_after=2026-04-26 00:00:00+00:00
[2026-04-26T08:04:52.581+0000] {processor.py:183} INFO - Processing /usr/local/python/3.12.1/lib/python3.12/site-packages/airflow/example_dags/example_setup_teardown.py took 0.067 seconds
[2026-04-26T08:04:52.750+0000] {processor.py:161} INFO - Started process (PID=59712) to work on /usr/local/python/3.12.1/lib/python3.12/site-packages/airflow/example_dags/example_setup_teardown.py
[2026-04-26T08:04:52.751+0000] {processor.py:830} INFO - Processing file /usr/local/python/3.12.1/lib/python3.12/site-packages/airflow/example_dags/example_setup_teardown.py for tasks to queue
[2026-04-26T08:04:52.752+0000] {logging_mixin.py:188} INFO - [2026-04-26T08:04:52.751+0000] {dagbag.py:540} INFO - Filling up the DagBag from /usr/local/python/3.12.1/lib/python3.12/site-packages/airflow/example_dags/example_setup_teardown.py
[2026-04-26T08:04:52.758+0000] {processor.py:840} INFO - DAG(s) 'example_setup_teardown' retrieved from /usr/local/python/3.12.1/lib/python3.12/site-packages/airflow/example_dags/example_setup_teardown.py
[2026-04-26T08:04:52.774+0000] {logging_mixin.py:188} INFO - [2026-04-26T08:04:52.774+0000] {dag.py:3096} INFO - Sync 1 DAGs
[2026-04-26T08:04:52.789+0000] {logging_mixin.py:188} INFO - [2026-04-26T08:04:52.789+0000] {dag.py:3954} INFO - Setting next_dagrun for example_setup_teardown to 2026-04-25 00:00:00+00:00, run_after=2026-04-26 00:00:00+00:00
[2026-04-26T08:04:52.806+0000] {processor.py:183} INFO - Processing /usr/local/python/3.12.1/lib/python3.12/site-packages/airflow/example_dags/example_setup_teardown.py took 0.060 seconds
[2026-04-26T08:04:53.582+0000] {processor.py:161} INFO - Started process (PID=59713) to work on /usr/local/python/3.12.1/lib/python3.12/site-packages/airflow/example_dags/example_setup_teardown.py
[2026-04-26T08:04:53.583+0000] {processor.py:830} INFO - Processing file /usr/local/python/3.12.1/lib/python3.12/site-packages/airflow/example_dags/example_setup_teardown.py for tasks to queue
[2026-04-26T08:04:53.584+0000] {logging_mixin.py:188} INFO - [2026-04-26T08:04:53.584+0000] {dagbag.py:540} INFO - Filling up the DagBag from /usr/local/python/3.12.1/lib/python3.12/site-packages/airflow/example_dags/example_setup_teardown.py
[2026-04-26T08:04:53.591+0000] {processor.py:840} INFO - DAG(s) 'example_setup_teardown' retrieved from /usr/local/python/3.12.1/lib/python3.12/site-packages/airflow/example_dags/example_setup_teardown.py
[2026-04-26T08:04:53.603+0000] {logging_mixin.py:188} INFO - [2026-04-26T08:04:53.602+0000] {dag.py:3096} INFO - Sync 1 DAGs
[2026-04-26T08:04:53.618+0000] {logging_mixin.py:188} INFO - [2026-04-26T08:04:53.618+0000] {dag.py:3954} INFO - Setting next_dagrun for example_setup_teardown to 2026-04-25 00:00:00+00:00, run_after=2026-04-26 00:00:00+00:00
[2026-04-26T08:04:53.633+0000] {processor.py:183} INFO - Processing /usr/local/python/3.12.1/lib/python3.12/site-packages/airflow/example_dags/example_setup_teardown.py took 0.055 seconds
[2026-04-26T08:05:35.420+0000] {processor.py:161} INFO - Started process (PID=60173) to work on /usr/local/python/3.12.1/lib/python3.12/site-packages/airflow/example_dags/example_setup_teardown.py
[2026-04-26T08:05:35.421+0000] {processor.py:830} INFO - Processing file /usr/local/python/3.12.1/lib/python3.12/site-packages/airflow/example_dags/example_setup_teardown.py for tasks to queue
[2026-04-26T08:05:35.422+0000] {logging_mixin.py:188} INFO - [2026-04-26T08:05:35.422+0000] {dagbag.py:540} INFO - Filling up the DagBag from /usr/local/python/3.12.1/lib/python3.12/site-packages/airflow/example_dags/example_setup_teardown.py
[2026-04-26T08:05:35.428+0000] {processor.py:840} INFO - DAG(s) 'example_setup_teardown' retrieved from /usr/local/python/3.12.1/lib/python3.12/site-packages/airflow/example_dags/example_setup_teardown.py
[2026-04-26T08:05:35.440+0000] {logging_mixin.py:188} INFO - [2026-04-26T08:05:35.440+0000] {dag.py:3096} INFO - Sync 1 DAGs
[2026-04-26T08:05:35.455+0000] {logging_mixin.py:188} INFO - [2026-04-26T08:05:35.455+0000] {dag.py:3954} INFO - Setting next_dagrun for example_setup_teardown to 2026-04-25 00:00:00+00:00, run_after=2026-04-26 00:00:00+00:00
[2026-04-26T08:05:35.475+0000] {processor.py:183} INFO - Processing /usr/local/python/3.12.1/lib/python3.12/site-packages/airflow/example_dags/example_setup_teardown.py took 0.059 seconds
[2026-04-26T08:05:38.978+0000] {processor.py:161} INFO - Started process (PID=60265) to work on /usr/local/python/3.12.1/lib/python3.12/site-packages/airflow/example_dags/example_setup_teardown.py
[2026-04-26T08:05:38.981+0000] {processor.py:830} INFO - Processing file /usr/local/python/3.12.1/lib/python3.12/site-packages/airflow/example_dags/example_setup_teardown.py for tasks to queue
[2026-04-26T08:05:38.984+0000] {logging_mixin.py:188} INFO - [2026-04-26T08:05:38.984+0000] {dagbag.py:540} INFO - Filling up the DagBag from /usr/local/python/3.12.1/lib/python3.12/site-packages/airflow/example_dags/example_setup_teardown.py
[2026-04-26T08:05:38.998+0000] {processor.py:840} INFO - DAG(s) 'example_setup_teardown' retrieved from /usr/local/python/3.12.1/lib/python3.12/site-packages/airflow/example_dags/example_setup_teardown.py
[2026-04-26T08:05:39.018+0000] {logging_mixin.py:188} INFO - [2026-04-26T08:05:39.018+0000] {dag.py:3096} INFO - Sync 1 DAGs
[2026-04-26T08:05:39.036+0000] {logging_mixin.py:188} INFO - [2026-04-26T08:05:39.035+0000] {dag.py:3954} INFO - Setting next_dagrun for example_setup_teardown to 2026-04-25 00:00:00+00:00, run_after=2026-04-26 00:00:00+00:00
[2026-04-26T08:05:39.051+0000] {processor.py:183} INFO - Processing /usr/local/python/3.12.1/lib/python3.12/site-packages/airflow/example_dags/example_setup_teardown.py took 0.081 seconds
