[2026-04-26T06:55:40.089+0000] {processor.py:161} INFO - Started process (PID=10307) to work on /usr/local/python/3.12.1/lib/python3.12/site-packages/airflow/example_dags/example_nested_branch_dag.py
[2026-04-26T06:55:40.090+0000] {processor.py:830} INFO - Processing file /usr/local/python/3.12.1/lib/python3.12/site-packages/airflow/example_dags/example_nested_branch_dag.py for tasks to queue
[2026-04-26T06:55:40.090+0000] {logging_mixin.py:188} INFO - [2026-04-26T06:55:40.090+0000] {dagbag.py:540} INFO - Filling up the DagBag from /usr/local/python/3.12.1/lib/python3.12/site-packages/airflow/example_dags/example_nested_branch_dag.py
[2026-04-26T06:55:40.098+0000] {processor.py:840} INFO - DAG(s) 'example_nested_branch_dag' retrieved from /usr/local/python/3.12.1/lib/python3.12/site-packages/airflow/example_dags/example_nested_branch_dag.py
[2026-04-26T06:55:40.179+0000] {logging_mixin.py:188} INFO - [2026-04-26T06:55:40.179+0000] {dag.py:3096} INFO - Sync 1 DAGs
[2026-04-26T06:55:40.194+0000] {logging_mixin.py:188} INFO - [2026-04-26T06:55:40.194+0000] {dag.py:3954} INFO - Setting next_dagrun for example_nested_branch_dag to 2026-04-25 00:00:00+00:00, run_after=2026-04-26 00:00:00+00:00
[2026-04-26T06:55:40.211+0000] {processor.py:183} INFO - Processing /usr/local/python/3.12.1/lib/python3.12/site-packages/airflow/example_dags/example_nested_branch_dag.py took 0.126 seconds
[2026-04-26T06:56:32.185+0000] {processor.py:161} INFO - Started process (PID=10730) to work on /usr/local/python/3.12.1/lib/python3.12/site-packages/airflow/example_dags/example_nested_branch_dag.py
[2026-04-26T06:56:32.186+0000] {processor.py:830} INFO - Processing file /usr/local/python/3.12.1/lib/python3.12/site-packages/airflow/example_dags/example_nested_branch_dag.py for tasks to queue
[2026-04-26T06:56:32.187+0000] {logging_mixin.py:188} INFO - [2026-04-26T06:56:32.187+0000] {dagbag.py:540} INFO - Filling up the DagBag from /usr/local/python/3.12.1/lib/python3.12/site-packages/airflow/example_dags/example_nested_branch_dag.py
[2026-04-26T06:56:32.203+0000] {processor.py:840} INFO - DAG(s) 'example_nested_branch_dag' retrieved from /usr/local/python/3.12.1/lib/python3.12/site-packages/airflow/example_dags/example_nested_branch_dag.py
[2026-04-26T06:56:32.262+0000] {logging_mixin.py:188} INFO - [2026-04-26T06:56:32.261+0000] {dag.py:3096} INFO - Sync 1 DAGs
[2026-04-26T06:56:32.316+0000] {logging_mixin.py:188} INFO - [2026-04-26T06:56:32.316+0000] {dag.py:3954} INFO - Setting next_dagrun for example_nested_branch_dag to 2026-04-25 00:00:00+00:00, run_after=2026-04-26 00:00:00+00:00
[2026-04-26T06:56:32.341+0000] {processor.py:183} INFO - Processing /usr/local/python/3.12.1/lib/python3.12/site-packages/airflow/example_dags/example_nested_branch_dag.py took 0.166 seconds
[2026-04-26T06:57:21.904+0000] {processor.py:161} INFO - Started process (PID=11284) to work on /usr/local/python/3.12.1/lib/python3.12/site-packages/airflow/example_dags/example_nested_branch_dag.py
[2026-04-26T06:57:21.905+0000] {processor.py:830} INFO - Processing file /usr/local/python/3.12.1/lib/python3.12/site-packages/airflow/example_dags/example_nested_branch_dag.py for tasks to queue
[2026-04-26T06:57:21.905+0000] {logging_mixin.py:188} INFO - [2026-04-26T06:57:21.905+0000] {dagbag.py:540} INFO - Filling up the DagBag from /usr/local/python/3.12.1/lib/python3.12/site-packages/airflow/example_dags/example_nested_branch_dag.py
[2026-04-26T06:57:21.913+0000] {processor.py:840} INFO - DAG(s) 'example_nested_branch_dag' retrieved from /usr/local/python/3.12.1/lib/python3.12/site-packages/airflow/example_dags/example_nested_branch_dag.py
[2026-04-26T06:57:21.925+0000] {logging_mixin.py:188} INFO - [2026-04-26T06:57:21.925+0000] {dag.py:3096} INFO - Sync 1 DAGs
[2026-04-26T06:57:21.940+0000] {logging_mixin.py:188} INFO - [2026-04-26T06:57:21.940+0000] {dag.py:3954} INFO - Setting next_dagrun for example_nested_branch_dag to 2026-04-25 00:00:00+00:00, run_after=2026-04-26 00:00:00+00:00
[2026-04-26T06:57:21.956+0000] {processor.py:183} INFO - Processing /usr/local/python/3.12.1/lib/python3.12/site-packages/airflow/example_dags/example_nested_branch_dag.py took 0.056 seconds
[2026-04-26T06:58:23.734+0000] {processor.py:161} INFO - Started process (PID=12101) to work on /usr/local/python/3.12.1/lib/python3.12/site-packages/airflow/example_dags/example_nested_branch_dag.py
[2026-04-26T06:58:23.734+0000] {processor.py:830} INFO - Processing file /usr/local/python/3.12.1/lib/python3.12/site-packages/airflow/example_dags/example_nested_branch_dag.py for tasks to queue
[2026-04-26T06:58:23.735+0000] {logging_mixin.py:188} INFO - [2026-04-26T06:58:23.735+0000] {dagbag.py:540} INFO - Filling up the DagBag from /usr/local/python/3.12.1/lib/python3.12/site-packages/airflow/example_dags/example_nested_branch_dag.py
[2026-04-26T06:58:23.743+0000] {processor.py:840} INFO - DAG(s) 'example_nested_branch_dag' retrieved from /usr/local/python/3.12.1/lib/python3.12/site-packages/airflow/example_dags/example_nested_branch_dag.py
[2026-04-26T06:58:23.756+0000] {logging_mixin.py:188} INFO - [2026-04-26T06:58:23.755+0000] {dag.py:3096} INFO - Sync 1 DAGs
[2026-04-26T06:58:23.771+0000] {logging_mixin.py:188} INFO - [2026-04-26T06:58:23.770+0000] {dag.py:3954} INFO - Setting next_dagrun for example_nested_branch_dag to 2026-04-25 00:00:00+00:00, run_after=2026-04-26 00:00:00+00:00
[2026-04-26T06:58:23.787+0000] {processor.py:183} INFO - Processing /usr/local/python/3.12.1/lib/python3.12/site-packages/airflow/example_dags/example_nested_branch_dag.py took 0.057 seconds
[2026-04-26T06:59:22.947+0000] {processor.py:161} INFO - Started process (PID=12667) to work on /usr/local/python/3.12.1/lib/python3.12/site-packages/airflow/example_dags/example_nested_branch_dag.py
[2026-04-26T06:59:22.948+0000] {processor.py:830} INFO - Processing file /usr/local/python/3.12.1/lib/python3.12/site-packages/airflow/example_dags/example_nested_branch_dag.py for tasks to queue
[2026-04-26T06:59:22.948+0000] {logging_mixin.py:188} INFO - [2026-04-26T06:59:22.948+0000] {dagbag.py:540} INFO - Filling up the DagBag from /usr/local/python/3.12.1/lib/python3.12/site-packages/airflow/example_dags/example_nested_branch_dag.py
[2026-04-26T06:59:22.956+0000] {processor.py:840} INFO - DAG(s) 'example_nested_branch_dag' retrieved from /usr/local/python/3.12.1/lib/python3.12/site-packages/airflow/example_dags/example_nested_branch_dag.py
[2026-04-26T06:59:22.969+0000] {logging_mixin.py:188} INFO - [2026-04-26T06:59:22.968+0000] {dag.py:3096} INFO - Sync 1 DAGs
[2026-04-26T06:59:22.985+0000] {logging_mixin.py:188} INFO - [2026-04-26T06:59:22.984+0000] {dag.py:3954} INFO - Setting next_dagrun for example_nested_branch_dag to 2026-04-25 00:00:00+00:00, run_after=2026-04-26 00:00:00+00:00
[2026-04-26T06:59:23.001+0000] {processor.py:183} INFO - Processing /usr/local/python/3.12.1/lib/python3.12/site-packages/airflow/example_dags/example_nested_branch_dag.py took 0.058 seconds
[2026-04-26T07:00:24.908+0000] {processor.py:161} INFO - Started process (PID=13251) to work on /usr/local/python/3.12.1/lib/python3.12/site-packages/airflow/example_dags/example_nested_branch_dag.py
[2026-04-26T07:00:24.909+0000] {processor.py:830} INFO - Processing file /usr/local/python/3.12.1/lib/python3.12/site-packages/airflow/example_dags/example_nested_branch_dag.py for tasks to queue
[2026-04-26T07:00:24.910+0000] {logging_mixin.py:188} INFO - [2026-04-26T07:00:24.910+0000] {dagbag.py:540} INFO - Filling up the DagBag from /usr/local/python/3.12.1/lib/python3.12/site-packages/airflow/example_dags/example_nested_branch_dag.py
[2026-04-26T07:00:24.918+0000] {processor.py:840} INFO - DAG(s) 'example_nested_branch_dag' retrieved from /usr/local/python/3.12.1/lib/python3.12/site-packages/airflow/example_dags/example_nested_branch_dag.py
[2026-04-26T07:00:24.931+0000] {logging_mixin.py:188} INFO - [2026-04-26T07:00:24.930+0000] {dag.py:3096} INFO - Sync 1 DAGs
[2026-04-26T07:00:24.946+0000] {logging_mixin.py:188} INFO - [2026-04-26T07:00:24.946+0000] {dag.py:3954} INFO - Setting next_dagrun for example_nested_branch_dag to 2026-04-25 00:00:00+00:00, run_after=2026-04-26 00:00:00+00:00
[2026-04-26T07:00:24.965+0000] {processor.py:183} INFO - Processing /usr/local/python/3.12.1/lib/python3.12/site-packages/airflow/example_dags/example_nested_branch_dag.py took 0.061 seconds
[2026-04-26T07:01:31.093+0000] {processor.py:161} INFO - Started process (PID=13823) to work on /usr/local/python/3.12.1/lib/python3.12/site-packages/airflow/example_dags/example_nested_branch_dag.py
[2026-04-26T07:01:31.094+0000] {processor.py:830} INFO - Processing file /usr/local/python/3.12.1/lib/python3.12/site-packages/airflow/example_dags/example_nested_branch_dag.py for tasks to queue
[2026-04-26T07:01:31.095+0000] {logging_mixin.py:188} INFO - [2026-04-26T07:01:31.095+0000] {dagbag.py:540} INFO - Filling up the DagBag from /usr/local/python/3.12.1/lib/python3.12/site-packages/airflow/example_dags/example_nested_branch_dag.py
[2026-04-26T07:01:31.103+0000] {processor.py:840} INFO - DAG(s) 'example_nested_branch_dag' retrieved from /usr/local/python/3.12.1/lib/python3.12/site-packages/airflow/example_dags/example_nested_branch_dag.py
[2026-04-26T07:01:31.115+0000] {logging_mixin.py:188} INFO - [2026-04-26T07:01:31.115+0000] {dag.py:3096} INFO - Sync 1 DAGs
[2026-04-26T07:01:31.130+0000] {logging_mixin.py:188} INFO - [2026-04-26T07:01:31.130+0000] {dag.py:3954} INFO - Setting next_dagrun for example_nested_branch_dag to 2026-04-25 00:00:00+00:00, run_after=2026-04-26 00:00:00+00:00
[2026-04-26T07:01:31.148+0000] {processor.py:183} INFO - Processing /usr/local/python/3.12.1/lib/python3.12/site-packages/airflow/example_dags/example_nested_branch_dag.py took 0.059 seconds
[2026-04-26T07:02:40.366+0000] {processor.py:161} INFO - Started process (PID=14419) to work on /usr/local/python/3.12.1/lib/python3.12/site-packages/airflow/example_dags/example_nested_branch_dag.py
[2026-04-26T07:02:40.367+0000] {processor.py:830} INFO - Processing file /usr/local/python/3.12.1/lib/python3.12/site-packages/airflow/example_dags/example_nested_branch_dag.py for tasks to queue
[2026-04-26T07:02:40.368+0000] {logging_mixin.py:188} INFO - [2026-04-26T07:02:40.367+0000] {dagbag.py:540} INFO - Filling up the DagBag from /usr/local/python/3.12.1/lib/python3.12/site-packages/airflow/example_dags/example_nested_branch_dag.py
[2026-04-26T07:02:40.375+0000] {processor.py:840} INFO - DAG(s) 'example_nested_branch_dag' retrieved from /usr/local/python/3.12.1/lib/python3.12/site-packages/airflow/example_dags/example_nested_branch_dag.py
[2026-04-26T07:02:40.394+0000] {logging_mixin.py:188} INFO - [2026-04-26T07:02:40.394+0000] {dag.py:3096} INFO - Sync 1 DAGs
[2026-04-26T07:02:40.430+0000] {logging_mixin.py:188} INFO - [2026-04-26T07:02:40.430+0000] {dag.py:3954} INFO - Setting next_dagrun for example_nested_branch_dag to 2026-04-25 00:00:00+00:00, run_after=2026-04-26 00:00:00+00:00
[2026-04-26T07:02:40.483+0000] {processor.py:183} INFO - Processing /usr/local/python/3.12.1/lib/python3.12/site-packages/airflow/example_dags/example_nested_branch_dag.py took 0.121 seconds
[2026-04-26T07:03:43.327+0000] {processor.py:161} INFO - Started process (PID=14895) to work on /usr/local/python/3.12.1/lib/python3.12/site-packages/airflow/example_dags/example_nested_branch_dag.py
[2026-04-26T07:03:43.328+0000] {processor.py:830} INFO - Processing file /usr/local/python/3.12.1/lib/python3.12/site-packages/airflow/example_dags/example_nested_branch_dag.py for tasks to queue
[2026-04-26T07:03:43.329+0000] {logging_mixin.py:188} INFO - [2026-04-26T07:03:43.328+0000] {dagbag.py:540} INFO - Filling up the DagBag from /usr/local/python/3.12.1/lib/python3.12/site-packages/airflow/example_dags/example_nested_branch_dag.py
[2026-04-26T07:03:43.338+0000] {processor.py:840} INFO - DAG(s) 'example_nested_branch_dag' retrieved from /usr/local/python/3.12.1/lib/python3.12/site-packages/airflow/example_dags/example_nested_branch_dag.py
[2026-04-26T07:03:43.353+0000] {logging_mixin.py:188} INFO - [2026-04-26T07:03:43.353+0000] {dag.py:3096} INFO - Sync 1 DAGs
[2026-04-26T07:03:43.368+0000] {logging_mixin.py:188} INFO - [2026-04-26T07:03:43.368+0000] {dag.py:3954} INFO - Setting next_dagrun for example_nested_branch_dag to 2026-04-25 00:00:00+00:00, run_after=2026-04-26 00:00:00+00:00
[2026-04-26T07:03:43.383+0000] {processor.py:183} INFO - Processing /usr/local/python/3.12.1/lib/python3.12/site-packages/airflow/example_dags/example_nested_branch_dag.py took 0.063 seconds
[2026-04-26T07:04:40.358+0000] {processor.py:161} INFO - Started process (PID=15527) to work on /usr/local/python/3.12.1/lib/python3.12/site-packages/airflow/example_dags/example_nested_branch_dag.py
[2026-04-26T07:04:40.359+0000] {processor.py:830} INFO - Processing file /usr/local/python/3.12.1/lib/python3.12/site-packages/airflow/example_dags/example_nested_branch_dag.py for tasks to queue
[2026-04-26T07:04:40.360+0000] {logging_mixin.py:188} INFO - [2026-04-26T07:04:40.359+0000] {dagbag.py:540} INFO - Filling up the DagBag from /usr/local/python/3.12.1/lib/python3.12/site-packages/airflow/example_dags/example_nested_branch_dag.py
[2026-04-26T07:04:40.367+0000] {processor.py:840} INFO - DAG(s) 'example_nested_branch_dag' retrieved from /usr/local/python/3.12.1/lib/python3.12/site-packages/airflow/example_dags/example_nested_branch_dag.py
[2026-04-26T07:04:40.380+0000] {logging_mixin.py:188} INFO - [2026-04-26T07:04:40.380+0000] {dag.py:3096} INFO - Sync 1 DAGs
[2026-04-26T07:04:40.403+0000] {logging_mixin.py:188} INFO - [2026-04-26T07:04:40.403+0000] {dag.py:3954} INFO - Setting next_dagrun for example_nested_branch_dag to 2026-04-25 00:00:00+00:00, run_after=2026-04-26 00:00:00+00:00
[2026-04-26T07:04:40.431+0000] {processor.py:183} INFO - Processing /usr/local/python/3.12.1/lib/python3.12/site-packages/airflow/example_dags/example_nested_branch_dag.py took 0.077 seconds
[2026-04-26T07:05:37.394+0000] {processor.py:161} INFO - Started process (PID=16164) to work on /usr/local/python/3.12.1/lib/python3.12/site-packages/airflow/example_dags/example_nested_branch_dag.py
[2026-04-26T07:05:37.395+0000] {processor.py:830} INFO - Processing file /usr/local/python/3.12.1/lib/python3.12/site-packages/airflow/example_dags/example_nested_branch_dag.py for tasks to queue
[2026-04-26T07:05:37.395+0000] {logging_mixin.py:188} INFO - [2026-04-26T07:05:37.395+0000] {dagbag.py:540} INFO - Filling up the DagBag from /usr/local/python/3.12.1/lib/python3.12/site-packages/airflow/example_dags/example_nested_branch_dag.py
[2026-04-26T07:05:37.403+0000] {processor.py:840} INFO - DAG(s) 'example_nested_branch_dag' retrieved from /usr/local/python/3.12.1/lib/python3.12/site-packages/airflow/example_dags/example_nested_branch_dag.py
[2026-04-26T07:05:37.416+0000] {logging_mixin.py:188} INFO - [2026-04-26T07:05:37.416+0000] {dag.py:3096} INFO - Sync 1 DAGs
[2026-04-26T07:05:37.432+0000] {logging_mixin.py:188} INFO - [2026-04-26T07:05:37.431+0000] {dag.py:3954} INFO - Setting next_dagrun for example_nested_branch_dag to 2026-04-25 00:00:00+00:00, run_after=2026-04-26 00:00:00+00:00
[2026-04-26T07:05:37.449+0000] {processor.py:183} INFO - Processing /usr/local/python/3.12.1/lib/python3.12/site-packages/airflow/example_dags/example_nested_branch_dag.py took 0.059 seconds
[2026-04-26T07:06:36.738+0000] {processor.py:161} INFO - Started process (PID=16691) to work on /usr/local/python/3.12.1/lib/python3.12/site-packages/airflow/example_dags/example_nested_branch_dag.py
[2026-04-26T07:06:36.739+0000] {processor.py:830} INFO - Processing file /usr/local/python/3.12.1/lib/python3.12/site-packages/airflow/example_dags/example_nested_branch_dag.py for tasks to queue
[2026-04-26T07:06:36.739+0000] {logging_mixin.py:188} INFO - [2026-04-26T07:06:36.739+0000] {dagbag.py:540} INFO - Filling up the DagBag from /usr/local/python/3.12.1/lib/python3.12/site-packages/airflow/example_dags/example_nested_branch_dag.py
[2026-04-26T07:06:36.747+0000] {processor.py:840} INFO - DAG(s) 'example_nested_branch_dag' retrieved from /usr/local/python/3.12.1/lib/python3.12/site-packages/airflow/example_dags/example_nested_branch_dag.py
[2026-04-26T07:06:36.759+0000] {logging_mixin.py:188} INFO - [2026-04-26T07:06:36.759+0000] {dag.py:3096} INFO - Sync 1 DAGs
[2026-04-26T07:06:36.774+0000] {logging_mixin.py:188} INFO - [2026-04-26T07:06:36.774+0000] {dag.py:3954} INFO - Setting next_dagrun for example_nested_branch_dag to 2026-04-25 00:00:00+00:00, run_after=2026-04-26 00:00:00+00:00
[2026-04-26T07:06:36.790+0000] {processor.py:183} INFO - Processing /usr/local/python/3.12.1/lib/python3.12/site-packages/airflow/example_dags/example_nested_branch_dag.py took 0.056 seconds
[2026-04-26T07:07:38.611+0000] {processor.py:161} INFO - Started process (PID=17227) to work on /usr/local/python/3.12.1/lib/python3.12/site-packages/airflow/example_dags/example_nested_branch_dag.py
[2026-04-26T07:07:38.612+0000] {processor.py:830} INFO - Processing file /usr/local/python/3.12.1/lib/python3.12/site-packages/airflow/example_dags/example_nested_branch_dag.py for tasks to queue
[2026-04-26T07:07:38.612+0000] {logging_mixin.py:188} INFO - [2026-04-26T07:07:38.612+0000] {dagbag.py:540} INFO - Filling up the DagBag from /usr/local/python/3.12.1/lib/python3.12/site-packages/airflow/example_dags/example_nested_branch_dag.py
[2026-04-26T07:07:38.621+0000] {processor.py:840} INFO - DAG(s) 'example_nested_branch_dag' retrieved from /usr/local/python/3.12.1/lib/python3.12/site-packages/airflow/example_dags/example_nested_branch_dag.py
[2026-04-26T07:07:38.634+0000] {logging_mixin.py:188} INFO - [2026-04-26T07:07:38.634+0000] {dag.py:3096} INFO - Sync 1 DAGs
[2026-04-26T07:07:38.649+0000] {logging_mixin.py:188} INFO - [2026-04-26T07:07:38.649+0000] {dag.py:3954} INFO - Setting next_dagrun for example_nested_branch_dag to 2026-04-25 00:00:00+00:00, run_after=2026-04-26 00:00:00+00:00
[2026-04-26T07:07:38.668+0000] {processor.py:183} INFO - Processing /usr/local/python/3.12.1/lib/python3.12/site-packages/airflow/example_dags/example_nested_branch_dag.py took 0.061 seconds
[2026-04-26T07:08:44.610+0000] {processor.py:161} INFO - Started process (PID=17859) to work on /usr/local/python/3.12.1/lib/python3.12/site-packages/airflow/example_dags/example_nested_branch_dag.py
[2026-04-26T07:08:44.610+0000] {processor.py:830} INFO - Processing file /usr/local/python/3.12.1/lib/python3.12/site-packages/airflow/example_dags/example_nested_branch_dag.py for tasks to queue
[2026-04-26T07:08:44.611+0000] {logging_mixin.py:188} INFO - [2026-04-26T07:08:44.611+0000] {dagbag.py:540} INFO - Filling up the DagBag from /usr/local/python/3.12.1/lib/python3.12/site-packages/airflow/example_dags/example_nested_branch_dag.py
[2026-04-26T07:08:44.619+0000] {processor.py:840} INFO - DAG(s) 'example_nested_branch_dag' retrieved from /usr/local/python/3.12.1/lib/python3.12/site-packages/airflow/example_dags/example_nested_branch_dag.py
[2026-04-26T07:08:44.632+0000] {logging_mixin.py:188} INFO - [2026-04-26T07:08:44.632+0000] {dag.py:3096} INFO - Sync 1 DAGs
[2026-04-26T07:08:44.647+0000] {logging_mixin.py:188} INFO - [2026-04-26T07:08:44.647+0000] {dag.py:3954} INFO - Setting next_dagrun for example_nested_branch_dag to 2026-04-25 00:00:00+00:00, run_after=2026-04-26 00:00:00+00:00
[2026-04-26T07:08:44.663+0000] {processor.py:183} INFO - Processing /usr/local/python/3.12.1/lib/python3.12/site-packages/airflow/example_dags/example_nested_branch_dag.py took 0.058 seconds
[2026-04-26T07:09:37.490+0000] {processor.py:161} INFO - Started process (PID=18490) to work on /usr/local/python/3.12.1/lib/python3.12/site-packages/airflow/example_dags/example_nested_branch_dag.py
[2026-04-26T07:09:37.495+0000] {processor.py:830} INFO - Processing file /usr/local/python/3.12.1/lib/python3.12/site-packages/airflow/example_dags/example_nested_branch_dag.py for tasks to queue
[2026-04-26T07:09:37.496+0000] {logging_mixin.py:188} INFO - [2026-04-26T07:09:37.496+0000] {dagbag.py:540} INFO - Filling up the DagBag from /usr/local/python/3.12.1/lib/python3.12/site-packages/airflow/example_dags/example_nested_branch_dag.py
[2026-04-26T07:09:37.516+0000] {processor.py:840} INFO - DAG(s) 'example_nested_branch_dag' retrieved from /usr/local/python/3.12.1/lib/python3.12/site-packages/airflow/example_dags/example_nested_branch_dag.py
[2026-04-26T07:09:37.605+0000] {logging_mixin.py:188} INFO - [2026-04-26T07:09:37.604+0000] {dag.py:3096} INFO - Sync 1 DAGs
[2026-04-26T07:09:37.731+0000] {logging_mixin.py:188} INFO - [2026-04-26T07:09:37.731+0000] {dag.py:3954} INFO - Setting next_dagrun for example_nested_branch_dag to 2026-04-25 00:00:00+00:00, run_after=2026-04-26 00:00:00+00:00
[2026-04-26T07:09:37.829+0000] {processor.py:183} INFO - Processing /usr/local/python/3.12.1/lib/python3.12/site-packages/airflow/example_dags/example_nested_branch_dag.py took 0.343 seconds
[2026-04-26T07:10:00.737+0000] {processor.py:161} INFO - Started process (PID=18748) to work on /usr/local/python/3.12.1/lib/python3.12/site-packages/airflow/example_dags/example_nested_branch_dag.py
[2026-04-26T07:10:00.738+0000] {processor.py:830} INFO - Processing file /usr/local/python/3.12.1/lib/python3.12/site-packages/airflow/example_dags/example_nested_branch_dag.py for tasks to queue
[2026-04-26T07:10:00.738+0000] {logging_mixin.py:188} INFO - [2026-04-26T07:10:00.738+0000] {dagbag.py:540} INFO - Filling up the DagBag from /usr/local/python/3.12.1/lib/python3.12/site-packages/airflow/example_dags/example_nested_branch_dag.py
[2026-04-26T07:10:00.748+0000] {processor.py:840} INFO - DAG(s) 'example_nested_branch_dag' retrieved from /usr/local/python/3.12.1/lib/python3.12/site-packages/airflow/example_dags/example_nested_branch_dag.py
[2026-04-26T07:10:00.764+0000] {logging_mixin.py:188} INFO - [2026-04-26T07:10:00.764+0000] {dag.py:3096} INFO - Sync 1 DAGs
[2026-04-26T07:10:00.780+0000] {logging_mixin.py:188} INFO - [2026-04-26T07:10:00.779+0000] {dag.py:3954} INFO - Setting next_dagrun for example_nested_branch_dag to 2026-04-25 00:00:00+00:00, run_after=2026-04-26 00:00:00+00:00
[2026-04-26T07:10:00.796+0000] {processor.py:183} INFO - Processing /usr/local/python/3.12.1/lib/python3.12/site-packages/airflow/example_dags/example_nested_branch_dag.py took 0.064 seconds
[2026-04-26T07:10:27.132+0000] {processor.py:161} INFO - Started process (PID=19031) to work on /usr/local/python/3.12.1/lib/python3.12/site-packages/airflow/example_dags/example_nested_branch_dag.py
[2026-04-26T07:10:27.133+0000] {processor.py:830} INFO - Processing file /usr/local/python/3.12.1/lib/python3.12/site-packages/airflow/example_dags/example_nested_branch_dag.py for tasks to queue
[2026-04-26T07:10:27.134+0000] {logging_mixin.py:188} INFO - [2026-04-26T07:10:27.134+0000] {dagbag.py:540} INFO - Filling up the DagBag from /usr/local/python/3.12.1/lib/python3.12/site-packages/airflow/example_dags/example_nested_branch_dag.py
[2026-04-26T07:10:27.144+0000] {processor.py:840} INFO - DAG(s) 'example_nested_branch_dag' retrieved from /usr/local/python/3.12.1/lib/python3.12/site-packages/airflow/example_dags/example_nested_branch_dag.py
[2026-04-26T07:10:27.157+0000] {logging_mixin.py:188} INFO - [2026-04-26T07:10:27.157+0000] {dag.py:3096} INFO - Sync 1 DAGs
[2026-04-26T07:10:27.175+0000] {logging_mixin.py:188} INFO - [2026-04-26T07:10:27.175+0000] {dag.py:3954} INFO - Setting next_dagrun for example_nested_branch_dag to 2026-04-25 00:00:00+00:00, run_after=2026-04-26 00:00:00+00:00
[2026-04-26T07:10:27.194+0000] {processor.py:183} INFO - Processing /usr/local/python/3.12.1/lib/python3.12/site-packages/airflow/example_dags/example_nested_branch_dag.py took 0.065 seconds
[2026-04-26T07:10:51.036+0000] {processor.py:161} INFO - Started process (PID=19219) to work on /usr/local/python/3.12.1/lib/python3.12/site-packages/airflow/example_dags/example_nested_branch_dag.py
[2026-04-26T07:10:51.036+0000] {processor.py:830} INFO - Processing file /usr/local/python/3.12.1/lib/python3.12/site-packages/airflow/example_dags/example_nested_branch_dag.py for tasks to queue
[2026-04-26T07:10:51.037+0000] {logging_mixin.py:188} INFO - [2026-04-26T07:10:51.037+0000] {dagbag.py:540} INFO - Filling up the DagBag from /usr/local/python/3.12.1/lib/python3.12/site-packages/airflow/example_dags/example_nested_branch_dag.py
[2026-04-26T07:10:51.045+0000] {processor.py:840} INFO - DAG(s) 'example_nested_branch_dag' retrieved from /usr/local/python/3.12.1/lib/python3.12/site-packages/airflow/example_dags/example_nested_branch_dag.py
[2026-04-26T07:10:51.057+0000] {logging_mixin.py:188} INFO - [2026-04-26T07:10:51.057+0000] {dag.py:3096} INFO - Sync 1 DAGs
[2026-04-26T07:10:51.072+0000] {logging_mixin.py:188} INFO - [2026-04-26T07:10:51.072+0000] {dag.py:3954} INFO - Setting next_dagrun for example_nested_branch_dag to 2026-04-25 00:00:00+00:00, run_after=2026-04-26 00:00:00+00:00
[2026-04-26T07:10:51.090+0000] {processor.py:183} INFO - Processing /usr/local/python/3.12.1/lib/python3.12/site-packages/airflow/example_dags/example_nested_branch_dag.py took 0.058 seconds
[2026-04-26T07:11:31.069+0000] {processor.py:161} INFO - Started process (PID=19818) to work on /usr/local/python/3.12.1/lib/python3.12/site-packages/airflow/example_dags/example_nested_branch_dag.py
[2026-04-26T07:11:31.070+0000] {processor.py:830} INFO - Processing file /usr/local/python/3.12.1/lib/python3.12/site-packages/airflow/example_dags/example_nested_branch_dag.py for tasks to queue
[2026-04-26T07:11:31.071+0000] {logging_mixin.py:188} INFO - [2026-04-26T07:11:31.070+0000] {dagbag.py:540} INFO - Filling up the DagBag from /usr/local/python/3.12.1/lib/python3.12/site-packages/airflow/example_dags/example_nested_branch_dag.py
[2026-04-26T07:11:31.082+0000] {processor.py:840} INFO - DAG(s) 'example_nested_branch_dag' retrieved from /usr/local/python/3.12.1/lib/python3.12/site-packages/airflow/example_dags/example_nested_branch_dag.py
[2026-04-26T07:11:31.098+0000] {logging_mixin.py:188} INFO - [2026-04-26T07:11:31.098+0000] {dag.py:3096} INFO - Sync 1 DAGs
[2026-04-26T07:11:31.128+0000] {logging_mixin.py:188} INFO - [2026-04-26T07:11:31.127+0000] {dag.py:3954} INFO - Setting next_dagrun for example_nested_branch_dag to 2026-04-25 00:00:00+00:00, run_after=2026-04-26 00:00:00+00:00
[2026-04-26T07:11:31.160+0000] {processor.py:183} INFO - Processing /usr/local/python/3.12.1/lib/python3.12/site-packages/airflow/example_dags/example_nested_branch_dag.py took 0.097 seconds
[2026-04-26T07:11:53.335+0000] {processor.py:161} INFO - Started process (PID=20003) to work on /usr/local/python/3.12.1/lib/python3.12/site-packages/airflow/example_dags/example_nested_branch_dag.py
[2026-04-26T07:11:53.336+0000] {processor.py:830} INFO - Processing file /usr/local/python/3.12.1/lib/python3.12/site-packages/airflow/example_dags/example_nested_branch_dag.py for tasks to queue
[2026-04-26T07:11:53.336+0000] {logging_mixin.py:188} INFO - [2026-04-26T07:11:53.336+0000] {dagbag.py:540} INFO - Filling up the DagBag from /usr/local/python/3.12.1/lib/python3.12/site-packages/airflow/example_dags/example_nested_branch_dag.py
[2026-04-26T07:11:53.344+0000] {processor.py:840} INFO - DAG(s) 'example_nested_branch_dag' retrieved from /usr/local/python/3.12.1/lib/python3.12/site-packages/airflow/example_dags/example_nested_branch_dag.py
[2026-04-26T07:11:53.356+0000] {logging_mixin.py:188} INFO - [2026-04-26T07:11:53.356+0000] {dag.py:3096} INFO - Sync 1 DAGs
[2026-04-26T07:11:53.371+0000] {logging_mixin.py:188} INFO - [2026-04-26T07:11:53.371+0000] {dag.py:3954} INFO - Setting next_dagrun for example_nested_branch_dag to 2026-04-25 00:00:00+00:00, run_after=2026-04-26 00:00:00+00:00
[2026-04-26T07:11:53.387+0000] {processor.py:183} INFO - Processing /usr/local/python/3.12.1/lib/python3.12/site-packages/airflow/example_dags/example_nested_branch_dag.py took 0.056 seconds
[2026-04-26T07:12:37.339+0000] {processor.py:161} INFO - Started process (PID=20379) to work on /usr/local/python/3.12.1/lib/python3.12/site-packages/airflow/example_dags/example_nested_branch_dag.py
[2026-04-26T07:12:37.339+0000] {processor.py:830} INFO - Processing file /usr/local/python/3.12.1/lib/python3.12/site-packages/airflow/example_dags/example_nested_branch_dag.py for tasks to queue
[2026-04-26T07:12:37.340+0000] {logging_mixin.py:188} INFO - [2026-04-26T07:12:37.340+0000] {dagbag.py:540} INFO - Filling up the DagBag from /usr/local/python/3.12.1/lib/python3.12/site-packages/airflow/example_dags/example_nested_branch_dag.py
[2026-04-26T07:12:37.348+0000] {processor.py:840} INFO - DAG(s) 'example_nested_branch_dag' retrieved from /usr/local/python/3.12.1/lib/python3.12/site-packages/airflow/example_dags/example_nested_branch_dag.py
[2026-04-26T07:12:37.361+0000] {logging_mixin.py:188} INFO - [2026-04-26T07:12:37.360+0000] {dag.py:3096} INFO - Sync 1 DAGs
[2026-04-26T07:12:37.508+0000] {logging_mixin.py:188} INFO - [2026-04-26T07:12:37.508+0000] {dag.py:3954} INFO - Setting next_dagrun for example_nested_branch_dag to 2026-04-25 00:00:00+00:00, run_after=2026-04-26 00:00:00+00:00
[2026-04-26T07:12:37.524+0000] {processor.py:183} INFO - Processing /usr/local/python/3.12.1/lib/python3.12/site-packages/airflow/example_dags/example_nested_branch_dag.py took 0.190 seconds
[2026-04-26T07:12:42.768+0000] {processor.py:161} INFO - Started process (PID=20412) to work on /usr/local/python/3.12.1/lib/python3.12/site-packages/airflow/example_dags/example_nested_branch_dag.py
[2026-04-26T07:12:42.769+0000] {processor.py:830} INFO - Processing file /usr/local/python/3.12.1/lib/python3.12/site-packages/airflow/example_dags/example_nested_branch_dag.py for tasks to queue
[2026-04-26T07:12:42.770+0000] {logging_mixin.py:188} INFO - [2026-04-26T07:12:42.769+0000] {dagbag.py:540} INFO - Filling up the DagBag from /usr/local/python/3.12.1/lib/python3.12/site-packages/airflow/example_dags/example_nested_branch_dag.py
[2026-04-26T07:12:42.777+0000] {processor.py:840} INFO - DAG(s) 'example_nested_branch_dag' retrieved from /usr/local/python/3.12.1/lib/python3.12/site-packages/airflow/example_dags/example_nested_branch_dag.py
[2026-04-26T07:12:42.790+0000] {logging_mixin.py:188} INFO - [2026-04-26T07:12:42.790+0000] {dag.py:3096} INFO - Sync 1 DAGs
[2026-04-26T07:12:42.806+0000] {logging_mixin.py:188} INFO - [2026-04-26T07:12:42.806+0000] {dag.py:3954} INFO - Setting next_dagrun for example_nested_branch_dag to 2026-04-25 00:00:00+00:00, run_after=2026-04-26 00:00:00+00:00
[2026-04-26T07:12:42.823+0000] {processor.py:183} INFO - Processing /usr/local/python/3.12.1/lib/python3.12/site-packages/airflow/example_dags/example_nested_branch_dag.py took 0.059 seconds
[2026-04-26T07:13:43.775+0000] {processor.py:161} INFO - Started process (PID=21445) to work on /usr/local/python/3.12.1/lib/python3.12/site-packages/airflow/example_dags/example_nested_branch_dag.py
[2026-04-26T07:13:43.776+0000] {processor.py:830} INFO - Processing file /usr/local/python/3.12.1/lib/python3.12/site-packages/airflow/example_dags/example_nested_branch_dag.py for tasks to queue
[2026-04-26T07:13:43.777+0000] {logging_mixin.py:188} INFO - [2026-04-26T07:13:43.777+0000] {dagbag.py:540} INFO - Filling up the DagBag from /usr/local/python/3.12.1/lib/python3.12/site-packages/airflow/example_dags/example_nested_branch_dag.py
[2026-04-26T07:13:43.791+0000] {processor.py:840} INFO - DAG(s) 'example_nested_branch_dag' retrieved from /usr/local/python/3.12.1/lib/python3.12/site-packages/airflow/example_dags/example_nested_branch_dag.py
[2026-04-26T07:13:43.815+0000] {logging_mixin.py:188} INFO - [2026-04-26T07:13:43.815+0000] {dag.py:3096} INFO - Sync 1 DAGs
[2026-04-26T07:13:43.871+0000] {logging_mixin.py:188} INFO - [2026-04-26T07:13:43.871+0000] {dag.py:3954} INFO - Setting next_dagrun for example_nested_branch_dag to 2026-04-25 00:00:00+00:00, run_after=2026-04-26 00:00:00+00:00
[2026-04-26T07:13:43.919+0000] {processor.py:183} INFO - Processing /usr/local/python/3.12.1/lib/python3.12/site-packages/airflow/example_dags/example_nested_branch_dag.py took 0.154 seconds
[2026-04-26T07:13:49.194+0000] {processor.py:161} INFO - Started process (PID=21568) to work on /usr/local/python/3.12.1/lib/python3.12/site-packages/airflow/example_dags/example_nested_branch_dag.py
[2026-04-26T07:13:49.195+0000] {processor.py:830} INFO - Processing file /usr/local/python/3.12.1/lib/python3.12/site-packages/airflow/example_dags/example_nested_branch_dag.py for tasks to queue
[2026-04-26T07:13:49.196+0000] {logging_mixin.py:188} INFO - [2026-04-26T07:13:49.195+0000] {dagbag.py:540} INFO - Filling up the DagBag from /usr/local/python/3.12.1/lib/python3.12/site-packages/airflow/example_dags/example_nested_branch_dag.py
[2026-04-26T07:13:49.224+0000] {processor.py:840} INFO - DAG(s) 'example_nested_branch_dag' retrieved from /usr/local/python/3.12.1/lib/python3.12/site-packages/airflow/example_dags/example_nested_branch_dag.py
[2026-04-26T07:13:49.268+0000] {logging_mixin.py:188} INFO - [2026-04-26T07:13:49.261+0000] {dag.py:3096} INFO - Sync 1 DAGs
[2026-04-26T07:13:49.636+0000] {logging_mixin.py:188} INFO - [2026-04-26T07:13:49.636+0000] {dag.py:3954} INFO - Setting next_dagrun for example_nested_branch_dag to 2026-04-25 00:00:00+00:00, run_after=2026-04-26 00:00:00+00:00
[2026-04-26T07:13:49.656+0000] {processor.py:183} INFO - Processing /usr/local/python/3.12.1/lib/python3.12/site-packages/airflow/example_dags/example_nested_branch_dag.py took 0.467 seconds
[2026-04-26T07:14:17.955+0000] {processor.py:161} INFO - Started process (PID=21984) to work on /usr/local/python/3.12.1/lib/python3.12/site-packages/airflow/example_dags/example_nested_branch_dag.py
[2026-04-26T07:14:17.955+0000] {processor.py:830} INFO - Processing file /usr/local/python/3.12.1/lib/python3.12/site-packages/airflow/example_dags/example_nested_branch_dag.py for tasks to queue
[2026-04-26T07:14:17.956+0000] {logging_mixin.py:188} INFO - [2026-04-26T07:14:17.956+0000] {dagbag.py:540} INFO - Filling up the DagBag from /usr/local/python/3.12.1/lib/python3.12/site-packages/airflow/example_dags/example_nested_branch_dag.py
[2026-04-26T07:14:17.964+0000] {processor.py:840} INFO - DAG(s) 'example_nested_branch_dag' retrieved from /usr/local/python/3.12.1/lib/python3.12/site-packages/airflow/example_dags/example_nested_branch_dag.py
[2026-04-26T07:14:17.978+0000] {logging_mixin.py:188} INFO - [2026-04-26T07:14:17.978+0000] {dag.py:3096} INFO - Sync 1 DAGs
[2026-04-26T07:14:17.995+0000] {logging_mixin.py:188} INFO - [2026-04-26T07:14:17.994+0000] {dag.py:3954} INFO - Setting next_dagrun for example_nested_branch_dag to 2026-04-25 00:00:00+00:00, run_after=2026-04-26 00:00:00+00:00
[2026-04-26T07:14:18.020+0000] {processor.py:183} INFO - Processing /usr/local/python/3.12.1/lib/python3.12/site-packages/airflow/example_dags/example_nested_branch_dag.py took 0.069 seconds
[2026-04-26T07:14:40.952+0000] {processor.py:161} INFO - Started process (PID=22274) to work on /usr/local/python/3.12.1/lib/python3.12/site-packages/airflow/example_dags/example_nested_branch_dag.py
[2026-04-26T07:14:40.953+0000] {processor.py:830} INFO - Processing file /usr/local/python/3.12.1/lib/python3.12/site-packages/airflow/example_dags/example_nested_branch_dag.py for tasks to queue
[2026-04-26T07:14:40.953+0000] {logging_mixin.py:188} INFO - [2026-04-26T07:14:40.953+0000] {dagbag.py:540} INFO - Filling up the DagBag from /usr/local/python/3.12.1/lib/python3.12/site-packages/airflow/example_dags/example_nested_branch_dag.py
[2026-04-26T07:14:40.961+0000] {processor.py:840} INFO - DAG(s) 'example_nested_branch_dag' retrieved from /usr/local/python/3.12.1/lib/python3.12/site-packages/airflow/example_dags/example_nested_branch_dag.py
[2026-04-26T07:14:40.974+0000] {logging_mixin.py:188} INFO - [2026-04-26T07:14:40.974+0000] {dag.py:3096} INFO - Sync 1 DAGs
[2026-04-26T07:14:40.989+0000] {logging_mixin.py:188} INFO - [2026-04-26T07:14:40.989+0000] {dag.py:3954} INFO - Setting next_dagrun for example_nested_branch_dag to 2026-04-25 00:00:00+00:00, run_after=2026-04-26 00:00:00+00:00
[2026-04-26T07:14:41.006+0000] {processor.py:183} INFO - Processing /usr/local/python/3.12.1/lib/python3.12/site-packages/airflow/example_dags/example_nested_branch_dag.py took 0.058 seconds
[2026-04-26T07:14:48.284+0000] {processor.py:161} INFO - Started process (PID=22350) to work on /usr/local/python/3.12.1/lib/python3.12/site-packages/airflow/example_dags/example_nested_branch_dag.py
[2026-04-26T07:14:48.284+0000] {processor.py:830} INFO - Processing file /usr/local/python/3.12.1/lib/python3.12/site-packages/airflow/example_dags/example_nested_branch_dag.py for tasks to queue
[2026-04-26T07:14:48.285+0000] {logging_mixin.py:188} INFO - [2026-04-26T07:14:48.285+0000] {dagbag.py:540} INFO - Filling up the DagBag from /usr/local/python/3.12.1/lib/python3.12/site-packages/airflow/example_dags/example_nested_branch_dag.py
[2026-04-26T07:14:48.293+0000] {processor.py:840} INFO - DAG(s) 'example_nested_branch_dag' retrieved from /usr/local/python/3.12.1/lib/python3.12/site-packages/airflow/example_dags/example_nested_branch_dag.py
[2026-04-26T07:14:48.306+0000] {logging_mixin.py:188} INFO - [2026-04-26T07:14:48.305+0000] {dag.py:3096} INFO - Sync 1 DAGs
[2026-04-26T07:14:48.321+0000] {logging_mixin.py:188} INFO - [2026-04-26T07:14:48.320+0000] {dag.py:3954} INFO - Setting next_dagrun for example_nested_branch_dag to 2026-04-25 00:00:00+00:00, run_after=2026-04-26 00:00:00+00:00
[2026-04-26T07:14:48.339+0000] {processor.py:183} INFO - Processing /usr/local/python/3.12.1/lib/python3.12/site-packages/airflow/example_dags/example_nested_branch_dag.py took 0.059 seconds
[2026-04-26T07:15:09.027+0000] {processor.py:161} INFO - Started process (PID=22656) to work on /usr/local/python/3.12.1/lib/python3.12/site-packages/airflow/example_dags/example_nested_branch_dag.py
[2026-04-26T07:15:09.028+0000] {processor.py:830} INFO - Processing file /usr/local/python/3.12.1/lib/python3.12/site-packages/airflow/example_dags/example_nested_branch_dag.py for tasks to queue
[2026-04-26T07:15:09.028+0000] {logging_mixin.py:188} INFO - [2026-04-26T07:15:09.028+0000] {dagbag.py:540} INFO - Filling up the DagBag from /usr/local/python/3.12.1/lib/python3.12/site-packages/airflow/example_dags/example_nested_branch_dag.py
[2026-04-26T07:15:09.036+0000] {processor.py:840} INFO - DAG(s) 'example_nested_branch_dag' retrieved from /usr/local/python/3.12.1/lib/python3.12/site-packages/airflow/example_dags/example_nested_branch_dag.py
[2026-04-26T07:15:09.049+0000] {logging_mixin.py:188} INFO - [2026-04-26T07:15:09.048+0000] {dag.py:3096} INFO - Sync 1 DAGs
[2026-04-26T07:15:09.063+0000] {logging_mixin.py:188} INFO - [2026-04-26T07:15:09.063+0000] {dag.py:3954} INFO - Setting next_dagrun for example_nested_branch_dag to 2026-04-25 00:00:00+00:00, run_after=2026-04-26 00:00:00+00:00
[2026-04-26T07:15:09.079+0000] {processor.py:183} INFO - Processing /usr/local/python/3.12.1/lib/python3.12/site-packages/airflow/example_dags/example_nested_branch_dag.py took 0.056 seconds
[2026-04-26T07:15:33.063+0000] {processor.py:161} INFO - Started process (PID=23092) to work on /usr/local/python/3.12.1/lib/python3.12/site-packages/airflow/example_dags/example_nested_branch_dag.py
[2026-04-26T07:15:33.064+0000] {processor.py:830} INFO - Processing file /usr/local/python/3.12.1/lib/python3.12/site-packages/airflow/example_dags/example_nested_branch_dag.py for tasks to queue
[2026-04-26T07:15:33.065+0000] {logging_mixin.py:188} INFO - [2026-04-26T07:15:33.065+0000] {dagbag.py:540} INFO - Filling up the DagBag from /usr/local/python/3.12.1/lib/python3.12/site-packages/airflow/example_dags/example_nested_branch_dag.py
[2026-04-26T07:15:33.074+0000] {processor.py:840} INFO - DAG(s) 'example_nested_branch_dag' retrieved from /usr/local/python/3.12.1/lib/python3.12/site-packages/airflow/example_dags/example_nested_branch_dag.py
[2026-04-26T07:15:33.087+0000] {logging_mixin.py:188} INFO - [2026-04-26T07:15:33.087+0000] {dag.py:3096} INFO - Sync 1 DAGs
[2026-04-26T07:15:33.103+0000] {logging_mixin.py:188} INFO - [2026-04-26T07:15:33.103+0000] {dag.py:3954} INFO - Setting next_dagrun for example_nested_branch_dag to 2026-04-25 00:00:00+00:00, run_after=2026-04-26 00:00:00+00:00
[2026-04-26T07:15:33.120+0000] {processor.py:183} INFO - Processing /usr/local/python/3.12.1/lib/python3.12/site-packages/airflow/example_dags/example_nested_branch_dag.py took 0.061 seconds
[2026-04-26T07:15:55.337+0000] {processor.py:161} INFO - Started process (PID=23415) to work on /usr/local/python/3.12.1/lib/python3.12/site-packages/airflow/example_dags/example_nested_branch_dag.py
[2026-04-26T07:15:55.337+0000] {processor.py:830} INFO - Processing file /usr/local/python/3.12.1/lib/python3.12/site-packages/airflow/example_dags/example_nested_branch_dag.py for tasks to queue
[2026-04-26T07:15:55.338+0000] {logging_mixin.py:188} INFO - [2026-04-26T07:15:55.338+0000] {dagbag.py:540} INFO - Filling up the DagBag from /usr/local/python/3.12.1/lib/python3.12/site-packages/airflow/example_dags/example_nested_branch_dag.py
[2026-04-26T07:15:55.346+0000] {processor.py:840} INFO - DAG(s) 'example_nested_branch_dag' retrieved from /usr/local/python/3.12.1/lib/python3.12/site-packages/airflow/example_dags/example_nested_branch_dag.py
[2026-04-26T07:15:55.360+0000] {logging_mixin.py:188} INFO - [2026-04-26T07:15:55.359+0000] {dag.py:3096} INFO - Sync 1 DAGs
[2026-04-26T07:15:55.375+0000] {logging_mixin.py:188} INFO - [2026-04-26T07:15:55.375+0000] {dag.py:3954} INFO - Setting next_dagrun for example_nested_branch_dag to 2026-04-25 00:00:00+00:00, run_after=2026-04-26 00:00:00+00:00
[2026-04-26T07:15:55.392+0000] {processor.py:183} INFO - Processing /usr/local/python/3.12.1/lib/python3.12/site-packages/airflow/example_dags/example_nested_branch_dag.py took 0.060 seconds
[2026-04-26T07:16:00.387+0000] {processor.py:161} INFO - Started process (PID=23470) to work on /usr/local/python/3.12.1/lib/python3.12/site-packages/airflow/example_dags/example_nested_branch_dag.py
[2026-04-26T07:16:00.388+0000] {processor.py:830} INFO - Processing file /usr/local/python/3.12.1/lib/python3.12/site-packages/airflow/example_dags/example_nested_branch_dag.py for tasks to queue
[2026-04-26T07:16:00.388+0000] {logging_mixin.py:188} INFO - [2026-04-26T07:16:00.388+0000] {dagbag.py:540} INFO - Filling up the DagBag from /usr/local/python/3.12.1/lib/python3.12/site-packages/airflow/example_dags/example_nested_branch_dag.py
[2026-04-26T07:16:00.396+0000] {processor.py:840} INFO - DAG(s) 'example_nested_branch_dag' retrieved from /usr/local/python/3.12.1/lib/python3.12/site-packages/airflow/example_dags/example_nested_branch_dag.py
[2026-04-26T07:16:00.410+0000] {logging_mixin.py:188} INFO - [2026-04-26T07:16:00.410+0000] {dag.py:3096} INFO - Sync 1 DAGs
[2026-04-26T07:16:00.425+0000] {logging_mixin.py:188} INFO - [2026-04-26T07:16:00.425+0000] {dag.py:3954} INFO - Setting next_dagrun for example_nested_branch_dag to 2026-04-25 00:00:00+00:00, run_after=2026-04-26 00:00:00+00:00
[2026-04-26T07:16:00.442+0000] {processor.py:183} INFO - Processing /usr/local/python/3.12.1/lib/python3.12/site-packages/airflow/example_dags/example_nested_branch_dag.py took 0.059 seconds
[2026-04-26T07:16:23.471+0000] {processor.py:161} INFO - Started process (PID=23804) to work on /usr/local/python/3.12.1/lib/python3.12/site-packages/airflow/example_dags/example_nested_branch_dag.py
[2026-04-26T07:16:23.472+0000] {processor.py:830} INFO - Processing file /usr/local/python/3.12.1/lib/python3.12/site-packages/airflow/example_dags/example_nested_branch_dag.py for tasks to queue
[2026-04-26T07:16:23.473+0000] {logging_mixin.py:188} INFO - [2026-04-26T07:16:23.472+0000] {dagbag.py:540} INFO - Filling up the DagBag from /usr/local/python/3.12.1/lib/python3.12/site-packages/airflow/example_dags/example_nested_branch_dag.py
[2026-04-26T07:16:23.481+0000] {processor.py:840} INFO - DAG(s) 'example_nested_branch_dag' retrieved from /usr/local/python/3.12.1/lib/python3.12/site-packages/airflow/example_dags/example_nested_branch_dag.py
[2026-04-26T07:16:23.494+0000] {logging_mixin.py:188} INFO - [2026-04-26T07:16:23.494+0000] {dag.py:3096} INFO - Sync 1 DAGs
[2026-04-26T07:16:23.509+0000] {logging_mixin.py:188} INFO - [2026-04-26T07:16:23.509+0000] {dag.py:3954} INFO - Setting next_dagrun for example_nested_branch_dag to 2026-04-25 00:00:00+00:00, run_after=2026-04-26 00:00:00+00:00
[2026-04-26T07:16:23.526+0000] {processor.py:183} INFO - Processing /usr/local/python/3.12.1/lib/python3.12/site-packages/airflow/example_dags/example_nested_branch_dag.py took 0.059 seconds
[2026-04-26T07:16:57.082+0000] {processor.py:161} INFO - Started process (PID=24120) to work on /usr/local/python/3.12.1/lib/python3.12/site-packages/airflow/example_dags/example_nested_branch_dag.py
[2026-04-26T07:16:57.083+0000] {processor.py:830} INFO - Processing file /usr/local/python/3.12.1/lib/python3.12/site-packages/airflow/example_dags/example_nested_branch_dag.py for tasks to queue
[2026-04-26T07:16:57.084+0000] {logging_mixin.py:188} INFO - [2026-04-26T07:16:57.084+0000] {dagbag.py:540} INFO - Filling up the DagBag from /usr/local/python/3.12.1/lib/python3.12/site-packages/airflow/example_dags/example_nested_branch_dag.py
[2026-04-26T07:16:57.109+0000] {processor.py:840} INFO - DAG(s) 'example_nested_branch_dag' retrieved from /usr/local/python/3.12.1/lib/python3.12/site-packages/airflow/example_dags/example_nested_branch_dag.py
[2026-04-26T07:16:57.135+0000] {logging_mixin.py:188} INFO - [2026-04-26T07:16:57.135+0000] {dag.py:3096} INFO - Sync 1 DAGs
[2026-04-26T07:16:57.159+0000] {logging_mixin.py:188} INFO - [2026-04-26T07:16:57.159+0000] {dag.py:3954} INFO - Setting next_dagrun for example_nested_branch_dag to 2026-04-25 00:00:00+00:00, run_after=2026-04-26 00:00:00+00:00
[2026-04-26T07:16:57.182+0000] {processor.py:183} INFO - Processing /usr/local/python/3.12.1/lib/python3.12/site-packages/airflow/example_dags/example_nested_branch_dag.py took 0.106 seconds
[2026-04-26T07:17:03.205+0000] {processor.py:161} INFO - Started process (PID=24182) to work on /usr/local/python/3.12.1/lib/python3.12/site-packages/airflow/example_dags/example_nested_branch_dag.py
[2026-04-26T07:17:03.206+0000] {processor.py:830} INFO - Processing file /usr/local/python/3.12.1/lib/python3.12/site-packages/airflow/example_dags/example_nested_branch_dag.py for tasks to queue
[2026-04-26T07:17:03.207+0000] {logging_mixin.py:188} INFO - [2026-04-26T07:17:03.206+0000] {dagbag.py:540} INFO - Filling up the DagBag from /usr/local/python/3.12.1/lib/python3.12/site-packages/airflow/example_dags/example_nested_branch_dag.py
[2026-04-26T07:17:03.217+0000] {processor.py:840} INFO - DAG(s) 'example_nested_branch_dag' retrieved from /usr/local/python/3.12.1/lib/python3.12/site-packages/airflow/example_dags/example_nested_branch_dag.py
[2026-04-26T07:17:03.259+0000] {logging_mixin.py:188} INFO - [2026-04-26T07:17:03.258+0000] {dag.py:3096} INFO - Sync 1 DAGs
[2026-04-26T07:17:03.289+0000] {logging_mixin.py:188} INFO - [2026-04-26T07:17:03.289+0000] {dag.py:3954} INFO - Setting next_dagrun for example_nested_branch_dag to 2026-04-25 00:00:00+00:00, run_after=2026-04-26 00:00:00+00:00
[2026-04-26T07:17:03.315+0000] {processor.py:183} INFO - Processing /usr/local/python/3.12.1/lib/python3.12/site-packages/airflow/example_dags/example_nested_branch_dag.py took 0.116 seconds
[2026-04-26T07:17:26.276+0000] {processor.py:161} INFO - Started process (PID=24526) to work on /usr/local/python/3.12.1/lib/python3.12/site-packages/airflow/example_dags/example_nested_branch_dag.py
[2026-04-26T07:17:26.276+0000] {processor.py:830} INFO - Processing file /usr/local/python/3.12.1/lib/python3.12/site-packages/airflow/example_dags/example_nested_branch_dag.py for tasks to queue
[2026-04-26T07:17:26.277+0000] {logging_mixin.py:188} INFO - [2026-04-26T07:17:26.277+0000] {dagbag.py:540} INFO - Filling up the DagBag from /usr/local/python/3.12.1/lib/python3.12/site-packages/airflow/example_dags/example_nested_branch_dag.py
[2026-04-26T07:17:26.290+0000] {processor.py:840} INFO - DAG(s) 'example_nested_branch_dag' retrieved from /usr/local/python/3.12.1/lib/python3.12/site-packages/airflow/example_dags/example_nested_branch_dag.py
[2026-04-26T07:17:26.311+0000] {logging_mixin.py:188} INFO - [2026-04-26T07:17:26.311+0000] {dag.py:3096} INFO - Sync 1 DAGs
[2026-04-26T07:17:26.340+0000] {logging_mixin.py:188} INFO - [2026-04-26T07:17:26.339+0000] {dag.py:3954} INFO - Setting next_dagrun for example_nested_branch_dag to 2026-04-25 00:00:00+00:00, run_after=2026-04-26 00:00:00+00:00
[2026-04-26T07:17:26.364+0000] {processor.py:183} INFO - Processing /usr/local/python/3.12.1/lib/python3.12/site-packages/airflow/example_dags/example_nested_branch_dag.py took 0.094 seconds
[2026-04-26T07:17:58.049+0000] {processor.py:161} INFO - Started process (PID=24812) to work on /usr/local/python/3.12.1/lib/python3.12/site-packages/airflow/example_dags/example_nested_branch_dag.py
[2026-04-26T07:17:58.049+0000] {processor.py:830} INFO - Processing file /usr/local/python/3.12.1/lib/python3.12/site-packages/airflow/example_dags/example_nested_branch_dag.py for tasks to queue
[2026-04-26T07:17:58.050+0000] {logging_mixin.py:188} INFO - [2026-04-26T07:17:58.050+0000] {dagbag.py:540} INFO - Filling up the DagBag from /usr/local/python/3.12.1/lib/python3.12/site-packages/airflow/example_dags/example_nested_branch_dag.py
[2026-04-26T07:17:58.058+0000] {processor.py:840} INFO - DAG(s) 'example_nested_branch_dag' retrieved from /usr/local/python/3.12.1/lib/python3.12/site-packages/airflow/example_dags/example_nested_branch_dag.py
[2026-04-26T07:17:58.072+0000] {logging_mixin.py:188} INFO - [2026-04-26T07:17:58.072+0000] {dag.py:3096} INFO - Sync 1 DAGs
[2026-04-26T07:17:58.088+0000] {logging_mixin.py:188} INFO - [2026-04-26T07:17:58.087+0000] {dag.py:3954} INFO - Setting next_dagrun for example_nested_branch_dag to 2026-04-25 00:00:00+00:00, run_after=2026-04-26 00:00:00+00:00
[2026-04-26T07:17:58.105+0000] {processor.py:183} INFO - Processing /usr/local/python/3.12.1/lib/python3.12/site-packages/airflow/example_dags/example_nested_branch_dag.py took 0.060 seconds
[2026-04-26T07:18:06.909+0000] {processor.py:161} INFO - Started process (PID=24904) to work on /usr/local/python/3.12.1/lib/python3.12/site-packages/airflow/example_dags/example_nested_branch_dag.py
[2026-04-26T07:18:06.910+0000] {processor.py:830} INFO - Processing file /usr/local/python/3.12.1/lib/python3.12/site-packages/airflow/example_dags/example_nested_branch_dag.py for tasks to queue
[2026-04-26T07:18:06.911+0000] {logging_mixin.py:188} INFO - [2026-04-26T07:18:06.911+0000] {dagbag.py:540} INFO - Filling up the DagBag from /usr/local/python/3.12.1/lib/python3.12/site-packages/airflow/example_dags/example_nested_branch_dag.py
[2026-04-26T07:18:06.923+0000] {processor.py:840} INFO - DAG(s) 'example_nested_branch_dag' retrieved from /usr/local/python/3.12.1/lib/python3.12/site-packages/airflow/example_dags/example_nested_branch_dag.py
[2026-04-26T07:18:06.952+0000] {logging_mixin.py:188} INFO - [2026-04-26T07:18:06.951+0000] {dag.py:3096} INFO - Sync 1 DAGs
[2026-04-26T07:18:06.979+0000] {logging_mixin.py:188} INFO - [2026-04-26T07:18:06.979+0000] {dag.py:3954} INFO - Setting next_dagrun for example_nested_branch_dag to 2026-04-25 00:00:00+00:00, run_after=2026-04-26 00:00:00+00:00
[2026-04-26T07:18:07.036+0000] {processor.py:183} INFO - Processing /usr/local/python/3.12.1/lib/python3.12/site-packages/airflow/example_dags/example_nested_branch_dag.py took 0.133 seconds
[2026-04-26T07:18:34.282+0000] {processor.py:161} INFO - Started process (PID=25183) to work on /usr/local/python/3.12.1/lib/python3.12/site-packages/airflow/example_dags/example_nested_branch_dag.py
[2026-04-26T07:18:34.286+0000] {processor.py:830} INFO - Processing file /usr/local/python/3.12.1/lib/python3.12/site-packages/airflow/example_dags/example_nested_branch_dag.py for tasks to queue
[2026-04-26T07:18:34.287+0000] {logging_mixin.py:188} INFO - [2026-04-26T07:18:34.287+0000] {dagbag.py:540} INFO - Filling up the DagBag from /usr/local/python/3.12.1/lib/python3.12/site-packages/airflow/example_dags/example_nested_branch_dag.py
[2026-04-26T07:18:34.318+0000] {processor.py:840} INFO - DAG(s) 'example_nested_branch_dag' retrieved from /usr/local/python/3.12.1/lib/python3.12/site-packages/airflow/example_dags/example_nested_branch_dag.py
[2026-04-26T07:18:34.369+0000] {logging_mixin.py:188} INFO - [2026-04-26T07:18:34.369+0000] {dag.py:3096} INFO - Sync 1 DAGs
[2026-04-26T07:18:34.414+0000] {logging_mixin.py:188} INFO - [2026-04-26T07:18:34.414+0000] {dag.py:3954} INFO - Setting next_dagrun for example_nested_branch_dag to 2026-04-25 00:00:00+00:00, run_after=2026-04-26 00:00:00+00:00
[2026-04-26T07:18:34.451+0000] {processor.py:183} INFO - Processing /usr/local/python/3.12.1/lib/python3.12/site-packages/airflow/example_dags/example_nested_branch_dag.py took 0.183 seconds
[2026-04-26T07:18:49.546+0000] {processor.py:161} INFO - Started process (PID=25391) to work on /usr/local/python/3.12.1/lib/python3.12/site-packages/airflow/example_dags/example_nested_branch_dag.py
[2026-04-26T07:18:49.547+0000] {processor.py:830} INFO - Processing file /usr/local/python/3.12.1/lib/python3.12/site-packages/airflow/example_dags/example_nested_branch_dag.py for tasks to queue
[2026-04-26T07:18:49.548+0000] {logging_mixin.py:188} INFO - [2026-04-26T07:18:49.548+0000] {dagbag.py:540} INFO - Filling up the DagBag from /usr/local/python/3.12.1/lib/python3.12/site-packages/airflow/example_dags/example_nested_branch_dag.py
[2026-04-26T07:18:49.561+0000] {processor.py:840} INFO - DAG(s) 'example_nested_branch_dag' retrieved from /usr/local/python/3.12.1/lib/python3.12/site-packages/airflow/example_dags/example_nested_branch_dag.py
[2026-04-26T07:18:49.588+0000] {logging_mixin.py:188} INFO - [2026-04-26T07:18:49.587+0000] {dag.py:3096} INFO - Sync 1 DAGs
[2026-04-26T07:18:49.619+0000] {logging_mixin.py:188} INFO - [2026-04-26T07:18:49.619+0000] {dag.py:3954} INFO - Setting next_dagrun for example_nested_branch_dag to 2026-04-25 00:00:00+00:00, run_after=2026-04-26 00:00:00+00:00
[2026-04-26T07:18:49.644+0000] {processor.py:183} INFO - Processing /usr/local/python/3.12.1/lib/python3.12/site-packages/airflow/example_dags/example_nested_branch_dag.py took 0.106 seconds
[2026-04-26T07:19:20.088+0000] {processor.py:161} INFO - Started process (PID=25867) to work on /usr/local/python/3.12.1/lib/python3.12/site-packages/airflow/example_dags/example_nested_branch_dag.py
[2026-04-26T07:19:20.090+0000] {processor.py:830} INFO - Processing file /usr/local/python/3.12.1/lib/python3.12/site-packages/airflow/example_dags/example_nested_branch_dag.py for tasks to queue
[2026-04-26T07:19:20.092+0000] {logging_mixin.py:188} INFO - [2026-04-26T07:19:20.092+0000] {dagbag.py:540} INFO - Filling up the DagBag from /usr/local/python/3.12.1/lib/python3.12/site-packages/airflow/example_dags/example_nested_branch_dag.py
[2026-04-26T07:19:20.109+0000] {processor.py:840} INFO - DAG(s) 'example_nested_branch_dag' retrieved from /usr/local/python/3.12.1/lib/python3.12/site-packages/airflow/example_dags/example_nested_branch_dag.py
[2026-04-26T07:19:20.137+0000] {logging_mixin.py:188} INFO - [2026-04-26T07:19:20.136+0000] {dag.py:3096} INFO - Sync 1 DAGs
[2026-04-26T07:19:20.163+0000] {logging_mixin.py:188} INFO - [2026-04-26T07:19:20.162+0000] {dag.py:3954} INFO - Setting next_dagrun for example_nested_branch_dag to 2026-04-25 00:00:00+00:00, run_after=2026-04-26 00:00:00+00:00
[2026-04-26T07:19:20.179+0000] {processor.py:183} INFO - Processing /usr/local/python/3.12.1/lib/python3.12/site-packages/airflow/example_dags/example_nested_branch_dag.py took 0.099 seconds
[2026-04-26T07:19:26.558+0000] {processor.py:161} INFO - Started process (PID=25931) to work on /usr/local/python/3.12.1/lib/python3.12/site-packages/airflow/example_dags/example_nested_branch_dag.py
[2026-04-26T07:19:26.558+0000] {processor.py:830} INFO - Processing file /usr/local/python/3.12.1/lib/python3.12/site-packages/airflow/example_dags/example_nested_branch_dag.py for tasks to queue
[2026-04-26T07:19:26.559+0000] {logging_mixin.py:188} INFO - [2026-04-26T07:19:26.559+0000] {dagbag.py:540} INFO - Filling up the DagBag from /usr/local/python/3.12.1/lib/python3.12/site-packages/airflow/example_dags/example_nested_branch_dag.py
[2026-04-26T07:19:26.568+0000] {processor.py:840} INFO - DAG(s) 'example_nested_branch_dag' retrieved from /usr/local/python/3.12.1/lib/python3.12/site-packages/airflow/example_dags/example_nested_branch_dag.py
[2026-04-26T07:19:26.581+0000] {logging_mixin.py:188} INFO - [2026-04-26T07:19:26.581+0000] {dag.py:3096} INFO - Sync 1 DAGs
[2026-04-26T07:19:26.596+0000] {logging_mixin.py:188} INFO - [2026-04-26T07:19:26.596+0000] {dag.py:3954} INFO - Setting next_dagrun for example_nested_branch_dag to 2026-04-25 00:00:00+00:00, run_after=2026-04-26 00:00:00+00:00
[2026-04-26T07:19:26.614+0000] {processor.py:183} INFO - Processing /usr/local/python/3.12.1/lib/python3.12/site-packages/airflow/example_dags/example_nested_branch_dag.py took 0.061 seconds
[2026-04-26T07:19:50.397+0000] {processor.py:161} INFO - Started process (PID=26278) to work on /usr/local/python/3.12.1/lib/python3.12/site-packages/airflow/example_dags/example_nested_branch_dag.py
[2026-04-26T07:19:50.401+0000] {processor.py:830} INFO - Processing file /usr/local/python/3.12.1/lib/python3.12/site-packages/airflow/example_dags/example_nested_branch_dag.py for tasks to queue
[2026-04-26T07:19:50.402+0000] {logging_mixin.py:188} INFO - [2026-04-26T07:19:50.401+0000] {dagbag.py:540} INFO - Filling up the DagBag from /usr/local/python/3.12.1/lib/python3.12/site-packages/airflow/example_dags/example_nested_branch_dag.py
[2026-04-26T07:19:50.439+0000] {processor.py:840} INFO - DAG(s) 'example_nested_branch_dag' retrieved from /usr/local/python/3.12.1/lib/python3.12/site-packages/airflow/example_dags/example_nested_branch_dag.py
[2026-04-26T07:19:50.499+0000] {logging_mixin.py:188} INFO - [2026-04-26T07:19:50.499+0000] {dag.py:3096} INFO - Sync 1 DAGs
[2026-04-26T07:19:50.536+0000] {logging_mixin.py:188} INFO - [2026-04-26T07:19:50.535+0000] {dag.py:3954} INFO - Setting next_dagrun for example_nested_branch_dag to 2026-04-25 00:00:00+00:00, run_after=2026-04-26 00:00:00+00:00
[2026-04-26T07:19:50.615+0000] {processor.py:183} INFO - Processing /usr/local/python/3.12.1/lib/python3.12/site-packages/airflow/example_dags/example_nested_branch_dag.py took 0.227 seconds
[2026-04-26T07:20:09.388+0000] {processor.py:161} INFO - Started process (PID=26523) to work on /usr/local/python/3.12.1/lib/python3.12/site-packages/airflow/example_dags/example_nested_branch_dag.py
[2026-04-26T07:20:09.389+0000] {processor.py:830} INFO - Processing file /usr/local/python/3.12.1/lib/python3.12/site-packages/airflow/example_dags/example_nested_branch_dag.py for tasks to queue
[2026-04-26T07:20:09.390+0000] {logging_mixin.py:188} INFO - [2026-04-26T07:20:09.389+0000] {dagbag.py:540} INFO - Filling up the DagBag from /usr/local/python/3.12.1/lib/python3.12/site-packages/airflow/example_dags/example_nested_branch_dag.py
[2026-04-26T07:20:09.397+0000] {processor.py:840} INFO - DAG(s) 'example_nested_branch_dag' retrieved from /usr/local/python/3.12.1/lib/python3.12/site-packages/airflow/example_dags/example_nested_branch_dag.py
[2026-04-26T07:20:09.411+0000] {logging_mixin.py:188} INFO - [2026-04-26T07:20:09.411+0000] {dag.py:3096} INFO - Sync 1 DAGs
[2026-04-26T07:20:09.427+0000] {logging_mixin.py:188} INFO - [2026-04-26T07:20:09.426+0000] {dag.py:3954} INFO - Setting next_dagrun for example_nested_branch_dag to 2026-04-25 00:00:00+00:00, run_after=2026-04-26 00:00:00+00:00
[2026-04-26T07:20:09.444+0000] {processor.py:183} INFO - Processing /usr/local/python/3.12.1/lib/python3.12/site-packages/airflow/example_dags/example_nested_branch_dag.py took 0.060 seconds
[2026-04-26T07:20:13.814+0000] {processor.py:161} INFO - Started process (PID=26555) to work on /usr/local/python/3.12.1/lib/python3.12/site-packages/airflow/example_dags/example_nested_branch_dag.py
[2026-04-26T07:20:13.815+0000] {processor.py:830} INFO - Processing file /usr/local/python/3.12.1/lib/python3.12/site-packages/airflow/example_dags/example_nested_branch_dag.py for tasks to queue
[2026-04-26T07:20:13.816+0000] {logging_mixin.py:188} INFO - [2026-04-26T07:20:13.816+0000] {dagbag.py:540} INFO - Filling up the DagBag from /usr/local/python/3.12.1/lib/python3.12/site-packages/airflow/example_dags/example_nested_branch_dag.py
[2026-04-26T07:20:13.824+0000] {processor.py:840} INFO - DAG(s) 'example_nested_branch_dag' retrieved from /usr/local/python/3.12.1/lib/python3.12/site-packages/airflow/example_dags/example_nested_branch_dag.py
[2026-04-26T07:20:13.838+0000] {logging_mixin.py:188} INFO - [2026-04-26T07:20:13.837+0000] {dag.py:3096} INFO - Sync 1 DAGs
[2026-04-26T07:20:13.854+0000] {logging_mixin.py:188} INFO - [2026-04-26T07:20:13.853+0000] {dag.py:3954} INFO - Setting next_dagrun for example_nested_branch_dag to 2026-04-25 00:00:00+00:00, run_after=2026-04-26 00:00:00+00:00
[2026-04-26T07:20:13.870+0000] {processor.py:183} INFO - Processing /usr/local/python/3.12.1/lib/python3.12/site-packages/airflow/example_dags/example_nested_branch_dag.py took 0.060 seconds
[2026-04-26T07:20:41.968+0000] {processor.py:161} INFO - Started process (PID=26803) to work on /usr/local/python/3.12.1/lib/python3.12/site-packages/airflow/example_dags/example_nested_branch_dag.py
[2026-04-26T07:20:41.970+0000] {processor.py:830} INFO - Processing file /usr/local/python/3.12.1/lib/python3.12/site-packages/airflow/example_dags/example_nested_branch_dag.py for tasks to queue
[2026-04-26T07:20:41.973+0000] {logging_mixin.py:188} INFO - [2026-04-26T07:20:41.972+0000] {dagbag.py:540} INFO - Filling up the DagBag from /usr/local/python/3.12.1/lib/python3.12/site-packages/airflow/example_dags/example_nested_branch_dag.py
[2026-04-26T07:20:41.992+0000] {processor.py:840} INFO - DAG(s) 'example_nested_branch_dag' retrieved from /usr/local/python/3.12.1/lib/python3.12/site-packages/airflow/example_dags/example_nested_branch_dag.py
[2026-04-26T07:20:42.005+0000] {logging_mixin.py:188} INFO - [2026-04-26T07:20:42.005+0000] {dag.py:3096} INFO - Sync 1 DAGs
[2026-04-26T07:20:42.025+0000] {logging_mixin.py:188} INFO - [2026-04-26T07:20:42.025+0000] {dag.py:3954} INFO - Setting next_dagrun for example_nested_branch_dag to 2026-04-25 00:00:00+00:00, run_after=2026-04-26 00:00:00+00:00
[2026-04-26T07:20:42.059+0000] {processor.py:183} INFO - Processing /usr/local/python/3.12.1/lib/python3.12/site-packages/airflow/example_dags/example_nested_branch_dag.py took 0.096 seconds
[2026-04-26T07:21:08.286+0000] {processor.py:161} INFO - Started process (PID=27034) to work on /usr/local/python/3.12.1/lib/python3.12/site-packages/airflow/example_dags/example_nested_branch_dag.py
[2026-04-26T07:21:08.287+0000] {processor.py:830} INFO - Processing file /usr/local/python/3.12.1/lib/python3.12/site-packages/airflow/example_dags/example_nested_branch_dag.py for tasks to queue
[2026-04-26T07:21:08.288+0000] {logging_mixin.py:188} INFO - [2026-04-26T07:21:08.287+0000] {dagbag.py:540} INFO - Filling up the DagBag from /usr/local/python/3.12.1/lib/python3.12/site-packages/airflow/example_dags/example_nested_branch_dag.py
[2026-04-26T07:21:08.295+0000] {processor.py:840} INFO - DAG(s) 'example_nested_branch_dag' retrieved from /usr/local/python/3.12.1/lib/python3.12/site-packages/airflow/example_dags/example_nested_branch_dag.py
[2026-04-26T07:21:08.308+0000] {logging_mixin.py:188} INFO - [2026-04-26T07:21:08.308+0000] {dag.py:3096} INFO - Sync 1 DAGs
[2026-04-26T07:21:08.323+0000] {logging_mixin.py:188} INFO - [2026-04-26T07:21:08.322+0000] {dag.py:3954} INFO - Setting next_dagrun for example_nested_branch_dag to 2026-04-25 00:00:00+00:00, run_after=2026-04-26 00:00:00+00:00
[2026-04-26T07:21:08.339+0000] {processor.py:183} INFO - Processing /usr/local/python/3.12.1/lib/python3.12/site-packages/airflow/example_dags/example_nested_branch_dag.py took 0.056 seconds
[2026-04-26T07:21:18.135+0000] {processor.py:161} INFO - Started process (PID=27130) to work on /usr/local/python/3.12.1/lib/python3.12/site-packages/airflow/example_dags/example_nested_branch_dag.py
[2026-04-26T07:21:18.136+0000] {processor.py:830} INFO - Processing file /usr/local/python/3.12.1/lib/python3.12/site-packages/airflow/example_dags/example_nested_branch_dag.py for tasks to queue
[2026-04-26T07:21:18.137+0000] {logging_mixin.py:188} INFO - [2026-04-26T07:21:18.136+0000] {dagbag.py:540} INFO - Filling up the DagBag from /usr/local/python/3.12.1/lib/python3.12/site-packages/airflow/example_dags/example_nested_branch_dag.py
[2026-04-26T07:21:18.155+0000] {processor.py:840} INFO - DAG(s) 'example_nested_branch_dag' retrieved from /usr/local/python/3.12.1/lib/python3.12/site-packages/airflow/example_dags/example_nested_branch_dag.py
[2026-04-26T07:21:18.205+0000] {logging_mixin.py:188} INFO - [2026-04-26T07:21:18.205+0000] {dag.py:3096} INFO - Sync 1 DAGs
[2026-04-26T07:21:18.247+0000] {logging_mixin.py:188} INFO - [2026-04-26T07:21:18.247+0000] {dag.py:3954} INFO - Setting next_dagrun for example_nested_branch_dag to 2026-04-25 00:00:00+00:00, run_after=2026-04-26 00:00:00+00:00
[2026-04-26T07:21:18.278+0000] {processor.py:183} INFO - Processing /usr/local/python/3.12.1/lib/python3.12/site-packages/airflow/example_dags/example_nested_branch_dag.py took 0.149 seconds
[2026-04-26T07:21:43.028+0000] {processor.py:161} INFO - Started process (PID=27343) to work on /usr/local/python/3.12.1/lib/python3.12/site-packages/airflow/example_dags/example_nested_branch_dag.py
[2026-04-26T07:21:43.029+0000] {processor.py:830} INFO - Processing file /usr/local/python/3.12.1/lib/python3.12/site-packages/airflow/example_dags/example_nested_branch_dag.py for tasks to queue
[2026-04-26T07:21:43.030+0000] {logging_mixin.py:188} INFO - [2026-04-26T07:21:43.029+0000] {dagbag.py:540} INFO - Filling up the DagBag from /usr/local/python/3.12.1/lib/python3.12/site-packages/airflow/example_dags/example_nested_branch_dag.py
[2026-04-26T07:21:43.037+0000] {processor.py:840} INFO - DAG(s) 'example_nested_branch_dag' retrieved from /usr/local/python/3.12.1/lib/python3.12/site-packages/airflow/example_dags/example_nested_branch_dag.py
[2026-04-26T07:21:43.054+0000] {logging_mixin.py:188} INFO - [2026-04-26T07:21:43.054+0000] {dag.py:3096} INFO - Sync 1 DAGs
[2026-04-26T07:21:43.073+0000] {logging_mixin.py:188} INFO - [2026-04-26T07:21:43.073+0000] {dag.py:3954} INFO - Setting next_dagrun for example_nested_branch_dag to 2026-04-25 00:00:00+00:00, run_after=2026-04-26 00:00:00+00:00
[2026-04-26T07:21:43.091+0000] {processor.py:183} INFO - Processing /usr/local/python/3.12.1/lib/python3.12/site-packages/airflow/example_dags/example_nested_branch_dag.py took 0.067 seconds
[2026-04-26T07:21:54.604+0000] {processor.py:161} INFO - Started process (PID=27445) to work on /usr/local/python/3.12.1/lib/python3.12/site-packages/airflow/example_dags/example_nested_branch_dag.py
[2026-04-26T07:21:54.605+0000] {processor.py:830} INFO - Processing file /usr/local/python/3.12.1/lib/python3.12/site-packages/airflow/example_dags/example_nested_branch_dag.py for tasks to queue
[2026-04-26T07:21:54.605+0000] {logging_mixin.py:188} INFO - [2026-04-26T07:21:54.605+0000] {dagbag.py:540} INFO - Filling up the DagBag from /usr/local/python/3.12.1/lib/python3.12/site-packages/airflow/example_dags/example_nested_branch_dag.py
[2026-04-26T07:21:54.613+0000] {processor.py:840} INFO - DAG(s) 'example_nested_branch_dag' retrieved from /usr/local/python/3.12.1/lib/python3.12/site-packages/airflow/example_dags/example_nested_branch_dag.py
[2026-04-26T07:21:54.627+0000] {logging_mixin.py:188} INFO - [2026-04-26T07:21:54.626+0000] {dag.py:3096} INFO - Sync 1 DAGs
[2026-04-26T07:21:54.642+0000] {logging_mixin.py:188} INFO - [2026-04-26T07:21:54.642+0000] {dag.py:3954} INFO - Setting next_dagrun for example_nested_branch_dag to 2026-04-25 00:00:00+00:00, run_after=2026-04-26 00:00:00+00:00
[2026-04-26T07:21:54.659+0000] {processor.py:183} INFO - Processing /usr/local/python/3.12.1/lib/python3.12/site-packages/airflow/example_dags/example_nested_branch_dag.py took 0.059 seconds
[2026-04-26T07:22:19.822+0000] {processor.py:161} INFO - Started process (PID=27668) to work on /usr/local/python/3.12.1/lib/python3.12/site-packages/airflow/example_dags/example_nested_branch_dag.py
[2026-04-26T07:22:19.823+0000] {processor.py:830} INFO - Processing file /usr/local/python/3.12.1/lib/python3.12/site-packages/airflow/example_dags/example_nested_branch_dag.py for tasks to queue
[2026-04-26T07:22:19.824+0000] {logging_mixin.py:188} INFO - [2026-04-26T07:22:19.823+0000] {dagbag.py:540} INFO - Filling up the DagBag from /usr/local/python/3.12.1/lib/python3.12/site-packages/airflow/example_dags/example_nested_branch_dag.py
[2026-04-26T07:22:19.832+0000] {processor.py:840} INFO - DAG(s) 'example_nested_branch_dag' retrieved from /usr/local/python/3.12.1/lib/python3.12/site-packages/airflow/example_dags/example_nested_branch_dag.py
[2026-04-26T07:22:19.844+0000] {logging_mixin.py:188} INFO - [2026-04-26T07:22:19.844+0000] {dag.py:3096} INFO - Sync 1 DAGs
[2026-04-26T07:22:19.860+0000] {logging_mixin.py:188} INFO - [2026-04-26T07:22:19.859+0000] {dag.py:3954} INFO - Setting next_dagrun for example_nested_branch_dag to 2026-04-25 00:00:00+00:00, run_after=2026-04-26 00:00:00+00:00
[2026-04-26T07:22:19.876+0000] {processor.py:183} INFO - Processing /usr/local/python/3.12.1/lib/python3.12/site-packages/airflow/example_dags/example_nested_branch_dag.py took 0.058 seconds
[2026-04-26T07:22:47.999+0000] {processor.py:161} INFO - Started process (PID=27914) to work on /usr/local/python/3.12.1/lib/python3.12/site-packages/airflow/example_dags/example_nested_branch_dag.py
[2026-04-26T07:22:48.002+0000] {processor.py:830} INFO - Processing file /usr/local/python/3.12.1/lib/python3.12/site-packages/airflow/example_dags/example_nested_branch_dag.py for tasks to queue
[2026-04-26T07:22:48.003+0000] {logging_mixin.py:188} INFO - [2026-04-26T07:22:48.003+0000] {dagbag.py:540} INFO - Filling up the DagBag from /usr/local/python/3.12.1/lib/python3.12/site-packages/airflow/example_dags/example_nested_branch_dag.py
[2026-04-26T07:22:48.022+0000] {processor.py:840} INFO - DAG(s) 'example_nested_branch_dag' retrieved from /usr/local/python/3.12.1/lib/python3.12/site-packages/airflow/example_dags/example_nested_branch_dag.py
[2026-04-26T07:22:48.047+0000] {logging_mixin.py:188} INFO - [2026-04-26T07:22:48.047+0000] {dag.py:3096} INFO - Sync 1 DAGs
[2026-04-26T07:22:48.085+0000] {logging_mixin.py:188} INFO - [2026-04-26T07:22:48.085+0000] {dag.py:3954} INFO - Setting next_dagrun for example_nested_branch_dag to 2026-04-25 00:00:00+00:00, run_after=2026-04-26 00:00:00+00:00
[2026-04-26T07:22:48.106+0000] {processor.py:183} INFO - Processing /usr/local/python/3.12.1/lib/python3.12/site-packages/airflow/example_dags/example_nested_branch_dag.py took 0.120 seconds
[2026-04-26T07:22:52.123+0000] {processor.py:161} INFO - Started process (PID=27953) to work on /usr/local/python/3.12.1/lib/python3.12/site-packages/airflow/example_dags/example_nested_branch_dag.py
[2026-04-26T07:22:52.124+0000] {processor.py:830} INFO - Processing file /usr/local/python/3.12.1/lib/python3.12/site-packages/airflow/example_dags/example_nested_branch_dag.py for tasks to queue
[2026-04-26T07:22:52.125+0000] {logging_mixin.py:188} INFO - [2026-04-26T07:22:52.125+0000] {dagbag.py:540} INFO - Filling up the DagBag from /usr/local/python/3.12.1/lib/python3.12/site-packages/airflow/example_dags/example_nested_branch_dag.py
[2026-04-26T07:22:52.132+0000] {processor.py:840} INFO - DAG(s) 'example_nested_branch_dag' retrieved from /usr/local/python/3.12.1/lib/python3.12/site-packages/airflow/example_dags/example_nested_branch_dag.py
[2026-04-26T07:22:52.153+0000] {logging_mixin.py:188} INFO - [2026-04-26T07:22:52.153+0000] {dag.py:3096} INFO - Sync 1 DAGs
[2026-04-26T07:22:52.180+0000] {logging_mixin.py:188} INFO - [2026-04-26T07:22:52.180+0000] {dag.py:3954} INFO - Setting next_dagrun for example_nested_branch_dag to 2026-04-25 00:00:00+00:00, run_after=2026-04-26 00:00:00+00:00
[2026-04-26T07:22:52.204+0000] {processor.py:183} INFO - Processing /usr/local/python/3.12.1/lib/python3.12/site-packages/airflow/example_dags/example_nested_branch_dag.py took 0.085 seconds
[2026-04-26T07:23:24.429+0000] {processor.py:161} INFO - Started process (PID=28237) to work on /usr/local/python/3.12.1/lib/python3.12/site-packages/airflow/example_dags/example_nested_branch_dag.py
[2026-04-26T07:23:24.430+0000] {processor.py:830} INFO - Processing file /usr/local/python/3.12.1/lib/python3.12/site-packages/airflow/example_dags/example_nested_branch_dag.py for tasks to queue
[2026-04-26T07:23:24.431+0000] {logging_mixin.py:188} INFO - [2026-04-26T07:23:24.430+0000] {dagbag.py:540} INFO - Filling up the DagBag from /usr/local/python/3.12.1/lib/python3.12/site-packages/airflow/example_dags/example_nested_branch_dag.py
[2026-04-26T07:23:24.439+0000] {processor.py:840} INFO - DAG(s) 'example_nested_branch_dag' retrieved from /usr/local/python/3.12.1/lib/python3.12/site-packages/airflow/example_dags/example_nested_branch_dag.py
[2026-04-26T07:23:24.452+0000] {logging_mixin.py:188} INFO - [2026-04-26T07:23:24.451+0000] {dag.py:3096} INFO - Sync 1 DAGs
[2026-04-26T07:23:24.468+0000] {logging_mixin.py:188} INFO - [2026-04-26T07:23:24.468+0000] {dag.py:3954} INFO - Setting next_dagrun for example_nested_branch_dag to 2026-04-25 00:00:00+00:00, run_after=2026-04-26 00:00:00+00:00
[2026-04-26T07:23:24.484+0000] {processor.py:183} INFO - Processing /usr/local/python/3.12.1/lib/python3.12/site-packages/airflow/example_dags/example_nested_branch_dag.py took 0.059 seconds
[2026-04-26T07:23:50.268+0000] {processor.py:161} INFO - Started process (PID=28543) to work on /usr/local/python/3.12.1/lib/python3.12/site-packages/airflow/example_dags/example_nested_branch_dag.py
[2026-04-26T07:23:50.269+0000] {processor.py:830} INFO - Processing file /usr/local/python/3.12.1/lib/python3.12/site-packages/airflow/example_dags/example_nested_branch_dag.py for tasks to queue
[2026-04-26T07:23:50.270+0000] {logging_mixin.py:188} INFO - [2026-04-26T07:23:50.270+0000] {dagbag.py:540} INFO - Filling up the DagBag from /usr/local/python/3.12.1/lib/python3.12/site-packages/airflow/example_dags/example_nested_branch_dag.py
[2026-04-26T07:23:50.278+0000] {processor.py:840} INFO - DAG(s) 'example_nested_branch_dag' retrieved from /usr/local/python/3.12.1/lib/python3.12/site-packages/airflow/example_dags/example_nested_branch_dag.py
[2026-04-26T07:23:50.291+0000] {logging_mixin.py:188} INFO - [2026-04-26T07:23:50.291+0000] {dag.py:3096} INFO - Sync 1 DAGs
[2026-04-26T07:23:50.312+0000] {logging_mixin.py:188} INFO - [2026-04-26T07:23:50.311+0000] {dag.py:3954} INFO - Setting next_dagrun for example_nested_branch_dag to 2026-04-25 00:00:00+00:00, run_after=2026-04-26 00:00:00+00:00
[2026-04-26T07:23:50.334+0000] {processor.py:183} INFO - Processing /usr/local/python/3.12.1/lib/python3.12/site-packages/airflow/example_dags/example_nested_branch_dag.py took 0.069 seconds
[2026-04-26T07:23:53.024+0000] {processor.py:161} INFO - Started process (PID=28562) to work on /usr/local/python/3.12.1/lib/python3.12/site-packages/airflow/example_dags/example_nested_branch_dag.py
[2026-04-26T07:23:53.024+0000] {processor.py:830} INFO - Processing file /usr/local/python/3.12.1/lib/python3.12/site-packages/airflow/example_dags/example_nested_branch_dag.py for tasks to queue
[2026-04-26T07:23:53.025+0000] {logging_mixin.py:188} INFO - [2026-04-26T07:23:53.025+0000] {dagbag.py:540} INFO - Filling up the DagBag from /usr/local/python/3.12.1/lib/python3.12/site-packages/airflow/example_dags/example_nested_branch_dag.py
[2026-04-26T07:23:53.033+0000] {processor.py:840} INFO - DAG(s) 'example_nested_branch_dag' retrieved from /usr/local/python/3.12.1/lib/python3.12/site-packages/airflow/example_dags/example_nested_branch_dag.py
[2026-04-26T07:23:53.046+0000] {logging_mixin.py:188} INFO - [2026-04-26T07:23:53.046+0000] {dag.py:3096} INFO - Sync 1 DAGs
[2026-04-26T07:23:53.061+0000] {logging_mixin.py:188} INFO - [2026-04-26T07:23:53.061+0000] {dag.py:3954} INFO - Setting next_dagrun for example_nested_branch_dag to 2026-04-25 00:00:00+00:00, run_after=2026-04-26 00:00:00+00:00
[2026-04-26T07:23:53.079+0000] {processor.py:183} INFO - Processing /usr/local/python/3.12.1/lib/python3.12/site-packages/airflow/example_dags/example_nested_branch_dag.py took 0.059 seconds
[2026-04-26T07:24:21.041+0000] {processor.py:161} INFO - Started process (PID=28817) to work on /usr/local/python/3.12.1/lib/python3.12/site-packages/airflow/example_dags/example_nested_branch_dag.py
[2026-04-26T07:24:21.042+0000] {processor.py:830} INFO - Processing file /usr/local/python/3.12.1/lib/python3.12/site-packages/airflow/example_dags/example_nested_branch_dag.py for tasks to queue
[2026-04-26T07:24:21.043+0000] {logging_mixin.py:188} INFO - [2026-04-26T07:24:21.042+0000] {dagbag.py:540} INFO - Filling up the DagBag from /usr/local/python/3.12.1/lib/python3.12/site-packages/airflow/example_dags/example_nested_branch_dag.py
[2026-04-26T07:24:21.054+0000] {processor.py:840} INFO - DAG(s) 'example_nested_branch_dag' retrieved from /usr/local/python/3.12.1/lib/python3.12/site-packages/airflow/example_dags/example_nested_branch_dag.py
[2026-04-26T07:24:21.097+0000] {logging_mixin.py:188} INFO - [2026-04-26T07:24:21.096+0000] {dag.py:3096} INFO - Sync 1 DAGs
[2026-04-26T07:24:21.124+0000] {logging_mixin.py:188} INFO - [2026-04-26T07:24:21.123+0000] {dag.py:3954} INFO - Setting next_dagrun for example_nested_branch_dag to 2026-04-25 00:00:00+00:00, run_after=2026-04-26 00:00:00+00:00
[2026-04-26T07:24:21.148+0000] {processor.py:183} INFO - Processing /usr/local/python/3.12.1/lib/python3.12/site-packages/airflow/example_dags/example_nested_branch_dag.py took 0.113 seconds
[2026-04-26T07:24:46.524+0000] {processor.py:161} INFO - Started process (PID=29099) to work on /usr/local/python/3.12.1/lib/python3.12/site-packages/airflow/example_dags/example_nested_branch_dag.py
[2026-04-26T07:24:46.525+0000] {processor.py:830} INFO - Processing file /usr/local/python/3.12.1/lib/python3.12/site-packages/airflow/example_dags/example_nested_branch_dag.py for tasks to queue
[2026-04-26T07:24:46.526+0000] {logging_mixin.py:188} INFO - [2026-04-26T07:24:46.525+0000] {dagbag.py:540} INFO - Filling up the DagBag from /usr/local/python/3.12.1/lib/python3.12/site-packages/airflow/example_dags/example_nested_branch_dag.py
[2026-04-26T07:24:46.540+0000] {processor.py:840} INFO - DAG(s) 'example_nested_branch_dag' retrieved from /usr/local/python/3.12.1/lib/python3.12/site-packages/airflow/example_dags/example_nested_branch_dag.py
[2026-04-26T07:24:46.560+0000] {logging_mixin.py:188} INFO - [2026-04-26T07:24:46.560+0000] {dag.py:3096} INFO - Sync 1 DAGs
[2026-04-26T07:24:46.583+0000] {logging_mixin.py:188} INFO - [2026-04-26T07:24:46.582+0000] {dag.py:3954} INFO - Setting next_dagrun for example_nested_branch_dag to 2026-04-25 00:00:00+00:00, run_after=2026-04-26 00:00:00+00:00
[2026-04-26T07:24:46.610+0000] {processor.py:183} INFO - Processing /usr/local/python/3.12.1/lib/python3.12/site-packages/airflow/example_dags/example_nested_branch_dag.py took 0.092 seconds
[2026-04-26T07:24:53.824+0000] {processor.py:161} INFO - Started process (PID=29168) to work on /usr/local/python/3.12.1/lib/python3.12/site-packages/airflow/example_dags/example_nested_branch_dag.py
[2026-04-26T07:24:53.824+0000] {processor.py:830} INFO - Processing file /usr/local/python/3.12.1/lib/python3.12/site-packages/airflow/example_dags/example_nested_branch_dag.py for tasks to queue
[2026-04-26T07:24:53.825+0000] {logging_mixin.py:188} INFO - [2026-04-26T07:24:53.825+0000] {dagbag.py:540} INFO - Filling up the DagBag from /usr/local/python/3.12.1/lib/python3.12/site-packages/airflow/example_dags/example_nested_branch_dag.py
[2026-04-26T07:24:53.833+0000] {processor.py:840} INFO - DAG(s) 'example_nested_branch_dag' retrieved from /usr/local/python/3.12.1/lib/python3.12/site-packages/airflow/example_dags/example_nested_branch_dag.py
[2026-04-26T07:24:53.849+0000] {logging_mixin.py:188} INFO - [2026-04-26T07:24:53.849+0000] {dag.py:3096} INFO - Sync 1 DAGs
[2026-04-26T07:24:53.867+0000] {logging_mixin.py:188} INFO - [2026-04-26T07:24:53.867+0000] {dag.py:3954} INFO - Setting next_dagrun for example_nested_branch_dag to 2026-04-25 00:00:00+00:00, run_after=2026-04-26 00:00:00+00:00
[2026-04-26T07:24:53.883+0000] {processor.py:183} INFO - Processing /usr/local/python/3.12.1/lib/python3.12/site-packages/airflow/example_dags/example_nested_branch_dag.py took 0.063 seconds
[2026-04-26T07:25:20.628+0000] {processor.py:161} INFO - Started process (PID=29461) to work on /usr/local/python/3.12.1/lib/python3.12/site-packages/airflow/example_dags/example_nested_branch_dag.py
[2026-04-26T07:25:20.629+0000] {processor.py:830} INFO - Processing file /usr/local/python/3.12.1/lib/python3.12/site-packages/airflow/example_dags/example_nested_branch_dag.py for tasks to queue
[2026-04-26T07:25:20.629+0000] {logging_mixin.py:188} INFO - [2026-04-26T07:25:20.629+0000] {dagbag.py:540} INFO - Filling up the DagBag from /usr/local/python/3.12.1/lib/python3.12/site-packages/airflow/example_dags/example_nested_branch_dag.py
[2026-04-26T07:25:20.637+0000] {processor.py:840} INFO - DAG(s) 'example_nested_branch_dag' retrieved from /usr/local/python/3.12.1/lib/python3.12/site-packages/airflow/example_dags/example_nested_branch_dag.py
[2026-04-26T07:25:20.650+0000] {logging_mixin.py:188} INFO - [2026-04-26T07:25:20.650+0000] {dag.py:3096} INFO - Sync 1 DAGs
[2026-04-26T07:25:20.666+0000] {logging_mixin.py:188} INFO - [2026-04-26T07:25:20.666+0000] {dag.py:3954} INFO - Setting next_dagrun for example_nested_branch_dag to 2026-04-25 00:00:00+00:00, run_after=2026-04-26 00:00:00+00:00
[2026-04-26T07:25:20.683+0000] {processor.py:183} INFO - Processing /usr/local/python/3.12.1/lib/python3.12/site-packages/airflow/example_dags/example_nested_branch_dag.py took 0.059 seconds
[2026-04-26T07:25:48.782+0000] {processor.py:161} INFO - Started process (PID=29717) to work on /usr/local/python/3.12.1/lib/python3.12/site-packages/airflow/example_dags/example_nested_branch_dag.py
[2026-04-26T07:25:48.782+0000] {processor.py:830} INFO - Processing file /usr/local/python/3.12.1/lib/python3.12/site-packages/airflow/example_dags/example_nested_branch_dag.py for tasks to queue
[2026-04-26T07:25:48.783+0000] {logging_mixin.py:188} INFO - [2026-04-26T07:25:48.783+0000] {dagbag.py:540} INFO - Filling up the DagBag from /usr/local/python/3.12.1/lib/python3.12/site-packages/airflow/example_dags/example_nested_branch_dag.py
[2026-04-26T07:25:48.798+0000] {processor.py:840} INFO - DAG(s) 'example_nested_branch_dag' retrieved from /usr/local/python/3.12.1/lib/python3.12/site-packages/airflow/example_dags/example_nested_branch_dag.py
[2026-04-26T07:25:48.818+0000] {logging_mixin.py:188} INFO - [2026-04-26T07:25:48.818+0000] {dag.py:3096} INFO - Sync 1 DAGs
[2026-04-26T07:25:48.842+0000] {logging_mixin.py:188} INFO - [2026-04-26T07:25:48.841+0000] {dag.py:3954} INFO - Setting next_dagrun for example_nested_branch_dag to 2026-04-25 00:00:00+00:00, run_after=2026-04-26 00:00:00+00:00
[2026-04-26T07:25:48.861+0000] {processor.py:183} INFO - Processing /usr/local/python/3.12.1/lib/python3.12/site-packages/airflow/example_dags/example_nested_branch_dag.py took 0.085 seconds
[2026-04-26T07:25:54.584+0000] {processor.py:161} INFO - Started process (PID=29776) to work on /usr/local/python/3.12.1/lib/python3.12/site-packages/airflow/example_dags/example_nested_branch_dag.py
[2026-04-26T07:25:54.585+0000] {processor.py:830} INFO - Processing file /usr/local/python/3.12.1/lib/python3.12/site-packages/airflow/example_dags/example_nested_branch_dag.py for tasks to queue
[2026-04-26T07:25:54.586+0000] {logging_mixin.py:188} INFO - [2026-04-26T07:25:54.585+0000] {dagbag.py:540} INFO - Filling up the DagBag from /usr/local/python/3.12.1/lib/python3.12/site-packages/airflow/example_dags/example_nested_branch_dag.py
[2026-04-26T07:25:54.608+0000] {processor.py:840} INFO - DAG(s) 'example_nested_branch_dag' retrieved from /usr/local/python/3.12.1/lib/python3.12/site-packages/airflow/example_dags/example_nested_branch_dag.py
[2026-04-26T07:25:54.623+0000] {logging_mixin.py:188} INFO - [2026-04-26T07:25:54.623+0000] {dag.py:3096} INFO - Sync 1 DAGs
[2026-04-26T07:25:54.639+0000] {logging_mixin.py:188} INFO - [2026-04-26T07:25:54.639+0000] {dag.py:3954} INFO - Setting next_dagrun for example_nested_branch_dag to 2026-04-25 00:00:00+00:00, run_after=2026-04-26 00:00:00+00:00
[2026-04-26T07:25:54.656+0000] {processor.py:183} INFO - Processing /usr/local/python/3.12.1/lib/python3.12/site-packages/airflow/example_dags/example_nested_branch_dag.py took 0.078 seconds
[2026-04-26T07:26:25.768+0000] {processor.py:161} INFO - Started process (PID=30050) to work on /usr/local/python/3.12.1/lib/python3.12/site-packages/airflow/example_dags/example_nested_branch_dag.py
[2026-04-26T07:26:25.769+0000] {processor.py:830} INFO - Processing file /usr/local/python/3.12.1/lib/python3.12/site-packages/airflow/example_dags/example_nested_branch_dag.py for tasks to queue
[2026-04-26T07:26:25.770+0000] {logging_mixin.py:188} INFO - [2026-04-26T07:26:25.770+0000] {dagbag.py:540} INFO - Filling up the DagBag from /usr/local/python/3.12.1/lib/python3.12/site-packages/airflow/example_dags/example_nested_branch_dag.py
[2026-04-26T07:26:25.778+0000] {processor.py:840} INFO - DAG(s) 'example_nested_branch_dag' retrieved from /usr/local/python/3.12.1/lib/python3.12/site-packages/airflow/example_dags/example_nested_branch_dag.py
[2026-04-26T07:26:25.790+0000] {logging_mixin.py:188} INFO - [2026-04-26T07:26:25.790+0000] {dag.py:3096} INFO - Sync 1 DAGs
[2026-04-26T07:26:25.806+0000] {logging_mixin.py:188} INFO - [2026-04-26T07:26:25.806+0000] {dag.py:3954} INFO - Setting next_dagrun for example_nested_branch_dag to 2026-04-25 00:00:00+00:00, run_after=2026-04-26 00:00:00+00:00
[2026-04-26T07:26:25.822+0000] {processor.py:183} INFO - Processing /usr/local/python/3.12.1/lib/python3.12/site-packages/airflow/example_dags/example_nested_branch_dag.py took 0.058 seconds
[2026-04-26T07:26:52.522+0000] {processor.py:161} INFO - Started process (PID=30283) to work on /usr/local/python/3.12.1/lib/python3.12/site-packages/airflow/example_dags/example_nested_branch_dag.py
[2026-04-26T07:26:52.523+0000] {processor.py:830} INFO - Processing file /usr/local/python/3.12.1/lib/python3.12/site-packages/airflow/example_dags/example_nested_branch_dag.py for tasks to queue
[2026-04-26T07:26:52.524+0000] {logging_mixin.py:188} INFO - [2026-04-26T07:26:52.523+0000] {dagbag.py:540} INFO - Filling up the DagBag from /usr/local/python/3.12.1/lib/python3.12/site-packages/airflow/example_dags/example_nested_branch_dag.py
[2026-04-26T07:26:52.535+0000] {processor.py:840} INFO - DAG(s) 'example_nested_branch_dag' retrieved from /usr/local/python/3.12.1/lib/python3.12/site-packages/airflow/example_dags/example_nested_branch_dag.py
[2026-04-26T07:26:52.554+0000] {logging_mixin.py:188} INFO - [2026-04-26T07:26:52.554+0000] {dag.py:3096} INFO - Sync 1 DAGs
[2026-04-26T07:26:52.579+0000] {logging_mixin.py:188} INFO - [2026-04-26T07:26:52.578+0000] {dag.py:3954} INFO - Setting next_dagrun for example_nested_branch_dag to 2026-04-25 00:00:00+00:00, run_after=2026-04-26 00:00:00+00:00
[2026-04-26T07:26:52.776+0000] {processor.py:183} INFO - Processing /usr/local/python/3.12.1/lib/python3.12/site-packages/airflow/example_dags/example_nested_branch_dag.py took 0.259 seconds
[2026-04-26T07:26:55.169+0000] {processor.py:161} INFO - Started process (PID=30320) to work on /usr/local/python/3.12.1/lib/python3.12/site-packages/airflow/example_dags/example_nested_branch_dag.py
[2026-04-26T07:26:55.170+0000] {processor.py:830} INFO - Processing file /usr/local/python/3.12.1/lib/python3.12/site-packages/airflow/example_dags/example_nested_branch_dag.py for tasks to queue
[2026-04-26T07:26:55.170+0000] {logging_mixin.py:188} INFO - [2026-04-26T07:26:55.170+0000] {dagbag.py:540} INFO - Filling up the DagBag from /usr/local/python/3.12.1/lib/python3.12/site-packages/airflow/example_dags/example_nested_branch_dag.py
[2026-04-26T07:26:55.181+0000] {processor.py:840} INFO - DAG(s) 'example_nested_branch_dag' retrieved from /usr/local/python/3.12.1/lib/python3.12/site-packages/airflow/example_dags/example_nested_branch_dag.py
[2026-04-26T07:26:55.210+0000] {logging_mixin.py:188} INFO - [2026-04-26T07:26:55.210+0000] {dag.py:3096} INFO - Sync 1 DAGs
[2026-04-26T07:26:55.233+0000] {logging_mixin.py:188} INFO - [2026-04-26T07:26:55.233+0000] {dag.py:3954} INFO - Setting next_dagrun for example_nested_branch_dag to 2026-04-25 00:00:00+00:00, run_after=2026-04-26 00:00:00+00:00
[2026-04-26T07:26:55.259+0000] {processor.py:183} INFO - Processing /usr/local/python/3.12.1/lib/python3.12/site-packages/airflow/example_dags/example_nested_branch_dag.py took 0.094 seconds
[2026-04-26T07:27:23.575+0000] {processor.py:161} INFO - Started process (PID=30571) to work on /usr/local/python/3.12.1/lib/python3.12/site-packages/airflow/example_dags/example_nested_branch_dag.py
[2026-04-26T07:27:23.576+0000] {processor.py:830} INFO - Processing file /usr/local/python/3.12.1/lib/python3.12/site-packages/airflow/example_dags/example_nested_branch_dag.py for tasks to queue
[2026-04-26T07:27:23.577+0000] {logging_mixin.py:188} INFO - [2026-04-26T07:27:23.577+0000] {dagbag.py:540} INFO - Filling up the DagBag from /usr/local/python/3.12.1/lib/python3.12/site-packages/airflow/example_dags/example_nested_branch_dag.py
[2026-04-26T07:27:23.610+0000] {processor.py:840} INFO - DAG(s) 'example_nested_branch_dag' retrieved from /usr/local/python/3.12.1/lib/python3.12/site-packages/airflow/example_dags/example_nested_branch_dag.py
[2026-04-26T07:27:23.647+0000] {logging_mixin.py:188} INFO - [2026-04-26T07:27:23.647+0000] {dag.py:3096} INFO - Sync 1 DAGs
[2026-04-26T07:27:23.699+0000] {logging_mixin.py:188} INFO - [2026-04-26T07:27:23.699+0000] {dag.py:3954} INFO - Setting next_dagrun for example_nested_branch_dag to 2026-04-25 00:00:00+00:00, run_after=2026-04-26 00:00:00+00:00
[2026-04-26T07:27:23.723+0000] {processor.py:183} INFO - Processing /usr/local/python/3.12.1/lib/python3.12/site-packages/airflow/example_dags/example_nested_branch_dag.py took 0.159 seconds
[2026-04-26T07:27:52.281+0000] {processor.py:161} INFO - Started process (PID=30820) to work on /usr/local/python/3.12.1/lib/python3.12/site-packages/airflow/example_dags/example_nested_branch_dag.py
[2026-04-26T07:27:52.282+0000] {processor.py:830} INFO - Processing file /usr/local/python/3.12.1/lib/python3.12/site-packages/airflow/example_dags/example_nested_branch_dag.py for tasks to queue
[2026-04-26T07:27:52.282+0000] {logging_mixin.py:188} INFO - [2026-04-26T07:27:52.282+0000] {dagbag.py:540} INFO - Filling up the DagBag from /usr/local/python/3.12.1/lib/python3.12/site-packages/airflow/example_dags/example_nested_branch_dag.py
[2026-04-26T07:27:52.293+0000] {processor.py:840} INFO - DAG(s) 'example_nested_branch_dag' retrieved from /usr/local/python/3.12.1/lib/python3.12/site-packages/airflow/example_dags/example_nested_branch_dag.py
[2026-04-26T07:27:52.316+0000] {logging_mixin.py:188} INFO - [2026-04-26T07:27:52.315+0000] {dag.py:3096} INFO - Sync 1 DAGs
[2026-04-26T07:27:52.335+0000] {logging_mixin.py:188} INFO - [2026-04-26T07:27:52.334+0000] {dag.py:3954} INFO - Setting next_dagrun for example_nested_branch_dag to 2026-04-25 00:00:00+00:00, run_after=2026-04-26 00:00:00+00:00
[2026-04-26T07:27:52.351+0000] {processor.py:183} INFO - Processing /usr/local/python/3.12.1/lib/python3.12/site-packages/airflow/example_dags/example_nested_branch_dag.py took 0.076 seconds
[2026-04-26T07:27:55.547+0000] {processor.py:161} INFO - Started process (PID=30859) to work on /usr/local/python/3.12.1/lib/python3.12/site-packages/airflow/example_dags/example_nested_branch_dag.py
[2026-04-26T07:27:55.550+0000] {processor.py:830} INFO - Processing file /usr/local/python/3.12.1/lib/python3.12/site-packages/airflow/example_dags/example_nested_branch_dag.py for tasks to queue
[2026-04-26T07:27:55.552+0000] {logging_mixin.py:188} INFO - [2026-04-26T07:27:55.552+0000] {dagbag.py:540} INFO - Filling up the DagBag from /usr/local/python/3.12.1/lib/python3.12/site-packages/airflow/example_dags/example_nested_branch_dag.py
[2026-04-26T07:27:55.577+0000] {processor.py:840} INFO - DAG(s) 'example_nested_branch_dag' retrieved from /usr/local/python/3.12.1/lib/python3.12/site-packages/airflow/example_dags/example_nested_branch_dag.py
[2026-04-26T07:27:55.601+0000] {logging_mixin.py:188} INFO - [2026-04-26T07:27:55.601+0000] {dag.py:3096} INFO - Sync 1 DAGs
[2026-04-26T07:27:55.626+0000] {logging_mixin.py:188} INFO - [2026-04-26T07:27:55.626+0000] {dag.py:3954} INFO - Setting next_dagrun for example_nested_branch_dag to 2026-04-25 00:00:00+00:00, run_after=2026-04-26 00:00:00+00:00
[2026-04-26T07:27:55.652+0000] {processor.py:183} INFO - Processing /usr/local/python/3.12.1/lib/python3.12/site-packages/airflow/example_dags/example_nested_branch_dag.py took 0.121 seconds
[2026-04-26T07:28:22.639+0000] {processor.py:161} INFO - Started process (PID=31088) to work on /usr/local/python/3.12.1/lib/python3.12/site-packages/airflow/example_dags/example_nested_branch_dag.py
[2026-04-26T07:28:22.640+0000] {processor.py:830} INFO - Processing file /usr/local/python/3.12.1/lib/python3.12/site-packages/airflow/example_dags/example_nested_branch_dag.py for tasks to queue
[2026-04-26T07:28:22.641+0000] {logging_mixin.py:188} INFO - [2026-04-26T07:28:22.641+0000] {dagbag.py:540} INFO - Filling up the DagBag from /usr/local/python/3.12.1/lib/python3.12/site-packages/airflow/example_dags/example_nested_branch_dag.py
[2026-04-26T07:28:22.662+0000] {processor.py:840} INFO - DAG(s) 'example_nested_branch_dag' retrieved from /usr/local/python/3.12.1/lib/python3.12/site-packages/airflow/example_dags/example_nested_branch_dag.py
[2026-04-26T07:28:22.682+0000] {logging_mixin.py:188} INFO - [2026-04-26T07:28:22.682+0000] {dag.py:3096} INFO - Sync 1 DAGs
[2026-04-26T07:28:22.701+0000] {logging_mixin.py:188} INFO - [2026-04-26T07:28:22.701+0000] {dag.py:3954} INFO - Setting next_dagrun for example_nested_branch_dag to 2026-04-25 00:00:00+00:00, run_after=2026-04-26 00:00:00+00:00
[2026-04-26T07:28:22.727+0000] {processor.py:183} INFO - Processing /usr/local/python/3.12.1/lib/python3.12/site-packages/airflow/example_dags/example_nested_branch_dag.py took 0.094 seconds
[2026-04-26T07:28:38.169+0000] {processor.py:161} INFO - Started process (PID=31241) to work on /usr/local/python/3.12.1/lib/python3.12/site-packages/airflow/example_dags/example_nested_branch_dag.py
[2026-04-26T07:28:38.170+0000] {processor.py:830} INFO - Processing file /usr/local/python/3.12.1/lib/python3.12/site-packages/airflow/example_dags/example_nested_branch_dag.py for tasks to queue
[2026-04-26T07:28:38.171+0000] {logging_mixin.py:188} INFO - [2026-04-26T07:28:38.171+0000] {dagbag.py:540} INFO - Filling up the DagBag from /usr/local/python/3.12.1/lib/python3.12/site-packages/airflow/example_dags/example_nested_branch_dag.py
[2026-04-26T07:28:38.179+0000] {processor.py:840} INFO - DAG(s) 'example_nested_branch_dag' retrieved from /usr/local/python/3.12.1/lib/python3.12/site-packages/airflow/example_dags/example_nested_branch_dag.py
[2026-04-26T07:28:38.193+0000] {logging_mixin.py:188} INFO - [2026-04-26T07:28:38.192+0000] {dag.py:3096} INFO - Sync 1 DAGs
[2026-04-26T07:28:38.208+0000] {logging_mixin.py:188} INFO - [2026-04-26T07:28:38.208+0000] {dag.py:3954} INFO - Setting next_dagrun for example_nested_branch_dag to 2026-04-25 00:00:00+00:00, run_after=2026-04-26 00:00:00+00:00
[2026-04-26T07:28:38.225+0000] {processor.py:183} INFO - Processing /usr/local/python/3.12.1/lib/python3.12/site-packages/airflow/example_dags/example_nested_branch_dag.py took 0.060 seconds
[2026-04-26T07:28:56.687+0000] {processor.py:161} INFO - Started process (PID=31473) to work on /usr/local/python/3.12.1/lib/python3.12/site-packages/airflow/example_dags/example_nested_branch_dag.py
[2026-04-26T07:28:56.688+0000] {processor.py:830} INFO - Processing file /usr/local/python/3.12.1/lib/python3.12/site-packages/airflow/example_dags/example_nested_branch_dag.py for tasks to queue
[2026-04-26T07:28:56.689+0000] {logging_mixin.py:188} INFO - [2026-04-26T07:28:56.689+0000] {dagbag.py:540} INFO - Filling up the DagBag from /usr/local/python/3.12.1/lib/python3.12/site-packages/airflow/example_dags/example_nested_branch_dag.py
[2026-04-26T07:28:56.699+0000] {processor.py:840} INFO - DAG(s) 'example_nested_branch_dag' retrieved from /usr/local/python/3.12.1/lib/python3.12/site-packages/airflow/example_dags/example_nested_branch_dag.py
[2026-04-26T07:28:56.716+0000] {logging_mixin.py:188} INFO - [2026-04-26T07:28:56.716+0000] {dag.py:3096} INFO - Sync 1 DAGs
[2026-04-26T07:28:56.733+0000] {logging_mixin.py:188} INFO - [2026-04-26T07:28:56.733+0000] {dag.py:3954} INFO - Setting next_dagrun for example_nested_branch_dag to 2026-04-25 00:00:00+00:00, run_after=2026-04-26 00:00:00+00:00
[2026-04-26T07:28:56.894+0000] {processor.py:183} INFO - Processing /usr/local/python/3.12.1/lib/python3.12/site-packages/airflow/example_dags/example_nested_branch_dag.py took 0.212 seconds
[2026-04-26T07:29:21.045+0000] {processor.py:161} INFO - Started process (PID=31686) to work on /usr/local/python/3.12.1/lib/python3.12/site-packages/airflow/example_dags/example_nested_branch_dag.py
[2026-04-26T07:29:21.046+0000] {processor.py:830} INFO - Processing file /usr/local/python/3.12.1/lib/python3.12/site-packages/airflow/example_dags/example_nested_branch_dag.py for tasks to queue
[2026-04-26T07:29:21.047+0000] {logging_mixin.py:188} INFO - [2026-04-26T07:29:21.047+0000] {dagbag.py:540} INFO - Filling up the DagBag from /usr/local/python/3.12.1/lib/python3.12/site-packages/airflow/example_dags/example_nested_branch_dag.py
[2026-04-26T07:29:21.056+0000] {processor.py:840} INFO - DAG(s) 'example_nested_branch_dag' retrieved from /usr/local/python/3.12.1/lib/python3.12/site-packages/airflow/example_dags/example_nested_branch_dag.py
[2026-04-26T07:29:21.072+0000] {logging_mixin.py:188} INFO - [2026-04-26T07:29:21.071+0000] {dag.py:3096} INFO - Sync 1 DAGs
[2026-04-26T07:29:21.088+0000] {logging_mixin.py:188} INFO - [2026-04-26T07:29:21.088+0000] {dag.py:3954} INFO - Setting next_dagrun for example_nested_branch_dag to 2026-04-25 00:00:00+00:00, run_after=2026-04-26 00:00:00+00:00
[2026-04-26T07:29:21.104+0000] {processor.py:183} INFO - Processing /usr/local/python/3.12.1/lib/python3.12/site-packages/airflow/example_dags/example_nested_branch_dag.py took 0.063 seconds
[2026-04-26T07:29:42.975+0000] {processor.py:161} INFO - Started process (PID=31937) to work on /usr/local/python/3.12.1/lib/python3.12/site-packages/airflow/example_dags/example_nested_branch_dag.py
[2026-04-26T07:29:42.976+0000] {processor.py:830} INFO - Processing file /usr/local/python/3.12.1/lib/python3.12/site-packages/airflow/example_dags/example_nested_branch_dag.py for tasks to queue
[2026-04-26T07:29:42.976+0000] {logging_mixin.py:188} INFO - [2026-04-26T07:29:42.976+0000] {dagbag.py:540} INFO - Filling up the DagBag from /usr/local/python/3.12.1/lib/python3.12/site-packages/airflow/example_dags/example_nested_branch_dag.py
[2026-04-26T07:29:42.984+0000] {processor.py:840} INFO - DAG(s) 'example_nested_branch_dag' retrieved from /usr/local/python/3.12.1/lib/python3.12/site-packages/airflow/example_dags/example_nested_branch_dag.py
[2026-04-26T07:29:42.998+0000] {logging_mixin.py:188} INFO - [2026-04-26T07:29:42.998+0000] {dag.py:3096} INFO - Sync 1 DAGs
[2026-04-26T07:29:43.014+0000] {logging_mixin.py:188} INFO - [2026-04-26T07:29:43.013+0000] {dag.py:3954} INFO - Setting next_dagrun for example_nested_branch_dag to 2026-04-25 00:00:00+00:00, run_after=2026-04-26 00:00:00+00:00
[2026-04-26T07:29:43.030+0000] {processor.py:183} INFO - Processing /usr/local/python/3.12.1/lib/python3.12/site-packages/airflow/example_dags/example_nested_branch_dag.py took 0.060 seconds
[2026-04-26T07:29:59.903+0000] {processor.py:161} INFO - Started process (PID=32093) to work on /usr/local/python/3.12.1/lib/python3.12/site-packages/airflow/example_dags/example_nested_branch_dag.py
[2026-04-26T07:29:59.903+0000] {processor.py:830} INFO - Processing file /usr/local/python/3.12.1/lib/python3.12/site-packages/airflow/example_dags/example_nested_branch_dag.py for tasks to queue
[2026-04-26T07:29:59.904+0000] {logging_mixin.py:188} INFO - [2026-04-26T07:29:59.904+0000] {dagbag.py:540} INFO - Filling up the DagBag from /usr/local/python/3.12.1/lib/python3.12/site-packages/airflow/example_dags/example_nested_branch_dag.py
[2026-04-26T07:29:59.912+0000] {processor.py:840} INFO - DAG(s) 'example_nested_branch_dag' retrieved from /usr/local/python/3.12.1/lib/python3.12/site-packages/airflow/example_dags/example_nested_branch_dag.py
[2026-04-26T07:29:59.924+0000] {logging_mixin.py:188} INFO - [2026-04-26T07:29:59.924+0000] {dag.py:3096} INFO - Sync 1 DAGs
[2026-04-26T07:29:59.939+0000] {logging_mixin.py:188} INFO - [2026-04-26T07:29:59.939+0000] {dag.py:3954} INFO - Setting next_dagrun for example_nested_branch_dag to 2026-04-25 00:00:00+00:00, run_after=2026-04-26 00:00:00+00:00
[2026-04-26T07:29:59.955+0000] {processor.py:183} INFO - Processing /usr/local/python/3.12.1/lib/python3.12/site-packages/airflow/example_dags/example_nested_branch_dag.py took 0.057 seconds
[2026-04-26T07:30:20.755+0000] {processor.py:161} INFO - Started process (PID=32344) to work on /usr/local/python/3.12.1/lib/python3.12/site-packages/airflow/example_dags/example_nested_branch_dag.py
[2026-04-26T07:30:20.756+0000] {processor.py:830} INFO - Processing file /usr/local/python/3.12.1/lib/python3.12/site-packages/airflow/example_dags/example_nested_branch_dag.py for tasks to queue
[2026-04-26T07:30:20.757+0000] {logging_mixin.py:188} INFO - [2026-04-26T07:30:20.756+0000] {dagbag.py:540} INFO - Filling up the DagBag from /usr/local/python/3.12.1/lib/python3.12/site-packages/airflow/example_dags/example_nested_branch_dag.py
[2026-04-26T07:30:20.765+0000] {processor.py:840} INFO - DAG(s) 'example_nested_branch_dag' retrieved from /usr/local/python/3.12.1/lib/python3.12/site-packages/airflow/example_dags/example_nested_branch_dag.py
[2026-04-26T07:30:20.778+0000] {logging_mixin.py:188} INFO - [2026-04-26T07:30:20.777+0000] {dag.py:3096} INFO - Sync 1 DAGs
[2026-04-26T07:30:20.794+0000] {logging_mixin.py:188} INFO - [2026-04-26T07:30:20.793+0000] {dag.py:3954} INFO - Setting next_dagrun for example_nested_branch_dag to 2026-04-25 00:00:00+00:00, run_after=2026-04-26 00:00:00+00:00
[2026-04-26T07:30:20.809+0000] {processor.py:183} INFO - Processing /usr/local/python/3.12.1/lib/python3.12/site-packages/airflow/example_dags/example_nested_branch_dag.py took 0.058 seconds
[2026-04-26T07:30:30.187+0000] {processor.py:161} INFO - Started process (PID=32431) to work on /usr/local/python/3.12.1/lib/python3.12/site-packages/airflow/example_dags/example_nested_branch_dag.py
[2026-04-26T07:30:30.188+0000] {processor.py:830} INFO - Processing file /usr/local/python/3.12.1/lib/python3.12/site-packages/airflow/example_dags/example_nested_branch_dag.py for tasks to queue
[2026-04-26T07:30:30.189+0000] {logging_mixin.py:188} INFO - [2026-04-26T07:30:30.189+0000] {dagbag.py:540} INFO - Filling up the DagBag from /usr/local/python/3.12.1/lib/python3.12/site-packages/airflow/example_dags/example_nested_branch_dag.py
[2026-04-26T07:30:30.197+0000] {processor.py:840} INFO - DAG(s) 'example_nested_branch_dag' retrieved from /usr/local/python/3.12.1/lib/python3.12/site-packages/airflow/example_dags/example_nested_branch_dag.py
[2026-04-26T07:30:30.210+0000] {logging_mixin.py:188} INFO - [2026-04-26T07:30:30.209+0000] {dag.py:3096} INFO - Sync 1 DAGs
[2026-04-26T07:30:30.225+0000] {logging_mixin.py:188} INFO - [2026-04-26T07:30:30.225+0000] {dag.py:3954} INFO - Setting next_dagrun for example_nested_branch_dag to 2026-04-25 00:00:00+00:00, run_after=2026-04-26 00:00:00+00:00
[2026-04-26T07:30:30.390+0000] {processor.py:183} INFO - Processing /usr/local/python/3.12.1/lib/python3.12/site-packages/airflow/example_dags/example_nested_branch_dag.py took 0.207 seconds
[2026-04-26T07:31:06.750+0000] {processor.py:161} INFO - Started process (PID=32741) to work on /usr/local/python/3.12.1/lib/python3.12/site-packages/airflow/example_dags/example_nested_branch_dag.py
[2026-04-26T07:31:06.751+0000] {processor.py:830} INFO - Processing file /usr/local/python/3.12.1/lib/python3.12/site-packages/airflow/example_dags/example_nested_branch_dag.py for tasks to queue
[2026-04-26T07:31:06.752+0000] {logging_mixin.py:188} INFO - [2026-04-26T07:31:06.751+0000] {dagbag.py:540} INFO - Filling up the DagBag from /usr/local/python/3.12.1/lib/python3.12/site-packages/airflow/example_dags/example_nested_branch_dag.py
[2026-04-26T07:31:06.763+0000] {processor.py:840} INFO - DAG(s) 'example_nested_branch_dag' retrieved from /usr/local/python/3.12.1/lib/python3.12/site-packages/airflow/example_dags/example_nested_branch_dag.py
[2026-04-26T07:31:06.782+0000] {logging_mixin.py:188} INFO - [2026-04-26T07:31:06.782+0000] {dag.py:3096} INFO - Sync 1 DAGs
[2026-04-26T07:31:06.804+0000] {logging_mixin.py:188} INFO - [2026-04-26T07:31:06.804+0000] {dag.py:3954} INFO - Setting next_dagrun for example_nested_branch_dag to 2026-04-25 00:00:00+00:00, run_after=2026-04-26 00:00:00+00:00
[2026-04-26T07:31:06.826+0000] {processor.py:183} INFO - Processing /usr/local/python/3.12.1/lib/python3.12/site-packages/airflow/example_dags/example_nested_branch_dag.py took 0.081 seconds
[2026-04-26T07:31:17.561+0000] {processor.py:161} INFO - Started process (PID=32839) to work on /usr/local/python/3.12.1/lib/python3.12/site-packages/airflow/example_dags/example_nested_branch_dag.py
[2026-04-26T07:31:17.562+0000] {processor.py:830} INFO - Processing file /usr/local/python/3.12.1/lib/python3.12/site-packages/airflow/example_dags/example_nested_branch_dag.py for tasks to queue
[2026-04-26T07:31:17.563+0000] {logging_mixin.py:188} INFO - [2026-04-26T07:31:17.563+0000] {dagbag.py:540} INFO - Filling up the DagBag from /usr/local/python/3.12.1/lib/python3.12/site-packages/airflow/example_dags/example_nested_branch_dag.py
[2026-04-26T07:31:17.571+0000] {processor.py:840} INFO - DAG(s) 'example_nested_branch_dag' retrieved from /usr/local/python/3.12.1/lib/python3.12/site-packages/airflow/example_dags/example_nested_branch_dag.py
[2026-04-26T07:31:17.584+0000] {logging_mixin.py:188} INFO - [2026-04-26T07:31:17.584+0000] {dag.py:3096} INFO - Sync 1 DAGs
[2026-04-26T07:31:17.602+0000] {logging_mixin.py:188} INFO - [2026-04-26T07:31:17.602+0000] {dag.py:3954} INFO - Setting next_dagrun for example_nested_branch_dag to 2026-04-25 00:00:00+00:00, run_after=2026-04-26 00:00:00+00:00
[2026-04-26T07:31:17.617+0000] {processor.py:183} INFO - Processing /usr/local/python/3.12.1/lib/python3.12/site-packages/airflow/example_dags/example_nested_branch_dag.py took 0.060 seconds
[2026-04-26T07:31:39.108+0000] {processor.py:161} INFO - Started process (PID=33043) to work on /usr/local/python/3.12.1/lib/python3.12/site-packages/airflow/example_dags/example_nested_branch_dag.py
[2026-04-26T07:31:39.109+0000] {processor.py:830} INFO - Processing file /usr/local/python/3.12.1/lib/python3.12/site-packages/airflow/example_dags/example_nested_branch_dag.py for tasks to queue
[2026-04-26T07:31:39.110+0000] {logging_mixin.py:188} INFO - [2026-04-26T07:31:39.109+0000] {dagbag.py:540} INFO - Filling up the DagBag from /usr/local/python/3.12.1/lib/python3.12/site-packages/airflow/example_dags/example_nested_branch_dag.py
[2026-04-26T07:31:39.117+0000] {processor.py:840} INFO - DAG(s) 'example_nested_branch_dag' retrieved from /usr/local/python/3.12.1/lib/python3.12/site-packages/airflow/example_dags/example_nested_branch_dag.py
[2026-04-26T07:31:39.135+0000] {logging_mixin.py:188} INFO - [2026-04-26T07:31:39.134+0000] {dag.py:3096} INFO - Sync 1 DAGs
[2026-04-26T07:31:39.153+0000] {logging_mixin.py:188} INFO - [2026-04-26T07:31:39.152+0000] {dag.py:3954} INFO - Setting next_dagrun for example_nested_branch_dag to 2026-04-25 00:00:00+00:00, run_after=2026-04-26 00:00:00+00:00
[2026-04-26T07:31:39.173+0000] {processor.py:183} INFO - Processing /usr/local/python/3.12.1/lib/python3.12/site-packages/airflow/example_dags/example_nested_branch_dag.py took 0.069 seconds
[2026-04-26T07:32:10.197+0000] {processor.py:161} INFO - Started process (PID=33323) to work on /usr/local/python/3.12.1/lib/python3.12/site-packages/airflow/example_dags/example_nested_branch_dag.py
[2026-04-26T07:32:10.197+0000] {processor.py:830} INFO - Processing file /usr/local/python/3.12.1/lib/python3.12/site-packages/airflow/example_dags/example_nested_branch_dag.py for tasks to queue
[2026-04-26T07:32:10.198+0000] {logging_mixin.py:188} INFO - [2026-04-26T07:32:10.198+0000] {dagbag.py:540} INFO - Filling up the DagBag from /usr/local/python/3.12.1/lib/python3.12/site-packages/airflow/example_dags/example_nested_branch_dag.py
[2026-04-26T07:32:10.206+0000] {processor.py:840} INFO - DAG(s) 'example_nested_branch_dag' retrieved from /usr/local/python/3.12.1/lib/python3.12/site-packages/airflow/example_dags/example_nested_branch_dag.py
[2026-04-26T07:32:10.219+0000] {logging_mixin.py:188} INFO - [2026-04-26T07:32:10.219+0000] {dag.py:3096} INFO - Sync 1 DAGs
[2026-04-26T07:32:10.238+0000] {logging_mixin.py:188} INFO - [2026-04-26T07:32:10.238+0000] {dag.py:3954} INFO - Setting next_dagrun for example_nested_branch_dag to 2026-04-25 00:00:00+00:00, run_after=2026-04-26 00:00:00+00:00
[2026-04-26T07:32:10.276+0000] {processor.py:183} INFO - Processing /usr/local/python/3.12.1/lib/python3.12/site-packages/airflow/example_dags/example_nested_branch_dag.py took 0.083 seconds
[2026-04-26T07:32:16.156+0000] {processor.py:161} INFO - Started process (PID=33371) to work on /usr/local/python/3.12.1/lib/python3.12/site-packages/airflow/example_dags/example_nested_branch_dag.py
[2026-04-26T07:32:16.156+0000] {processor.py:830} INFO - Processing file /usr/local/python/3.12.1/lib/python3.12/site-packages/airflow/example_dags/example_nested_branch_dag.py for tasks to queue
[2026-04-26T07:32:16.157+0000] {logging_mixin.py:188} INFO - [2026-04-26T07:32:16.157+0000] {dagbag.py:540} INFO - Filling up the DagBag from /usr/local/python/3.12.1/lib/python3.12/site-packages/airflow/example_dags/example_nested_branch_dag.py
[2026-04-26T07:32:16.166+0000] {processor.py:840} INFO - DAG(s) 'example_nested_branch_dag' retrieved from /usr/local/python/3.12.1/lib/python3.12/site-packages/airflow/example_dags/example_nested_branch_dag.py
[2026-04-26T07:32:16.178+0000] {logging_mixin.py:188} INFO - [2026-04-26T07:32:16.178+0000] {dag.py:3096} INFO - Sync 1 DAGs
[2026-04-26T07:32:16.194+0000] {logging_mixin.py:188} INFO - [2026-04-26T07:32:16.193+0000] {dag.py:3954} INFO - Setting next_dagrun for example_nested_branch_dag to 2026-04-25 00:00:00+00:00, run_after=2026-04-26 00:00:00+00:00
[2026-04-26T07:32:16.210+0000] {processor.py:183} INFO - Processing /usr/local/python/3.12.1/lib/python3.12/site-packages/airflow/example_dags/example_nested_branch_dag.py took 0.059 seconds
[2026-04-26T07:32:28.868+0000] {processor.py:161} INFO - Started process (PID=33474) to work on /usr/local/python/3.12.1/lib/python3.12/site-packages/airflow/example_dags/example_nested_branch_dag.py
[2026-04-26T07:32:28.869+0000] {processor.py:830} INFO - Processing file /usr/local/python/3.12.1/lib/python3.12/site-packages/airflow/example_dags/example_nested_branch_dag.py for tasks to queue
[2026-04-26T07:32:28.870+0000] {logging_mixin.py:188} INFO - [2026-04-26T07:32:28.869+0000] {dagbag.py:540} INFO - Filling up the DagBag from /usr/local/python/3.12.1/lib/python3.12/site-packages/airflow/example_dags/example_nested_branch_dag.py
[2026-04-26T07:32:28.878+0000] {processor.py:840} INFO - DAG(s) 'example_nested_branch_dag' retrieved from /usr/local/python/3.12.1/lib/python3.12/site-packages/airflow/example_dags/example_nested_branch_dag.py
[2026-04-26T07:32:28.897+0000] {logging_mixin.py:188} INFO - [2026-04-26T07:32:28.897+0000] {dag.py:3096} INFO - Sync 1 DAGs
[2026-04-26T07:32:29.123+0000] {logging_mixin.py:188} INFO - [2026-04-26T07:32:29.123+0000] {dag.py:3954} INFO - Setting next_dagrun for example_nested_branch_dag to 2026-04-25 00:00:00+00:00, run_after=2026-04-26 00:00:00+00:00
[2026-04-26T07:32:29.141+0000] {processor.py:183} INFO - Processing /usr/local/python/3.12.1/lib/python3.12/site-packages/airflow/example_dags/example_nested_branch_dag.py took 0.277 seconds
[2026-04-26T07:32:55.554+0000] {processor.py:161} INFO - Started process (PID=33718) to work on /usr/local/python/3.12.1/lib/python3.12/site-packages/airflow/example_dags/example_nested_branch_dag.py
[2026-04-26T07:32:55.555+0000] {processor.py:830} INFO - Processing file /usr/local/python/3.12.1/lib/python3.12/site-packages/airflow/example_dags/example_nested_branch_dag.py for tasks to queue
[2026-04-26T07:32:55.556+0000] {logging_mixin.py:188} INFO - [2026-04-26T07:32:55.556+0000] {dagbag.py:540} INFO - Filling up the DagBag from /usr/local/python/3.12.1/lib/python3.12/site-packages/airflow/example_dags/example_nested_branch_dag.py
[2026-04-26T07:32:55.564+0000] {processor.py:840} INFO - DAG(s) 'example_nested_branch_dag' retrieved from /usr/local/python/3.12.1/lib/python3.12/site-packages/airflow/example_dags/example_nested_branch_dag.py
[2026-04-26T07:32:55.577+0000] {logging_mixin.py:188} INFO - [2026-04-26T07:32:55.576+0000] {dag.py:3096} INFO - Sync 1 DAGs
[2026-04-26T07:32:55.592+0000] {logging_mixin.py:188} INFO - [2026-04-26T07:32:55.592+0000] {dag.py:3954} INFO - Setting next_dagrun for example_nested_branch_dag to 2026-04-25 00:00:00+00:00, run_after=2026-04-26 00:00:00+00:00
[2026-04-26T07:32:55.753+0000] {processor.py:183} INFO - Processing /usr/local/python/3.12.1/lib/python3.12/site-packages/airflow/example_dags/example_nested_branch_dag.py took 0.203 seconds
[2026-04-26T07:33:20.176+0000] {processor.py:161} INFO - Started process (PID=33944) to work on /usr/local/python/3.12.1/lib/python3.12/site-packages/airflow/example_dags/example_nested_branch_dag.py
[2026-04-26T07:33:20.176+0000] {processor.py:830} INFO - Processing file /usr/local/python/3.12.1/lib/python3.12/site-packages/airflow/example_dags/example_nested_branch_dag.py for tasks to queue
[2026-04-26T07:33:20.177+0000] {logging_mixin.py:188} INFO - [2026-04-26T07:33:20.177+0000] {dagbag.py:540} INFO - Filling up the DagBag from /usr/local/python/3.12.1/lib/python3.12/site-packages/airflow/example_dags/example_nested_branch_dag.py
[2026-04-26T07:33:20.187+0000] {processor.py:840} INFO - DAG(s) 'example_nested_branch_dag' retrieved from /usr/local/python/3.12.1/lib/python3.12/site-packages/airflow/example_dags/example_nested_branch_dag.py
[2026-04-26T07:33:20.205+0000] {logging_mixin.py:188} INFO - [2026-04-26T07:33:20.204+0000] {dag.py:3096} INFO - Sync 1 DAGs
[2026-04-26T07:33:20.234+0000] {logging_mixin.py:188} INFO - [2026-04-26T07:33:20.234+0000] {dag.py:3954} INFO - Setting next_dagrun for example_nested_branch_dag to 2026-04-25 00:00:00+00:00, run_after=2026-04-26 00:00:00+00:00
[2026-04-26T07:33:20.278+0000] {processor.py:183} INFO - Processing /usr/local/python/3.12.1/lib/python3.12/site-packages/airflow/example_dags/example_nested_branch_dag.py took 0.108 seconds
[2026-04-26T07:33:20.920+0000] {processor.py:161} INFO - Started process (PID=33952) to work on /usr/local/python/3.12.1/lib/python3.12/site-packages/airflow/example_dags/example_nested_branch_dag.py
[2026-04-26T07:33:20.921+0000] {processor.py:830} INFO - Processing file /usr/local/python/3.12.1/lib/python3.12/site-packages/airflow/example_dags/example_nested_branch_dag.py for tasks to queue
[2026-04-26T07:33:20.921+0000] {logging_mixin.py:188} INFO - [2026-04-26T07:33:20.921+0000] {dagbag.py:540} INFO - Filling up the DagBag from /usr/local/python/3.12.1/lib/python3.12/site-packages/airflow/example_dags/example_nested_branch_dag.py
[2026-04-26T07:33:20.929+0000] {processor.py:840} INFO - DAG(s) 'example_nested_branch_dag' retrieved from /usr/local/python/3.12.1/lib/python3.12/site-packages/airflow/example_dags/example_nested_branch_dag.py
[2026-04-26T07:33:20.948+0000] {logging_mixin.py:188} INFO - [2026-04-26T07:33:20.948+0000] {dag.py:3096} INFO - Sync 1 DAGs
[2026-04-26T07:33:20.964+0000] {logging_mixin.py:188} INFO - [2026-04-26T07:33:20.964+0000] {dag.py:3954} INFO - Setting next_dagrun for example_nested_branch_dag to 2026-04-25 00:00:00+00:00, run_after=2026-04-26 00:00:00+00:00
[2026-04-26T07:33:20.980+0000] {processor.py:183} INFO - Processing /usr/local/python/3.12.1/lib/python3.12/site-packages/airflow/example_dags/example_nested_branch_dag.py took 0.064 seconds
[2026-04-26T07:33:45.284+0000] {processor.py:161} INFO - Started process (PID=34189) to work on /usr/local/python/3.12.1/lib/python3.12/site-packages/airflow/example_dags/example_nested_branch_dag.py
[2026-04-26T07:33:45.284+0000] {processor.py:830} INFO - Processing file /usr/local/python/3.12.1/lib/python3.12/site-packages/airflow/example_dags/example_nested_branch_dag.py for tasks to queue
[2026-04-26T07:33:45.285+0000] {logging_mixin.py:188} INFO - [2026-04-26T07:33:45.285+0000] {dagbag.py:540} INFO - Filling up the DagBag from /usr/local/python/3.12.1/lib/python3.12/site-packages/airflow/example_dags/example_nested_branch_dag.py
[2026-04-26T07:33:45.293+0000] {processor.py:840} INFO - DAG(s) 'example_nested_branch_dag' retrieved from /usr/local/python/3.12.1/lib/python3.12/site-packages/airflow/example_dags/example_nested_branch_dag.py
[2026-04-26T07:33:45.306+0000] {logging_mixin.py:188} INFO - [2026-04-26T07:33:45.306+0000] {dag.py:3096} INFO - Sync 1 DAGs
[2026-04-26T07:33:45.321+0000] {logging_mixin.py:188} INFO - [2026-04-26T07:33:45.321+0000] {dag.py:3954} INFO - Setting next_dagrun for example_nested_branch_dag to 2026-04-25 00:00:00+00:00, run_after=2026-04-26 00:00:00+00:00
[2026-04-26T07:33:45.337+0000] {processor.py:183} INFO - Processing /usr/local/python/3.12.1/lib/python3.12/site-packages/airflow/example_dags/example_nested_branch_dag.py took 0.057 seconds
[2026-04-26T07:34:17.415+0000] {processor.py:161} INFO - Started process (PID=34511) to work on /usr/local/python/3.12.1/lib/python3.12/site-packages/airflow/example_dags/example_nested_branch_dag.py
[2026-04-26T07:34:17.416+0000] {processor.py:830} INFO - Processing file /usr/local/python/3.12.1/lib/python3.12/site-packages/airflow/example_dags/example_nested_branch_dag.py for tasks to queue
[2026-04-26T07:34:17.416+0000] {logging_mixin.py:188} INFO - [2026-04-26T07:34:17.416+0000] {dagbag.py:540} INFO - Filling up the DagBag from /usr/local/python/3.12.1/lib/python3.12/site-packages/airflow/example_dags/example_nested_branch_dag.py
[2026-04-26T07:34:17.424+0000] {processor.py:840} INFO - DAG(s) 'example_nested_branch_dag' retrieved from /usr/local/python/3.12.1/lib/python3.12/site-packages/airflow/example_dags/example_nested_branch_dag.py
[2026-04-26T07:34:17.437+0000] {logging_mixin.py:188} INFO - [2026-04-26T07:34:17.437+0000] {dag.py:3096} INFO - Sync 1 DAGs
[2026-04-26T07:34:17.452+0000] {logging_mixin.py:188} INFO - [2026-04-26T07:34:17.452+0000] {dag.py:3954} INFO - Setting next_dagrun for example_nested_branch_dag to 2026-04-25 00:00:00+00:00, run_after=2026-04-26 00:00:00+00:00
[2026-04-26T07:34:17.468+0000] {processor.py:183} INFO - Processing /usr/local/python/3.12.1/lib/python3.12/site-packages/airflow/example_dags/example_nested_branch_dag.py took 0.057 seconds
[2026-04-26T07:34:19.540+0000] {processor.py:161} INFO - Started process (PID=34526) to work on /usr/local/python/3.12.1/lib/python3.12/site-packages/airflow/example_dags/example_nested_branch_dag.py
[2026-04-26T07:34:19.540+0000] {processor.py:830} INFO - Processing file /usr/local/python/3.12.1/lib/python3.12/site-packages/airflow/example_dags/example_nested_branch_dag.py for tasks to queue
[2026-04-26T07:34:19.541+0000] {logging_mixin.py:188} INFO - [2026-04-26T07:34:19.541+0000] {dagbag.py:540} INFO - Filling up the DagBag from /usr/local/python/3.12.1/lib/python3.12/site-packages/airflow/example_dags/example_nested_branch_dag.py
[2026-04-26T07:34:19.549+0000] {processor.py:840} INFO - DAG(s) 'example_nested_branch_dag' retrieved from /usr/local/python/3.12.1/lib/python3.12/site-packages/airflow/example_dags/example_nested_branch_dag.py
[2026-04-26T07:34:19.562+0000] {logging_mixin.py:188} INFO - [2026-04-26T07:34:19.562+0000] {dag.py:3096} INFO - Sync 1 DAGs
[2026-04-26T07:34:19.579+0000] {logging_mixin.py:188} INFO - [2026-04-26T07:34:19.578+0000] {dag.py:3954} INFO - Setting next_dagrun for example_nested_branch_dag to 2026-04-25 00:00:00+00:00, run_after=2026-04-26 00:00:00+00:00
[2026-04-26T07:34:19.599+0000] {processor.py:183} INFO - Processing /usr/local/python/3.12.1/lib/python3.12/site-packages/airflow/example_dags/example_nested_branch_dag.py took 0.064 seconds
[2026-04-26T07:34:55.419+0000] {processor.py:161} INFO - Started process (PID=34914) to work on /usr/local/python/3.12.1/lib/python3.12/site-packages/airflow/example_dags/example_nested_branch_dag.py
[2026-04-26T07:34:55.419+0000] {processor.py:830} INFO - Processing file /usr/local/python/3.12.1/lib/python3.12/site-packages/airflow/example_dags/example_nested_branch_dag.py for tasks to queue
[2026-04-26T07:34:55.420+0000] {logging_mixin.py:188} INFO - [2026-04-26T07:34:55.420+0000] {dagbag.py:540} INFO - Filling up the DagBag from /usr/local/python/3.12.1/lib/python3.12/site-packages/airflow/example_dags/example_nested_branch_dag.py
[2026-04-26T07:34:55.428+0000] {processor.py:840} INFO - DAG(s) 'example_nested_branch_dag' retrieved from /usr/local/python/3.12.1/lib/python3.12/site-packages/airflow/example_dags/example_nested_branch_dag.py
[2026-04-26T07:34:55.441+0000] {logging_mixin.py:188} INFO - [2026-04-26T07:34:55.441+0000] {dag.py:3096} INFO - Sync 1 DAGs
[2026-04-26T07:34:55.462+0000] {logging_mixin.py:188} INFO - [2026-04-26T07:34:55.462+0000] {dag.py:3954} INFO - Setting next_dagrun for example_nested_branch_dag to 2026-04-25 00:00:00+00:00, run_after=2026-04-26 00:00:00+00:00
[2026-04-26T07:34:55.502+0000] {processor.py:183} INFO - Processing /usr/local/python/3.12.1/lib/python3.12/site-packages/airflow/example_dags/example_nested_branch_dag.py took 0.088 seconds
[2026-04-26T07:35:10.238+0000] {processor.py:161} INFO - Started process (PID=35112) to work on /usr/local/python/3.12.1/lib/python3.12/site-packages/airflow/example_dags/example_nested_branch_dag.py
[2026-04-26T07:35:10.239+0000] {processor.py:830} INFO - Processing file /usr/local/python/3.12.1/lib/python3.12/site-packages/airflow/example_dags/example_nested_branch_dag.py for tasks to queue
[2026-04-26T07:35:10.240+0000] {logging_mixin.py:188} INFO - [2026-04-26T07:35:10.239+0000] {dagbag.py:540} INFO - Filling up the DagBag from /usr/local/python/3.12.1/lib/python3.12/site-packages/airflow/example_dags/example_nested_branch_dag.py
[2026-04-26T07:35:10.249+0000] {processor.py:840} INFO - DAG(s) 'example_nested_branch_dag' retrieved from /usr/local/python/3.12.1/lib/python3.12/site-packages/airflow/example_dags/example_nested_branch_dag.py
[2026-04-26T07:35:10.262+0000] {logging_mixin.py:188} INFO - [2026-04-26T07:35:10.262+0000] {dag.py:3096} INFO - Sync 1 DAGs
[2026-04-26T07:35:10.277+0000] {logging_mixin.py:188} INFO - [2026-04-26T07:35:10.277+0000] {dag.py:3954} INFO - Setting next_dagrun for example_nested_branch_dag to 2026-04-25 00:00:00+00:00, run_after=2026-04-26 00:00:00+00:00
[2026-04-26T07:35:10.293+0000] {processor.py:183} INFO - Processing /usr/local/python/3.12.1/lib/python3.12/site-packages/airflow/example_dags/example_nested_branch_dag.py took 0.060 seconds
[2026-04-26T07:35:18.927+0000] {processor.py:161} INFO - Started process (PID=35188) to work on /usr/local/python/3.12.1/lib/python3.12/site-packages/airflow/example_dags/example_nested_branch_dag.py
[2026-04-26T07:35:18.928+0000] {processor.py:830} INFO - Processing file /usr/local/python/3.12.1/lib/python3.12/site-packages/airflow/example_dags/example_nested_branch_dag.py for tasks to queue
[2026-04-26T07:35:18.928+0000] {logging_mixin.py:188} INFO - [2026-04-26T07:35:18.928+0000] {dagbag.py:540} INFO - Filling up the DagBag from /usr/local/python/3.12.1/lib/python3.12/site-packages/airflow/example_dags/example_nested_branch_dag.py
[2026-04-26T07:35:18.936+0000] {processor.py:840} INFO - DAG(s) 'example_nested_branch_dag' retrieved from /usr/local/python/3.12.1/lib/python3.12/site-packages/airflow/example_dags/example_nested_branch_dag.py
[2026-04-26T07:35:18.952+0000] {logging_mixin.py:188} INFO - [2026-04-26T07:35:18.952+0000] {dag.py:3096} INFO - Sync 1 DAGs
[2026-04-26T07:35:18.982+0000] {logging_mixin.py:188} INFO - [2026-04-26T07:35:18.982+0000] {dag.py:3954} INFO - Setting next_dagrun for example_nested_branch_dag to 2026-04-25 00:00:00+00:00, run_after=2026-04-26 00:00:00+00:00
[2026-04-26T07:35:18.999+0000] {processor.py:183} INFO - Processing /usr/local/python/3.12.1/lib/python3.12/site-packages/airflow/example_dags/example_nested_branch_dag.py took 0.077 seconds
[2026-04-26T07:35:42.390+0000] {processor.py:161} INFO - Started process (PID=35391) to work on /usr/local/python/3.12.1/lib/python3.12/site-packages/airflow/example_dags/example_nested_branch_dag.py
[2026-04-26T07:35:42.391+0000] {processor.py:830} INFO - Processing file /usr/local/python/3.12.1/lib/python3.12/site-packages/airflow/example_dags/example_nested_branch_dag.py for tasks to queue
[2026-04-26T07:35:42.392+0000] {logging_mixin.py:188} INFO - [2026-04-26T07:35:42.392+0000] {dagbag.py:540} INFO - Filling up the DagBag from /usr/local/python/3.12.1/lib/python3.12/site-packages/airflow/example_dags/example_nested_branch_dag.py
[2026-04-26T07:35:42.400+0000] {processor.py:840} INFO - DAG(s) 'example_nested_branch_dag' retrieved from /usr/local/python/3.12.1/lib/python3.12/site-packages/airflow/example_dags/example_nested_branch_dag.py
[2026-04-26T07:35:42.414+0000] {logging_mixin.py:188} INFO - [2026-04-26T07:35:42.414+0000] {dag.py:3096} INFO - Sync 1 DAGs
[2026-04-26T07:35:42.436+0000] {logging_mixin.py:188} INFO - [2026-04-26T07:35:42.436+0000] {dag.py:3954} INFO - Setting next_dagrun for example_nested_branch_dag to 2026-04-25 00:00:00+00:00, run_after=2026-04-26 00:00:00+00:00
[2026-04-26T07:35:42.457+0000] {processor.py:183} INFO - Processing /usr/local/python/3.12.1/lib/python3.12/site-packages/airflow/example_dags/example_nested_branch_dag.py took 0.071 seconds
[2026-04-26T07:35:53.999+0000] {processor.py:161} INFO - Started process (PID=35523) to work on /usr/local/python/3.12.1/lib/python3.12/site-packages/airflow/example_dags/example_nested_branch_dag.py
[2026-04-26T07:35:54.000+0000] {processor.py:830} INFO - Processing file /usr/local/python/3.12.1/lib/python3.12/site-packages/airflow/example_dags/example_nested_branch_dag.py for tasks to queue
[2026-04-26T07:35:54.001+0000] {logging_mixin.py:188} INFO - [2026-04-26T07:35:54.000+0000] {dagbag.py:540} INFO - Filling up the DagBag from /usr/local/python/3.12.1/lib/python3.12/site-packages/airflow/example_dags/example_nested_branch_dag.py
[2026-04-26T07:35:54.014+0000] {processor.py:840} INFO - DAG(s) 'example_nested_branch_dag' retrieved from /usr/local/python/3.12.1/lib/python3.12/site-packages/airflow/example_dags/example_nested_branch_dag.py
[2026-04-26T07:35:54.032+0000] {logging_mixin.py:188} INFO - [2026-04-26T07:35:54.032+0000] {dag.py:3096} INFO - Sync 1 DAGs
[2026-04-26T07:35:54.049+0000] {logging_mixin.py:188} INFO - [2026-04-26T07:35:54.049+0000] {dag.py:3954} INFO - Setting next_dagrun for example_nested_branch_dag to 2026-04-25 00:00:00+00:00, run_after=2026-04-26 00:00:00+00:00
[2026-04-26T07:35:54.066+0000] {processor.py:183} INFO - Processing /usr/local/python/3.12.1/lib/python3.12/site-packages/airflow/example_dags/example_nested_branch_dag.py took 0.071 seconds
[2026-04-26T07:36:20.515+0000] {processor.py:161} INFO - Started process (PID=35743) to work on /usr/local/python/3.12.1/lib/python3.12/site-packages/airflow/example_dags/example_nested_branch_dag.py
[2026-04-26T07:36:20.516+0000] {processor.py:830} INFO - Processing file /usr/local/python/3.12.1/lib/python3.12/site-packages/airflow/example_dags/example_nested_branch_dag.py for tasks to queue
[2026-04-26T07:36:20.517+0000] {logging_mixin.py:188} INFO - [2026-04-26T07:36:20.516+0000] {dagbag.py:540} INFO - Filling up the DagBag from /usr/local/python/3.12.1/lib/python3.12/site-packages/airflow/example_dags/example_nested_branch_dag.py
[2026-04-26T07:36:20.525+0000] {processor.py:840} INFO - DAG(s) 'example_nested_branch_dag' retrieved from /usr/local/python/3.12.1/lib/python3.12/site-packages/airflow/example_dags/example_nested_branch_dag.py
[2026-04-26T07:36:20.537+0000] {logging_mixin.py:188} INFO - [2026-04-26T07:36:20.537+0000] {dag.py:3096} INFO - Sync 1 DAGs
[2026-04-26T07:36:20.552+0000] {logging_mixin.py:188} INFO - [2026-04-26T07:36:20.552+0000] {dag.py:3954} INFO - Setting next_dagrun for example_nested_branch_dag to 2026-04-25 00:00:00+00:00, run_after=2026-04-26 00:00:00+00:00
[2026-04-26T07:36:20.569+0000] {processor.py:183} INFO - Processing /usr/local/python/3.12.1/lib/python3.12/site-packages/airflow/example_dags/example_nested_branch_dag.py took 0.057 seconds
[2026-04-26T07:36:40.322+0000] {processor.py:161} INFO - Started process (PID=35929) to work on /usr/local/python/3.12.1/lib/python3.12/site-packages/airflow/example_dags/example_nested_branch_dag.py
[2026-04-26T07:36:40.323+0000] {processor.py:830} INFO - Processing file /usr/local/python/3.12.1/lib/python3.12/site-packages/airflow/example_dags/example_nested_branch_dag.py for tasks to queue
[2026-04-26T07:36:40.324+0000] {logging_mixin.py:188} INFO - [2026-04-26T07:36:40.323+0000] {dagbag.py:540} INFO - Filling up the DagBag from /usr/local/python/3.12.1/lib/python3.12/site-packages/airflow/example_dags/example_nested_branch_dag.py
[2026-04-26T07:36:40.332+0000] {processor.py:840} INFO - DAG(s) 'example_nested_branch_dag' retrieved from /usr/local/python/3.12.1/lib/python3.12/site-packages/airflow/example_dags/example_nested_branch_dag.py
[2026-04-26T07:36:40.345+0000] {logging_mixin.py:188} INFO - [2026-04-26T07:36:40.344+0000] {dag.py:3096} INFO - Sync 1 DAGs
[2026-04-26T07:36:40.361+0000] {logging_mixin.py:188} INFO - [2026-04-26T07:36:40.361+0000] {dag.py:3954} INFO - Setting next_dagrun for example_nested_branch_dag to 2026-04-25 00:00:00+00:00, run_after=2026-04-26 00:00:00+00:00
[2026-04-26T07:36:40.377+0000] {processor.py:183} INFO - Processing /usr/local/python/3.12.1/lib/python3.12/site-packages/airflow/example_dags/example_nested_branch_dag.py took 0.059 seconds
[2026-04-26T07:36:51.865+0000] {processor.py:161} INFO - Started process (PID=36034) to work on /usr/local/python/3.12.1/lib/python3.12/site-packages/airflow/example_dags/example_nested_branch_dag.py
[2026-04-26T07:36:51.866+0000] {processor.py:830} INFO - Processing file /usr/local/python/3.12.1/lib/python3.12/site-packages/airflow/example_dags/example_nested_branch_dag.py for tasks to queue
[2026-04-26T07:36:51.867+0000] {logging_mixin.py:188} INFO - [2026-04-26T07:36:51.867+0000] {dagbag.py:540} INFO - Filling up the DagBag from /usr/local/python/3.12.1/lib/python3.12/site-packages/airflow/example_dags/example_nested_branch_dag.py
[2026-04-26T07:36:51.891+0000] {processor.py:840} INFO - DAG(s) 'example_nested_branch_dag' retrieved from /usr/local/python/3.12.1/lib/python3.12/site-packages/airflow/example_dags/example_nested_branch_dag.py
[2026-04-26T07:36:51.925+0000] {logging_mixin.py:188} INFO - [2026-04-26T07:36:51.924+0000] {dag.py:3096} INFO - Sync 1 DAGs
[2026-04-26T07:36:51.947+0000] {logging_mixin.py:188} INFO - [2026-04-26T07:36:51.947+0000] {dag.py:3954} INFO - Setting next_dagrun for example_nested_branch_dag to 2026-04-25 00:00:00+00:00, run_after=2026-04-26 00:00:00+00:00
[2026-04-26T07:36:51.971+0000] {processor.py:183} INFO - Processing /usr/local/python/3.12.1/lib/python3.12/site-packages/airflow/example_dags/example_nested_branch_dag.py took 0.122 seconds
[2026-04-26T07:37:15.458+0000] {processor.py:161} INFO - Started process (PID=36258) to work on /usr/local/python/3.12.1/lib/python3.12/site-packages/airflow/example_dags/example_nested_branch_dag.py
[2026-04-26T07:37:15.458+0000] {processor.py:830} INFO - Processing file /usr/local/python/3.12.1/lib/python3.12/site-packages/airflow/example_dags/example_nested_branch_dag.py for tasks to queue
[2026-04-26T07:37:15.459+0000] {logging_mixin.py:188} INFO - [2026-04-26T07:37:15.459+0000] {dagbag.py:540} INFO - Filling up the DagBag from /usr/local/python/3.12.1/lib/python3.12/site-packages/airflow/example_dags/example_nested_branch_dag.py
[2026-04-26T07:37:15.467+0000] {processor.py:840} INFO - DAG(s) 'example_nested_branch_dag' retrieved from /usr/local/python/3.12.1/lib/python3.12/site-packages/airflow/example_dags/example_nested_branch_dag.py
[2026-04-26T07:37:15.480+0000] {logging_mixin.py:188} INFO - [2026-04-26T07:37:15.480+0000] {dag.py:3096} INFO - Sync 1 DAGs
[2026-04-26T07:37:15.502+0000] {logging_mixin.py:188} INFO - [2026-04-26T07:37:15.501+0000] {dag.py:3954} INFO - Setting next_dagrun for example_nested_branch_dag to 2026-04-25 00:00:00+00:00, run_after=2026-04-26 00:00:00+00:00
[2026-04-26T07:37:15.523+0000] {processor.py:183} INFO - Processing /usr/local/python/3.12.1/lib/python3.12/site-packages/airflow/example_dags/example_nested_branch_dag.py took 0.069 seconds
[2026-04-26T07:37:38.471+0000] {processor.py:161} INFO - Started process (PID=36458) to work on /usr/local/python/3.12.1/lib/python3.12/site-packages/airflow/example_dags/example_nested_branch_dag.py
[2026-04-26T07:37:38.472+0000] {processor.py:830} INFO - Processing file /usr/local/python/3.12.1/lib/python3.12/site-packages/airflow/example_dags/example_nested_branch_dag.py for tasks to queue
[2026-04-26T07:37:38.473+0000] {logging_mixin.py:188} INFO - [2026-04-26T07:37:38.472+0000] {dagbag.py:540} INFO - Filling up the DagBag from /usr/local/python/3.12.1/lib/python3.12/site-packages/airflow/example_dags/example_nested_branch_dag.py
[2026-04-26T07:37:38.481+0000] {processor.py:840} INFO - DAG(s) 'example_nested_branch_dag' retrieved from /usr/local/python/3.12.1/lib/python3.12/site-packages/airflow/example_dags/example_nested_branch_dag.py
[2026-04-26T07:37:38.494+0000] {logging_mixin.py:188} INFO - [2026-04-26T07:37:38.494+0000] {dag.py:3096} INFO - Sync 1 DAGs
[2026-04-26T07:37:38.509+0000] {logging_mixin.py:188} INFO - [2026-04-26T07:37:38.509+0000] {dag.py:3954} INFO - Setting next_dagrun for example_nested_branch_dag to 2026-04-25 00:00:00+00:00, run_after=2026-04-26 00:00:00+00:00
[2026-04-26T07:37:38.527+0000] {processor.py:183} INFO - Processing /usr/local/python/3.12.1/lib/python3.12/site-packages/airflow/example_dags/example_nested_branch_dag.py took 0.060 seconds
[2026-04-26T07:37:48.932+0000] {processor.py:161} INFO - Started process (PID=36556) to work on /usr/local/python/3.12.1/lib/python3.12/site-packages/airflow/example_dags/example_nested_branch_dag.py
[2026-04-26T07:37:48.933+0000] {processor.py:830} INFO - Processing file /usr/local/python/3.12.1/lib/python3.12/site-packages/airflow/example_dags/example_nested_branch_dag.py for tasks to queue
[2026-04-26T07:37:48.933+0000] {logging_mixin.py:188} INFO - [2026-04-26T07:37:48.933+0000] {dagbag.py:540} INFO - Filling up the DagBag from /usr/local/python/3.12.1/lib/python3.12/site-packages/airflow/example_dags/example_nested_branch_dag.py
[2026-04-26T07:37:48.942+0000] {processor.py:840} INFO - DAG(s) 'example_nested_branch_dag' retrieved from /usr/local/python/3.12.1/lib/python3.12/site-packages/airflow/example_dags/example_nested_branch_dag.py
[2026-04-26T07:37:48.954+0000] {logging_mixin.py:188} INFO - [2026-04-26T07:37:48.954+0000] {dag.py:3096} INFO - Sync 1 DAGs
[2026-04-26T07:37:48.970+0000] {logging_mixin.py:188} INFO - [2026-04-26T07:37:48.970+0000] {dag.py:3954} INFO - Setting next_dagrun for example_nested_branch_dag to 2026-04-25 00:00:00+00:00, run_after=2026-04-26 00:00:00+00:00
[2026-04-26T07:37:48.986+0000] {processor.py:183} INFO - Processing /usr/local/python/3.12.1/lib/python3.12/site-packages/airflow/example_dags/example_nested_branch_dag.py took 0.058 seconds
[2026-04-26T07:38:11.829+0000] {processor.py:161} INFO - Started process (PID=36764) to work on /usr/local/python/3.12.1/lib/python3.12/site-packages/airflow/example_dags/example_nested_branch_dag.py
[2026-04-26T07:38:11.830+0000] {processor.py:830} INFO - Processing file /usr/local/python/3.12.1/lib/python3.12/site-packages/airflow/example_dags/example_nested_branch_dag.py for tasks to queue
[2026-04-26T07:38:11.831+0000] {logging_mixin.py:188} INFO - [2026-04-26T07:38:11.831+0000] {dagbag.py:540} INFO - Filling up the DagBag from /usr/local/python/3.12.1/lib/python3.12/site-packages/airflow/example_dags/example_nested_branch_dag.py
[2026-04-26T07:38:11.839+0000] {processor.py:840} INFO - DAG(s) 'example_nested_branch_dag' retrieved from /usr/local/python/3.12.1/lib/python3.12/site-packages/airflow/example_dags/example_nested_branch_dag.py
[2026-04-26T07:38:11.853+0000] {logging_mixin.py:188} INFO - [2026-04-26T07:38:11.853+0000] {dag.py:3096} INFO - Sync 1 DAGs
[2026-04-26T07:38:11.870+0000] {logging_mixin.py:188} INFO - [2026-04-26T07:38:11.869+0000] {dag.py:3954} INFO - Setting next_dagrun for example_nested_branch_dag to 2026-04-25 00:00:00+00:00, run_after=2026-04-26 00:00:00+00:00
[2026-04-26T07:38:11.919+0000] {processor.py:183} INFO - Processing /usr/local/python/3.12.1/lib/python3.12/site-packages/airflow/example_dags/example_nested_branch_dag.py took 0.094 seconds
[2026-04-26T07:38:37.897+0000] {processor.py:161} INFO - Started process (PID=37005) to work on /usr/local/python/3.12.1/lib/python3.12/site-packages/airflow/example_dags/example_nested_branch_dag.py
[2026-04-26T07:38:37.898+0000] {processor.py:830} INFO - Processing file /usr/local/python/3.12.1/lib/python3.12/site-packages/airflow/example_dags/example_nested_branch_dag.py for tasks to queue
[2026-04-26T07:38:37.898+0000] {logging_mixin.py:188} INFO - [2026-04-26T07:38:37.898+0000] {dagbag.py:540} INFO - Filling up the DagBag from /usr/local/python/3.12.1/lib/python3.12/site-packages/airflow/example_dags/example_nested_branch_dag.py
[2026-04-26T07:38:37.907+0000] {processor.py:840} INFO - DAG(s) 'example_nested_branch_dag' retrieved from /usr/local/python/3.12.1/lib/python3.12/site-packages/airflow/example_dags/example_nested_branch_dag.py
[2026-04-26T07:38:37.920+0000] {logging_mixin.py:188} INFO - [2026-04-26T07:38:37.920+0000] {dag.py:3096} INFO - Sync 1 DAGs
[2026-04-26T07:38:37.936+0000] {logging_mixin.py:188} INFO - [2026-04-26T07:38:37.936+0000] {dag.py:3954} INFO - Setting next_dagrun for example_nested_branch_dag to 2026-04-25 00:00:00+00:00, run_after=2026-04-26 00:00:00+00:00
[2026-04-26T07:38:37.952+0000] {processor.py:183} INFO - Processing /usr/local/python/3.12.1/lib/python3.12/site-packages/airflow/example_dags/example_nested_branch_dag.py took 0.061 seconds
[2026-04-26T07:38:47.903+0000] {processor.py:161} INFO - Started process (PID=37161) to work on /usr/local/python/3.12.1/lib/python3.12/site-packages/airflow/example_dags/example_nested_branch_dag.py
[2026-04-26T07:38:47.904+0000] {processor.py:830} INFO - Processing file /usr/local/python/3.12.1/lib/python3.12/site-packages/airflow/example_dags/example_nested_branch_dag.py for tasks to queue
[2026-04-26T07:38:47.905+0000] {logging_mixin.py:188} INFO - [2026-04-26T07:38:47.904+0000] {dagbag.py:540} INFO - Filling up the DagBag from /usr/local/python/3.12.1/lib/python3.12/site-packages/airflow/example_dags/example_nested_branch_dag.py
[2026-04-26T07:38:47.913+0000] {processor.py:840} INFO - DAG(s) 'example_nested_branch_dag' retrieved from /usr/local/python/3.12.1/lib/python3.12/site-packages/airflow/example_dags/example_nested_branch_dag.py
[2026-04-26T07:38:47.926+0000] {logging_mixin.py:188} INFO - [2026-04-26T07:38:47.926+0000] {dag.py:3096} INFO - Sync 1 DAGs
[2026-04-26T07:38:47.941+0000] {logging_mixin.py:188} INFO - [2026-04-26T07:38:47.941+0000] {dag.py:3954} INFO - Setting next_dagrun for example_nested_branch_dag to 2026-04-25 00:00:00+00:00, run_after=2026-04-26 00:00:00+00:00
[2026-04-26T07:38:47.957+0000] {processor.py:183} INFO - Processing /usr/local/python/3.12.1/lib/python3.12/site-packages/airflow/example_dags/example_nested_branch_dag.py took 0.058 seconds
[2026-04-26T07:39:18.156+0000] {processor.py:161} INFO - Started process (PID=37670) to work on /usr/local/python/3.12.1/lib/python3.12/site-packages/airflow/example_dags/example_nested_branch_dag.py
[2026-04-26T07:39:18.162+0000] {processor.py:830} INFO - Processing file /usr/local/python/3.12.1/lib/python3.12/site-packages/airflow/example_dags/example_nested_branch_dag.py for tasks to queue
[2026-04-26T07:39:18.164+0000] {logging_mixin.py:188} INFO - [2026-04-26T07:39:18.163+0000] {dagbag.py:540} INFO - Filling up the DagBag from /usr/local/python/3.12.1/lib/python3.12/site-packages/airflow/example_dags/example_nested_branch_dag.py
[2026-04-26T07:39:18.183+0000] {processor.py:840} INFO - DAG(s) 'example_nested_branch_dag' retrieved from /usr/local/python/3.12.1/lib/python3.12/site-packages/airflow/example_dags/example_nested_branch_dag.py
[2026-04-26T07:39:18.215+0000] {logging_mixin.py:188} INFO - [2026-04-26T07:39:18.215+0000] {dag.py:3096} INFO - Sync 1 DAGs
[2026-04-26T07:39:18.237+0000] {logging_mixin.py:188} INFO - [2026-04-26T07:39:18.237+0000] {dag.py:3954} INFO - Setting next_dagrun for example_nested_branch_dag to 2026-04-25 00:00:00+00:00, run_after=2026-04-26 00:00:00+00:00
[2026-04-26T07:39:18.254+0000] {processor.py:183} INFO - Processing /usr/local/python/3.12.1/lib/python3.12/site-packages/airflow/example_dags/example_nested_branch_dag.py took 0.113 seconds
[2026-04-26T07:39:44.399+0000] {processor.py:161} INFO - Started process (PID=38097) to work on /usr/local/python/3.12.1/lib/python3.12/site-packages/airflow/example_dags/example_nested_branch_dag.py
[2026-04-26T07:39:44.399+0000] {processor.py:830} INFO - Processing file /usr/local/python/3.12.1/lib/python3.12/site-packages/airflow/example_dags/example_nested_branch_dag.py for tasks to queue
[2026-04-26T07:39:44.400+0000] {logging_mixin.py:188} INFO - [2026-04-26T07:39:44.400+0000] {dagbag.py:540} INFO - Filling up the DagBag from /usr/local/python/3.12.1/lib/python3.12/site-packages/airflow/example_dags/example_nested_branch_dag.py
[2026-04-26T07:39:44.408+0000] {processor.py:840} INFO - DAG(s) 'example_nested_branch_dag' retrieved from /usr/local/python/3.12.1/lib/python3.12/site-packages/airflow/example_dags/example_nested_branch_dag.py
[2026-04-26T07:39:44.422+0000] {logging_mixin.py:188} INFO - [2026-04-26T07:39:44.421+0000] {dag.py:3096} INFO - Sync 1 DAGs
[2026-04-26T07:39:44.438+0000] {logging_mixin.py:188} INFO - [2026-04-26T07:39:44.438+0000] {dag.py:3954} INFO - Setting next_dagrun for example_nested_branch_dag to 2026-04-25 00:00:00+00:00, run_after=2026-04-26 00:00:00+00:00
[2026-04-26T07:39:44.455+0000] {processor.py:183} INFO - Processing /usr/local/python/3.12.1/lib/python3.12/site-packages/airflow/example_dags/example_nested_branch_dag.py took 0.061 seconds
[2026-04-26T07:39:50.680+0000] {processor.py:161} INFO - Started process (PID=38161) to work on /usr/local/python/3.12.1/lib/python3.12/site-packages/airflow/example_dags/example_nested_branch_dag.py
[2026-04-26T07:39:50.681+0000] {processor.py:830} INFO - Processing file /usr/local/python/3.12.1/lib/python3.12/site-packages/airflow/example_dags/example_nested_branch_dag.py for tasks to queue
[2026-04-26T07:39:50.682+0000] {logging_mixin.py:188} INFO - [2026-04-26T07:39:50.682+0000] {dagbag.py:540} INFO - Filling up the DagBag from /usr/local/python/3.12.1/lib/python3.12/site-packages/airflow/example_dags/example_nested_branch_dag.py
[2026-04-26T07:39:50.692+0000] {processor.py:840} INFO - DAG(s) 'example_nested_branch_dag' retrieved from /usr/local/python/3.12.1/lib/python3.12/site-packages/airflow/example_dags/example_nested_branch_dag.py
[2026-04-26T07:39:50.711+0000] {logging_mixin.py:188} INFO - [2026-04-26T07:39:50.710+0000] {dag.py:3096} INFO - Sync 1 DAGs
[2026-04-26T07:39:50.727+0000] {logging_mixin.py:188} INFO - [2026-04-26T07:39:50.727+0000] {dag.py:3954} INFO - Setting next_dagrun for example_nested_branch_dag to 2026-04-25 00:00:00+00:00, run_after=2026-04-26 00:00:00+00:00
[2026-04-26T07:39:50.743+0000] {processor.py:183} INFO - Processing /usr/local/python/3.12.1/lib/python3.12/site-packages/airflow/example_dags/example_nested_branch_dag.py took 0.067 seconds
[2026-04-26T07:40:20.671+0000] {processor.py:161} INFO - Started process (PID=38628) to work on /usr/local/python/3.12.1/lib/python3.12/site-packages/airflow/example_dags/example_nested_branch_dag.py
[2026-04-26T07:40:20.672+0000] {processor.py:830} INFO - Processing file /usr/local/python/3.12.1/lib/python3.12/site-packages/airflow/example_dags/example_nested_branch_dag.py for tasks to queue
[2026-04-26T07:40:20.672+0000] {logging_mixin.py:188} INFO - [2026-04-26T07:40:20.672+0000] {dagbag.py:540} INFO - Filling up the DagBag from /usr/local/python/3.12.1/lib/python3.12/site-packages/airflow/example_dags/example_nested_branch_dag.py
[2026-04-26T07:40:20.680+0000] {processor.py:840} INFO - DAG(s) 'example_nested_branch_dag' retrieved from /usr/local/python/3.12.1/lib/python3.12/site-packages/airflow/example_dags/example_nested_branch_dag.py
[2026-04-26T07:40:20.693+0000] {logging_mixin.py:188} INFO - [2026-04-26T07:40:20.693+0000] {dag.py:3096} INFO - Sync 1 DAGs
[2026-04-26T07:40:20.708+0000] {logging_mixin.py:188} INFO - [2026-04-26T07:40:20.708+0000] {dag.py:3954} INFO - Setting next_dagrun for example_nested_branch_dag to 2026-04-25 00:00:00+00:00, run_after=2026-04-26 00:00:00+00:00
[2026-04-26T07:40:20.724+0000] {processor.py:183} INFO - Processing /usr/local/python/3.12.1/lib/python3.12/site-packages/airflow/example_dags/example_nested_branch_dag.py took 0.058 seconds
[2026-04-26T07:40:42.922+0000] {processor.py:161} INFO - Started process (PID=38956) to work on /usr/local/python/3.12.1/lib/python3.12/site-packages/airflow/example_dags/example_nested_branch_dag.py
[2026-04-26T07:40:42.922+0000] {processor.py:830} INFO - Processing file /usr/local/python/3.12.1/lib/python3.12/site-packages/airflow/example_dags/example_nested_branch_dag.py for tasks to queue
[2026-04-26T07:40:42.923+0000] {logging_mixin.py:188} INFO - [2026-04-26T07:40:42.923+0000] {dagbag.py:540} INFO - Filling up the DagBag from /usr/local/python/3.12.1/lib/python3.12/site-packages/airflow/example_dags/example_nested_branch_dag.py
[2026-04-26T07:40:42.931+0000] {processor.py:840} INFO - DAG(s) 'example_nested_branch_dag' retrieved from /usr/local/python/3.12.1/lib/python3.12/site-packages/airflow/example_dags/example_nested_branch_dag.py
[2026-04-26T07:40:42.944+0000] {logging_mixin.py:188} INFO - [2026-04-26T07:40:42.944+0000] {dag.py:3096} INFO - Sync 1 DAGs
[2026-04-26T07:40:42.964+0000] {logging_mixin.py:188} INFO - [2026-04-26T07:40:42.963+0000] {dag.py:3954} INFO - Setting next_dagrun for example_nested_branch_dag to 2026-04-25 00:00:00+00:00, run_after=2026-04-26 00:00:00+00:00
[2026-04-26T07:40:42.987+0000] {processor.py:183} INFO - Processing /usr/local/python/3.12.1/lib/python3.12/site-packages/airflow/example_dags/example_nested_branch_dag.py took 0.070 seconds
[2026-04-26T07:40:49.496+0000] {processor.py:161} INFO - Started process (PID=39024) to work on /usr/local/python/3.12.1/lib/python3.12/site-packages/airflow/example_dags/example_nested_branch_dag.py
[2026-04-26T07:40:49.497+0000] {processor.py:830} INFO - Processing file /usr/local/python/3.12.1/lib/python3.12/site-packages/airflow/example_dags/example_nested_branch_dag.py for tasks to queue
[2026-04-26T07:40:49.497+0000] {logging_mixin.py:188} INFO - [2026-04-26T07:40:49.497+0000] {dagbag.py:540} INFO - Filling up the DagBag from /usr/local/python/3.12.1/lib/python3.12/site-packages/airflow/example_dags/example_nested_branch_dag.py
[2026-04-26T07:40:49.506+0000] {processor.py:840} INFO - DAG(s) 'example_nested_branch_dag' retrieved from /usr/local/python/3.12.1/lib/python3.12/site-packages/airflow/example_dags/example_nested_branch_dag.py
[2026-04-26T07:40:49.519+0000] {logging_mixin.py:188} INFO - [2026-04-26T07:40:49.519+0000] {dag.py:3096} INFO - Sync 1 DAGs
[2026-04-26T07:40:49.535+0000] {logging_mixin.py:188} INFO - [2026-04-26T07:40:49.535+0000] {dag.py:3954} INFO - Setting next_dagrun for example_nested_branch_dag to 2026-04-25 00:00:00+00:00, run_after=2026-04-26 00:00:00+00:00
[2026-04-26T07:40:49.553+0000] {processor.py:183} INFO - Processing /usr/local/python/3.12.1/lib/python3.12/site-packages/airflow/example_dags/example_nested_branch_dag.py took 0.061 seconds
[2026-04-26T07:41:20.177+0000] {processor.py:161} INFO - Started process (PID=39525) to work on /usr/local/python/3.12.1/lib/python3.12/site-packages/airflow/example_dags/example_nested_branch_dag.py
[2026-04-26T07:41:20.178+0000] {processor.py:830} INFO - Processing file /usr/local/python/3.12.1/lib/python3.12/site-packages/airflow/example_dags/example_nested_branch_dag.py for tasks to queue
[2026-04-26T07:41:20.179+0000] {logging_mixin.py:188} INFO - [2026-04-26T07:41:20.179+0000] {dagbag.py:540} INFO - Filling up the DagBag from /usr/local/python/3.12.1/lib/python3.12/site-packages/airflow/example_dags/example_nested_branch_dag.py
[2026-04-26T07:41:20.187+0000] {processor.py:840} INFO - DAG(s) 'example_nested_branch_dag' retrieved from /usr/local/python/3.12.1/lib/python3.12/site-packages/airflow/example_dags/example_nested_branch_dag.py
[2026-04-26T07:41:20.200+0000] {logging_mixin.py:188} INFO - [2026-04-26T07:41:20.200+0000] {dag.py:3096} INFO - Sync 1 DAGs
[2026-04-26T07:41:20.216+0000] {logging_mixin.py:188} INFO - [2026-04-26T07:41:20.216+0000] {dag.py:3954} INFO - Setting next_dagrun for example_nested_branch_dag to 2026-04-25 00:00:00+00:00, run_after=2026-04-26 00:00:00+00:00
[2026-04-26T07:41:20.232+0000] {processor.py:183} INFO - Processing /usr/local/python/3.12.1/lib/python3.12/site-packages/airflow/example_dags/example_nested_branch_dag.py took 0.059 seconds
[2026-04-26T07:41:44.646+0000] {processor.py:161} INFO - Started process (PID=39736) to work on /usr/local/python/3.12.1/lib/python3.12/site-packages/airflow/example_dags/example_nested_branch_dag.py
[2026-04-26T07:41:44.647+0000] {processor.py:830} INFO - Processing file /usr/local/python/3.12.1/lib/python3.12/site-packages/airflow/example_dags/example_nested_branch_dag.py for tasks to queue
[2026-04-26T07:41:44.648+0000] {logging_mixin.py:188} INFO - [2026-04-26T07:41:44.648+0000] {dagbag.py:540} INFO - Filling up the DagBag from /usr/local/python/3.12.1/lib/python3.12/site-packages/airflow/example_dags/example_nested_branch_dag.py
[2026-04-26T07:41:44.656+0000] {processor.py:840} INFO - DAG(s) 'example_nested_branch_dag' retrieved from /usr/local/python/3.12.1/lib/python3.12/site-packages/airflow/example_dags/example_nested_branch_dag.py
[2026-04-26T07:41:44.670+0000] {logging_mixin.py:188} INFO - [2026-04-26T07:41:44.669+0000] {dag.py:3096} INFO - Sync 1 DAGs
[2026-04-26T07:41:44.685+0000] {logging_mixin.py:188} INFO - [2026-04-26T07:41:44.685+0000] {dag.py:3954} INFO - Setting next_dagrun for example_nested_branch_dag to 2026-04-25 00:00:00+00:00, run_after=2026-04-26 00:00:00+00:00
[2026-04-26T07:41:44.704+0000] {processor.py:183} INFO - Processing /usr/local/python/3.12.1/lib/python3.12/site-packages/airflow/example_dags/example_nested_branch_dag.py took 0.062 seconds
[2026-04-26T07:41:46.329+0000] {processor.py:161} INFO - Started process (PID=39745) to work on /usr/local/python/3.12.1/lib/python3.12/site-packages/airflow/example_dags/example_nested_branch_dag.py
[2026-04-26T07:41:46.329+0000] {processor.py:830} INFO - Processing file /usr/local/python/3.12.1/lib/python3.12/site-packages/airflow/example_dags/example_nested_branch_dag.py for tasks to queue
[2026-04-26T07:41:46.330+0000] {logging_mixin.py:188} INFO - [2026-04-26T07:41:46.330+0000] {dagbag.py:540} INFO - Filling up the DagBag from /usr/local/python/3.12.1/lib/python3.12/site-packages/airflow/example_dags/example_nested_branch_dag.py
[2026-04-26T07:41:46.339+0000] {processor.py:840} INFO - DAG(s) 'example_nested_branch_dag' retrieved from /usr/local/python/3.12.1/lib/python3.12/site-packages/airflow/example_dags/example_nested_branch_dag.py
[2026-04-26T07:41:46.352+0000] {logging_mixin.py:188} INFO - [2026-04-26T07:41:46.352+0000] {dag.py:3096} INFO - Sync 1 DAGs
[2026-04-26T07:41:46.368+0000] {logging_mixin.py:188} INFO - [2026-04-26T07:41:46.368+0000] {dag.py:3954} INFO - Setting next_dagrun for example_nested_branch_dag to 2026-04-25 00:00:00+00:00, run_after=2026-04-26 00:00:00+00:00
[2026-04-26T07:41:46.384+0000] {processor.py:183} INFO - Processing /usr/local/python/3.12.1/lib/python3.12/site-packages/airflow/example_dags/example_nested_branch_dag.py took 0.060 seconds
[2026-04-26T07:42:22.240+0000] {processor.py:161} INFO - Started process (PID=40110) to work on /usr/local/python/3.12.1/lib/python3.12/site-packages/airflow/example_dags/example_nested_branch_dag.py
[2026-04-26T07:42:22.241+0000] {processor.py:830} INFO - Processing file /usr/local/python/3.12.1/lib/python3.12/site-packages/airflow/example_dags/example_nested_branch_dag.py for tasks to queue
[2026-04-26T07:42:22.243+0000] {logging_mixin.py:188} INFO - [2026-04-26T07:42:22.242+0000] {dagbag.py:540} INFO - Filling up the DagBag from /usr/local/python/3.12.1/lib/python3.12/site-packages/airflow/example_dags/example_nested_branch_dag.py
[2026-04-26T07:42:22.256+0000] {processor.py:840} INFO - DAG(s) 'example_nested_branch_dag' retrieved from /usr/local/python/3.12.1/lib/python3.12/site-packages/airflow/example_dags/example_nested_branch_dag.py
[2026-04-26T07:42:22.276+0000] {logging_mixin.py:188} INFO - [2026-04-26T07:42:22.276+0000] {dag.py:3096} INFO - Sync 1 DAGs
[2026-04-26T07:42:22.317+0000] {logging_mixin.py:188} INFO - [2026-04-26T07:42:22.317+0000] {dag.py:3954} INFO - Setting next_dagrun for example_nested_branch_dag to 2026-04-25 00:00:00+00:00, run_after=2026-04-26 00:00:00+00:00
[2026-04-26T07:42:22.339+0000] {processor.py:183} INFO - Processing /usr/local/python/3.12.1/lib/python3.12/site-packages/airflow/example_dags/example_nested_branch_dag.py took 0.105 seconds
[2026-04-26T07:42:37.277+0000] {processor.py:161} INFO - Started process (PID=40242) to work on /usr/local/python/3.12.1/lib/python3.12/site-packages/airflow/example_dags/example_nested_branch_dag.py
[2026-04-26T07:42:37.278+0000] {processor.py:830} INFO - Processing file /usr/local/python/3.12.1/lib/python3.12/site-packages/airflow/example_dags/example_nested_branch_dag.py for tasks to queue
[2026-04-26T07:42:37.279+0000] {logging_mixin.py:188} INFO - [2026-04-26T07:42:37.279+0000] {dagbag.py:540} INFO - Filling up the DagBag from /usr/local/python/3.12.1/lib/python3.12/site-packages/airflow/example_dags/example_nested_branch_dag.py
[2026-04-26T07:42:37.287+0000] {processor.py:840} INFO - DAG(s) 'example_nested_branch_dag' retrieved from /usr/local/python/3.12.1/lib/python3.12/site-packages/airflow/example_dags/example_nested_branch_dag.py
[2026-04-26T07:42:37.300+0000] {logging_mixin.py:188} INFO - [2026-04-26T07:42:37.300+0000] {dag.py:3096} INFO - Sync 1 DAGs
[2026-04-26T07:42:37.316+0000] {logging_mixin.py:188} INFO - [2026-04-26T07:42:37.316+0000] {dag.py:3954} INFO - Setting next_dagrun for example_nested_branch_dag to 2026-04-25 00:00:00+00:00, run_after=2026-04-26 00:00:00+00:00
[2026-04-26T07:42:37.333+0000] {processor.py:183} INFO - Processing /usr/local/python/3.12.1/lib/python3.12/site-packages/airflow/example_dags/example_nested_branch_dag.py took 0.061 seconds
[2026-04-26T07:42:49.007+0000] {processor.py:161} INFO - Started process (PID=40344) to work on /usr/local/python/3.12.1/lib/python3.12/site-packages/airflow/example_dags/example_nested_branch_dag.py
[2026-04-26T07:42:49.007+0000] {processor.py:830} INFO - Processing file /usr/local/python/3.12.1/lib/python3.12/site-packages/airflow/example_dags/example_nested_branch_dag.py for tasks to queue
[2026-04-26T07:42:49.008+0000] {logging_mixin.py:188} INFO - [2026-04-26T07:42:49.008+0000] {dagbag.py:540} INFO - Filling up the DagBag from /usr/local/python/3.12.1/lib/python3.12/site-packages/airflow/example_dags/example_nested_branch_dag.py
[2026-04-26T07:42:49.017+0000] {processor.py:840} INFO - DAG(s) 'example_nested_branch_dag' retrieved from /usr/local/python/3.12.1/lib/python3.12/site-packages/airflow/example_dags/example_nested_branch_dag.py
[2026-04-26T07:42:49.029+0000] {logging_mixin.py:188} INFO - [2026-04-26T07:42:49.029+0000] {dag.py:3096} INFO - Sync 1 DAGs
[2026-04-26T07:42:49.045+0000] {logging_mixin.py:188} INFO - [2026-04-26T07:42:49.044+0000] {dag.py:3954} INFO - Setting next_dagrun for example_nested_branch_dag to 2026-04-25 00:00:00+00:00, run_after=2026-04-26 00:00:00+00:00
[2026-04-26T07:42:49.062+0000] {processor.py:183} INFO - Processing /usr/local/python/3.12.1/lib/python3.12/site-packages/airflow/example_dags/example_nested_branch_dag.py took 0.060 seconds
[2026-04-26T07:43:21.840+0000] {processor.py:161} INFO - Started process (PID=40637) to work on /usr/local/python/3.12.1/lib/python3.12/site-packages/airflow/example_dags/example_nested_branch_dag.py
[2026-04-26T07:43:21.842+0000] {processor.py:830} INFO - Processing file /usr/local/python/3.12.1/lib/python3.12/site-packages/airflow/example_dags/example_nested_branch_dag.py for tasks to queue
[2026-04-26T07:43:21.843+0000] {logging_mixin.py:188} INFO - [2026-04-26T07:43:21.842+0000] {dagbag.py:540} INFO - Filling up the DagBag from /usr/local/python/3.12.1/lib/python3.12/site-packages/airflow/example_dags/example_nested_branch_dag.py
[2026-04-26T07:43:21.857+0000] {processor.py:840} INFO - DAG(s) 'example_nested_branch_dag' retrieved from /usr/local/python/3.12.1/lib/python3.12/site-packages/airflow/example_dags/example_nested_branch_dag.py
[2026-04-26T07:43:21.885+0000] {logging_mixin.py:188} INFO - [2026-04-26T07:43:21.885+0000] {dag.py:3096} INFO - Sync 1 DAGs
[2026-04-26T07:43:21.920+0000] {logging_mixin.py:188} INFO - [2026-04-26T07:43:21.920+0000] {dag.py:3954} INFO - Setting next_dagrun for example_nested_branch_dag to 2026-04-25 00:00:00+00:00, run_after=2026-04-26 00:00:00+00:00
[2026-04-26T07:43:21.944+0000] {processor.py:183} INFO - Processing /usr/local/python/3.12.1/lib/python3.12/site-packages/airflow/example_dags/example_nested_branch_dag.py took 0.111 seconds
[2026-04-26T07:43:44.400+0000] {processor.py:161} INFO - Started process (PID=41404) to work on /usr/local/python/3.12.1/lib/python3.12/site-packages/airflow/example_dags/example_nested_branch_dag.py
[2026-04-26T07:43:44.401+0000] {processor.py:830} INFO - Processing file /usr/local/python/3.12.1/lib/python3.12/site-packages/airflow/example_dags/example_nested_branch_dag.py for tasks to queue
[2026-04-26T07:43:44.402+0000] {logging_mixin.py:188} INFO - [2026-04-26T07:43:44.401+0000] {dagbag.py:540} INFO - Filling up the DagBag from /usr/local/python/3.12.1/lib/python3.12/site-packages/airflow/example_dags/example_nested_branch_dag.py
[2026-04-26T07:43:44.415+0000] {processor.py:840} INFO - DAG(s) 'example_nested_branch_dag' retrieved from /usr/local/python/3.12.1/lib/python3.12/site-packages/airflow/example_dags/example_nested_branch_dag.py
[2026-04-26T07:43:44.461+0000] {logging_mixin.py:188} INFO - [2026-04-26T07:43:44.461+0000] {dag.py:3096} INFO - Sync 1 DAGs
[2026-04-26T07:43:44.493+0000] {logging_mixin.py:188} INFO - [2026-04-26T07:43:44.492+0000] {dag.py:3954} INFO - Setting next_dagrun for example_nested_branch_dag to 2026-04-25 00:00:00+00:00, run_after=2026-04-26 00:00:00+00:00
[2026-04-26T07:43:44.637+0000] {processor.py:183} INFO - Processing /usr/local/python/3.12.1/lib/python3.12/site-packages/airflow/example_dags/example_nested_branch_dag.py took 0.244 seconds
[2026-04-26T07:44:04.717+0000] {processor.py:161} INFO - Started process (PID=42226) to work on /usr/local/python/3.12.1/lib/python3.12/site-packages/airflow/example_dags/example_nested_branch_dag.py
[2026-04-26T07:44:04.733+0000] {processor.py:830} INFO - Processing file /usr/local/python/3.12.1/lib/python3.12/site-packages/airflow/example_dags/example_nested_branch_dag.py for tasks to queue
[2026-04-26T07:44:04.739+0000] {logging_mixin.py:188} INFO - [2026-04-26T07:44:04.739+0000] {dagbag.py:540} INFO - Filling up the DagBag from /usr/local/python/3.12.1/lib/python3.12/site-packages/airflow/example_dags/example_nested_branch_dag.py
[2026-04-26T07:44:04.779+0000] {processor.py:840} INFO - DAG(s) 'example_nested_branch_dag' retrieved from /usr/local/python/3.12.1/lib/python3.12/site-packages/airflow/example_dags/example_nested_branch_dag.py
[2026-04-26T07:44:04.865+0000] {logging_mixin.py:188} INFO - [2026-04-26T07:44:04.861+0000] {dag.py:3096} INFO - Sync 1 DAGs
[2026-04-26T07:44:04.999+0000] {logging_mixin.py:188} INFO - [2026-04-26T07:44:04.998+0000] {dag.py:3954} INFO - Setting next_dagrun for example_nested_branch_dag to 2026-04-25 00:00:00+00:00, run_after=2026-04-26 00:00:00+00:00
[2026-04-26T07:44:05.059+0000] {processor.py:183} INFO - Processing /usr/local/python/3.12.1/lib/python3.12/site-packages/airflow/example_dags/example_nested_branch_dag.py took 0.356 seconds
[2026-04-26T07:44:32.541+0000] {processor.py:161} INFO - Started process (PID=43505) to work on /usr/local/python/3.12.1/lib/python3.12/site-packages/airflow/example_dags/example_nested_branch_dag.py
[2026-04-26T07:44:32.547+0000] {processor.py:830} INFO - Processing file /usr/local/python/3.12.1/lib/python3.12/site-packages/airflow/example_dags/example_nested_branch_dag.py for tasks to queue
[2026-04-26T07:44:32.550+0000] {logging_mixin.py:188} INFO - [2026-04-26T07:44:32.550+0000] {dagbag.py:540} INFO - Filling up the DagBag from /usr/local/python/3.12.1/lib/python3.12/site-packages/airflow/example_dags/example_nested_branch_dag.py
[2026-04-26T07:44:32.586+0000] {processor.py:840} INFO - DAG(s) 'example_nested_branch_dag' retrieved from /usr/local/python/3.12.1/lib/python3.12/site-packages/airflow/example_dags/example_nested_branch_dag.py
[2026-04-26T07:44:32.760+0000] {logging_mixin.py:188} INFO - [2026-04-26T07:44:32.743+0000] {dag.py:3096} INFO - Sync 1 DAGs
[2026-04-26T07:44:32.954+0000] {logging_mixin.py:188} INFO - [2026-04-26T07:44:32.954+0000] {dag.py:3954} INFO - Setting next_dagrun for example_nested_branch_dag to 2026-04-25 00:00:00+00:00, run_after=2026-04-26 00:00:00+00:00
[2026-04-26T07:44:33.359+0000] {processor.py:183} INFO - Processing /usr/local/python/3.12.1/lib/python3.12/site-packages/airflow/example_dags/example_nested_branch_dag.py took 0.827 seconds
[2026-04-26T07:45:12.427+0000] {processor.py:161} INFO - Started process (PID=44311) to work on /usr/local/python/3.12.1/lib/python3.12/site-packages/airflow/example_dags/example_nested_branch_dag.py
[2026-04-26T07:45:12.429+0000] {processor.py:830} INFO - Processing file /usr/local/python/3.12.1/lib/python3.12/site-packages/airflow/example_dags/example_nested_branch_dag.py for tasks to queue
[2026-04-26T07:45:12.430+0000] {logging_mixin.py:188} INFO - [2026-04-26T07:45:12.429+0000] {dagbag.py:540} INFO - Filling up the DagBag from /usr/local/python/3.12.1/lib/python3.12/site-packages/airflow/example_dags/example_nested_branch_dag.py
[2026-04-26T07:45:12.438+0000] {processor.py:840} INFO - DAG(s) 'example_nested_branch_dag' retrieved from /usr/local/python/3.12.1/lib/python3.12/site-packages/airflow/example_dags/example_nested_branch_dag.py
[2026-04-26T07:45:12.452+0000] {logging_mixin.py:188} INFO - [2026-04-26T07:45:12.452+0000] {dag.py:3096} INFO - Sync 1 DAGs
[2026-04-26T07:45:12.473+0000] {logging_mixin.py:188} INFO - [2026-04-26T07:45:12.473+0000] {dag.py:3954} INFO - Setting next_dagrun for example_nested_branch_dag to 2026-04-25 00:00:00+00:00, run_after=2026-04-26 00:00:00+00:00
[2026-04-26T07:45:12.490+0000] {processor.py:183} INFO - Processing /usr/local/python/3.12.1/lib/python3.12/site-packages/airflow/example_dags/example_nested_branch_dag.py took 0.067 seconds
[2026-04-26T07:45:25.886+0000] {processor.py:161} INFO - Started process (PID=44461) to work on /usr/local/python/3.12.1/lib/python3.12/site-packages/airflow/example_dags/example_nested_branch_dag.py
[2026-04-26T07:45:25.887+0000] {processor.py:830} INFO - Processing file /usr/local/python/3.12.1/lib/python3.12/site-packages/airflow/example_dags/example_nested_branch_dag.py for tasks to queue
[2026-04-26T07:45:25.888+0000] {logging_mixin.py:188} INFO - [2026-04-26T07:45:25.887+0000] {dagbag.py:540} INFO - Filling up the DagBag from /usr/local/python/3.12.1/lib/python3.12/site-packages/airflow/example_dags/example_nested_branch_dag.py
[2026-04-26T07:45:25.896+0000] {processor.py:840} INFO - DAG(s) 'example_nested_branch_dag' retrieved from /usr/local/python/3.12.1/lib/python3.12/site-packages/airflow/example_dags/example_nested_branch_dag.py
[2026-04-26T07:45:25.908+0000] {logging_mixin.py:188} INFO - [2026-04-26T07:45:25.908+0000] {dag.py:3096} INFO - Sync 1 DAGs
[2026-04-26T07:45:25.925+0000] {logging_mixin.py:188} INFO - [2026-04-26T07:45:25.925+0000] {dag.py:3954} INFO - Setting next_dagrun for example_nested_branch_dag to 2026-04-25 00:00:00+00:00, run_after=2026-04-26 00:00:00+00:00
[2026-04-26T07:45:25.941+0000] {processor.py:183} INFO - Processing /usr/local/python/3.12.1/lib/python3.12/site-packages/airflow/example_dags/example_nested_branch_dag.py took 0.059 seconds
[2026-04-26T07:45:34.651+0000] {processor.py:161} INFO - Started process (PID=44530) to work on /usr/local/python/3.12.1/lib/python3.12/site-packages/airflow/example_dags/example_nested_branch_dag.py
[2026-04-26T07:45:34.652+0000] {processor.py:830} INFO - Processing file /usr/local/python/3.12.1/lib/python3.12/site-packages/airflow/example_dags/example_nested_branch_dag.py for tasks to queue
[2026-04-26T07:45:34.653+0000] {logging_mixin.py:188} INFO - [2026-04-26T07:45:34.652+0000] {dagbag.py:540} INFO - Filling up the DagBag from /usr/local/python/3.12.1/lib/python3.12/site-packages/airflow/example_dags/example_nested_branch_dag.py
[2026-04-26T07:45:34.663+0000] {processor.py:840} INFO - DAG(s) 'example_nested_branch_dag' retrieved from /usr/local/python/3.12.1/lib/python3.12/site-packages/airflow/example_dags/example_nested_branch_dag.py
[2026-04-26T07:45:34.679+0000] {logging_mixin.py:188} INFO - [2026-04-26T07:45:34.679+0000] {dag.py:3096} INFO - Sync 1 DAGs
[2026-04-26T07:45:34.698+0000] {logging_mixin.py:188} INFO - [2026-04-26T07:45:34.698+0000] {dag.py:3954} INFO - Setting next_dagrun for example_nested_branch_dag to 2026-04-25 00:00:00+00:00, run_after=2026-04-26 00:00:00+00:00
[2026-04-26T07:45:34.722+0000] {processor.py:183} INFO - Processing /usr/local/python/3.12.1/lib/python3.12/site-packages/airflow/example_dags/example_nested_branch_dag.py took 0.075 seconds
[2026-04-26T07:46:16.913+0000] {processor.py:161} INFO - Started process (PID=45223) to work on /usr/local/python/3.12.1/lib/python3.12/site-packages/airflow/example_dags/example_nested_branch_dag.py
[2026-04-26T07:46:16.914+0000] {processor.py:830} INFO - Processing file /usr/local/python/3.12.1/lib/python3.12/site-packages/airflow/example_dags/example_nested_branch_dag.py for tasks to queue
[2026-04-26T07:46:16.915+0000] {logging_mixin.py:188} INFO - [2026-04-26T07:46:16.914+0000] {dagbag.py:540} INFO - Filling up the DagBag from /usr/local/python/3.12.1/lib/python3.12/site-packages/airflow/example_dags/example_nested_branch_dag.py
[2026-04-26T07:46:16.925+0000] {processor.py:840} INFO - DAG(s) 'example_nested_branch_dag' retrieved from /usr/local/python/3.12.1/lib/python3.12/site-packages/airflow/example_dags/example_nested_branch_dag.py
[2026-04-26T07:46:17.020+0000] {logging_mixin.py:188} INFO - [2026-04-26T07:46:17.020+0000] {dag.py:3096} INFO - Sync 1 DAGs
[2026-04-26T07:46:17.034+0000] {logging_mixin.py:188} INFO - [2026-04-26T07:46:17.034+0000] {dag.py:3954} INFO - Setting next_dagrun for example_nested_branch_dag to 2026-04-25 00:00:00+00:00, run_after=2026-04-26 00:00:00+00:00
[2026-04-26T07:46:17.052+0000] {processor.py:183} INFO - Processing /usr/local/python/3.12.1/lib/python3.12/site-packages/airflow/example_dags/example_nested_branch_dag.py took 0.144 seconds
[2026-04-26T07:46:18.600+0000] {processor.py:161} INFO - Started process (PID=45236) to work on /usr/local/python/3.12.1/lib/python3.12/site-packages/airflow/example_dags/example_nested_branch_dag.py
[2026-04-26T07:46:18.601+0000] {processor.py:830} INFO - Processing file /usr/local/python/3.12.1/lib/python3.12/site-packages/airflow/example_dags/example_nested_branch_dag.py for tasks to queue
[2026-04-26T07:46:18.602+0000] {logging_mixin.py:188} INFO - [2026-04-26T07:46:18.601+0000] {dagbag.py:540} INFO - Filling up the DagBag from /usr/local/python/3.12.1/lib/python3.12/site-packages/airflow/example_dags/example_nested_branch_dag.py
[2026-04-26T07:46:18.614+0000] {processor.py:840} INFO - DAG(s) 'example_nested_branch_dag' retrieved from /usr/local/python/3.12.1/lib/python3.12/site-packages/airflow/example_dags/example_nested_branch_dag.py
[2026-04-26T07:46:18.622+0000] {logging_mixin.py:188} INFO - [2026-04-26T07:46:18.621+0000] {dag.py:3096} INFO - Sync 1 DAGs
[2026-04-26T07:46:18.639+0000] {logging_mixin.py:188} INFO - [2026-04-26T07:46:18.639+0000] {dag.py:3954} INFO - Setting next_dagrun for example_nested_branch_dag to 2026-04-25 00:00:00+00:00, run_after=2026-04-26 00:00:00+00:00
[2026-04-26T07:46:18.657+0000] {processor.py:183} INFO - Processing /usr/local/python/3.12.1/lib/python3.12/site-packages/airflow/example_dags/example_nested_branch_dag.py took 0.063 seconds
[2026-04-26T07:46:24.919+0000] {processor.py:161} INFO - Started process (PID=45290) to work on /usr/local/python/3.12.1/lib/python3.12/site-packages/airflow/example_dags/example_nested_branch_dag.py
[2026-04-26T07:46:24.920+0000] {processor.py:830} INFO - Processing file /usr/local/python/3.12.1/lib/python3.12/site-packages/airflow/example_dags/example_nested_branch_dag.py for tasks to queue
[2026-04-26T07:46:24.921+0000] {logging_mixin.py:188} INFO - [2026-04-26T07:46:24.921+0000] {dagbag.py:540} INFO - Filling up the DagBag from /usr/local/python/3.12.1/lib/python3.12/site-packages/airflow/example_dags/example_nested_branch_dag.py
[2026-04-26T07:46:24.929+0000] {processor.py:840} INFO - DAG(s) 'example_nested_branch_dag' retrieved from /usr/local/python/3.12.1/lib/python3.12/site-packages/airflow/example_dags/example_nested_branch_dag.py
[2026-04-26T07:46:24.934+0000] {logging_mixin.py:188} INFO - [2026-04-26T07:46:24.934+0000] {dag.py:3096} INFO - Sync 1 DAGs
[2026-04-26T07:46:24.959+0000] {logging_mixin.py:188} INFO - [2026-04-26T07:46:24.959+0000] {dag.py:3954} INFO - Setting next_dagrun for example_nested_branch_dag to 2026-04-25 00:00:00+00:00, run_after=2026-04-26 00:00:00+00:00
[2026-04-26T07:46:24.985+0000] {processor.py:183} INFO - Processing /usr/local/python/3.12.1/lib/python3.12/site-packages/airflow/example_dags/example_nested_branch_dag.py took 0.070 seconds
[2026-04-26T07:47:07.052+0000] {processor.py:161} INFO - Started process (PID=45801) to work on /usr/local/python/3.12.1/lib/python3.12/site-packages/airflow/example_dags/example_nested_branch_dag.py
[2026-04-26T07:47:07.053+0000] {processor.py:830} INFO - Processing file /usr/local/python/3.12.1/lib/python3.12/site-packages/airflow/example_dags/example_nested_branch_dag.py for tasks to queue
[2026-04-26T07:47:07.055+0000] {logging_mixin.py:188} INFO - [2026-04-26T07:47:07.054+0000] {dagbag.py:540} INFO - Filling up the DagBag from /usr/local/python/3.12.1/lib/python3.12/site-packages/airflow/example_dags/example_nested_branch_dag.py
[2026-04-26T07:47:07.093+0000] {processor.py:840} INFO - DAG(s) 'example_nested_branch_dag' retrieved from /usr/local/python/3.12.1/lib/python3.12/site-packages/airflow/example_dags/example_nested_branch_dag.py
[2026-04-26T07:47:07.113+0000] {logging_mixin.py:188} INFO - [2026-04-26T07:47:07.112+0000] {dag.py:3096} INFO - Sync 1 DAGs
[2026-04-26T07:47:07.135+0000] {logging_mixin.py:188} INFO - [2026-04-26T07:47:07.135+0000] {dag.py:3954} INFO - Setting next_dagrun for example_nested_branch_dag to 2026-04-25 00:00:00+00:00, run_after=2026-04-26 00:00:00+00:00
[2026-04-26T07:47:07.153+0000] {processor.py:183} INFO - Processing /usr/local/python/3.12.1/lib/python3.12/site-packages/airflow/example_dags/example_nested_branch_dag.py took 0.123 seconds
[2026-04-26T07:47:09.099+0000] {processor.py:161} INFO - Started process (PID=45817) to work on /usr/local/python/3.12.1/lib/python3.12/site-packages/airflow/example_dags/example_nested_branch_dag.py
[2026-04-26T07:47:09.100+0000] {processor.py:830} INFO - Processing file /usr/local/python/3.12.1/lib/python3.12/site-packages/airflow/example_dags/example_nested_branch_dag.py for tasks to queue
[2026-04-26T07:47:09.101+0000] {logging_mixin.py:188} INFO - [2026-04-26T07:47:09.101+0000] {dagbag.py:540} INFO - Filling up the DagBag from /usr/local/python/3.12.1/lib/python3.12/site-packages/airflow/example_dags/example_nested_branch_dag.py
[2026-04-26T07:47:09.113+0000] {processor.py:840} INFO - DAG(s) 'example_nested_branch_dag' retrieved from /usr/local/python/3.12.1/lib/python3.12/site-packages/airflow/example_dags/example_nested_branch_dag.py
[2026-04-26T07:47:09.135+0000] {logging_mixin.py:188} INFO - [2026-04-26T07:47:09.134+0000] {dag.py:3096} INFO - Sync 1 DAGs
[2026-04-26T07:47:09.153+0000] {logging_mixin.py:188} INFO - [2026-04-26T07:47:09.153+0000] {dag.py:3954} INFO - Setting next_dagrun for example_nested_branch_dag to 2026-04-25 00:00:00+00:00, run_after=2026-04-26 00:00:00+00:00
[2026-04-26T07:47:09.176+0000] {processor.py:183} INFO - Processing /usr/local/python/3.12.1/lib/python3.12/site-packages/airflow/example_dags/example_nested_branch_dag.py took 0.081 seconds
[2026-04-26T07:47:16.699+0000] {processor.py:161} INFO - Started process (PID=45876) to work on /usr/local/python/3.12.1/lib/python3.12/site-packages/airflow/example_dags/example_nested_branch_dag.py
[2026-04-26T07:47:16.700+0000] {processor.py:830} INFO - Processing file /usr/local/python/3.12.1/lib/python3.12/site-packages/airflow/example_dags/example_nested_branch_dag.py for tasks to queue
[2026-04-26T07:47:16.700+0000] {logging_mixin.py:188} INFO - [2026-04-26T07:47:16.700+0000] {dagbag.py:540} INFO - Filling up the DagBag from /usr/local/python/3.12.1/lib/python3.12/site-packages/airflow/example_dags/example_nested_branch_dag.py
[2026-04-26T07:47:16.708+0000] {processor.py:840} INFO - DAG(s) 'example_nested_branch_dag' retrieved from /usr/local/python/3.12.1/lib/python3.12/site-packages/airflow/example_dags/example_nested_branch_dag.py
[2026-04-26T07:47:16.727+0000] {logging_mixin.py:188} INFO - [2026-04-26T07:47:16.727+0000] {dag.py:3096} INFO - Sync 1 DAGs
[2026-04-26T07:47:16.746+0000] {logging_mixin.py:188} INFO - [2026-04-26T07:47:16.746+0000] {dag.py:3954} INFO - Setting next_dagrun for example_nested_branch_dag to 2026-04-25 00:00:00+00:00, run_after=2026-04-26 00:00:00+00:00
[2026-04-26T07:47:16.769+0000] {processor.py:183} INFO - Processing /usr/local/python/3.12.1/lib/python3.12/site-packages/airflow/example_dags/example_nested_branch_dag.py took 0.074 seconds
[2026-04-26T07:47:57.206+0000] {processor.py:161} INFO - Started process (PID=46410) to work on /usr/local/python/3.12.1/lib/python3.12/site-packages/airflow/example_dags/example_nested_branch_dag.py
[2026-04-26T07:47:57.207+0000] {processor.py:830} INFO - Processing file /usr/local/python/3.12.1/lib/python3.12/site-packages/airflow/example_dags/example_nested_branch_dag.py for tasks to queue
[2026-04-26T07:47:57.208+0000] {logging_mixin.py:188} INFO - [2026-04-26T07:47:57.207+0000] {dagbag.py:540} INFO - Filling up the DagBag from /usr/local/python/3.12.1/lib/python3.12/site-packages/airflow/example_dags/example_nested_branch_dag.py
[2026-04-26T07:47:57.216+0000] {processor.py:840} INFO - DAG(s) 'example_nested_branch_dag' retrieved from /usr/local/python/3.12.1/lib/python3.12/site-packages/airflow/example_dags/example_nested_branch_dag.py
[2026-04-26T07:47:57.231+0000] {logging_mixin.py:188} INFO - [2026-04-26T07:47:57.231+0000] {dag.py:3096} INFO - Sync 1 DAGs
[2026-04-26T07:47:57.248+0000] {logging_mixin.py:188} INFO - [2026-04-26T07:47:57.248+0000] {dag.py:3954} INFO - Setting next_dagrun for example_nested_branch_dag to 2026-04-25 00:00:00+00:00, run_after=2026-04-26 00:00:00+00:00
[2026-04-26T07:47:57.266+0000] {processor.py:183} INFO - Processing /usr/local/python/3.12.1/lib/python3.12/site-packages/airflow/example_dags/example_nested_branch_dag.py took 0.064 seconds
[2026-04-26T07:48:08.710+0000] {processor.py:161} INFO - Started process (PID=46509) to work on /usr/local/python/3.12.1/lib/python3.12/site-packages/airflow/example_dags/example_nested_branch_dag.py
[2026-04-26T07:48:08.711+0000] {processor.py:830} INFO - Processing file /usr/local/python/3.12.1/lib/python3.12/site-packages/airflow/example_dags/example_nested_branch_dag.py for tasks to queue
[2026-04-26T07:48:08.715+0000] {logging_mixin.py:188} INFO - [2026-04-26T07:48:08.714+0000] {dagbag.py:540} INFO - Filling up the DagBag from /usr/local/python/3.12.1/lib/python3.12/site-packages/airflow/example_dags/example_nested_branch_dag.py
[2026-04-26T07:48:08.727+0000] {processor.py:840} INFO - DAG(s) 'example_nested_branch_dag' retrieved from /usr/local/python/3.12.1/lib/python3.12/site-packages/airflow/example_dags/example_nested_branch_dag.py
[2026-04-26T07:48:08.747+0000] {logging_mixin.py:188} INFO - [2026-04-26T07:48:08.746+0000] {dag.py:3096} INFO - Sync 1 DAGs
[2026-04-26T07:48:08.769+0000] {logging_mixin.py:188} INFO - [2026-04-26T07:48:08.769+0000] {dag.py:3954} INFO - Setting next_dagrun for example_nested_branch_dag to 2026-04-25 00:00:00+00:00, run_after=2026-04-26 00:00:00+00:00
[2026-04-26T07:48:08.793+0000] {processor.py:183} INFO - Processing /usr/local/python/3.12.1/lib/python3.12/site-packages/airflow/example_dags/example_nested_branch_dag.py took 0.092 seconds
[2026-04-26T07:48:14.241+0000] {processor.py:161} INFO - Started process (PID=46562) to work on /usr/local/python/3.12.1/lib/python3.12/site-packages/airflow/example_dags/example_nested_branch_dag.py
[2026-04-26T07:48:14.241+0000] {processor.py:830} INFO - Processing file /usr/local/python/3.12.1/lib/python3.12/site-packages/airflow/example_dags/example_nested_branch_dag.py for tasks to queue
[2026-04-26T07:48:14.242+0000] {logging_mixin.py:188} INFO - [2026-04-26T07:48:14.242+0000] {dagbag.py:540} INFO - Filling up the DagBag from /usr/local/python/3.12.1/lib/python3.12/site-packages/airflow/example_dags/example_nested_branch_dag.py
[2026-04-26T07:48:14.253+0000] {processor.py:840} INFO - DAG(s) 'example_nested_branch_dag' retrieved from /usr/local/python/3.12.1/lib/python3.12/site-packages/airflow/example_dags/example_nested_branch_dag.py
[2026-04-26T07:48:14.270+0000] {logging_mixin.py:188} INFO - [2026-04-26T07:48:14.270+0000] {dag.py:3096} INFO - Sync 1 DAGs
[2026-04-26T07:48:14.288+0000] {logging_mixin.py:188} INFO - [2026-04-26T07:48:14.288+0000] {dag.py:3954} INFO - Setting next_dagrun for example_nested_branch_dag to 2026-04-25 00:00:00+00:00, run_after=2026-04-26 00:00:00+00:00
[2026-04-26T07:48:14.305+0000] {processor.py:183} INFO - Processing /usr/local/python/3.12.1/lib/python3.12/site-packages/airflow/example_dags/example_nested_branch_dag.py took 0.070 seconds
[2026-04-26T07:48:57.795+0000] {processor.py:161} INFO - Started process (PID=46985) to work on /usr/local/python/3.12.1/lib/python3.12/site-packages/airflow/example_dags/example_nested_branch_dag.py
[2026-04-26T07:48:57.796+0000] {processor.py:830} INFO - Processing file /usr/local/python/3.12.1/lib/python3.12/site-packages/airflow/example_dags/example_nested_branch_dag.py for tasks to queue
[2026-04-26T07:48:57.797+0000] {logging_mixin.py:188} INFO - [2026-04-26T07:48:57.797+0000] {dagbag.py:540} INFO - Filling up the DagBag from /usr/local/python/3.12.1/lib/python3.12/site-packages/airflow/example_dags/example_nested_branch_dag.py
[2026-04-26T07:48:57.809+0000] {processor.py:840} INFO - DAG(s) 'example_nested_branch_dag' retrieved from /usr/local/python/3.12.1/lib/python3.12/site-packages/airflow/example_dags/example_nested_branch_dag.py
[2026-04-26T07:48:57.829+0000] {logging_mixin.py:188} INFO - [2026-04-26T07:48:57.829+0000] {dag.py:3096} INFO - Sync 1 DAGs
[2026-04-26T07:48:57.851+0000] {logging_mixin.py:188} INFO - [2026-04-26T07:48:57.851+0000] {dag.py:3954} INFO - Setting next_dagrun for example_nested_branch_dag to 2026-04-25 00:00:00+00:00, run_after=2026-04-26 00:00:00+00:00
[2026-04-26T07:48:57.872+0000] {processor.py:183} INFO - Processing /usr/local/python/3.12.1/lib/python3.12/site-packages/airflow/example_dags/example_nested_branch_dag.py took 0.088 seconds
[2026-04-26T07:49:03.306+0000] {processor.py:161} INFO - Started process (PID=47036) to work on /usr/local/python/3.12.1/lib/python3.12/site-packages/airflow/example_dags/example_nested_branch_dag.py
[2026-04-26T07:49:03.307+0000] {processor.py:830} INFO - Processing file /usr/local/python/3.12.1/lib/python3.12/site-packages/airflow/example_dags/example_nested_branch_dag.py for tasks to queue
[2026-04-26T07:49:03.308+0000] {logging_mixin.py:188} INFO - [2026-04-26T07:49:03.307+0000] {dagbag.py:540} INFO - Filling up the DagBag from /usr/local/python/3.12.1/lib/python3.12/site-packages/airflow/example_dags/example_nested_branch_dag.py
[2026-04-26T07:49:03.321+0000] {processor.py:840} INFO - DAG(s) 'example_nested_branch_dag' retrieved from /usr/local/python/3.12.1/lib/python3.12/site-packages/airflow/example_dags/example_nested_branch_dag.py
[2026-04-26T07:49:03.344+0000] {logging_mixin.py:188} INFO - [2026-04-26T07:49:03.344+0000] {dag.py:3096} INFO - Sync 1 DAGs
[2026-04-26T07:49:03.378+0000] {logging_mixin.py:188} INFO - [2026-04-26T07:49:03.378+0000] {dag.py:3954} INFO - Setting next_dagrun for example_nested_branch_dag to 2026-04-25 00:00:00+00:00, run_after=2026-04-26 00:00:00+00:00
[2026-04-26T07:49:03.405+0000] {processor.py:183} INFO - Processing /usr/local/python/3.12.1/lib/python3.12/site-packages/airflow/example_dags/example_nested_branch_dag.py took 0.103 seconds
[2026-04-26T07:49:13.049+0000] {processor.py:161} INFO - Started process (PID=47114) to work on /usr/local/python/3.12.1/lib/python3.12/site-packages/airflow/example_dags/example_nested_branch_dag.py
[2026-04-26T07:49:13.050+0000] {processor.py:830} INFO - Processing file /usr/local/python/3.12.1/lib/python3.12/site-packages/airflow/example_dags/example_nested_branch_dag.py for tasks to queue
[2026-04-26T07:49:13.051+0000] {logging_mixin.py:188} INFO - [2026-04-26T07:49:13.051+0000] {dagbag.py:540} INFO - Filling up the DagBag from /usr/local/python/3.12.1/lib/python3.12/site-packages/airflow/example_dags/example_nested_branch_dag.py
[2026-04-26T07:49:13.062+0000] {processor.py:840} INFO - DAG(s) 'example_nested_branch_dag' retrieved from /usr/local/python/3.12.1/lib/python3.12/site-packages/airflow/example_dags/example_nested_branch_dag.py
[2026-04-26T07:49:13.081+0000] {logging_mixin.py:188} INFO - [2026-04-26T07:49:13.081+0000] {dag.py:3096} INFO - Sync 1 DAGs
[2026-04-26T07:49:13.097+0000] {logging_mixin.py:188} INFO - [2026-04-26T07:49:13.097+0000] {dag.py:3954} INFO - Setting next_dagrun for example_nested_branch_dag to 2026-04-25 00:00:00+00:00, run_after=2026-04-26 00:00:00+00:00
[2026-04-26T07:49:13.113+0000] {processor.py:183} INFO - Processing /usr/local/python/3.12.1/lib/python3.12/site-packages/airflow/example_dags/example_nested_branch_dag.py took 0.068 seconds
[2026-04-26T07:49:58.610+0000] {processor.py:161} INFO - Started process (PID=47575) to work on /usr/local/python/3.12.1/lib/python3.12/site-packages/airflow/example_dags/example_nested_branch_dag.py
[2026-04-26T07:49:58.611+0000] {processor.py:830} INFO - Processing file /usr/local/python/3.12.1/lib/python3.12/site-packages/airflow/example_dags/example_nested_branch_dag.py for tasks to queue
[2026-04-26T07:49:58.612+0000] {logging_mixin.py:188} INFO - [2026-04-26T07:49:58.612+0000] {dagbag.py:540} INFO - Filling up the DagBag from /usr/local/python/3.12.1/lib/python3.12/site-packages/airflow/example_dags/example_nested_branch_dag.py
[2026-04-26T07:49:58.625+0000] {processor.py:840} INFO - DAG(s) 'example_nested_branch_dag' retrieved from /usr/local/python/3.12.1/lib/python3.12/site-packages/airflow/example_dags/example_nested_branch_dag.py
[2026-04-26T07:49:58.647+0000] {logging_mixin.py:188} INFO - [2026-04-26T07:49:58.646+0000] {dag.py:3096} INFO - Sync 1 DAGs
[2026-04-26T07:49:58.690+0000] {logging_mixin.py:188} INFO - [2026-04-26T07:49:58.690+0000] {dag.py:3954} INFO - Setting next_dagrun for example_nested_branch_dag to 2026-04-25 00:00:00+00:00, run_after=2026-04-26 00:00:00+00:00
[2026-04-26T07:49:58.710+0000] {processor.py:183} INFO - Processing /usr/local/python/3.12.1/lib/python3.12/site-packages/airflow/example_dags/example_nested_branch_dag.py took 0.106 seconds
[2026-04-26T07:50:04.817+0000] {processor.py:161} INFO - Started process (PID=47636) to work on /usr/local/python/3.12.1/lib/python3.12/site-packages/airflow/example_dags/example_nested_branch_dag.py
[2026-04-26T07:50:04.818+0000] {processor.py:830} INFO - Processing file /usr/local/python/3.12.1/lib/python3.12/site-packages/airflow/example_dags/example_nested_branch_dag.py for tasks to queue
[2026-04-26T07:50:04.819+0000] {logging_mixin.py:188} INFO - [2026-04-26T07:50:04.819+0000] {dagbag.py:540} INFO - Filling up the DagBag from /usr/local/python/3.12.1/lib/python3.12/site-packages/airflow/example_dags/example_nested_branch_dag.py
[2026-04-26T07:50:04.828+0000] {processor.py:840} INFO - DAG(s) 'example_nested_branch_dag' retrieved from /usr/local/python/3.12.1/lib/python3.12/site-packages/airflow/example_dags/example_nested_branch_dag.py
[2026-04-26T07:50:04.843+0000] {logging_mixin.py:188} INFO - [2026-04-26T07:50:04.843+0000] {dag.py:3096} INFO - Sync 1 DAGs
[2026-04-26T07:50:04.861+0000] {logging_mixin.py:188} INFO - [2026-04-26T07:50:04.861+0000] {dag.py:3954} INFO - Setting next_dagrun for example_nested_branch_dag to 2026-04-25 00:00:00+00:00, run_after=2026-04-26 00:00:00+00:00
[2026-04-26T07:50:04.882+0000] {processor.py:183} INFO - Processing /usr/local/python/3.12.1/lib/python3.12/site-packages/airflow/example_dags/example_nested_branch_dag.py took 0.071 seconds
[2026-04-26T07:50:18.324+0000] {processor.py:161} INFO - Started process (PID=47806) to work on /usr/local/python/3.12.1/lib/python3.12/site-packages/airflow/example_dags/example_nested_branch_dag.py
[2026-04-26T07:50:18.325+0000] {processor.py:830} INFO - Processing file /usr/local/python/3.12.1/lib/python3.12/site-packages/airflow/example_dags/example_nested_branch_dag.py for tasks to queue
[2026-04-26T07:50:18.326+0000] {logging_mixin.py:188} INFO - [2026-04-26T07:50:18.326+0000] {dagbag.py:540} INFO - Filling up the DagBag from /usr/local/python/3.12.1/lib/python3.12/site-packages/airflow/example_dags/example_nested_branch_dag.py
[2026-04-26T07:50:18.334+0000] {processor.py:840} INFO - DAG(s) 'example_nested_branch_dag' retrieved from /usr/local/python/3.12.1/lib/python3.12/site-packages/airflow/example_dags/example_nested_branch_dag.py
[2026-04-26T07:50:18.347+0000] {logging_mixin.py:188} INFO - [2026-04-26T07:50:18.347+0000] {dag.py:3096} INFO - Sync 1 DAGs
[2026-04-26T07:50:18.365+0000] {logging_mixin.py:188} INFO - [2026-04-26T07:50:18.364+0000] {dag.py:3954} INFO - Setting next_dagrun for example_nested_branch_dag to 2026-04-25 00:00:00+00:00, run_after=2026-04-26 00:00:00+00:00
[2026-04-26T07:50:18.382+0000] {processor.py:183} INFO - Processing /usr/local/python/3.12.1/lib/python3.12/site-packages/airflow/example_dags/example_nested_branch_dag.py took 0.062 seconds
[2026-04-26T07:51:03.281+0000] {processor.py:161} INFO - Started process (PID=48461) to work on /usr/local/python/3.12.1/lib/python3.12/site-packages/airflow/example_dags/example_nested_branch_dag.py
[2026-04-26T07:51:03.282+0000] {processor.py:830} INFO - Processing file /usr/local/python/3.12.1/lib/python3.12/site-packages/airflow/example_dags/example_nested_branch_dag.py for tasks to queue
[2026-04-26T07:51:03.283+0000] {logging_mixin.py:188} INFO - [2026-04-26T07:51:03.282+0000] {dagbag.py:540} INFO - Filling up the DagBag from /usr/local/python/3.12.1/lib/python3.12/site-packages/airflow/example_dags/example_nested_branch_dag.py
[2026-04-26T07:51:03.291+0000] {processor.py:840} INFO - DAG(s) 'example_nested_branch_dag' retrieved from /usr/local/python/3.12.1/lib/python3.12/site-packages/airflow/example_dags/example_nested_branch_dag.py
[2026-04-26T07:51:03.305+0000] {logging_mixin.py:188} INFO - [2026-04-26T07:51:03.304+0000] {dag.py:3096} INFO - Sync 1 DAGs
[2026-04-26T07:51:03.321+0000] {logging_mixin.py:188} INFO - [2026-04-26T07:51:03.320+0000] {dag.py:3954} INFO - Setting next_dagrun for example_nested_branch_dag to 2026-04-25 00:00:00+00:00, run_after=2026-04-26 00:00:00+00:00
[2026-04-26T07:51:03.336+0000] {processor.py:183} INFO - Processing /usr/local/python/3.12.1/lib/python3.12/site-packages/airflow/example_dags/example_nested_branch_dag.py took 0.059 seconds
[2026-04-26T07:51:10.951+0000] {processor.py:161} INFO - Started process (PID=48534) to work on /usr/local/python/3.12.1/lib/python3.12/site-packages/airflow/example_dags/example_nested_branch_dag.py
[2026-04-26T07:51:10.952+0000] {processor.py:830} INFO - Processing file /usr/local/python/3.12.1/lib/python3.12/site-packages/airflow/example_dags/example_nested_branch_dag.py for tasks to queue
[2026-04-26T07:51:10.952+0000] {logging_mixin.py:188} INFO - [2026-04-26T07:51:10.952+0000] {dagbag.py:540} INFO - Filling up the DagBag from /usr/local/python/3.12.1/lib/python3.12/site-packages/airflow/example_dags/example_nested_branch_dag.py
[2026-04-26T07:51:10.962+0000] {processor.py:840} INFO - DAG(s) 'example_nested_branch_dag' retrieved from /usr/local/python/3.12.1/lib/python3.12/site-packages/airflow/example_dags/example_nested_branch_dag.py
[2026-04-26T07:51:10.977+0000] {logging_mixin.py:188} INFO - [2026-04-26T07:51:10.977+0000] {dag.py:3096} INFO - Sync 1 DAGs
[2026-04-26T07:51:10.993+0000] {logging_mixin.py:188} INFO - [2026-04-26T07:51:10.993+0000] {dag.py:3954} INFO - Setting next_dagrun for example_nested_branch_dag to 2026-04-25 00:00:00+00:00, run_after=2026-04-26 00:00:00+00:00
[2026-04-26T07:51:11.010+0000] {processor.py:183} INFO - Processing /usr/local/python/3.12.1/lib/python3.12/site-packages/airflow/example_dags/example_nested_branch_dag.py took 0.063 seconds
[2026-04-26T07:51:25.394+0000] {processor.py:161} INFO - Started process (PID=48657) to work on /usr/local/python/3.12.1/lib/python3.12/site-packages/airflow/example_dags/example_nested_branch_dag.py
[2026-04-26T07:51:25.394+0000] {processor.py:830} INFO - Processing file /usr/local/python/3.12.1/lib/python3.12/site-packages/airflow/example_dags/example_nested_branch_dag.py for tasks to queue
[2026-04-26T07:51:25.395+0000] {logging_mixin.py:188} INFO - [2026-04-26T07:51:25.395+0000] {dagbag.py:540} INFO - Filling up the DagBag from /usr/local/python/3.12.1/lib/python3.12/site-packages/airflow/example_dags/example_nested_branch_dag.py
[2026-04-26T07:51:25.407+0000] {processor.py:840} INFO - DAG(s) 'example_nested_branch_dag' retrieved from /usr/local/python/3.12.1/lib/python3.12/site-packages/airflow/example_dags/example_nested_branch_dag.py
[2026-04-26T07:51:25.429+0000] {logging_mixin.py:188} INFO - [2026-04-26T07:51:25.428+0000] {dag.py:3096} INFO - Sync 1 DAGs
[2026-04-26T07:51:25.452+0000] {logging_mixin.py:188} INFO - [2026-04-26T07:51:25.452+0000] {dag.py:3954} INFO - Setting next_dagrun for example_nested_branch_dag to 2026-04-25 00:00:00+00:00, run_after=2026-04-26 00:00:00+00:00
[2026-04-26T07:51:25.481+0000] {processor.py:183} INFO - Processing /usr/local/python/3.12.1/lib/python3.12/site-packages/airflow/example_dags/example_nested_branch_dag.py took 0.093 seconds
[2026-04-26T07:52:09.226+0000] {processor.py:161} INFO - Started process (PID=49191) to work on /usr/local/python/3.12.1/lib/python3.12/site-packages/airflow/example_dags/example_nested_branch_dag.py
[2026-04-26T07:52:09.227+0000] {processor.py:830} INFO - Processing file /usr/local/python/3.12.1/lib/python3.12/site-packages/airflow/example_dags/example_nested_branch_dag.py for tasks to queue
[2026-04-26T07:52:09.228+0000] {logging_mixin.py:188} INFO - [2026-04-26T07:52:09.228+0000] {dagbag.py:540} INFO - Filling up the DagBag from /usr/local/python/3.12.1/lib/python3.12/site-packages/airflow/example_dags/example_nested_branch_dag.py
[2026-04-26T07:52:09.236+0000] {processor.py:840} INFO - DAG(s) 'example_nested_branch_dag' retrieved from /usr/local/python/3.12.1/lib/python3.12/site-packages/airflow/example_dags/example_nested_branch_dag.py
[2026-04-26T07:52:09.250+0000] {logging_mixin.py:188} INFO - [2026-04-26T07:52:09.249+0000] {dag.py:3096} INFO - Sync 1 DAGs
[2026-04-26T07:52:09.270+0000] {logging_mixin.py:188} INFO - [2026-04-26T07:52:09.270+0000] {dag.py:3954} INFO - Setting next_dagrun for example_nested_branch_dag to 2026-04-25 00:00:00+00:00, run_after=2026-04-26 00:00:00+00:00
[2026-04-26T07:52:09.288+0000] {processor.py:183} INFO - Processing /usr/local/python/3.12.1/lib/python3.12/site-packages/airflow/example_dags/example_nested_branch_dag.py took 0.066 seconds
[2026-04-26T07:52:11.904+0000] {processor.py:161} INFO - Started process (PID=49209) to work on /usr/local/python/3.12.1/lib/python3.12/site-packages/airflow/example_dags/example_nested_branch_dag.py
[2026-04-26T07:52:11.905+0000] {processor.py:830} INFO - Processing file /usr/local/python/3.12.1/lib/python3.12/site-packages/airflow/example_dags/example_nested_branch_dag.py for tasks to queue
[2026-04-26T07:52:11.906+0000] {logging_mixin.py:188} INFO - [2026-04-26T07:52:11.905+0000] {dagbag.py:540} INFO - Filling up the DagBag from /usr/local/python/3.12.1/lib/python3.12/site-packages/airflow/example_dags/example_nested_branch_dag.py
[2026-04-26T07:52:11.914+0000] {processor.py:840} INFO - DAG(s) 'example_nested_branch_dag' retrieved from /usr/local/python/3.12.1/lib/python3.12/site-packages/airflow/example_dags/example_nested_branch_dag.py
[2026-04-26T07:52:11.928+0000] {logging_mixin.py:188} INFO - [2026-04-26T07:52:11.928+0000] {dag.py:3096} INFO - Sync 1 DAGs
[2026-04-26T07:52:11.947+0000] {logging_mixin.py:188} INFO - [2026-04-26T07:52:11.947+0000] {dag.py:3954} INFO - Setting next_dagrun for example_nested_branch_dag to 2026-04-25 00:00:00+00:00, run_after=2026-04-26 00:00:00+00:00
[2026-04-26T07:52:11.966+0000] {processor.py:183} INFO - Processing /usr/local/python/3.12.1/lib/python3.12/site-packages/airflow/example_dags/example_nested_branch_dag.py took 0.068 seconds
[2026-04-26T07:52:23.857+0000] {processor.py:161} INFO - Started process (PID=49320) to work on /usr/local/python/3.12.1/lib/python3.12/site-packages/airflow/example_dags/example_nested_branch_dag.py
[2026-04-26T07:52:23.858+0000] {processor.py:830} INFO - Processing file /usr/local/python/3.12.1/lib/python3.12/site-packages/airflow/example_dags/example_nested_branch_dag.py for tasks to queue
[2026-04-26T07:52:23.859+0000] {logging_mixin.py:188} INFO - [2026-04-26T07:52:23.859+0000] {dagbag.py:540} INFO - Filling up the DagBag from /usr/local/python/3.12.1/lib/python3.12/site-packages/airflow/example_dags/example_nested_branch_dag.py
[2026-04-26T07:52:23.869+0000] {processor.py:840} INFO - DAG(s) 'example_nested_branch_dag' retrieved from /usr/local/python/3.12.1/lib/python3.12/site-packages/airflow/example_dags/example_nested_branch_dag.py
[2026-04-26T07:52:23.888+0000] {logging_mixin.py:188} INFO - [2026-04-26T07:52:23.887+0000] {dag.py:3096} INFO - Sync 1 DAGs
[2026-04-26T07:52:23.906+0000] {logging_mixin.py:188} INFO - [2026-04-26T07:52:23.906+0000] {dag.py:3954} INFO - Setting next_dagrun for example_nested_branch_dag to 2026-04-25 00:00:00+00:00, run_after=2026-04-26 00:00:00+00:00
[2026-04-26T07:52:23.924+0000] {processor.py:183} INFO - Processing /usr/local/python/3.12.1/lib/python3.12/site-packages/airflow/example_dags/example_nested_branch_dag.py took 0.071 seconds
[2026-04-26T07:53:14.586+0000] {processor.py:161} INFO - Started process (PID=50274) to work on /usr/local/python/3.12.1/lib/python3.12/site-packages/airflow/example_dags/example_nested_branch_dag.py
[2026-04-26T07:53:14.587+0000] {processor.py:830} INFO - Processing file /usr/local/python/3.12.1/lib/python3.12/site-packages/airflow/example_dags/example_nested_branch_dag.py for tasks to queue
[2026-04-26T07:53:14.588+0000] {logging_mixin.py:188} INFO - [2026-04-26T07:53:14.587+0000] {dagbag.py:540} INFO - Filling up the DagBag from /usr/local/python/3.12.1/lib/python3.12/site-packages/airflow/example_dags/example_nested_branch_dag.py
[2026-04-26T07:53:14.601+0000] {processor.py:840} INFO - DAG(s) 'example_nested_branch_dag' retrieved from /usr/local/python/3.12.1/lib/python3.12/site-packages/airflow/example_dags/example_nested_branch_dag.py
[2026-04-26T07:53:14.622+0000] {logging_mixin.py:188} INFO - [2026-04-26T07:53:14.622+0000] {dag.py:3096} INFO - Sync 1 DAGs
[2026-04-26T07:53:14.646+0000] {logging_mixin.py:188} INFO - [2026-04-26T07:53:14.645+0000] {dag.py:3954} INFO - Setting next_dagrun for example_nested_branch_dag to 2026-04-25 00:00:00+00:00, run_after=2026-04-26 00:00:00+00:00
[2026-04-26T07:53:14.668+0000] {processor.py:183} INFO - Processing /usr/local/python/3.12.1/lib/python3.12/site-packages/airflow/example_dags/example_nested_branch_dag.py took 0.094 seconds
[2026-04-26T07:53:16.755+0000] {processor.py:161} INFO - Started process (PID=50287) to work on /usr/local/python/3.12.1/lib/python3.12/site-packages/airflow/example_dags/example_nested_branch_dag.py
[2026-04-26T07:53:16.759+0000] {processor.py:830} INFO - Processing file /usr/local/python/3.12.1/lib/python3.12/site-packages/airflow/example_dags/example_nested_branch_dag.py for tasks to queue
[2026-04-26T07:53:16.775+0000] {logging_mixin.py:188} INFO - [2026-04-26T07:53:16.767+0000] {dagbag.py:540} INFO - Filling up the DagBag from /usr/local/python/3.12.1/lib/python3.12/site-packages/airflow/example_dags/example_nested_branch_dag.py
[2026-04-26T07:53:16.791+0000] {processor.py:840} INFO - DAG(s) 'example_nested_branch_dag' retrieved from /usr/local/python/3.12.1/lib/python3.12/site-packages/airflow/example_dags/example_nested_branch_dag.py
[2026-04-26T07:53:16.811+0000] {logging_mixin.py:188} INFO - [2026-04-26T07:53:16.810+0000] {dag.py:3096} INFO - Sync 1 DAGs
[2026-04-26T07:53:16.837+0000] {logging_mixin.py:188} INFO - [2026-04-26T07:53:16.836+0000] {dag.py:3954} INFO - Setting next_dagrun for example_nested_branch_dag to 2026-04-25 00:00:00+00:00, run_after=2026-04-26 00:00:00+00:00
[2026-04-26T07:53:16.860+0000] {processor.py:183} INFO - Processing /usr/local/python/3.12.1/lib/python3.12/site-packages/airflow/example_dags/example_nested_branch_dag.py took 0.115 seconds
[2026-04-26T07:53:28.024+0000] {processor.py:161} INFO - Started process (PID=50489) to work on /usr/local/python/3.12.1/lib/python3.12/site-packages/airflow/example_dags/example_nested_branch_dag.py
[2026-04-26T07:53:28.024+0000] {processor.py:830} INFO - Processing file /usr/local/python/3.12.1/lib/python3.12/site-packages/airflow/example_dags/example_nested_branch_dag.py for tasks to queue
[2026-04-26T07:53:28.025+0000] {logging_mixin.py:188} INFO - [2026-04-26T07:53:28.025+0000] {dagbag.py:540} INFO - Filling up the DagBag from /usr/local/python/3.12.1/lib/python3.12/site-packages/airflow/example_dags/example_nested_branch_dag.py
[2026-04-26T07:53:28.033+0000] {processor.py:840} INFO - DAG(s) 'example_nested_branch_dag' retrieved from /usr/local/python/3.12.1/lib/python3.12/site-packages/airflow/example_dags/example_nested_branch_dag.py
[2026-04-26T07:53:28.046+0000] {logging_mixin.py:188} INFO - [2026-04-26T07:53:28.046+0000] {dag.py:3096} INFO - Sync 1 DAGs
[2026-04-26T07:53:28.073+0000] {logging_mixin.py:188} INFO - [2026-04-26T07:53:28.073+0000] {dag.py:3954} INFO - Setting next_dagrun for example_nested_branch_dag to 2026-04-25 00:00:00+00:00, run_after=2026-04-26 00:00:00+00:00
[2026-04-26T07:53:28.090+0000] {processor.py:183} INFO - Processing /usr/local/python/3.12.1/lib/python3.12/site-packages/airflow/example_dags/example_nested_branch_dag.py took 0.071 seconds
[2026-04-26T07:54:19.911+0000] {processor.py:161} INFO - Started process (PID=51033) to work on /usr/local/python/3.12.1/lib/python3.12/site-packages/airflow/example_dags/example_nested_branch_dag.py
[2026-04-26T07:54:19.911+0000] {processor.py:830} INFO - Processing file /usr/local/python/3.12.1/lib/python3.12/site-packages/airflow/example_dags/example_nested_branch_dag.py for tasks to queue
[2026-04-26T07:54:19.912+0000] {logging_mixin.py:188} INFO - [2026-04-26T07:54:19.912+0000] {dagbag.py:540} INFO - Filling up the DagBag from /usr/local/python/3.12.1/lib/python3.12/site-packages/airflow/example_dags/example_nested_branch_dag.py
[2026-04-26T07:54:19.921+0000] {processor.py:840} INFO - DAG(s) 'example_nested_branch_dag' retrieved from /usr/local/python/3.12.1/lib/python3.12/site-packages/airflow/example_dags/example_nested_branch_dag.py
[2026-04-26T07:54:19.934+0000] {logging_mixin.py:188} INFO - [2026-04-26T07:54:19.934+0000] {dag.py:3096} INFO - Sync 1 DAGs
[2026-04-26T07:54:19.950+0000] {logging_mixin.py:188} INFO - [2026-04-26T07:54:19.950+0000] {dag.py:3954} INFO - Setting next_dagrun for example_nested_branch_dag to 2026-04-25 00:00:00+00:00, run_after=2026-04-26 00:00:00+00:00
[2026-04-26T07:54:19.968+0000] {processor.py:183} INFO - Processing /usr/local/python/3.12.1/lib/python3.12/site-packages/airflow/example_dags/example_nested_branch_dag.py took 0.061 seconds
[2026-04-26T07:54:22.591+0000] {processor.py:161} INFO - Started process (PID=51073) to work on /usr/local/python/3.12.1/lib/python3.12/site-packages/airflow/example_dags/example_nested_branch_dag.py
[2026-04-26T07:54:22.592+0000] {processor.py:830} INFO - Processing file /usr/local/python/3.12.1/lib/python3.12/site-packages/airflow/example_dags/example_nested_branch_dag.py for tasks to queue
[2026-04-26T07:54:22.593+0000] {logging_mixin.py:188} INFO - [2026-04-26T07:54:22.592+0000] {dagbag.py:540} INFO - Filling up the DagBag from /usr/local/python/3.12.1/lib/python3.12/site-packages/airflow/example_dags/example_nested_branch_dag.py
[2026-04-26T07:54:22.601+0000] {processor.py:840} INFO - DAG(s) 'example_nested_branch_dag' retrieved from /usr/local/python/3.12.1/lib/python3.12/site-packages/airflow/example_dags/example_nested_branch_dag.py
[2026-04-26T07:54:22.614+0000] {logging_mixin.py:188} INFO - [2026-04-26T07:54:22.614+0000] {dag.py:3096} INFO - Sync 1 DAGs
[2026-04-26T07:54:22.631+0000] {logging_mixin.py:188} INFO - [2026-04-26T07:54:22.631+0000] {dag.py:3954} INFO - Setting next_dagrun for example_nested_branch_dag to 2026-04-25 00:00:00+00:00, run_after=2026-04-26 00:00:00+00:00
[2026-04-26T07:54:22.649+0000] {processor.py:183} INFO - Processing /usr/local/python/3.12.1/lib/python3.12/site-packages/airflow/example_dags/example_nested_branch_dag.py took 0.062 seconds
[2026-04-26T07:54:32.013+0000] {processor.py:161} INFO - Started process (PID=51153) to work on /usr/local/python/3.12.1/lib/python3.12/site-packages/airflow/example_dags/example_nested_branch_dag.py
[2026-04-26T07:54:32.014+0000] {processor.py:830} INFO - Processing file /usr/local/python/3.12.1/lib/python3.12/site-packages/airflow/example_dags/example_nested_branch_dag.py for tasks to queue
[2026-04-26T07:54:32.014+0000] {logging_mixin.py:188} INFO - [2026-04-26T07:54:32.014+0000] {dagbag.py:540} INFO - Filling up the DagBag from /usr/local/python/3.12.1/lib/python3.12/site-packages/airflow/example_dags/example_nested_branch_dag.py
[2026-04-26T07:54:32.023+0000] {processor.py:840} INFO - DAG(s) 'example_nested_branch_dag' retrieved from /usr/local/python/3.12.1/lib/python3.12/site-packages/airflow/example_dags/example_nested_branch_dag.py
[2026-04-26T07:54:32.042+0000] {logging_mixin.py:188} INFO - [2026-04-26T07:54:32.041+0000] {dag.py:3096} INFO - Sync 1 DAGs
[2026-04-26T07:54:32.060+0000] {logging_mixin.py:188} INFO - [2026-04-26T07:54:32.060+0000] {dag.py:3954} INFO - Setting next_dagrun for example_nested_branch_dag to 2026-04-25 00:00:00+00:00, run_after=2026-04-26 00:00:00+00:00
[2026-04-26T07:54:32.079+0000] {processor.py:183} INFO - Processing /usr/local/python/3.12.1/lib/python3.12/site-packages/airflow/example_dags/example_nested_branch_dag.py took 0.071 seconds
[2026-04-26T07:55:22.978+0000] {processor.py:161} INFO - Started process (PID=52126) to work on /usr/local/python/3.12.1/lib/python3.12/site-packages/airflow/example_dags/example_nested_branch_dag.py
[2026-04-26T07:55:22.979+0000] {processor.py:830} INFO - Processing file /usr/local/python/3.12.1/lib/python3.12/site-packages/airflow/example_dags/example_nested_branch_dag.py for tasks to queue
[2026-04-26T07:55:22.980+0000] {logging_mixin.py:188} INFO - [2026-04-26T07:55:22.979+0000] {dagbag.py:540} INFO - Filling up the DagBag from /usr/local/python/3.12.1/lib/python3.12/site-packages/airflow/example_dags/example_nested_branch_dag.py
[2026-04-26T07:55:22.988+0000] {processor.py:840} INFO - DAG(s) 'example_nested_branch_dag' retrieved from /usr/local/python/3.12.1/lib/python3.12/site-packages/airflow/example_dags/example_nested_branch_dag.py
[2026-04-26T07:55:23.001+0000] {logging_mixin.py:188} INFO - [2026-04-26T07:55:23.001+0000] {dag.py:3096} INFO - Sync 1 DAGs
[2026-04-26T07:55:23.018+0000] {logging_mixin.py:188} INFO - [2026-04-26T07:55:23.017+0000] {dag.py:3954} INFO - Setting next_dagrun for example_nested_branch_dag to 2026-04-25 00:00:00+00:00, run_after=2026-04-26 00:00:00+00:00
[2026-04-26T07:55:23.036+0000] {processor.py:183} INFO - Processing /usr/local/python/3.12.1/lib/python3.12/site-packages/airflow/example_dags/example_nested_branch_dag.py took 0.063 seconds
[2026-04-26T07:55:23.116+0000] {processor.py:161} INFO - Started process (PID=52127) to work on /usr/local/python/3.12.1/lib/python3.12/site-packages/airflow/example_dags/example_nested_branch_dag.py
[2026-04-26T07:55:23.117+0000] {processor.py:830} INFO - Processing file /usr/local/python/3.12.1/lib/python3.12/site-packages/airflow/example_dags/example_nested_branch_dag.py for tasks to queue
[2026-04-26T07:55:23.117+0000] {logging_mixin.py:188} INFO - [2026-04-26T07:55:23.117+0000] {dagbag.py:540} INFO - Filling up the DagBag from /usr/local/python/3.12.1/lib/python3.12/site-packages/airflow/example_dags/example_nested_branch_dag.py
[2026-04-26T07:55:23.126+0000] {processor.py:840} INFO - DAG(s) 'example_nested_branch_dag' retrieved from /usr/local/python/3.12.1/lib/python3.12/site-packages/airflow/example_dags/example_nested_branch_dag.py
[2026-04-26T07:55:23.139+0000] {logging_mixin.py:188} INFO - [2026-04-26T07:55:23.138+0000] {dag.py:3096} INFO - Sync 1 DAGs
[2026-04-26T07:55:23.155+0000] {logging_mixin.py:188} INFO - [2026-04-26T07:55:23.154+0000] {dag.py:3954} INFO - Setting next_dagrun for example_nested_branch_dag to 2026-04-25 00:00:00+00:00, run_after=2026-04-26 00:00:00+00:00
[2026-04-26T07:55:23.180+0000] {processor.py:183} INFO - Processing /usr/local/python/3.12.1/lib/python3.12/site-packages/airflow/example_dags/example_nested_branch_dag.py took 0.069 seconds
[2026-04-26T07:55:29.473+0000] {processor.py:161} INFO - Started process (PID=52242) to work on /usr/local/python/3.12.1/lib/python3.12/site-packages/airflow/example_dags/example_nested_branch_dag.py
[2026-04-26T07:55:29.473+0000] {processor.py:830} INFO - Processing file /usr/local/python/3.12.1/lib/python3.12/site-packages/airflow/example_dags/example_nested_branch_dag.py for tasks to queue
[2026-04-26T07:55:29.476+0000] {logging_mixin.py:188} INFO - [2026-04-26T07:55:29.474+0000] {dagbag.py:540} INFO - Filling up the DagBag from /usr/local/python/3.12.1/lib/python3.12/site-packages/airflow/example_dags/example_nested_branch_dag.py
[2026-04-26T07:55:29.489+0000] {processor.py:840} INFO - DAG(s) 'example_nested_branch_dag' retrieved from /usr/local/python/3.12.1/lib/python3.12/site-packages/airflow/example_dags/example_nested_branch_dag.py
[2026-04-26T07:55:29.502+0000] {logging_mixin.py:188} INFO - [2026-04-26T07:55:29.502+0000] {dag.py:3096} INFO - Sync 1 DAGs
[2026-04-26T07:55:29.525+0000] {logging_mixin.py:188} INFO - [2026-04-26T07:55:29.525+0000] {dag.py:3954} INFO - Setting next_dagrun for example_nested_branch_dag to 2026-04-25 00:00:00+00:00, run_after=2026-04-26 00:00:00+00:00
[2026-04-26T07:55:29.551+0000] {processor.py:183} INFO - Processing /usr/local/python/3.12.1/lib/python3.12/site-packages/airflow/example_dags/example_nested_branch_dag.py took 0.086 seconds
[2026-04-26T07:56:24.100+0000] {processor.py:161} INFO - Started process (PID=53020) to work on /usr/local/python/3.12.1/lib/python3.12/site-packages/airflow/example_dags/example_nested_branch_dag.py
[2026-04-26T07:56:24.101+0000] {processor.py:830} INFO - Processing file /usr/local/python/3.12.1/lib/python3.12/site-packages/airflow/example_dags/example_nested_branch_dag.py for tasks to queue
[2026-04-26T07:56:24.101+0000] {logging_mixin.py:188} INFO - [2026-04-26T07:56:24.101+0000] {dagbag.py:540} INFO - Filling up the DagBag from /usr/local/python/3.12.1/lib/python3.12/site-packages/airflow/example_dags/example_nested_branch_dag.py
[2026-04-26T07:56:24.110+0000] {processor.py:840} INFO - DAG(s) 'example_nested_branch_dag' retrieved from /usr/local/python/3.12.1/lib/python3.12/site-packages/airflow/example_dags/example_nested_branch_dag.py
[2026-04-26T07:56:24.124+0000] {logging_mixin.py:188} INFO - [2026-04-26T07:56:24.123+0000] {dag.py:3096} INFO - Sync 1 DAGs
[2026-04-26T07:56:24.139+0000] {logging_mixin.py:188} INFO - [2026-04-26T07:56:24.139+0000] {dag.py:3954} INFO - Setting next_dagrun for example_nested_branch_dag to 2026-04-25 00:00:00+00:00, run_after=2026-04-26 00:00:00+00:00
[2026-04-26T07:56:24.155+0000] {processor.py:183} INFO - Processing /usr/local/python/3.12.1/lib/python3.12/site-packages/airflow/example_dags/example_nested_branch_dag.py took 0.060 seconds
[2026-04-26T07:56:28.645+0000] {processor.py:161} INFO - Started process (PID=53067) to work on /usr/local/python/3.12.1/lib/python3.12/site-packages/airflow/example_dags/example_nested_branch_dag.py
[2026-04-26T07:56:28.646+0000] {processor.py:830} INFO - Processing file /usr/local/python/3.12.1/lib/python3.12/site-packages/airflow/example_dags/example_nested_branch_dag.py for tasks to queue
[2026-04-26T07:56:28.647+0000] {logging_mixin.py:188} INFO - [2026-04-26T07:56:28.646+0000] {dagbag.py:540} INFO - Filling up the DagBag from /usr/local/python/3.12.1/lib/python3.12/site-packages/airflow/example_dags/example_nested_branch_dag.py
[2026-04-26T07:56:28.667+0000] {processor.py:840} INFO - DAG(s) 'example_nested_branch_dag' retrieved from /usr/local/python/3.12.1/lib/python3.12/site-packages/airflow/example_dags/example_nested_branch_dag.py
[2026-04-26T07:56:28.695+0000] {logging_mixin.py:188} INFO - [2026-04-26T07:56:28.695+0000] {dag.py:3096} INFO - Sync 1 DAGs
[2026-04-26T07:56:28.720+0000] {logging_mixin.py:188} INFO - [2026-04-26T07:56:28.720+0000] {dag.py:3954} INFO - Setting next_dagrun for example_nested_branch_dag to 2026-04-25 00:00:00+00:00, run_after=2026-04-26 00:00:00+00:00
[2026-04-26T07:56:28.752+0000] {processor.py:183} INFO - Processing /usr/local/python/3.12.1/lib/python3.12/site-packages/airflow/example_dags/example_nested_branch_dag.py took 0.115 seconds
[2026-04-26T07:56:29.940+0000] {processor.py:161} INFO - Started process (PID=53100) to work on /usr/local/python/3.12.1/lib/python3.12/site-packages/airflow/example_dags/example_nested_branch_dag.py
[2026-04-26T07:56:29.942+0000] {processor.py:830} INFO - Processing file /usr/local/python/3.12.1/lib/python3.12/site-packages/airflow/example_dags/example_nested_branch_dag.py for tasks to queue
[2026-04-26T07:56:29.944+0000] {logging_mixin.py:188} INFO - [2026-04-26T07:56:29.942+0000] {dagbag.py:540} INFO - Filling up the DagBag from /usr/local/python/3.12.1/lib/python3.12/site-packages/airflow/example_dags/example_nested_branch_dag.py
[2026-04-26T07:56:29.969+0000] {processor.py:840} INFO - DAG(s) 'example_nested_branch_dag' retrieved from /usr/local/python/3.12.1/lib/python3.12/site-packages/airflow/example_dags/example_nested_branch_dag.py
[2026-04-26T07:56:30.013+0000] {logging_mixin.py:188} INFO - [2026-04-26T07:56:30.013+0000] {dag.py:3096} INFO - Sync 1 DAGs
[2026-04-26T07:56:30.041+0000] {logging_mixin.py:188} INFO - [2026-04-26T07:56:30.041+0000] {dag.py:3954} INFO - Setting next_dagrun for example_nested_branch_dag to 2026-04-25 00:00:00+00:00, run_after=2026-04-26 00:00:00+00:00
[2026-04-26T07:56:30.064+0000] {processor.py:183} INFO - Processing /usr/local/python/3.12.1/lib/python3.12/site-packages/airflow/example_dags/example_nested_branch_dag.py took 0.138 seconds
[2026-04-26T07:57:17.043+0000] {processor.py:161} INFO - Started process (PID=53851) to work on /usr/local/python/3.12.1/lib/python3.12/site-packages/airflow/example_dags/example_nested_branch_dag.py
[2026-04-26T07:57:17.044+0000] {processor.py:830} INFO - Processing file /usr/local/python/3.12.1/lib/python3.12/site-packages/airflow/example_dags/example_nested_branch_dag.py for tasks to queue
[2026-04-26T07:57:17.044+0000] {logging_mixin.py:188} INFO - [2026-04-26T07:57:17.044+0000] {dagbag.py:540} INFO - Filling up the DagBag from /usr/local/python/3.12.1/lib/python3.12/site-packages/airflow/example_dags/example_nested_branch_dag.py
[2026-04-26T07:57:17.052+0000] {processor.py:840} INFO - DAG(s) 'example_nested_branch_dag' retrieved from /usr/local/python/3.12.1/lib/python3.12/site-packages/airflow/example_dags/example_nested_branch_dag.py
[2026-04-26T07:57:17.137+0000] {logging_mixin.py:188} INFO - [2026-04-26T07:57:17.137+0000] {dag.py:3096} INFO - Sync 1 DAGs
[2026-04-26T07:57:17.152+0000] {logging_mixin.py:188} INFO - [2026-04-26T07:57:17.152+0000] {dag.py:3954} INFO - Setting next_dagrun for example_nested_branch_dag to 2026-04-25 00:00:00+00:00, run_after=2026-04-26 00:00:00+00:00
[2026-04-26T07:57:17.173+0000] {processor.py:183} INFO - Processing /usr/local/python/3.12.1/lib/python3.12/site-packages/airflow/example_dags/example_nested_branch_dag.py took 0.136 seconds
[2026-04-26T07:57:18.086+0000] {processor.py:161} INFO - Started process (PID=53861) to work on /usr/local/python/3.12.1/lib/python3.12/site-packages/airflow/example_dags/example_nested_branch_dag.py
[2026-04-26T07:57:18.086+0000] {processor.py:830} INFO - Processing file /usr/local/python/3.12.1/lib/python3.12/site-packages/airflow/example_dags/example_nested_branch_dag.py for tasks to queue
[2026-04-26T07:57:18.087+0000] {logging_mixin.py:188} INFO - [2026-04-26T07:57:18.087+0000] {dagbag.py:540} INFO - Filling up the DagBag from /usr/local/python/3.12.1/lib/python3.12/site-packages/airflow/example_dags/example_nested_branch_dag.py
[2026-04-26T07:57:18.095+0000] {processor.py:840} INFO - DAG(s) 'example_nested_branch_dag' retrieved from /usr/local/python/3.12.1/lib/python3.12/site-packages/airflow/example_dags/example_nested_branch_dag.py
[2026-04-26T07:57:18.100+0000] {logging_mixin.py:188} INFO - [2026-04-26T07:57:18.100+0000] {dag.py:3096} INFO - Sync 1 DAGs
[2026-04-26T07:57:18.125+0000] {logging_mixin.py:188} INFO - [2026-04-26T07:57:18.125+0000] {dag.py:3954} INFO - Setting next_dagrun for example_nested_branch_dag to 2026-04-25 00:00:00+00:00, run_after=2026-04-26 00:00:00+00:00
[2026-04-26T07:57:18.177+0000] {processor.py:183} INFO - Processing /usr/local/python/3.12.1/lib/python3.12/site-packages/airflow/example_dags/example_nested_branch_dag.py took 0.096 seconds
[2026-04-26T07:57:18.409+0000] {processor.py:161} INFO - Started process (PID=53869) to work on /usr/local/python/3.12.1/lib/python3.12/site-packages/airflow/example_dags/example_nested_branch_dag.py
[2026-04-26T07:57:18.410+0000] {processor.py:830} INFO - Processing file /usr/local/python/3.12.1/lib/python3.12/site-packages/airflow/example_dags/example_nested_branch_dag.py for tasks to queue
[2026-04-26T07:57:18.410+0000] {logging_mixin.py:188} INFO - [2026-04-26T07:57:18.410+0000] {dagbag.py:540} INFO - Filling up the DagBag from /usr/local/python/3.12.1/lib/python3.12/site-packages/airflow/example_dags/example_nested_branch_dag.py
[2026-04-26T07:57:18.418+0000] {processor.py:840} INFO - DAG(s) 'example_nested_branch_dag' retrieved from /usr/local/python/3.12.1/lib/python3.12/site-packages/airflow/example_dags/example_nested_branch_dag.py
[2026-04-26T07:57:18.424+0000] {logging_mixin.py:188} INFO - [2026-04-26T07:57:18.424+0000] {dag.py:3096} INFO - Sync 1 DAGs
[2026-04-26T07:57:18.441+0000] {logging_mixin.py:188} INFO - [2026-04-26T07:57:18.441+0000] {dag.py:3954} INFO - Setting next_dagrun for example_nested_branch_dag to 2026-04-25 00:00:00+00:00, run_after=2026-04-26 00:00:00+00:00
[2026-04-26T07:57:18.459+0000] {processor.py:183} INFO - Processing /usr/local/python/3.12.1/lib/python3.12/site-packages/airflow/example_dags/example_nested_branch_dag.py took 0.054 seconds
[2026-04-26T07:58:04.367+0000] {processor.py:161} INFO - Started process (PID=54373) to work on /usr/local/python/3.12.1/lib/python3.12/site-packages/airflow/example_dags/example_nested_branch_dag.py
[2026-04-26T07:58:04.368+0000] {processor.py:830} INFO - Processing file /usr/local/python/3.12.1/lib/python3.12/site-packages/airflow/example_dags/example_nested_branch_dag.py for tasks to queue
[2026-04-26T07:58:04.369+0000] {logging_mixin.py:188} INFO - [2026-04-26T07:58:04.369+0000] {dagbag.py:540} INFO - Filling up the DagBag from /usr/local/python/3.12.1/lib/python3.12/site-packages/airflow/example_dags/example_nested_branch_dag.py
[2026-04-26T07:58:04.380+0000] {processor.py:840} INFO - DAG(s) 'example_nested_branch_dag' retrieved from /usr/local/python/3.12.1/lib/python3.12/site-packages/airflow/example_dags/example_nested_branch_dag.py
[2026-04-26T07:58:04.394+0000] {logging_mixin.py:188} INFO - [2026-04-26T07:58:04.394+0000] {dag.py:3096} INFO - Sync 1 DAGs
[2026-04-26T07:58:04.410+0000] {logging_mixin.py:188} INFO - [2026-04-26T07:58:04.410+0000] {dag.py:3954} INFO - Setting next_dagrun for example_nested_branch_dag to 2026-04-25 00:00:00+00:00, run_after=2026-04-26 00:00:00+00:00
[2026-04-26T07:58:04.426+0000] {processor.py:183} INFO - Processing /usr/local/python/3.12.1/lib/python3.12/site-packages/airflow/example_dags/example_nested_branch_dag.py took 0.065 seconds
[2026-04-26T07:58:20.009+0000] {processor.py:161} INFO - Started process (PID=54520) to work on /usr/local/python/3.12.1/lib/python3.12/site-packages/airflow/example_dags/example_nested_branch_dag.py
[2026-04-26T07:58:20.010+0000] {processor.py:830} INFO - Processing file /usr/local/python/3.12.1/lib/python3.12/site-packages/airflow/example_dags/example_nested_branch_dag.py for tasks to queue
[2026-04-26T07:58:20.011+0000] {logging_mixin.py:188} INFO - [2026-04-26T07:58:20.010+0000] {dagbag.py:540} INFO - Filling up the DagBag from /usr/local/python/3.12.1/lib/python3.12/site-packages/airflow/example_dags/example_nested_branch_dag.py
[2026-04-26T07:58:20.022+0000] {processor.py:840} INFO - DAG(s) 'example_nested_branch_dag' retrieved from /usr/local/python/3.12.1/lib/python3.12/site-packages/airflow/example_dags/example_nested_branch_dag.py
[2026-04-26T07:58:20.041+0000] {logging_mixin.py:188} INFO - [2026-04-26T07:58:20.041+0000] {dag.py:3096} INFO - Sync 1 DAGs
[2026-04-26T07:58:20.061+0000] {logging_mixin.py:188} INFO - [2026-04-26T07:58:20.061+0000] {dag.py:3954} INFO - Setting next_dagrun for example_nested_branch_dag to 2026-04-25 00:00:00+00:00, run_after=2026-04-26 00:00:00+00:00
[2026-04-26T07:58:20.080+0000] {processor.py:183} INFO - Processing /usr/local/python/3.12.1/lib/python3.12/site-packages/airflow/example_dags/example_nested_branch_dag.py took 0.078 seconds
[2026-04-26T07:58:20.499+0000] {processor.py:161} INFO - Started process (PID=54523) to work on /usr/local/python/3.12.1/lib/python3.12/site-packages/airflow/example_dags/example_nested_branch_dag.py
[2026-04-26T07:58:20.500+0000] {processor.py:830} INFO - Processing file /usr/local/python/3.12.1/lib/python3.12/site-packages/airflow/example_dags/example_nested_branch_dag.py for tasks to queue
[2026-04-26T07:58:20.501+0000] {logging_mixin.py:188} INFO - [2026-04-26T07:58:20.500+0000] {dagbag.py:540} INFO - Filling up the DagBag from /usr/local/python/3.12.1/lib/python3.12/site-packages/airflow/example_dags/example_nested_branch_dag.py
[2026-04-26T07:58:20.513+0000] {processor.py:840} INFO - DAG(s) 'example_nested_branch_dag' retrieved from /usr/local/python/3.12.1/lib/python3.12/site-packages/airflow/example_dags/example_nested_branch_dag.py
[2026-04-26T07:58:20.536+0000] {logging_mixin.py:188} INFO - [2026-04-26T07:58:20.535+0000] {dag.py:3096} INFO - Sync 1 DAGs
[2026-04-26T07:58:20.562+0000] {logging_mixin.py:188} INFO - [2026-04-26T07:58:20.562+0000] {dag.py:3954} INFO - Setting next_dagrun for example_nested_branch_dag to 2026-04-25 00:00:00+00:00, run_after=2026-04-26 00:00:00+00:00
[2026-04-26T07:58:20.593+0000] {processor.py:183} INFO - Processing /usr/local/python/3.12.1/lib/python3.12/site-packages/airflow/example_dags/example_nested_branch_dag.py took 0.101 seconds
[2026-04-26T07:59:07.816+0000] {processor.py:161} INFO - Started process (PID=55401) to work on /usr/local/python/3.12.1/lib/python3.12/site-packages/airflow/example_dags/example_nested_branch_dag.py
[2026-04-26T07:59:07.817+0000] {processor.py:830} INFO - Processing file /usr/local/python/3.12.1/lib/python3.12/site-packages/airflow/example_dags/example_nested_branch_dag.py for tasks to queue
[2026-04-26T07:59:07.818+0000] {logging_mixin.py:188} INFO - [2026-04-26T07:59:07.818+0000] {dagbag.py:540} INFO - Filling up the DagBag from /usr/local/python/3.12.1/lib/python3.12/site-packages/airflow/example_dags/example_nested_branch_dag.py
[2026-04-26T07:59:07.830+0000] {processor.py:840} INFO - DAG(s) 'example_nested_branch_dag' retrieved from /usr/local/python/3.12.1/lib/python3.12/site-packages/airflow/example_dags/example_nested_branch_dag.py
[2026-04-26T07:59:07.949+0000] {logging_mixin.py:188} INFO - [2026-04-26T07:59:07.948+0000] {dag.py:3096} INFO - Sync 1 DAGs
[2026-04-26T07:59:07.965+0000] {logging_mixin.py:188} INFO - [2026-04-26T07:59:07.964+0000] {dag.py:3954} INFO - Setting next_dagrun for example_nested_branch_dag to 2026-04-25 00:00:00+00:00, run_after=2026-04-26 00:00:00+00:00
[2026-04-26T07:59:07.984+0000] {processor.py:183} INFO - Processing /usr/local/python/3.12.1/lib/python3.12/site-packages/airflow/example_dags/example_nested_branch_dag.py took 0.175 seconds
[2026-04-26T07:59:12.079+0000] {processor.py:161} INFO - Started process (PID=55429) to work on /usr/local/python/3.12.1/lib/python3.12/site-packages/airflow/example_dags/example_nested_branch_dag.py
[2026-04-26T07:59:12.079+0000] {processor.py:830} INFO - Processing file /usr/local/python/3.12.1/lib/python3.12/site-packages/airflow/example_dags/example_nested_branch_dag.py for tasks to queue
[2026-04-26T07:59:12.080+0000] {logging_mixin.py:188} INFO - [2026-04-26T07:59:12.080+0000] {dagbag.py:540} INFO - Filling up the DagBag from /usr/local/python/3.12.1/lib/python3.12/site-packages/airflow/example_dags/example_nested_branch_dag.py
[2026-04-26T07:59:12.088+0000] {processor.py:840} INFO - DAG(s) 'example_nested_branch_dag' retrieved from /usr/local/python/3.12.1/lib/python3.12/site-packages/airflow/example_dags/example_nested_branch_dag.py
[2026-04-26T07:59:12.094+0000] {logging_mixin.py:188} INFO - [2026-04-26T07:59:12.094+0000] {dag.py:3096} INFO - Sync 1 DAGs
[2026-04-26T07:59:12.110+0000] {logging_mixin.py:188} INFO - [2026-04-26T07:59:12.110+0000] {dag.py:3954} INFO - Setting next_dagrun for example_nested_branch_dag to 2026-04-25 00:00:00+00:00, run_after=2026-04-26 00:00:00+00:00
[2026-04-26T07:59:12.128+0000] {processor.py:183} INFO - Processing /usr/local/python/3.12.1/lib/python3.12/site-packages/airflow/example_dags/example_nested_branch_dag.py took 0.056 seconds
[2026-04-26T07:59:28.601+0000] {processor.py:161} INFO - Started process (PID=55577) to work on /usr/local/python/3.12.1/lib/python3.12/site-packages/airflow/example_dags/example_nested_branch_dag.py
[2026-04-26T07:59:28.601+0000] {processor.py:830} INFO - Processing file /usr/local/python/3.12.1/lib/python3.12/site-packages/airflow/example_dags/example_nested_branch_dag.py for tasks to queue
[2026-04-26T07:59:28.602+0000] {logging_mixin.py:188} INFO - [2026-04-26T07:59:28.602+0000] {dagbag.py:540} INFO - Filling up the DagBag from /usr/local/python/3.12.1/lib/python3.12/site-packages/airflow/example_dags/example_nested_branch_dag.py
[2026-04-26T07:59:28.610+0000] {processor.py:840} INFO - DAG(s) 'example_nested_branch_dag' retrieved from /usr/local/python/3.12.1/lib/python3.12/site-packages/airflow/example_dags/example_nested_branch_dag.py
[2026-04-26T07:59:28.616+0000] {logging_mixin.py:188} INFO - [2026-04-26T07:59:28.616+0000] {dag.py:3096} INFO - Sync 1 DAGs
[2026-04-26T07:59:28.632+0000] {logging_mixin.py:188} INFO - [2026-04-26T07:59:28.632+0000] {dag.py:3954} INFO - Setting next_dagrun for example_nested_branch_dag to 2026-04-25 00:00:00+00:00, run_after=2026-04-26 00:00:00+00:00
[2026-04-26T07:59:28.650+0000] {processor.py:183} INFO - Processing /usr/local/python/3.12.1/lib/python3.12/site-packages/airflow/example_dags/example_nested_branch_dag.py took 0.054 seconds
[2026-04-26T07:59:59.756+0000] {processor.py:161} INFO - Started process (PID=55903) to work on /usr/local/python/3.12.1/lib/python3.12/site-packages/airflow/example_dags/example_nested_branch_dag.py
[2026-04-26T07:59:59.757+0000] {processor.py:830} INFO - Processing file /usr/local/python/3.12.1/lib/python3.12/site-packages/airflow/example_dags/example_nested_branch_dag.py for tasks to queue
[2026-04-26T07:59:59.758+0000] {logging_mixin.py:188} INFO - [2026-04-26T07:59:59.757+0000] {dagbag.py:540} INFO - Filling up the DagBag from /usr/local/python/3.12.1/lib/python3.12/site-packages/airflow/example_dags/example_nested_branch_dag.py
[2026-04-26T07:59:59.768+0000] {processor.py:840} INFO - DAG(s) 'example_nested_branch_dag' retrieved from /usr/local/python/3.12.1/lib/python3.12/site-packages/airflow/example_dags/example_nested_branch_dag.py
[2026-04-26T07:59:59.784+0000] {logging_mixin.py:188} INFO - [2026-04-26T07:59:59.784+0000] {dag.py:3096} INFO - Sync 1 DAGs
[2026-04-26T07:59:59.800+0000] {logging_mixin.py:188} INFO - [2026-04-26T07:59:59.800+0000] {dag.py:3954} INFO - Setting next_dagrun for example_nested_branch_dag to 2026-04-25 00:00:00+00:00, run_after=2026-04-26 00:00:00+00:00
[2026-04-26T07:59:59.825+0000] {processor.py:183} INFO - Processing /usr/local/python/3.12.1/lib/python3.12/site-packages/airflow/example_dags/example_nested_branch_dag.py took 0.075 seconds
[2026-04-26T08:00:13.448+0000] {processor.py:161} INFO - Started process (PID=56076) to work on /usr/local/python/3.12.1/lib/python3.12/site-packages/airflow/example_dags/example_nested_branch_dag.py
[2026-04-26T08:00:13.449+0000] {processor.py:830} INFO - Processing file /usr/local/python/3.12.1/lib/python3.12/site-packages/airflow/example_dags/example_nested_branch_dag.py for tasks to queue
[2026-04-26T08:00:13.450+0000] {logging_mixin.py:188} INFO - [2026-04-26T08:00:13.449+0000] {dagbag.py:540} INFO - Filling up the DagBag from /usr/local/python/3.12.1/lib/python3.12/site-packages/airflow/example_dags/example_nested_branch_dag.py
[2026-04-26T08:00:13.466+0000] {processor.py:840} INFO - DAG(s) 'example_nested_branch_dag' retrieved from /usr/local/python/3.12.1/lib/python3.12/site-packages/airflow/example_dags/example_nested_branch_dag.py
[2026-04-26T08:00:13.486+0000] {logging_mixin.py:188} INFO - [2026-04-26T08:00:13.486+0000] {dag.py:3096} INFO - Sync 1 DAGs
[2026-04-26T08:00:13.510+0000] {logging_mixin.py:188} INFO - [2026-04-26T08:00:13.510+0000] {dag.py:3954} INFO - Setting next_dagrun for example_nested_branch_dag to 2026-04-25 00:00:00+00:00, run_after=2026-04-26 00:00:00+00:00
[2026-04-26T08:00:13.533+0000] {processor.py:183} INFO - Processing /usr/local/python/3.12.1/lib/python3.12/site-packages/airflow/example_dags/example_nested_branch_dag.py took 0.092 seconds
[2026-04-26T08:00:31.715+0000] {processor.py:161} INFO - Started process (PID=56242) to work on /usr/local/python/3.12.1/lib/python3.12/site-packages/airflow/example_dags/example_nested_branch_dag.py
[2026-04-26T08:00:31.716+0000] {processor.py:830} INFO - Processing file /usr/local/python/3.12.1/lib/python3.12/site-packages/airflow/example_dags/example_nested_branch_dag.py for tasks to queue
[2026-04-26T08:00:31.717+0000] {logging_mixin.py:188} INFO - [2026-04-26T08:00:31.716+0000] {dagbag.py:540} INFO - Filling up the DagBag from /usr/local/python/3.12.1/lib/python3.12/site-packages/airflow/example_dags/example_nested_branch_dag.py
[2026-04-26T08:00:31.729+0000] {processor.py:840} INFO - DAG(s) 'example_nested_branch_dag' retrieved from /usr/local/python/3.12.1/lib/python3.12/site-packages/airflow/example_dags/example_nested_branch_dag.py
[2026-04-26T08:00:31.749+0000] {logging_mixin.py:188} INFO - [2026-04-26T08:00:31.749+0000] {dag.py:3096} INFO - Sync 1 DAGs
[2026-04-26T08:00:31.774+0000] {logging_mixin.py:188} INFO - [2026-04-26T08:00:31.774+0000] {dag.py:3954} INFO - Setting next_dagrun for example_nested_branch_dag to 2026-04-25 00:00:00+00:00, run_after=2026-04-26 00:00:00+00:00
[2026-04-26T08:00:31.798+0000] {processor.py:183} INFO - Processing /usr/local/python/3.12.1/lib/python3.12/site-packages/airflow/example_dags/example_nested_branch_dag.py took 0.089 seconds
[2026-04-26T08:00:48.161+0000] {processor.py:161} INFO - Started process (PID=56383) to work on /usr/local/python/3.12.1/lib/python3.12/site-packages/airflow/example_dags/example_nested_branch_dag.py
[2026-04-26T08:00:48.163+0000] {processor.py:830} INFO - Processing file /usr/local/python/3.12.1/lib/python3.12/site-packages/airflow/example_dags/example_nested_branch_dag.py for tasks to queue
[2026-04-26T08:00:48.164+0000] {logging_mixin.py:188} INFO - [2026-04-26T08:00:48.164+0000] {dagbag.py:540} INFO - Filling up the DagBag from /usr/local/python/3.12.1/lib/python3.12/site-packages/airflow/example_dags/example_nested_branch_dag.py
[2026-04-26T08:00:48.179+0000] {processor.py:840} INFO - DAG(s) 'example_nested_branch_dag' retrieved from /usr/local/python/3.12.1/lib/python3.12/site-packages/airflow/example_dags/example_nested_branch_dag.py
[2026-04-26T08:00:48.204+0000] {logging_mixin.py:188} INFO - [2026-04-26T08:00:48.204+0000] {dag.py:3096} INFO - Sync 1 DAGs
[2026-04-26T08:00:48.240+0000] {logging_mixin.py:188} INFO - [2026-04-26T08:00:48.239+0000] {dag.py:3954} INFO - Setting next_dagrun for example_nested_branch_dag to 2026-04-25 00:00:00+00:00, run_after=2026-04-26 00:00:00+00:00
[2026-04-26T08:00:48.360+0000] {processor.py:183} INFO - Processing /usr/local/python/3.12.1/lib/python3.12/site-packages/airflow/example_dags/example_nested_branch_dag.py took 0.220 seconds
[2026-04-26T08:01:01.388+0000] {processor.py:161} INFO - Started process (PID=56602) to work on /usr/local/python/3.12.1/lib/python3.12/site-packages/airflow/example_dags/example_nested_branch_dag.py
[2026-04-26T08:01:01.389+0000] {processor.py:830} INFO - Processing file /usr/local/python/3.12.1/lib/python3.12/site-packages/airflow/example_dags/example_nested_branch_dag.py for tasks to queue
[2026-04-26T08:01:01.390+0000] {logging_mixin.py:188} INFO - [2026-04-26T08:01:01.389+0000] {dagbag.py:540} INFO - Filling up the DagBag from /usr/local/python/3.12.1/lib/python3.12/site-packages/airflow/example_dags/example_nested_branch_dag.py
[2026-04-26T08:01:01.401+0000] {processor.py:840} INFO - DAG(s) 'example_nested_branch_dag' retrieved from /usr/local/python/3.12.1/lib/python3.12/site-packages/airflow/example_dags/example_nested_branch_dag.py
[2026-04-26T08:01:01.416+0000] {logging_mixin.py:188} INFO - [2026-04-26T08:01:01.416+0000] {dag.py:3096} INFO - Sync 1 DAGs
[2026-04-26T08:01:01.436+0000] {logging_mixin.py:188} INFO - [2026-04-26T08:01:01.436+0000] {dag.py:3954} INFO - Setting next_dagrun for example_nested_branch_dag to 2026-04-25 00:00:00+00:00, run_after=2026-04-26 00:00:00+00:00
[2026-04-26T08:01:01.474+0000] {processor.py:183} INFO - Processing /usr/local/python/3.12.1/lib/python3.12/site-packages/airflow/example_dags/example_nested_branch_dag.py took 0.092 seconds
[2026-04-26T08:01:39.736+0000] {processor.py:161} INFO - Started process (PID=57378) to work on /usr/local/python/3.12.1/lib/python3.12/site-packages/airflow/example_dags/example_nested_branch_dag.py
[2026-04-26T08:01:39.737+0000] {processor.py:830} INFO - Processing file /usr/local/python/3.12.1/lib/python3.12/site-packages/airflow/example_dags/example_nested_branch_dag.py for tasks to queue
[2026-04-26T08:01:39.738+0000] {logging_mixin.py:188} INFO - [2026-04-26T08:01:39.737+0000] {dagbag.py:540} INFO - Filling up the DagBag from /usr/local/python/3.12.1/lib/python3.12/site-packages/airflow/example_dags/example_nested_branch_dag.py
[2026-04-26T08:01:39.748+0000] {processor.py:840} INFO - DAG(s) 'example_nested_branch_dag' retrieved from /usr/local/python/3.12.1/lib/python3.12/site-packages/airflow/example_dags/example_nested_branch_dag.py
[2026-04-26T08:01:39.878+0000] {logging_mixin.py:188} INFO - [2026-04-26T08:01:39.878+0000] {dag.py:3096} INFO - Sync 1 DAGs
[2026-04-26T08:01:39.905+0000] {logging_mixin.py:188} INFO - [2026-04-26T08:01:39.905+0000] {dag.py:3954} INFO - Setting next_dagrun for example_nested_branch_dag to 2026-04-25 00:00:00+00:00, run_after=2026-04-26 00:00:00+00:00
[2026-04-26T08:01:39.936+0000] {processor.py:183} INFO - Processing /usr/local/python/3.12.1/lib/python3.12/site-packages/airflow/example_dags/example_nested_branch_dag.py took 0.204 seconds
[2026-04-26T08:01:51.131+0000] {processor.py:161} INFO - Started process (PID=57475) to work on /usr/local/python/3.12.1/lib/python3.12/site-packages/airflow/example_dags/example_nested_branch_dag.py
[2026-04-26T08:01:51.131+0000] {processor.py:830} INFO - Processing file /usr/local/python/3.12.1/lib/python3.12/site-packages/airflow/example_dags/example_nested_branch_dag.py for tasks to queue
[2026-04-26T08:01:51.132+0000] {logging_mixin.py:188} INFO - [2026-04-26T08:01:51.132+0000] {dagbag.py:540} INFO - Filling up the DagBag from /usr/local/python/3.12.1/lib/python3.12/site-packages/airflow/example_dags/example_nested_branch_dag.py
[2026-04-26T08:01:51.140+0000] {processor.py:840} INFO - DAG(s) 'example_nested_branch_dag' retrieved from /usr/local/python/3.12.1/lib/python3.12/site-packages/airflow/example_dags/example_nested_branch_dag.py
[2026-04-26T08:01:51.149+0000] {logging_mixin.py:188} INFO - [2026-04-26T08:01:51.148+0000] {dag.py:3096} INFO - Sync 1 DAGs
[2026-04-26T08:01:51.178+0000] {logging_mixin.py:188} INFO - [2026-04-26T08:01:51.177+0000] {dag.py:3954} INFO - Setting next_dagrun for example_nested_branch_dag to 2026-04-25 00:00:00+00:00, run_after=2026-04-26 00:00:00+00:00
[2026-04-26T08:01:51.212+0000] {processor.py:183} INFO - Processing /usr/local/python/3.12.1/lib/python3.12/site-packages/airflow/example_dags/example_nested_branch_dag.py took 0.085 seconds
[2026-04-26T08:01:59.056+0000] {processor.py:161} INFO - Started process (PID=57656) to work on /usr/local/python/3.12.1/lib/python3.12/site-packages/airflow/example_dags/example_nested_branch_dag.py
[2026-04-26T08:01:59.057+0000] {processor.py:830} INFO - Processing file /usr/local/python/3.12.1/lib/python3.12/site-packages/airflow/example_dags/example_nested_branch_dag.py for tasks to queue
[2026-04-26T08:01:59.058+0000] {logging_mixin.py:188} INFO - [2026-04-26T08:01:59.058+0000] {dagbag.py:540} INFO - Filling up the DagBag from /usr/local/python/3.12.1/lib/python3.12/site-packages/airflow/example_dags/example_nested_branch_dag.py
[2026-04-26T08:01:59.071+0000] {processor.py:840} INFO - DAG(s) 'example_nested_branch_dag' retrieved from /usr/local/python/3.12.1/lib/python3.12/site-packages/airflow/example_dags/example_nested_branch_dag.py
[2026-04-26T08:01:59.080+0000] {logging_mixin.py:188} INFO - [2026-04-26T08:01:59.080+0000] {dag.py:3096} INFO - Sync 1 DAGs
[2026-04-26T08:01:59.098+0000] {logging_mixin.py:188} INFO - [2026-04-26T08:01:59.098+0000] {dag.py:3954} INFO - Setting next_dagrun for example_nested_branch_dag to 2026-04-25 00:00:00+00:00, run_after=2026-04-26 00:00:00+00:00
[2026-04-26T08:01:59.115+0000] {processor.py:183} INFO - Processing /usr/local/python/3.12.1/lib/python3.12/site-packages/airflow/example_dags/example_nested_branch_dag.py took 0.063 seconds
[2026-04-26T08:02:26.532+0000] {processor.py:161} INFO - Started process (PID=57945) to work on /usr/local/python/3.12.1/lib/python3.12/site-packages/airflow/example_dags/example_nested_branch_dag.py
[2026-04-26T08:02:26.533+0000] {processor.py:830} INFO - Processing file /usr/local/python/3.12.1/lib/python3.12/site-packages/airflow/example_dags/example_nested_branch_dag.py for tasks to queue
[2026-04-26T08:02:26.534+0000] {logging_mixin.py:188} INFO - [2026-04-26T08:02:26.533+0000] {dagbag.py:540} INFO - Filling up the DagBag from /usr/local/python/3.12.1/lib/python3.12/site-packages/airflow/example_dags/example_nested_branch_dag.py
[2026-04-26T08:02:26.542+0000] {processor.py:840} INFO - DAG(s) 'example_nested_branch_dag' retrieved from /usr/local/python/3.12.1/lib/python3.12/site-packages/airflow/example_dags/example_nested_branch_dag.py
[2026-04-26T08:02:26.560+0000] {logging_mixin.py:188} INFO - [2026-04-26T08:02:26.560+0000] {dag.py:3096} INFO - Sync 1 DAGs
[2026-04-26T08:02:26.591+0000] {logging_mixin.py:188} INFO - [2026-04-26T08:02:26.591+0000] {dag.py:3954} INFO - Setting next_dagrun for example_nested_branch_dag to 2026-04-25 00:00:00+00:00, run_after=2026-04-26 00:00:00+00:00
[2026-04-26T08:02:26.627+0000] {processor.py:183} INFO - Processing /usr/local/python/3.12.1/lib/python3.12/site-packages/airflow/example_dags/example_nested_branch_dag.py took 0.100 seconds
[2026-04-26T08:02:39.578+0000] {processor.py:161} INFO - Started process (PID=58179) to work on /usr/local/python/3.12.1/lib/python3.12/site-packages/airflow/example_dags/example_nested_branch_dag.py
[2026-04-26T08:02:39.579+0000] {processor.py:830} INFO - Processing file /usr/local/python/3.12.1/lib/python3.12/site-packages/airflow/example_dags/example_nested_branch_dag.py for tasks to queue
[2026-04-26T08:02:39.580+0000] {logging_mixin.py:188} INFO - [2026-04-26T08:02:39.579+0000] {dagbag.py:540} INFO - Filling up the DagBag from /usr/local/python/3.12.1/lib/python3.12/site-packages/airflow/example_dags/example_nested_branch_dag.py
[2026-04-26T08:02:39.588+0000] {processor.py:840} INFO - DAG(s) 'example_nested_branch_dag' retrieved from /usr/local/python/3.12.1/lib/python3.12/site-packages/airflow/example_dags/example_nested_branch_dag.py
[2026-04-26T08:02:39.603+0000] {logging_mixin.py:188} INFO - [2026-04-26T08:02:39.602+0000] {dag.py:3096} INFO - Sync 1 DAGs
[2026-04-26T08:02:39.621+0000] {logging_mixin.py:188} INFO - [2026-04-26T08:02:39.621+0000] {dag.py:3954} INFO - Setting next_dagrun for example_nested_branch_dag to 2026-04-25 00:00:00+00:00, run_after=2026-04-26 00:00:00+00:00
[2026-04-26T08:02:39.642+0000] {processor.py:183} INFO - Processing /usr/local/python/3.12.1/lib/python3.12/site-packages/airflow/example_dags/example_nested_branch_dag.py took 0.069 seconds
[2026-04-26T08:03:05.381+0000] {processor.py:161} INFO - Started process (PID=58605) to work on /usr/local/python/3.12.1/lib/python3.12/site-packages/airflow/example_dags/example_nested_branch_dag.py
[2026-04-26T08:03:05.382+0000] {processor.py:830} INFO - Processing file /usr/local/python/3.12.1/lib/python3.12/site-packages/airflow/example_dags/example_nested_branch_dag.py for tasks to queue
[2026-04-26T08:03:05.384+0000] {logging_mixin.py:188} INFO - [2026-04-26T08:03:05.383+0000] {dagbag.py:540} INFO - Filling up the DagBag from /usr/local/python/3.12.1/lib/python3.12/site-packages/airflow/example_dags/example_nested_branch_dag.py
[2026-04-26T08:03:05.400+0000] {processor.py:840} INFO - DAG(s) 'example_nested_branch_dag' retrieved from /usr/local/python/3.12.1/lib/python3.12/site-packages/airflow/example_dags/example_nested_branch_dag.py
[2026-04-26T08:03:05.427+0000] {logging_mixin.py:188} INFO - [2026-04-26T08:03:05.426+0000] {dag.py:3096} INFO - Sync 1 DAGs
[2026-04-26T08:03:05.488+0000] {logging_mixin.py:188} INFO - [2026-04-26T08:03:05.488+0000] {dag.py:3954} INFO - Setting next_dagrun for example_nested_branch_dag to 2026-04-25 00:00:00+00:00, run_after=2026-04-26 00:00:00+00:00
[2026-04-26T08:03:05.532+0000] {processor.py:183} INFO - Processing /usr/local/python/3.12.1/lib/python3.12/site-packages/airflow/example_dags/example_nested_branch_dag.py took 0.160 seconds
[2026-04-26T08:03:32.903+0000] {processor.py:161} INFO - Started process (PID=58909) to work on /usr/local/python/3.12.1/lib/python3.12/site-packages/airflow/example_dags/example_nested_branch_dag.py
[2026-04-26T08:03:32.906+0000] {processor.py:830} INFO - Processing file /usr/local/python/3.12.1/lib/python3.12/site-packages/airflow/example_dags/example_nested_branch_dag.py for tasks to queue
[2026-04-26T08:03:32.910+0000] {logging_mixin.py:188} INFO - [2026-04-26T08:03:32.908+0000] {dagbag.py:540} INFO - Filling up the DagBag from /usr/local/python/3.12.1/lib/python3.12/site-packages/airflow/example_dags/example_nested_branch_dag.py
[2026-04-26T08:03:32.939+0000] {processor.py:840} INFO - DAG(s) 'example_nested_branch_dag' retrieved from /usr/local/python/3.12.1/lib/python3.12/site-packages/airflow/example_dags/example_nested_branch_dag.py
[2026-04-26T08:03:32.989+0000] {logging_mixin.py:188} INFO - [2026-04-26T08:03:32.988+0000] {dag.py:3096} INFO - Sync 1 DAGs
[2026-04-26T08:03:33.011+0000] {logging_mixin.py:188} INFO - [2026-04-26T08:03:33.011+0000] {dag.py:3954} INFO - Setting next_dagrun for example_nested_branch_dag to 2026-04-25 00:00:00+00:00, run_after=2026-04-26 00:00:00+00:00
[2026-04-26T08:03:33.034+0000] {processor.py:183} INFO - Processing /usr/local/python/3.12.1/lib/python3.12/site-packages/airflow/example_dags/example_nested_branch_dag.py took 0.146 seconds
[2026-04-26T08:03:49.726+0000] {processor.py:161} INFO - Started process (PID=59115) to work on /usr/local/python/3.12.1/lib/python3.12/site-packages/airflow/example_dags/example_nested_branch_dag.py
[2026-04-26T08:03:49.729+0000] {processor.py:830} INFO - Processing file /usr/local/python/3.12.1/lib/python3.12/site-packages/airflow/example_dags/example_nested_branch_dag.py for tasks to queue
[2026-04-26T08:03:49.730+0000] {logging_mixin.py:188} INFO - [2026-04-26T08:03:49.730+0000] {dagbag.py:540} INFO - Filling up the DagBag from /usr/local/python/3.12.1/lib/python3.12/site-packages/airflow/example_dags/example_nested_branch_dag.py
[2026-04-26T08:03:49.744+0000] {processor.py:840} INFO - DAG(s) 'example_nested_branch_dag' retrieved from /usr/local/python/3.12.1/lib/python3.12/site-packages/airflow/example_dags/example_nested_branch_dag.py
[2026-04-26T08:03:49.768+0000] {logging_mixin.py:188} INFO - [2026-04-26T08:03:49.767+0000] {dag.py:3096} INFO - Sync 1 DAGs
[2026-04-26T08:03:49.792+0000] {logging_mixin.py:188} INFO - [2026-04-26T08:03:49.792+0000] {dag.py:3954} INFO - Setting next_dagrun for example_nested_branch_dag to 2026-04-25 00:00:00+00:00, run_after=2026-04-26 00:00:00+00:00
[2026-04-26T08:03:49.819+0000] {processor.py:183} INFO - Processing /usr/local/python/3.12.1/lib/python3.12/site-packages/airflow/example_dags/example_nested_branch_dag.py took 0.099 seconds
[2026-04-26T08:03:53.231+0000] {processor.py:161} INFO - Started process (PID=59138) to work on /usr/local/python/3.12.1/lib/python3.12/site-packages/airflow/example_dags/example_nested_branch_dag.py
[2026-04-26T08:03:53.231+0000] {processor.py:830} INFO - Processing file /usr/local/python/3.12.1/lib/python3.12/site-packages/airflow/example_dags/example_nested_branch_dag.py for tasks to queue
[2026-04-26T08:03:53.232+0000] {logging_mixin.py:188} INFO - [2026-04-26T08:03:53.232+0000] {dagbag.py:540} INFO - Filling up the DagBag from /usr/local/python/3.12.1/lib/python3.12/site-packages/airflow/example_dags/example_nested_branch_dag.py
[2026-04-26T08:03:53.247+0000] {processor.py:840} INFO - DAG(s) 'example_nested_branch_dag' retrieved from /usr/local/python/3.12.1/lib/python3.12/site-packages/airflow/example_dags/example_nested_branch_dag.py
[2026-04-26T08:03:53.292+0000] {logging_mixin.py:188} INFO - [2026-04-26T08:03:53.291+0000] {dag.py:3096} INFO - Sync 1 DAGs
[2026-04-26T08:03:53.344+0000] {logging_mixin.py:188} INFO - [2026-04-26T08:03:53.344+0000] {dag.py:3954} INFO - Setting next_dagrun for example_nested_branch_dag to 2026-04-25 00:00:00+00:00, run_after=2026-04-26 00:00:00+00:00
[2026-04-26T08:03:53.389+0000] {processor.py:183} INFO - Processing /usr/local/python/3.12.1/lib/python3.12/site-packages/airflow/example_dags/example_nested_branch_dag.py took 0.163 seconds
[2026-04-26T08:04:35.511+0000] {processor.py:161} INFO - Started process (PID=59551) to work on /usr/local/python/3.12.1/lib/python3.12/site-packages/airflow/example_dags/example_nested_branch_dag.py
[2026-04-26T08:04:35.512+0000] {processor.py:830} INFO - Processing file /usr/local/python/3.12.1/lib/python3.12/site-packages/airflow/example_dags/example_nested_branch_dag.py for tasks to queue
[2026-04-26T08:04:35.513+0000] {logging_mixin.py:188} INFO - [2026-04-26T08:04:35.512+0000] {dagbag.py:540} INFO - Filling up the DagBag from /usr/local/python/3.12.1/lib/python3.12/site-packages/airflow/example_dags/example_nested_branch_dag.py
[2026-04-26T08:04:35.523+0000] {processor.py:840} INFO - DAG(s) 'example_nested_branch_dag' retrieved from /usr/local/python/3.12.1/lib/python3.12/site-packages/airflow/example_dags/example_nested_branch_dag.py
[2026-04-26T08:04:35.536+0000] {logging_mixin.py:188} INFO - [2026-04-26T08:04:35.536+0000] {dag.py:3096} INFO - Sync 1 DAGs
[2026-04-26T08:04:35.558+0000] {logging_mixin.py:188} INFO - [2026-04-26T08:04:35.558+0000] {dag.py:3954} INFO - Setting next_dagrun for example_nested_branch_dag to 2026-04-25 00:00:00+00:00, run_after=2026-04-26 00:00:00+00:00
[2026-04-26T08:04:35.592+0000] {processor.py:183} INFO - Processing /usr/local/python/3.12.1/lib/python3.12/site-packages/airflow/example_dags/example_nested_branch_dag.py took 0.087 seconds
[2026-04-26T08:04:55.090+0000] {processor.py:161} INFO - Started process (PID=59727) to work on /usr/local/python/3.12.1/lib/python3.12/site-packages/airflow/example_dags/example_nested_branch_dag.py
[2026-04-26T08:04:55.091+0000] {processor.py:830} INFO - Processing file /usr/local/python/3.12.1/lib/python3.12/site-packages/airflow/example_dags/example_nested_branch_dag.py for tasks to queue
[2026-04-26T08:04:55.092+0000] {logging_mixin.py:188} INFO - [2026-04-26T08:04:55.092+0000] {dagbag.py:540} INFO - Filling up the DagBag from /usr/local/python/3.12.1/lib/python3.12/site-packages/airflow/example_dags/example_nested_branch_dag.py
[2026-04-26T08:04:55.100+0000] {processor.py:840} INFO - DAG(s) 'example_nested_branch_dag' retrieved from /usr/local/python/3.12.1/lib/python3.12/site-packages/airflow/example_dags/example_nested_branch_dag.py
[2026-04-26T08:04:55.114+0000] {logging_mixin.py:188} INFO - [2026-04-26T08:04:55.113+0000] {dag.py:3096} INFO - Sync 1 DAGs
[2026-04-26T08:04:55.136+0000] {logging_mixin.py:188} INFO - [2026-04-26T08:04:55.136+0000] {dag.py:3954} INFO - Setting next_dagrun for example_nested_branch_dag to 2026-04-25 00:00:00+00:00, run_after=2026-04-26 00:00:00+00:00
[2026-04-26T08:04:55.152+0000] {processor.py:183} INFO - Processing /usr/local/python/3.12.1/lib/python3.12/site-packages/airflow/example_dags/example_nested_branch_dag.py took 0.067 seconds
[2026-04-26T08:04:57.529+0000] {processor.py:161} INFO - Started process (PID=59761) to work on /usr/local/python/3.12.1/lib/python3.12/site-packages/airflow/example_dags/example_nested_branch_dag.py
[2026-04-26T08:04:57.530+0000] {processor.py:830} INFO - Processing file /usr/local/python/3.12.1/lib/python3.12/site-packages/airflow/example_dags/example_nested_branch_dag.py for tasks to queue
[2026-04-26T08:04:57.531+0000] {logging_mixin.py:188} INFO - [2026-04-26T08:04:57.530+0000] {dagbag.py:540} INFO - Filling up the DagBag from /usr/local/python/3.12.1/lib/python3.12/site-packages/airflow/example_dags/example_nested_branch_dag.py
[2026-04-26T08:04:57.541+0000] {processor.py:840} INFO - DAG(s) 'example_nested_branch_dag' retrieved from /usr/local/python/3.12.1/lib/python3.12/site-packages/airflow/example_dags/example_nested_branch_dag.py
[2026-04-26T08:04:57.559+0000] {logging_mixin.py:188} INFO - [2026-04-26T08:04:57.559+0000] {dag.py:3096} INFO - Sync 1 DAGs
[2026-04-26T08:04:57.587+0000] {logging_mixin.py:188} INFO - [2026-04-26T08:04:57.586+0000] {dag.py:3954} INFO - Setting next_dagrun for example_nested_branch_dag to 2026-04-25 00:00:00+00:00, run_after=2026-04-26 00:00:00+00:00
[2026-04-26T08:04:57.607+0000] {processor.py:183} INFO - Processing /usr/local/python/3.12.1/lib/python3.12/site-packages/airflow/example_dags/example_nested_branch_dag.py took 0.085 seconds
[2026-04-26T08:05:19.598+0000] {processor.py:161} INFO - Started process (PID=60046) to work on /usr/local/python/3.12.1/lib/python3.12/site-packages/airflow/example_dags/example_nested_branch_dag.py
[2026-04-26T08:05:19.599+0000] {processor.py:830} INFO - Processing file /usr/local/python/3.12.1/lib/python3.12/site-packages/airflow/example_dags/example_nested_branch_dag.py for tasks to queue
[2026-04-26T08:05:19.600+0000] {logging_mixin.py:188} INFO - [2026-04-26T08:05:19.599+0000] {dagbag.py:540} INFO - Filling up the DagBag from /usr/local/python/3.12.1/lib/python3.12/site-packages/airflow/example_dags/example_nested_branch_dag.py
[2026-04-26T08:05:19.608+0000] {processor.py:840} INFO - DAG(s) 'example_nested_branch_dag' retrieved from /usr/local/python/3.12.1/lib/python3.12/site-packages/airflow/example_dags/example_nested_branch_dag.py
[2026-04-26T08:05:19.621+0000] {logging_mixin.py:188} INFO - [2026-04-26T08:05:19.620+0000] {dag.py:3096} INFO - Sync 1 DAGs
[2026-04-26T08:05:19.637+0000] {logging_mixin.py:188} INFO - [2026-04-26T08:05:19.636+0000] {dag.py:3954} INFO - Setting next_dagrun for example_nested_branch_dag to 2026-04-25 00:00:00+00:00, run_after=2026-04-26 00:00:00+00:00
[2026-04-26T08:05:19.653+0000] {processor.py:183} INFO - Processing /usr/local/python/3.12.1/lib/python3.12/site-packages/airflow/example_dags/example_nested_branch_dag.py took 0.059 seconds
