[2026-04-26T06:55:45.329+0000] {processor.py:161} INFO - Started process (PID=10358) to work on /usr/local/python/3.12.1/lib/python3.12/site-packages/airflow/example_dags/example_datasets.py
[2026-04-26T06:55:45.330+0000] {processor.py:830} INFO - Processing file /usr/local/python/3.12.1/lib/python3.12/site-packages/airflow/example_dags/example_datasets.py for tasks to queue
[2026-04-26T06:55:45.330+0000] {logging_mixin.py:188} INFO - [2026-04-26T06:55:45.330+0000] {dagbag.py:540} INFO - Filling up the DagBag from /usr/local/python/3.12.1/lib/python3.12/site-packages/airflow/example_dags/example_datasets.py
[2026-04-26T06:55:45.341+0000] {processor.py:840} INFO - DAG(s) 'dataset_produces_1', 'dataset_produces_2', 'dataset_consumes_1_and_2', 'dataset_consumes_1_never_scheduled', 'consume_1_and_2_with_dataset_expressions', 'consume_1_or_both_2_and_3_with_dataset_expressions', 'dataset_consumes_unknown_never_scheduled', 'conditional_dataset_and_time_based_timetable', 'consume_1_or_2_with_dataset_expressions', 'dataset_consumes_1' retrieved from /usr/local/python/3.12.1/lib/python3.12/site-packages/airflow/example_dags/example_datasets.py
[2026-04-26T06:55:45.502+0000] {logging_mixin.py:188} INFO - [2026-04-26T06:55:45.502+0000] {dag.py:3096} INFO - Sync 10 DAGs
[2026-04-26T06:55:45.522+0000] {logging_mixin.py:188} INFO - [2026-04-26T06:55:45.522+0000] {dag.py:3954} INFO - Setting next_dagrun for conditional_dataset_and_time_based_timetable to 2026-04-22 01:00:00+00:00, run_after=2026-04-22 01:00:00+00:00
[2026-04-26T06:55:45.526+0000] {logging_mixin.py:188} INFO - [2026-04-26T06:55:45.526+0000] {dag.py:3954} INFO - Setting next_dagrun for consume_1_and_2_with_dataset_expressions to None, run_after=None
[2026-04-26T06:55:45.528+0000] {logging_mixin.py:188} INFO - [2026-04-26T06:55:45.527+0000] {dag.py:3954} INFO - Setting next_dagrun for consume_1_or_2_with_dataset_expressions to None, run_after=None
[2026-04-26T06:55:45.529+0000] {logging_mixin.py:188} INFO - [2026-04-26T06:55:45.529+0000] {dag.py:3954} INFO - Setting next_dagrun for consume_1_or_both_2_and_3_with_dataset_expressions to None, run_after=None
[2026-04-26T06:55:45.529+0000] {logging_mixin.py:188} INFO - [2026-04-26T06:55:45.529+0000] {dag.py:3954} INFO - Setting next_dagrun for dataset_consumes_1 to None, run_after=None
[2026-04-26T06:55:45.530+0000] {logging_mixin.py:188} INFO - [2026-04-26T06:55:45.530+0000] {dag.py:3954} INFO - Setting next_dagrun for dataset_consumes_1_and_2 to None, run_after=None
[2026-04-26T06:55:45.531+0000] {logging_mixin.py:188} INFO - [2026-04-26T06:55:45.531+0000] {dag.py:3954} INFO - Setting next_dagrun for dataset_consumes_1_never_scheduled to None, run_after=None
[2026-04-26T06:55:45.532+0000] {logging_mixin.py:188} INFO - [2026-04-26T06:55:45.532+0000] {dag.py:3954} INFO - Setting next_dagrun for dataset_consumes_unknown_never_scheduled to None, run_after=None
[2026-04-26T06:55:45.535+0000] {logging_mixin.py:188} INFO - [2026-04-26T06:55:45.535+0000] {dag.py:3954} INFO - Setting next_dagrun for dataset_produces_1 to 2026-04-25 00:00:00+00:00, run_after=2026-04-26 00:00:00+00:00
[2026-04-26T06:55:45.536+0000] {logging_mixin.py:188} INFO - [2026-04-26T06:55:45.536+0000] {dag.py:3954} INFO - Setting next_dagrun for dataset_produces_2 to None, run_after=None
[2026-04-26T06:55:45.583+0000] {processor.py:183} INFO - Processing /usr/local/python/3.12.1/lib/python3.12/site-packages/airflow/example_dags/example_datasets.py took 0.258 seconds
[2026-04-26T06:56:35.700+0000] {processor.py:161} INFO - Started process (PID=10778) to work on /usr/local/python/3.12.1/lib/python3.12/site-packages/airflow/example_dags/example_datasets.py
[2026-04-26T06:56:35.700+0000] {processor.py:830} INFO - Processing file /usr/local/python/3.12.1/lib/python3.12/site-packages/airflow/example_dags/example_datasets.py for tasks to queue
[2026-04-26T06:56:35.701+0000] {logging_mixin.py:188} INFO - [2026-04-26T06:56:35.701+0000] {dagbag.py:540} INFO - Filling up the DagBag from /usr/local/python/3.12.1/lib/python3.12/site-packages/airflow/example_dags/example_datasets.py
[2026-04-26T06:56:35.712+0000] {processor.py:840} INFO - DAG(s) 'dataset_consumes_1', 'dataset_consumes_unknown_never_scheduled', 'dataset_produces_2', 'dataset_consumes_1_and_2', 'dataset_produces_1', 'dataset_consumes_1_never_scheduled', 'consume_1_or_both_2_and_3_with_dataset_expressions', 'conditional_dataset_and_time_based_timetable', 'consume_1_and_2_with_dataset_expressions', 'consume_1_or_2_with_dataset_expressions' retrieved from /usr/local/python/3.12.1/lib/python3.12/site-packages/airflow/example_dags/example_datasets.py
[2026-04-26T06:56:35.746+0000] {logging_mixin.py:188} INFO - [2026-04-26T06:56:35.746+0000] {dag.py:3096} INFO - Sync 10 DAGs
[2026-04-26T06:56:35.762+0000] {logging_mixin.py:188} INFO - [2026-04-26T06:56:35.762+0000] {dag.py:3954} INFO - Setting next_dagrun for conditional_dataset_and_time_based_timetable to 2026-04-22 01:00:00+00:00, run_after=2026-04-22 01:00:00+00:00
[2026-04-26T06:56:35.766+0000] {logging_mixin.py:188} INFO - [2026-04-26T06:56:35.766+0000] {dag.py:3954} INFO - Setting next_dagrun for consume_1_and_2_with_dataset_expressions to None, run_after=None
[2026-04-26T06:56:35.767+0000] {logging_mixin.py:188} INFO - [2026-04-26T06:56:35.766+0000] {dag.py:3954} INFO - Setting next_dagrun for consume_1_or_2_with_dataset_expressions to None, run_after=None
[2026-04-26T06:56:35.767+0000] {logging_mixin.py:188} INFO - [2026-04-26T06:56:35.767+0000] {dag.py:3954} INFO - Setting next_dagrun for consume_1_or_both_2_and_3_with_dataset_expressions to None, run_after=None
[2026-04-26T06:56:35.768+0000] {logging_mixin.py:188} INFO - [2026-04-26T06:56:35.768+0000] {dag.py:3954} INFO - Setting next_dagrun for dataset_consumes_1 to None, run_after=None
[2026-04-26T06:56:35.769+0000] {logging_mixin.py:188} INFO - [2026-04-26T06:56:35.769+0000] {dag.py:3954} INFO - Setting next_dagrun for dataset_consumes_1_and_2 to None, run_after=None
[2026-04-26T06:56:35.769+0000] {logging_mixin.py:188} INFO - [2026-04-26T06:56:35.769+0000] {dag.py:3954} INFO - Setting next_dagrun for dataset_consumes_1_never_scheduled to None, run_after=None
[2026-04-26T06:56:35.770+0000] {logging_mixin.py:188} INFO - [2026-04-26T06:56:35.770+0000] {dag.py:3954} INFO - Setting next_dagrun for dataset_consumes_unknown_never_scheduled to None, run_after=None
[2026-04-26T06:56:35.772+0000] {logging_mixin.py:188} INFO - [2026-04-26T06:56:35.772+0000] {dag.py:3954} INFO - Setting next_dagrun for dataset_produces_1 to 2026-04-25 00:00:00+00:00, run_after=2026-04-26 00:00:00+00:00
[2026-04-26T06:56:35.773+0000] {logging_mixin.py:188} INFO - [2026-04-26T06:56:35.772+0000] {dag.py:3954} INFO - Setting next_dagrun for dataset_produces_2 to None, run_after=None
[2026-04-26T06:56:35.797+0000] {processor.py:183} INFO - Processing /usr/local/python/3.12.1/lib/python3.12/site-packages/airflow/example_dags/example_datasets.py took 0.101 seconds
[2026-04-26T06:57:38.914+0000] {processor.py:161} INFO - Started process (PID=11463) to work on /usr/local/python/3.12.1/lib/python3.12/site-packages/airflow/example_dags/example_datasets.py
[2026-04-26T06:57:38.914+0000] {processor.py:830} INFO - Processing file /usr/local/python/3.12.1/lib/python3.12/site-packages/airflow/example_dags/example_datasets.py for tasks to queue
[2026-04-26T06:57:38.915+0000] {logging_mixin.py:188} INFO - [2026-04-26T06:57:38.915+0000] {dagbag.py:540} INFO - Filling up the DagBag from /usr/local/python/3.12.1/lib/python3.12/site-packages/airflow/example_dags/example_datasets.py
[2026-04-26T06:57:38.926+0000] {processor.py:840} INFO - DAG(s) 'consume_1_and_2_with_dataset_expressions', 'dataset_produces_2', 'consume_1_or_2_with_dataset_expressions', 'consume_1_or_both_2_and_3_with_dataset_expressions', 'dataset_consumes_1', 'dataset_consumes_1_never_scheduled', 'dataset_consumes_unknown_never_scheduled', 'dataset_produces_1', 'conditional_dataset_and_time_based_timetable', 'dataset_consumes_1_and_2' retrieved from /usr/local/python/3.12.1/lib/python3.12/site-packages/airflow/example_dags/example_datasets.py
[2026-04-26T06:57:38.954+0000] {logging_mixin.py:188} INFO - [2026-04-26T06:57:38.953+0000] {dag.py:3096} INFO - Sync 10 DAGs
[2026-04-26T06:57:38.970+0000] {logging_mixin.py:188} INFO - [2026-04-26T06:57:38.970+0000] {dag.py:3954} INFO - Setting next_dagrun for conditional_dataset_and_time_based_timetable to 2026-04-22 01:00:00+00:00, run_after=2026-04-22 01:00:00+00:00
[2026-04-26T06:57:38.973+0000] {logging_mixin.py:188} INFO - [2026-04-26T06:57:38.973+0000] {dag.py:3954} INFO - Setting next_dagrun for consume_1_and_2_with_dataset_expressions to None, run_after=None
[2026-04-26T06:57:38.974+0000] {logging_mixin.py:188} INFO - [2026-04-26T06:57:38.974+0000] {dag.py:3954} INFO - Setting next_dagrun for consume_1_or_2_with_dataset_expressions to None, run_after=None
[2026-04-26T06:57:38.975+0000] {logging_mixin.py:188} INFO - [2026-04-26T06:57:38.974+0000] {dag.py:3954} INFO - Setting next_dagrun for consume_1_or_both_2_and_3_with_dataset_expressions to None, run_after=None
[2026-04-26T06:57:38.975+0000] {logging_mixin.py:188} INFO - [2026-04-26T06:57:38.975+0000] {dag.py:3954} INFO - Setting next_dagrun for dataset_consumes_1 to None, run_after=None
[2026-04-26T06:57:38.976+0000] {logging_mixin.py:188} INFO - [2026-04-26T06:57:38.976+0000] {dag.py:3954} INFO - Setting next_dagrun for dataset_consumes_1_and_2 to None, run_after=None
[2026-04-26T06:57:38.977+0000] {logging_mixin.py:188} INFO - [2026-04-26T06:57:38.977+0000] {dag.py:3954} INFO - Setting next_dagrun for dataset_consumes_1_never_scheduled to None, run_after=None
[2026-04-26T06:57:38.977+0000] {logging_mixin.py:188} INFO - [2026-04-26T06:57:38.977+0000] {dag.py:3954} INFO - Setting next_dagrun for dataset_consumes_unknown_never_scheduled to None, run_after=None
[2026-04-26T06:57:38.979+0000] {logging_mixin.py:188} INFO - [2026-04-26T06:57:38.979+0000] {dag.py:3954} INFO - Setting next_dagrun for dataset_produces_1 to 2026-04-25 00:00:00+00:00, run_after=2026-04-26 00:00:00+00:00
[2026-04-26T06:57:38.980+0000] {logging_mixin.py:188} INFO - [2026-04-26T06:57:38.980+0000] {dag.py:3954} INFO - Setting next_dagrun for dataset_produces_2 to None, run_after=None
[2026-04-26T06:57:39.004+0000] {processor.py:183} INFO - Processing /usr/local/python/3.12.1/lib/python3.12/site-packages/airflow/example_dags/example_datasets.py took 0.094 seconds
[2026-04-26T06:58:41.912+0000] {processor.py:161} INFO - Started process (PID=12266) to work on /usr/local/python/3.12.1/lib/python3.12/site-packages/airflow/example_dags/example_datasets.py
[2026-04-26T06:58:41.913+0000] {processor.py:830} INFO - Processing file /usr/local/python/3.12.1/lib/python3.12/site-packages/airflow/example_dags/example_datasets.py for tasks to queue
[2026-04-26T06:58:41.914+0000] {logging_mixin.py:188} INFO - [2026-04-26T06:58:41.913+0000] {dagbag.py:540} INFO - Filling up the DagBag from /usr/local/python/3.12.1/lib/python3.12/site-packages/airflow/example_dags/example_datasets.py
[2026-04-26T06:58:41.925+0000] {processor.py:840} INFO - DAG(s) 'dataset_consumes_1', 'dataset_consumes_1_and_2', 'consume_1_or_both_2_and_3_with_dataset_expressions', 'dataset_consumes_unknown_never_scheduled', 'dataset_produces_2', 'dataset_consumes_1_never_scheduled', 'dataset_produces_1', 'consume_1_and_2_with_dataset_expressions', 'consume_1_or_2_with_dataset_expressions', 'conditional_dataset_and_time_based_timetable' retrieved from /usr/local/python/3.12.1/lib/python3.12/site-packages/airflow/example_dags/example_datasets.py
[2026-04-26T06:58:41.952+0000] {logging_mixin.py:188} INFO - [2026-04-26T06:58:41.952+0000] {dag.py:3096} INFO - Sync 10 DAGs
[2026-04-26T06:58:41.968+0000] {logging_mixin.py:188} INFO - [2026-04-26T06:58:41.968+0000] {dag.py:3954} INFO - Setting next_dagrun for conditional_dataset_and_time_based_timetable to 2026-04-22 01:00:00+00:00, run_after=2026-04-22 01:00:00+00:00
[2026-04-26T06:58:41.971+0000] {logging_mixin.py:188} INFO - [2026-04-26T06:58:41.971+0000] {dag.py:3954} INFO - Setting next_dagrun for consume_1_and_2_with_dataset_expressions to None, run_after=None
[2026-04-26T06:58:41.971+0000] {logging_mixin.py:188} INFO - [2026-04-26T06:58:41.971+0000] {dag.py:3954} INFO - Setting next_dagrun for consume_1_or_2_with_dataset_expressions to None, run_after=None
[2026-04-26T06:58:41.972+0000] {logging_mixin.py:188} INFO - [2026-04-26T06:58:41.972+0000] {dag.py:3954} INFO - Setting next_dagrun for consume_1_or_both_2_and_3_with_dataset_expressions to None, run_after=None
[2026-04-26T06:58:41.973+0000] {logging_mixin.py:188} INFO - [2026-04-26T06:58:41.973+0000] {dag.py:3954} INFO - Setting next_dagrun for dataset_consumes_1 to None, run_after=None
[2026-04-26T06:58:41.974+0000] {logging_mixin.py:188} INFO - [2026-04-26T06:58:41.973+0000] {dag.py:3954} INFO - Setting next_dagrun for dataset_consumes_1_and_2 to None, run_after=None
[2026-04-26T06:58:41.974+0000] {logging_mixin.py:188} INFO - [2026-04-26T06:58:41.974+0000] {dag.py:3954} INFO - Setting next_dagrun for dataset_consumes_1_never_scheduled to None, run_after=None
[2026-04-26T06:58:41.975+0000] {logging_mixin.py:188} INFO - [2026-04-26T06:58:41.975+0000] {dag.py:3954} INFO - Setting next_dagrun for dataset_consumes_unknown_never_scheduled to None, run_after=None
[2026-04-26T06:58:41.977+0000] {logging_mixin.py:188} INFO - [2026-04-26T06:58:41.976+0000] {dag.py:3954} INFO - Setting next_dagrun for dataset_produces_1 to 2026-04-25 00:00:00+00:00, run_after=2026-04-26 00:00:00+00:00
[2026-04-26T06:58:41.977+0000] {logging_mixin.py:188} INFO - [2026-04-26T06:58:41.977+0000] {dag.py:3954} INFO - Setting next_dagrun for dataset_produces_2 to None, run_after=None
[2026-04-26T06:58:42.001+0000] {processor.py:183} INFO - Processing /usr/local/python/3.12.1/lib/python3.12/site-packages/airflow/example_dags/example_datasets.py took 0.092 seconds
[2026-04-26T06:59:39.371+0000] {processor.py:161} INFO - Started process (PID=12818) to work on /usr/local/python/3.12.1/lib/python3.12/site-packages/airflow/example_dags/example_datasets.py
[2026-04-26T06:59:39.372+0000] {processor.py:830} INFO - Processing file /usr/local/python/3.12.1/lib/python3.12/site-packages/airflow/example_dags/example_datasets.py for tasks to queue
[2026-04-26T06:59:39.373+0000] {logging_mixin.py:188} INFO - [2026-04-26T06:59:39.372+0000] {dagbag.py:540} INFO - Filling up the DagBag from /usr/local/python/3.12.1/lib/python3.12/site-packages/airflow/example_dags/example_datasets.py
[2026-04-26T06:59:39.386+0000] {processor.py:840} INFO - DAG(s) 'consume_1_or_2_with_dataset_expressions', 'conditional_dataset_and_time_based_timetable', 'dataset_consumes_unknown_never_scheduled', 'dataset_consumes_1_never_scheduled', 'dataset_produces_1', 'consume_1_and_2_with_dataset_expressions', 'consume_1_or_both_2_and_3_with_dataset_expressions', 'dataset_consumes_1_and_2', 'dataset_consumes_1', 'dataset_produces_2' retrieved from /usr/local/python/3.12.1/lib/python3.12/site-packages/airflow/example_dags/example_datasets.py
[2026-04-26T06:59:39.413+0000] {logging_mixin.py:188} INFO - [2026-04-26T06:59:39.413+0000] {dag.py:3096} INFO - Sync 10 DAGs
[2026-04-26T06:59:39.430+0000] {logging_mixin.py:188} INFO - [2026-04-26T06:59:39.430+0000] {dag.py:3954} INFO - Setting next_dagrun for conditional_dataset_and_time_based_timetable to 2026-04-22 01:00:00+00:00, run_after=2026-04-22 01:00:00+00:00
[2026-04-26T06:59:39.433+0000] {logging_mixin.py:188} INFO - [2026-04-26T06:59:39.433+0000] {dag.py:3954} INFO - Setting next_dagrun for consume_1_and_2_with_dataset_expressions to None, run_after=None
[2026-04-26T06:59:39.434+0000] {logging_mixin.py:188} INFO - [2026-04-26T06:59:39.433+0000] {dag.py:3954} INFO - Setting next_dagrun for consume_1_or_2_with_dataset_expressions to None, run_after=None
[2026-04-26T06:59:39.434+0000] {logging_mixin.py:188} INFO - [2026-04-26T06:59:39.434+0000] {dag.py:3954} INFO - Setting next_dagrun for consume_1_or_both_2_and_3_with_dataset_expressions to None, run_after=None
[2026-04-26T06:59:39.435+0000] {logging_mixin.py:188} INFO - [2026-04-26T06:59:39.435+0000] {dag.py:3954} INFO - Setting next_dagrun for dataset_consumes_1 to None, run_after=None
[2026-04-26T06:59:39.436+0000] {logging_mixin.py:188} INFO - [2026-04-26T06:59:39.436+0000] {dag.py:3954} INFO - Setting next_dagrun for dataset_consumes_1_and_2 to None, run_after=None
[2026-04-26T06:59:39.437+0000] {logging_mixin.py:188} INFO - [2026-04-26T06:59:39.436+0000] {dag.py:3954} INFO - Setting next_dagrun for dataset_consumes_1_never_scheduled to None, run_after=None
[2026-04-26T06:59:39.437+0000] {logging_mixin.py:188} INFO - [2026-04-26T06:59:39.437+0000] {dag.py:3954} INFO - Setting next_dagrun for dataset_consumes_unknown_never_scheduled to None, run_after=None
[2026-04-26T06:59:39.439+0000] {logging_mixin.py:188} INFO - [2026-04-26T06:59:39.439+0000] {dag.py:3954} INFO - Setting next_dagrun for dataset_produces_1 to 2026-04-25 00:00:00+00:00, run_after=2026-04-26 00:00:00+00:00
[2026-04-26T06:59:39.440+0000] {logging_mixin.py:188} INFO - [2026-04-26T06:59:39.440+0000] {dag.py:3954} INFO - Setting next_dagrun for dataset_produces_2 to None, run_after=None
[2026-04-26T06:59:39.463+0000] {processor.py:183} INFO - Processing /usr/local/python/3.12.1/lib/python3.12/site-packages/airflow/example_dags/example_datasets.py took 0.097 seconds
[2026-04-26T07:00:44.402+0000] {processor.py:161} INFO - Started process (PID=13423) to work on /usr/local/python/3.12.1/lib/python3.12/site-packages/airflow/example_dags/example_datasets.py
[2026-04-26T07:00:44.407+0000] {processor.py:830} INFO - Processing file /usr/local/python/3.12.1/lib/python3.12/site-packages/airflow/example_dags/example_datasets.py for tasks to queue
[2026-04-26T07:00:44.410+0000] {logging_mixin.py:188} INFO - [2026-04-26T07:00:44.408+0000] {dagbag.py:540} INFO - Filling up the DagBag from /usr/local/python/3.12.1/lib/python3.12/site-packages/airflow/example_dags/example_datasets.py
[2026-04-26T07:00:44.442+0000] {processor.py:840} INFO - DAG(s) 'dataset_consumes_1_never_scheduled', 'dataset_produces_2', 'conditional_dataset_and_time_based_timetable', 'consume_1_and_2_with_dataset_expressions', 'consume_1_or_2_with_dataset_expressions', 'dataset_produces_1', 'dataset_consumes_unknown_never_scheduled', 'dataset_consumes_1_and_2', 'dataset_consumes_1', 'consume_1_or_both_2_and_3_with_dataset_expressions' retrieved from /usr/local/python/3.12.1/lib/python3.12/site-packages/airflow/example_dags/example_datasets.py
[2026-04-26T07:00:44.484+0000] {logging_mixin.py:188} INFO - [2026-04-26T07:00:44.484+0000] {dag.py:3096} INFO - Sync 10 DAGs
[2026-04-26T07:00:44.502+0000] {logging_mixin.py:188} INFO - [2026-04-26T07:00:44.502+0000] {dag.py:3954} INFO - Setting next_dagrun for conditional_dataset_and_time_based_timetable to 2026-04-22 01:00:00+00:00, run_after=2026-04-22 01:00:00+00:00
[2026-04-26T07:00:44.505+0000] {logging_mixin.py:188} INFO - [2026-04-26T07:00:44.505+0000] {dag.py:3954} INFO - Setting next_dagrun for consume_1_and_2_with_dataset_expressions to None, run_after=None
[2026-04-26T07:00:44.506+0000] {logging_mixin.py:188} INFO - [2026-04-26T07:00:44.506+0000] {dag.py:3954} INFO - Setting next_dagrun for consume_1_or_2_with_dataset_expressions to None, run_after=None
[2026-04-26T07:00:44.506+0000] {logging_mixin.py:188} INFO - [2026-04-26T07:00:44.506+0000] {dag.py:3954} INFO - Setting next_dagrun for consume_1_or_both_2_and_3_with_dataset_expressions to None, run_after=None
[2026-04-26T07:00:44.507+0000] {logging_mixin.py:188} INFO - [2026-04-26T07:00:44.507+0000] {dag.py:3954} INFO - Setting next_dagrun for dataset_consumes_1 to None, run_after=None
[2026-04-26T07:00:44.508+0000] {logging_mixin.py:188} INFO - [2026-04-26T07:00:44.508+0000] {dag.py:3954} INFO - Setting next_dagrun for dataset_consumes_1_and_2 to None, run_after=None
[2026-04-26T07:00:44.509+0000] {logging_mixin.py:188} INFO - [2026-04-26T07:00:44.508+0000] {dag.py:3954} INFO - Setting next_dagrun for dataset_consumes_1_never_scheduled to None, run_after=None
[2026-04-26T07:00:44.509+0000] {logging_mixin.py:188} INFO - [2026-04-26T07:00:44.509+0000] {dag.py:3954} INFO - Setting next_dagrun for dataset_consumes_unknown_never_scheduled to None, run_after=None
[2026-04-26T07:00:44.511+0000] {logging_mixin.py:188} INFO - [2026-04-26T07:00:44.511+0000] {dag.py:3954} INFO - Setting next_dagrun for dataset_produces_1 to 2026-04-25 00:00:00+00:00, run_after=2026-04-26 00:00:00+00:00
[2026-04-26T07:00:44.512+0000] {logging_mixin.py:188} INFO - [2026-04-26T07:00:44.511+0000] {dag.py:3954} INFO - Setting next_dagrun for dataset_produces_2 to None, run_after=None
[2026-04-26T07:00:44.534+0000] {processor.py:183} INFO - Processing /usr/local/python/3.12.1/lib/python3.12/site-packages/airflow/example_dags/example_datasets.py took 0.144 seconds
[2026-04-26T07:01:50.245+0000] {processor.py:161} INFO - Started process (PID=13988) to work on /usr/local/python/3.12.1/lib/python3.12/site-packages/airflow/example_dags/example_datasets.py
[2026-04-26T07:01:50.246+0000] {processor.py:830} INFO - Processing file /usr/local/python/3.12.1/lib/python3.12/site-packages/airflow/example_dags/example_datasets.py for tasks to queue
[2026-04-26T07:01:50.247+0000] {logging_mixin.py:188} INFO - [2026-04-26T07:01:50.247+0000] {dagbag.py:540} INFO - Filling up the DagBag from /usr/local/python/3.12.1/lib/python3.12/site-packages/airflow/example_dags/example_datasets.py
[2026-04-26T07:01:50.270+0000] {processor.py:840} INFO - DAG(s) 'dataset_consumes_1_and_2', 'dataset_consumes_1_never_scheduled', 'dataset_produces_2', 'dataset_consumes_1', 'dataset_consumes_unknown_never_scheduled', 'consume_1_or_both_2_and_3_with_dataset_expressions', 'conditional_dataset_and_time_based_timetable', 'consume_1_and_2_with_dataset_expressions', 'consume_1_or_2_with_dataset_expressions', 'dataset_produces_1' retrieved from /usr/local/python/3.12.1/lib/python3.12/site-packages/airflow/example_dags/example_datasets.py
[2026-04-26T07:01:50.334+0000] {logging_mixin.py:188} INFO - [2026-04-26T07:01:50.334+0000] {dag.py:3096} INFO - Sync 10 DAGs
[2026-04-26T07:01:50.368+0000] {logging_mixin.py:188} INFO - [2026-04-26T07:01:50.368+0000] {dag.py:3954} INFO - Setting next_dagrun for conditional_dataset_and_time_based_timetable to 2026-04-22 01:00:00+00:00, run_after=2026-04-22 01:00:00+00:00
[2026-04-26T07:01:50.377+0000] {logging_mixin.py:188} INFO - [2026-04-26T07:01:50.376+0000] {dag.py:3954} INFO - Setting next_dagrun for consume_1_and_2_with_dataset_expressions to None, run_after=None
[2026-04-26T07:01:50.380+0000] {logging_mixin.py:188} INFO - [2026-04-26T07:01:50.379+0000] {dag.py:3954} INFO - Setting next_dagrun for consume_1_or_2_with_dataset_expressions to None, run_after=None
[2026-04-26T07:01:50.381+0000] {logging_mixin.py:188} INFO - [2026-04-26T07:01:50.380+0000] {dag.py:3954} INFO - Setting next_dagrun for consume_1_or_both_2_and_3_with_dataset_expressions to None, run_after=None
[2026-04-26T07:01:50.382+0000] {logging_mixin.py:188} INFO - [2026-04-26T07:01:50.381+0000] {dag.py:3954} INFO - Setting next_dagrun for dataset_consumes_1 to None, run_after=None
[2026-04-26T07:01:50.383+0000] {logging_mixin.py:188} INFO - [2026-04-26T07:01:50.382+0000] {dag.py:3954} INFO - Setting next_dagrun for dataset_consumes_1_and_2 to None, run_after=None
[2026-04-26T07:01:50.384+0000] {logging_mixin.py:188} INFO - [2026-04-26T07:01:50.383+0000] {dag.py:3954} INFO - Setting next_dagrun for dataset_consumes_1_never_scheduled to None, run_after=None
[2026-04-26T07:01:50.385+0000] {logging_mixin.py:188} INFO - [2026-04-26T07:01:50.385+0000] {dag.py:3954} INFO - Setting next_dagrun for dataset_consumes_unknown_never_scheduled to None, run_after=None
[2026-04-26T07:01:50.387+0000] {logging_mixin.py:188} INFO - [2026-04-26T07:01:50.387+0000] {dag.py:3954} INFO - Setting next_dagrun for dataset_produces_1 to 2026-04-25 00:00:00+00:00, run_after=2026-04-26 00:00:00+00:00
[2026-04-26T07:01:50.389+0000] {logging_mixin.py:188} INFO - [2026-04-26T07:01:50.388+0000] {dag.py:3954} INFO - Setting next_dagrun for dataset_produces_2 to None, run_after=None
[2026-04-26T07:01:50.422+0000] {processor.py:183} INFO - Processing /usr/local/python/3.12.1/lib/python3.12/site-packages/airflow/example_dags/example_datasets.py took 0.184 seconds
[2026-04-26T07:02:59.546+0000] {processor.py:161} INFO - Started process (PID=14575) to work on /usr/local/python/3.12.1/lib/python3.12/site-packages/airflow/example_dags/example_datasets.py
[2026-04-26T07:02:59.547+0000] {processor.py:830} INFO - Processing file /usr/local/python/3.12.1/lib/python3.12/site-packages/airflow/example_dags/example_datasets.py for tasks to queue
[2026-04-26T07:02:59.548+0000] {logging_mixin.py:188} INFO - [2026-04-26T07:02:59.548+0000] {dagbag.py:540} INFO - Filling up the DagBag from /usr/local/python/3.12.1/lib/python3.12/site-packages/airflow/example_dags/example_datasets.py
[2026-04-26T07:02:59.566+0000] {processor.py:840} INFO - DAG(s) 'dataset_produces_1', 'dataset_consumes_1_and_2', 'dataset_produces_2', 'dataset_consumes_unknown_never_scheduled', 'conditional_dataset_and_time_based_timetable', 'dataset_consumes_1', 'consume_1_or_both_2_and_3_with_dataset_expressions', 'consume_1_and_2_with_dataset_expressions', 'consume_1_or_2_with_dataset_expressions', 'dataset_consumes_1_never_scheduled' retrieved from /usr/local/python/3.12.1/lib/python3.12/site-packages/airflow/example_dags/example_datasets.py
[2026-04-26T07:02:59.605+0000] {logging_mixin.py:188} INFO - [2026-04-26T07:02:59.605+0000] {dag.py:3096} INFO - Sync 10 DAGs
[2026-04-26T07:02:59.622+0000] {logging_mixin.py:188} INFO - [2026-04-26T07:02:59.622+0000] {dag.py:3954} INFO - Setting next_dagrun for conditional_dataset_and_time_based_timetable to 2026-04-22 01:00:00+00:00, run_after=2026-04-22 01:00:00+00:00
[2026-04-26T07:02:59.626+0000] {logging_mixin.py:188} INFO - [2026-04-26T07:02:59.626+0000] {dag.py:3954} INFO - Setting next_dagrun for consume_1_and_2_with_dataset_expressions to None, run_after=None
[2026-04-26T07:02:59.627+0000] {logging_mixin.py:188} INFO - [2026-04-26T07:02:59.627+0000] {dag.py:3954} INFO - Setting next_dagrun for consume_1_or_2_with_dataset_expressions to None, run_after=None
[2026-04-26T07:02:59.628+0000] {logging_mixin.py:188} INFO - [2026-04-26T07:02:59.627+0000] {dag.py:3954} INFO - Setting next_dagrun for consume_1_or_both_2_and_3_with_dataset_expressions to None, run_after=None
[2026-04-26T07:02:59.628+0000] {logging_mixin.py:188} INFO - [2026-04-26T07:02:59.628+0000] {dag.py:3954} INFO - Setting next_dagrun for dataset_consumes_1 to None, run_after=None
[2026-04-26T07:02:59.629+0000] {logging_mixin.py:188} INFO - [2026-04-26T07:02:59.629+0000] {dag.py:3954} INFO - Setting next_dagrun for dataset_consumes_1_and_2 to None, run_after=None
[2026-04-26T07:02:59.630+0000] {logging_mixin.py:188} INFO - [2026-04-26T07:02:59.630+0000] {dag.py:3954} INFO - Setting next_dagrun for dataset_consumes_1_never_scheduled to None, run_after=None
[2026-04-26T07:02:59.630+0000] {logging_mixin.py:188} INFO - [2026-04-26T07:02:59.630+0000] {dag.py:3954} INFO - Setting next_dagrun for dataset_consumes_unknown_never_scheduled to None, run_after=None
[2026-04-26T07:02:59.632+0000] {logging_mixin.py:188} INFO - [2026-04-26T07:02:59.632+0000] {dag.py:3954} INFO - Setting next_dagrun for dataset_produces_1 to 2026-04-25 00:00:00+00:00, run_after=2026-04-26 00:00:00+00:00
[2026-04-26T07:02:59.633+0000] {logging_mixin.py:188} INFO - [2026-04-26T07:02:59.633+0000] {dag.py:3954} INFO - Setting next_dagrun for dataset_produces_2 to None, run_after=None
[2026-04-26T07:02:59.655+0000] {processor.py:183} INFO - Processing /usr/local/python/3.12.1/lib/python3.12/site-packages/airflow/example_dags/example_datasets.py took 0.117 seconds
[2026-04-26T07:03:48.265+0000] {processor.py:161} INFO - Started process (PID=14946) to work on /usr/local/python/3.12.1/lib/python3.12/site-packages/airflow/example_dags/example_datasets.py
[2026-04-26T07:03:48.266+0000] {processor.py:830} INFO - Processing file /usr/local/python/3.12.1/lib/python3.12/site-packages/airflow/example_dags/example_datasets.py for tasks to queue
[2026-04-26T07:03:48.267+0000] {logging_mixin.py:188} INFO - [2026-04-26T07:03:48.267+0000] {dagbag.py:540} INFO - Filling up the DagBag from /usr/local/python/3.12.1/lib/python3.12/site-packages/airflow/example_dags/example_datasets.py
[2026-04-26T07:03:48.279+0000] {processor.py:840} INFO - DAG(s) 'dataset_produces_2', 'dataset_consumes_1_never_scheduled', 'dataset_consumes_1', 'consume_1_and_2_with_dataset_expressions', 'conditional_dataset_and_time_based_timetable', 'dataset_consumes_unknown_never_scheduled', 'dataset_consumes_1_and_2', 'dataset_produces_1', 'consume_1_or_2_with_dataset_expressions', 'consume_1_or_both_2_and_3_with_dataset_expressions' retrieved from /usr/local/python/3.12.1/lib/python3.12/site-packages/airflow/example_dags/example_datasets.py
[2026-04-26T07:03:48.307+0000] {logging_mixin.py:188} INFO - [2026-04-26T07:03:48.307+0000] {dag.py:3096} INFO - Sync 10 DAGs
[2026-04-26T07:03:48.324+0000] {logging_mixin.py:188} INFO - [2026-04-26T07:03:48.324+0000] {dag.py:3954} INFO - Setting next_dagrun for conditional_dataset_and_time_based_timetable to 2026-04-22 01:00:00+00:00, run_after=2026-04-22 01:00:00+00:00
[2026-04-26T07:03:48.328+0000] {logging_mixin.py:188} INFO - [2026-04-26T07:03:48.328+0000] {dag.py:3954} INFO - Setting next_dagrun for consume_1_and_2_with_dataset_expressions to None, run_after=None
[2026-04-26T07:03:48.329+0000] {logging_mixin.py:188} INFO - [2026-04-26T07:03:48.328+0000] {dag.py:3954} INFO - Setting next_dagrun for consume_1_or_2_with_dataset_expressions to None, run_after=None
[2026-04-26T07:03:48.329+0000] {logging_mixin.py:188} INFO - [2026-04-26T07:03:48.329+0000] {dag.py:3954} INFO - Setting next_dagrun for consume_1_or_both_2_and_3_with_dataset_expressions to None, run_after=None
[2026-04-26T07:03:48.330+0000] {logging_mixin.py:188} INFO - [2026-04-26T07:03:48.330+0000] {dag.py:3954} INFO - Setting next_dagrun for dataset_consumes_1 to None, run_after=None
[2026-04-26T07:03:48.331+0000] {logging_mixin.py:188} INFO - [2026-04-26T07:03:48.331+0000] {dag.py:3954} INFO - Setting next_dagrun for dataset_consumes_1_and_2 to None, run_after=None
[2026-04-26T07:03:48.332+0000] {logging_mixin.py:188} INFO - [2026-04-26T07:03:48.331+0000] {dag.py:3954} INFO - Setting next_dagrun for dataset_consumes_1_never_scheduled to None, run_after=None
[2026-04-26T07:03:48.332+0000] {logging_mixin.py:188} INFO - [2026-04-26T07:03:48.332+0000] {dag.py:3954} INFO - Setting next_dagrun for dataset_consumes_unknown_never_scheduled to None, run_after=None
[2026-04-26T07:03:48.335+0000] {logging_mixin.py:188} INFO - [2026-04-26T07:03:48.335+0000] {dag.py:3954} INFO - Setting next_dagrun for dataset_produces_1 to 2026-04-25 00:00:00+00:00, run_after=2026-04-26 00:00:00+00:00
[2026-04-26T07:03:48.336+0000] {logging_mixin.py:188} INFO - [2026-04-26T07:03:48.336+0000] {dag.py:3954} INFO - Setting next_dagrun for dataset_produces_2 to None, run_after=None
[2026-04-26T07:03:48.373+0000] {processor.py:183} INFO - Processing /usr/local/python/3.12.1/lib/python3.12/site-packages/airflow/example_dags/example_datasets.py took 0.113 seconds
[2026-04-26T07:04:45.341+0000] {processor.py:161} INFO - Started process (PID=15574) to work on /usr/local/python/3.12.1/lib/python3.12/site-packages/airflow/example_dags/example_datasets.py
[2026-04-26T07:04:45.342+0000] {processor.py:830} INFO - Processing file /usr/local/python/3.12.1/lib/python3.12/site-packages/airflow/example_dags/example_datasets.py for tasks to queue
[2026-04-26T07:04:45.343+0000] {logging_mixin.py:188} INFO - [2026-04-26T07:04:45.342+0000] {dagbag.py:540} INFO - Filling up the DagBag from /usr/local/python/3.12.1/lib/python3.12/site-packages/airflow/example_dags/example_datasets.py
[2026-04-26T07:04:45.355+0000] {processor.py:840} INFO - DAG(s) 'consume_1_and_2_with_dataset_expressions', 'consume_1_or_2_with_dataset_expressions', 'dataset_consumes_1_and_2', 'conditional_dataset_and_time_based_timetable', 'dataset_consumes_unknown_never_scheduled', 'dataset_produces_1', 'dataset_consumes_1', 'dataset_produces_2', 'consume_1_or_both_2_and_3_with_dataset_expressions', 'dataset_consumes_1_never_scheduled' retrieved from /usr/local/python/3.12.1/lib/python3.12/site-packages/airflow/example_dags/example_datasets.py
[2026-04-26T07:04:45.386+0000] {logging_mixin.py:188} INFO - [2026-04-26T07:04:45.385+0000] {dag.py:3096} INFO - Sync 10 DAGs
[2026-04-26T07:04:45.406+0000] {logging_mixin.py:188} INFO - [2026-04-26T07:04:45.406+0000] {dag.py:3954} INFO - Setting next_dagrun for conditional_dataset_and_time_based_timetable to 2026-04-22 01:00:00+00:00, run_after=2026-04-22 01:00:00+00:00
[2026-04-26T07:04:45.410+0000] {logging_mixin.py:188} INFO - [2026-04-26T07:04:45.409+0000] {dag.py:3954} INFO - Setting next_dagrun for consume_1_and_2_with_dataset_expressions to None, run_after=None
[2026-04-26T07:04:45.411+0000] {logging_mixin.py:188} INFO - [2026-04-26T07:04:45.410+0000] {dag.py:3954} INFO - Setting next_dagrun for consume_1_or_2_with_dataset_expressions to None, run_after=None
[2026-04-26T07:04:45.411+0000] {logging_mixin.py:188} INFO - [2026-04-26T07:04:45.411+0000] {dag.py:3954} INFO - Setting next_dagrun for consume_1_or_both_2_and_3_with_dataset_expressions to None, run_after=None
[2026-04-26T07:04:45.412+0000] {logging_mixin.py:188} INFO - [2026-04-26T07:04:45.412+0000] {dag.py:3954} INFO - Setting next_dagrun for dataset_consumes_1 to None, run_after=None
[2026-04-26T07:04:45.413+0000] {logging_mixin.py:188} INFO - [2026-04-26T07:04:45.413+0000] {dag.py:3954} INFO - Setting next_dagrun for dataset_consumes_1_and_2 to None, run_after=None
[2026-04-26T07:04:45.414+0000] {logging_mixin.py:188} INFO - [2026-04-26T07:04:45.414+0000] {dag.py:3954} INFO - Setting next_dagrun for dataset_consumes_1_never_scheduled to None, run_after=None
[2026-04-26T07:04:45.415+0000] {logging_mixin.py:188} INFO - [2026-04-26T07:04:45.415+0000] {dag.py:3954} INFO - Setting next_dagrun for dataset_consumes_unknown_never_scheduled to None, run_after=None
[2026-04-26T07:04:45.417+0000] {logging_mixin.py:188} INFO - [2026-04-26T07:04:45.417+0000] {dag.py:3954} INFO - Setting next_dagrun for dataset_produces_1 to 2026-04-25 00:00:00+00:00, run_after=2026-04-26 00:00:00+00:00
[2026-04-26T07:04:45.418+0000] {logging_mixin.py:188} INFO - [2026-04-26T07:04:45.417+0000] {dag.py:3954} INFO - Setting next_dagrun for dataset_produces_2 to None, run_after=None
[2026-04-26T07:04:45.444+0000] {processor.py:183} INFO - Processing /usr/local/python/3.12.1/lib/python3.12/site-packages/airflow/example_dags/example_datasets.py took 0.108 seconds
[2026-04-26T07:05:42.130+0000] {processor.py:161} INFO - Started process (PID=16248) to work on /usr/local/python/3.12.1/lib/python3.12/site-packages/airflow/example_dags/example_datasets.py
[2026-04-26T07:05:42.131+0000] {processor.py:830} INFO - Processing file /usr/local/python/3.12.1/lib/python3.12/site-packages/airflow/example_dags/example_datasets.py for tasks to queue
[2026-04-26T07:05:42.132+0000] {logging_mixin.py:188} INFO - [2026-04-26T07:05:42.132+0000] {dagbag.py:540} INFO - Filling up the DagBag from /usr/local/python/3.12.1/lib/python3.12/site-packages/airflow/example_dags/example_datasets.py
[2026-04-26T07:05:42.143+0000] {processor.py:840} INFO - DAG(s) 'consume_1_or_both_2_and_3_with_dataset_expressions', 'consume_1_or_2_with_dataset_expressions', 'dataset_consumes_1_never_scheduled', 'consume_1_and_2_with_dataset_expressions', 'conditional_dataset_and_time_based_timetable', 'dataset_produces_1', 'dataset_consumes_1_and_2', 'dataset_consumes_unknown_never_scheduled', 'dataset_produces_2', 'dataset_consumes_1' retrieved from /usr/local/python/3.12.1/lib/python3.12/site-packages/airflow/example_dags/example_datasets.py
[2026-04-26T07:05:42.180+0000] {logging_mixin.py:188} INFO - [2026-04-26T07:05:42.180+0000] {dag.py:3096} INFO - Sync 10 DAGs
[2026-04-26T07:05:42.205+0000] {logging_mixin.py:188} INFO - [2026-04-26T07:05:42.204+0000] {dag.py:3954} INFO - Setting next_dagrun for conditional_dataset_and_time_based_timetable to 2026-04-22 01:00:00+00:00, run_after=2026-04-22 01:00:00+00:00
[2026-04-26T07:05:42.208+0000] {logging_mixin.py:188} INFO - [2026-04-26T07:05:42.208+0000] {dag.py:3954} INFO - Setting next_dagrun for consume_1_and_2_with_dataset_expressions to None, run_after=None
[2026-04-26T07:05:42.209+0000] {logging_mixin.py:188} INFO - [2026-04-26T07:05:42.209+0000] {dag.py:3954} INFO - Setting next_dagrun for consume_1_or_2_with_dataset_expressions to None, run_after=None
[2026-04-26T07:05:42.211+0000] {logging_mixin.py:188} INFO - [2026-04-26T07:05:42.210+0000] {dag.py:3954} INFO - Setting next_dagrun for consume_1_or_both_2_and_3_with_dataset_expressions to None, run_after=None
[2026-04-26T07:05:42.212+0000] {logging_mixin.py:188} INFO - [2026-04-26T07:05:42.211+0000] {dag.py:3954} INFO - Setting next_dagrun for dataset_consumes_1 to None, run_after=None
[2026-04-26T07:05:42.213+0000] {logging_mixin.py:188} INFO - [2026-04-26T07:05:42.213+0000] {dag.py:3954} INFO - Setting next_dagrun for dataset_consumes_1_and_2 to None, run_after=None
[2026-04-26T07:05:42.214+0000] {logging_mixin.py:188} INFO - [2026-04-26T07:05:42.213+0000] {dag.py:3954} INFO - Setting next_dagrun for dataset_consumes_1_never_scheduled to None, run_after=None
[2026-04-26T07:05:42.215+0000] {logging_mixin.py:188} INFO - [2026-04-26T07:05:42.214+0000] {dag.py:3954} INFO - Setting next_dagrun for dataset_consumes_unknown_never_scheduled to None, run_after=None
[2026-04-26T07:05:42.217+0000] {logging_mixin.py:188} INFO - [2026-04-26T07:05:42.217+0000] {dag.py:3954} INFO - Setting next_dagrun for dataset_produces_1 to 2026-04-25 00:00:00+00:00, run_after=2026-04-26 00:00:00+00:00
[2026-04-26T07:05:42.218+0000] {logging_mixin.py:188} INFO - [2026-04-26T07:05:42.218+0000] {dag.py:3954} INFO - Setting next_dagrun for dataset_produces_2 to None, run_after=None
[2026-04-26T07:05:42.252+0000] {processor.py:183} INFO - Processing /usr/local/python/3.12.1/lib/python3.12/site-packages/airflow/example_dags/example_datasets.py took 0.126 seconds
[2026-04-26T07:06:41.857+0000] {processor.py:161} INFO - Started process (PID=16740) to work on /usr/local/python/3.12.1/lib/python3.12/site-packages/airflow/example_dags/example_datasets.py
[2026-04-26T07:06:41.860+0000] {processor.py:830} INFO - Processing file /usr/local/python/3.12.1/lib/python3.12/site-packages/airflow/example_dags/example_datasets.py for tasks to queue
[2026-04-26T07:06:41.861+0000] {logging_mixin.py:188} INFO - [2026-04-26T07:06:41.860+0000] {dagbag.py:540} INFO - Filling up the DagBag from /usr/local/python/3.12.1/lib/python3.12/site-packages/airflow/example_dags/example_datasets.py
[2026-04-26T07:06:41.889+0000] {processor.py:840} INFO - DAG(s) 'dataset_consumes_1_and_2', 'dataset_consumes_1', 'conditional_dataset_and_time_based_timetable', 'dataset_consumes_1_never_scheduled', 'dataset_consumes_unknown_never_scheduled', 'consume_1_or_both_2_and_3_with_dataset_expressions', 'dataset_produces_2', 'dataset_produces_1', 'consume_1_and_2_with_dataset_expressions', 'consume_1_or_2_with_dataset_expressions' retrieved from /usr/local/python/3.12.1/lib/python3.12/site-packages/airflow/example_dags/example_datasets.py
[2026-04-26T07:06:41.938+0000] {logging_mixin.py:188} INFO - [2026-04-26T07:06:41.938+0000] {dag.py:3096} INFO - Sync 10 DAGs
[2026-04-26T07:06:41.978+0000] {logging_mixin.py:188} INFO - [2026-04-26T07:06:41.977+0000] {dag.py:3954} INFO - Setting next_dagrun for conditional_dataset_and_time_based_timetable to 2026-04-22 01:00:00+00:00, run_after=2026-04-22 01:00:00+00:00
[2026-04-26T07:06:41.983+0000] {logging_mixin.py:188} INFO - [2026-04-26T07:06:41.982+0000] {dag.py:3954} INFO - Setting next_dagrun for consume_1_and_2_with_dataset_expressions to None, run_after=None
[2026-04-26T07:06:41.984+0000] {logging_mixin.py:188} INFO - [2026-04-26T07:06:41.984+0000] {dag.py:3954} INFO - Setting next_dagrun for consume_1_or_2_with_dataset_expressions to None, run_after=None
[2026-04-26T07:06:41.985+0000] {logging_mixin.py:188} INFO - [2026-04-26T07:06:41.985+0000] {dag.py:3954} INFO - Setting next_dagrun for consume_1_or_both_2_and_3_with_dataset_expressions to None, run_after=None
[2026-04-26T07:06:41.987+0000] {logging_mixin.py:188} INFO - [2026-04-26T07:06:41.986+0000] {dag.py:3954} INFO - Setting next_dagrun for dataset_consumes_1 to None, run_after=None
[2026-04-26T07:06:41.988+0000] {logging_mixin.py:188} INFO - [2026-04-26T07:06:41.988+0000] {dag.py:3954} INFO - Setting next_dagrun for dataset_consumes_1_and_2 to None, run_after=None
[2026-04-26T07:06:41.989+0000] {logging_mixin.py:188} INFO - [2026-04-26T07:06:41.989+0000] {dag.py:3954} INFO - Setting next_dagrun for dataset_consumes_1_never_scheduled to None, run_after=None
[2026-04-26T07:06:41.990+0000] {logging_mixin.py:188} INFO - [2026-04-26T07:06:41.990+0000] {dag.py:3954} INFO - Setting next_dagrun for dataset_consumes_unknown_never_scheduled to None, run_after=None
[2026-04-26T07:06:41.994+0000] {logging_mixin.py:188} INFO - [2026-04-26T07:06:41.993+0000] {dag.py:3954} INFO - Setting next_dagrun for dataset_produces_1 to 2026-04-25 00:00:00+00:00, run_after=2026-04-26 00:00:00+00:00
[2026-04-26T07:06:41.995+0000] {logging_mixin.py:188} INFO - [2026-04-26T07:06:41.995+0000] {dag.py:3954} INFO - Setting next_dagrun for dataset_produces_2 to None, run_after=None
[2026-04-26T07:06:42.035+0000] {processor.py:183} INFO - Processing /usr/local/python/3.12.1/lib/python3.12/site-packages/airflow/example_dags/example_datasets.py took 0.198 seconds
[2026-04-26T07:07:43.766+0000] {processor.py:161} INFO - Started process (PID=17261) to work on /usr/local/python/3.12.1/lib/python3.12/site-packages/airflow/example_dags/example_datasets.py
[2026-04-26T07:07:43.767+0000] {processor.py:830} INFO - Processing file /usr/local/python/3.12.1/lib/python3.12/site-packages/airflow/example_dags/example_datasets.py for tasks to queue
[2026-04-26T07:07:43.768+0000] {logging_mixin.py:188} INFO - [2026-04-26T07:07:43.767+0000] {dagbag.py:540} INFO - Filling up the DagBag from /usr/local/python/3.12.1/lib/python3.12/site-packages/airflow/example_dags/example_datasets.py
[2026-04-26T07:07:43.779+0000] {processor.py:840} INFO - DAG(s) 'conditional_dataset_and_time_based_timetable', 'dataset_consumes_1', 'consume_1_or_2_with_dataset_expressions', 'dataset_consumes_unknown_never_scheduled', 'dataset_produces_2', 'consume_1_and_2_with_dataset_expressions', 'dataset_consumes_1_never_scheduled', 'dataset_produces_1', 'dataset_consumes_1_and_2', 'consume_1_or_both_2_and_3_with_dataset_expressions' retrieved from /usr/local/python/3.12.1/lib/python3.12/site-packages/airflow/example_dags/example_datasets.py
[2026-04-26T07:07:43.807+0000] {logging_mixin.py:188} INFO - [2026-04-26T07:07:43.807+0000] {dag.py:3096} INFO - Sync 10 DAGs
[2026-04-26T07:07:43.824+0000] {logging_mixin.py:188} INFO - [2026-04-26T07:07:43.824+0000] {dag.py:3954} INFO - Setting next_dagrun for conditional_dataset_and_time_based_timetable to 2026-04-22 01:00:00+00:00, run_after=2026-04-22 01:00:00+00:00
[2026-04-26T07:07:43.827+0000] {logging_mixin.py:188} INFO - [2026-04-26T07:07:43.827+0000] {dag.py:3954} INFO - Setting next_dagrun for consume_1_and_2_with_dataset_expressions to None, run_after=None
[2026-04-26T07:07:43.828+0000] {logging_mixin.py:188} INFO - [2026-04-26T07:07:43.827+0000] {dag.py:3954} INFO - Setting next_dagrun for consume_1_or_2_with_dataset_expressions to None, run_after=None
[2026-04-26T07:07:43.828+0000] {logging_mixin.py:188} INFO - [2026-04-26T07:07:43.828+0000] {dag.py:3954} INFO - Setting next_dagrun for consume_1_or_both_2_and_3_with_dataset_expressions to None, run_after=None
[2026-04-26T07:07:43.829+0000] {logging_mixin.py:188} INFO - [2026-04-26T07:07:43.829+0000] {dag.py:3954} INFO - Setting next_dagrun for dataset_consumes_1 to None, run_after=None
[2026-04-26T07:07:43.830+0000] {logging_mixin.py:188} INFO - [2026-04-26T07:07:43.830+0000] {dag.py:3954} INFO - Setting next_dagrun for dataset_consumes_1_and_2 to None, run_after=None
[2026-04-26T07:07:43.830+0000] {logging_mixin.py:188} INFO - [2026-04-26T07:07:43.830+0000] {dag.py:3954} INFO - Setting next_dagrun for dataset_consumes_1_never_scheduled to None, run_after=None
[2026-04-26T07:07:43.831+0000] {logging_mixin.py:188} INFO - [2026-04-26T07:07:43.831+0000] {dag.py:3954} INFO - Setting next_dagrun for dataset_consumes_unknown_never_scheduled to None, run_after=None
[2026-04-26T07:07:43.833+0000] {logging_mixin.py:188} INFO - [2026-04-26T07:07:43.833+0000] {dag.py:3954} INFO - Setting next_dagrun for dataset_produces_1 to 2026-04-25 00:00:00+00:00, run_after=2026-04-26 00:00:00+00:00
[2026-04-26T07:07:43.833+0000] {logging_mixin.py:188} INFO - [2026-04-26T07:07:43.833+0000] {dag.py:3954} INFO - Setting next_dagrun for dataset_produces_2 to None, run_after=None
[2026-04-26T07:07:43.857+0000] {processor.py:183} INFO - Processing /usr/local/python/3.12.1/lib/python3.12/site-packages/airflow/example_dags/example_datasets.py took 0.100 seconds
[2026-04-26T07:08:50.323+0000] {processor.py:161} INFO - Started process (PID=17893) to work on /usr/local/python/3.12.1/lib/python3.12/site-packages/airflow/example_dags/example_datasets.py
[2026-04-26T07:08:50.324+0000] {processor.py:830} INFO - Processing file /usr/local/python/3.12.1/lib/python3.12/site-packages/airflow/example_dags/example_datasets.py for tasks to queue
[2026-04-26T07:08:50.325+0000] {logging_mixin.py:188} INFO - [2026-04-26T07:08:50.324+0000] {dagbag.py:540} INFO - Filling up the DagBag from /usr/local/python/3.12.1/lib/python3.12/site-packages/airflow/example_dags/example_datasets.py
[2026-04-26T07:08:50.337+0000] {processor.py:840} INFO - DAG(s) 'consume_1_or_2_with_dataset_expressions', 'dataset_consumes_1_and_2', 'dataset_produces_2', 'dataset_produces_1', 'consume_1_or_both_2_and_3_with_dataset_expressions', 'conditional_dataset_and_time_based_timetable', 'consume_1_and_2_with_dataset_expressions', 'dataset_consumes_1_never_scheduled', 'dataset_consumes_1', 'dataset_consumes_unknown_never_scheduled' retrieved from /usr/local/python/3.12.1/lib/python3.12/site-packages/airflow/example_dags/example_datasets.py
[2026-04-26T07:08:50.368+0000] {logging_mixin.py:188} INFO - [2026-04-26T07:08:50.368+0000] {dag.py:3096} INFO - Sync 10 DAGs
[2026-04-26T07:08:50.386+0000] {logging_mixin.py:188} INFO - [2026-04-26T07:08:50.386+0000] {dag.py:3954} INFO - Setting next_dagrun for conditional_dataset_and_time_based_timetable to 2026-04-22 01:00:00+00:00, run_after=2026-04-22 01:00:00+00:00
[2026-04-26T07:08:50.389+0000] {logging_mixin.py:188} INFO - [2026-04-26T07:08:50.389+0000] {dag.py:3954} INFO - Setting next_dagrun for consume_1_and_2_with_dataset_expressions to None, run_after=None
[2026-04-26T07:08:50.390+0000] {logging_mixin.py:188} INFO - [2026-04-26T07:08:50.390+0000] {dag.py:3954} INFO - Setting next_dagrun for consume_1_or_2_with_dataset_expressions to None, run_after=None
[2026-04-26T07:08:50.391+0000] {logging_mixin.py:188} INFO - [2026-04-26T07:08:50.390+0000] {dag.py:3954} INFO - Setting next_dagrun for consume_1_or_both_2_and_3_with_dataset_expressions to None, run_after=None
[2026-04-26T07:08:50.391+0000] {logging_mixin.py:188} INFO - [2026-04-26T07:08:50.391+0000] {dag.py:3954} INFO - Setting next_dagrun for dataset_consumes_1 to None, run_after=None
[2026-04-26T07:08:50.392+0000] {logging_mixin.py:188} INFO - [2026-04-26T07:08:50.392+0000] {dag.py:3954} INFO - Setting next_dagrun for dataset_consumes_1_and_2 to None, run_after=None
[2026-04-26T07:08:50.393+0000] {logging_mixin.py:188} INFO - [2026-04-26T07:08:50.393+0000] {dag.py:3954} INFO - Setting next_dagrun for dataset_consumes_1_never_scheduled to None, run_after=None
[2026-04-26T07:08:50.393+0000] {logging_mixin.py:188} INFO - [2026-04-26T07:08:50.393+0000] {dag.py:3954} INFO - Setting next_dagrun for dataset_consumes_unknown_never_scheduled to None, run_after=None
[2026-04-26T07:08:50.395+0000] {logging_mixin.py:188} INFO - [2026-04-26T07:08:50.395+0000] {dag.py:3954} INFO - Setting next_dagrun for dataset_produces_1 to 2026-04-25 00:00:00+00:00, run_after=2026-04-26 00:00:00+00:00
[2026-04-26T07:08:50.396+0000] {logging_mixin.py:188} INFO - [2026-04-26T07:08:50.396+0000] {dag.py:3954} INFO - Setting next_dagrun for dataset_produces_2 to None, run_after=None
[2026-04-26T07:08:50.424+0000] {processor.py:183} INFO - Processing /usr/local/python/3.12.1/lib/python3.12/site-packages/airflow/example_dags/example_datasets.py took 0.105 seconds
[2026-04-26T07:10:01.690+0000] {processor.py:161} INFO - Started process (PID=18749) to work on /usr/local/python/3.12.1/lib/python3.12/site-packages/airflow/example_dags/example_datasets.py
[2026-04-26T07:10:01.691+0000] {processor.py:830} INFO - Processing file /usr/local/python/3.12.1/lib/python3.12/site-packages/airflow/example_dags/example_datasets.py for tasks to queue
[2026-04-26T07:10:01.692+0000] {logging_mixin.py:188} INFO - [2026-04-26T07:10:01.691+0000] {dagbag.py:540} INFO - Filling up the DagBag from /usr/local/python/3.12.1/lib/python3.12/site-packages/airflow/example_dags/example_datasets.py
[2026-04-26T07:10:01.706+0000] {processor.py:840} INFO - DAG(s) 'conditional_dataset_and_time_based_timetable', 'dataset_consumes_1_and_2', 'consume_1_and_2_with_dataset_expressions', 'dataset_consumes_1_never_scheduled', 'consume_1_or_both_2_and_3_with_dataset_expressions', 'dataset_consumes_unknown_never_scheduled', 'dataset_produces_1', 'consume_1_or_2_with_dataset_expressions', 'dataset_consumes_1', 'dataset_produces_2' retrieved from /usr/local/python/3.12.1/lib/python3.12/site-packages/airflow/example_dags/example_datasets.py
[2026-04-26T07:10:01.734+0000] {logging_mixin.py:188} INFO - [2026-04-26T07:10:01.733+0000] {dag.py:3096} INFO - Sync 10 DAGs
[2026-04-26T07:10:01.751+0000] {logging_mixin.py:188} INFO - [2026-04-26T07:10:01.751+0000] {dag.py:3954} INFO - Setting next_dagrun for conditional_dataset_and_time_based_timetable to 2026-04-22 01:00:00+00:00, run_after=2026-04-22 01:00:00+00:00
[2026-04-26T07:10:01.755+0000] {logging_mixin.py:188} INFO - [2026-04-26T07:10:01.754+0000] {dag.py:3954} INFO - Setting next_dagrun for consume_1_and_2_with_dataset_expressions to None, run_after=None
[2026-04-26T07:10:01.755+0000] {logging_mixin.py:188} INFO - [2026-04-26T07:10:01.755+0000] {dag.py:3954} INFO - Setting next_dagrun for consume_1_or_2_with_dataset_expressions to None, run_after=None
[2026-04-26T07:10:01.756+0000] {logging_mixin.py:188} INFO - [2026-04-26T07:10:01.756+0000] {dag.py:3954} INFO - Setting next_dagrun for consume_1_or_both_2_and_3_with_dataset_expressions to None, run_after=None
[2026-04-26T07:10:01.757+0000] {logging_mixin.py:188} INFO - [2026-04-26T07:10:01.757+0000] {dag.py:3954} INFO - Setting next_dagrun for dataset_consumes_1 to None, run_after=None
[2026-04-26T07:10:01.758+0000] {logging_mixin.py:188} INFO - [2026-04-26T07:10:01.757+0000] {dag.py:3954} INFO - Setting next_dagrun for dataset_consumes_1_and_2 to None, run_after=None
[2026-04-26T07:10:01.758+0000] {logging_mixin.py:188} INFO - [2026-04-26T07:10:01.758+0000] {dag.py:3954} INFO - Setting next_dagrun for dataset_consumes_1_never_scheduled to None, run_after=None
[2026-04-26T07:10:01.759+0000] {logging_mixin.py:188} INFO - [2026-04-26T07:10:01.759+0000] {dag.py:3954} INFO - Setting next_dagrun for dataset_consumes_unknown_never_scheduled to None, run_after=None
[2026-04-26T07:10:01.761+0000] {logging_mixin.py:188} INFO - [2026-04-26T07:10:01.761+0000] {dag.py:3954} INFO - Setting next_dagrun for dataset_produces_1 to 2026-04-25 00:00:00+00:00, run_after=2026-04-26 00:00:00+00:00
[2026-04-26T07:10:01.762+0000] {logging_mixin.py:188} INFO - [2026-04-26T07:10:01.761+0000] {dag.py:3954} INFO - Setting next_dagrun for dataset_produces_2 to None, run_after=None
[2026-04-26T07:10:02.069+0000] {processor.py:183} INFO - Processing /usr/local/python/3.12.1/lib/python3.12/site-packages/airflow/example_dags/example_datasets.py took 0.383 seconds
[2026-04-26T07:10:05.874+0000] {processor.py:161} INFO - Started process (PID=18803) to work on /usr/local/python/3.12.1/lib/python3.12/site-packages/airflow/example_dags/example_datasets.py
[2026-04-26T07:10:05.875+0000] {processor.py:830} INFO - Processing file /usr/local/python/3.12.1/lib/python3.12/site-packages/airflow/example_dags/example_datasets.py for tasks to queue
[2026-04-26T07:10:05.876+0000] {logging_mixin.py:188} INFO - [2026-04-26T07:10:05.876+0000] {dagbag.py:540} INFO - Filling up the DagBag from /usr/local/python/3.12.1/lib/python3.12/site-packages/airflow/example_dags/example_datasets.py
[2026-04-26T07:10:05.888+0000] {processor.py:840} INFO - DAG(s) 'consume_1_or_both_2_and_3_with_dataset_expressions', 'dataset_produces_1', 'dataset_consumes_1', 'dataset_consumes_1_and_2', 'conditional_dataset_and_time_based_timetable', 'dataset_produces_2', 'dataset_consumes_unknown_never_scheduled', 'dataset_consumes_1_never_scheduled', 'consume_1_and_2_with_dataset_expressions', 'consume_1_or_2_with_dataset_expressions' retrieved from /usr/local/python/3.12.1/lib/python3.12/site-packages/airflow/example_dags/example_datasets.py
[2026-04-26T07:10:05.916+0000] {logging_mixin.py:188} INFO - [2026-04-26T07:10:05.915+0000] {dag.py:3096} INFO - Sync 10 DAGs
[2026-04-26T07:10:05.933+0000] {logging_mixin.py:188} INFO - [2026-04-26T07:10:05.933+0000] {dag.py:3954} INFO - Setting next_dagrun for conditional_dataset_and_time_based_timetable to 2026-04-22 01:00:00+00:00, run_after=2026-04-22 01:00:00+00:00
[2026-04-26T07:10:05.936+0000] {logging_mixin.py:188} INFO - [2026-04-26T07:10:05.936+0000] {dag.py:3954} INFO - Setting next_dagrun for consume_1_and_2_with_dataset_expressions to None, run_after=None
[2026-04-26T07:10:05.937+0000] {logging_mixin.py:188} INFO - [2026-04-26T07:10:05.936+0000] {dag.py:3954} INFO - Setting next_dagrun for consume_1_or_2_with_dataset_expressions to None, run_after=None
[2026-04-26T07:10:05.937+0000] {logging_mixin.py:188} INFO - [2026-04-26T07:10:05.937+0000] {dag.py:3954} INFO - Setting next_dagrun for consume_1_or_both_2_and_3_with_dataset_expressions to None, run_after=None
[2026-04-26T07:10:05.938+0000] {logging_mixin.py:188} INFO - [2026-04-26T07:10:05.938+0000] {dag.py:3954} INFO - Setting next_dagrun for dataset_consumes_1 to None, run_after=None
[2026-04-26T07:10:05.939+0000] {logging_mixin.py:188} INFO - [2026-04-26T07:10:05.939+0000] {dag.py:3954} INFO - Setting next_dagrun for dataset_consumes_1_and_2 to None, run_after=None
[2026-04-26T07:10:05.940+0000] {logging_mixin.py:188} INFO - [2026-04-26T07:10:05.939+0000] {dag.py:3954} INFO - Setting next_dagrun for dataset_consumes_1_never_scheduled to None, run_after=None
[2026-04-26T07:10:05.940+0000] {logging_mixin.py:188} INFO - [2026-04-26T07:10:05.940+0000] {dag.py:3954} INFO - Setting next_dagrun for dataset_consumes_unknown_never_scheduled to None, run_after=None
[2026-04-26T07:10:05.942+0000] {logging_mixin.py:188} INFO - [2026-04-26T07:10:05.942+0000] {dag.py:3954} INFO - Setting next_dagrun for dataset_produces_1 to 2026-04-25 00:00:00+00:00, run_after=2026-04-26 00:00:00+00:00
[2026-04-26T07:10:05.943+0000] {logging_mixin.py:188} INFO - [2026-04-26T07:10:05.943+0000] {dag.py:3954} INFO - Setting next_dagrun for dataset_produces_2 to None, run_after=None
[2026-04-26T07:10:05.965+0000] {processor.py:183} INFO - Processing /usr/local/python/3.12.1/lib/python3.12/site-packages/airflow/example_dags/example_datasets.py took 0.095 seconds
[2026-04-26T07:10:56.675+0000] {processor.py:161} INFO - Started process (PID=19270) to work on /usr/local/python/3.12.1/lib/python3.12/site-packages/airflow/example_dags/example_datasets.py
[2026-04-26T07:10:56.677+0000] {processor.py:830} INFO - Processing file /usr/local/python/3.12.1/lib/python3.12/site-packages/airflow/example_dags/example_datasets.py for tasks to queue
[2026-04-26T07:10:56.677+0000] {logging_mixin.py:188} INFO - [2026-04-26T07:10:56.677+0000] {dagbag.py:540} INFO - Filling up the DagBag from /usr/local/python/3.12.1/lib/python3.12/site-packages/airflow/example_dags/example_datasets.py
[2026-04-26T07:10:56.694+0000] {processor.py:840} INFO - DAG(s) 'dataset_consumes_1_and_2', 'conditional_dataset_and_time_based_timetable', 'dataset_consumes_1_never_scheduled', 'consume_1_and_2_with_dataset_expressions', 'consume_1_or_2_with_dataset_expressions', 'dataset_consumes_1', 'dataset_consumes_unknown_never_scheduled', 'dataset_produces_2', 'consume_1_or_both_2_and_3_with_dataset_expressions', 'dataset_produces_1' retrieved from /usr/local/python/3.12.1/lib/python3.12/site-packages/airflow/example_dags/example_datasets.py
[2026-04-26T07:10:56.737+0000] {logging_mixin.py:188} INFO - [2026-04-26T07:10:56.736+0000] {dag.py:3096} INFO - Sync 10 DAGs
[2026-04-26T07:10:56.767+0000] {logging_mixin.py:188} INFO - [2026-04-26T07:10:56.767+0000] {dag.py:3954} INFO - Setting next_dagrun for conditional_dataset_and_time_based_timetable to 2026-04-22 01:00:00+00:00, run_after=2026-04-22 01:00:00+00:00
[2026-04-26T07:10:56.773+0000] {logging_mixin.py:188} INFO - [2026-04-26T07:10:56.773+0000] {dag.py:3954} INFO - Setting next_dagrun for consume_1_and_2_with_dataset_expressions to None, run_after=None
[2026-04-26T07:10:56.774+0000] {logging_mixin.py:188} INFO - [2026-04-26T07:10:56.774+0000] {dag.py:3954} INFO - Setting next_dagrun for consume_1_or_2_with_dataset_expressions to None, run_after=None
[2026-04-26T07:10:56.775+0000] {logging_mixin.py:188} INFO - [2026-04-26T07:10:56.775+0000] {dag.py:3954} INFO - Setting next_dagrun for consume_1_or_both_2_and_3_with_dataset_expressions to None, run_after=None
[2026-04-26T07:10:56.776+0000] {logging_mixin.py:188} INFO - [2026-04-26T07:10:56.776+0000] {dag.py:3954} INFO - Setting next_dagrun for dataset_consumes_1 to None, run_after=None
[2026-04-26T07:10:56.777+0000] {logging_mixin.py:188} INFO - [2026-04-26T07:10:56.777+0000] {dag.py:3954} INFO - Setting next_dagrun for dataset_consumes_1_and_2 to None, run_after=None
[2026-04-26T07:10:56.779+0000] {logging_mixin.py:188} INFO - [2026-04-26T07:10:56.778+0000] {dag.py:3954} INFO - Setting next_dagrun for dataset_consumes_1_never_scheduled to None, run_after=None
[2026-04-26T07:10:56.779+0000] {logging_mixin.py:188} INFO - [2026-04-26T07:10:56.779+0000] {dag.py:3954} INFO - Setting next_dagrun for dataset_consumes_unknown_never_scheduled to None, run_after=None
[2026-04-26T07:10:56.782+0000] {logging_mixin.py:188} INFO - [2026-04-26T07:10:56.782+0000] {dag.py:3954} INFO - Setting next_dagrun for dataset_produces_1 to 2026-04-25 00:00:00+00:00, run_after=2026-04-26 00:00:00+00:00
[2026-04-26T07:10:56.783+0000] {logging_mixin.py:188} INFO - [2026-04-26T07:10:56.783+0000] {dag.py:3954} INFO - Setting next_dagrun for dataset_produces_2 to None, run_after=None
[2026-04-26T07:10:56.819+0000] {processor.py:183} INFO - Processing /usr/local/python/3.12.1/lib/python3.12/site-packages/airflow/example_dags/example_datasets.py took 0.149 seconds
[2026-04-26T07:11:03.285+0000] {processor.py:161} INFO - Started process (PID=19417) to work on /usr/local/python/3.12.1/lib/python3.12/site-packages/airflow/example_dags/example_datasets.py
[2026-04-26T07:11:03.286+0000] {processor.py:830} INFO - Processing file /usr/local/python/3.12.1/lib/python3.12/site-packages/airflow/example_dags/example_datasets.py for tasks to queue
[2026-04-26T07:11:03.287+0000] {logging_mixin.py:188} INFO - [2026-04-26T07:11:03.287+0000] {dagbag.py:540} INFO - Filling up the DagBag from /usr/local/python/3.12.1/lib/python3.12/site-packages/airflow/example_dags/example_datasets.py
[2026-04-26T07:11:03.299+0000] {processor.py:840} INFO - DAG(s) 'dataset_consumes_1_never_scheduled', 'conditional_dataset_and_time_based_timetable', 'consume_1_and_2_with_dataset_expressions', 'dataset_consumes_1_and_2', 'consume_1_or_both_2_and_3_with_dataset_expressions', 'dataset_produces_2', 'dataset_consumes_1', 'dataset_produces_1', 'consume_1_or_2_with_dataset_expressions', 'dataset_consumes_unknown_never_scheduled' retrieved from /usr/local/python/3.12.1/lib/python3.12/site-packages/airflow/example_dags/example_datasets.py
[2026-04-26T07:11:03.326+0000] {logging_mixin.py:188} INFO - [2026-04-26T07:11:03.326+0000] {dag.py:3096} INFO - Sync 10 DAGs
[2026-04-26T07:11:03.344+0000] {logging_mixin.py:188} INFO - [2026-04-26T07:11:03.343+0000] {dag.py:3954} INFO - Setting next_dagrun for conditional_dataset_and_time_based_timetable to 2026-04-22 01:00:00+00:00, run_after=2026-04-22 01:00:00+00:00
[2026-04-26T07:11:03.347+0000] {logging_mixin.py:188} INFO - [2026-04-26T07:11:03.347+0000] {dag.py:3954} INFO - Setting next_dagrun for consume_1_and_2_with_dataset_expressions to None, run_after=None
[2026-04-26T07:11:03.348+0000] {logging_mixin.py:188} INFO - [2026-04-26T07:11:03.348+0000] {dag.py:3954} INFO - Setting next_dagrun for consume_1_or_2_with_dataset_expressions to None, run_after=None
[2026-04-26T07:11:03.349+0000] {logging_mixin.py:188} INFO - [2026-04-26T07:11:03.349+0000] {dag.py:3954} INFO - Setting next_dagrun for consume_1_or_both_2_and_3_with_dataset_expressions to None, run_after=None
[2026-04-26T07:11:03.349+0000] {logging_mixin.py:188} INFO - [2026-04-26T07:11:03.349+0000] {dag.py:3954} INFO - Setting next_dagrun for dataset_consumes_1 to None, run_after=None
[2026-04-26T07:11:03.350+0000] {logging_mixin.py:188} INFO - [2026-04-26T07:11:03.350+0000] {dag.py:3954} INFO - Setting next_dagrun for dataset_consumes_1_and_2 to None, run_after=None
[2026-04-26T07:11:03.351+0000] {logging_mixin.py:188} INFO - [2026-04-26T07:11:03.351+0000] {dag.py:3954} INFO - Setting next_dagrun for dataset_consumes_1_never_scheduled to None, run_after=None
[2026-04-26T07:11:03.352+0000] {logging_mixin.py:188} INFO - [2026-04-26T07:11:03.352+0000] {dag.py:3954} INFO - Setting next_dagrun for dataset_consumes_unknown_never_scheduled to None, run_after=None
[2026-04-26T07:11:03.353+0000] {logging_mixin.py:188} INFO - [2026-04-26T07:11:03.353+0000] {dag.py:3954} INFO - Setting next_dagrun for dataset_produces_1 to 2026-04-25 00:00:00+00:00, run_after=2026-04-26 00:00:00+00:00
[2026-04-26T07:11:03.354+0000] {logging_mixin.py:188} INFO - [2026-04-26T07:11:03.354+0000] {dag.py:3954} INFO - Setting next_dagrun for dataset_produces_2 to None, run_after=None
[2026-04-26T07:11:03.545+0000] {processor.py:183} INFO - Processing /usr/local/python/3.12.1/lib/python3.12/site-packages/airflow/example_dags/example_datasets.py took 0.264 seconds
[2026-04-26T07:11:53.450+0000] {processor.py:161} INFO - Started process (PID=20004) to work on /usr/local/python/3.12.1/lib/python3.12/site-packages/airflow/example_dags/example_datasets.py
[2026-04-26T07:11:53.451+0000] {processor.py:830} INFO - Processing file /usr/local/python/3.12.1/lib/python3.12/site-packages/airflow/example_dags/example_datasets.py for tasks to queue
[2026-04-26T07:11:53.452+0000] {logging_mixin.py:188} INFO - [2026-04-26T07:11:53.451+0000] {dagbag.py:540} INFO - Filling up the DagBag from /usr/local/python/3.12.1/lib/python3.12/site-packages/airflow/example_dags/example_datasets.py
[2026-04-26T07:11:53.464+0000] {processor.py:840} INFO - DAG(s) 'dataset_consumes_1_never_scheduled', 'dataset_consumes_1', 'consume_1_or_2_with_dataset_expressions', 'conditional_dataset_and_time_based_timetable', 'dataset_produces_2', 'dataset_consumes_unknown_never_scheduled', 'dataset_produces_1', 'dataset_consumes_1_and_2', 'consume_1_and_2_with_dataset_expressions', 'consume_1_or_both_2_and_3_with_dataset_expressions' retrieved from /usr/local/python/3.12.1/lib/python3.12/site-packages/airflow/example_dags/example_datasets.py
[2026-04-26T07:11:53.492+0000] {logging_mixin.py:188} INFO - [2026-04-26T07:11:53.492+0000] {dag.py:3096} INFO - Sync 10 DAGs
[2026-04-26T07:11:53.510+0000] {logging_mixin.py:188} INFO - [2026-04-26T07:11:53.510+0000] {dag.py:3954} INFO - Setting next_dagrun for conditional_dataset_and_time_based_timetable to 2026-04-22 01:00:00+00:00, run_after=2026-04-22 01:00:00+00:00
[2026-04-26T07:11:53.513+0000] {logging_mixin.py:188} INFO - [2026-04-26T07:11:53.513+0000] {dag.py:3954} INFO - Setting next_dagrun for consume_1_and_2_with_dataset_expressions to None, run_after=None
[2026-04-26T07:11:53.514+0000] {logging_mixin.py:188} INFO - [2026-04-26T07:11:53.514+0000] {dag.py:3954} INFO - Setting next_dagrun for consume_1_or_2_with_dataset_expressions to None, run_after=None
[2026-04-26T07:11:53.515+0000] {logging_mixin.py:188} INFO - [2026-04-26T07:11:53.515+0000] {dag.py:3954} INFO - Setting next_dagrun for consume_1_or_both_2_and_3_with_dataset_expressions to None, run_after=None
[2026-04-26T07:11:53.516+0000] {logging_mixin.py:188} INFO - [2026-04-26T07:11:53.516+0000] {dag.py:3954} INFO - Setting next_dagrun for dataset_consumes_1 to None, run_after=None
[2026-04-26T07:11:53.517+0000] {logging_mixin.py:188} INFO - [2026-04-26T07:11:53.517+0000] {dag.py:3954} INFO - Setting next_dagrun for dataset_consumes_1_and_2 to None, run_after=None
[2026-04-26T07:11:53.518+0000] {logging_mixin.py:188} INFO - [2026-04-26T07:11:53.518+0000] {dag.py:3954} INFO - Setting next_dagrun for dataset_consumes_1_never_scheduled to None, run_after=None
[2026-04-26T07:11:53.519+0000] {logging_mixin.py:188} INFO - [2026-04-26T07:11:53.519+0000] {dag.py:3954} INFO - Setting next_dagrun for dataset_consumes_unknown_never_scheduled to None, run_after=None
[2026-04-26T07:11:53.521+0000] {logging_mixin.py:188} INFO - [2026-04-26T07:11:53.521+0000] {dag.py:3954} INFO - Setting next_dagrun for dataset_produces_1 to 2026-04-25 00:00:00+00:00, run_after=2026-04-26 00:00:00+00:00
[2026-04-26T07:11:53.522+0000] {logging_mixin.py:188} INFO - [2026-04-26T07:11:53.522+0000] {dag.py:3954} INFO - Setting next_dagrun for dataset_produces_2 to None, run_after=None
[2026-04-26T07:11:53.706+0000] {processor.py:183} INFO - Processing /usr/local/python/3.12.1/lib/python3.12/site-packages/airflow/example_dags/example_datasets.py took 0.261 seconds
[2026-04-26T07:11:58.979+0000] {processor.py:161} INFO - Started process (PID=20061) to work on /usr/local/python/3.12.1/lib/python3.12/site-packages/airflow/example_dags/example_datasets.py
[2026-04-26T07:11:58.979+0000] {processor.py:830} INFO - Processing file /usr/local/python/3.12.1/lib/python3.12/site-packages/airflow/example_dags/example_datasets.py for tasks to queue
[2026-04-26T07:11:58.980+0000] {logging_mixin.py:188} INFO - [2026-04-26T07:11:58.980+0000] {dagbag.py:540} INFO - Filling up the DagBag from /usr/local/python/3.12.1/lib/python3.12/site-packages/airflow/example_dags/example_datasets.py
[2026-04-26T07:11:58.991+0000] {processor.py:840} INFO - DAG(s) 'dataset_consumes_1_never_scheduled', 'consume_1_or_2_with_dataset_expressions', 'dataset_consumes_1', 'dataset_consumes_1_and_2', 'consume_1_or_both_2_and_3_with_dataset_expressions', 'conditional_dataset_and_time_based_timetable', 'dataset_consumes_unknown_never_scheduled', 'dataset_produces_2', 'dataset_produces_1', 'consume_1_and_2_with_dataset_expressions' retrieved from /usr/local/python/3.12.1/lib/python3.12/site-packages/airflow/example_dags/example_datasets.py
[2026-04-26T07:11:59.021+0000] {logging_mixin.py:188} INFO - [2026-04-26T07:11:59.020+0000] {dag.py:3096} INFO - Sync 10 DAGs
[2026-04-26T07:11:59.040+0000] {logging_mixin.py:188} INFO - [2026-04-26T07:11:59.039+0000] {dag.py:3954} INFO - Setting next_dagrun for conditional_dataset_and_time_based_timetable to 2026-04-22 01:00:00+00:00, run_after=2026-04-22 01:00:00+00:00
[2026-04-26T07:11:59.042+0000] {logging_mixin.py:188} INFO - [2026-04-26T07:11:59.042+0000] {dag.py:3954} INFO - Setting next_dagrun for consume_1_and_2_with_dataset_expressions to None, run_after=None
[2026-04-26T07:11:59.043+0000] {logging_mixin.py:188} INFO - [2026-04-26T07:11:59.043+0000] {dag.py:3954} INFO - Setting next_dagrun for consume_1_or_2_with_dataset_expressions to None, run_after=None
[2026-04-26T07:11:59.044+0000] {logging_mixin.py:188} INFO - [2026-04-26T07:11:59.044+0000] {dag.py:3954} INFO - Setting next_dagrun for consume_1_or_both_2_and_3_with_dataset_expressions to None, run_after=None
[2026-04-26T07:11:59.045+0000] {logging_mixin.py:188} INFO - [2026-04-26T07:11:59.045+0000] {dag.py:3954} INFO - Setting next_dagrun for dataset_consumes_1 to None, run_after=None
[2026-04-26T07:11:59.045+0000] {logging_mixin.py:188} INFO - [2026-04-26T07:11:59.045+0000] {dag.py:3954} INFO - Setting next_dagrun for dataset_consumes_1_and_2 to None, run_after=None
[2026-04-26T07:11:59.046+0000] {logging_mixin.py:188} INFO - [2026-04-26T07:11:59.046+0000] {dag.py:3954} INFO - Setting next_dagrun for dataset_consumes_1_never_scheduled to None, run_after=None
[2026-04-26T07:11:59.047+0000] {logging_mixin.py:188} INFO - [2026-04-26T07:11:59.047+0000] {dag.py:3954} INFO - Setting next_dagrun for dataset_consumes_unknown_never_scheduled to None, run_after=None
[2026-04-26T07:11:59.048+0000] {logging_mixin.py:188} INFO - [2026-04-26T07:11:59.048+0000] {dag.py:3954} INFO - Setting next_dagrun for dataset_produces_1 to 2026-04-25 00:00:00+00:00, run_after=2026-04-26 00:00:00+00:00
[2026-04-26T07:11:59.049+0000] {logging_mixin.py:188} INFO - [2026-04-26T07:11:59.049+0000] {dag.py:3954} INFO - Setting next_dagrun for dataset_produces_2 to None, run_after=None
[2026-04-26T07:11:59.078+0000] {processor.py:183} INFO - Processing /usr/local/python/3.12.1/lib/python3.12/site-packages/airflow/example_dags/example_datasets.py took 0.103 seconds
[2026-04-26T07:12:58.172+0000] {processor.py:161} INFO - Started process (PID=20656) to work on /usr/local/python/3.12.1/lib/python3.12/site-packages/airflow/example_dags/example_datasets.py
[2026-04-26T07:12:58.173+0000] {processor.py:830} INFO - Processing file /usr/local/python/3.12.1/lib/python3.12/site-packages/airflow/example_dags/example_datasets.py for tasks to queue
[2026-04-26T07:12:58.173+0000] {logging_mixin.py:188} INFO - [2026-04-26T07:12:58.173+0000] {dagbag.py:540} INFO - Filling up the DagBag from /usr/local/python/3.12.1/lib/python3.12/site-packages/airflow/example_dags/example_datasets.py
[2026-04-26T07:12:58.184+0000] {processor.py:840} INFO - DAG(s) 'dataset_consumes_1_and_2', 'consume_1_or_both_2_and_3_with_dataset_expressions', 'dataset_produces_2', 'conditional_dataset_and_time_based_timetable', 'dataset_consumes_1_never_scheduled', 'consume_1_or_2_with_dataset_expressions', 'dataset_consumes_unknown_never_scheduled', 'dataset_consumes_1', 'dataset_produces_1', 'consume_1_and_2_with_dataset_expressions' retrieved from /usr/local/python/3.12.1/lib/python3.12/site-packages/airflow/example_dags/example_datasets.py
[2026-04-26T07:12:58.212+0000] {logging_mixin.py:188} INFO - [2026-04-26T07:12:58.212+0000] {dag.py:3096} INFO - Sync 10 DAGs
[2026-04-26T07:12:58.229+0000] {logging_mixin.py:188} INFO - [2026-04-26T07:12:58.229+0000] {dag.py:3954} INFO - Setting next_dagrun for conditional_dataset_and_time_based_timetable to 2026-04-22 01:00:00+00:00, run_after=2026-04-22 01:00:00+00:00
[2026-04-26T07:12:58.232+0000] {logging_mixin.py:188} INFO - [2026-04-26T07:12:58.231+0000] {dag.py:3954} INFO - Setting next_dagrun for consume_1_and_2_with_dataset_expressions to None, run_after=None
[2026-04-26T07:12:58.232+0000] {logging_mixin.py:188} INFO - [2026-04-26T07:12:58.232+0000] {dag.py:3954} INFO - Setting next_dagrun for consume_1_or_2_with_dataset_expressions to None, run_after=None
[2026-04-26T07:12:58.233+0000] {logging_mixin.py:188} INFO - [2026-04-26T07:12:58.233+0000] {dag.py:3954} INFO - Setting next_dagrun for consume_1_or_both_2_and_3_with_dataset_expressions to None, run_after=None
[2026-04-26T07:12:58.234+0000] {logging_mixin.py:188} INFO - [2026-04-26T07:12:58.234+0000] {dag.py:3954} INFO - Setting next_dagrun for dataset_consumes_1 to None, run_after=None
[2026-04-26T07:12:58.234+0000] {logging_mixin.py:188} INFO - [2026-04-26T07:12:58.234+0000] {dag.py:3954} INFO - Setting next_dagrun for dataset_consumes_1_and_2 to None, run_after=None
[2026-04-26T07:12:58.235+0000] {logging_mixin.py:188} INFO - [2026-04-26T07:12:58.235+0000] {dag.py:3954} INFO - Setting next_dagrun for dataset_consumes_1_never_scheduled to None, run_after=None
[2026-04-26T07:12:58.236+0000] {logging_mixin.py:188} INFO - [2026-04-26T07:12:58.236+0000] {dag.py:3954} INFO - Setting next_dagrun for dataset_consumes_unknown_never_scheduled to None, run_after=None
[2026-04-26T07:12:58.238+0000] {logging_mixin.py:188} INFO - [2026-04-26T07:12:58.237+0000] {dag.py:3954} INFO - Setting next_dagrun for dataset_produces_1 to 2026-04-25 00:00:00+00:00, run_after=2026-04-26 00:00:00+00:00
[2026-04-26T07:12:58.238+0000] {logging_mixin.py:188} INFO - [2026-04-26T07:12:58.238+0000] {dag.py:3954} INFO - Setting next_dagrun for dataset_produces_2 to None, run_after=None
[2026-04-26T07:12:58.260+0000] {processor.py:183} INFO - Processing /usr/local/python/3.12.1/lib/python3.12/site-packages/airflow/example_dags/example_datasets.py took 0.092 seconds
[2026-04-26T07:12:59.894+0000] {processor.py:161} INFO - Started process (PID=20667) to work on /usr/local/python/3.12.1/lib/python3.12/site-packages/airflow/example_dags/example_datasets.py
[2026-04-26T07:12:59.895+0000] {processor.py:830} INFO - Processing file /usr/local/python/3.12.1/lib/python3.12/site-packages/airflow/example_dags/example_datasets.py for tasks to queue
[2026-04-26T07:12:59.896+0000] {logging_mixin.py:188} INFO - [2026-04-26T07:12:59.895+0000] {dagbag.py:540} INFO - Filling up the DagBag from /usr/local/python/3.12.1/lib/python3.12/site-packages/airflow/example_dags/example_datasets.py
[2026-04-26T07:12:59.907+0000] {processor.py:840} INFO - DAG(s) 'dataset_consumes_1', 'conditional_dataset_and_time_based_timetable', 'consume_1_and_2_with_dataset_expressions', 'dataset_consumes_unknown_never_scheduled', 'dataset_consumes_1_never_scheduled', 'consume_1_or_both_2_and_3_with_dataset_expressions', 'consume_1_or_2_with_dataset_expressions', 'dataset_produces_2', 'dataset_produces_1', 'dataset_consumes_1_and_2' retrieved from /usr/local/python/3.12.1/lib/python3.12/site-packages/airflow/example_dags/example_datasets.py
[2026-04-26T07:12:59.940+0000] {logging_mixin.py:188} INFO - [2026-04-26T07:12:59.940+0000] {dag.py:3096} INFO - Sync 10 DAGs
[2026-04-26T07:12:59.958+0000] {logging_mixin.py:188} INFO - [2026-04-26T07:12:59.958+0000] {dag.py:3954} INFO - Setting next_dagrun for conditional_dataset_and_time_based_timetable to 2026-04-22 01:00:00+00:00, run_after=2026-04-22 01:00:00+00:00
[2026-04-26T07:12:59.961+0000] {logging_mixin.py:188} INFO - [2026-04-26T07:12:59.961+0000] {dag.py:3954} INFO - Setting next_dagrun for consume_1_and_2_with_dataset_expressions to None, run_after=None
[2026-04-26T07:12:59.962+0000] {logging_mixin.py:188} INFO - [2026-04-26T07:12:59.962+0000] {dag.py:3954} INFO - Setting next_dagrun for consume_1_or_2_with_dataset_expressions to None, run_after=None
[2026-04-26T07:12:59.963+0000] {logging_mixin.py:188} INFO - [2026-04-26T07:12:59.963+0000] {dag.py:3954} INFO - Setting next_dagrun for consume_1_or_both_2_and_3_with_dataset_expressions to None, run_after=None
[2026-04-26T07:12:59.964+0000] {logging_mixin.py:188} INFO - [2026-04-26T07:12:59.963+0000] {dag.py:3954} INFO - Setting next_dagrun for dataset_consumes_1 to None, run_after=None
[2026-04-26T07:12:59.964+0000] {logging_mixin.py:188} INFO - [2026-04-26T07:12:59.964+0000] {dag.py:3954} INFO - Setting next_dagrun for dataset_consumes_1_and_2 to None, run_after=None
[2026-04-26T07:12:59.965+0000] {logging_mixin.py:188} INFO - [2026-04-26T07:12:59.965+0000] {dag.py:3954} INFO - Setting next_dagrun for dataset_consumes_1_never_scheduled to None, run_after=None
[2026-04-26T07:12:59.966+0000] {logging_mixin.py:188} INFO - [2026-04-26T07:12:59.966+0000] {dag.py:3954} INFO - Setting next_dagrun for dataset_consumes_unknown_never_scheduled to None, run_after=None
[2026-04-26T07:12:59.968+0000] {logging_mixin.py:188} INFO - [2026-04-26T07:12:59.968+0000] {dag.py:3954} INFO - Setting next_dagrun for dataset_produces_1 to 2026-04-25 00:00:00+00:00, run_after=2026-04-26 00:00:00+00:00
[2026-04-26T07:12:59.968+0000] {logging_mixin.py:188} INFO - [2026-04-26T07:12:59.968+0000] {dag.py:3954} INFO - Setting next_dagrun for dataset_produces_2 to None, run_after=None
[2026-04-26T07:12:59.993+0000] {processor.py:183} INFO - Processing /usr/local/python/3.12.1/lib/python3.12/site-packages/airflow/example_dags/example_datasets.py took 0.102 seconds
[2026-04-26T07:14:02.807+0000] {processor.py:161} INFO - Started process (PID=21834) to work on /usr/local/python/3.12.1/lib/python3.12/site-packages/airflow/example_dags/example_datasets.py
[2026-04-26T07:14:02.858+0000] {processor.py:830} INFO - Processing file /usr/local/python/3.12.1/lib/python3.12/site-packages/airflow/example_dags/example_datasets.py for tasks to queue
[2026-04-26T07:14:02.859+0000] {logging_mixin.py:188} INFO - [2026-04-26T07:14:02.858+0000] {dagbag.py:540} INFO - Filling up the DagBag from /usr/local/python/3.12.1/lib/python3.12/site-packages/airflow/example_dags/example_datasets.py
[2026-04-26T07:14:02.871+0000] {processor.py:840} INFO - DAG(s) 'dataset_consumes_1_and_2', 'dataset_produces_2', 'dataset_consumes_unknown_never_scheduled', 'dataset_consumes_1', 'conditional_dataset_and_time_based_timetable', 'dataset_consumes_1_never_scheduled', 'dataset_produces_1', 'consume_1_and_2_with_dataset_expressions', 'consume_1_or_both_2_and_3_with_dataset_expressions', 'consume_1_or_2_with_dataset_expressions' retrieved from /usr/local/python/3.12.1/lib/python3.12/site-packages/airflow/example_dags/example_datasets.py
[2026-04-26T07:14:02.899+0000] {logging_mixin.py:188} INFO - [2026-04-26T07:14:02.899+0000] {dag.py:3096} INFO - Sync 10 DAGs
[2026-04-26T07:14:02.922+0000] {logging_mixin.py:188} INFO - [2026-04-26T07:14:02.922+0000] {dag.py:3954} INFO - Setting next_dagrun for conditional_dataset_and_time_based_timetable to 2026-04-22 01:00:00+00:00, run_after=2026-04-22 01:00:00+00:00
[2026-04-26T07:14:02.927+0000] {logging_mixin.py:188} INFO - [2026-04-26T07:14:02.927+0000] {dag.py:3954} INFO - Setting next_dagrun for consume_1_and_2_with_dataset_expressions to None, run_after=None
[2026-04-26T07:14:02.928+0000] {logging_mixin.py:188} INFO - [2026-04-26T07:14:02.928+0000] {dag.py:3954} INFO - Setting next_dagrun for consume_1_or_2_with_dataset_expressions to None, run_after=None
[2026-04-26T07:14:02.929+0000] {logging_mixin.py:188} INFO - [2026-04-26T07:14:02.929+0000] {dag.py:3954} INFO - Setting next_dagrun for consume_1_or_both_2_and_3_with_dataset_expressions to None, run_after=None
[2026-04-26T07:14:02.930+0000] {logging_mixin.py:188} INFO - [2026-04-26T07:14:02.930+0000] {dag.py:3954} INFO - Setting next_dagrun for dataset_consumes_1 to None, run_after=None
[2026-04-26T07:14:02.931+0000] {logging_mixin.py:188} INFO - [2026-04-26T07:14:02.931+0000] {dag.py:3954} INFO - Setting next_dagrun for dataset_consumes_1_and_2 to None, run_after=None
[2026-04-26T07:14:02.932+0000] {logging_mixin.py:188} INFO - [2026-04-26T07:14:02.932+0000] {dag.py:3954} INFO - Setting next_dagrun for dataset_consumes_1_never_scheduled to None, run_after=None
[2026-04-26T07:14:02.933+0000] {logging_mixin.py:188} INFO - [2026-04-26T07:14:02.933+0000] {dag.py:3954} INFO - Setting next_dagrun for dataset_consumes_unknown_never_scheduled to None, run_after=None
[2026-04-26T07:14:02.936+0000] {logging_mixin.py:188} INFO - [2026-04-26T07:14:02.936+0000] {dag.py:3954} INFO - Setting next_dagrun for dataset_produces_1 to 2026-04-25 00:00:00+00:00, run_after=2026-04-26 00:00:00+00:00
[2026-04-26T07:14:02.937+0000] {logging_mixin.py:188} INFO - [2026-04-26T07:14:02.937+0000] {dag.py:3954} INFO - Setting next_dagrun for dataset_produces_2 to None, run_after=None
[2026-04-26T07:14:02.988+0000] {processor.py:183} INFO - Processing /usr/local/python/3.12.1/lib/python3.12/site-packages/airflow/example_dags/example_datasets.py took 0.186 seconds
[2026-04-26T07:14:16.846+0000] {processor.py:161} INFO - Started process (PID=21959) to work on /usr/local/python/3.12.1/lib/python3.12/site-packages/airflow/example_dags/example_datasets.py
[2026-04-26T07:14:16.848+0000] {processor.py:830} INFO - Processing file /usr/local/python/3.12.1/lib/python3.12/site-packages/airflow/example_dags/example_datasets.py for tasks to queue
[2026-04-26T07:14:16.849+0000] {logging_mixin.py:188} INFO - [2026-04-26T07:14:16.849+0000] {dagbag.py:540} INFO - Filling up the DagBag from /usr/local/python/3.12.1/lib/python3.12/site-packages/airflow/example_dags/example_datasets.py
[2026-04-26T07:14:16.869+0000] {processor.py:840} INFO - DAG(s) 'consume_1_or_both_2_and_3_with_dataset_expressions', 'dataset_consumes_unknown_never_scheduled', 'dataset_produces_2', 'dataset_consumes_1', 'consume_1_or_2_with_dataset_expressions', 'dataset_consumes_1_never_scheduled', 'dataset_produces_1', 'consume_1_and_2_with_dataset_expressions', 'dataset_consumes_1_and_2', 'conditional_dataset_and_time_based_timetable' retrieved from /usr/local/python/3.12.1/lib/python3.12/site-packages/airflow/example_dags/example_datasets.py
[2026-04-26T07:14:16.900+0000] {logging_mixin.py:188} INFO - [2026-04-26T07:14:16.900+0000] {dag.py:3096} INFO - Sync 10 DAGs
[2026-04-26T07:14:16.921+0000] {logging_mixin.py:188} INFO - [2026-04-26T07:14:16.920+0000] {dag.py:3954} INFO - Setting next_dagrun for conditional_dataset_and_time_based_timetable to 2026-04-22 01:00:00+00:00, run_after=2026-04-22 01:00:00+00:00
[2026-04-26T07:14:16.925+0000] {logging_mixin.py:188} INFO - [2026-04-26T07:14:16.924+0000] {dag.py:3954} INFO - Setting next_dagrun for consume_1_and_2_with_dataset_expressions to None, run_after=None
[2026-04-26T07:14:16.926+0000] {logging_mixin.py:188} INFO - [2026-04-26T07:14:16.926+0000] {dag.py:3954} INFO - Setting next_dagrun for consume_1_or_2_with_dataset_expressions to None, run_after=None
[2026-04-26T07:14:16.927+0000] {logging_mixin.py:188} INFO - [2026-04-26T07:14:16.927+0000] {dag.py:3954} INFO - Setting next_dagrun for consume_1_or_both_2_and_3_with_dataset_expressions to None, run_after=None
[2026-04-26T07:14:16.928+0000] {logging_mixin.py:188} INFO - [2026-04-26T07:14:16.928+0000] {dag.py:3954} INFO - Setting next_dagrun for dataset_consumes_1 to None, run_after=None
[2026-04-26T07:14:16.929+0000] {logging_mixin.py:188} INFO - [2026-04-26T07:14:16.929+0000] {dag.py:3954} INFO - Setting next_dagrun for dataset_consumes_1_and_2 to None, run_after=None
[2026-04-26T07:14:16.930+0000] {logging_mixin.py:188} INFO - [2026-04-26T07:14:16.930+0000] {dag.py:3954} INFO - Setting next_dagrun for dataset_consumes_1_never_scheduled to None, run_after=None
[2026-04-26T07:14:16.931+0000] {logging_mixin.py:188} INFO - [2026-04-26T07:14:16.931+0000] {dag.py:3954} INFO - Setting next_dagrun for dataset_consumes_unknown_never_scheduled to None, run_after=None
[2026-04-26T07:14:16.933+0000] {logging_mixin.py:188} INFO - [2026-04-26T07:14:16.933+0000] {dag.py:3954} INFO - Setting next_dagrun for dataset_produces_1 to 2026-04-25 00:00:00+00:00, run_after=2026-04-26 00:00:00+00:00
[2026-04-26T07:14:16.933+0000] {logging_mixin.py:188} INFO - [2026-04-26T07:14:16.933+0000] {dag.py:3954} INFO - Setting next_dagrun for dataset_produces_2 to None, run_after=None
[2026-04-26T07:14:17.200+0000] {processor.py:183} INFO - Processing /usr/local/python/3.12.1/lib/python3.12/site-packages/airflow/example_dags/example_datasets.py took 0.366 seconds
[2026-04-26T07:14:22.955+0000] {processor.py:161} INFO - Started process (PID=22016) to work on /usr/local/python/3.12.1/lib/python3.12/site-packages/airflow/example_dags/example_datasets.py
[2026-04-26T07:14:22.955+0000] {processor.py:830} INFO - Processing file /usr/local/python/3.12.1/lib/python3.12/site-packages/airflow/example_dags/example_datasets.py for tasks to queue
[2026-04-26T07:14:22.956+0000] {logging_mixin.py:188} INFO - [2026-04-26T07:14:22.956+0000] {dagbag.py:540} INFO - Filling up the DagBag from /usr/local/python/3.12.1/lib/python3.12/site-packages/airflow/example_dags/example_datasets.py
[2026-04-26T07:14:22.969+0000] {processor.py:840} INFO - DAG(s) 'dataset_consumes_1', 'consume_1_and_2_with_dataset_expressions', 'dataset_consumes_1_and_2', 'dataset_produces_1', 'conditional_dataset_and_time_based_timetable', 'consume_1_or_2_with_dataset_expressions', 'consume_1_or_both_2_and_3_with_dataset_expressions', 'dataset_produces_2', 'dataset_consumes_1_never_scheduled', 'dataset_consumes_unknown_never_scheduled' retrieved from /usr/local/python/3.12.1/lib/python3.12/site-packages/airflow/example_dags/example_datasets.py
[2026-04-26T07:14:22.997+0000] {logging_mixin.py:188} INFO - [2026-04-26T07:14:22.997+0000] {dag.py:3096} INFO - Sync 10 DAGs
[2026-04-26T07:14:23.014+0000] {logging_mixin.py:188} INFO - [2026-04-26T07:14:23.014+0000] {dag.py:3954} INFO - Setting next_dagrun for conditional_dataset_and_time_based_timetable to 2026-04-22 01:00:00+00:00, run_after=2026-04-22 01:00:00+00:00
[2026-04-26T07:14:23.017+0000] {logging_mixin.py:188} INFO - [2026-04-26T07:14:23.017+0000] {dag.py:3954} INFO - Setting next_dagrun for consume_1_and_2_with_dataset_expressions to None, run_after=None
[2026-04-26T07:14:23.018+0000] {logging_mixin.py:188} INFO - [2026-04-26T07:14:23.018+0000] {dag.py:3954} INFO - Setting next_dagrun for consume_1_or_2_with_dataset_expressions to None, run_after=None
[2026-04-26T07:14:23.019+0000] {logging_mixin.py:188} INFO - [2026-04-26T07:14:23.018+0000] {dag.py:3954} INFO - Setting next_dagrun for consume_1_or_both_2_and_3_with_dataset_expressions to None, run_after=None
[2026-04-26T07:14:23.020+0000] {logging_mixin.py:188} INFO - [2026-04-26T07:14:23.019+0000] {dag.py:3954} INFO - Setting next_dagrun for dataset_consumes_1 to None, run_after=None
[2026-04-26T07:14:23.021+0000] {logging_mixin.py:188} INFO - [2026-04-26T07:14:23.021+0000] {dag.py:3954} INFO - Setting next_dagrun for dataset_consumes_1_and_2 to None, run_after=None
[2026-04-26T07:14:23.022+0000] {logging_mixin.py:188} INFO - [2026-04-26T07:14:23.021+0000] {dag.py:3954} INFO - Setting next_dagrun for dataset_consumes_1_never_scheduled to None, run_after=None
[2026-04-26T07:14:23.022+0000] {logging_mixin.py:188} INFO - [2026-04-26T07:14:23.022+0000] {dag.py:3954} INFO - Setting next_dagrun for dataset_consumes_unknown_never_scheduled to None, run_after=None
[2026-04-26T07:14:23.024+0000] {logging_mixin.py:188} INFO - [2026-04-26T07:14:23.024+0000] {dag.py:3954} INFO - Setting next_dagrun for dataset_produces_1 to 2026-04-25 00:00:00+00:00, run_after=2026-04-26 00:00:00+00:00
[2026-04-26T07:14:23.025+0000] {logging_mixin.py:188} INFO - [2026-04-26T07:14:23.025+0000] {dag.py:3954} INFO - Setting next_dagrun for dataset_produces_2 to None, run_after=None
[2026-04-26T07:14:23.047+0000] {processor.py:183} INFO - Processing /usr/local/python/3.12.1/lib/python3.12/site-packages/airflow/example_dags/example_datasets.py took 0.096 seconds
[2026-04-26T07:15:07.749+0000] {processor.py:161} INFO - Started process (PID=22633) to work on /usr/local/python/3.12.1/lib/python3.12/site-packages/airflow/example_dags/example_datasets.py
[2026-04-26T07:15:07.750+0000] {processor.py:830} INFO - Processing file /usr/local/python/3.12.1/lib/python3.12/site-packages/airflow/example_dags/example_datasets.py for tasks to queue
[2026-04-26T07:15:07.752+0000] {logging_mixin.py:188} INFO - [2026-04-26T07:15:07.751+0000] {dagbag.py:540} INFO - Filling up the DagBag from /usr/local/python/3.12.1/lib/python3.12/site-packages/airflow/example_dags/example_datasets.py
[2026-04-26T07:15:07.768+0000] {processor.py:840} INFO - DAG(s) 'dataset_produces_1', 'dataset_consumes_1_and_2', 'consume_1_and_2_with_dataset_expressions', 'dataset_consumes_1_never_scheduled', 'dataset_consumes_unknown_never_scheduled', 'consume_1_or_2_with_dataset_expressions', 'consume_1_or_both_2_and_3_with_dataset_expressions', 'conditional_dataset_and_time_based_timetable', 'dataset_consumes_1', 'dataset_produces_2' retrieved from /usr/local/python/3.12.1/lib/python3.12/site-packages/airflow/example_dags/example_datasets.py
[2026-04-26T07:15:07.820+0000] {logging_mixin.py:188} INFO - [2026-04-26T07:15:07.820+0000] {dag.py:3096} INFO - Sync 10 DAGs
[2026-04-26T07:15:07.916+0000] {logging_mixin.py:188} INFO - [2026-04-26T07:15:07.916+0000] {dag.py:3954} INFO - Setting next_dagrun for conditional_dataset_and_time_based_timetable to 2026-04-22 01:00:00+00:00, run_after=2026-04-22 01:00:00+00:00
[2026-04-26T07:15:07.921+0000] {logging_mixin.py:188} INFO - [2026-04-26T07:15:07.921+0000] {dag.py:3954} INFO - Setting next_dagrun for consume_1_and_2_with_dataset_expressions to None, run_after=None
[2026-04-26T07:15:07.922+0000] {logging_mixin.py:188} INFO - [2026-04-26T07:15:07.922+0000] {dag.py:3954} INFO - Setting next_dagrun for consume_1_or_2_with_dataset_expressions to None, run_after=None
[2026-04-26T07:15:07.923+0000] {logging_mixin.py:188} INFO - [2026-04-26T07:15:07.923+0000] {dag.py:3954} INFO - Setting next_dagrun for consume_1_or_both_2_and_3_with_dataset_expressions to None, run_after=None
[2026-04-26T07:15:07.924+0000] {logging_mixin.py:188} INFO - [2026-04-26T07:15:07.924+0000] {dag.py:3954} INFO - Setting next_dagrun for dataset_consumes_1 to None, run_after=None
[2026-04-26T07:15:07.925+0000] {logging_mixin.py:188} INFO - [2026-04-26T07:15:07.924+0000] {dag.py:3954} INFO - Setting next_dagrun for dataset_consumes_1_and_2 to None, run_after=None
[2026-04-26T07:15:07.926+0000] {logging_mixin.py:188} INFO - [2026-04-26T07:15:07.926+0000] {dag.py:3954} INFO - Setting next_dagrun for dataset_consumes_1_never_scheduled to None, run_after=None
[2026-04-26T07:15:07.927+0000] {logging_mixin.py:188} INFO - [2026-04-26T07:15:07.927+0000] {dag.py:3954} INFO - Setting next_dagrun for dataset_consumes_unknown_never_scheduled to None, run_after=None
[2026-04-26T07:15:07.930+0000] {logging_mixin.py:188} INFO - [2026-04-26T07:15:07.930+0000] {dag.py:3954} INFO - Setting next_dagrun for dataset_produces_1 to 2026-04-25 00:00:00+00:00, run_after=2026-04-26 00:00:00+00:00
[2026-04-26T07:15:07.933+0000] {logging_mixin.py:188} INFO - [2026-04-26T07:15:07.931+0000] {dag.py:3954} INFO - Setting next_dagrun for dataset_produces_2 to None, run_after=None
[2026-04-26T07:15:07.995+0000] {processor.py:183} INFO - Processing /usr/local/python/3.12.1/lib/python3.12/site-packages/airflow/example_dags/example_datasets.py took 0.252 seconds
[2026-04-26T07:15:11.947+0000] {processor.py:161} INFO - Started process (PID=22706) to work on /usr/local/python/3.12.1/lib/python3.12/site-packages/airflow/example_dags/example_datasets.py
[2026-04-26T07:15:11.948+0000] {processor.py:830} INFO - Processing file /usr/local/python/3.12.1/lib/python3.12/site-packages/airflow/example_dags/example_datasets.py for tasks to queue
[2026-04-26T07:15:11.949+0000] {logging_mixin.py:188} INFO - [2026-04-26T07:15:11.948+0000] {dagbag.py:540} INFO - Filling up the DagBag from /usr/local/python/3.12.1/lib/python3.12/site-packages/airflow/example_dags/example_datasets.py
[2026-04-26T07:15:12.168+0000] {processor.py:840} INFO - DAG(s) 'consume_1_and_2_with_dataset_expressions', 'dataset_consumes_unknown_never_scheduled', 'dataset_consumes_1', 'dataset_consumes_1_and_2', 'dataset_produces_2', 'consume_1_or_2_with_dataset_expressions', 'dataset_consumes_1_never_scheduled', 'conditional_dataset_and_time_based_timetable', 'dataset_produces_1', 'consume_1_or_both_2_and_3_with_dataset_expressions' retrieved from /usr/local/python/3.12.1/lib/python3.12/site-packages/airflow/example_dags/example_datasets.py
[2026-04-26T07:15:12.198+0000] {logging_mixin.py:188} INFO - [2026-04-26T07:15:12.198+0000] {dag.py:3096} INFO - Sync 10 DAGs
[2026-04-26T07:15:12.217+0000] {logging_mixin.py:188} INFO - [2026-04-26T07:15:12.217+0000] {dag.py:3954} INFO - Setting next_dagrun for conditional_dataset_and_time_based_timetable to 2026-04-22 01:00:00+00:00, run_after=2026-04-22 01:00:00+00:00
[2026-04-26T07:15:12.221+0000] {logging_mixin.py:188} INFO - [2026-04-26T07:15:12.221+0000] {dag.py:3954} INFO - Setting next_dagrun for consume_1_and_2_with_dataset_expressions to None, run_after=None
[2026-04-26T07:15:12.222+0000] {logging_mixin.py:188} INFO - [2026-04-26T07:15:12.222+0000] {dag.py:3954} INFO - Setting next_dagrun for consume_1_or_2_with_dataset_expressions to None, run_after=None
[2026-04-26T07:15:12.223+0000] {logging_mixin.py:188} INFO - [2026-04-26T07:15:12.223+0000] {dag.py:3954} INFO - Setting next_dagrun for consume_1_or_both_2_and_3_with_dataset_expressions to None, run_after=None
[2026-04-26T07:15:12.224+0000] {logging_mixin.py:188} INFO - [2026-04-26T07:15:12.224+0000] {dag.py:3954} INFO - Setting next_dagrun for dataset_consumes_1 to None, run_after=None
[2026-04-26T07:15:12.225+0000] {logging_mixin.py:188} INFO - [2026-04-26T07:15:12.225+0000] {dag.py:3954} INFO - Setting next_dagrun for dataset_consumes_1_and_2 to None, run_after=None
[2026-04-26T07:15:12.226+0000] {logging_mixin.py:188} INFO - [2026-04-26T07:15:12.226+0000] {dag.py:3954} INFO - Setting next_dagrun for dataset_consumes_1_never_scheduled to None, run_after=None
[2026-04-26T07:15:12.227+0000] {logging_mixin.py:188} INFO - [2026-04-26T07:15:12.227+0000] {dag.py:3954} INFO - Setting next_dagrun for dataset_consumes_unknown_never_scheduled to None, run_after=None
[2026-04-26T07:15:12.230+0000] {logging_mixin.py:188} INFO - [2026-04-26T07:15:12.230+0000] {dag.py:3954} INFO - Setting next_dagrun for dataset_produces_1 to 2026-04-25 00:00:00+00:00, run_after=2026-04-26 00:00:00+00:00
[2026-04-26T07:15:12.231+0000] {logging_mixin.py:188} INFO - [2026-04-26T07:15:12.231+0000] {dag.py:3954} INFO - Setting next_dagrun for dataset_produces_2 to None, run_after=None
[2026-04-26T07:15:12.253+0000] {processor.py:183} INFO - Processing /usr/local/python/3.12.1/lib/python3.12/site-packages/airflow/example_dags/example_datasets.py took 0.313 seconds
[2026-04-26T07:15:13.597+0000] {processor.py:161} INFO - Started process (PID=22764) to work on /usr/local/python/3.12.1/lib/python3.12/site-packages/airflow/example_dags/example_datasets.py
[2026-04-26T07:15:13.597+0000] {processor.py:830} INFO - Processing file /usr/local/python/3.12.1/lib/python3.12/site-packages/airflow/example_dags/example_datasets.py for tasks to queue
[2026-04-26T07:15:13.598+0000] {logging_mixin.py:188} INFO - [2026-04-26T07:15:13.598+0000] {dagbag.py:540} INFO - Filling up the DagBag from /usr/local/python/3.12.1/lib/python3.12/site-packages/airflow/example_dags/example_datasets.py
[2026-04-26T07:15:13.614+0000] {processor.py:840} INFO - DAG(s) 'dataset_consumes_1_and_2', 'consume_1_and_2_with_dataset_expressions', 'dataset_consumes_1_never_scheduled', 'dataset_consumes_1', 'consume_1_or_both_2_and_3_with_dataset_expressions', 'conditional_dataset_and_time_based_timetable', 'dataset_consumes_unknown_never_scheduled', 'dataset_produces_2', 'consume_1_or_2_with_dataset_expressions', 'dataset_produces_1' retrieved from /usr/local/python/3.12.1/lib/python3.12/site-packages/airflow/example_dags/example_datasets.py
[2026-04-26T07:15:13.651+0000] {logging_mixin.py:188} INFO - [2026-04-26T07:15:13.651+0000] {dag.py:3096} INFO - Sync 10 DAGs
[2026-04-26T07:15:13.668+0000] {logging_mixin.py:188} INFO - [2026-04-26T07:15:13.668+0000] {dag.py:3954} INFO - Setting next_dagrun for conditional_dataset_and_time_based_timetable to 2026-04-22 01:00:00+00:00, run_after=2026-04-22 01:00:00+00:00
[2026-04-26T07:15:13.672+0000] {logging_mixin.py:188} INFO - [2026-04-26T07:15:13.671+0000] {dag.py:3954} INFO - Setting next_dagrun for consume_1_and_2_with_dataset_expressions to None, run_after=None
[2026-04-26T07:15:13.672+0000] {logging_mixin.py:188} INFO - [2026-04-26T07:15:13.672+0000] {dag.py:3954} INFO - Setting next_dagrun for consume_1_or_2_with_dataset_expressions to None, run_after=None
[2026-04-26T07:15:13.673+0000] {logging_mixin.py:188} INFO - [2026-04-26T07:15:13.673+0000] {dag.py:3954} INFO - Setting next_dagrun for consume_1_or_both_2_and_3_with_dataset_expressions to None, run_after=None
[2026-04-26T07:15:13.674+0000] {logging_mixin.py:188} INFO - [2026-04-26T07:15:13.674+0000] {dag.py:3954} INFO - Setting next_dagrun for dataset_consumes_1 to None, run_after=None
[2026-04-26T07:15:13.675+0000] {logging_mixin.py:188} INFO - [2026-04-26T07:15:13.674+0000] {dag.py:3954} INFO - Setting next_dagrun for dataset_consumes_1_and_2 to None, run_after=None
[2026-04-26T07:15:13.675+0000] {logging_mixin.py:188} INFO - [2026-04-26T07:15:13.675+0000] {dag.py:3954} INFO - Setting next_dagrun for dataset_consumes_1_never_scheduled to None, run_after=None
[2026-04-26T07:15:13.676+0000] {logging_mixin.py:188} INFO - [2026-04-26T07:15:13.676+0000] {dag.py:3954} INFO - Setting next_dagrun for dataset_consumes_unknown_never_scheduled to None, run_after=None
[2026-04-26T07:15:13.678+0000] {logging_mixin.py:188} INFO - [2026-04-26T07:15:13.678+0000] {dag.py:3954} INFO - Setting next_dagrun for dataset_produces_1 to 2026-04-25 00:00:00+00:00, run_after=2026-04-26 00:00:00+00:00
[2026-04-26T07:15:13.678+0000] {logging_mixin.py:188} INFO - [2026-04-26T07:15:13.678+0000] {dag.py:3954} INFO - Setting next_dagrun for dataset_produces_2 to None, run_after=None
[2026-04-26T07:15:13.701+0000] {processor.py:183} INFO - Processing /usr/local/python/3.12.1/lib/python3.12/site-packages/airflow/example_dags/example_datasets.py took 0.110 seconds
[2026-04-26T07:16:00.581+0000] {processor.py:161} INFO - Started process (PID=23471) to work on /usr/local/python/3.12.1/lib/python3.12/site-packages/airflow/example_dags/example_datasets.py
[2026-04-26T07:16:00.582+0000] {processor.py:830} INFO - Processing file /usr/local/python/3.12.1/lib/python3.12/site-packages/airflow/example_dags/example_datasets.py for tasks to queue
[2026-04-26T07:16:00.582+0000] {logging_mixin.py:188} INFO - [2026-04-26T07:16:00.582+0000] {dagbag.py:540} INFO - Filling up the DagBag from /usr/local/python/3.12.1/lib/python3.12/site-packages/airflow/example_dags/example_datasets.py
[2026-04-26T07:16:00.599+0000] {processor.py:840} INFO - DAG(s) 'dataset_produces_2', 'conditional_dataset_and_time_based_timetable', 'consume_1_and_2_with_dataset_expressions', 'dataset_consumes_1_and_2', 'consume_1_or_2_with_dataset_expressions', 'consume_1_or_both_2_and_3_with_dataset_expressions', 'dataset_produces_1', 'dataset_consumes_1', 'dataset_consumes_1_never_scheduled', 'dataset_consumes_unknown_never_scheduled' retrieved from /usr/local/python/3.12.1/lib/python3.12/site-packages/airflow/example_dags/example_datasets.py
[2026-04-26T07:16:00.640+0000] {logging_mixin.py:188} INFO - [2026-04-26T07:16:00.640+0000] {dag.py:3096} INFO - Sync 10 DAGs
[2026-04-26T07:16:00.658+0000] {logging_mixin.py:188} INFO - [2026-04-26T07:16:00.658+0000] {dag.py:3954} INFO - Setting next_dagrun for conditional_dataset_and_time_based_timetable to 2026-04-22 01:00:00+00:00, run_after=2026-04-22 01:00:00+00:00
[2026-04-26T07:16:00.660+0000] {logging_mixin.py:188} INFO - [2026-04-26T07:16:00.660+0000] {dag.py:3954} INFO - Setting next_dagrun for consume_1_and_2_with_dataset_expressions to None, run_after=None
[2026-04-26T07:16:00.661+0000] {logging_mixin.py:188} INFO - [2026-04-26T07:16:00.661+0000] {dag.py:3954} INFO - Setting next_dagrun for consume_1_or_2_with_dataset_expressions to None, run_after=None
[2026-04-26T07:16:00.662+0000] {logging_mixin.py:188} INFO - [2026-04-26T07:16:00.662+0000] {dag.py:3954} INFO - Setting next_dagrun for consume_1_or_both_2_and_3_with_dataset_expressions to None, run_after=None
[2026-04-26T07:16:00.663+0000] {logging_mixin.py:188} INFO - [2026-04-26T07:16:00.663+0000] {dag.py:3954} INFO - Setting next_dagrun for dataset_consumes_1 to None, run_after=None
[2026-04-26T07:16:00.663+0000] {logging_mixin.py:188} INFO - [2026-04-26T07:16:00.663+0000] {dag.py:3954} INFO - Setting next_dagrun for dataset_consumes_1_and_2 to None, run_after=None
[2026-04-26T07:16:00.664+0000] {logging_mixin.py:188} INFO - [2026-04-26T07:16:00.664+0000] {dag.py:3954} INFO - Setting next_dagrun for dataset_consumes_1_never_scheduled to None, run_after=None
[2026-04-26T07:16:00.665+0000] {logging_mixin.py:188} INFO - [2026-04-26T07:16:00.665+0000] {dag.py:3954} INFO - Setting next_dagrun for dataset_consumes_unknown_never_scheduled to None, run_after=None
[2026-04-26T07:16:00.667+0000] {logging_mixin.py:188} INFO - [2026-04-26T07:16:00.667+0000] {dag.py:3954} INFO - Setting next_dagrun for dataset_produces_1 to 2026-04-25 00:00:00+00:00, run_after=2026-04-26 00:00:00+00:00
[2026-04-26T07:16:00.667+0000] {logging_mixin.py:188} INFO - [2026-04-26T07:16:00.667+0000] {dag.py:3954} INFO - Setting next_dagrun for dataset_produces_2 to None, run_after=None
[2026-04-26T07:16:00.689+0000] {processor.py:183} INFO - Processing /usr/local/python/3.12.1/lib/python3.12/site-packages/airflow/example_dags/example_datasets.py took 0.113 seconds
[2026-04-26T07:16:01.742+0000] {processor.py:161} INFO - Started process (PID=23481) to work on /usr/local/python/3.12.1/lib/python3.12/site-packages/airflow/example_dags/example_datasets.py
[2026-04-26T07:16:01.743+0000] {processor.py:830} INFO - Processing file /usr/local/python/3.12.1/lib/python3.12/site-packages/airflow/example_dags/example_datasets.py for tasks to queue
[2026-04-26T07:16:01.744+0000] {logging_mixin.py:188} INFO - [2026-04-26T07:16:01.744+0000] {dagbag.py:540} INFO - Filling up the DagBag from /usr/local/python/3.12.1/lib/python3.12/site-packages/airflow/example_dags/example_datasets.py
[2026-04-26T07:16:01.755+0000] {processor.py:840} INFO - DAG(s) 'consume_1_or_both_2_and_3_with_dataset_expressions', 'dataset_consumes_1_never_scheduled', 'consume_1_or_2_with_dataset_expressions', 'dataset_consumes_unknown_never_scheduled', 'dataset_consumes_1', 'dataset_produces_1', 'conditional_dataset_and_time_based_timetable', 'dataset_produces_2', 'dataset_consumes_1_and_2', 'consume_1_and_2_with_dataset_expressions' retrieved from /usr/local/python/3.12.1/lib/python3.12/site-packages/airflow/example_dags/example_datasets.py
[2026-04-26T07:16:01.784+0000] {logging_mixin.py:188} INFO - [2026-04-26T07:16:01.783+0000] {dag.py:3096} INFO - Sync 10 DAGs
[2026-04-26T07:16:01.808+0000] {logging_mixin.py:188} INFO - [2026-04-26T07:16:01.808+0000] {dag.py:3954} INFO - Setting next_dagrun for conditional_dataset_and_time_based_timetable to 2026-04-22 01:00:00+00:00, run_after=2026-04-22 01:00:00+00:00
[2026-04-26T07:16:01.812+0000] {logging_mixin.py:188} INFO - [2026-04-26T07:16:01.812+0000] {dag.py:3954} INFO - Setting next_dagrun for consume_1_and_2_with_dataset_expressions to None, run_after=None
[2026-04-26T07:16:01.813+0000] {logging_mixin.py:188} INFO - [2026-04-26T07:16:01.813+0000] {dag.py:3954} INFO - Setting next_dagrun for consume_1_or_2_with_dataset_expressions to None, run_after=None
[2026-04-26T07:16:01.814+0000] {logging_mixin.py:188} INFO - [2026-04-26T07:16:01.814+0000] {dag.py:3954} INFO - Setting next_dagrun for consume_1_or_both_2_and_3_with_dataset_expressions to None, run_after=None
[2026-04-26T07:16:01.815+0000] {logging_mixin.py:188} INFO - [2026-04-26T07:16:01.815+0000] {dag.py:3954} INFO - Setting next_dagrun for dataset_consumes_1 to None, run_after=None
[2026-04-26T07:16:01.816+0000] {logging_mixin.py:188} INFO - [2026-04-26T07:16:01.816+0000] {dag.py:3954} INFO - Setting next_dagrun for dataset_consumes_1_and_2 to None, run_after=None
[2026-04-26T07:16:01.817+0000] {logging_mixin.py:188} INFO - [2026-04-26T07:16:01.817+0000] {dag.py:3954} INFO - Setting next_dagrun for dataset_consumes_1_never_scheduled to None, run_after=None
[2026-04-26T07:16:01.818+0000] {logging_mixin.py:188} INFO - [2026-04-26T07:16:01.818+0000] {dag.py:3954} INFO - Setting next_dagrun for dataset_consumes_unknown_never_scheduled to None, run_after=None
[2026-04-26T07:16:01.821+0000] {logging_mixin.py:188} INFO - [2026-04-26T07:16:01.821+0000] {dag.py:3954} INFO - Setting next_dagrun for dataset_produces_1 to 2026-04-25 00:00:00+00:00, run_after=2026-04-26 00:00:00+00:00
[2026-04-26T07:16:01.822+0000] {logging_mixin.py:188} INFO - [2026-04-26T07:16:01.822+0000] {dag.py:3954} INFO - Setting next_dagrun for dataset_produces_2 to None, run_after=None
[2026-04-26T07:16:01.860+0000] {processor.py:183} INFO - Processing /usr/local/python/3.12.1/lib/python3.12/site-packages/airflow/example_dags/example_datasets.py took 0.122 seconds
[2026-04-26T07:16:17.751+0000] {processor.py:161} INFO - Started process (PID=23745) to work on /usr/local/python/3.12.1/lib/python3.12/site-packages/airflow/example_dags/example_datasets.py
[2026-04-26T07:16:17.752+0000] {processor.py:830} INFO - Processing file /usr/local/python/3.12.1/lib/python3.12/site-packages/airflow/example_dags/example_datasets.py for tasks to queue
[2026-04-26T07:16:17.753+0000] {logging_mixin.py:188} INFO - [2026-04-26T07:16:17.752+0000] {dagbag.py:540} INFO - Filling up the DagBag from /usr/local/python/3.12.1/lib/python3.12/site-packages/airflow/example_dags/example_datasets.py
[2026-04-26T07:16:17.764+0000] {processor.py:840} INFO - DAG(s) 'dataset_consumes_unknown_never_scheduled', 'dataset_produces_1', 'dataset_consumes_1_never_scheduled', 'consume_1_or_2_with_dataset_expressions', 'consume_1_or_both_2_and_3_with_dataset_expressions', 'consume_1_and_2_with_dataset_expressions', 'dataset_consumes_1_and_2', 'conditional_dataset_and_time_based_timetable', 'dataset_produces_2', 'dataset_consumes_1' retrieved from /usr/local/python/3.12.1/lib/python3.12/site-packages/airflow/example_dags/example_datasets.py
[2026-04-26T07:16:17.793+0000] {logging_mixin.py:188} INFO - [2026-04-26T07:16:17.793+0000] {dag.py:3096} INFO - Sync 10 DAGs
[2026-04-26T07:16:17.811+0000] {logging_mixin.py:188} INFO - [2026-04-26T07:16:17.811+0000] {dag.py:3954} INFO - Setting next_dagrun for conditional_dataset_and_time_based_timetable to 2026-04-22 01:00:00+00:00, run_after=2026-04-22 01:00:00+00:00
[2026-04-26T07:16:17.814+0000] {logging_mixin.py:188} INFO - [2026-04-26T07:16:17.814+0000] {dag.py:3954} INFO - Setting next_dagrun for consume_1_and_2_with_dataset_expressions to None, run_after=None
[2026-04-26T07:16:17.815+0000] {logging_mixin.py:188} INFO - [2026-04-26T07:16:17.815+0000] {dag.py:3954} INFO - Setting next_dagrun for consume_1_or_2_with_dataset_expressions to None, run_after=None
[2026-04-26T07:16:17.816+0000] {logging_mixin.py:188} INFO - [2026-04-26T07:16:17.816+0000] {dag.py:3954} INFO - Setting next_dagrun for consume_1_or_both_2_and_3_with_dataset_expressions to None, run_after=None
[2026-04-26T07:16:17.817+0000] {logging_mixin.py:188} INFO - [2026-04-26T07:16:17.817+0000] {dag.py:3954} INFO - Setting next_dagrun for dataset_consumes_1 to None, run_after=None
[2026-04-26T07:16:17.818+0000] {logging_mixin.py:188} INFO - [2026-04-26T07:16:17.818+0000] {dag.py:3954} INFO - Setting next_dagrun for dataset_consumes_1_and_2 to None, run_after=None
[2026-04-26T07:16:17.819+0000] {logging_mixin.py:188} INFO - [2026-04-26T07:16:17.819+0000] {dag.py:3954} INFO - Setting next_dagrun for dataset_consumes_1_never_scheduled to None, run_after=None
[2026-04-26T07:16:17.820+0000] {logging_mixin.py:188} INFO - [2026-04-26T07:16:17.820+0000] {dag.py:3954} INFO - Setting next_dagrun for dataset_consumes_unknown_never_scheduled to None, run_after=None
[2026-04-26T07:16:17.822+0000] {logging_mixin.py:188} INFO - [2026-04-26T07:16:17.822+0000] {dag.py:3954} INFO - Setting next_dagrun for dataset_produces_1 to 2026-04-25 00:00:00+00:00, run_after=2026-04-26 00:00:00+00:00
[2026-04-26T07:16:17.823+0000] {logging_mixin.py:188} INFO - [2026-04-26T07:16:17.823+0000] {dag.py:3954} INFO - Setting next_dagrun for dataset_produces_2 to None, run_after=None
[2026-04-26T07:16:17.858+0000] {processor.py:183} INFO - Processing /usr/local/python/3.12.1/lib/python3.12/site-packages/airflow/example_dags/example_datasets.py took 0.111 seconds
[2026-04-26T07:17:02.235+0000] {processor.py:161} INFO - Started process (PID=24176) to work on /usr/local/python/3.12.1/lib/python3.12/site-packages/airflow/example_dags/example_datasets.py
[2026-04-26T07:17:02.235+0000] {processor.py:830} INFO - Processing file /usr/local/python/3.12.1/lib/python3.12/site-packages/airflow/example_dags/example_datasets.py for tasks to queue
[2026-04-26T07:17:02.236+0000] {logging_mixin.py:188} INFO - [2026-04-26T07:17:02.236+0000] {dagbag.py:540} INFO - Filling up the DagBag from /usr/local/python/3.12.1/lib/python3.12/site-packages/airflow/example_dags/example_datasets.py
[2026-04-26T07:17:02.255+0000] {processor.py:840} INFO - DAG(s) 'consume_1_and_2_with_dataset_expressions', 'conditional_dataset_and_time_based_timetable', 'dataset_consumes_1', 'dataset_produces_1', 'dataset_consumes_1_and_2', 'dataset_consumes_1_never_scheduled', 'consume_1_or_both_2_and_3_with_dataset_expressions', 'consume_1_or_2_with_dataset_expressions', 'dataset_consumes_unknown_never_scheduled', 'dataset_produces_2' retrieved from /usr/local/python/3.12.1/lib/python3.12/site-packages/airflow/example_dags/example_datasets.py
[2026-04-26T07:17:02.308+0000] {logging_mixin.py:188} INFO - [2026-04-26T07:17:02.308+0000] {dag.py:3096} INFO - Sync 10 DAGs
[2026-04-26T07:17:02.336+0000] {logging_mixin.py:188} INFO - [2026-04-26T07:17:02.335+0000] {dag.py:3954} INFO - Setting next_dagrun for conditional_dataset_and_time_based_timetable to 2026-04-22 01:00:00+00:00, run_after=2026-04-22 01:00:00+00:00
[2026-04-26T07:17:02.340+0000] {logging_mixin.py:188} INFO - [2026-04-26T07:17:02.340+0000] {dag.py:3954} INFO - Setting next_dagrun for consume_1_and_2_with_dataset_expressions to None, run_after=None
[2026-04-26T07:17:02.341+0000] {logging_mixin.py:188} INFO - [2026-04-26T07:17:02.341+0000] {dag.py:3954} INFO - Setting next_dagrun for consume_1_or_2_with_dataset_expressions to None, run_after=None
[2026-04-26T07:17:02.343+0000] {logging_mixin.py:188} INFO - [2026-04-26T07:17:02.342+0000] {dag.py:3954} INFO - Setting next_dagrun for consume_1_or_both_2_and_3_with_dataset_expressions to None, run_after=None
[2026-04-26T07:17:02.344+0000] {logging_mixin.py:188} INFO - [2026-04-26T07:17:02.343+0000] {dag.py:3954} INFO - Setting next_dagrun for dataset_consumes_1 to None, run_after=None
[2026-04-26T07:17:02.345+0000] {logging_mixin.py:188} INFO - [2026-04-26T07:17:02.345+0000] {dag.py:3954} INFO - Setting next_dagrun for dataset_consumes_1_and_2 to None, run_after=None
[2026-04-26T07:17:02.346+0000] {logging_mixin.py:188} INFO - [2026-04-26T07:17:02.346+0000] {dag.py:3954} INFO - Setting next_dagrun for dataset_consumes_1_never_scheduled to None, run_after=None
[2026-04-26T07:17:02.347+0000] {logging_mixin.py:188} INFO - [2026-04-26T07:17:02.346+0000] {dag.py:3954} INFO - Setting next_dagrun for dataset_consumes_unknown_never_scheduled to None, run_after=None
[2026-04-26T07:17:02.350+0000] {logging_mixin.py:188} INFO - [2026-04-26T07:17:02.349+0000] {dag.py:3954} INFO - Setting next_dagrun for dataset_produces_1 to 2026-04-25 00:00:00+00:00, run_after=2026-04-26 00:00:00+00:00
[2026-04-26T07:17:02.350+0000] {logging_mixin.py:188} INFO - [2026-04-26T07:17:02.350+0000] {dag.py:3954} INFO - Setting next_dagrun for dataset_produces_2 to None, run_after=None
[2026-04-26T07:17:02.385+0000] {processor.py:183} INFO - Processing /usr/local/python/3.12.1/lib/python3.12/site-packages/airflow/example_dags/example_datasets.py took 0.155 seconds
[2026-04-26T07:17:07.315+0000] {processor.py:161} INFO - Started process (PID=24279) to work on /usr/local/python/3.12.1/lib/python3.12/site-packages/airflow/example_dags/example_datasets.py
[2026-04-26T07:17:07.316+0000] {processor.py:830} INFO - Processing file /usr/local/python/3.12.1/lib/python3.12/site-packages/airflow/example_dags/example_datasets.py for tasks to queue
[2026-04-26T07:17:07.317+0000] {logging_mixin.py:188} INFO - [2026-04-26T07:17:07.316+0000] {dagbag.py:540} INFO - Filling up the DagBag from /usr/local/python/3.12.1/lib/python3.12/site-packages/airflow/example_dags/example_datasets.py
[2026-04-26T07:17:07.328+0000] {processor.py:840} INFO - DAG(s) 'dataset_consumes_1', 'consume_1_and_2_with_dataset_expressions', 'dataset_consumes_unknown_never_scheduled', 'consume_1_or_both_2_and_3_with_dataset_expressions', 'dataset_produces_1', 'consume_1_or_2_with_dataset_expressions', 'dataset_produces_2', 'dataset_consumes_1_never_scheduled', 'dataset_consumes_1_and_2', 'conditional_dataset_and_time_based_timetable' retrieved from /usr/local/python/3.12.1/lib/python3.12/site-packages/airflow/example_dags/example_datasets.py
[2026-04-26T07:17:07.367+0000] {logging_mixin.py:188} INFO - [2026-04-26T07:17:07.367+0000] {dag.py:3096} INFO - Sync 10 DAGs
[2026-04-26T07:17:07.395+0000] {logging_mixin.py:188} INFO - [2026-04-26T07:17:07.394+0000] {dag.py:3954} INFO - Setting next_dagrun for conditional_dataset_and_time_based_timetable to 2026-04-22 01:00:00+00:00, run_after=2026-04-22 01:00:00+00:00
[2026-04-26T07:17:07.398+0000] {logging_mixin.py:188} INFO - [2026-04-26T07:17:07.398+0000] {dag.py:3954} INFO - Setting next_dagrun for consume_1_and_2_with_dataset_expressions to None, run_after=None
[2026-04-26T07:17:07.400+0000] {logging_mixin.py:188} INFO - [2026-04-26T07:17:07.400+0000] {dag.py:3954} INFO - Setting next_dagrun for consume_1_or_2_with_dataset_expressions to None, run_after=None
[2026-04-26T07:17:07.401+0000] {logging_mixin.py:188} INFO - [2026-04-26T07:17:07.401+0000] {dag.py:3954} INFO - Setting next_dagrun for consume_1_or_both_2_and_3_with_dataset_expressions to None, run_after=None
[2026-04-26T07:17:07.402+0000] {logging_mixin.py:188} INFO - [2026-04-26T07:17:07.402+0000] {dag.py:3954} INFO - Setting next_dagrun for dataset_consumes_1 to None, run_after=None
[2026-04-26T07:17:07.403+0000] {logging_mixin.py:188} INFO - [2026-04-26T07:17:07.403+0000] {dag.py:3954} INFO - Setting next_dagrun for dataset_consumes_1_and_2 to None, run_after=None
[2026-04-26T07:17:07.404+0000] {logging_mixin.py:188} INFO - [2026-04-26T07:17:07.404+0000] {dag.py:3954} INFO - Setting next_dagrun for dataset_consumes_1_never_scheduled to None, run_after=None
[2026-04-26T07:17:07.405+0000] {logging_mixin.py:188} INFO - [2026-04-26T07:17:07.405+0000] {dag.py:3954} INFO - Setting next_dagrun for dataset_consumes_unknown_never_scheduled to None, run_after=None
[2026-04-26T07:17:07.408+0000] {logging_mixin.py:188} INFO - [2026-04-26T07:17:07.408+0000] {dag.py:3954} INFO - Setting next_dagrun for dataset_produces_1 to 2026-04-25 00:00:00+00:00, run_after=2026-04-26 00:00:00+00:00
[2026-04-26T07:17:07.409+0000] {logging_mixin.py:188} INFO - [2026-04-26T07:17:07.409+0000] {dag.py:3954} INFO - Setting next_dagrun for dataset_produces_2 to None, run_after=None
[2026-04-26T07:17:07.443+0000] {processor.py:183} INFO - Processing /usr/local/python/3.12.1/lib/python3.12/site-packages/airflow/example_dags/example_datasets.py took 0.132 seconds
[2026-04-26T07:17:22.092+0000] {processor.py:161} INFO - Started process (PID=24492) to work on /usr/local/python/3.12.1/lib/python3.12/site-packages/airflow/example_dags/example_datasets.py
[2026-04-26T07:17:22.092+0000] {processor.py:830} INFO - Processing file /usr/local/python/3.12.1/lib/python3.12/site-packages/airflow/example_dags/example_datasets.py for tasks to queue
[2026-04-26T07:17:22.093+0000] {logging_mixin.py:188} INFO - [2026-04-26T07:17:22.093+0000] {dagbag.py:540} INFO - Filling up the DagBag from /usr/local/python/3.12.1/lib/python3.12/site-packages/airflow/example_dags/example_datasets.py
[2026-04-26T07:17:22.104+0000] {processor.py:840} INFO - DAG(s) 'consume_1_or_2_with_dataset_expressions', 'dataset_produces_2', 'dataset_consumes_unknown_never_scheduled', 'consume_1_and_2_with_dataset_expressions', 'conditional_dataset_and_time_based_timetable', 'dataset_consumes_1_never_scheduled', 'consume_1_or_both_2_and_3_with_dataset_expressions', 'dataset_consumes_1_and_2', 'dataset_consumes_1', 'dataset_produces_1' retrieved from /usr/local/python/3.12.1/lib/python3.12/site-packages/airflow/example_dags/example_datasets.py
[2026-04-26T07:17:22.133+0000] {logging_mixin.py:188} INFO - [2026-04-26T07:17:22.132+0000] {dag.py:3096} INFO - Sync 10 DAGs
[2026-04-26T07:17:22.150+0000] {logging_mixin.py:188} INFO - [2026-04-26T07:17:22.150+0000] {dag.py:3954} INFO - Setting next_dagrun for conditional_dataset_and_time_based_timetable to 2026-04-22 01:00:00+00:00, run_after=2026-04-22 01:00:00+00:00
[2026-04-26T07:17:22.153+0000] {logging_mixin.py:188} INFO - [2026-04-26T07:17:22.153+0000] {dag.py:3954} INFO - Setting next_dagrun for consume_1_and_2_with_dataset_expressions to None, run_after=None
[2026-04-26T07:17:22.154+0000] {logging_mixin.py:188} INFO - [2026-04-26T07:17:22.154+0000] {dag.py:3954} INFO - Setting next_dagrun for consume_1_or_2_with_dataset_expressions to None, run_after=None
[2026-04-26T07:17:22.154+0000] {logging_mixin.py:188} INFO - [2026-04-26T07:17:22.154+0000] {dag.py:3954} INFO - Setting next_dagrun for consume_1_or_both_2_and_3_with_dataset_expressions to None, run_after=None
[2026-04-26T07:17:22.155+0000] {logging_mixin.py:188} INFO - [2026-04-26T07:17:22.155+0000] {dag.py:3954} INFO - Setting next_dagrun for dataset_consumes_1 to None, run_after=None
[2026-04-26T07:17:22.156+0000] {logging_mixin.py:188} INFO - [2026-04-26T07:17:22.156+0000] {dag.py:3954} INFO - Setting next_dagrun for dataset_consumes_1_and_2 to None, run_after=None
[2026-04-26T07:17:22.157+0000] {logging_mixin.py:188} INFO - [2026-04-26T07:17:22.156+0000] {dag.py:3954} INFO - Setting next_dagrun for dataset_consumes_1_never_scheduled to None, run_after=None
[2026-04-26T07:17:22.157+0000] {logging_mixin.py:188} INFO - [2026-04-26T07:17:22.157+0000] {dag.py:3954} INFO - Setting next_dagrun for dataset_consumes_unknown_never_scheduled to None, run_after=None
[2026-04-26T07:17:22.159+0000] {logging_mixin.py:188} INFO - [2026-04-26T07:17:22.159+0000] {dag.py:3954} INFO - Setting next_dagrun for dataset_produces_1 to 2026-04-25 00:00:00+00:00, run_after=2026-04-26 00:00:00+00:00
[2026-04-26T07:17:22.160+0000] {logging_mixin.py:188} INFO - [2026-04-26T07:17:22.160+0000] {dag.py:3954} INFO - Setting next_dagrun for dataset_produces_2 to None, run_after=None
[2026-04-26T07:17:22.183+0000] {processor.py:183} INFO - Processing /usr/local/python/3.12.1/lib/python3.12/site-packages/airflow/example_dags/example_datasets.py took 0.095 seconds
[2026-04-26T07:18:02.991+0000] {processor.py:161} INFO - Started process (PID=24868) to work on /usr/local/python/3.12.1/lib/python3.12/site-packages/airflow/example_dags/example_datasets.py
[2026-04-26T07:18:02.991+0000] {processor.py:830} INFO - Processing file /usr/local/python/3.12.1/lib/python3.12/site-packages/airflow/example_dags/example_datasets.py for tasks to queue
[2026-04-26T07:18:02.992+0000] {logging_mixin.py:188} INFO - [2026-04-26T07:18:02.992+0000] {dagbag.py:540} INFO - Filling up the DagBag from /usr/local/python/3.12.1/lib/python3.12/site-packages/airflow/example_dags/example_datasets.py
[2026-04-26T07:18:03.004+0000] {processor.py:840} INFO - DAG(s) 'dataset_produces_2', 'consume_1_or_2_with_dataset_expressions', 'dataset_produces_1', 'dataset_consumes_unknown_never_scheduled', 'consume_1_or_both_2_and_3_with_dataset_expressions', 'dataset_consumes_1', 'dataset_consumes_1_never_scheduled', 'dataset_consumes_1_and_2', 'consume_1_and_2_with_dataset_expressions', 'conditional_dataset_and_time_based_timetable' retrieved from /usr/local/python/3.12.1/lib/python3.12/site-packages/airflow/example_dags/example_datasets.py
[2026-04-26T07:18:03.036+0000] {logging_mixin.py:188} INFO - [2026-04-26T07:18:03.036+0000] {dag.py:3096} INFO - Sync 10 DAGs
[2026-04-26T07:18:03.053+0000] {logging_mixin.py:188} INFO - [2026-04-26T07:18:03.053+0000] {dag.py:3954} INFO - Setting next_dagrun for conditional_dataset_and_time_based_timetable to 2026-04-22 01:00:00+00:00, run_after=2026-04-22 01:00:00+00:00
[2026-04-26T07:18:03.056+0000] {logging_mixin.py:188} INFO - [2026-04-26T07:18:03.056+0000] {dag.py:3954} INFO - Setting next_dagrun for consume_1_and_2_with_dataset_expressions to None, run_after=None
[2026-04-26T07:18:03.057+0000] {logging_mixin.py:188} INFO - [2026-04-26T07:18:03.057+0000] {dag.py:3954} INFO - Setting next_dagrun for consume_1_or_2_with_dataset_expressions to None, run_after=None
[2026-04-26T07:18:03.057+0000] {logging_mixin.py:188} INFO - [2026-04-26T07:18:03.057+0000] {dag.py:3954} INFO - Setting next_dagrun for consume_1_or_both_2_and_3_with_dataset_expressions to None, run_after=None
[2026-04-26T07:18:03.058+0000] {logging_mixin.py:188} INFO - [2026-04-26T07:18:03.058+0000] {dag.py:3954} INFO - Setting next_dagrun for dataset_consumes_1 to None, run_after=None
[2026-04-26T07:18:03.059+0000] {logging_mixin.py:188} INFO - [2026-04-26T07:18:03.059+0000] {dag.py:3954} INFO - Setting next_dagrun for dataset_consumes_1_and_2 to None, run_after=None
[2026-04-26T07:18:03.060+0000] {logging_mixin.py:188} INFO - [2026-04-26T07:18:03.060+0000] {dag.py:3954} INFO - Setting next_dagrun for dataset_consumes_1_never_scheduled to None, run_after=None
[2026-04-26T07:18:03.060+0000] {logging_mixin.py:188} INFO - [2026-04-26T07:18:03.060+0000] {dag.py:3954} INFO - Setting next_dagrun for dataset_consumes_unknown_never_scheduled to None, run_after=None
[2026-04-26T07:18:03.062+0000] {logging_mixin.py:188} INFO - [2026-04-26T07:18:03.062+0000] {dag.py:3954} INFO - Setting next_dagrun for dataset_produces_1 to 2026-04-25 00:00:00+00:00, run_after=2026-04-26 00:00:00+00:00
[2026-04-26T07:18:03.063+0000] {logging_mixin.py:188} INFO - [2026-04-26T07:18:03.063+0000] {dag.py:3954} INFO - Setting next_dagrun for dataset_produces_2 to None, run_after=None
[2026-04-26T07:18:03.086+0000] {processor.py:183} INFO - Processing /usr/local/python/3.12.1/lib/python3.12/site-packages/airflow/example_dags/example_datasets.py took 0.099 seconds
[2026-04-26T07:18:07.713+0000] {processor.py:161} INFO - Started process (PID=24907) to work on /usr/local/python/3.12.1/lib/python3.12/site-packages/airflow/example_dags/example_datasets.py
[2026-04-26T07:18:07.714+0000] {processor.py:830} INFO - Processing file /usr/local/python/3.12.1/lib/python3.12/site-packages/airflow/example_dags/example_datasets.py for tasks to queue
[2026-04-26T07:18:07.715+0000] {logging_mixin.py:188} INFO - [2026-04-26T07:18:07.715+0000] {dagbag.py:540} INFO - Filling up the DagBag from /usr/local/python/3.12.1/lib/python3.12/site-packages/airflow/example_dags/example_datasets.py
[2026-04-26T07:18:07.731+0000] {processor.py:840} INFO - DAG(s) 'dataset_consumes_unknown_never_scheduled', 'conditional_dataset_and_time_based_timetable', 'dataset_consumes_1_never_scheduled', 'consume_1_or_2_with_dataset_expressions', 'consume_1_or_both_2_and_3_with_dataset_expressions', 'dataset_consumes_1_and_2', 'dataset_produces_2', 'dataset_consumes_1', 'consume_1_and_2_with_dataset_expressions', 'dataset_produces_1' retrieved from /usr/local/python/3.12.1/lib/python3.12/site-packages/airflow/example_dags/example_datasets.py
[2026-04-26T07:18:07.775+0000] {logging_mixin.py:188} INFO - [2026-04-26T07:18:07.775+0000] {dag.py:3096} INFO - Sync 10 DAGs
[2026-04-26T07:18:07.837+0000] {logging_mixin.py:188} INFO - [2026-04-26T07:18:07.837+0000] {dag.py:3954} INFO - Setting next_dagrun for conditional_dataset_and_time_based_timetable to 2026-04-22 01:00:00+00:00, run_after=2026-04-22 01:00:00+00:00
[2026-04-26T07:18:07.847+0000] {logging_mixin.py:188} INFO - [2026-04-26T07:18:07.844+0000] {dag.py:3954} INFO - Setting next_dagrun for consume_1_and_2_with_dataset_expressions to None, run_after=None
[2026-04-26T07:18:07.849+0000] {logging_mixin.py:188} INFO - [2026-04-26T07:18:07.849+0000] {dag.py:3954} INFO - Setting next_dagrun for consume_1_or_2_with_dataset_expressions to None, run_after=None
[2026-04-26T07:18:07.852+0000] {logging_mixin.py:188} INFO - [2026-04-26T07:18:07.852+0000] {dag.py:3954} INFO - Setting next_dagrun for consume_1_or_both_2_and_3_with_dataset_expressions to None, run_after=None
[2026-04-26T07:18:07.855+0000] {logging_mixin.py:188} INFO - [2026-04-26T07:18:07.855+0000] {dag.py:3954} INFO - Setting next_dagrun for dataset_consumes_1 to None, run_after=None
[2026-04-26T07:18:07.857+0000] {logging_mixin.py:188} INFO - [2026-04-26T07:18:07.857+0000] {dag.py:3954} INFO - Setting next_dagrun for dataset_consumes_1_and_2 to None, run_after=None
[2026-04-26T07:18:07.860+0000] {logging_mixin.py:188} INFO - [2026-04-26T07:18:07.860+0000] {dag.py:3954} INFO - Setting next_dagrun for dataset_consumes_1_never_scheduled to None, run_after=None
[2026-04-26T07:18:07.861+0000] {logging_mixin.py:188} INFO - [2026-04-26T07:18:07.861+0000] {dag.py:3954} INFO - Setting next_dagrun for dataset_consumes_unknown_never_scheduled to None, run_after=None
[2026-04-26T07:18:07.868+0000] {logging_mixin.py:188} INFO - [2026-04-26T07:18:07.866+0000] {dag.py:3954} INFO - Setting next_dagrun for dataset_produces_1 to 2026-04-25 00:00:00+00:00, run_after=2026-04-26 00:00:00+00:00
[2026-04-26T07:18:07.870+0000] {logging_mixin.py:188} INFO - [2026-04-26T07:18:07.869+0000] {dag.py:3954} INFO - Setting next_dagrun for dataset_produces_2 to None, run_after=None
[2026-04-26T07:18:07.979+0000] {processor.py:183} INFO - Processing /usr/local/python/3.12.1/lib/python3.12/site-packages/airflow/example_dags/example_datasets.py took 0.273 seconds
[2026-04-26T07:18:29.289+0000] {processor.py:161} INFO - Started process (PID=25120) to work on /usr/local/python/3.12.1/lib/python3.12/site-packages/airflow/example_dags/example_datasets.py
[2026-04-26T07:18:29.290+0000] {processor.py:830} INFO - Processing file /usr/local/python/3.12.1/lib/python3.12/site-packages/airflow/example_dags/example_datasets.py for tasks to queue
[2026-04-26T07:18:29.291+0000] {logging_mixin.py:188} INFO - [2026-04-26T07:18:29.291+0000] {dagbag.py:540} INFO - Filling up the DagBag from /usr/local/python/3.12.1/lib/python3.12/site-packages/airflow/example_dags/example_datasets.py
[2026-04-26T07:18:29.309+0000] {processor.py:840} INFO - DAG(s) 'consume_1_or_2_with_dataset_expressions', 'consume_1_or_both_2_and_3_with_dataset_expressions', 'dataset_consumes_1_never_scheduled', 'dataset_produces_2', 'dataset_consumes_1', 'dataset_produces_1', 'dataset_consumes_unknown_never_scheduled', 'dataset_consumes_1_and_2', 'conditional_dataset_and_time_based_timetable', 'consume_1_and_2_with_dataset_expressions' retrieved from /usr/local/python/3.12.1/lib/python3.12/site-packages/airflow/example_dags/example_datasets.py
[2026-04-26T07:18:29.357+0000] {logging_mixin.py:188} INFO - [2026-04-26T07:18:29.356+0000] {dag.py:3096} INFO - Sync 10 DAGs
[2026-04-26T07:18:29.390+0000] {logging_mixin.py:188} INFO - [2026-04-26T07:18:29.389+0000] {dag.py:3954} INFO - Setting next_dagrun for conditional_dataset_and_time_based_timetable to 2026-04-22 01:00:00+00:00, run_after=2026-04-22 01:00:00+00:00
[2026-04-26T07:18:29.394+0000] {logging_mixin.py:188} INFO - [2026-04-26T07:18:29.394+0000] {dag.py:3954} INFO - Setting next_dagrun for consume_1_and_2_with_dataset_expressions to None, run_after=None
[2026-04-26T07:18:29.396+0000] {logging_mixin.py:188} INFO - [2026-04-26T07:18:29.395+0000] {dag.py:3954} INFO - Setting next_dagrun for consume_1_or_2_with_dataset_expressions to None, run_after=None
[2026-04-26T07:18:29.397+0000] {logging_mixin.py:188} INFO - [2026-04-26T07:18:29.397+0000] {dag.py:3954} INFO - Setting next_dagrun for consume_1_or_both_2_and_3_with_dataset_expressions to None, run_after=None
[2026-04-26T07:18:29.398+0000] {logging_mixin.py:188} INFO - [2026-04-26T07:18:29.398+0000] {dag.py:3954} INFO - Setting next_dagrun for dataset_consumes_1 to None, run_after=None
[2026-04-26T07:18:29.399+0000] {logging_mixin.py:188} INFO - [2026-04-26T07:18:29.399+0000] {dag.py:3954} INFO - Setting next_dagrun for dataset_consumes_1_and_2 to None, run_after=None
[2026-04-26T07:18:29.400+0000] {logging_mixin.py:188} INFO - [2026-04-26T07:18:29.400+0000] {dag.py:3954} INFO - Setting next_dagrun for dataset_consumes_1_never_scheduled to None, run_after=None
[2026-04-26T07:18:29.401+0000] {logging_mixin.py:188} INFO - [2026-04-26T07:18:29.401+0000] {dag.py:3954} INFO - Setting next_dagrun for dataset_consumes_unknown_never_scheduled to None, run_after=None
[2026-04-26T07:18:29.405+0000] {logging_mixin.py:188} INFO - [2026-04-26T07:18:29.404+0000] {dag.py:3954} INFO - Setting next_dagrun for dataset_produces_1 to 2026-04-25 00:00:00+00:00, run_after=2026-04-26 00:00:00+00:00
[2026-04-26T07:18:29.406+0000] {logging_mixin.py:188} INFO - [2026-04-26T07:18:29.406+0000] {dag.py:3954} INFO - Setting next_dagrun for dataset_produces_2 to None, run_after=None
[2026-04-26T07:18:29.444+0000] {processor.py:183} INFO - Processing /usr/local/python/3.12.1/lib/python3.12/site-packages/airflow/example_dags/example_datasets.py took 0.161 seconds
[2026-04-26T07:18:58.977+0000] {processor.py:161} INFO - Started process (PID=25481) to work on /usr/local/python/3.12.1/lib/python3.12/site-packages/airflow/example_dags/example_datasets.py
[2026-04-26T07:18:58.978+0000] {processor.py:830} INFO - Processing file /usr/local/python/3.12.1/lib/python3.12/site-packages/airflow/example_dags/example_datasets.py for tasks to queue
[2026-04-26T07:18:58.979+0000] {logging_mixin.py:188} INFO - [2026-04-26T07:18:58.978+0000] {dagbag.py:540} INFO - Filling up the DagBag from /usr/local/python/3.12.1/lib/python3.12/site-packages/airflow/example_dags/example_datasets.py
[2026-04-26T07:18:58.993+0000] {processor.py:840} INFO - DAG(s) 'dataset_consumes_1_and_2', 'dataset_produces_2', 'consume_1_or_both_2_and_3_with_dataset_expressions', 'dataset_consumes_1', 'dataset_consumes_unknown_never_scheduled', 'consume_1_or_2_with_dataset_expressions', 'conditional_dataset_and_time_based_timetable', 'dataset_consumes_1_never_scheduled', 'dataset_produces_1', 'consume_1_and_2_with_dataset_expressions' retrieved from /usr/local/python/3.12.1/lib/python3.12/site-packages/airflow/example_dags/example_datasets.py
[2026-04-26T07:18:59.024+0000] {logging_mixin.py:188} INFO - [2026-04-26T07:18:59.023+0000] {dag.py:3096} INFO - Sync 10 DAGs
[2026-04-26T07:18:59.046+0000] {logging_mixin.py:188} INFO - [2026-04-26T07:18:59.046+0000] {dag.py:3954} INFO - Setting next_dagrun for conditional_dataset_and_time_based_timetable to 2026-04-22 01:00:00+00:00, run_after=2026-04-22 01:00:00+00:00
[2026-04-26T07:18:59.049+0000] {logging_mixin.py:188} INFO - [2026-04-26T07:18:59.049+0000] {dag.py:3954} INFO - Setting next_dagrun for consume_1_and_2_with_dataset_expressions to None, run_after=None
[2026-04-26T07:18:59.050+0000] {logging_mixin.py:188} INFO - [2026-04-26T07:18:59.050+0000] {dag.py:3954} INFO - Setting next_dagrun for consume_1_or_2_with_dataset_expressions to None, run_after=None
[2026-04-26T07:18:59.051+0000] {logging_mixin.py:188} INFO - [2026-04-26T07:18:59.051+0000] {dag.py:3954} INFO - Setting next_dagrun for consume_1_or_both_2_and_3_with_dataset_expressions to None, run_after=None
[2026-04-26T07:18:59.051+0000] {logging_mixin.py:188} INFO - [2026-04-26T07:18:59.051+0000] {dag.py:3954} INFO - Setting next_dagrun for dataset_consumes_1 to None, run_after=None
[2026-04-26T07:18:59.052+0000] {logging_mixin.py:188} INFO - [2026-04-26T07:18:59.052+0000] {dag.py:3954} INFO - Setting next_dagrun for dataset_consumes_1_and_2 to None, run_after=None
[2026-04-26T07:18:59.053+0000] {logging_mixin.py:188} INFO - [2026-04-26T07:18:59.053+0000] {dag.py:3954} INFO - Setting next_dagrun for dataset_consumes_1_never_scheduled to None, run_after=None
[2026-04-26T07:18:59.054+0000] {logging_mixin.py:188} INFO - [2026-04-26T07:18:59.053+0000] {dag.py:3954} INFO - Setting next_dagrun for dataset_consumes_unknown_never_scheduled to None, run_after=None
[2026-04-26T07:18:59.055+0000] {logging_mixin.py:188} INFO - [2026-04-26T07:18:59.055+0000] {dag.py:3954} INFO - Setting next_dagrun for dataset_produces_1 to 2026-04-25 00:00:00+00:00, run_after=2026-04-26 00:00:00+00:00
[2026-04-26T07:18:59.056+0000] {logging_mixin.py:188} INFO - [2026-04-26T07:18:59.056+0000] {dag.py:3954} INFO - Setting next_dagrun for dataset_produces_2 to None, run_after=None
[2026-04-26T07:18:59.079+0000] {processor.py:183} INFO - Processing /usr/local/python/3.12.1/lib/python3.12/site-packages/airflow/example_dags/example_datasets.py took 0.110 seconds
[2026-04-26T07:19:25.906+0000] {processor.py:161} INFO - Started process (PID=25928) to work on /usr/local/python/3.12.1/lib/python3.12/site-packages/airflow/example_dags/example_datasets.py
[2026-04-26T07:19:25.907+0000] {processor.py:830} INFO - Processing file /usr/local/python/3.12.1/lib/python3.12/site-packages/airflow/example_dags/example_datasets.py for tasks to queue
[2026-04-26T07:19:25.908+0000] {logging_mixin.py:188} INFO - [2026-04-26T07:19:25.908+0000] {dagbag.py:540} INFO - Filling up the DagBag from /usr/local/python/3.12.1/lib/python3.12/site-packages/airflow/example_dags/example_datasets.py
[2026-04-26T07:19:25.926+0000] {processor.py:840} INFO - DAG(s) 'dataset_produces_1', 'consume_1_and_2_with_dataset_expressions', 'dataset_produces_2', 'dataset_consumes_1_never_scheduled', 'consume_1_or_2_with_dataset_expressions', 'consume_1_or_both_2_and_3_with_dataset_expressions', 'conditional_dataset_and_time_based_timetable', 'dataset_consumes_unknown_never_scheduled', 'dataset_consumes_1_and_2', 'dataset_consumes_1' retrieved from /usr/local/python/3.12.1/lib/python3.12/site-packages/airflow/example_dags/example_datasets.py
[2026-04-26T07:19:25.973+0000] {logging_mixin.py:188} INFO - [2026-04-26T07:19:25.972+0000] {dag.py:3096} INFO - Sync 10 DAGs
[2026-04-26T07:19:26.001+0000] {logging_mixin.py:188} INFO - [2026-04-26T07:19:26.001+0000] {dag.py:3954} INFO - Setting next_dagrun for conditional_dataset_and_time_based_timetable to 2026-04-22 01:00:00+00:00, run_after=2026-04-22 01:00:00+00:00
[2026-04-26T07:19:26.006+0000] {logging_mixin.py:188} INFO - [2026-04-26T07:19:26.005+0000] {dag.py:3954} INFO - Setting next_dagrun for consume_1_and_2_with_dataset_expressions to None, run_after=None
[2026-04-26T07:19:26.007+0000] {logging_mixin.py:188} INFO - [2026-04-26T07:19:26.007+0000] {dag.py:3954} INFO - Setting next_dagrun for consume_1_or_2_with_dataset_expressions to None, run_after=None
[2026-04-26T07:19:26.008+0000] {logging_mixin.py:188} INFO - [2026-04-26T07:19:26.008+0000] {dag.py:3954} INFO - Setting next_dagrun for consume_1_or_both_2_and_3_with_dataset_expressions to None, run_after=None
[2026-04-26T07:19:26.008+0000] {logging_mixin.py:188} INFO - [2026-04-26T07:19:26.008+0000] {dag.py:3954} INFO - Setting next_dagrun for dataset_consumes_1 to None, run_after=None
[2026-04-26T07:19:26.009+0000] {logging_mixin.py:188} INFO - [2026-04-26T07:19:26.009+0000] {dag.py:3954} INFO - Setting next_dagrun for dataset_consumes_1_and_2 to None, run_after=None
[2026-04-26T07:19:26.010+0000] {logging_mixin.py:188} INFO - [2026-04-26T07:19:26.010+0000] {dag.py:3954} INFO - Setting next_dagrun for dataset_consumes_1_never_scheduled to None, run_after=None
[2026-04-26T07:19:26.011+0000] {logging_mixin.py:188} INFO - [2026-04-26T07:19:26.010+0000] {dag.py:3954} INFO - Setting next_dagrun for dataset_consumes_unknown_never_scheduled to None, run_after=None
[2026-04-26T07:19:26.012+0000] {logging_mixin.py:188} INFO - [2026-04-26T07:19:26.012+0000] {dag.py:3954} INFO - Setting next_dagrun for dataset_produces_1 to 2026-04-25 00:00:00+00:00, run_after=2026-04-26 00:00:00+00:00
[2026-04-26T07:19:26.013+0000] {logging_mixin.py:188} INFO - [2026-04-26T07:19:26.013+0000] {dag.py:3954} INFO - Setting next_dagrun for dataset_produces_2 to None, run_after=None
[2026-04-26T07:19:26.036+0000] {processor.py:183} INFO - Processing /usr/local/python/3.12.1/lib/python3.12/site-packages/airflow/example_dags/example_datasets.py took 0.142 seconds
[2026-04-26T07:19:26.936+0000] {processor.py:161} INFO - Started process (PID=25932) to work on /usr/local/python/3.12.1/lib/python3.12/site-packages/airflow/example_dags/example_datasets.py
[2026-04-26T07:19:26.937+0000] {processor.py:830} INFO - Processing file /usr/local/python/3.12.1/lib/python3.12/site-packages/airflow/example_dags/example_datasets.py for tasks to queue
[2026-04-26T07:19:26.938+0000] {logging_mixin.py:188} INFO - [2026-04-26T07:19:26.938+0000] {dagbag.py:540} INFO - Filling up the DagBag from /usr/local/python/3.12.1/lib/python3.12/site-packages/airflow/example_dags/example_datasets.py
[2026-04-26T07:19:26.957+0000] {processor.py:840} INFO - DAG(s) 'dataset_consumes_unknown_never_scheduled', 'consume_1_and_2_with_dataset_expressions', 'dataset_produces_2', 'dataset_consumes_1_and_2', 'dataset_consumes_1', 'conditional_dataset_and_time_based_timetable', 'dataset_consumes_1_never_scheduled', 'dataset_produces_1', 'consume_1_or_both_2_and_3_with_dataset_expressions', 'consume_1_or_2_with_dataset_expressions' retrieved from /usr/local/python/3.12.1/lib/python3.12/site-packages/airflow/example_dags/example_datasets.py
[2026-04-26T07:19:27.006+0000] {logging_mixin.py:188} INFO - [2026-04-26T07:19:27.005+0000] {dag.py:3096} INFO - Sync 10 DAGs
[2026-04-26T07:19:27.035+0000] {logging_mixin.py:188} INFO - [2026-04-26T07:19:27.034+0000] {dag.py:3954} INFO - Setting next_dagrun for conditional_dataset_and_time_based_timetable to 2026-04-22 01:00:00+00:00, run_after=2026-04-22 01:00:00+00:00
[2026-04-26T07:19:27.039+0000] {logging_mixin.py:188} INFO - [2026-04-26T07:19:27.039+0000] {dag.py:3954} INFO - Setting next_dagrun for consume_1_and_2_with_dataset_expressions to None, run_after=None
[2026-04-26T07:19:27.040+0000] {logging_mixin.py:188} INFO - [2026-04-26T07:19:27.040+0000] {dag.py:3954} INFO - Setting next_dagrun for consume_1_or_2_with_dataset_expressions to None, run_after=None
[2026-04-26T07:19:27.041+0000] {logging_mixin.py:188} INFO - [2026-04-26T07:19:27.041+0000] {dag.py:3954} INFO - Setting next_dagrun for consume_1_or_both_2_and_3_with_dataset_expressions to None, run_after=None
[2026-04-26T07:19:27.042+0000] {logging_mixin.py:188} INFO - [2026-04-26T07:19:27.042+0000] {dag.py:3954} INFO - Setting next_dagrun for dataset_consumes_1 to None, run_after=None
[2026-04-26T07:19:27.044+0000] {logging_mixin.py:188} INFO - [2026-04-26T07:19:27.043+0000] {dag.py:3954} INFO - Setting next_dagrun for dataset_consumes_1_and_2 to None, run_after=None
[2026-04-26T07:19:27.045+0000] {logging_mixin.py:188} INFO - [2026-04-26T07:19:27.044+0000] {dag.py:3954} INFO - Setting next_dagrun for dataset_consumes_1_never_scheduled to None, run_after=None
[2026-04-26T07:19:27.046+0000] {logging_mixin.py:188} INFO - [2026-04-26T07:19:27.046+0000] {dag.py:3954} INFO - Setting next_dagrun for dataset_consumes_unknown_never_scheduled to None, run_after=None
[2026-04-26T07:19:27.049+0000] {logging_mixin.py:188} INFO - [2026-04-26T07:19:27.048+0000] {dag.py:3954} INFO - Setting next_dagrun for dataset_produces_1 to 2026-04-25 00:00:00+00:00, run_after=2026-04-26 00:00:00+00:00
[2026-04-26T07:19:27.050+0000] {logging_mixin.py:188} INFO - [2026-04-26T07:19:27.050+0000] {dag.py:3954} INFO - Setting next_dagrun for dataset_produces_2 to None, run_after=None
[2026-04-26T07:19:27.083+0000] {processor.py:183} INFO - Processing /usr/local/python/3.12.1/lib/python3.12/site-packages/airflow/example_dags/example_datasets.py took 0.153 seconds
[2026-04-26T07:19:51.575+0000] {processor.py:161} INFO - Started process (PID=26296) to work on /usr/local/python/3.12.1/lib/python3.12/site-packages/airflow/example_dags/example_datasets.py
[2026-04-26T07:19:51.577+0000] {processor.py:830} INFO - Processing file /usr/local/python/3.12.1/lib/python3.12/site-packages/airflow/example_dags/example_datasets.py for tasks to queue
[2026-04-26T07:19:51.578+0000] {logging_mixin.py:188} INFO - [2026-04-26T07:19:51.577+0000] {dagbag.py:540} INFO - Filling up the DagBag from /usr/local/python/3.12.1/lib/python3.12/site-packages/airflow/example_dags/example_datasets.py
[2026-04-26T07:19:51.617+0000] {processor.py:840} INFO - DAG(s) 'conditional_dataset_and_time_based_timetable', 'dataset_produces_1', 'dataset_consumes_1', 'dataset_produces_2', 'consume_1_or_2_with_dataset_expressions', 'dataset_consumes_1_never_scheduled', 'consume_1_or_both_2_and_3_with_dataset_expressions', 'dataset_consumes_unknown_never_scheduled', 'dataset_consumes_1_and_2', 'consume_1_and_2_with_dataset_expressions' retrieved from /usr/local/python/3.12.1/lib/python3.12/site-packages/airflow/example_dags/example_datasets.py
[2026-04-26T07:19:51.733+0000] {logging_mixin.py:188} INFO - [2026-04-26T07:19:51.733+0000] {dag.py:3096} INFO - Sync 10 DAGs
[2026-04-26T07:19:51.807+0000] {logging_mixin.py:188} INFO - [2026-04-26T07:19:51.807+0000] {dag.py:3954} INFO - Setting next_dagrun for conditional_dataset_and_time_based_timetable to 2026-04-22 01:00:00+00:00, run_after=2026-04-22 01:00:00+00:00
[2026-04-26T07:19:51.821+0000] {logging_mixin.py:188} INFO - [2026-04-26T07:19:51.820+0000] {dag.py:3954} INFO - Setting next_dagrun for consume_1_and_2_with_dataset_expressions to None, run_after=None
[2026-04-26T07:19:51.825+0000] {logging_mixin.py:188} INFO - [2026-04-26T07:19:51.825+0000] {dag.py:3954} INFO - Setting next_dagrun for consume_1_or_2_with_dataset_expressions to None, run_after=None
[2026-04-26T07:19:51.829+0000] {logging_mixin.py:188} INFO - [2026-04-26T07:19:51.829+0000] {dag.py:3954} INFO - Setting next_dagrun for consume_1_or_both_2_and_3_with_dataset_expressions to None, run_after=None
[2026-04-26T07:19:51.832+0000] {logging_mixin.py:188} INFO - [2026-04-26T07:19:51.832+0000] {dag.py:3954} INFO - Setting next_dagrun for dataset_consumes_1 to None, run_after=None
[2026-04-26T07:19:51.835+0000] {logging_mixin.py:188} INFO - [2026-04-26T07:19:51.835+0000] {dag.py:3954} INFO - Setting next_dagrun for dataset_consumes_1_and_2 to None, run_after=None
[2026-04-26T07:19:51.838+0000] {logging_mixin.py:188} INFO - [2026-04-26T07:19:51.838+0000] {dag.py:3954} INFO - Setting next_dagrun for dataset_consumes_1_never_scheduled to None, run_after=None
[2026-04-26T07:19:51.839+0000] {logging_mixin.py:188} INFO - [2026-04-26T07:19:51.839+0000] {dag.py:3954} INFO - Setting next_dagrun for dataset_consumes_unknown_never_scheduled to None, run_after=None
[2026-04-26T07:19:51.848+0000] {logging_mixin.py:188} INFO - [2026-04-26T07:19:51.846+0000] {dag.py:3954} INFO - Setting next_dagrun for dataset_produces_1 to 2026-04-25 00:00:00+00:00, run_after=2026-04-26 00:00:00+00:00
[2026-04-26T07:19:51.850+0000] {logging_mixin.py:188} INFO - [2026-04-26T07:19:51.850+0000] {dag.py:3954} INFO - Setting next_dagrun for dataset_produces_2 to None, run_after=None
[2026-04-26T07:19:52.165+0000] {processor.py:183} INFO - Processing /usr/local/python/3.12.1/lib/python3.12/site-packages/airflow/example_dags/example_datasets.py took 0.599 seconds
[2026-04-26T07:20:22.601+0000] {processor.py:161} INFO - Started process (PID=26630) to work on /usr/local/python/3.12.1/lib/python3.12/site-packages/airflow/example_dags/example_datasets.py
[2026-04-26T07:20:22.602+0000] {processor.py:830} INFO - Processing file /usr/local/python/3.12.1/lib/python3.12/site-packages/airflow/example_dags/example_datasets.py for tasks to queue
[2026-04-26T07:20:22.603+0000] {logging_mixin.py:188} INFO - [2026-04-26T07:20:22.602+0000] {dagbag.py:540} INFO - Filling up the DagBag from /usr/local/python/3.12.1/lib/python3.12/site-packages/airflow/example_dags/example_datasets.py
[2026-04-26T07:20:22.614+0000] {processor.py:840} INFO - DAG(s) 'consume_1_or_2_with_dataset_expressions', 'dataset_produces_2', 'consume_1_or_both_2_and_3_with_dataset_expressions', 'dataset_consumes_unknown_never_scheduled', 'conditional_dataset_and_time_based_timetable', 'consume_1_and_2_with_dataset_expressions', 'dataset_consumes_1', 'dataset_produces_1', 'dataset_consumes_1_never_scheduled', 'dataset_consumes_1_and_2' retrieved from /usr/local/python/3.12.1/lib/python3.12/site-packages/airflow/example_dags/example_datasets.py
[2026-04-26T07:20:22.642+0000] {logging_mixin.py:188} INFO - [2026-04-26T07:20:22.642+0000] {dag.py:3096} INFO - Sync 10 DAGs
[2026-04-26T07:20:22.662+0000] {logging_mixin.py:188} INFO - [2026-04-26T07:20:22.662+0000] {dag.py:3954} INFO - Setting next_dagrun for conditional_dataset_and_time_based_timetable to 2026-04-22 01:00:00+00:00, run_after=2026-04-22 01:00:00+00:00
[2026-04-26T07:20:22.666+0000] {logging_mixin.py:188} INFO - [2026-04-26T07:20:22.666+0000] {dag.py:3954} INFO - Setting next_dagrun for consume_1_and_2_with_dataset_expressions to None, run_after=None
[2026-04-26T07:20:22.668+0000] {logging_mixin.py:188} INFO - [2026-04-26T07:20:22.667+0000] {dag.py:3954} INFO - Setting next_dagrun for consume_1_or_2_with_dataset_expressions to None, run_after=None
[2026-04-26T07:20:22.669+0000] {logging_mixin.py:188} INFO - [2026-04-26T07:20:22.668+0000] {dag.py:3954} INFO - Setting next_dagrun for consume_1_or_both_2_and_3_with_dataset_expressions to None, run_after=None
[2026-04-26T07:20:22.670+0000] {logging_mixin.py:188} INFO - [2026-04-26T07:20:22.669+0000] {dag.py:3954} INFO - Setting next_dagrun for dataset_consumes_1 to None, run_after=None
[2026-04-26T07:20:22.671+0000] {logging_mixin.py:188} INFO - [2026-04-26T07:20:22.670+0000] {dag.py:3954} INFO - Setting next_dagrun for dataset_consumes_1_and_2 to None, run_after=None
[2026-04-26T07:20:22.672+0000] {logging_mixin.py:188} INFO - [2026-04-26T07:20:22.671+0000] {dag.py:3954} INFO - Setting next_dagrun for dataset_consumes_1_never_scheduled to None, run_after=None
[2026-04-26T07:20:22.673+0000] {logging_mixin.py:188} INFO - [2026-04-26T07:20:22.672+0000] {dag.py:3954} INFO - Setting next_dagrun for dataset_consumes_unknown_never_scheduled to None, run_after=None
[2026-04-26T07:20:22.675+0000] {logging_mixin.py:188} INFO - [2026-04-26T07:20:22.675+0000] {dag.py:3954} INFO - Setting next_dagrun for dataset_produces_1 to 2026-04-25 00:00:00+00:00, run_after=2026-04-26 00:00:00+00:00
[2026-04-26T07:20:22.676+0000] {logging_mixin.py:188} INFO - [2026-04-26T07:20:22.676+0000] {dag.py:3954} INFO - Setting next_dagrun for dataset_produces_2 to None, run_after=None
[2026-04-26T07:20:22.703+0000] {processor.py:183} INFO - Processing /usr/local/python/3.12.1/lib/python3.12/site-packages/airflow/example_dags/example_datasets.py took 0.106 seconds
[2026-04-26T07:20:29.987+0000] {processor.py:161} INFO - Started process (PID=26700) to work on /usr/local/python/3.12.1/lib/python3.12/site-packages/airflow/example_dags/example_datasets.py
[2026-04-26T07:20:29.988+0000] {processor.py:830} INFO - Processing file /usr/local/python/3.12.1/lib/python3.12/site-packages/airflow/example_dags/example_datasets.py for tasks to queue
[2026-04-26T07:20:29.989+0000] {logging_mixin.py:188} INFO - [2026-04-26T07:20:29.989+0000] {dagbag.py:540} INFO - Filling up the DagBag from /usr/local/python/3.12.1/lib/python3.12/site-packages/airflow/example_dags/example_datasets.py
[2026-04-26T07:20:30.001+0000] {processor.py:840} INFO - DAG(s) 'conditional_dataset_and_time_based_timetable', 'consume_1_and_2_with_dataset_expressions', 'dataset_produces_1', 'consume_1_or_2_with_dataset_expressions', 'dataset_consumes_1_and_2', 'dataset_consumes_unknown_never_scheduled', 'dataset_consumes_1', 'consume_1_or_both_2_and_3_with_dataset_expressions', 'dataset_consumes_1_never_scheduled', 'dataset_produces_2' retrieved from /usr/local/python/3.12.1/lib/python3.12/site-packages/airflow/example_dags/example_datasets.py
[2026-04-26T07:20:30.031+0000] {logging_mixin.py:188} INFO - [2026-04-26T07:20:30.031+0000] {dag.py:3096} INFO - Sync 10 DAGs
[2026-04-26T07:20:30.062+0000] {logging_mixin.py:188} INFO - [2026-04-26T07:20:30.062+0000] {dag.py:3954} INFO - Setting next_dagrun for conditional_dataset_and_time_based_timetable to 2026-04-22 01:00:00+00:00, run_after=2026-04-22 01:00:00+00:00
[2026-04-26T07:20:30.067+0000] {logging_mixin.py:188} INFO - [2026-04-26T07:20:30.067+0000] {dag.py:3954} INFO - Setting next_dagrun for consume_1_and_2_with_dataset_expressions to None, run_after=None
[2026-04-26T07:20:30.069+0000] {logging_mixin.py:188} INFO - [2026-04-26T07:20:30.069+0000] {dag.py:3954} INFO - Setting next_dagrun for consume_1_or_2_with_dataset_expressions to None, run_after=None
[2026-04-26T07:20:30.070+0000] {logging_mixin.py:188} INFO - [2026-04-26T07:20:30.070+0000] {dag.py:3954} INFO - Setting next_dagrun for consume_1_or_both_2_and_3_with_dataset_expressions to None, run_after=None
[2026-04-26T07:20:30.071+0000] {logging_mixin.py:188} INFO - [2026-04-26T07:20:30.071+0000] {dag.py:3954} INFO - Setting next_dagrun for dataset_consumes_1 to None, run_after=None
[2026-04-26T07:20:30.072+0000] {logging_mixin.py:188} INFO - [2026-04-26T07:20:30.072+0000] {dag.py:3954} INFO - Setting next_dagrun for dataset_consumes_1_and_2 to None, run_after=None
[2026-04-26T07:20:30.073+0000] {logging_mixin.py:188} INFO - [2026-04-26T07:20:30.073+0000] {dag.py:3954} INFO - Setting next_dagrun for dataset_consumes_1_never_scheduled to None, run_after=None
[2026-04-26T07:20:30.074+0000] {logging_mixin.py:188} INFO - [2026-04-26T07:20:30.074+0000] {dag.py:3954} INFO - Setting next_dagrun for dataset_consumes_unknown_never_scheduled to None, run_after=None
[2026-04-26T07:20:30.076+0000] {logging_mixin.py:188} INFO - [2026-04-26T07:20:30.076+0000] {dag.py:3954} INFO - Setting next_dagrun for dataset_produces_1 to 2026-04-25 00:00:00+00:00, run_after=2026-04-26 00:00:00+00:00
[2026-04-26T07:20:30.077+0000] {logging_mixin.py:188} INFO - [2026-04-26T07:20:30.077+0000] {dag.py:3954} INFO - Setting next_dagrun for dataset_produces_2 to None, run_after=None
[2026-04-26T07:20:30.118+0000] {processor.py:183} INFO - Processing /usr/local/python/3.12.1/lib/python3.12/site-packages/airflow/example_dags/example_datasets.py took 0.135 seconds
[2026-04-26T07:20:58.699+0000] {processor.py:161} INFO - Started process (PID=26955) to work on /usr/local/python/3.12.1/lib/python3.12/site-packages/airflow/example_dags/example_datasets.py
[2026-04-26T07:20:58.700+0000] {processor.py:830} INFO - Processing file /usr/local/python/3.12.1/lib/python3.12/site-packages/airflow/example_dags/example_datasets.py for tasks to queue
[2026-04-26T07:20:58.701+0000] {logging_mixin.py:188} INFO - [2026-04-26T07:20:58.700+0000] {dagbag.py:540} INFO - Filling up the DagBag from /usr/local/python/3.12.1/lib/python3.12/site-packages/airflow/example_dags/example_datasets.py
[2026-04-26T07:20:58.713+0000] {processor.py:840} INFO - DAG(s) 'consume_1_and_2_with_dataset_expressions', 'conditional_dataset_and_time_based_timetable', 'consume_1_or_2_with_dataset_expressions', 'consume_1_or_both_2_and_3_with_dataset_expressions', 'dataset_consumes_1', 'dataset_consumes_unknown_never_scheduled', 'dataset_consumes_1_never_scheduled', 'dataset_produces_1', 'dataset_produces_2', 'dataset_consumes_1_and_2' retrieved from /usr/local/python/3.12.1/lib/python3.12/site-packages/airflow/example_dags/example_datasets.py
[2026-04-26T07:20:58.741+0000] {logging_mixin.py:188} INFO - [2026-04-26T07:20:58.741+0000] {dag.py:3096} INFO - Sync 10 DAGs
[2026-04-26T07:20:58.759+0000] {logging_mixin.py:188} INFO - [2026-04-26T07:20:58.759+0000] {dag.py:3954} INFO - Setting next_dagrun for conditional_dataset_and_time_based_timetable to 2026-04-22 01:00:00+00:00, run_after=2026-04-22 01:00:00+00:00
[2026-04-26T07:20:58.762+0000] {logging_mixin.py:188} INFO - [2026-04-26T07:20:58.762+0000] {dag.py:3954} INFO - Setting next_dagrun for consume_1_and_2_with_dataset_expressions to None, run_after=None
[2026-04-26T07:20:58.763+0000] {logging_mixin.py:188} INFO - [2026-04-26T07:20:58.763+0000] {dag.py:3954} INFO - Setting next_dagrun for consume_1_or_2_with_dataset_expressions to None, run_after=None
[2026-04-26T07:20:58.764+0000] {logging_mixin.py:188} INFO - [2026-04-26T07:20:58.763+0000] {dag.py:3954} INFO - Setting next_dagrun for consume_1_or_both_2_and_3_with_dataset_expressions to None, run_after=None
[2026-04-26T07:20:58.764+0000] {logging_mixin.py:188} INFO - [2026-04-26T07:20:58.764+0000] {dag.py:3954} INFO - Setting next_dagrun for dataset_consumes_1 to None, run_after=None
[2026-04-26T07:20:58.765+0000] {logging_mixin.py:188} INFO - [2026-04-26T07:20:58.765+0000] {dag.py:3954} INFO - Setting next_dagrun for dataset_consumes_1_and_2 to None, run_after=None
[2026-04-26T07:20:58.766+0000] {logging_mixin.py:188} INFO - [2026-04-26T07:20:58.766+0000] {dag.py:3954} INFO - Setting next_dagrun for dataset_consumes_1_never_scheduled to None, run_after=None
[2026-04-26T07:20:58.767+0000] {logging_mixin.py:188} INFO - [2026-04-26T07:20:58.766+0000] {dag.py:3954} INFO - Setting next_dagrun for dataset_consumes_unknown_never_scheduled to None, run_after=None
[2026-04-26T07:20:58.768+0000] {logging_mixin.py:188} INFO - [2026-04-26T07:20:58.768+0000] {dag.py:3954} INFO - Setting next_dagrun for dataset_produces_1 to 2026-04-25 00:00:00+00:00, run_after=2026-04-26 00:00:00+00:00
[2026-04-26T07:20:58.769+0000] {logging_mixin.py:188} INFO - [2026-04-26T07:20:58.769+0000] {dag.py:3954} INFO - Setting next_dagrun for dataset_produces_2 to None, run_after=None
[2026-04-26T07:20:58.792+0000] {processor.py:183} INFO - Processing /usr/local/python/3.12.1/lib/python3.12/site-packages/airflow/example_dags/example_datasets.py took 0.097 seconds
[2026-04-26T07:21:25.790+0000] {processor.py:161} INFO - Started process (PID=27185) to work on /usr/local/python/3.12.1/lib/python3.12/site-packages/airflow/example_dags/example_datasets.py
[2026-04-26T07:21:25.791+0000] {processor.py:830} INFO - Processing file /usr/local/python/3.12.1/lib/python3.12/site-packages/airflow/example_dags/example_datasets.py for tasks to queue
[2026-04-26T07:21:25.792+0000] {logging_mixin.py:188} INFO - [2026-04-26T07:21:25.791+0000] {dagbag.py:540} INFO - Filling up the DagBag from /usr/local/python/3.12.1/lib/python3.12/site-packages/airflow/example_dags/example_datasets.py
[2026-04-26T07:21:25.803+0000] {processor.py:840} INFO - DAG(s) 'dataset_produces_2', 'consume_1_or_2_with_dataset_expressions', 'dataset_consumes_unknown_never_scheduled', 'dataset_consumes_1', 'dataset_produces_1', 'conditional_dataset_and_time_based_timetable', 'consume_1_or_both_2_and_3_with_dataset_expressions', 'dataset_consumes_1_and_2', 'consume_1_and_2_with_dataset_expressions', 'dataset_consumes_1_never_scheduled' retrieved from /usr/local/python/3.12.1/lib/python3.12/site-packages/airflow/example_dags/example_datasets.py
[2026-04-26T07:21:25.831+0000] {logging_mixin.py:188} INFO - [2026-04-26T07:21:25.830+0000] {dag.py:3096} INFO - Sync 10 DAGs
[2026-04-26T07:21:25.847+0000] {logging_mixin.py:188} INFO - [2026-04-26T07:21:25.847+0000] {dag.py:3954} INFO - Setting next_dagrun for conditional_dataset_and_time_based_timetable to 2026-04-22 01:00:00+00:00, run_after=2026-04-22 01:00:00+00:00
[2026-04-26T07:21:25.850+0000] {logging_mixin.py:188} INFO - [2026-04-26T07:21:25.850+0000] {dag.py:3954} INFO - Setting next_dagrun for consume_1_and_2_with_dataset_expressions to None, run_after=None
[2026-04-26T07:21:25.851+0000] {logging_mixin.py:188} INFO - [2026-04-26T07:21:25.851+0000] {dag.py:3954} INFO - Setting next_dagrun for consume_1_or_2_with_dataset_expressions to None, run_after=None
[2026-04-26T07:21:25.852+0000] {logging_mixin.py:188} INFO - [2026-04-26T07:21:25.851+0000] {dag.py:3954} INFO - Setting next_dagrun for consume_1_or_both_2_and_3_with_dataset_expressions to None, run_after=None
[2026-04-26T07:21:25.852+0000] {logging_mixin.py:188} INFO - [2026-04-26T07:21:25.852+0000] {dag.py:3954} INFO - Setting next_dagrun for dataset_consumes_1 to None, run_after=None
[2026-04-26T07:21:25.853+0000] {logging_mixin.py:188} INFO - [2026-04-26T07:21:25.853+0000] {dag.py:3954} INFO - Setting next_dagrun for dataset_consumes_1_and_2 to None, run_after=None
[2026-04-26T07:21:25.854+0000] {logging_mixin.py:188} INFO - [2026-04-26T07:21:25.854+0000] {dag.py:3954} INFO - Setting next_dagrun for dataset_consumes_1_never_scheduled to None, run_after=None
[2026-04-26T07:21:25.854+0000] {logging_mixin.py:188} INFO - [2026-04-26T07:21:25.854+0000] {dag.py:3954} INFO - Setting next_dagrun for dataset_consumes_unknown_never_scheduled to None, run_after=None
[2026-04-26T07:21:25.856+0000] {logging_mixin.py:188} INFO - [2026-04-26T07:21:25.856+0000] {dag.py:3954} INFO - Setting next_dagrun for dataset_produces_1 to 2026-04-25 00:00:00+00:00, run_after=2026-04-26 00:00:00+00:00
[2026-04-26T07:21:25.857+0000] {logging_mixin.py:188} INFO - [2026-04-26T07:21:25.857+0000] {dag.py:3954} INFO - Setting next_dagrun for dataset_produces_2 to None, run_after=None
[2026-04-26T07:21:25.881+0000] {processor.py:183} INFO - Processing /usr/local/python/3.12.1/lib/python3.12/site-packages/airflow/example_dags/example_datasets.py took 0.094 seconds
[2026-04-26T07:21:32.065+0000] {processor.py:161} INFO - Started process (PID=27246) to work on /usr/local/python/3.12.1/lib/python3.12/site-packages/airflow/example_dags/example_datasets.py
[2026-04-26T07:21:32.066+0000] {processor.py:830} INFO - Processing file /usr/local/python/3.12.1/lib/python3.12/site-packages/airflow/example_dags/example_datasets.py for tasks to queue
[2026-04-26T07:21:32.067+0000] {logging_mixin.py:188} INFO - [2026-04-26T07:21:32.067+0000] {dagbag.py:540} INFO - Filling up the DagBag from /usr/local/python/3.12.1/lib/python3.12/site-packages/airflow/example_dags/example_datasets.py
[2026-04-26T07:21:32.078+0000] {processor.py:840} INFO - DAG(s) 'dataset_produces_2', 'conditional_dataset_and_time_based_timetable', 'dataset_produces_1', 'consume_1_or_2_with_dataset_expressions', 'dataset_consumes_1_never_scheduled', 'dataset_consumes_1', 'consume_1_and_2_with_dataset_expressions', 'dataset_consumes_unknown_never_scheduled', 'dataset_consumes_1_and_2', 'consume_1_or_both_2_and_3_with_dataset_expressions' retrieved from /usr/local/python/3.12.1/lib/python3.12/site-packages/airflow/example_dags/example_datasets.py
[2026-04-26T07:21:32.105+0000] {logging_mixin.py:188} INFO - [2026-04-26T07:21:32.105+0000] {dag.py:3096} INFO - Sync 10 DAGs
[2026-04-26T07:21:32.122+0000] {logging_mixin.py:188} INFO - [2026-04-26T07:21:32.122+0000] {dag.py:3954} INFO - Setting next_dagrun for conditional_dataset_and_time_based_timetable to 2026-04-22 01:00:00+00:00, run_after=2026-04-22 01:00:00+00:00
[2026-04-26T07:21:32.125+0000] {logging_mixin.py:188} INFO - [2026-04-26T07:21:32.125+0000] {dag.py:3954} INFO - Setting next_dagrun for consume_1_and_2_with_dataset_expressions to None, run_after=None
[2026-04-26T07:21:32.125+0000] {logging_mixin.py:188} INFO - [2026-04-26T07:21:32.125+0000] {dag.py:3954} INFO - Setting next_dagrun for consume_1_or_2_with_dataset_expressions to None, run_after=None
[2026-04-26T07:21:32.126+0000] {logging_mixin.py:188} INFO - [2026-04-26T07:21:32.126+0000] {dag.py:3954} INFO - Setting next_dagrun for consume_1_or_both_2_and_3_with_dataset_expressions to None, run_after=None
[2026-04-26T07:21:32.127+0000] {logging_mixin.py:188} INFO - [2026-04-26T07:21:32.127+0000] {dag.py:3954} INFO - Setting next_dagrun for dataset_consumes_1 to None, run_after=None
[2026-04-26T07:21:32.128+0000] {logging_mixin.py:188} INFO - [2026-04-26T07:21:32.127+0000] {dag.py:3954} INFO - Setting next_dagrun for dataset_consumes_1_and_2 to None, run_after=None
[2026-04-26T07:21:32.128+0000] {logging_mixin.py:188} INFO - [2026-04-26T07:21:32.128+0000] {dag.py:3954} INFO - Setting next_dagrun for dataset_consumes_1_never_scheduled to None, run_after=None
[2026-04-26T07:21:32.129+0000] {logging_mixin.py:188} INFO - [2026-04-26T07:21:32.129+0000] {dag.py:3954} INFO - Setting next_dagrun for dataset_consumes_unknown_never_scheduled to None, run_after=None
[2026-04-26T07:21:32.131+0000] {logging_mixin.py:188} INFO - [2026-04-26T07:21:32.131+0000] {dag.py:3954} INFO - Setting next_dagrun for dataset_produces_1 to 2026-04-25 00:00:00+00:00, run_after=2026-04-26 00:00:00+00:00
[2026-04-26T07:21:32.131+0000] {logging_mixin.py:188} INFO - [2026-04-26T07:21:32.131+0000] {dag.py:3954} INFO - Setting next_dagrun for dataset_produces_2 to None, run_after=None
[2026-04-26T07:21:32.154+0000] {processor.py:183} INFO - Processing /usr/local/python/3.12.1/lib/python3.12/site-packages/airflow/example_dags/example_datasets.py took 0.092 seconds
[2026-04-26T07:21:59.504+0000] {processor.py:161} INFO - Started process (PID=27491) to work on /usr/local/python/3.12.1/lib/python3.12/site-packages/airflow/example_dags/example_datasets.py
[2026-04-26T07:21:59.505+0000] {processor.py:830} INFO - Processing file /usr/local/python/3.12.1/lib/python3.12/site-packages/airflow/example_dags/example_datasets.py for tasks to queue
[2026-04-26T07:21:59.506+0000] {logging_mixin.py:188} INFO - [2026-04-26T07:21:59.506+0000] {dagbag.py:540} INFO - Filling up the DagBag from /usr/local/python/3.12.1/lib/python3.12/site-packages/airflow/example_dags/example_datasets.py
[2026-04-26T07:21:59.526+0000] {processor.py:840} INFO - DAG(s) 'dataset_produces_1', 'consume_1_or_both_2_and_3_with_dataset_expressions', 'dataset_consumes_1_and_2', 'conditional_dataset_and_time_based_timetable', 'dataset_produces_2', 'dataset_consumes_1_never_scheduled', 'consume_1_or_2_with_dataset_expressions', 'dataset_consumes_unknown_never_scheduled', 'consume_1_and_2_with_dataset_expressions', 'dataset_consumes_1' retrieved from /usr/local/python/3.12.1/lib/python3.12/site-packages/airflow/example_dags/example_datasets.py
[2026-04-26T07:21:59.604+0000] {logging_mixin.py:188} INFO - [2026-04-26T07:21:59.603+0000] {dag.py:3096} INFO - Sync 10 DAGs
[2026-04-26T07:21:59.658+0000] {logging_mixin.py:188} INFO - [2026-04-26T07:21:59.658+0000] {dag.py:3954} INFO - Setting next_dagrun for conditional_dataset_and_time_based_timetable to 2026-04-22 01:00:00+00:00, run_after=2026-04-22 01:00:00+00:00
[2026-04-26T07:21:59.663+0000] {logging_mixin.py:188} INFO - [2026-04-26T07:21:59.662+0000] {dag.py:3954} INFO - Setting next_dagrun for consume_1_and_2_with_dataset_expressions to None, run_after=None
[2026-04-26T07:21:59.664+0000] {logging_mixin.py:188} INFO - [2026-04-26T07:21:59.664+0000] {dag.py:3954} INFO - Setting next_dagrun for consume_1_or_2_with_dataset_expressions to None, run_after=None
[2026-04-26T07:21:59.665+0000] {logging_mixin.py:188} INFO - [2026-04-26T07:21:59.665+0000] {dag.py:3954} INFO - Setting next_dagrun for consume_1_or_both_2_and_3_with_dataset_expressions to None, run_after=None
[2026-04-26T07:21:59.666+0000] {logging_mixin.py:188} INFO - [2026-04-26T07:21:59.666+0000] {dag.py:3954} INFO - Setting next_dagrun for dataset_consumes_1 to None, run_after=None
[2026-04-26T07:21:59.667+0000] {logging_mixin.py:188} INFO - [2026-04-26T07:21:59.667+0000] {dag.py:3954} INFO - Setting next_dagrun for dataset_consumes_1_and_2 to None, run_after=None
[2026-04-26T07:21:59.669+0000] {logging_mixin.py:188} INFO - [2026-04-26T07:21:59.668+0000] {dag.py:3954} INFO - Setting next_dagrun for dataset_consumes_1_never_scheduled to None, run_after=None
[2026-04-26T07:21:59.670+0000] {logging_mixin.py:188} INFO - [2026-04-26T07:21:59.669+0000] {dag.py:3954} INFO - Setting next_dagrun for dataset_consumes_unknown_never_scheduled to None, run_after=None
[2026-04-26T07:21:59.673+0000] {logging_mixin.py:188} INFO - [2026-04-26T07:21:59.672+0000] {dag.py:3954} INFO - Setting next_dagrun for dataset_produces_1 to 2026-04-25 00:00:00+00:00, run_after=2026-04-26 00:00:00+00:00
[2026-04-26T07:21:59.674+0000] {logging_mixin.py:188} INFO - [2026-04-26T07:21:59.674+0000] {dag.py:3954} INFO - Setting next_dagrun for dataset_produces_2 to None, run_after=None
[2026-04-26T07:21:59.725+0000] {processor.py:183} INFO - Processing /usr/local/python/3.12.1/lib/python3.12/site-packages/airflow/example_dags/example_datasets.py took 0.225 seconds
[2026-04-26T07:22:29.032+0000] {processor.py:161} INFO - Started process (PID=27756) to work on /usr/local/python/3.12.1/lib/python3.12/site-packages/airflow/example_dags/example_datasets.py
[2026-04-26T07:22:29.033+0000] {processor.py:830} INFO - Processing file /usr/local/python/3.12.1/lib/python3.12/site-packages/airflow/example_dags/example_datasets.py for tasks to queue
[2026-04-26T07:22:29.034+0000] {logging_mixin.py:188} INFO - [2026-04-26T07:22:29.033+0000] {dagbag.py:540} INFO - Filling up the DagBag from /usr/local/python/3.12.1/lib/python3.12/site-packages/airflow/example_dags/example_datasets.py
[2026-04-26T07:22:29.045+0000] {processor.py:840} INFO - DAG(s) 'dataset_consumes_1_and_2', 'dataset_produces_1', 'dataset_consumes_1_never_scheduled', 'conditional_dataset_and_time_based_timetable', 'consume_1_or_both_2_and_3_with_dataset_expressions', 'consume_1_and_2_with_dataset_expressions', 'consume_1_or_2_with_dataset_expressions', 'dataset_consumes_unknown_never_scheduled', 'dataset_produces_2', 'dataset_consumes_1' retrieved from /usr/local/python/3.12.1/lib/python3.12/site-packages/airflow/example_dags/example_datasets.py
[2026-04-26T07:22:29.073+0000] {logging_mixin.py:188} INFO - [2026-04-26T07:22:29.072+0000] {dag.py:3096} INFO - Sync 10 DAGs
[2026-04-26T07:22:29.095+0000] {logging_mixin.py:188} INFO - [2026-04-26T07:22:29.095+0000] {dag.py:3954} INFO - Setting next_dagrun for conditional_dataset_and_time_based_timetable to 2026-04-22 01:00:00+00:00, run_after=2026-04-22 01:00:00+00:00
[2026-04-26T07:22:29.098+0000] {logging_mixin.py:188} INFO - [2026-04-26T07:22:29.098+0000] {dag.py:3954} INFO - Setting next_dagrun for consume_1_and_2_with_dataset_expressions to None, run_after=None
[2026-04-26T07:22:29.099+0000] {logging_mixin.py:188} INFO - [2026-04-26T07:22:29.098+0000] {dag.py:3954} INFO - Setting next_dagrun for consume_1_or_2_with_dataset_expressions to None, run_after=None
[2026-04-26T07:22:29.099+0000] {logging_mixin.py:188} INFO - [2026-04-26T07:22:29.099+0000] {dag.py:3954} INFO - Setting next_dagrun for consume_1_or_both_2_and_3_with_dataset_expressions to None, run_after=None
[2026-04-26T07:22:29.100+0000] {logging_mixin.py:188} INFO - [2026-04-26T07:22:29.100+0000] {dag.py:3954} INFO - Setting next_dagrun for dataset_consumes_1 to None, run_after=None
[2026-04-26T07:22:29.101+0000] {logging_mixin.py:188} INFO - [2026-04-26T07:22:29.101+0000] {dag.py:3954} INFO - Setting next_dagrun for dataset_consumes_1_and_2 to None, run_after=None
[2026-04-26T07:22:29.102+0000] {logging_mixin.py:188} INFO - [2026-04-26T07:22:29.102+0000] {dag.py:3954} INFO - Setting next_dagrun for dataset_consumes_1_never_scheduled to None, run_after=None
[2026-04-26T07:22:29.102+0000] {logging_mixin.py:188} INFO - [2026-04-26T07:22:29.102+0000] {dag.py:3954} INFO - Setting next_dagrun for dataset_consumes_unknown_never_scheduled to None, run_after=None
[2026-04-26T07:22:29.104+0000] {logging_mixin.py:188} INFO - [2026-04-26T07:22:29.104+0000] {dag.py:3954} INFO - Setting next_dagrun for dataset_produces_1 to 2026-04-25 00:00:00+00:00, run_after=2026-04-26 00:00:00+00:00
[2026-04-26T07:22:29.105+0000] {logging_mixin.py:188} INFO - [2026-04-26T07:22:29.105+0000] {dag.py:3954} INFO - Setting next_dagrun for dataset_produces_2 to None, run_after=None
[2026-04-26T07:22:29.128+0000] {processor.py:183} INFO - Processing /usr/local/python/3.12.1/lib/python3.12/site-packages/airflow/example_dags/example_datasets.py took 0.100 seconds
[2026-04-26T07:22:31.739+0000] {processor.py:161} INFO - Started process (PID=27778) to work on /usr/local/python/3.12.1/lib/python3.12/site-packages/airflow/example_dags/example_datasets.py
[2026-04-26T07:22:31.740+0000] {processor.py:830} INFO - Processing file /usr/local/python/3.12.1/lib/python3.12/site-packages/airflow/example_dags/example_datasets.py for tasks to queue
[2026-04-26T07:22:31.740+0000] {logging_mixin.py:188} INFO - [2026-04-26T07:22:31.740+0000] {dagbag.py:540} INFO - Filling up the DagBag from /usr/local/python/3.12.1/lib/python3.12/site-packages/airflow/example_dags/example_datasets.py
[2026-04-26T07:22:31.752+0000] {processor.py:840} INFO - DAG(s) 'conditional_dataset_and_time_based_timetable', 'dataset_produces_1', 'dataset_consumes_1_and_2', 'consume_1_or_2_with_dataset_expressions', 'dataset_consumes_1_never_scheduled', 'dataset_consumes_1', 'consume_1_and_2_with_dataset_expressions', 'dataset_produces_2', 'consume_1_or_both_2_and_3_with_dataset_expressions', 'dataset_consumes_unknown_never_scheduled' retrieved from /usr/local/python/3.12.1/lib/python3.12/site-packages/airflow/example_dags/example_datasets.py
[2026-04-26T07:22:31.784+0000] {logging_mixin.py:188} INFO - [2026-04-26T07:22:31.784+0000] {dag.py:3096} INFO - Sync 10 DAGs
[2026-04-26T07:22:31.803+0000] {logging_mixin.py:188} INFO - [2026-04-26T07:22:31.803+0000] {dag.py:3954} INFO - Setting next_dagrun for conditional_dataset_and_time_based_timetable to 2026-04-22 01:00:00+00:00, run_after=2026-04-22 01:00:00+00:00
[2026-04-26T07:22:31.806+0000] {logging_mixin.py:188} INFO - [2026-04-26T07:22:31.806+0000] {dag.py:3954} INFO - Setting next_dagrun for consume_1_and_2_with_dataset_expressions to None, run_after=None
[2026-04-26T07:22:31.807+0000] {logging_mixin.py:188} INFO - [2026-04-26T07:22:31.806+0000] {dag.py:3954} INFO - Setting next_dagrun for consume_1_or_2_with_dataset_expressions to None, run_after=None
[2026-04-26T07:22:31.807+0000] {logging_mixin.py:188} INFO - [2026-04-26T07:22:31.807+0000] {dag.py:3954} INFO - Setting next_dagrun for consume_1_or_both_2_and_3_with_dataset_expressions to None, run_after=None
[2026-04-26T07:22:31.808+0000] {logging_mixin.py:188} INFO - [2026-04-26T07:22:31.808+0000] {dag.py:3954} INFO - Setting next_dagrun for dataset_consumes_1 to None, run_after=None
[2026-04-26T07:22:31.809+0000] {logging_mixin.py:188} INFO - [2026-04-26T07:22:31.809+0000] {dag.py:3954} INFO - Setting next_dagrun for dataset_consumes_1_and_2 to None, run_after=None
[2026-04-26T07:22:31.809+0000] {logging_mixin.py:188} INFO - [2026-04-26T07:22:31.809+0000] {dag.py:3954} INFO - Setting next_dagrun for dataset_consumes_1_never_scheduled to None, run_after=None
[2026-04-26T07:22:31.810+0000] {logging_mixin.py:188} INFO - [2026-04-26T07:22:31.810+0000] {dag.py:3954} INFO - Setting next_dagrun for dataset_consumes_unknown_never_scheduled to None, run_after=None
[2026-04-26T07:22:31.812+0000] {logging_mixin.py:188} INFO - [2026-04-26T07:22:31.812+0000] {dag.py:3954} INFO - Setting next_dagrun for dataset_produces_1 to 2026-04-25 00:00:00+00:00, run_after=2026-04-26 00:00:00+00:00
[2026-04-26T07:22:31.812+0000] {logging_mixin.py:188} INFO - [2026-04-26T07:22:31.812+0000] {dag.py:3954} INFO - Setting next_dagrun for dataset_produces_2 to None, run_after=None
[2026-04-26T07:22:31.835+0000] {processor.py:183} INFO - Processing /usr/local/python/3.12.1/lib/python3.12/site-packages/airflow/example_dags/example_datasets.py took 0.100 seconds
[2026-04-26T07:23:03.588+0000] {processor.py:161} INFO - Started process (PID=28052) to work on /usr/local/python/3.12.1/lib/python3.12/site-packages/airflow/example_dags/example_datasets.py
[2026-04-26T07:23:03.589+0000] {processor.py:830} INFO - Processing file /usr/local/python/3.12.1/lib/python3.12/site-packages/airflow/example_dags/example_datasets.py for tasks to queue
[2026-04-26T07:23:03.590+0000] {logging_mixin.py:188} INFO - [2026-04-26T07:23:03.589+0000] {dagbag.py:540} INFO - Filling up the DagBag from /usr/local/python/3.12.1/lib/python3.12/site-packages/airflow/example_dags/example_datasets.py
[2026-04-26T07:23:03.606+0000] {processor.py:840} INFO - DAG(s) 'consume_1_or_2_with_dataset_expressions', 'dataset_consumes_1_never_scheduled', 'dataset_consumes_1_and_2', 'dataset_produces_1', 'dataset_consumes_unknown_never_scheduled', 'consume_1_and_2_with_dataset_expressions', 'dataset_produces_2', 'consume_1_or_both_2_and_3_with_dataset_expressions', 'conditional_dataset_and_time_based_timetable', 'dataset_consumes_1' retrieved from /usr/local/python/3.12.1/lib/python3.12/site-packages/airflow/example_dags/example_datasets.py
[2026-04-26T07:23:03.634+0000] {logging_mixin.py:188} INFO - [2026-04-26T07:23:03.634+0000] {dag.py:3096} INFO - Sync 10 DAGs
[2026-04-26T07:23:03.652+0000] {logging_mixin.py:188} INFO - [2026-04-26T07:23:03.652+0000] {dag.py:3954} INFO - Setting next_dagrun for conditional_dataset_and_time_based_timetable to 2026-04-22 01:00:00+00:00, run_after=2026-04-22 01:00:00+00:00
[2026-04-26T07:23:03.655+0000] {logging_mixin.py:188} INFO - [2026-04-26T07:23:03.654+0000] {dag.py:3954} INFO - Setting next_dagrun for consume_1_and_2_with_dataset_expressions to None, run_after=None
[2026-04-26T07:23:03.655+0000] {logging_mixin.py:188} INFO - [2026-04-26T07:23:03.655+0000] {dag.py:3954} INFO - Setting next_dagrun for consume_1_or_2_with_dataset_expressions to None, run_after=None
[2026-04-26T07:23:03.656+0000] {logging_mixin.py:188} INFO - [2026-04-26T07:23:03.656+0000] {dag.py:3954} INFO - Setting next_dagrun for consume_1_or_both_2_and_3_with_dataset_expressions to None, run_after=None
[2026-04-26T07:23:03.657+0000] {logging_mixin.py:188} INFO - [2026-04-26T07:23:03.657+0000] {dag.py:3954} INFO - Setting next_dagrun for dataset_consumes_1 to None, run_after=None
[2026-04-26T07:23:03.658+0000] {logging_mixin.py:188} INFO - [2026-04-26T07:23:03.657+0000] {dag.py:3954} INFO - Setting next_dagrun for dataset_consumes_1_and_2 to None, run_after=None
[2026-04-26T07:23:03.658+0000] {logging_mixin.py:188} INFO - [2026-04-26T07:23:03.658+0000] {dag.py:3954} INFO - Setting next_dagrun for dataset_consumes_1_never_scheduled to None, run_after=None
[2026-04-26T07:23:03.659+0000] {logging_mixin.py:188} INFO - [2026-04-26T07:23:03.659+0000] {dag.py:3954} INFO - Setting next_dagrun for dataset_consumes_unknown_never_scheduled to None, run_after=None
[2026-04-26T07:23:03.661+0000] {logging_mixin.py:188} INFO - [2026-04-26T07:23:03.661+0000] {dag.py:3954} INFO - Setting next_dagrun for dataset_produces_1 to 2026-04-25 00:00:00+00:00, run_after=2026-04-26 00:00:00+00:00
[2026-04-26T07:23:03.662+0000] {logging_mixin.py:188} INFO - [2026-04-26T07:23:03.661+0000] {dag.py:3954} INFO - Setting next_dagrun for dataset_produces_2 to None, run_after=None
[2026-04-26T07:23:03.684+0000] {processor.py:183} INFO - Processing /usr/local/python/3.12.1/lib/python3.12/site-packages/airflow/example_dags/example_datasets.py took 0.100 seconds
[2026-04-26T07:23:32.719+0000] {processor.py:161} INFO - Started process (PID=28317) to work on /usr/local/python/3.12.1/lib/python3.12/site-packages/airflow/example_dags/example_datasets.py
[2026-04-26T07:23:32.720+0000] {processor.py:830} INFO - Processing file /usr/local/python/3.12.1/lib/python3.12/site-packages/airflow/example_dags/example_datasets.py for tasks to queue
[2026-04-26T07:23:32.721+0000] {logging_mixin.py:188} INFO - [2026-04-26T07:23:32.720+0000] {dagbag.py:540} INFO - Filling up the DagBag from /usr/local/python/3.12.1/lib/python3.12/site-packages/airflow/example_dags/example_datasets.py
[2026-04-26T07:23:32.738+0000] {processor.py:840} INFO - DAG(s) 'conditional_dataset_and_time_based_timetable', 'dataset_produces_1', 'dataset_consumes_unknown_never_scheduled', 'dataset_consumes_1', 'consume_1_or_2_with_dataset_expressions', 'consume_1_or_both_2_and_3_with_dataset_expressions', 'dataset_produces_2', 'dataset_consumes_1_and_2', 'consume_1_and_2_with_dataset_expressions', 'dataset_consumes_1_never_scheduled' retrieved from /usr/local/python/3.12.1/lib/python3.12/site-packages/airflow/example_dags/example_datasets.py
[2026-04-26T07:23:32.787+0000] {logging_mixin.py:188} INFO - [2026-04-26T07:23:32.787+0000] {dag.py:3096} INFO - Sync 10 DAGs
[2026-04-26T07:23:32.807+0000] {logging_mixin.py:188} INFO - [2026-04-26T07:23:32.806+0000] {dag.py:3954} INFO - Setting next_dagrun for conditional_dataset_and_time_based_timetable to 2026-04-22 01:00:00+00:00, run_after=2026-04-22 01:00:00+00:00
[2026-04-26T07:23:32.810+0000] {logging_mixin.py:188} INFO - [2026-04-26T07:23:32.809+0000] {dag.py:3954} INFO - Setting next_dagrun for consume_1_and_2_with_dataset_expressions to None, run_after=None
[2026-04-26T07:23:32.810+0000] {logging_mixin.py:188} INFO - [2026-04-26T07:23:32.810+0000] {dag.py:3954} INFO - Setting next_dagrun for consume_1_or_2_with_dataset_expressions to None, run_after=None
[2026-04-26T07:23:32.811+0000] {logging_mixin.py:188} INFO - [2026-04-26T07:23:32.811+0000] {dag.py:3954} INFO - Setting next_dagrun for consume_1_or_both_2_and_3_with_dataset_expressions to None, run_after=None
[2026-04-26T07:23:32.812+0000] {logging_mixin.py:188} INFO - [2026-04-26T07:23:32.812+0000] {dag.py:3954} INFO - Setting next_dagrun for dataset_consumes_1 to None, run_after=None
[2026-04-26T07:23:32.814+0000] {logging_mixin.py:188} INFO - [2026-04-26T07:23:32.813+0000] {dag.py:3954} INFO - Setting next_dagrun for dataset_consumes_1_and_2 to None, run_after=None
[2026-04-26T07:23:32.815+0000] {logging_mixin.py:188} INFO - [2026-04-26T07:23:32.815+0000] {dag.py:3954} INFO - Setting next_dagrun for dataset_consumes_1_never_scheduled to None, run_after=None
[2026-04-26T07:23:32.816+0000] {logging_mixin.py:188} INFO - [2026-04-26T07:23:32.816+0000] {dag.py:3954} INFO - Setting next_dagrun for dataset_consumes_unknown_never_scheduled to None, run_after=None
[2026-04-26T07:23:32.818+0000] {logging_mixin.py:188} INFO - [2026-04-26T07:23:32.818+0000] {dag.py:3954} INFO - Setting next_dagrun for dataset_produces_1 to 2026-04-25 00:00:00+00:00, run_after=2026-04-26 00:00:00+00:00
[2026-04-26T07:23:32.819+0000] {logging_mixin.py:188} INFO - [2026-04-26T07:23:32.819+0000] {dag.py:3954} INFO - Setting next_dagrun for dataset_produces_2 to None, run_after=None
[2026-04-26T07:23:32.842+0000] {processor.py:183} INFO - Processing /usr/local/python/3.12.1/lib/python3.12/site-packages/airflow/example_dags/example_datasets.py took 0.130 seconds
[2026-04-26T07:23:33.921+0000] {processor.py:161} INFO - Started process (PID=28321) to work on /usr/local/python/3.12.1/lib/python3.12/site-packages/airflow/example_dags/example_datasets.py
[2026-04-26T07:23:33.922+0000] {processor.py:830} INFO - Processing file /usr/local/python/3.12.1/lib/python3.12/site-packages/airflow/example_dags/example_datasets.py for tasks to queue
[2026-04-26T07:23:33.922+0000] {logging_mixin.py:188} INFO - [2026-04-26T07:23:33.922+0000] {dagbag.py:540} INFO - Filling up the DagBag from /usr/local/python/3.12.1/lib/python3.12/site-packages/airflow/example_dags/example_datasets.py
[2026-04-26T07:23:33.935+0000] {processor.py:840} INFO - DAG(s) 'dataset_produces_2', 'consume_1_or_2_with_dataset_expressions', 'dataset_consumes_1_never_scheduled', 'dataset_produces_1', 'dataset_consumes_unknown_never_scheduled', 'consume_1_or_both_2_and_3_with_dataset_expressions', 'dataset_consumes_1_and_2', 'dataset_consumes_1', 'consume_1_and_2_with_dataset_expressions', 'conditional_dataset_and_time_based_timetable' retrieved from /usr/local/python/3.12.1/lib/python3.12/site-packages/airflow/example_dags/example_datasets.py
[2026-04-26T07:23:33.978+0000] {logging_mixin.py:188} INFO - [2026-04-26T07:23:33.978+0000] {dag.py:3096} INFO - Sync 10 DAGs
[2026-04-26T07:23:34.006+0000] {logging_mixin.py:188} INFO - [2026-04-26T07:23:34.005+0000] {dag.py:3954} INFO - Setting next_dagrun for conditional_dataset_and_time_based_timetable to 2026-04-22 01:00:00+00:00, run_after=2026-04-22 01:00:00+00:00
[2026-04-26T07:23:34.014+0000] {logging_mixin.py:188} INFO - [2026-04-26T07:23:34.013+0000] {dag.py:3954} INFO - Setting next_dagrun for consume_1_and_2_with_dataset_expressions to None, run_after=None
[2026-04-26T07:23:34.015+0000] {logging_mixin.py:188} INFO - [2026-04-26T07:23:34.015+0000] {dag.py:3954} INFO - Setting next_dagrun for consume_1_or_2_with_dataset_expressions to None, run_after=None
[2026-04-26T07:23:34.016+0000] {logging_mixin.py:188} INFO - [2026-04-26T07:23:34.016+0000] {dag.py:3954} INFO - Setting next_dagrun for consume_1_or_both_2_and_3_with_dataset_expressions to None, run_after=None
[2026-04-26T07:23:34.017+0000] {logging_mixin.py:188} INFO - [2026-04-26T07:23:34.017+0000] {dag.py:3954} INFO - Setting next_dagrun for dataset_consumes_1 to None, run_after=None
[2026-04-26T07:23:34.018+0000] {logging_mixin.py:188} INFO - [2026-04-26T07:23:34.018+0000] {dag.py:3954} INFO - Setting next_dagrun for dataset_consumes_1_and_2 to None, run_after=None
[2026-04-26T07:23:34.020+0000] {logging_mixin.py:188} INFO - [2026-04-26T07:23:34.019+0000] {dag.py:3954} INFO - Setting next_dagrun for dataset_consumes_1_never_scheduled to None, run_after=None
[2026-04-26T07:23:34.021+0000] {logging_mixin.py:188} INFO - [2026-04-26T07:23:34.021+0000] {dag.py:3954} INFO - Setting next_dagrun for dataset_consumes_unknown_never_scheduled to None, run_after=None
[2026-04-26T07:23:34.024+0000] {logging_mixin.py:188} INFO - [2026-04-26T07:23:34.023+0000] {dag.py:3954} INFO - Setting next_dagrun for dataset_produces_1 to 2026-04-25 00:00:00+00:00, run_after=2026-04-26 00:00:00+00:00
[2026-04-26T07:23:34.024+0000] {logging_mixin.py:188} INFO - [2026-04-26T07:23:34.024+0000] {dag.py:3954} INFO - Setting next_dagrun for dataset_produces_2 to None, run_after=None
[2026-04-26T07:23:34.054+0000] {processor.py:183} INFO - Processing /usr/local/python/3.12.1/lib/python3.12/site-packages/airflow/example_dags/example_datasets.py took 0.137 seconds
[2026-04-26T07:24:04.357+0000] {processor.py:161} INFO - Started process (PID=28662) to work on /usr/local/python/3.12.1/lib/python3.12/site-packages/airflow/example_dags/example_datasets.py
[2026-04-26T07:24:04.358+0000] {processor.py:830} INFO - Processing file /usr/local/python/3.12.1/lib/python3.12/site-packages/airflow/example_dags/example_datasets.py for tasks to queue
[2026-04-26T07:24:04.359+0000] {logging_mixin.py:188} INFO - [2026-04-26T07:24:04.358+0000] {dagbag.py:540} INFO - Filling up the DagBag from /usr/local/python/3.12.1/lib/python3.12/site-packages/airflow/example_dags/example_datasets.py
[2026-04-26T07:24:04.375+0000] {processor.py:840} INFO - DAG(s) 'dataset_consumes_1_never_scheduled', 'dataset_produces_1', 'dataset_consumes_1_and_2', 'dataset_produces_2', 'consume_1_or_both_2_and_3_with_dataset_expressions', 'consume_1_or_2_with_dataset_expressions', 'dataset_consumes_1', 'conditional_dataset_and_time_based_timetable', 'dataset_consumes_unknown_never_scheduled', 'consume_1_and_2_with_dataset_expressions' retrieved from /usr/local/python/3.12.1/lib/python3.12/site-packages/airflow/example_dags/example_datasets.py
[2026-04-26T07:24:04.444+0000] {logging_mixin.py:188} INFO - [2026-04-26T07:24:04.444+0000] {dag.py:3096} INFO - Sync 10 DAGs
[2026-04-26T07:24:04.462+0000] {logging_mixin.py:188} INFO - [2026-04-26T07:24:04.462+0000] {dag.py:3954} INFO - Setting next_dagrun for conditional_dataset_and_time_based_timetable to 2026-04-22 01:00:00+00:00, run_after=2026-04-22 01:00:00+00:00
[2026-04-26T07:24:04.465+0000] {logging_mixin.py:188} INFO - [2026-04-26T07:24:04.465+0000] {dag.py:3954} INFO - Setting next_dagrun for consume_1_and_2_with_dataset_expressions to None, run_after=None
[2026-04-26T07:24:04.466+0000] {logging_mixin.py:188} INFO - [2026-04-26T07:24:04.466+0000] {dag.py:3954} INFO - Setting next_dagrun for consume_1_or_2_with_dataset_expressions to None, run_after=None
[2026-04-26T07:24:04.467+0000] {logging_mixin.py:188} INFO - [2026-04-26T07:24:04.466+0000] {dag.py:3954} INFO - Setting next_dagrun for consume_1_or_both_2_and_3_with_dataset_expressions to None, run_after=None
[2026-04-26T07:24:04.467+0000] {logging_mixin.py:188} INFO - [2026-04-26T07:24:04.467+0000] {dag.py:3954} INFO - Setting next_dagrun for dataset_consumes_1 to None, run_after=None
[2026-04-26T07:24:04.468+0000] {logging_mixin.py:188} INFO - [2026-04-26T07:24:04.468+0000] {dag.py:3954} INFO - Setting next_dagrun for dataset_consumes_1_and_2 to None, run_after=None
[2026-04-26T07:24:04.469+0000] {logging_mixin.py:188} INFO - [2026-04-26T07:24:04.469+0000] {dag.py:3954} INFO - Setting next_dagrun for dataset_consumes_1_never_scheduled to None, run_after=None
[2026-04-26T07:24:04.470+0000] {logging_mixin.py:188} INFO - [2026-04-26T07:24:04.470+0000] {dag.py:3954} INFO - Setting next_dagrun for dataset_consumes_unknown_never_scheduled to None, run_after=None
[2026-04-26T07:24:04.471+0000] {logging_mixin.py:188} INFO - [2026-04-26T07:24:04.471+0000] {dag.py:3954} INFO - Setting next_dagrun for dataset_produces_1 to 2026-04-25 00:00:00+00:00, run_after=2026-04-26 00:00:00+00:00
[2026-04-26T07:24:04.472+0000] {logging_mixin.py:188} INFO - [2026-04-26T07:24:04.472+0000] {dag.py:3954} INFO - Setting next_dagrun for dataset_produces_2 to None, run_after=None
[2026-04-26T07:24:04.495+0000] {processor.py:183} INFO - Processing /usr/local/python/3.12.1/lib/python3.12/site-packages/airflow/example_dags/example_datasets.py took 0.144 seconds
[2026-04-26T07:24:28.918+0000] {processor.py:161} INFO - Started process (PID=28873) to work on /usr/local/python/3.12.1/lib/python3.12/site-packages/airflow/example_dags/example_datasets.py
[2026-04-26T07:24:28.919+0000] {processor.py:830} INFO - Processing file /usr/local/python/3.12.1/lib/python3.12/site-packages/airflow/example_dags/example_datasets.py for tasks to queue
[2026-04-26T07:24:28.919+0000] {logging_mixin.py:188} INFO - [2026-04-26T07:24:28.919+0000] {dagbag.py:540} INFO - Filling up the DagBag from /usr/local/python/3.12.1/lib/python3.12/site-packages/airflow/example_dags/example_datasets.py
[2026-04-26T07:24:28.930+0000] {processor.py:840} INFO - DAG(s) 'dataset_produces_1', 'dataset_consumes_unknown_never_scheduled', 'dataset_consumes_1', 'consume_1_or_both_2_and_3_with_dataset_expressions', 'conditional_dataset_and_time_based_timetable', 'dataset_consumes_1_and_2', 'dataset_produces_2', 'dataset_consumes_1_never_scheduled', 'consume_1_or_2_with_dataset_expressions', 'consume_1_and_2_with_dataset_expressions' retrieved from /usr/local/python/3.12.1/lib/python3.12/site-packages/airflow/example_dags/example_datasets.py
[2026-04-26T07:24:28.958+0000] {logging_mixin.py:188} INFO - [2026-04-26T07:24:28.957+0000] {dag.py:3096} INFO - Sync 10 DAGs
[2026-04-26T07:24:28.975+0000] {logging_mixin.py:188} INFO - [2026-04-26T07:24:28.975+0000] {dag.py:3954} INFO - Setting next_dagrun for conditional_dataset_and_time_based_timetable to 2026-04-22 01:00:00+00:00, run_after=2026-04-22 01:00:00+00:00
[2026-04-26T07:24:28.978+0000] {logging_mixin.py:188} INFO - [2026-04-26T07:24:28.978+0000] {dag.py:3954} INFO - Setting next_dagrun for consume_1_and_2_with_dataset_expressions to None, run_after=None
[2026-04-26T07:24:28.979+0000] {logging_mixin.py:188} INFO - [2026-04-26T07:24:28.979+0000] {dag.py:3954} INFO - Setting next_dagrun for consume_1_or_2_with_dataset_expressions to None, run_after=None
[2026-04-26T07:24:28.980+0000] {logging_mixin.py:188} INFO - [2026-04-26T07:24:28.980+0000] {dag.py:3954} INFO - Setting next_dagrun for consume_1_or_both_2_and_3_with_dataset_expressions to None, run_after=None
[2026-04-26T07:24:28.982+0000] {logging_mixin.py:188} INFO - [2026-04-26T07:24:28.982+0000] {dag.py:3954} INFO - Setting next_dagrun for dataset_consumes_1 to None, run_after=None
[2026-04-26T07:24:28.984+0000] {logging_mixin.py:188} INFO - [2026-04-26T07:24:28.983+0000] {dag.py:3954} INFO - Setting next_dagrun for dataset_consumes_1_and_2 to None, run_after=None
[2026-04-26T07:24:28.985+0000] {logging_mixin.py:188} INFO - [2026-04-26T07:24:28.984+0000] {dag.py:3954} INFO - Setting next_dagrun for dataset_consumes_1_never_scheduled to None, run_after=None
[2026-04-26T07:24:28.985+0000] {logging_mixin.py:188} INFO - [2026-04-26T07:24:28.985+0000] {dag.py:3954} INFO - Setting next_dagrun for dataset_consumes_unknown_never_scheduled to None, run_after=None
[2026-04-26T07:24:28.987+0000] {logging_mixin.py:188} INFO - [2026-04-26T07:24:28.987+0000] {dag.py:3954} INFO - Setting next_dagrun for dataset_produces_1 to 2026-04-25 00:00:00+00:00, run_after=2026-04-26 00:00:00+00:00
[2026-04-26T07:24:28.988+0000] {logging_mixin.py:188} INFO - [2026-04-26T07:24:28.988+0000] {dag.py:3954} INFO - Setting next_dagrun for dataset_produces_2 to None, run_after=None
[2026-04-26T07:24:29.016+0000] {processor.py:183} INFO - Processing /usr/local/python/3.12.1/lib/python3.12/site-packages/airflow/example_dags/example_datasets.py took 0.103 seconds
[2026-04-26T07:24:33.212+0000] {processor.py:161} INFO - Started process (PID=28991) to work on /usr/local/python/3.12.1/lib/python3.12/site-packages/airflow/example_dags/example_datasets.py
[2026-04-26T07:24:33.213+0000] {processor.py:830} INFO - Processing file /usr/local/python/3.12.1/lib/python3.12/site-packages/airflow/example_dags/example_datasets.py for tasks to queue
[2026-04-26T07:24:33.215+0000] {logging_mixin.py:188} INFO - [2026-04-26T07:24:33.214+0000] {dagbag.py:540} INFO - Filling up the DagBag from /usr/local/python/3.12.1/lib/python3.12/site-packages/airflow/example_dags/example_datasets.py
[2026-04-26T07:24:33.251+0000] {processor.py:840} INFO - DAG(s) 'dataset_consumes_1', 'consume_1_and_2_with_dataset_expressions', 'conditional_dataset_and_time_based_timetable', 'consume_1_or_both_2_and_3_with_dataset_expressions', 'consume_1_or_2_with_dataset_expressions', 'dataset_consumes_1_never_scheduled', 'dataset_consumes_unknown_never_scheduled', 'dataset_produces_2', 'dataset_consumes_1_and_2', 'dataset_produces_1' retrieved from /usr/local/python/3.12.1/lib/python3.12/site-packages/airflow/example_dags/example_datasets.py
[2026-04-26T07:24:33.309+0000] {logging_mixin.py:188} INFO - [2026-04-26T07:24:33.309+0000] {dag.py:3096} INFO - Sync 10 DAGs
[2026-04-26T07:24:33.334+0000] {logging_mixin.py:188} INFO - [2026-04-26T07:24:33.334+0000] {dag.py:3954} INFO - Setting next_dagrun for conditional_dataset_and_time_based_timetable to 2026-04-22 01:00:00+00:00, run_after=2026-04-22 01:00:00+00:00
[2026-04-26T07:24:33.337+0000] {logging_mixin.py:188} INFO - [2026-04-26T07:24:33.337+0000] {dag.py:3954} INFO - Setting next_dagrun for consume_1_and_2_with_dataset_expressions to None, run_after=None
[2026-04-26T07:24:33.338+0000] {logging_mixin.py:188} INFO - [2026-04-26T07:24:33.337+0000] {dag.py:3954} INFO - Setting next_dagrun for consume_1_or_2_with_dataset_expressions to None, run_after=None
[2026-04-26T07:24:33.339+0000] {logging_mixin.py:188} INFO - [2026-04-26T07:24:33.339+0000] {dag.py:3954} INFO - Setting next_dagrun for consume_1_or_both_2_and_3_with_dataset_expressions to None, run_after=None
[2026-04-26T07:24:33.340+0000] {logging_mixin.py:188} INFO - [2026-04-26T07:24:33.340+0000] {dag.py:3954} INFO - Setting next_dagrun for dataset_consumes_1 to None, run_after=None
[2026-04-26T07:24:33.341+0000] {logging_mixin.py:188} INFO - [2026-04-26T07:24:33.341+0000] {dag.py:3954} INFO - Setting next_dagrun for dataset_consumes_1_and_2 to None, run_after=None
[2026-04-26T07:24:33.342+0000] {logging_mixin.py:188} INFO - [2026-04-26T07:24:33.342+0000] {dag.py:3954} INFO - Setting next_dagrun for dataset_consumes_1_never_scheduled to None, run_after=None
[2026-04-26T07:24:33.343+0000] {logging_mixin.py:188} INFO - [2026-04-26T07:24:33.343+0000] {dag.py:3954} INFO - Setting next_dagrun for dataset_consumes_unknown_never_scheduled to None, run_after=None
[2026-04-26T07:24:33.346+0000] {logging_mixin.py:188} INFO - [2026-04-26T07:24:33.346+0000] {dag.py:3954} INFO - Setting next_dagrun for dataset_produces_1 to 2026-04-25 00:00:00+00:00, run_after=2026-04-26 00:00:00+00:00
[2026-04-26T07:24:33.347+0000] {logging_mixin.py:188} INFO - [2026-04-26T07:24:33.347+0000] {dag.py:3954} INFO - Setting next_dagrun for dataset_produces_2 to None, run_after=None
[2026-04-26T07:24:33.373+0000] {processor.py:183} INFO - Processing /usr/local/python/3.12.1/lib/python3.12/site-packages/airflow/example_dags/example_datasets.py took 0.188 seconds
[2026-04-26T07:25:02.804+0000] {processor.py:161} INFO - Started process (PID=29253) to work on /usr/local/python/3.12.1/lib/python3.12/site-packages/airflow/example_dags/example_datasets.py
[2026-04-26T07:25:02.805+0000] {processor.py:830} INFO - Processing file /usr/local/python/3.12.1/lib/python3.12/site-packages/airflow/example_dags/example_datasets.py for tasks to queue
[2026-04-26T07:25:02.806+0000] {logging_mixin.py:188} INFO - [2026-04-26T07:25:02.805+0000] {dagbag.py:540} INFO - Filling up the DagBag from /usr/local/python/3.12.1/lib/python3.12/site-packages/airflow/example_dags/example_datasets.py
[2026-04-26T07:25:02.817+0000] {processor.py:840} INFO - DAG(s) 'consume_1_or_both_2_and_3_with_dataset_expressions', 'dataset_consumes_unknown_never_scheduled', 'consume_1_or_2_with_dataset_expressions', 'consume_1_and_2_with_dataset_expressions', 'dataset_produces_2', 'dataset_consumes_1', 'dataset_consumes_1_and_2', 'dataset_produces_1', 'dataset_consumes_1_never_scheduled', 'conditional_dataset_and_time_based_timetable' retrieved from /usr/local/python/3.12.1/lib/python3.12/site-packages/airflow/example_dags/example_datasets.py
[2026-04-26T07:25:02.846+0000] {logging_mixin.py:188} INFO - [2026-04-26T07:25:02.846+0000] {dag.py:3096} INFO - Sync 10 DAGs
[2026-04-26T07:25:02.864+0000] {logging_mixin.py:188} INFO - [2026-04-26T07:25:02.863+0000] {dag.py:3954} INFO - Setting next_dagrun for conditional_dataset_and_time_based_timetable to 2026-04-22 01:00:00+00:00, run_after=2026-04-22 01:00:00+00:00
[2026-04-26T07:25:02.866+0000] {logging_mixin.py:188} INFO - [2026-04-26T07:25:02.866+0000] {dag.py:3954} INFO - Setting next_dagrun for consume_1_and_2_with_dataset_expressions to None, run_after=None
[2026-04-26T07:25:02.867+0000] {logging_mixin.py:188} INFO - [2026-04-26T07:25:02.867+0000] {dag.py:3954} INFO - Setting next_dagrun for consume_1_or_2_with_dataset_expressions to None, run_after=None
[2026-04-26T07:25:02.868+0000] {logging_mixin.py:188} INFO - [2026-04-26T07:25:02.868+0000] {dag.py:3954} INFO - Setting next_dagrun for consume_1_or_both_2_and_3_with_dataset_expressions to None, run_after=None
[2026-04-26T07:25:02.869+0000] {logging_mixin.py:188} INFO - [2026-04-26T07:25:02.869+0000] {dag.py:3954} INFO - Setting next_dagrun for dataset_consumes_1 to None, run_after=None
[2026-04-26T07:25:02.869+0000] {logging_mixin.py:188} INFO - [2026-04-26T07:25:02.869+0000] {dag.py:3954} INFO - Setting next_dagrun for dataset_consumes_1_and_2 to None, run_after=None
[2026-04-26T07:25:02.870+0000] {logging_mixin.py:188} INFO - [2026-04-26T07:25:02.870+0000] {dag.py:3954} INFO - Setting next_dagrun for dataset_consumes_1_never_scheduled to None, run_after=None
[2026-04-26T07:25:02.871+0000] {logging_mixin.py:188} INFO - [2026-04-26T07:25:02.871+0000] {dag.py:3954} INFO - Setting next_dagrun for dataset_consumes_unknown_never_scheduled to None, run_after=None
[2026-04-26T07:25:02.874+0000] {logging_mixin.py:188} INFO - [2026-04-26T07:25:02.874+0000] {dag.py:3954} INFO - Setting next_dagrun for dataset_produces_1 to 2026-04-25 00:00:00+00:00, run_after=2026-04-26 00:00:00+00:00
[2026-04-26T07:25:02.875+0000] {logging_mixin.py:188} INFO - [2026-04-26T07:25:02.874+0000] {dag.py:3954} INFO - Setting next_dagrun for dataset_produces_2 to None, run_after=None
[2026-04-26T07:25:02.908+0000] {processor.py:183} INFO - Processing /usr/local/python/3.12.1/lib/python3.12/site-packages/airflow/example_dags/example_datasets.py took 0.108 seconds
[2026-04-26T07:25:30.806+0000] {processor.py:161} INFO - Started process (PID=29549) to work on /usr/local/python/3.12.1/lib/python3.12/site-packages/airflow/example_dags/example_datasets.py
[2026-04-26T07:25:30.807+0000] {processor.py:830} INFO - Processing file /usr/local/python/3.12.1/lib/python3.12/site-packages/airflow/example_dags/example_datasets.py for tasks to queue
[2026-04-26T07:25:30.808+0000] {logging_mixin.py:188} INFO - [2026-04-26T07:25:30.807+0000] {dagbag.py:540} INFO - Filling up the DagBag from /usr/local/python/3.12.1/lib/python3.12/site-packages/airflow/example_dags/example_datasets.py
[2026-04-26T07:25:30.824+0000] {processor.py:840} INFO - DAG(s) 'consume_1_or_2_with_dataset_expressions', 'dataset_consumes_1_and_2', 'dataset_produces_1', 'dataset_consumes_unknown_never_scheduled', 'dataset_consumes_1_never_scheduled', 'dataset_consumes_1', 'consume_1_and_2_with_dataset_expressions', 'consume_1_or_both_2_and_3_with_dataset_expressions', 'dataset_produces_2', 'conditional_dataset_and_time_based_timetable' retrieved from /usr/local/python/3.12.1/lib/python3.12/site-packages/airflow/example_dags/example_datasets.py
[2026-04-26T07:25:30.871+0000] {logging_mixin.py:188} INFO - [2026-04-26T07:25:30.871+0000] {dag.py:3096} INFO - Sync 10 DAGs
[2026-04-26T07:25:30.891+0000] {logging_mixin.py:188} INFO - [2026-04-26T07:25:30.891+0000] {dag.py:3954} INFO - Setting next_dagrun for conditional_dataset_and_time_based_timetable to 2026-04-22 01:00:00+00:00, run_after=2026-04-22 01:00:00+00:00
[2026-04-26T07:25:30.894+0000] {logging_mixin.py:188} INFO - [2026-04-26T07:25:30.894+0000] {dag.py:3954} INFO - Setting next_dagrun for consume_1_and_2_with_dataset_expressions to None, run_after=None
[2026-04-26T07:25:30.894+0000] {logging_mixin.py:188} INFO - [2026-04-26T07:25:30.894+0000] {dag.py:3954} INFO - Setting next_dagrun for consume_1_or_2_with_dataset_expressions to None, run_after=None
[2026-04-26T07:25:30.895+0000] {logging_mixin.py:188} INFO - [2026-04-26T07:25:30.895+0000] {dag.py:3954} INFO - Setting next_dagrun for consume_1_or_both_2_and_3_with_dataset_expressions to None, run_after=None
[2026-04-26T07:25:30.896+0000] {logging_mixin.py:188} INFO - [2026-04-26T07:25:30.896+0000] {dag.py:3954} INFO - Setting next_dagrun for dataset_consumes_1 to None, run_after=None
[2026-04-26T07:25:30.897+0000] {logging_mixin.py:188} INFO - [2026-04-26T07:25:30.897+0000] {dag.py:3954} INFO - Setting next_dagrun for dataset_consumes_1_and_2 to None, run_after=None
[2026-04-26T07:25:30.898+0000] {logging_mixin.py:188} INFO - [2026-04-26T07:25:30.898+0000] {dag.py:3954} INFO - Setting next_dagrun for dataset_consumes_1_never_scheduled to None, run_after=None
[2026-04-26T07:25:30.899+0000] {logging_mixin.py:188} INFO - [2026-04-26T07:25:30.899+0000] {dag.py:3954} INFO - Setting next_dagrun for dataset_consumes_unknown_never_scheduled to None, run_after=None
[2026-04-26T07:25:30.902+0000] {logging_mixin.py:188} INFO - [2026-04-26T07:25:30.902+0000] {dag.py:3954} INFO - Setting next_dagrun for dataset_produces_1 to 2026-04-25 00:00:00+00:00, run_after=2026-04-26 00:00:00+00:00
[2026-04-26T07:25:30.903+0000] {logging_mixin.py:188} INFO - [2026-04-26T07:25:30.903+0000] {dag.py:3954} INFO - Setting next_dagrun for dataset_produces_2 to None, run_after=None
[2026-04-26T07:25:30.930+0000] {processor.py:183} INFO - Processing /usr/local/python/3.12.1/lib/python3.12/site-packages/airflow/example_dags/example_datasets.py took 0.130 seconds
[2026-04-26T07:25:33.917+0000] {processor.py:161} INFO - Started process (PID=29591) to work on /usr/local/python/3.12.1/lib/python3.12/site-packages/airflow/example_dags/example_datasets.py
[2026-04-26T07:25:33.918+0000] {processor.py:830} INFO - Processing file /usr/local/python/3.12.1/lib/python3.12/site-packages/airflow/example_dags/example_datasets.py for tasks to queue
[2026-04-26T07:25:33.919+0000] {logging_mixin.py:188} INFO - [2026-04-26T07:25:33.918+0000] {dagbag.py:540} INFO - Filling up the DagBag from /usr/local/python/3.12.1/lib/python3.12/site-packages/airflow/example_dags/example_datasets.py
[2026-04-26T07:25:33.932+0000] {processor.py:840} INFO - DAG(s) 'consume_1_or_2_with_dataset_expressions', 'dataset_consumes_1_and_2', 'dataset_produces_2', 'dataset_consumes_1_never_scheduled', 'dataset_produces_1', 'conditional_dataset_and_time_based_timetable', 'consume_1_and_2_with_dataset_expressions', 'consume_1_or_both_2_and_3_with_dataset_expressions', 'dataset_consumes_1', 'dataset_consumes_unknown_never_scheduled' retrieved from /usr/local/python/3.12.1/lib/python3.12/site-packages/airflow/example_dags/example_datasets.py
[2026-04-26T07:25:34.005+0000] {logging_mixin.py:188} INFO - [2026-04-26T07:25:34.005+0000] {dag.py:3096} INFO - Sync 10 DAGs
[2026-04-26T07:25:34.031+0000] {logging_mixin.py:188} INFO - [2026-04-26T07:25:34.030+0000] {dag.py:3954} INFO - Setting next_dagrun for conditional_dataset_and_time_based_timetable to 2026-04-22 01:00:00+00:00, run_after=2026-04-22 01:00:00+00:00
[2026-04-26T07:25:34.035+0000] {logging_mixin.py:188} INFO - [2026-04-26T07:25:34.034+0000] {dag.py:3954} INFO - Setting next_dagrun for consume_1_and_2_with_dataset_expressions to None, run_after=None
[2026-04-26T07:25:34.038+0000] {logging_mixin.py:188} INFO - [2026-04-26T07:25:34.038+0000] {dag.py:3954} INFO - Setting next_dagrun for consume_1_or_2_with_dataset_expressions to None, run_after=None
[2026-04-26T07:25:34.043+0000] {logging_mixin.py:188} INFO - [2026-04-26T07:25:34.043+0000] {dag.py:3954} INFO - Setting next_dagrun for consume_1_or_both_2_and_3_with_dataset_expressions to None, run_after=None
[2026-04-26T07:25:34.049+0000] {logging_mixin.py:188} INFO - [2026-04-26T07:25:34.048+0000] {dag.py:3954} INFO - Setting next_dagrun for dataset_consumes_1 to None, run_after=None
[2026-04-26T07:25:34.050+0000] {logging_mixin.py:188} INFO - [2026-04-26T07:25:34.050+0000] {dag.py:3954} INFO - Setting next_dagrun for dataset_consumes_1_and_2 to None, run_after=None
[2026-04-26T07:25:34.051+0000] {logging_mixin.py:188} INFO - [2026-04-26T07:25:34.051+0000] {dag.py:3954} INFO - Setting next_dagrun for dataset_consumes_1_never_scheduled to None, run_after=None
[2026-04-26T07:25:34.052+0000] {logging_mixin.py:188} INFO - [2026-04-26T07:25:34.052+0000] {dag.py:3954} INFO - Setting next_dagrun for dataset_consumes_unknown_never_scheduled to None, run_after=None
[2026-04-26T07:25:34.054+0000] {logging_mixin.py:188} INFO - [2026-04-26T07:25:34.054+0000] {dag.py:3954} INFO - Setting next_dagrun for dataset_produces_1 to 2026-04-25 00:00:00+00:00, run_after=2026-04-26 00:00:00+00:00
[2026-04-26T07:25:34.055+0000] {logging_mixin.py:188} INFO - [2026-04-26T07:25:34.055+0000] {dag.py:3954} INFO - Setting next_dagrun for dataset_produces_2 to None, run_after=None
[2026-04-26T07:25:34.078+0000] {processor.py:183} INFO - Processing /usr/local/python/3.12.1/lib/python3.12/site-packages/airflow/example_dags/example_datasets.py took 0.164 seconds
[2026-04-26T07:26:04.131+0000] {processor.py:161} INFO - Started process (PID=29863) to work on /usr/local/python/3.12.1/lib/python3.12/site-packages/airflow/example_dags/example_datasets.py
[2026-04-26T07:26:04.131+0000] {processor.py:830} INFO - Processing file /usr/local/python/3.12.1/lib/python3.12/site-packages/airflow/example_dags/example_datasets.py for tasks to queue
[2026-04-26T07:26:04.132+0000] {logging_mixin.py:188} INFO - [2026-04-26T07:26:04.132+0000] {dagbag.py:540} INFO - Filling up the DagBag from /usr/local/python/3.12.1/lib/python3.12/site-packages/airflow/example_dags/example_datasets.py
[2026-04-26T07:26:04.143+0000] {processor.py:840} INFO - DAG(s) 'dataset_consumes_1', 'consume_1_or_both_2_and_3_with_dataset_expressions', 'dataset_produces_1', 'dataset_consumes_1_and_2', 'conditional_dataset_and_time_based_timetable', 'consume_1_and_2_with_dataset_expressions', 'dataset_consumes_1_never_scheduled', 'dataset_produces_2', 'dataset_consumes_unknown_never_scheduled', 'consume_1_or_2_with_dataset_expressions' retrieved from /usr/local/python/3.12.1/lib/python3.12/site-packages/airflow/example_dags/example_datasets.py
[2026-04-26T07:26:04.171+0000] {logging_mixin.py:188} INFO - [2026-04-26T07:26:04.170+0000] {dag.py:3096} INFO - Sync 10 DAGs
[2026-04-26T07:26:04.193+0000] {logging_mixin.py:188} INFO - [2026-04-26T07:26:04.192+0000] {dag.py:3954} INFO - Setting next_dagrun for conditional_dataset_and_time_based_timetable to 2026-04-22 01:00:00+00:00, run_after=2026-04-22 01:00:00+00:00
[2026-04-26T07:26:04.197+0000] {logging_mixin.py:188} INFO - [2026-04-26T07:26:04.196+0000] {dag.py:3954} INFO - Setting next_dagrun for consume_1_and_2_with_dataset_expressions to None, run_after=None
[2026-04-26T07:26:04.198+0000] {logging_mixin.py:188} INFO - [2026-04-26T07:26:04.198+0000] {dag.py:3954} INFO - Setting next_dagrun for consume_1_or_2_with_dataset_expressions to None, run_after=None
[2026-04-26T07:26:04.199+0000] {logging_mixin.py:188} INFO - [2026-04-26T07:26:04.199+0000] {dag.py:3954} INFO - Setting next_dagrun for consume_1_or_both_2_and_3_with_dataset_expressions to None, run_after=None
[2026-04-26T07:26:04.200+0000] {logging_mixin.py:188} INFO - [2026-04-26T07:26:04.200+0000] {dag.py:3954} INFO - Setting next_dagrun for dataset_consumes_1 to None, run_after=None
[2026-04-26T07:26:04.201+0000] {logging_mixin.py:188} INFO - [2026-04-26T07:26:04.201+0000] {dag.py:3954} INFO - Setting next_dagrun for dataset_consumes_1_and_2 to None, run_after=None
[2026-04-26T07:26:04.202+0000] {logging_mixin.py:188} INFO - [2026-04-26T07:26:04.202+0000] {dag.py:3954} INFO - Setting next_dagrun for dataset_consumes_1_never_scheduled to None, run_after=None
[2026-04-26T07:26:04.204+0000] {logging_mixin.py:188} INFO - [2026-04-26T07:26:04.203+0000] {dag.py:3954} INFO - Setting next_dagrun for dataset_consumes_unknown_never_scheduled to None, run_after=None
[2026-04-26T07:26:04.206+0000] {logging_mixin.py:188} INFO - [2026-04-26T07:26:04.206+0000] {dag.py:3954} INFO - Setting next_dagrun for dataset_produces_1 to 2026-04-25 00:00:00+00:00, run_after=2026-04-26 00:00:00+00:00
[2026-04-26T07:26:04.207+0000] {logging_mixin.py:188} INFO - [2026-04-26T07:26:04.207+0000] {dag.py:3954} INFO - Setting next_dagrun for dataset_produces_2 to None, run_after=None
[2026-04-26T07:26:04.243+0000] {processor.py:183} INFO - Processing /usr/local/python/3.12.1/lib/python3.12/site-packages/airflow/example_dags/example_datasets.py took 0.116 seconds
[2026-04-26T07:26:33.173+0000] {processor.py:161} INFO - Started process (PID=30127) to work on /usr/local/python/3.12.1/lib/python3.12/site-packages/airflow/example_dags/example_datasets.py
[2026-04-26T07:26:33.174+0000] {processor.py:830} INFO - Processing file /usr/local/python/3.12.1/lib/python3.12/site-packages/airflow/example_dags/example_datasets.py for tasks to queue
[2026-04-26T07:26:33.175+0000] {logging_mixin.py:188} INFO - [2026-04-26T07:26:33.175+0000] {dagbag.py:540} INFO - Filling up the DagBag from /usr/local/python/3.12.1/lib/python3.12/site-packages/airflow/example_dags/example_datasets.py
[2026-04-26T07:26:33.190+0000] {processor.py:840} INFO - DAG(s) 'dataset_consumes_1_never_scheduled', 'dataset_consumes_1', 'conditional_dataset_and_time_based_timetable', 'consume_1_and_2_with_dataset_expressions', 'dataset_consumes_1_and_2', 'dataset_consumes_unknown_never_scheduled', 'dataset_produces_2', 'consume_1_or_2_with_dataset_expressions', 'consume_1_or_both_2_and_3_with_dataset_expressions', 'dataset_produces_1' retrieved from /usr/local/python/3.12.1/lib/python3.12/site-packages/airflow/example_dags/example_datasets.py
[2026-04-26T07:26:33.218+0000] {logging_mixin.py:188} INFO - [2026-04-26T07:26:33.217+0000] {dag.py:3096} INFO - Sync 10 DAGs
[2026-04-26T07:26:33.240+0000] {logging_mixin.py:188} INFO - [2026-04-26T07:26:33.240+0000] {dag.py:3954} INFO - Setting next_dagrun for conditional_dataset_and_time_based_timetable to 2026-04-22 01:00:00+00:00, run_after=2026-04-22 01:00:00+00:00
[2026-04-26T07:26:33.394+0000] {logging_mixin.py:188} INFO - [2026-04-26T07:26:33.394+0000] {dag.py:3954} INFO - Setting next_dagrun for consume_1_and_2_with_dataset_expressions to None, run_after=None
[2026-04-26T07:26:33.395+0000] {logging_mixin.py:188} INFO - [2026-04-26T07:26:33.395+0000] {dag.py:3954} INFO - Setting next_dagrun for consume_1_or_2_with_dataset_expressions to None, run_after=None
[2026-04-26T07:26:33.397+0000] {logging_mixin.py:188} INFO - [2026-04-26T07:26:33.396+0000] {dag.py:3954} INFO - Setting next_dagrun for consume_1_or_both_2_and_3_with_dataset_expressions to None, run_after=None
[2026-04-26T07:26:33.398+0000] {logging_mixin.py:188} INFO - [2026-04-26T07:26:33.397+0000] {dag.py:3954} INFO - Setting next_dagrun for dataset_consumes_1 to None, run_after=None
[2026-04-26T07:26:33.399+0000] {logging_mixin.py:188} INFO - [2026-04-26T07:26:33.398+0000] {dag.py:3954} INFO - Setting next_dagrun for dataset_consumes_1_and_2 to None, run_after=None
[2026-04-26T07:26:33.400+0000] {logging_mixin.py:188} INFO - [2026-04-26T07:26:33.400+0000] {dag.py:3954} INFO - Setting next_dagrun for dataset_consumes_1_never_scheduled to None, run_after=None
[2026-04-26T07:26:33.401+0000] {logging_mixin.py:188} INFO - [2026-04-26T07:26:33.401+0000] {dag.py:3954} INFO - Setting next_dagrun for dataset_consumes_unknown_never_scheduled to None, run_after=None
[2026-04-26T07:26:33.403+0000] {logging_mixin.py:188} INFO - [2026-04-26T07:26:33.403+0000] {dag.py:3954} INFO - Setting next_dagrun for dataset_produces_1 to 2026-04-25 00:00:00+00:00, run_after=2026-04-26 00:00:00+00:00
[2026-04-26T07:26:33.404+0000] {logging_mixin.py:188} INFO - [2026-04-26T07:26:33.404+0000] {dag.py:3954} INFO - Setting next_dagrun for dataset_produces_2 to None, run_after=None
[2026-04-26T07:26:33.425+0000] {processor.py:183} INFO - Processing /usr/local/python/3.12.1/lib/python3.12/site-packages/airflow/example_dags/example_datasets.py took 0.258 seconds
[2026-04-26T07:26:34.598+0000] {processor.py:161} INFO - Started process (PID=30136) to work on /usr/local/python/3.12.1/lib/python3.12/site-packages/airflow/example_dags/example_datasets.py
[2026-04-26T07:26:34.599+0000] {processor.py:830} INFO - Processing file /usr/local/python/3.12.1/lib/python3.12/site-packages/airflow/example_dags/example_datasets.py for tasks to queue
[2026-04-26T07:26:34.601+0000] {logging_mixin.py:188} INFO - [2026-04-26T07:26:34.600+0000] {dagbag.py:540} INFO - Filling up the DagBag from /usr/local/python/3.12.1/lib/python3.12/site-packages/airflow/example_dags/example_datasets.py
[2026-04-26T07:26:34.632+0000] {processor.py:840} INFO - DAG(s) 'conditional_dataset_and_time_based_timetable', 'dataset_consumes_1_never_scheduled', 'dataset_produces_2', 'dataset_consumes_1_and_2', 'dataset_produces_1', 'consume_1_or_2_with_dataset_expressions', 'dataset_consumes_unknown_never_scheduled', 'dataset_consumes_1', 'consume_1_or_both_2_and_3_with_dataset_expressions', 'consume_1_and_2_with_dataset_expressions' retrieved from /usr/local/python/3.12.1/lib/python3.12/site-packages/airflow/example_dags/example_datasets.py
[2026-04-26T07:26:34.665+0000] {logging_mixin.py:188} INFO - [2026-04-26T07:26:34.665+0000] {dag.py:3096} INFO - Sync 10 DAGs
[2026-04-26T07:26:34.682+0000] {logging_mixin.py:188} INFO - [2026-04-26T07:26:34.682+0000] {dag.py:3954} INFO - Setting next_dagrun for conditional_dataset_and_time_based_timetable to 2026-04-22 01:00:00+00:00, run_after=2026-04-22 01:00:00+00:00
[2026-04-26T07:26:34.685+0000] {logging_mixin.py:188} INFO - [2026-04-26T07:26:34.685+0000] {dag.py:3954} INFO - Setting next_dagrun for consume_1_and_2_with_dataset_expressions to None, run_after=None
[2026-04-26T07:26:34.686+0000] {logging_mixin.py:188} INFO - [2026-04-26T07:26:34.685+0000] {dag.py:3954} INFO - Setting next_dagrun for consume_1_or_2_with_dataset_expressions to None, run_after=None
[2026-04-26T07:26:34.686+0000] {logging_mixin.py:188} INFO - [2026-04-26T07:26:34.686+0000] {dag.py:3954} INFO - Setting next_dagrun for consume_1_or_both_2_and_3_with_dataset_expressions to None, run_after=None
[2026-04-26T07:26:34.687+0000] {logging_mixin.py:188} INFO - [2026-04-26T07:26:34.687+0000] {dag.py:3954} INFO - Setting next_dagrun for dataset_consumes_1 to None, run_after=None
[2026-04-26T07:26:34.688+0000] {logging_mixin.py:188} INFO - [2026-04-26T07:26:34.688+0000] {dag.py:3954} INFO - Setting next_dagrun for dataset_consumes_1_and_2 to None, run_after=None
[2026-04-26T07:26:34.688+0000] {logging_mixin.py:188} INFO - [2026-04-26T07:26:34.688+0000] {dag.py:3954} INFO - Setting next_dagrun for dataset_consumes_1_never_scheduled to None, run_after=None
[2026-04-26T07:26:34.689+0000] {logging_mixin.py:188} INFO - [2026-04-26T07:26:34.689+0000] {dag.py:3954} INFO - Setting next_dagrun for dataset_consumes_unknown_never_scheduled to None, run_after=None
[2026-04-26T07:26:34.691+0000] {logging_mixin.py:188} INFO - [2026-04-26T07:26:34.691+0000] {dag.py:3954} INFO - Setting next_dagrun for dataset_produces_1 to 2026-04-25 00:00:00+00:00, run_after=2026-04-26 00:00:00+00:00
[2026-04-26T07:26:34.692+0000] {logging_mixin.py:188} INFO - [2026-04-26T07:26:34.691+0000] {dag.py:3954} INFO - Setting next_dagrun for dataset_produces_2 to None, run_after=None
[2026-04-26T07:26:34.720+0000] {processor.py:183} INFO - Processing /usr/local/python/3.12.1/lib/python3.12/site-packages/airflow/example_dags/example_datasets.py took 0.132 seconds
[2026-04-26T07:27:05.708+0000] {processor.py:161} INFO - Started process (PID=30406) to work on /usr/local/python/3.12.1/lib/python3.12/site-packages/airflow/example_dags/example_datasets.py
[2026-04-26T07:27:05.708+0000] {processor.py:830} INFO - Processing file /usr/local/python/3.12.1/lib/python3.12/site-packages/airflow/example_dags/example_datasets.py for tasks to queue
[2026-04-26T07:27:05.709+0000] {logging_mixin.py:188} INFO - [2026-04-26T07:27:05.709+0000] {dagbag.py:540} INFO - Filling up the DagBag from /usr/local/python/3.12.1/lib/python3.12/site-packages/airflow/example_dags/example_datasets.py
[2026-04-26T07:27:05.720+0000] {processor.py:840} INFO - DAG(s) 'consume_1_and_2_with_dataset_expressions', 'dataset_consumes_1', 'dataset_produces_2', 'dataset_produces_1', 'dataset_consumes_1_never_scheduled', 'consume_1_or_2_with_dataset_expressions', 'consume_1_or_both_2_and_3_with_dataset_expressions', 'conditional_dataset_and_time_based_timetable', 'dataset_consumes_1_and_2', 'dataset_consumes_unknown_never_scheduled' retrieved from /usr/local/python/3.12.1/lib/python3.12/site-packages/airflow/example_dags/example_datasets.py
[2026-04-26T07:27:05.748+0000] {logging_mixin.py:188} INFO - [2026-04-26T07:27:05.748+0000] {dag.py:3096} INFO - Sync 10 DAGs
[2026-04-26T07:27:05.766+0000] {logging_mixin.py:188} INFO - [2026-04-26T07:27:05.765+0000] {dag.py:3954} INFO - Setting next_dagrun for conditional_dataset_and_time_based_timetable to 2026-04-22 01:00:00+00:00, run_after=2026-04-22 01:00:00+00:00
[2026-04-26T07:27:05.768+0000] {logging_mixin.py:188} INFO - [2026-04-26T07:27:05.768+0000] {dag.py:3954} INFO - Setting next_dagrun for consume_1_and_2_with_dataset_expressions to None, run_after=None
[2026-04-26T07:27:05.769+0000] {logging_mixin.py:188} INFO - [2026-04-26T07:27:05.769+0000] {dag.py:3954} INFO - Setting next_dagrun for consume_1_or_2_with_dataset_expressions to None, run_after=None
[2026-04-26T07:27:05.770+0000] {logging_mixin.py:188} INFO - [2026-04-26T07:27:05.770+0000] {dag.py:3954} INFO - Setting next_dagrun for consume_1_or_both_2_and_3_with_dataset_expressions to None, run_after=None
[2026-04-26T07:27:05.771+0000] {logging_mixin.py:188} INFO - [2026-04-26T07:27:05.771+0000] {dag.py:3954} INFO - Setting next_dagrun for dataset_consumes_1 to None, run_after=None
[2026-04-26T07:27:05.771+0000] {logging_mixin.py:188} INFO - [2026-04-26T07:27:05.771+0000] {dag.py:3954} INFO - Setting next_dagrun for dataset_consumes_1_and_2 to None, run_after=None
[2026-04-26T07:27:05.772+0000] {logging_mixin.py:188} INFO - [2026-04-26T07:27:05.772+0000] {dag.py:3954} INFO - Setting next_dagrun for dataset_consumes_1_never_scheduled to None, run_after=None
[2026-04-26T07:27:05.773+0000] {logging_mixin.py:188} INFO - [2026-04-26T07:27:05.773+0000] {dag.py:3954} INFO - Setting next_dagrun for dataset_consumes_unknown_never_scheduled to None, run_after=None
[2026-04-26T07:27:05.775+0000] {logging_mixin.py:188} INFO - [2026-04-26T07:27:05.774+0000] {dag.py:3954} INFO - Setting next_dagrun for dataset_produces_1 to 2026-04-25 00:00:00+00:00, run_after=2026-04-26 00:00:00+00:00
[2026-04-26T07:27:05.775+0000] {logging_mixin.py:188} INFO - [2026-04-26T07:27:05.775+0000] {dag.py:3954} INFO - Setting next_dagrun for dataset_produces_2 to None, run_after=None
[2026-04-26T07:27:05.798+0000] {processor.py:183} INFO - Processing /usr/local/python/3.12.1/lib/python3.12/site-packages/airflow/example_dags/example_datasets.py took 0.095 seconds
[2026-04-26T07:27:34.674+0000] {processor.py:161} INFO - Started process (PID=30673) to work on /usr/local/python/3.12.1/lib/python3.12/site-packages/airflow/example_dags/example_datasets.py
[2026-04-26T07:27:34.675+0000] {processor.py:830} INFO - Processing file /usr/local/python/3.12.1/lib/python3.12/site-packages/airflow/example_dags/example_datasets.py for tasks to queue
[2026-04-26T07:27:34.675+0000] {logging_mixin.py:188} INFO - [2026-04-26T07:27:34.675+0000] {dagbag.py:540} INFO - Filling up the DagBag from /usr/local/python/3.12.1/lib/python3.12/site-packages/airflow/example_dags/example_datasets.py
[2026-04-26T07:27:34.686+0000] {processor.py:840} INFO - DAG(s) 'dataset_produces_1', 'dataset_consumes_unknown_never_scheduled', 'dataset_consumes_1', 'conditional_dataset_and_time_based_timetable', 'dataset_produces_2', 'dataset_consumes_1_and_2', 'consume_1_and_2_with_dataset_expressions', 'consume_1_or_2_with_dataset_expressions', 'dataset_consumes_1_never_scheduled', 'consume_1_or_both_2_and_3_with_dataset_expressions' retrieved from /usr/local/python/3.12.1/lib/python3.12/site-packages/airflow/example_dags/example_datasets.py
[2026-04-26T07:27:34.733+0000] {logging_mixin.py:188} INFO - [2026-04-26T07:27:34.733+0000] {dag.py:3096} INFO - Sync 10 DAGs
[2026-04-26T07:27:34.762+0000] {logging_mixin.py:188} INFO - [2026-04-26T07:27:34.762+0000] {dag.py:3954} INFO - Setting next_dagrun for conditional_dataset_and_time_based_timetable to 2026-04-22 01:00:00+00:00, run_after=2026-04-22 01:00:00+00:00
[2026-04-26T07:27:34.931+0000] {logging_mixin.py:188} INFO - [2026-04-26T07:27:34.931+0000] {dag.py:3954} INFO - Setting next_dagrun for consume_1_and_2_with_dataset_expressions to None, run_after=None
[2026-04-26T07:27:34.932+0000] {logging_mixin.py:188} INFO - [2026-04-26T07:27:34.932+0000] {dag.py:3954} INFO - Setting next_dagrun for consume_1_or_2_with_dataset_expressions to None, run_after=None
[2026-04-26T07:27:34.933+0000] {logging_mixin.py:188} INFO - [2026-04-26T07:27:34.933+0000] {dag.py:3954} INFO - Setting next_dagrun for consume_1_or_both_2_and_3_with_dataset_expressions to None, run_after=None
[2026-04-26T07:27:34.934+0000] {logging_mixin.py:188} INFO - [2026-04-26T07:27:34.934+0000] {dag.py:3954} INFO - Setting next_dagrun for dataset_consumes_1 to None, run_after=None
[2026-04-26T07:27:34.935+0000] {logging_mixin.py:188} INFO - [2026-04-26T07:27:34.935+0000] {dag.py:3954} INFO - Setting next_dagrun for dataset_consumes_1_and_2 to None, run_after=None
[2026-04-26T07:27:34.936+0000] {logging_mixin.py:188} INFO - [2026-04-26T07:27:34.936+0000] {dag.py:3954} INFO - Setting next_dagrun for dataset_consumes_1_never_scheduled to None, run_after=None
[2026-04-26T07:27:34.937+0000] {logging_mixin.py:188} INFO - [2026-04-26T07:27:34.937+0000] {dag.py:3954} INFO - Setting next_dagrun for dataset_consumes_unknown_never_scheduled to None, run_after=None
[2026-04-26T07:27:34.940+0000] {logging_mixin.py:188} INFO - [2026-04-26T07:27:34.940+0000] {dag.py:3954} INFO - Setting next_dagrun for dataset_produces_1 to 2026-04-25 00:00:00+00:00, run_after=2026-04-26 00:00:00+00:00
[2026-04-26T07:27:34.941+0000] {logging_mixin.py:188} INFO - [2026-04-26T07:27:34.941+0000] {dag.py:3954} INFO - Setting next_dagrun for dataset_produces_2 to None, run_after=None
[2026-04-26T07:27:34.966+0000] {processor.py:183} INFO - Processing /usr/local/python/3.12.1/lib/python3.12/site-packages/airflow/example_dags/example_datasets.py took 0.296 seconds
[2026-04-26T07:27:36.172+0000] {processor.py:161} INFO - Started process (PID=30684) to work on /usr/local/python/3.12.1/lib/python3.12/site-packages/airflow/example_dags/example_datasets.py
[2026-04-26T07:27:36.173+0000] {processor.py:830} INFO - Processing file /usr/local/python/3.12.1/lib/python3.12/site-packages/airflow/example_dags/example_datasets.py for tasks to queue
[2026-04-26T07:27:36.174+0000] {logging_mixin.py:188} INFO - [2026-04-26T07:27:36.173+0000] {dagbag.py:540} INFO - Filling up the DagBag from /usr/local/python/3.12.1/lib/python3.12/site-packages/airflow/example_dags/example_datasets.py
[2026-04-26T07:27:36.184+0000] {processor.py:840} INFO - DAG(s) 'consume_1_or_2_with_dataset_expressions', 'dataset_consumes_1_and_2', 'dataset_consumes_1_never_scheduled', 'dataset_consumes_unknown_never_scheduled', 'dataset_produces_1', 'dataset_consumes_1', 'consume_1_and_2_with_dataset_expressions', 'conditional_dataset_and_time_based_timetable', 'consume_1_or_both_2_and_3_with_dataset_expressions', 'dataset_produces_2' retrieved from /usr/local/python/3.12.1/lib/python3.12/site-packages/airflow/example_dags/example_datasets.py
[2026-04-26T07:27:36.212+0000] {logging_mixin.py:188} INFO - [2026-04-26T07:27:36.211+0000] {dag.py:3096} INFO - Sync 10 DAGs
[2026-04-26T07:27:36.235+0000] {logging_mixin.py:188} INFO - [2026-04-26T07:27:36.235+0000] {dag.py:3954} INFO - Setting next_dagrun for conditional_dataset_and_time_based_timetable to 2026-04-22 01:00:00+00:00, run_after=2026-04-22 01:00:00+00:00
[2026-04-26T07:27:36.239+0000] {logging_mixin.py:188} INFO - [2026-04-26T07:27:36.239+0000] {dag.py:3954} INFO - Setting next_dagrun for consume_1_and_2_with_dataset_expressions to None, run_after=None
[2026-04-26T07:27:36.240+0000] {logging_mixin.py:188} INFO - [2026-04-26T07:27:36.240+0000] {dag.py:3954} INFO - Setting next_dagrun for consume_1_or_2_with_dataset_expressions to None, run_after=None
[2026-04-26T07:27:36.241+0000] {logging_mixin.py:188} INFO - [2026-04-26T07:27:36.241+0000] {dag.py:3954} INFO - Setting next_dagrun for consume_1_or_both_2_and_3_with_dataset_expressions to None, run_after=None
[2026-04-26T07:27:36.242+0000] {logging_mixin.py:188} INFO - [2026-04-26T07:27:36.242+0000] {dag.py:3954} INFO - Setting next_dagrun for dataset_consumes_1 to None, run_after=None
[2026-04-26T07:27:36.243+0000] {logging_mixin.py:188} INFO - [2026-04-26T07:27:36.243+0000] {dag.py:3954} INFO - Setting next_dagrun for dataset_consumes_1_and_2 to None, run_after=None
[2026-04-26T07:27:36.244+0000] {logging_mixin.py:188} INFO - [2026-04-26T07:27:36.244+0000] {dag.py:3954} INFO - Setting next_dagrun for dataset_consumes_1_never_scheduled to None, run_after=None
[2026-04-26T07:27:36.245+0000] {logging_mixin.py:188} INFO - [2026-04-26T07:27:36.245+0000] {dag.py:3954} INFO - Setting next_dagrun for dataset_consumes_unknown_never_scheduled to None, run_after=None
[2026-04-26T07:27:36.248+0000] {logging_mixin.py:188} INFO - [2026-04-26T07:27:36.247+0000] {dag.py:3954} INFO - Setting next_dagrun for dataset_produces_1 to 2026-04-25 00:00:00+00:00, run_after=2026-04-26 00:00:00+00:00
[2026-04-26T07:27:36.249+0000] {logging_mixin.py:188} INFO - [2026-04-26T07:27:36.248+0000] {dag.py:3954} INFO - Setting next_dagrun for dataset_produces_2 to None, run_after=None
[2026-04-26T07:27:36.443+0000] {processor.py:183} INFO - Processing /usr/local/python/3.12.1/lib/python3.12/site-packages/airflow/example_dags/example_datasets.py took 0.275 seconds
[2026-04-26T07:28:04.520+0000] {processor.py:161} INFO - Started process (PID=30943) to work on /usr/local/python/3.12.1/lib/python3.12/site-packages/airflow/example_dags/example_datasets.py
[2026-04-26T07:28:04.521+0000] {processor.py:830} INFO - Processing file /usr/local/python/3.12.1/lib/python3.12/site-packages/airflow/example_dags/example_datasets.py for tasks to queue
[2026-04-26T07:28:04.521+0000] {logging_mixin.py:188} INFO - [2026-04-26T07:28:04.521+0000] {dagbag.py:540} INFO - Filling up the DagBag from /usr/local/python/3.12.1/lib/python3.12/site-packages/airflow/example_dags/example_datasets.py
[2026-04-26T07:28:04.533+0000] {processor.py:840} INFO - DAG(s) 'dataset_consumes_1_and_2', 'dataset_consumes_unknown_never_scheduled', 'dataset_produces_1', 'conditional_dataset_and_time_based_timetable', 'consume_1_or_both_2_and_3_with_dataset_expressions', 'consume_1_and_2_with_dataset_expressions', 'dataset_consumes_1', 'consume_1_or_2_with_dataset_expressions', 'dataset_consumes_1_never_scheduled', 'dataset_produces_2' retrieved from /usr/local/python/3.12.1/lib/python3.12/site-packages/airflow/example_dags/example_datasets.py
[2026-04-26T07:28:04.562+0000] {logging_mixin.py:188} INFO - [2026-04-26T07:28:04.562+0000] {dag.py:3096} INFO - Sync 10 DAGs
[2026-04-26T07:28:04.581+0000] {logging_mixin.py:188} INFO - [2026-04-26T07:28:04.581+0000] {dag.py:3954} INFO - Setting next_dagrun for conditional_dataset_and_time_based_timetable to 2026-04-22 01:00:00+00:00, run_after=2026-04-22 01:00:00+00:00
[2026-04-26T07:28:04.583+0000] {logging_mixin.py:188} INFO - [2026-04-26T07:28:04.583+0000] {dag.py:3954} INFO - Setting next_dagrun for consume_1_and_2_with_dataset_expressions to None, run_after=None
[2026-04-26T07:28:04.584+0000] {logging_mixin.py:188} INFO - [2026-04-26T07:28:04.584+0000] {dag.py:3954} INFO - Setting next_dagrun for consume_1_or_2_with_dataset_expressions to None, run_after=None
[2026-04-26T07:28:04.585+0000] {logging_mixin.py:188} INFO - [2026-04-26T07:28:04.585+0000] {dag.py:3954} INFO - Setting next_dagrun for consume_1_or_both_2_and_3_with_dataset_expressions to None, run_after=None
[2026-04-26T07:28:04.586+0000] {logging_mixin.py:188} INFO - [2026-04-26T07:28:04.586+0000] {dag.py:3954} INFO - Setting next_dagrun for dataset_consumes_1 to None, run_after=None
[2026-04-26T07:28:04.587+0000] {logging_mixin.py:188} INFO - [2026-04-26T07:28:04.586+0000] {dag.py:3954} INFO - Setting next_dagrun for dataset_consumes_1_and_2 to None, run_after=None
[2026-04-26T07:28:04.587+0000] {logging_mixin.py:188} INFO - [2026-04-26T07:28:04.587+0000] {dag.py:3954} INFO - Setting next_dagrun for dataset_consumes_1_never_scheduled to None, run_after=None
[2026-04-26T07:28:04.588+0000] {logging_mixin.py:188} INFO - [2026-04-26T07:28:04.588+0000] {dag.py:3954} INFO - Setting next_dagrun for dataset_consumes_unknown_never_scheduled to None, run_after=None
[2026-04-26T07:28:04.590+0000] {logging_mixin.py:188} INFO - [2026-04-26T07:28:04.590+0000] {dag.py:3954} INFO - Setting next_dagrun for dataset_produces_1 to 2026-04-25 00:00:00+00:00, run_after=2026-04-26 00:00:00+00:00
[2026-04-26T07:28:04.591+0000] {logging_mixin.py:188} INFO - [2026-04-26T07:28:04.591+0000] {dag.py:3954} INFO - Setting next_dagrun for dataset_produces_2 to None, run_after=None
[2026-04-26T07:28:04.618+0000] {processor.py:183} INFO - Processing /usr/local/python/3.12.1/lib/python3.12/site-packages/airflow/example_dags/example_datasets.py took 0.102 seconds
[2026-04-26T07:28:34.056+0000] {processor.py:161} INFO - Started process (PID=31196) to work on /usr/local/python/3.12.1/lib/python3.12/site-packages/airflow/example_dags/example_datasets.py
[2026-04-26T07:28:34.057+0000] {processor.py:830} INFO - Processing file /usr/local/python/3.12.1/lib/python3.12/site-packages/airflow/example_dags/example_datasets.py for tasks to queue
[2026-04-26T07:28:34.058+0000] {logging_mixin.py:188} INFO - [2026-04-26T07:28:34.058+0000] {dagbag.py:540} INFO - Filling up the DagBag from /usr/local/python/3.12.1/lib/python3.12/site-packages/airflow/example_dags/example_datasets.py
[2026-04-26T07:28:34.069+0000] {processor.py:840} INFO - DAG(s) 'dataset_consumes_1', 'dataset_produces_1', 'consume_1_and_2_with_dataset_expressions', 'consume_1_or_both_2_and_3_with_dataset_expressions', 'dataset_consumes_1_never_scheduled', 'dataset_consumes_1_and_2', 'conditional_dataset_and_time_based_timetable', 'consume_1_or_2_with_dataset_expressions', 'dataset_produces_2', 'dataset_consumes_unknown_never_scheduled' retrieved from /usr/local/python/3.12.1/lib/python3.12/site-packages/airflow/example_dags/example_datasets.py
[2026-04-26T07:28:34.098+0000] {logging_mixin.py:188} INFO - [2026-04-26T07:28:34.098+0000] {dag.py:3096} INFO - Sync 10 DAGs
[2026-04-26T07:28:34.116+0000] {logging_mixin.py:188} INFO - [2026-04-26T07:28:34.115+0000] {dag.py:3954} INFO - Setting next_dagrun for conditional_dataset_and_time_based_timetable to 2026-04-22 01:00:00+00:00, run_after=2026-04-22 01:00:00+00:00
[2026-04-26T07:28:34.119+0000] {logging_mixin.py:188} INFO - [2026-04-26T07:28:34.118+0000] {dag.py:3954} INFO - Setting next_dagrun for consume_1_and_2_with_dataset_expressions to None, run_after=None
[2026-04-26T07:28:34.119+0000] {logging_mixin.py:188} INFO - [2026-04-26T07:28:34.119+0000] {dag.py:3954} INFO - Setting next_dagrun for consume_1_or_2_with_dataset_expressions to None, run_after=None
[2026-04-26T07:28:34.120+0000] {logging_mixin.py:188} INFO - [2026-04-26T07:28:34.120+0000] {dag.py:3954} INFO - Setting next_dagrun for consume_1_or_both_2_and_3_with_dataset_expressions to None, run_after=None
[2026-04-26T07:28:34.121+0000] {logging_mixin.py:188} INFO - [2026-04-26T07:28:34.121+0000] {dag.py:3954} INFO - Setting next_dagrun for dataset_consumes_1 to None, run_after=None
[2026-04-26T07:28:34.122+0000] {logging_mixin.py:188} INFO - [2026-04-26T07:28:34.121+0000] {dag.py:3954} INFO - Setting next_dagrun for dataset_consumes_1_and_2 to None, run_after=None
[2026-04-26T07:28:34.122+0000] {logging_mixin.py:188} INFO - [2026-04-26T07:28:34.122+0000] {dag.py:3954} INFO - Setting next_dagrun for dataset_consumes_1_never_scheduled to None, run_after=None
[2026-04-26T07:28:34.123+0000] {logging_mixin.py:188} INFO - [2026-04-26T07:28:34.123+0000] {dag.py:3954} INFO - Setting next_dagrun for dataset_consumes_unknown_never_scheduled to None, run_after=None
[2026-04-26T07:28:34.125+0000] {logging_mixin.py:188} INFO - [2026-04-26T07:28:34.125+0000] {dag.py:3954} INFO - Setting next_dagrun for dataset_produces_1 to 2026-04-25 00:00:00+00:00, run_after=2026-04-26 00:00:00+00:00
[2026-04-26T07:28:34.125+0000] {logging_mixin.py:188} INFO - [2026-04-26T07:28:34.125+0000] {dag.py:3954} INFO - Setting next_dagrun for dataset_produces_2 to None, run_after=None
[2026-04-26T07:28:34.312+0000] {processor.py:183} INFO - Processing /usr/local/python/3.12.1/lib/python3.12/site-packages/airflow/example_dags/example_datasets.py took 0.260 seconds
[2026-04-26T07:28:40.703+0000] {processor.py:161} INFO - Started process (PID=31257) to work on /usr/local/python/3.12.1/lib/python3.12/site-packages/airflow/example_dags/example_datasets.py
[2026-04-26T07:28:40.705+0000] {processor.py:830} INFO - Processing file /usr/local/python/3.12.1/lib/python3.12/site-packages/airflow/example_dags/example_datasets.py for tasks to queue
[2026-04-26T07:28:40.706+0000] {logging_mixin.py:188} INFO - [2026-04-26T07:28:40.705+0000] {dagbag.py:540} INFO - Filling up the DagBag from /usr/local/python/3.12.1/lib/python3.12/site-packages/airflow/example_dags/example_datasets.py
[2026-04-26T07:28:40.752+0000] {processor.py:840} INFO - DAG(s) 'dataset_consumes_unknown_never_scheduled', 'dataset_produces_2', 'dataset_produces_1', 'dataset_consumes_1', 'consume_1_or_both_2_and_3_with_dataset_expressions', 'dataset_consumes_1_never_scheduled', 'consume_1_or_2_with_dataset_expressions', 'dataset_consumes_1_and_2', 'consume_1_and_2_with_dataset_expressions', 'conditional_dataset_and_time_based_timetable' retrieved from /usr/local/python/3.12.1/lib/python3.12/site-packages/airflow/example_dags/example_datasets.py
[2026-04-26T07:28:40.799+0000] {logging_mixin.py:188} INFO - [2026-04-26T07:28:40.798+0000] {dag.py:3096} INFO - Sync 10 DAGs
[2026-04-26T07:28:40.825+0000] {logging_mixin.py:188} INFO - [2026-04-26T07:28:40.824+0000] {dag.py:3954} INFO - Setting next_dagrun for conditional_dataset_and_time_based_timetable to 2026-04-22 01:00:00+00:00, run_after=2026-04-22 01:00:00+00:00
[2026-04-26T07:28:40.828+0000] {logging_mixin.py:188} INFO - [2026-04-26T07:28:40.828+0000] {dag.py:3954} INFO - Setting next_dagrun for consume_1_and_2_with_dataset_expressions to None, run_after=None
[2026-04-26T07:28:40.829+0000] {logging_mixin.py:188} INFO - [2026-04-26T07:28:40.829+0000] {dag.py:3954} INFO - Setting next_dagrun for consume_1_or_2_with_dataset_expressions to None, run_after=None
[2026-04-26T07:28:40.829+0000] {logging_mixin.py:188} INFO - [2026-04-26T07:28:40.829+0000] {dag.py:3954} INFO - Setting next_dagrun for consume_1_or_both_2_and_3_with_dataset_expressions to None, run_after=None
[2026-04-26T07:28:40.830+0000] {logging_mixin.py:188} INFO - [2026-04-26T07:28:40.830+0000] {dag.py:3954} INFO - Setting next_dagrun for dataset_consumes_1 to None, run_after=None
[2026-04-26T07:28:40.831+0000] {logging_mixin.py:188} INFO - [2026-04-26T07:28:40.831+0000] {dag.py:3954} INFO - Setting next_dagrun for dataset_consumes_1_and_2 to None, run_after=None
[2026-04-26T07:28:40.832+0000] {logging_mixin.py:188} INFO - [2026-04-26T07:28:40.832+0000] {dag.py:3954} INFO - Setting next_dagrun for dataset_consumes_1_never_scheduled to None, run_after=None
[2026-04-26T07:28:40.832+0000] {logging_mixin.py:188} INFO - [2026-04-26T07:28:40.832+0000] {dag.py:3954} INFO - Setting next_dagrun for dataset_consumes_unknown_never_scheduled to None, run_after=None
[2026-04-26T07:28:40.834+0000] {logging_mixin.py:188} INFO - [2026-04-26T07:28:40.834+0000] {dag.py:3954} INFO - Setting next_dagrun for dataset_produces_1 to 2026-04-25 00:00:00+00:00, run_after=2026-04-26 00:00:00+00:00
[2026-04-26T07:28:40.835+0000] {logging_mixin.py:188} INFO - [2026-04-26T07:28:40.835+0000] {dag.py:3954} INFO - Setting next_dagrun for dataset_produces_2 to None, run_after=None
[2026-04-26T07:28:40.866+0000] {processor.py:183} INFO - Processing /usr/local/python/3.12.1/lib/python3.12/site-packages/airflow/example_dags/example_datasets.py took 0.168 seconds
[2026-04-26T07:29:03.051+0000] {processor.py:161} INFO - Started process (PID=31516) to work on /usr/local/python/3.12.1/lib/python3.12/site-packages/airflow/example_dags/example_datasets.py
[2026-04-26T07:29:03.052+0000] {processor.py:830} INFO - Processing file /usr/local/python/3.12.1/lib/python3.12/site-packages/airflow/example_dags/example_datasets.py for tasks to queue
[2026-04-26T07:29:03.052+0000] {logging_mixin.py:188} INFO - [2026-04-26T07:29:03.052+0000] {dagbag.py:540} INFO - Filling up the DagBag from /usr/local/python/3.12.1/lib/python3.12/site-packages/airflow/example_dags/example_datasets.py
[2026-04-26T07:29:03.064+0000] {processor.py:840} INFO - DAG(s) 'dataset_consumes_1', 'consume_1_and_2_with_dataset_expressions', 'dataset_consumes_1_never_scheduled', 'consume_1_or_both_2_and_3_with_dataset_expressions', 'consume_1_or_2_with_dataset_expressions', 'dataset_produces_1', 'conditional_dataset_and_time_based_timetable', 'dataset_consumes_unknown_never_scheduled', 'dataset_produces_2', 'dataset_consumes_1_and_2' retrieved from /usr/local/python/3.12.1/lib/python3.12/site-packages/airflow/example_dags/example_datasets.py
[2026-04-26T07:29:03.092+0000] {logging_mixin.py:188} INFO - [2026-04-26T07:29:03.092+0000] {dag.py:3096} INFO - Sync 10 DAGs
[2026-04-26T07:29:03.111+0000] {logging_mixin.py:188} INFO - [2026-04-26T07:29:03.111+0000] {dag.py:3954} INFO - Setting next_dagrun for conditional_dataset_and_time_based_timetable to 2026-04-22 01:00:00+00:00, run_after=2026-04-22 01:00:00+00:00
[2026-04-26T07:29:03.114+0000] {logging_mixin.py:188} INFO - [2026-04-26T07:29:03.114+0000] {dag.py:3954} INFO - Setting next_dagrun for consume_1_and_2_with_dataset_expressions to None, run_after=None
[2026-04-26T07:29:03.115+0000] {logging_mixin.py:188} INFO - [2026-04-26T07:29:03.115+0000] {dag.py:3954} INFO - Setting next_dagrun for consume_1_or_2_with_dataset_expressions to None, run_after=None
[2026-04-26T07:29:03.116+0000] {logging_mixin.py:188} INFO - [2026-04-26T07:29:03.116+0000] {dag.py:3954} INFO - Setting next_dagrun for consume_1_or_both_2_and_3_with_dataset_expressions to None, run_after=None
[2026-04-26T07:29:03.117+0000] {logging_mixin.py:188} INFO - [2026-04-26T07:29:03.117+0000] {dag.py:3954} INFO - Setting next_dagrun for dataset_consumes_1 to None, run_after=None
[2026-04-26T07:29:03.117+0000] {logging_mixin.py:188} INFO - [2026-04-26T07:29:03.117+0000] {dag.py:3954} INFO - Setting next_dagrun for dataset_consumes_1_and_2 to None, run_after=None
[2026-04-26T07:29:03.118+0000] {logging_mixin.py:188} INFO - [2026-04-26T07:29:03.118+0000] {dag.py:3954} INFO - Setting next_dagrun for dataset_consumes_1_never_scheduled to None, run_after=None
[2026-04-26T07:29:03.119+0000] {logging_mixin.py:188} INFO - [2026-04-26T07:29:03.119+0000] {dag.py:3954} INFO - Setting next_dagrun for dataset_consumes_unknown_never_scheduled to None, run_after=None
[2026-04-26T07:29:03.121+0000] {logging_mixin.py:188} INFO - [2026-04-26T07:29:03.120+0000] {dag.py:3954} INFO - Setting next_dagrun for dataset_produces_1 to 2026-04-25 00:00:00+00:00, run_after=2026-04-26 00:00:00+00:00
[2026-04-26T07:29:03.121+0000] {logging_mixin.py:188} INFO - [2026-04-26T07:29:03.121+0000] {dag.py:3954} INFO - Setting next_dagrun for dataset_produces_2 to None, run_after=None
[2026-04-26T07:29:03.145+0000] {processor.py:183} INFO - Processing /usr/local/python/3.12.1/lib/python3.12/site-packages/airflow/example_dags/example_datasets.py took 0.099 seconds
[2026-04-26T07:29:39.833+0000] {processor.py:161} INFO - Started process (PID=31911) to work on /usr/local/python/3.12.1/lib/python3.12/site-packages/airflow/example_dags/example_datasets.py
[2026-04-26T07:29:39.834+0000] {processor.py:830} INFO - Processing file /usr/local/python/3.12.1/lib/python3.12/site-packages/airflow/example_dags/example_datasets.py for tasks to queue
[2026-04-26T07:29:39.834+0000] {logging_mixin.py:188} INFO - [2026-04-26T07:29:39.834+0000] {dagbag.py:540} INFO - Filling up the DagBag from /usr/local/python/3.12.1/lib/python3.12/site-packages/airflow/example_dags/example_datasets.py
[2026-04-26T07:29:39.846+0000] {processor.py:840} INFO - DAG(s) 'dataset_produces_2', 'consume_1_or_2_with_dataset_expressions', 'dataset_consumes_unknown_never_scheduled', 'conditional_dataset_and_time_based_timetable', 'dataset_consumes_1_never_scheduled', 'dataset_consumes_1', 'dataset_consumes_1_and_2', 'dataset_produces_1', 'consume_1_and_2_with_dataset_expressions', 'consume_1_or_both_2_and_3_with_dataset_expressions' retrieved from /usr/local/python/3.12.1/lib/python3.12/site-packages/airflow/example_dags/example_datasets.py
[2026-04-26T07:29:39.874+0000] {logging_mixin.py:188} INFO - [2026-04-26T07:29:39.874+0000] {dag.py:3096} INFO - Sync 10 DAGs
[2026-04-26T07:29:39.892+0000] {logging_mixin.py:188} INFO - [2026-04-26T07:29:39.892+0000] {dag.py:3954} INFO - Setting next_dagrun for conditional_dataset_and_time_based_timetable to 2026-04-22 01:00:00+00:00, run_after=2026-04-22 01:00:00+00:00
[2026-04-26T07:29:39.895+0000] {logging_mixin.py:188} INFO - [2026-04-26T07:29:39.894+0000] {dag.py:3954} INFO - Setting next_dagrun for consume_1_and_2_with_dataset_expressions to None, run_after=None
[2026-04-26T07:29:39.895+0000] {logging_mixin.py:188} INFO - [2026-04-26T07:29:39.895+0000] {dag.py:3954} INFO - Setting next_dagrun for consume_1_or_2_with_dataset_expressions to None, run_after=None
[2026-04-26T07:29:39.896+0000] {logging_mixin.py:188} INFO - [2026-04-26T07:29:39.896+0000] {dag.py:3954} INFO - Setting next_dagrun for consume_1_or_both_2_and_3_with_dataset_expressions to None, run_after=None
[2026-04-26T07:29:39.897+0000] {logging_mixin.py:188} INFO - [2026-04-26T07:29:39.897+0000] {dag.py:3954} INFO - Setting next_dagrun for dataset_consumes_1 to None, run_after=None
[2026-04-26T07:29:39.898+0000] {logging_mixin.py:188} INFO - [2026-04-26T07:29:39.898+0000] {dag.py:3954} INFO - Setting next_dagrun for dataset_consumes_1_and_2 to None, run_after=None
[2026-04-26T07:29:39.899+0000] {logging_mixin.py:188} INFO - [2026-04-26T07:29:39.899+0000] {dag.py:3954} INFO - Setting next_dagrun for dataset_consumes_1_never_scheduled to None, run_after=None
[2026-04-26T07:29:39.900+0000] {logging_mixin.py:188} INFO - [2026-04-26T07:29:39.900+0000] {dag.py:3954} INFO - Setting next_dagrun for dataset_consumes_unknown_never_scheduled to None, run_after=None
[2026-04-26T07:29:39.903+0000] {logging_mixin.py:188} INFO - [2026-04-26T07:29:39.902+0000] {dag.py:3954} INFO - Setting next_dagrun for dataset_produces_1 to 2026-04-25 00:00:00+00:00, run_after=2026-04-26 00:00:00+00:00
[2026-04-26T07:29:39.904+0000] {logging_mixin.py:188} INFO - [2026-04-26T07:29:39.904+0000] {dag.py:3954} INFO - Setting next_dagrun for dataset_produces_2 to None, run_after=None
[2026-04-26T07:29:39.934+0000] {processor.py:183} INFO - Processing /usr/local/python/3.12.1/lib/python3.12/site-packages/airflow/example_dags/example_datasets.py took 0.105 seconds
[2026-04-26T07:29:48.276+0000] {processor.py:161} INFO - Started process (PID=31995) to work on /usr/local/python/3.12.1/lib/python3.12/site-packages/airflow/example_dags/example_datasets.py
[2026-04-26T07:29:48.277+0000] {processor.py:830} INFO - Processing file /usr/local/python/3.12.1/lib/python3.12/site-packages/airflow/example_dags/example_datasets.py for tasks to queue
[2026-04-26T07:29:48.278+0000] {logging_mixin.py:188} INFO - [2026-04-26T07:29:48.277+0000] {dagbag.py:540} INFO - Filling up the DagBag from /usr/local/python/3.12.1/lib/python3.12/site-packages/airflow/example_dags/example_datasets.py
[2026-04-26T07:29:48.289+0000] {processor.py:840} INFO - DAG(s) 'dataset_consumes_1_and_2', 'dataset_consumes_1', 'consume_1_or_2_with_dataset_expressions', 'conditional_dataset_and_time_based_timetable', 'dataset_consumes_1_never_scheduled', 'consume_1_or_both_2_and_3_with_dataset_expressions', 'dataset_consumes_unknown_never_scheduled', 'dataset_produces_1', 'dataset_produces_2', 'consume_1_and_2_with_dataset_expressions' retrieved from /usr/local/python/3.12.1/lib/python3.12/site-packages/airflow/example_dags/example_datasets.py
[2026-04-26T07:29:48.317+0000] {logging_mixin.py:188} INFO - [2026-04-26T07:29:48.317+0000] {dag.py:3096} INFO - Sync 10 DAGs
[2026-04-26T07:29:48.335+0000] {logging_mixin.py:188} INFO - [2026-04-26T07:29:48.334+0000] {dag.py:3954} INFO - Setting next_dagrun for conditional_dataset_and_time_based_timetable to 2026-04-22 01:00:00+00:00, run_after=2026-04-22 01:00:00+00:00
[2026-04-26T07:29:48.338+0000] {logging_mixin.py:188} INFO - [2026-04-26T07:29:48.337+0000] {dag.py:3954} INFO - Setting next_dagrun for consume_1_and_2_with_dataset_expressions to None, run_after=None
[2026-04-26T07:29:48.338+0000] {logging_mixin.py:188} INFO - [2026-04-26T07:29:48.338+0000] {dag.py:3954} INFO - Setting next_dagrun for consume_1_or_2_with_dataset_expressions to None, run_after=None
[2026-04-26T07:29:48.339+0000] {logging_mixin.py:188} INFO - [2026-04-26T07:29:48.339+0000] {dag.py:3954} INFO - Setting next_dagrun for consume_1_or_both_2_and_3_with_dataset_expressions to None, run_after=None
[2026-04-26T07:29:48.340+0000] {logging_mixin.py:188} INFO - [2026-04-26T07:29:48.340+0000] {dag.py:3954} INFO - Setting next_dagrun for dataset_consumes_1 to None, run_after=None
[2026-04-26T07:29:48.341+0000] {logging_mixin.py:188} INFO - [2026-04-26T07:29:48.340+0000] {dag.py:3954} INFO - Setting next_dagrun for dataset_consumes_1_and_2 to None, run_after=None
[2026-04-26T07:29:48.341+0000] {logging_mixin.py:188} INFO - [2026-04-26T07:29:48.341+0000] {dag.py:3954} INFO - Setting next_dagrun for dataset_consumes_1_never_scheduled to None, run_after=None
[2026-04-26T07:29:48.342+0000] {logging_mixin.py:188} INFO - [2026-04-26T07:29:48.342+0000] {dag.py:3954} INFO - Setting next_dagrun for dataset_consumes_unknown_never_scheduled to None, run_after=None
[2026-04-26T07:29:48.344+0000] {logging_mixin.py:188} INFO - [2026-04-26T07:29:48.343+0000] {dag.py:3954} INFO - Setting next_dagrun for dataset_produces_1 to 2026-04-25 00:00:00+00:00, run_after=2026-04-26 00:00:00+00:00
[2026-04-26T07:29:48.344+0000] {logging_mixin.py:188} INFO - [2026-04-26T07:29:48.344+0000] {dag.py:3954} INFO - Setting next_dagrun for dataset_produces_2 to None, run_after=None
[2026-04-26T07:29:48.368+0000] {processor.py:183} INFO - Processing /usr/local/python/3.12.1/lib/python3.12/site-packages/airflow/example_dags/example_datasets.py took 0.097 seconds
[2026-04-26T07:30:00.609+0000] {processor.py:161} INFO - Started process (PID=32102) to work on /usr/local/python/3.12.1/lib/python3.12/site-packages/airflow/example_dags/example_datasets.py
[2026-04-26T07:30:00.610+0000] {processor.py:830} INFO - Processing file /usr/local/python/3.12.1/lib/python3.12/site-packages/airflow/example_dags/example_datasets.py for tasks to queue
[2026-04-26T07:30:00.611+0000] {logging_mixin.py:188} INFO - [2026-04-26T07:30:00.610+0000] {dagbag.py:540} INFO - Filling up the DagBag from /usr/local/python/3.12.1/lib/python3.12/site-packages/airflow/example_dags/example_datasets.py
[2026-04-26T07:30:00.627+0000] {processor.py:840} INFO - DAG(s) 'dataset_produces_1', 'dataset_produces_2', 'dataset_consumes_1_and_2', 'dataset_consumes_1', 'consume_1_and_2_with_dataset_expressions', 'conditional_dataset_and_time_based_timetable', 'consume_1_or_2_with_dataset_expressions', 'consume_1_or_both_2_and_3_with_dataset_expressions', 'dataset_consumes_1_never_scheduled', 'dataset_consumes_unknown_never_scheduled' retrieved from /usr/local/python/3.12.1/lib/python3.12/site-packages/airflow/example_dags/example_datasets.py
[2026-04-26T07:30:00.670+0000] {logging_mixin.py:188} INFO - [2026-04-26T07:30:00.670+0000] {dag.py:3096} INFO - Sync 10 DAGs
[2026-04-26T07:30:00.699+0000] {logging_mixin.py:188} INFO - [2026-04-26T07:30:00.698+0000] {dag.py:3954} INFO - Setting next_dagrun for conditional_dataset_and_time_based_timetable to 2026-04-22 01:00:00+00:00, run_after=2026-04-22 01:00:00+00:00
[2026-04-26T07:30:00.702+0000] {logging_mixin.py:188} INFO - [2026-04-26T07:30:00.702+0000] {dag.py:3954} INFO - Setting next_dagrun for consume_1_and_2_with_dataset_expressions to None, run_after=None
[2026-04-26T07:30:00.703+0000] {logging_mixin.py:188} INFO - [2026-04-26T07:30:00.703+0000] {dag.py:3954} INFO - Setting next_dagrun for consume_1_or_2_with_dataset_expressions to None, run_after=None
[2026-04-26T07:30:00.704+0000] {logging_mixin.py:188} INFO - [2026-04-26T07:30:00.704+0000] {dag.py:3954} INFO - Setting next_dagrun for consume_1_or_both_2_and_3_with_dataset_expressions to None, run_after=None
[2026-04-26T07:30:00.707+0000] {logging_mixin.py:188} INFO - [2026-04-26T07:30:00.706+0000] {dag.py:3954} INFO - Setting next_dagrun for dataset_consumes_1 to None, run_after=None
[2026-04-26T07:30:00.708+0000] {logging_mixin.py:188} INFO - [2026-04-26T07:30:00.707+0000] {dag.py:3954} INFO - Setting next_dagrun for dataset_consumes_1_and_2 to None, run_after=None
[2026-04-26T07:30:00.709+0000] {logging_mixin.py:188} INFO - [2026-04-26T07:30:00.708+0000] {dag.py:3954} INFO - Setting next_dagrun for dataset_consumes_1_never_scheduled to None, run_after=None
[2026-04-26T07:30:00.710+0000] {logging_mixin.py:188} INFO - [2026-04-26T07:30:00.710+0000] {dag.py:3954} INFO - Setting next_dagrun for dataset_consumes_unknown_never_scheduled to None, run_after=None
[2026-04-26T07:30:00.712+0000] {logging_mixin.py:188} INFO - [2026-04-26T07:30:00.712+0000] {dag.py:3954} INFO - Setting next_dagrun for dataset_produces_1 to 2026-04-25 00:00:00+00:00, run_after=2026-04-26 00:00:00+00:00
[2026-04-26T07:30:00.714+0000] {logging_mixin.py:188} INFO - [2026-04-26T07:30:00.713+0000] {dag.py:3954} INFO - Setting next_dagrun for dataset_produces_2 to None, run_after=None
[2026-04-26T07:30:00.746+0000] {processor.py:183} INFO - Processing /usr/local/python/3.12.1/lib/python3.12/site-packages/airflow/example_dags/example_datasets.py took 0.144 seconds
[2026-04-26T07:30:44.657+0000] {processor.py:161} INFO - Started process (PID=32549) to work on /usr/local/python/3.12.1/lib/python3.12/site-packages/airflow/example_dags/example_datasets.py
[2026-04-26T07:30:44.657+0000] {processor.py:830} INFO - Processing file /usr/local/python/3.12.1/lib/python3.12/site-packages/airflow/example_dags/example_datasets.py for tasks to queue
[2026-04-26T07:30:44.658+0000] {logging_mixin.py:188} INFO - [2026-04-26T07:30:44.658+0000] {dagbag.py:540} INFO - Filling up the DagBag from /usr/local/python/3.12.1/lib/python3.12/site-packages/airflow/example_dags/example_datasets.py
[2026-04-26T07:30:44.673+0000] {processor.py:840} INFO - DAG(s) 'consume_1_or_both_2_and_3_with_dataset_expressions', 'dataset_produces_1', 'dataset_consumes_1_never_scheduled', 'consume_1_and_2_with_dataset_expressions', 'dataset_consumes_1', 'dataset_consumes_unknown_never_scheduled', 'conditional_dataset_and_time_based_timetable', 'dataset_consumes_1_and_2', 'dataset_produces_2', 'consume_1_or_2_with_dataset_expressions' retrieved from /usr/local/python/3.12.1/lib/python3.12/site-packages/airflow/example_dags/example_datasets.py
[2026-04-26T07:30:44.711+0000] {logging_mixin.py:188} INFO - [2026-04-26T07:30:44.711+0000] {dag.py:3096} INFO - Sync 10 DAGs
[2026-04-26T07:30:44.728+0000] {logging_mixin.py:188} INFO - [2026-04-26T07:30:44.728+0000] {dag.py:3954} INFO - Setting next_dagrun for conditional_dataset_and_time_based_timetable to 2026-04-22 01:00:00+00:00, run_after=2026-04-22 01:00:00+00:00
[2026-04-26T07:30:44.730+0000] {logging_mixin.py:188} INFO - [2026-04-26T07:30:44.730+0000] {dag.py:3954} INFO - Setting next_dagrun for consume_1_and_2_with_dataset_expressions to None, run_after=None
[2026-04-26T07:30:44.731+0000] {logging_mixin.py:188} INFO - [2026-04-26T07:30:44.731+0000] {dag.py:3954} INFO - Setting next_dagrun for consume_1_or_2_with_dataset_expressions to None, run_after=None
[2026-04-26T07:30:44.732+0000] {logging_mixin.py:188} INFO - [2026-04-26T07:30:44.732+0000] {dag.py:3954} INFO - Setting next_dagrun for consume_1_or_both_2_and_3_with_dataset_expressions to None, run_after=None
[2026-04-26T07:30:44.733+0000] {logging_mixin.py:188} INFO - [2026-04-26T07:30:44.733+0000] {dag.py:3954} INFO - Setting next_dagrun for dataset_consumes_1 to None, run_after=None
[2026-04-26T07:30:44.734+0000] {logging_mixin.py:188} INFO - [2026-04-26T07:30:44.734+0000] {dag.py:3954} INFO - Setting next_dagrun for dataset_consumes_1_and_2 to None, run_after=None
[2026-04-26T07:30:44.735+0000] {logging_mixin.py:188} INFO - [2026-04-26T07:30:44.735+0000] {dag.py:3954} INFO - Setting next_dagrun for dataset_consumes_1_never_scheduled to None, run_after=None
[2026-04-26T07:30:44.737+0000] {logging_mixin.py:188} INFO - [2026-04-26T07:30:44.736+0000] {dag.py:3954} INFO - Setting next_dagrun for dataset_consumes_unknown_never_scheduled to None, run_after=None
[2026-04-26T07:30:44.739+0000] {logging_mixin.py:188} INFO - [2026-04-26T07:30:44.739+0000] {dag.py:3954} INFO - Setting next_dagrun for dataset_produces_1 to 2026-04-25 00:00:00+00:00, run_after=2026-04-26 00:00:00+00:00
[2026-04-26T07:30:44.740+0000] {logging_mixin.py:188} INFO - [2026-04-26T07:30:44.740+0000] {dag.py:3954} INFO - Setting next_dagrun for dataset_produces_2 to None, run_after=None
[2026-04-26T07:30:44.766+0000] {processor.py:183} INFO - Processing /usr/local/python/3.12.1/lib/python3.12/site-packages/airflow/example_dags/example_datasets.py took 0.115 seconds
[2026-04-26T07:30:53.220+0000] {processor.py:161} INFO - Started process (PID=32627) to work on /usr/local/python/3.12.1/lib/python3.12/site-packages/airflow/example_dags/example_datasets.py
[2026-04-26T07:30:53.221+0000] {processor.py:830} INFO - Processing file /usr/local/python/3.12.1/lib/python3.12/site-packages/airflow/example_dags/example_datasets.py for tasks to queue
[2026-04-26T07:30:53.221+0000] {logging_mixin.py:188} INFO - [2026-04-26T07:30:53.221+0000] {dagbag.py:540} INFO - Filling up the DagBag from /usr/local/python/3.12.1/lib/python3.12/site-packages/airflow/example_dags/example_datasets.py
[2026-04-26T07:30:53.232+0000] {processor.py:840} INFO - DAG(s) 'conditional_dataset_and_time_based_timetable', 'consume_1_or_both_2_and_3_with_dataset_expressions', 'consume_1_and_2_with_dataset_expressions', 'dataset_consumes_1_and_2', 'consume_1_or_2_with_dataset_expressions', 'dataset_produces_2', 'dataset_consumes_1', 'dataset_consumes_unknown_never_scheduled', 'dataset_produces_1', 'dataset_consumes_1_never_scheduled' retrieved from /usr/local/python/3.12.1/lib/python3.12/site-packages/airflow/example_dags/example_datasets.py
[2026-04-26T07:30:53.413+0000] {logging_mixin.py:188} INFO - [2026-04-26T07:30:53.413+0000] {dag.py:3096} INFO - Sync 10 DAGs
[2026-04-26T07:30:53.428+0000] {logging_mixin.py:188} INFO - [2026-04-26T07:30:53.428+0000] {dag.py:3954} INFO - Setting next_dagrun for conditional_dataset_and_time_based_timetable to 2026-04-22 01:00:00+00:00, run_after=2026-04-22 01:00:00+00:00
[2026-04-26T07:30:53.431+0000] {logging_mixin.py:188} INFO - [2026-04-26T07:30:53.431+0000] {dag.py:3954} INFO - Setting next_dagrun for consume_1_and_2_with_dataset_expressions to None, run_after=None
[2026-04-26T07:30:53.432+0000] {logging_mixin.py:188} INFO - [2026-04-26T07:30:53.431+0000] {dag.py:3954} INFO - Setting next_dagrun for consume_1_or_2_with_dataset_expressions to None, run_after=None
[2026-04-26T07:30:53.432+0000] {logging_mixin.py:188} INFO - [2026-04-26T07:30:53.432+0000] {dag.py:3954} INFO - Setting next_dagrun for consume_1_or_both_2_and_3_with_dataset_expressions to None, run_after=None
[2026-04-26T07:30:53.433+0000] {logging_mixin.py:188} INFO - [2026-04-26T07:30:53.433+0000] {dag.py:3954} INFO - Setting next_dagrun for dataset_consumes_1 to None, run_after=None
[2026-04-26T07:30:53.434+0000] {logging_mixin.py:188} INFO - [2026-04-26T07:30:53.434+0000] {dag.py:3954} INFO - Setting next_dagrun for dataset_consumes_1_and_2 to None, run_after=None
[2026-04-26T07:30:53.435+0000] {logging_mixin.py:188} INFO - [2026-04-26T07:30:53.434+0000] {dag.py:3954} INFO - Setting next_dagrun for dataset_consumes_1_never_scheduled to None, run_after=None
[2026-04-26T07:30:53.435+0000] {logging_mixin.py:188} INFO - [2026-04-26T07:30:53.435+0000] {dag.py:3954} INFO - Setting next_dagrun for dataset_consumes_unknown_never_scheduled to None, run_after=None
[2026-04-26T07:30:53.437+0000] {logging_mixin.py:188} INFO - [2026-04-26T07:30:53.437+0000] {dag.py:3954} INFO - Setting next_dagrun for dataset_produces_1 to 2026-04-25 00:00:00+00:00, run_after=2026-04-26 00:00:00+00:00
[2026-04-26T07:30:53.438+0000] {logging_mixin.py:188} INFO - [2026-04-26T07:30:53.438+0000] {dag.py:3954} INFO - Setting next_dagrun for dataset_produces_2 to None, run_after=None
[2026-04-26T07:30:53.467+0000] {processor.py:183} INFO - Processing /usr/local/python/3.12.1/lib/python3.12/site-packages/airflow/example_dags/example_datasets.py took 0.251 seconds
[2026-04-26T07:31:00.053+0000] {processor.py:161} INFO - Started process (PID=32697) to work on /usr/local/python/3.12.1/lib/python3.12/site-packages/airflow/example_dags/example_datasets.py
[2026-04-26T07:31:00.054+0000] {processor.py:830} INFO - Processing file /usr/local/python/3.12.1/lib/python3.12/site-packages/airflow/example_dags/example_datasets.py for tasks to queue
[2026-04-26T07:31:00.055+0000] {logging_mixin.py:188} INFO - [2026-04-26T07:31:00.054+0000] {dagbag.py:540} INFO - Filling up the DagBag from /usr/local/python/3.12.1/lib/python3.12/site-packages/airflow/example_dags/example_datasets.py
[2026-04-26T07:31:00.071+0000] {processor.py:840} INFO - DAG(s) 'dataset_produces_2', 'dataset_consumes_unknown_never_scheduled', 'consume_1_and_2_with_dataset_expressions', 'consume_1_or_both_2_and_3_with_dataset_expressions', 'dataset_consumes_1', 'consume_1_or_2_with_dataset_expressions', 'conditional_dataset_and_time_based_timetable', 'dataset_produces_1', 'dataset_consumes_1_and_2', 'dataset_consumes_1_never_scheduled' retrieved from /usr/local/python/3.12.1/lib/python3.12/site-packages/airflow/example_dags/example_datasets.py
[2026-04-26T07:31:00.112+0000] {logging_mixin.py:188} INFO - [2026-04-26T07:31:00.111+0000] {dag.py:3096} INFO - Sync 10 DAGs
[2026-04-26T07:31:00.136+0000] {logging_mixin.py:188} INFO - [2026-04-26T07:31:00.135+0000] {dag.py:3954} INFO - Setting next_dagrun for conditional_dataset_and_time_based_timetable to 2026-04-22 01:00:00+00:00, run_after=2026-04-22 01:00:00+00:00
[2026-04-26T07:31:00.141+0000] {logging_mixin.py:188} INFO - [2026-04-26T07:31:00.141+0000] {dag.py:3954} INFO - Setting next_dagrun for consume_1_and_2_with_dataset_expressions to None, run_after=None
[2026-04-26T07:31:00.143+0000] {logging_mixin.py:188} INFO - [2026-04-26T07:31:00.142+0000] {dag.py:3954} INFO - Setting next_dagrun for consume_1_or_2_with_dataset_expressions to None, run_after=None
[2026-04-26T07:31:00.144+0000] {logging_mixin.py:188} INFO - [2026-04-26T07:31:00.143+0000] {dag.py:3954} INFO - Setting next_dagrun for consume_1_or_both_2_and_3_with_dataset_expressions to None, run_after=None
[2026-04-26T07:31:00.147+0000] {logging_mixin.py:188} INFO - [2026-04-26T07:31:00.147+0000] {dag.py:3954} INFO - Setting next_dagrun for dataset_consumes_1 to None, run_after=None
[2026-04-26T07:31:00.148+0000] {logging_mixin.py:188} INFO - [2026-04-26T07:31:00.148+0000] {dag.py:3954} INFO - Setting next_dagrun for dataset_consumes_1_and_2 to None, run_after=None
[2026-04-26T07:31:00.150+0000] {logging_mixin.py:188} INFO - [2026-04-26T07:31:00.150+0000] {dag.py:3954} INFO - Setting next_dagrun for dataset_consumes_1_never_scheduled to None, run_after=None
[2026-04-26T07:31:00.151+0000] {logging_mixin.py:188} INFO - [2026-04-26T07:31:00.151+0000] {dag.py:3954} INFO - Setting next_dagrun for dataset_consumes_unknown_never_scheduled to None, run_after=None
[2026-04-26T07:31:00.154+0000] {logging_mixin.py:188} INFO - [2026-04-26T07:31:00.154+0000] {dag.py:3954} INFO - Setting next_dagrun for dataset_produces_1 to 2026-04-25 00:00:00+00:00, run_after=2026-04-26 00:00:00+00:00
[2026-04-26T07:31:00.155+0000] {logging_mixin.py:188} INFO - [2026-04-26T07:31:00.155+0000] {dag.py:3954} INFO - Setting next_dagrun for dataset_produces_2 to None, run_after=None
[2026-04-26T07:31:00.189+0000] {processor.py:183} INFO - Processing /usr/local/python/3.12.1/lib/python3.12/site-packages/airflow/example_dags/example_datasets.py took 0.142 seconds
[2026-04-26T07:31:44.270+0000] {processor.py:161} INFO - Started process (PID=33082) to work on /usr/local/python/3.12.1/lib/python3.12/site-packages/airflow/example_dags/example_datasets.py
[2026-04-26T07:31:44.271+0000] {processor.py:830} INFO - Processing file /usr/local/python/3.12.1/lib/python3.12/site-packages/airflow/example_dags/example_datasets.py for tasks to queue
[2026-04-26T07:31:44.272+0000] {logging_mixin.py:188} INFO - [2026-04-26T07:31:44.271+0000] {dagbag.py:540} INFO - Filling up the DagBag from /usr/local/python/3.12.1/lib/python3.12/site-packages/airflow/example_dags/example_datasets.py
[2026-04-26T07:31:44.286+0000] {processor.py:840} INFO - DAG(s) 'dataset_produces_2', 'consume_1_or_2_with_dataset_expressions', 'consume_1_or_both_2_and_3_with_dataset_expressions', 'dataset_consumes_1_and_2', 'dataset_consumes_unknown_never_scheduled', 'consume_1_and_2_with_dataset_expressions', 'dataset_produces_1', 'dataset_consumes_1_never_scheduled', 'dataset_consumes_1', 'conditional_dataset_and_time_based_timetable' retrieved from /usr/local/python/3.12.1/lib/python3.12/site-packages/airflow/example_dags/example_datasets.py
[2026-04-26T07:31:44.314+0000] {logging_mixin.py:188} INFO - [2026-04-26T07:31:44.314+0000] {dag.py:3096} INFO - Sync 10 DAGs
[2026-04-26T07:31:44.333+0000] {logging_mixin.py:188} INFO - [2026-04-26T07:31:44.332+0000] {dag.py:3954} INFO - Setting next_dagrun for conditional_dataset_and_time_based_timetable to 2026-04-22 01:00:00+00:00, run_after=2026-04-22 01:00:00+00:00
[2026-04-26T07:31:44.518+0000] {logging_mixin.py:188} INFO - [2026-04-26T07:31:44.518+0000] {dag.py:3954} INFO - Setting next_dagrun for consume_1_and_2_with_dataset_expressions to None, run_after=None
[2026-04-26T07:31:44.520+0000] {logging_mixin.py:188} INFO - [2026-04-26T07:31:44.519+0000] {dag.py:3954} INFO - Setting next_dagrun for consume_1_or_2_with_dataset_expressions to None, run_after=None
[2026-04-26T07:31:44.521+0000] {logging_mixin.py:188} INFO - [2026-04-26T07:31:44.521+0000] {dag.py:3954} INFO - Setting next_dagrun for consume_1_or_both_2_and_3_with_dataset_expressions to None, run_after=None
[2026-04-26T07:31:44.522+0000] {logging_mixin.py:188} INFO - [2026-04-26T07:31:44.522+0000] {dag.py:3954} INFO - Setting next_dagrun for dataset_consumes_1 to None, run_after=None
[2026-04-26T07:31:44.523+0000] {logging_mixin.py:188} INFO - [2026-04-26T07:31:44.523+0000] {dag.py:3954} INFO - Setting next_dagrun for dataset_consumes_1_and_2 to None, run_after=None
[2026-04-26T07:31:44.524+0000] {logging_mixin.py:188} INFO - [2026-04-26T07:31:44.524+0000] {dag.py:3954} INFO - Setting next_dagrun for dataset_consumes_1_never_scheduled to None, run_after=None
[2026-04-26T07:31:44.525+0000] {logging_mixin.py:188} INFO - [2026-04-26T07:31:44.525+0000] {dag.py:3954} INFO - Setting next_dagrun for dataset_consumes_unknown_never_scheduled to None, run_after=None
[2026-04-26T07:31:44.528+0000] {logging_mixin.py:188} INFO - [2026-04-26T07:31:44.527+0000] {dag.py:3954} INFO - Setting next_dagrun for dataset_produces_1 to 2026-04-25 00:00:00+00:00, run_after=2026-04-26 00:00:00+00:00
[2026-04-26T07:31:44.529+0000] {logging_mixin.py:188} INFO - [2026-04-26T07:31:44.528+0000] {dag.py:3954} INFO - Setting next_dagrun for dataset_produces_2 to None, run_after=None
[2026-04-26T07:31:44.588+0000] {processor.py:183} INFO - Processing /usr/local/python/3.12.1/lib/python3.12/site-packages/airflow/example_dags/example_datasets.py took 0.322 seconds
[2026-04-26T07:31:49.771+0000] {processor.py:161} INFO - Started process (PID=33139) to work on /usr/local/python/3.12.1/lib/python3.12/site-packages/airflow/example_dags/example_datasets.py
[2026-04-26T07:31:49.771+0000] {processor.py:830} INFO - Processing file /usr/local/python/3.12.1/lib/python3.12/site-packages/airflow/example_dags/example_datasets.py for tasks to queue
[2026-04-26T07:31:49.772+0000] {logging_mixin.py:188} INFO - [2026-04-26T07:31:49.772+0000] {dagbag.py:540} INFO - Filling up the DagBag from /usr/local/python/3.12.1/lib/python3.12/site-packages/airflow/example_dags/example_datasets.py
[2026-04-26T07:31:49.785+0000] {processor.py:840} INFO - DAG(s) 'conditional_dataset_and_time_based_timetable', 'dataset_consumes_1_and_2', 'consume_1_or_both_2_and_3_with_dataset_expressions', 'dataset_produces_2', 'dataset_produces_1', 'consume_1_and_2_with_dataset_expressions', 'consume_1_or_2_with_dataset_expressions', 'dataset_consumes_1', 'dataset_consumes_unknown_never_scheduled', 'dataset_consumes_1_never_scheduled' retrieved from /usr/local/python/3.12.1/lib/python3.12/site-packages/airflow/example_dags/example_datasets.py
[2026-04-26T07:31:49.813+0000] {logging_mixin.py:188} INFO - [2026-04-26T07:31:49.813+0000] {dag.py:3096} INFO - Sync 10 DAGs
[2026-04-26T07:31:49.831+0000] {logging_mixin.py:188} INFO - [2026-04-26T07:31:49.830+0000] {dag.py:3954} INFO - Setting next_dagrun for conditional_dataset_and_time_based_timetable to 2026-04-22 01:00:00+00:00, run_after=2026-04-22 01:00:00+00:00
[2026-04-26T07:31:49.833+0000] {logging_mixin.py:188} INFO - [2026-04-26T07:31:49.833+0000] {dag.py:3954} INFO - Setting next_dagrun for consume_1_and_2_with_dataset_expressions to None, run_after=None
[2026-04-26T07:31:49.834+0000] {logging_mixin.py:188} INFO - [2026-04-26T07:31:49.834+0000] {dag.py:3954} INFO - Setting next_dagrun for consume_1_or_2_with_dataset_expressions to None, run_after=None
[2026-04-26T07:31:49.835+0000] {logging_mixin.py:188} INFO - [2026-04-26T07:31:49.835+0000] {dag.py:3954} INFO - Setting next_dagrun for consume_1_or_both_2_and_3_with_dataset_expressions to None, run_after=None
[2026-04-26T07:31:49.836+0000] {logging_mixin.py:188} INFO - [2026-04-26T07:31:49.835+0000] {dag.py:3954} INFO - Setting next_dagrun for dataset_consumes_1 to None, run_after=None
[2026-04-26T07:31:49.836+0000] {logging_mixin.py:188} INFO - [2026-04-26T07:31:49.836+0000] {dag.py:3954} INFO - Setting next_dagrun for dataset_consumes_1_and_2 to None, run_after=None
[2026-04-26T07:31:49.837+0000] {logging_mixin.py:188} INFO - [2026-04-26T07:31:49.837+0000] {dag.py:3954} INFO - Setting next_dagrun for dataset_consumes_1_never_scheduled to None, run_after=None
[2026-04-26T07:31:49.838+0000] {logging_mixin.py:188} INFO - [2026-04-26T07:31:49.837+0000] {dag.py:3954} INFO - Setting next_dagrun for dataset_consumes_unknown_never_scheduled to None, run_after=None
[2026-04-26T07:31:49.839+0000] {logging_mixin.py:188} INFO - [2026-04-26T07:31:49.839+0000] {dag.py:3954} INFO - Setting next_dagrun for dataset_produces_1 to 2026-04-25 00:00:00+00:00, run_after=2026-04-26 00:00:00+00:00
[2026-04-26T07:31:49.840+0000] {logging_mixin.py:188} INFO - [2026-04-26T07:31:49.840+0000] {dag.py:3954} INFO - Setting next_dagrun for dataset_produces_2 to None, run_after=None
[2026-04-26T07:31:49.862+0000] {processor.py:183} INFO - Processing /usr/local/python/3.12.1/lib/python3.12/site-packages/airflow/example_dags/example_datasets.py took 0.096 seconds
[2026-04-26T07:31:59.482+0000] {processor.py:161} INFO - Started process (PID=33232) to work on /usr/local/python/3.12.1/lib/python3.12/site-packages/airflow/example_dags/example_datasets.py
[2026-04-26T07:31:59.483+0000] {processor.py:830} INFO - Processing file /usr/local/python/3.12.1/lib/python3.12/site-packages/airflow/example_dags/example_datasets.py for tasks to queue
[2026-04-26T07:31:59.484+0000] {logging_mixin.py:188} INFO - [2026-04-26T07:31:59.483+0000] {dagbag.py:540} INFO - Filling up the DagBag from /usr/local/python/3.12.1/lib/python3.12/site-packages/airflow/example_dags/example_datasets.py
[2026-04-26T07:31:59.495+0000] {processor.py:840} INFO - DAG(s) 'conditional_dataset_and_time_based_timetable', 'consume_1_and_2_with_dataset_expressions', 'dataset_produces_2', 'dataset_consumes_1', 'dataset_produces_1', 'dataset_consumes_1_never_scheduled', 'dataset_consumes_unknown_never_scheduled', 'consume_1_or_both_2_and_3_with_dataset_expressions', 'consume_1_or_2_with_dataset_expressions', 'dataset_consumes_1_and_2' retrieved from /usr/local/python/3.12.1/lib/python3.12/site-packages/airflow/example_dags/example_datasets.py
[2026-04-26T07:31:59.523+0000] {logging_mixin.py:188} INFO - [2026-04-26T07:31:59.523+0000] {dag.py:3096} INFO - Sync 10 DAGs
[2026-04-26T07:31:59.540+0000] {logging_mixin.py:188} INFO - [2026-04-26T07:31:59.540+0000] {dag.py:3954} INFO - Setting next_dagrun for conditional_dataset_and_time_based_timetable to 2026-04-22 01:00:00+00:00, run_after=2026-04-22 01:00:00+00:00
[2026-04-26T07:31:59.543+0000] {logging_mixin.py:188} INFO - [2026-04-26T07:31:59.543+0000] {dag.py:3954} INFO - Setting next_dagrun for consume_1_and_2_with_dataset_expressions to None, run_after=None
[2026-04-26T07:31:59.544+0000] {logging_mixin.py:188} INFO - [2026-04-26T07:31:59.544+0000] {dag.py:3954} INFO - Setting next_dagrun for consume_1_or_2_with_dataset_expressions to None, run_after=None
[2026-04-26T07:31:59.545+0000] {logging_mixin.py:188} INFO - [2026-04-26T07:31:59.544+0000] {dag.py:3954} INFO - Setting next_dagrun for consume_1_or_both_2_and_3_with_dataset_expressions to None, run_after=None
[2026-04-26T07:31:59.545+0000] {logging_mixin.py:188} INFO - [2026-04-26T07:31:59.545+0000] {dag.py:3954} INFO - Setting next_dagrun for dataset_consumes_1 to None, run_after=None
[2026-04-26T07:31:59.546+0000] {logging_mixin.py:188} INFO - [2026-04-26T07:31:59.546+0000] {dag.py:3954} INFO - Setting next_dagrun for dataset_consumes_1_and_2 to None, run_after=None
[2026-04-26T07:31:59.547+0000] {logging_mixin.py:188} INFO - [2026-04-26T07:31:59.547+0000] {dag.py:3954} INFO - Setting next_dagrun for dataset_consumes_1_never_scheduled to None, run_after=None
[2026-04-26T07:31:59.548+0000] {logging_mixin.py:188} INFO - [2026-04-26T07:31:59.547+0000] {dag.py:3954} INFO - Setting next_dagrun for dataset_consumes_unknown_never_scheduled to None, run_after=None
[2026-04-26T07:31:59.549+0000] {logging_mixin.py:188} INFO - [2026-04-26T07:31:59.549+0000] {dag.py:3954} INFO - Setting next_dagrun for dataset_produces_1 to 2026-04-25 00:00:00+00:00, run_after=2026-04-26 00:00:00+00:00
[2026-04-26T07:31:59.550+0000] {logging_mixin.py:188} INFO - [2026-04-26T07:31:59.550+0000] {dag.py:3954} INFO - Setting next_dagrun for dataset_produces_2 to None, run_after=None
[2026-04-26T07:31:59.574+0000] {processor.py:183} INFO - Processing /usr/local/python/3.12.1/lib/python3.12/site-packages/airflow/example_dags/example_datasets.py took 0.096 seconds
[2026-04-26T07:32:56.681+0000] {processor.py:161} INFO - Started process (PID=33722) to work on /usr/local/python/3.12.1/lib/python3.12/site-packages/airflow/example_dags/example_datasets.py
[2026-04-26T07:32:56.681+0000] {processor.py:830} INFO - Processing file /usr/local/python/3.12.1/lib/python3.12/site-packages/airflow/example_dags/example_datasets.py for tasks to queue
[2026-04-26T07:32:56.682+0000] {logging_mixin.py:188} INFO - [2026-04-26T07:32:56.682+0000] {dagbag.py:540} INFO - Filling up the DagBag from /usr/local/python/3.12.1/lib/python3.12/site-packages/airflow/example_dags/example_datasets.py
[2026-04-26T07:32:56.694+0000] {processor.py:840} INFO - DAG(s) 'dataset_produces_1', 'dataset_consumes_1_and_2', 'conditional_dataset_and_time_based_timetable', 'consume_1_or_both_2_and_3_with_dataset_expressions', 'consume_1_and_2_with_dataset_expressions', 'dataset_consumes_1_never_scheduled', 'dataset_consumes_unknown_never_scheduled', 'consume_1_or_2_with_dataset_expressions', 'dataset_produces_2', 'dataset_consumes_1' retrieved from /usr/local/python/3.12.1/lib/python3.12/site-packages/airflow/example_dags/example_datasets.py
[2026-04-26T07:32:56.721+0000] {logging_mixin.py:188} INFO - [2026-04-26T07:32:56.721+0000] {dag.py:3096} INFO - Sync 10 DAGs
[2026-04-26T07:32:56.886+0000] {logging_mixin.py:188} INFO - [2026-04-26T07:32:56.886+0000] {dag.py:3954} INFO - Setting next_dagrun for conditional_dataset_and_time_based_timetable to 2026-04-22 01:00:00+00:00, run_after=2026-04-22 01:00:00+00:00
[2026-04-26T07:32:56.889+0000] {logging_mixin.py:188} INFO - [2026-04-26T07:32:56.889+0000] {dag.py:3954} INFO - Setting next_dagrun for consume_1_and_2_with_dataset_expressions to None, run_after=None
[2026-04-26T07:32:56.890+0000] {logging_mixin.py:188} INFO - [2026-04-26T07:32:56.889+0000] {dag.py:3954} INFO - Setting next_dagrun for consume_1_or_2_with_dataset_expressions to None, run_after=None
[2026-04-26T07:32:56.890+0000] {logging_mixin.py:188} INFO - [2026-04-26T07:32:56.890+0000] {dag.py:3954} INFO - Setting next_dagrun for consume_1_or_both_2_and_3_with_dataset_expressions to None, run_after=None
[2026-04-26T07:32:56.891+0000] {logging_mixin.py:188} INFO - [2026-04-26T07:32:56.891+0000] {dag.py:3954} INFO - Setting next_dagrun for dataset_consumes_1 to None, run_after=None
[2026-04-26T07:32:56.892+0000] {logging_mixin.py:188} INFO - [2026-04-26T07:32:56.892+0000] {dag.py:3954} INFO - Setting next_dagrun for dataset_consumes_1_and_2 to None, run_after=None
[2026-04-26T07:32:56.892+0000] {logging_mixin.py:188} INFO - [2026-04-26T07:32:56.892+0000] {dag.py:3954} INFO - Setting next_dagrun for dataset_consumes_1_never_scheduled to None, run_after=None
[2026-04-26T07:32:56.893+0000] {logging_mixin.py:188} INFO - [2026-04-26T07:32:56.893+0000] {dag.py:3954} INFO - Setting next_dagrun for dataset_consumes_unknown_never_scheduled to None, run_after=None
[2026-04-26T07:32:56.895+0000] {logging_mixin.py:188} INFO - [2026-04-26T07:32:56.895+0000] {dag.py:3954} INFO - Setting next_dagrun for dataset_produces_1 to 2026-04-25 00:00:00+00:00, run_after=2026-04-26 00:00:00+00:00
[2026-04-26T07:32:56.896+0000] {logging_mixin.py:188} INFO - [2026-04-26T07:32:56.895+0000] {dag.py:3954} INFO - Setting next_dagrun for dataset_produces_2 to None, run_after=None
[2026-04-26T07:32:56.917+0000] {processor.py:183} INFO - Processing /usr/local/python/3.12.1/lib/python3.12/site-packages/airflow/example_dags/example_datasets.py took 0.241 seconds
[2026-04-26T07:33:00.043+0000] {processor.py:161} INFO - Started process (PID=33764) to work on /usr/local/python/3.12.1/lib/python3.12/site-packages/airflow/example_dags/example_datasets.py
[2026-04-26T07:33:00.043+0000] {processor.py:830} INFO - Processing file /usr/local/python/3.12.1/lib/python3.12/site-packages/airflow/example_dags/example_datasets.py for tasks to queue
[2026-04-26T07:33:00.044+0000] {logging_mixin.py:188} INFO - [2026-04-26T07:33:00.044+0000] {dagbag.py:540} INFO - Filling up the DagBag from /usr/local/python/3.12.1/lib/python3.12/site-packages/airflow/example_dags/example_datasets.py
[2026-04-26T07:33:00.055+0000] {processor.py:840} INFO - DAG(s) 'conditional_dataset_and_time_based_timetable', 'consume_1_and_2_with_dataset_expressions', 'dataset_produces_1', 'dataset_consumes_1_never_scheduled', 'dataset_consumes_1_and_2', 'dataset_consumes_1', 'dataset_consumes_unknown_never_scheduled', 'consume_1_or_both_2_and_3_with_dataset_expressions', 'consume_1_or_2_with_dataset_expressions', 'dataset_produces_2' retrieved from /usr/local/python/3.12.1/lib/python3.12/site-packages/airflow/example_dags/example_datasets.py
[2026-04-26T07:33:00.083+0000] {logging_mixin.py:188} INFO - [2026-04-26T07:33:00.083+0000] {dag.py:3096} INFO - Sync 10 DAGs
[2026-04-26T07:33:00.101+0000] {logging_mixin.py:188} INFO - [2026-04-26T07:33:00.101+0000] {dag.py:3954} INFO - Setting next_dagrun for conditional_dataset_and_time_based_timetable to 2026-04-22 01:00:00+00:00, run_after=2026-04-22 01:00:00+00:00
[2026-04-26T07:33:00.104+0000] {logging_mixin.py:188} INFO - [2026-04-26T07:33:00.104+0000] {dag.py:3954} INFO - Setting next_dagrun for consume_1_and_2_with_dataset_expressions to None, run_after=None
[2026-04-26T07:33:00.105+0000] {logging_mixin.py:188} INFO - [2026-04-26T07:33:00.105+0000] {dag.py:3954} INFO - Setting next_dagrun for consume_1_or_2_with_dataset_expressions to None, run_after=None
[2026-04-26T07:33:00.106+0000] {logging_mixin.py:188} INFO - [2026-04-26T07:33:00.106+0000] {dag.py:3954} INFO - Setting next_dagrun for consume_1_or_both_2_and_3_with_dataset_expressions to None, run_after=None
[2026-04-26T07:33:00.107+0000] {logging_mixin.py:188} INFO - [2026-04-26T07:33:00.106+0000] {dag.py:3954} INFO - Setting next_dagrun for dataset_consumes_1 to None, run_after=None
[2026-04-26T07:33:00.107+0000] {logging_mixin.py:188} INFO - [2026-04-26T07:33:00.107+0000] {dag.py:3954} INFO - Setting next_dagrun for dataset_consumes_1_and_2 to None, run_after=None
[2026-04-26T07:33:00.108+0000] {logging_mixin.py:188} INFO - [2026-04-26T07:33:00.108+0000] {dag.py:3954} INFO - Setting next_dagrun for dataset_consumes_1_never_scheduled to None, run_after=None
[2026-04-26T07:33:00.109+0000] {logging_mixin.py:188} INFO - [2026-04-26T07:33:00.109+0000] {dag.py:3954} INFO - Setting next_dagrun for dataset_consumes_unknown_never_scheduled to None, run_after=None
[2026-04-26T07:33:00.110+0000] {logging_mixin.py:188} INFO - [2026-04-26T07:33:00.110+0000] {dag.py:3954} INFO - Setting next_dagrun for dataset_produces_1 to 2026-04-25 00:00:00+00:00, run_after=2026-04-26 00:00:00+00:00
[2026-04-26T07:33:00.111+0000] {logging_mixin.py:188} INFO - [2026-04-26T07:33:00.111+0000] {dag.py:3954} INFO - Setting next_dagrun for dataset_produces_2 to None, run_after=None
[2026-04-26T07:33:00.137+0000] {processor.py:183} INFO - Processing /usr/local/python/3.12.1/lib/python3.12/site-packages/airflow/example_dags/example_datasets.py took 0.098 seconds
[2026-04-26T07:33:01.516+0000] {processor.py:161} INFO - Started process (PID=33775) to work on /usr/local/python/3.12.1/lib/python3.12/site-packages/airflow/example_dags/example_datasets.py
[2026-04-26T07:33:01.516+0000] {processor.py:830} INFO - Processing file /usr/local/python/3.12.1/lib/python3.12/site-packages/airflow/example_dags/example_datasets.py for tasks to queue
[2026-04-26T07:33:01.517+0000] {logging_mixin.py:188} INFO - [2026-04-26T07:33:01.517+0000] {dagbag.py:540} INFO - Filling up the DagBag from /usr/local/python/3.12.1/lib/python3.12/site-packages/airflow/example_dags/example_datasets.py
[2026-04-26T07:33:01.529+0000] {processor.py:840} INFO - DAG(s) 'dataset_consumes_unknown_never_scheduled', 'dataset_consumes_1_and_2', 'consume_1_or_2_with_dataset_expressions', 'dataset_consumes_1_never_scheduled', 'dataset_produces_1', 'conditional_dataset_and_time_based_timetable', 'consume_1_and_2_with_dataset_expressions', 'dataset_produces_2', 'consume_1_or_both_2_and_3_with_dataset_expressions', 'dataset_consumes_1' retrieved from /usr/local/python/3.12.1/lib/python3.12/site-packages/airflow/example_dags/example_datasets.py
[2026-04-26T07:33:01.558+0000] {logging_mixin.py:188} INFO - [2026-04-26T07:33:01.557+0000] {dag.py:3096} INFO - Sync 10 DAGs
[2026-04-26T07:33:01.576+0000] {logging_mixin.py:188} INFO - [2026-04-26T07:33:01.575+0000] {dag.py:3954} INFO - Setting next_dagrun for conditional_dataset_and_time_based_timetable to 2026-04-22 01:00:00+00:00, run_after=2026-04-22 01:00:00+00:00
[2026-04-26T07:33:01.579+0000] {logging_mixin.py:188} INFO - [2026-04-26T07:33:01.579+0000] {dag.py:3954} INFO - Setting next_dagrun for consume_1_and_2_with_dataset_expressions to None, run_after=None
[2026-04-26T07:33:01.580+0000] {logging_mixin.py:188} INFO - [2026-04-26T07:33:01.580+0000] {dag.py:3954} INFO - Setting next_dagrun for consume_1_or_2_with_dataset_expressions to None, run_after=None
[2026-04-26T07:33:01.581+0000] {logging_mixin.py:188} INFO - [2026-04-26T07:33:01.581+0000] {dag.py:3954} INFO - Setting next_dagrun for consume_1_or_both_2_and_3_with_dataset_expressions to None, run_after=None
[2026-04-26T07:33:01.582+0000] {logging_mixin.py:188} INFO - [2026-04-26T07:33:01.582+0000] {dag.py:3954} INFO - Setting next_dagrun for dataset_consumes_1 to None, run_after=None
[2026-04-26T07:33:01.582+0000] {logging_mixin.py:188} INFO - [2026-04-26T07:33:01.582+0000] {dag.py:3954} INFO - Setting next_dagrun for dataset_consumes_1_and_2 to None, run_after=None
[2026-04-26T07:33:01.583+0000] {logging_mixin.py:188} INFO - [2026-04-26T07:33:01.583+0000] {dag.py:3954} INFO - Setting next_dagrun for dataset_consumes_1_never_scheduled to None, run_after=None
[2026-04-26T07:33:01.584+0000] {logging_mixin.py:188} INFO - [2026-04-26T07:33:01.584+0000] {dag.py:3954} INFO - Setting next_dagrun for dataset_consumes_unknown_never_scheduled to None, run_after=None
[2026-04-26T07:33:01.585+0000] {logging_mixin.py:188} INFO - [2026-04-26T07:33:01.585+0000] {dag.py:3954} INFO - Setting next_dagrun for dataset_produces_1 to 2026-04-25 00:00:00+00:00, run_after=2026-04-26 00:00:00+00:00
[2026-04-26T07:33:01.586+0000] {logging_mixin.py:188} INFO - [2026-04-26T07:33:01.586+0000] {dag.py:3954} INFO - Setting next_dagrun for dataset_produces_2 to None, run_after=None
[2026-04-26T07:33:01.611+0000] {processor.py:183} INFO - Processing /usr/local/python/3.12.1/lib/python3.12/site-packages/airflow/example_dags/example_datasets.py took 0.101 seconds
[2026-04-26T07:33:47.416+0000] {processor.py:161} INFO - Started process (PID=34241) to work on /usr/local/python/3.12.1/lib/python3.12/site-packages/airflow/example_dags/example_datasets.py
[2026-04-26T07:33:47.417+0000] {processor.py:830} INFO - Processing file /usr/local/python/3.12.1/lib/python3.12/site-packages/airflow/example_dags/example_datasets.py for tasks to queue
[2026-04-26T07:33:47.418+0000] {logging_mixin.py:188} INFO - [2026-04-26T07:33:47.418+0000] {dagbag.py:540} INFO - Filling up the DagBag from /usr/local/python/3.12.1/lib/python3.12/site-packages/airflow/example_dags/example_datasets.py
[2026-04-26T07:33:47.435+0000] {processor.py:840} INFO - DAG(s) 'consume_1_or_2_with_dataset_expressions', 'dataset_produces_2', 'conditional_dataset_and_time_based_timetable', 'consume_1_and_2_with_dataset_expressions', 'dataset_produces_1', 'dataset_consumes_1_and_2', 'dataset_consumes_1_never_scheduled', 'consume_1_or_both_2_and_3_with_dataset_expressions', 'dataset_consumes_unknown_never_scheduled', 'dataset_consumes_1' retrieved from /usr/local/python/3.12.1/lib/python3.12/site-packages/airflow/example_dags/example_datasets.py
[2026-04-26T07:33:47.467+0000] {logging_mixin.py:188} INFO - [2026-04-26T07:33:47.467+0000] {dag.py:3096} INFO - Sync 10 DAGs
[2026-04-26T07:33:47.484+0000] {logging_mixin.py:188} INFO - [2026-04-26T07:33:47.483+0000] {dag.py:3954} INFO - Setting next_dagrun for conditional_dataset_and_time_based_timetable to 2026-04-22 01:00:00+00:00, run_after=2026-04-22 01:00:00+00:00
[2026-04-26T07:33:47.487+0000] {logging_mixin.py:188} INFO - [2026-04-26T07:33:47.487+0000] {dag.py:3954} INFO - Setting next_dagrun for consume_1_and_2_with_dataset_expressions to None, run_after=None
[2026-04-26T07:33:47.488+0000] {logging_mixin.py:188} INFO - [2026-04-26T07:33:47.488+0000] {dag.py:3954} INFO - Setting next_dagrun for consume_1_or_2_with_dataset_expressions to None, run_after=None
[2026-04-26T07:33:47.489+0000] {logging_mixin.py:188} INFO - [2026-04-26T07:33:47.489+0000] {dag.py:3954} INFO - Setting next_dagrun for consume_1_or_both_2_and_3_with_dataset_expressions to None, run_after=None
[2026-04-26T07:33:47.489+0000] {logging_mixin.py:188} INFO - [2026-04-26T07:33:47.489+0000] {dag.py:3954} INFO - Setting next_dagrun for dataset_consumes_1 to None, run_after=None
[2026-04-26T07:33:47.490+0000] {logging_mixin.py:188} INFO - [2026-04-26T07:33:47.490+0000] {dag.py:3954} INFO - Setting next_dagrun for dataset_consumes_1_and_2 to None, run_after=None
[2026-04-26T07:33:47.491+0000] {logging_mixin.py:188} INFO - [2026-04-26T07:33:47.491+0000] {dag.py:3954} INFO - Setting next_dagrun for dataset_consumes_1_never_scheduled to None, run_after=None
[2026-04-26T07:33:47.492+0000] {logging_mixin.py:188} INFO - [2026-04-26T07:33:47.491+0000] {dag.py:3954} INFO - Setting next_dagrun for dataset_consumes_unknown_never_scheduled to None, run_after=None
[2026-04-26T07:33:47.493+0000] {logging_mixin.py:188} INFO - [2026-04-26T07:33:47.493+0000] {dag.py:3954} INFO - Setting next_dagrun for dataset_produces_1 to 2026-04-25 00:00:00+00:00, run_after=2026-04-26 00:00:00+00:00
[2026-04-26T07:33:47.494+0000] {logging_mixin.py:188} INFO - [2026-04-26T07:33:47.494+0000] {dag.py:3954} INFO - Setting next_dagrun for dataset_produces_2 to None, run_after=None
[2026-04-26T07:33:47.695+0000] {processor.py:183} INFO - Processing /usr/local/python/3.12.1/lib/python3.12/site-packages/airflow/example_dags/example_datasets.py took 0.284 seconds
[2026-04-26T07:34:00.126+0000] {processor.py:161} INFO - Started process (PID=34356) to work on /usr/local/python/3.12.1/lib/python3.12/site-packages/airflow/example_dags/example_datasets.py
[2026-04-26T07:34:00.126+0000] {processor.py:830} INFO - Processing file /usr/local/python/3.12.1/lib/python3.12/site-packages/airflow/example_dags/example_datasets.py for tasks to queue
[2026-04-26T07:34:00.127+0000] {logging_mixin.py:188} INFO - [2026-04-26T07:34:00.127+0000] {dagbag.py:540} INFO - Filling up the DagBag from /usr/local/python/3.12.1/lib/python3.12/site-packages/airflow/example_dags/example_datasets.py
[2026-04-26T07:34:00.139+0000] {processor.py:840} INFO - DAG(s) 'dataset_consumes_1_never_scheduled', 'dataset_produces_2', 'conditional_dataset_and_time_based_timetable', 'dataset_consumes_unknown_never_scheduled', 'consume_1_or_2_with_dataset_expressions', 'consume_1_and_2_with_dataset_expressions', 'consume_1_or_both_2_and_3_with_dataset_expressions', 'dataset_consumes_1_and_2', 'dataset_consumes_1', 'dataset_produces_1' retrieved from /usr/local/python/3.12.1/lib/python3.12/site-packages/airflow/example_dags/example_datasets.py
[2026-04-26T07:34:00.167+0000] {logging_mixin.py:188} INFO - [2026-04-26T07:34:00.167+0000] {dag.py:3096} INFO - Sync 10 DAGs
[2026-04-26T07:34:00.191+0000] {logging_mixin.py:188} INFO - [2026-04-26T07:34:00.191+0000] {dag.py:3954} INFO - Setting next_dagrun for conditional_dataset_and_time_based_timetable to 2026-04-22 01:00:00+00:00, run_after=2026-04-22 01:00:00+00:00
[2026-04-26T07:34:00.194+0000] {logging_mixin.py:188} INFO - [2026-04-26T07:34:00.194+0000] {dag.py:3954} INFO - Setting next_dagrun for consume_1_and_2_with_dataset_expressions to None, run_after=None
[2026-04-26T07:34:00.195+0000] {logging_mixin.py:188} INFO - [2026-04-26T07:34:00.195+0000] {dag.py:3954} INFO - Setting next_dagrun for consume_1_or_2_with_dataset_expressions to None, run_after=None
[2026-04-26T07:34:00.196+0000] {logging_mixin.py:188} INFO - [2026-04-26T07:34:00.195+0000] {dag.py:3954} INFO - Setting next_dagrun for consume_1_or_both_2_and_3_with_dataset_expressions to None, run_after=None
[2026-04-26T07:34:00.196+0000] {logging_mixin.py:188} INFO - [2026-04-26T07:34:00.196+0000] {dag.py:3954} INFO - Setting next_dagrun for dataset_consumes_1 to None, run_after=None
[2026-04-26T07:34:00.197+0000] {logging_mixin.py:188} INFO - [2026-04-26T07:34:00.197+0000] {dag.py:3954} INFO - Setting next_dagrun for dataset_consumes_1_and_2 to None, run_after=None
[2026-04-26T07:34:00.198+0000] {logging_mixin.py:188} INFO - [2026-04-26T07:34:00.198+0000] {dag.py:3954} INFO - Setting next_dagrun for dataset_consumes_1_never_scheduled to None, run_after=None
[2026-04-26T07:34:00.199+0000] {logging_mixin.py:188} INFO - [2026-04-26T07:34:00.198+0000] {dag.py:3954} INFO - Setting next_dagrun for dataset_consumes_unknown_never_scheduled to None, run_after=None
[2026-04-26T07:34:00.200+0000] {logging_mixin.py:188} INFO - [2026-04-26T07:34:00.200+0000] {dag.py:3954} INFO - Setting next_dagrun for dataset_produces_1 to 2026-04-25 00:00:00+00:00, run_after=2026-04-26 00:00:00+00:00
[2026-04-26T07:34:00.201+0000] {logging_mixin.py:188} INFO - [2026-04-26T07:34:00.201+0000] {dag.py:3954} INFO - Setting next_dagrun for dataset_produces_2 to None, run_after=None
[2026-04-26T07:34:00.225+0000] {processor.py:183} INFO - Processing /usr/local/python/3.12.1/lib/python3.12/site-packages/airflow/example_dags/example_datasets.py took 0.105 seconds
[2026-04-26T07:34:02.045+0000] {processor.py:161} INFO - Started process (PID=34381) to work on /usr/local/python/3.12.1/lib/python3.12/site-packages/airflow/example_dags/example_datasets.py
[2026-04-26T07:34:02.046+0000] {processor.py:830} INFO - Processing file /usr/local/python/3.12.1/lib/python3.12/site-packages/airflow/example_dags/example_datasets.py for tasks to queue
[2026-04-26T07:34:02.047+0000] {logging_mixin.py:188} INFO - [2026-04-26T07:34:02.046+0000] {dagbag.py:540} INFO - Filling up the DagBag from /usr/local/python/3.12.1/lib/python3.12/site-packages/airflow/example_dags/example_datasets.py
[2026-04-26T07:34:02.058+0000] {processor.py:840} INFO - DAG(s) 'dataset_consumes_1', 'dataset_produces_2', 'dataset_consumes_1_and_2', 'consume_1_and_2_with_dataset_expressions', 'consume_1_or_2_with_dataset_expressions', 'consume_1_or_both_2_and_3_with_dataset_expressions', 'conditional_dataset_and_time_based_timetable', 'dataset_consumes_1_never_scheduled', 'dataset_consumes_unknown_never_scheduled', 'dataset_produces_1' retrieved from /usr/local/python/3.12.1/lib/python3.12/site-packages/airflow/example_dags/example_datasets.py
[2026-04-26T07:34:02.086+0000] {logging_mixin.py:188} INFO - [2026-04-26T07:34:02.085+0000] {dag.py:3096} INFO - Sync 10 DAGs
[2026-04-26T07:34:02.103+0000] {logging_mixin.py:188} INFO - [2026-04-26T07:34:02.103+0000] {dag.py:3954} INFO - Setting next_dagrun for conditional_dataset_and_time_based_timetable to 2026-04-22 01:00:00+00:00, run_after=2026-04-22 01:00:00+00:00
[2026-04-26T07:34:02.105+0000] {logging_mixin.py:188} INFO - [2026-04-26T07:34:02.105+0000] {dag.py:3954} INFO - Setting next_dagrun for consume_1_and_2_with_dataset_expressions to None, run_after=None
[2026-04-26T07:34:02.106+0000] {logging_mixin.py:188} INFO - [2026-04-26T07:34:02.106+0000] {dag.py:3954} INFO - Setting next_dagrun for consume_1_or_2_with_dataset_expressions to None, run_after=None
[2026-04-26T07:34:02.107+0000] {logging_mixin.py:188} INFO - [2026-04-26T07:34:02.107+0000] {dag.py:3954} INFO - Setting next_dagrun for consume_1_or_both_2_and_3_with_dataset_expressions to None, run_after=None
[2026-04-26T07:34:02.108+0000] {logging_mixin.py:188} INFO - [2026-04-26T07:34:02.108+0000] {dag.py:3954} INFO - Setting next_dagrun for dataset_consumes_1 to None, run_after=None
[2026-04-26T07:34:02.109+0000] {logging_mixin.py:188} INFO - [2026-04-26T07:34:02.108+0000] {dag.py:3954} INFO - Setting next_dagrun for dataset_consumes_1_and_2 to None, run_after=None
[2026-04-26T07:34:02.109+0000] {logging_mixin.py:188} INFO - [2026-04-26T07:34:02.109+0000] {dag.py:3954} INFO - Setting next_dagrun for dataset_consumes_1_never_scheduled to None, run_after=None
[2026-04-26T07:34:02.110+0000] {logging_mixin.py:188} INFO - [2026-04-26T07:34:02.110+0000] {dag.py:3954} INFO - Setting next_dagrun for dataset_consumes_unknown_never_scheduled to None, run_after=None
[2026-04-26T07:34:02.112+0000] {logging_mixin.py:188} INFO - [2026-04-26T07:34:02.112+0000] {dag.py:3954} INFO - Setting next_dagrun for dataset_produces_1 to 2026-04-25 00:00:00+00:00, run_after=2026-04-26 00:00:00+00:00
[2026-04-26T07:34:02.113+0000] {logging_mixin.py:188} INFO - [2026-04-26T07:34:02.112+0000] {dag.py:3954} INFO - Setting next_dagrun for dataset_produces_2 to None, run_after=None
[2026-04-26T07:34:02.136+0000] {processor.py:183} INFO - Processing /usr/local/python/3.12.1/lib/python3.12/site-packages/airflow/example_dags/example_datasets.py took 0.095 seconds
[2026-04-26T07:34:55.943+0000] {processor.py:161} INFO - Started process (PID=34924) to work on /usr/local/python/3.12.1/lib/python3.12/site-packages/airflow/example_dags/example_datasets.py
[2026-04-26T07:34:55.943+0000] {processor.py:830} INFO - Processing file /usr/local/python/3.12.1/lib/python3.12/site-packages/airflow/example_dags/example_datasets.py for tasks to queue
[2026-04-26T07:34:55.944+0000] {logging_mixin.py:188} INFO - [2026-04-26T07:34:55.944+0000] {dagbag.py:540} INFO - Filling up the DagBag from /usr/local/python/3.12.1/lib/python3.12/site-packages/airflow/example_dags/example_datasets.py
[2026-04-26T07:34:55.955+0000] {processor.py:840} INFO - DAG(s) 'dataset_consumes_1', 'dataset_consumes_unknown_never_scheduled', 'consume_1_or_2_with_dataset_expressions', 'dataset_consumes_1_never_scheduled', 'consume_1_or_both_2_and_3_with_dataset_expressions', 'consume_1_and_2_with_dataset_expressions', 'dataset_consumes_1_and_2', 'dataset_produces_1', 'dataset_produces_2', 'conditional_dataset_and_time_based_timetable' retrieved from /usr/local/python/3.12.1/lib/python3.12/site-packages/airflow/example_dags/example_datasets.py
[2026-04-26T07:34:55.983+0000] {logging_mixin.py:188} INFO - [2026-04-26T07:34:55.983+0000] {dag.py:3096} INFO - Sync 10 DAGs
[2026-04-26T07:34:56.001+0000] {logging_mixin.py:188} INFO - [2026-04-26T07:34:56.000+0000] {dag.py:3954} INFO - Setting next_dagrun for conditional_dataset_and_time_based_timetable to 2026-04-22 01:00:00+00:00, run_after=2026-04-22 01:00:00+00:00
[2026-04-26T07:34:56.003+0000] {logging_mixin.py:188} INFO - [2026-04-26T07:34:56.003+0000] {dag.py:3954} INFO - Setting next_dagrun for consume_1_and_2_with_dataset_expressions to None, run_after=None
[2026-04-26T07:34:56.004+0000] {logging_mixin.py:188} INFO - [2026-04-26T07:34:56.004+0000] {dag.py:3954} INFO - Setting next_dagrun for consume_1_or_2_with_dataset_expressions to None, run_after=None
[2026-04-26T07:34:56.005+0000] {logging_mixin.py:188} INFO - [2026-04-26T07:34:56.005+0000] {dag.py:3954} INFO - Setting next_dagrun for consume_1_or_both_2_and_3_with_dataset_expressions to None, run_after=None
[2026-04-26T07:34:56.006+0000] {logging_mixin.py:188} INFO - [2026-04-26T07:34:56.005+0000] {dag.py:3954} INFO - Setting next_dagrun for dataset_consumes_1 to None, run_after=None
[2026-04-26T07:34:56.006+0000] {logging_mixin.py:188} INFO - [2026-04-26T07:34:56.006+0000] {dag.py:3954} INFO - Setting next_dagrun for dataset_consumes_1_and_2 to None, run_after=None
[2026-04-26T07:34:56.007+0000] {logging_mixin.py:188} INFO - [2026-04-26T07:34:56.007+0000] {dag.py:3954} INFO - Setting next_dagrun for dataset_consumes_1_never_scheduled to None, run_after=None
[2026-04-26T07:34:56.008+0000] {logging_mixin.py:188} INFO - [2026-04-26T07:34:56.008+0000] {dag.py:3954} INFO - Setting next_dagrun for dataset_consumes_unknown_never_scheduled to None, run_after=None
[2026-04-26T07:34:56.010+0000] {logging_mixin.py:188} INFO - [2026-04-26T07:34:56.010+0000] {dag.py:3954} INFO - Setting next_dagrun for dataset_produces_1 to 2026-04-25 00:00:00+00:00, run_after=2026-04-26 00:00:00+00:00
[2026-04-26T07:34:56.011+0000] {logging_mixin.py:188} INFO - [2026-04-26T07:34:56.010+0000] {dag.py:3954} INFO - Setting next_dagrun for dataset_produces_2 to None, run_after=None
[2026-04-26T07:34:56.033+0000] {processor.py:183} INFO - Processing /usr/local/python/3.12.1/lib/python3.12/site-packages/airflow/example_dags/example_datasets.py took 0.095 seconds
[2026-04-26T07:34:57.279+0000] {processor.py:161} INFO - Started process (PID=34929) to work on /usr/local/python/3.12.1/lib/python3.12/site-packages/airflow/example_dags/example_datasets.py
[2026-04-26T07:34:57.279+0000] {processor.py:830} INFO - Processing file /usr/local/python/3.12.1/lib/python3.12/site-packages/airflow/example_dags/example_datasets.py for tasks to queue
[2026-04-26T07:34:57.280+0000] {logging_mixin.py:188} INFO - [2026-04-26T07:34:57.280+0000] {dagbag.py:540} INFO - Filling up the DagBag from /usr/local/python/3.12.1/lib/python3.12/site-packages/airflow/example_dags/example_datasets.py
[2026-04-26T07:34:57.292+0000] {processor.py:840} INFO - DAG(s) 'consume_1_and_2_with_dataset_expressions', 'dataset_consumes_1', 'dataset_consumes_unknown_never_scheduled', 'dataset_produces_2', 'conditional_dataset_and_time_based_timetable', 'dataset_consumes_1_never_scheduled', 'consume_1_or_2_with_dataset_expressions', 'consume_1_or_both_2_and_3_with_dataset_expressions', 'dataset_produces_1', 'dataset_consumes_1_and_2' retrieved from /usr/local/python/3.12.1/lib/python3.12/site-packages/airflow/example_dags/example_datasets.py
[2026-04-26T07:34:57.319+0000] {logging_mixin.py:188} INFO - [2026-04-26T07:34:57.319+0000] {dag.py:3096} INFO - Sync 10 DAGs
[2026-04-26T07:34:57.337+0000] {logging_mixin.py:188} INFO - [2026-04-26T07:34:57.337+0000] {dag.py:3954} INFO - Setting next_dagrun for conditional_dataset_and_time_based_timetable to 2026-04-22 01:00:00+00:00, run_after=2026-04-22 01:00:00+00:00
[2026-04-26T07:34:57.340+0000] {logging_mixin.py:188} INFO - [2026-04-26T07:34:57.340+0000] {dag.py:3954} INFO - Setting next_dagrun for consume_1_and_2_with_dataset_expressions to None, run_after=None
[2026-04-26T07:34:57.341+0000] {logging_mixin.py:188} INFO - [2026-04-26T07:34:57.340+0000] {dag.py:3954} INFO - Setting next_dagrun for consume_1_or_2_with_dataset_expressions to None, run_after=None
[2026-04-26T07:34:57.341+0000] {logging_mixin.py:188} INFO - [2026-04-26T07:34:57.341+0000] {dag.py:3954} INFO - Setting next_dagrun for consume_1_or_both_2_and_3_with_dataset_expressions to None, run_after=None
[2026-04-26T07:34:57.342+0000] {logging_mixin.py:188} INFO - [2026-04-26T07:34:57.342+0000] {dag.py:3954} INFO - Setting next_dagrun for dataset_consumes_1 to None, run_after=None
[2026-04-26T07:34:57.343+0000] {logging_mixin.py:188} INFO - [2026-04-26T07:34:57.343+0000] {dag.py:3954} INFO - Setting next_dagrun for dataset_consumes_1_and_2 to None, run_after=None
[2026-04-26T07:34:57.343+0000] {logging_mixin.py:188} INFO - [2026-04-26T07:34:57.343+0000] {dag.py:3954} INFO - Setting next_dagrun for dataset_consumes_1_never_scheduled to None, run_after=None
[2026-04-26T07:34:57.344+0000] {logging_mixin.py:188} INFO - [2026-04-26T07:34:57.344+0000] {dag.py:3954} INFO - Setting next_dagrun for dataset_consumes_unknown_never_scheduled to None, run_after=None
[2026-04-26T07:34:57.346+0000] {logging_mixin.py:188} INFO - [2026-04-26T07:34:57.346+0000] {dag.py:3954} INFO - Setting next_dagrun for dataset_produces_1 to 2026-04-25 00:00:00+00:00, run_after=2026-04-26 00:00:00+00:00
[2026-04-26T07:34:57.347+0000] {logging_mixin.py:188} INFO - [2026-04-26T07:34:57.347+0000] {dag.py:3954} INFO - Setting next_dagrun for dataset_produces_2 to None, run_after=None
[2026-04-26T07:34:57.371+0000] {processor.py:183} INFO - Processing /usr/local/python/3.12.1/lib/python3.12/site-packages/airflow/example_dags/example_datasets.py took 0.096 seconds
[2026-04-26T07:35:01.160+0000] {processor.py:161} INFO - Started process (PID=34963) to work on /usr/local/python/3.12.1/lib/python3.12/site-packages/airflow/example_dags/example_datasets.py
[2026-04-26T07:35:01.161+0000] {processor.py:830} INFO - Processing file /usr/local/python/3.12.1/lib/python3.12/site-packages/airflow/example_dags/example_datasets.py for tasks to queue
[2026-04-26T07:35:01.162+0000] {logging_mixin.py:188} INFO - [2026-04-26T07:35:01.162+0000] {dagbag.py:540} INFO - Filling up the DagBag from /usr/local/python/3.12.1/lib/python3.12/site-packages/airflow/example_dags/example_datasets.py
[2026-04-26T07:35:01.178+0000] {processor.py:840} INFO - DAG(s) 'consume_1_or_2_with_dataset_expressions', 'dataset_produces_1', 'dataset_produces_2', 'conditional_dataset_and_time_based_timetable', 'consume_1_or_both_2_and_3_with_dataset_expressions', 'dataset_consumes_1', 'consume_1_and_2_with_dataset_expressions', 'dataset_consumes_1_and_2', 'dataset_consumes_unknown_never_scheduled', 'dataset_consumes_1_never_scheduled' retrieved from /usr/local/python/3.12.1/lib/python3.12/site-packages/airflow/example_dags/example_datasets.py
[2026-04-26T07:35:01.215+0000] {logging_mixin.py:188} INFO - [2026-04-26T07:35:01.214+0000] {dag.py:3096} INFO - Sync 10 DAGs
[2026-04-26T07:35:01.233+0000] {logging_mixin.py:188} INFO - [2026-04-26T07:35:01.233+0000] {dag.py:3954} INFO - Setting next_dagrun for conditional_dataset_and_time_based_timetable to 2026-04-22 01:00:00+00:00, run_after=2026-04-22 01:00:00+00:00
[2026-04-26T07:35:01.236+0000] {logging_mixin.py:188} INFO - [2026-04-26T07:35:01.236+0000] {dag.py:3954} INFO - Setting next_dagrun for consume_1_and_2_with_dataset_expressions to None, run_after=None
[2026-04-26T07:35:01.237+0000] {logging_mixin.py:188} INFO - [2026-04-26T07:35:01.237+0000] {dag.py:3954} INFO - Setting next_dagrun for consume_1_or_2_with_dataset_expressions to None, run_after=None
[2026-04-26T07:35:01.238+0000] {logging_mixin.py:188} INFO - [2026-04-26T07:35:01.238+0000] {dag.py:3954} INFO - Setting next_dagrun for consume_1_or_both_2_and_3_with_dataset_expressions to None, run_after=None
[2026-04-26T07:35:01.239+0000] {logging_mixin.py:188} INFO - [2026-04-26T07:35:01.239+0000] {dag.py:3954} INFO - Setting next_dagrun for dataset_consumes_1 to None, run_after=None
[2026-04-26T07:35:01.240+0000] {logging_mixin.py:188} INFO - [2026-04-26T07:35:01.240+0000] {dag.py:3954} INFO - Setting next_dagrun for dataset_consumes_1_and_2 to None, run_after=None
[2026-04-26T07:35:01.241+0000] {logging_mixin.py:188} INFO - [2026-04-26T07:35:01.241+0000] {dag.py:3954} INFO - Setting next_dagrun for dataset_consumes_1_never_scheduled to None, run_after=None
[2026-04-26T07:35:01.242+0000] {logging_mixin.py:188} INFO - [2026-04-26T07:35:01.242+0000] {dag.py:3954} INFO - Setting next_dagrun for dataset_consumes_unknown_never_scheduled to None, run_after=None
[2026-04-26T07:35:01.245+0000] {logging_mixin.py:188} INFO - [2026-04-26T07:35:01.245+0000] {dag.py:3954} INFO - Setting next_dagrun for dataset_produces_1 to 2026-04-25 00:00:00+00:00, run_after=2026-04-26 00:00:00+00:00
[2026-04-26T07:35:01.246+0000] {logging_mixin.py:188} INFO - [2026-04-26T07:35:01.246+0000] {dag.py:3954} INFO - Setting next_dagrun for dataset_produces_2 to None, run_after=None
[2026-04-26T07:35:01.270+0000] {processor.py:183} INFO - Processing /usr/local/python/3.12.1/lib/python3.12/site-packages/airflow/example_dags/example_datasets.py took 0.117 seconds
[2026-04-26T07:35:55.130+0000] {processor.py:161} INFO - Started process (PID=35528) to work on /usr/local/python/3.12.1/lib/python3.12/site-packages/airflow/example_dags/example_datasets.py
[2026-04-26T07:35:55.131+0000] {processor.py:830} INFO - Processing file /usr/local/python/3.12.1/lib/python3.12/site-packages/airflow/example_dags/example_datasets.py for tasks to queue
[2026-04-26T07:35:55.132+0000] {logging_mixin.py:188} INFO - [2026-04-26T07:35:55.132+0000] {dagbag.py:540} INFO - Filling up the DagBag from /usr/local/python/3.12.1/lib/python3.12/site-packages/airflow/example_dags/example_datasets.py
[2026-04-26T07:35:55.143+0000] {processor.py:840} INFO - DAG(s) 'conditional_dataset_and_time_based_timetable', 'dataset_consumes_unknown_never_scheduled', 'consume_1_and_2_with_dataset_expressions', 'consume_1_or_both_2_and_3_with_dataset_expressions', 'dataset_consumes_1_never_scheduled', 'dataset_produces_2', 'dataset_consumes_1', 'dataset_produces_1', 'dataset_consumes_1_and_2', 'consume_1_or_2_with_dataset_expressions' retrieved from /usr/local/python/3.12.1/lib/python3.12/site-packages/airflow/example_dags/example_datasets.py
[2026-04-26T07:35:55.172+0000] {logging_mixin.py:188} INFO - [2026-04-26T07:35:55.172+0000] {dag.py:3096} INFO - Sync 10 DAGs
[2026-04-26T07:35:55.192+0000] {logging_mixin.py:188} INFO - [2026-04-26T07:35:55.192+0000] {dag.py:3954} INFO - Setting next_dagrun for conditional_dataset_and_time_based_timetable to 2026-04-22 01:00:00+00:00, run_after=2026-04-22 01:00:00+00:00
[2026-04-26T07:35:55.196+0000] {logging_mixin.py:188} INFO - [2026-04-26T07:35:55.195+0000] {dag.py:3954} INFO - Setting next_dagrun for consume_1_and_2_with_dataset_expressions to None, run_after=None
[2026-04-26T07:35:55.197+0000] {logging_mixin.py:188} INFO - [2026-04-26T07:35:55.196+0000] {dag.py:3954} INFO - Setting next_dagrun for consume_1_or_2_with_dataset_expressions to None, run_after=None
[2026-04-26T07:35:55.197+0000] {logging_mixin.py:188} INFO - [2026-04-26T07:35:55.197+0000] {dag.py:3954} INFO - Setting next_dagrun for consume_1_or_both_2_and_3_with_dataset_expressions to None, run_after=None
[2026-04-26T07:35:55.198+0000] {logging_mixin.py:188} INFO - [2026-04-26T07:35:55.198+0000] {dag.py:3954} INFO - Setting next_dagrun for dataset_consumes_1 to None, run_after=None
[2026-04-26T07:35:55.199+0000] {logging_mixin.py:188} INFO - [2026-04-26T07:35:55.199+0000] {dag.py:3954} INFO - Setting next_dagrun for dataset_consumes_1_and_2 to None, run_after=None
[2026-04-26T07:35:55.200+0000] {logging_mixin.py:188} INFO - [2026-04-26T07:35:55.199+0000] {dag.py:3954} INFO - Setting next_dagrun for dataset_consumes_1_never_scheduled to None, run_after=None
[2026-04-26T07:35:55.200+0000] {logging_mixin.py:188} INFO - [2026-04-26T07:35:55.200+0000] {dag.py:3954} INFO - Setting next_dagrun for dataset_consumes_unknown_never_scheduled to None, run_after=None
[2026-04-26T07:35:55.202+0000] {logging_mixin.py:188} INFO - [2026-04-26T07:35:55.202+0000] {dag.py:3954} INFO - Setting next_dagrun for dataset_produces_1 to 2026-04-25 00:00:00+00:00, run_after=2026-04-26 00:00:00+00:00
[2026-04-26T07:35:55.203+0000] {logging_mixin.py:188} INFO - [2026-04-26T07:35:55.203+0000] {dag.py:3954} INFO - Setting next_dagrun for dataset_produces_2 to None, run_after=None
[2026-04-26T07:35:55.226+0000] {processor.py:183} INFO - Processing /usr/local/python/3.12.1/lib/python3.12/site-packages/airflow/example_dags/example_datasets.py took 0.100 seconds
[2026-04-26T07:36:00.034+0000] {processor.py:161} INFO - Started process (PID=35565) to work on /usr/local/python/3.12.1/lib/python3.12/site-packages/airflow/example_dags/example_datasets.py
[2026-04-26T07:36:00.035+0000] {processor.py:830} INFO - Processing file /usr/local/python/3.12.1/lib/python3.12/site-packages/airflow/example_dags/example_datasets.py for tasks to queue
[2026-04-26T07:36:00.036+0000] {logging_mixin.py:188} INFO - [2026-04-26T07:36:00.035+0000] {dagbag.py:540} INFO - Filling up the DagBag from /usr/local/python/3.12.1/lib/python3.12/site-packages/airflow/example_dags/example_datasets.py
[2026-04-26T07:36:00.054+0000] {processor.py:840} INFO - DAG(s) 'consume_1_and_2_with_dataset_expressions', 'dataset_consumes_1_never_scheduled', 'dataset_consumes_unknown_never_scheduled', 'dataset_consumes_1', 'dataset_consumes_1_and_2', 'conditional_dataset_and_time_based_timetable', 'dataset_produces_1', 'dataset_produces_2', 'consume_1_or_both_2_and_3_with_dataset_expressions', 'consume_1_or_2_with_dataset_expressions' retrieved from /usr/local/python/3.12.1/lib/python3.12/site-packages/airflow/example_dags/example_datasets.py
[2026-04-26T07:36:00.135+0000] {processor.py:161} INFO - Started process (PID=35567) to work on /usr/local/python/3.12.1/lib/python3.12/site-packages/airflow/example_dags/example_datasets.py
[2026-04-26T07:36:00.136+0000] {processor.py:830} INFO - Processing file /usr/local/python/3.12.1/lib/python3.12/site-packages/airflow/example_dags/example_datasets.py for tasks to queue
[2026-04-26T07:36:00.137+0000] {logging_mixin.py:188} INFO - [2026-04-26T07:36:00.137+0000] {dagbag.py:540} INFO - Filling up the DagBag from /usr/local/python/3.12.1/lib/python3.12/site-packages/airflow/example_dags/example_datasets.py
[2026-04-26T07:36:00.137+0000] {logging_mixin.py:188} INFO - [2026-04-26T07:36:00.135+0000] {dag.py:3096} INFO - Sync 10 DAGs
[2026-04-26T07:36:00.153+0000] {processor.py:840} INFO - DAG(s) 'dataset_produces_1', 'dataset_consumes_1', 'dataset_consumes_1_and_2', 'dataset_consumes_unknown_never_scheduled', 'conditional_dataset_and_time_based_timetable', 'consume_1_or_2_with_dataset_expressions', 'consume_1_or_both_2_and_3_with_dataset_expressions', 'dataset_consumes_1_never_scheduled', 'dataset_produces_2', 'consume_1_and_2_with_dataset_expressions' retrieved from /usr/local/python/3.12.1/lib/python3.12/site-packages/airflow/example_dags/example_datasets.py
[2026-04-26T07:36:00.173+0000] {logging_mixin.py:188} INFO - [2026-04-26T07:36:00.172+0000] {dag.py:3954} INFO - Setting next_dagrun for conditional_dataset_and_time_based_timetable to 2026-04-22 01:00:00+00:00, run_after=2026-04-22 01:00:00+00:00
[2026-04-26T07:36:00.181+0000] {logging_mixin.py:188} INFO - [2026-04-26T07:36:00.181+0000] {dag.py:3954} INFO - Setting next_dagrun for consume_1_and_2_with_dataset_expressions to None, run_after=None
[2026-04-26T07:36:00.182+0000] {logging_mixin.py:188} INFO - [2026-04-26T07:36:00.182+0000] {dag.py:3954} INFO - Setting next_dagrun for consume_1_or_2_with_dataset_expressions to None, run_after=None
[2026-04-26T07:36:00.185+0000] {logging_mixin.py:188} INFO - [2026-04-26T07:36:00.185+0000] {dag.py:3954} INFO - Setting next_dagrun for consume_1_or_both_2_and_3_with_dataset_expressions to None, run_after=None
[2026-04-26T07:36:00.188+0000] {logging_mixin.py:188} INFO - [2026-04-26T07:36:00.186+0000] {dag.py:3954} INFO - Setting next_dagrun for dataset_consumes_1 to None, run_after=None
[2026-04-26T07:36:00.189+0000] {logging_mixin.py:188} INFO - [2026-04-26T07:36:00.189+0000] {dag.py:3954} INFO - Setting next_dagrun for dataset_consumes_1_and_2 to None, run_after=None
[2026-04-26T07:36:00.193+0000] {logging_mixin.py:188} INFO - [2026-04-26T07:36:00.192+0000] {dag.py:3954} INFO - Setting next_dagrun for dataset_consumes_1_never_scheduled to None, run_after=None
[2026-04-26T07:36:00.194+0000] {logging_mixin.py:188} INFO - [2026-04-26T07:36:00.194+0000] {dag.py:3954} INFO - Setting next_dagrun for dataset_consumes_unknown_never_scheduled to None, run_after=None
[2026-04-26T07:36:00.198+0000] {logging_mixin.py:188} INFO - [2026-04-26T07:36:00.198+0000] {dag.py:3096} INFO - Sync 10 DAGs
[2026-04-26T07:36:00.198+0000] {logging_mixin.py:188} INFO - [2026-04-26T07:36:00.198+0000] {dag.py:3954} INFO - Setting next_dagrun for dataset_produces_1 to 2026-04-25 00:00:00+00:00, run_after=2026-04-26 00:00:00+00:00
[2026-04-26T07:36:00.199+0000] {logging_mixin.py:188} INFO - [2026-04-26T07:36:00.199+0000] {dag.py:3954} INFO - Setting next_dagrun for dataset_produces_2 to None, run_after=None
[2026-04-26T07:36:00.226+0000] {logging_mixin.py:188} INFO - [2026-04-26T07:36:00.226+0000] {dag.py:3954} INFO - Setting next_dagrun for conditional_dataset_and_time_based_timetable to 2026-04-22 01:00:00+00:00, run_after=2026-04-22 01:00:00+00:00
[2026-04-26T07:36:00.230+0000] {logging_mixin.py:188} INFO - [2026-04-26T07:36:00.230+0000] {dag.py:3954} INFO - Setting next_dagrun for consume_1_and_2_with_dataset_expressions to None, run_after=None
[2026-04-26T07:36:00.232+0000] {logging_mixin.py:188} INFO - [2026-04-26T07:36:00.231+0000] {dag.py:3954} INFO - Setting next_dagrun for consume_1_or_2_with_dataset_expressions to None, run_after=None
[2026-04-26T07:36:00.233+0000] {logging_mixin.py:188} INFO - [2026-04-26T07:36:00.232+0000] {dag.py:3954} INFO - Setting next_dagrun for consume_1_or_both_2_and_3_with_dataset_expressions to None, run_after=None
[2026-04-26T07:36:00.234+0000] {logging_mixin.py:188} INFO - [2026-04-26T07:36:00.234+0000] {dag.py:3954} INFO - Setting next_dagrun for dataset_consumes_1 to None, run_after=None
[2026-04-26T07:36:00.235+0000] {logging_mixin.py:188} INFO - [2026-04-26T07:36:00.235+0000] {dag.py:3954} INFO - Setting next_dagrun for dataset_consumes_1_and_2 to None, run_after=None
[2026-04-26T07:36:00.236+0000] {logging_mixin.py:188} INFO - [2026-04-26T07:36:00.236+0000] {dag.py:3954} INFO - Setting next_dagrun for dataset_consumes_1_never_scheduled to None, run_after=None
[2026-04-26T07:36:00.237+0000] {logging_mixin.py:188} INFO - [2026-04-26T07:36:00.237+0000] {dag.py:3954} INFO - Setting next_dagrun for dataset_consumes_unknown_never_scheduled to None, run_after=None
[2026-04-26T07:36:00.240+0000] {logging_mixin.py:188} INFO - [2026-04-26T07:36:00.240+0000] {dag.py:3954} INFO - Setting next_dagrun for dataset_produces_1 to 2026-04-25 00:00:00+00:00, run_after=2026-04-26 00:00:00+00:00
[2026-04-26T07:36:00.240+0000] {processor.py:183} INFO - Processing /usr/local/python/3.12.1/lib/python3.12/site-packages/airflow/example_dags/example_datasets.py took 0.214 seconds
[2026-04-26T07:36:00.241+0000] {logging_mixin.py:188} INFO - [2026-04-26T07:36:00.241+0000] {dag.py:3954} INFO - Setting next_dagrun for dataset_produces_2 to None, run_after=None
[2026-04-26T07:36:00.265+0000] {processor.py:183} INFO - Processing /usr/local/python/3.12.1/lib/python3.12/site-packages/airflow/example_dags/example_datasets.py took 0.136 seconds
[2026-04-26T07:36:52.203+0000] {processor.py:161} INFO - Started process (PID=36040) to work on /usr/local/python/3.12.1/lib/python3.12/site-packages/airflow/example_dags/example_datasets.py
[2026-04-26T07:36:52.203+0000] {processor.py:830} INFO - Processing file /usr/local/python/3.12.1/lib/python3.12/site-packages/airflow/example_dags/example_datasets.py for tasks to queue
[2026-04-26T07:36:52.204+0000] {logging_mixin.py:188} INFO - [2026-04-26T07:36:52.204+0000] {dagbag.py:540} INFO - Filling up the DagBag from /usr/local/python/3.12.1/lib/python3.12/site-packages/airflow/example_dags/example_datasets.py
[2026-04-26T07:36:52.216+0000] {processor.py:840} INFO - DAG(s) 'dataset_consumes_1', 'consume_1_and_2_with_dataset_expressions', 'consume_1_or_2_with_dataset_expressions', 'conditional_dataset_and_time_based_timetable', 'dataset_produces_1', 'dataset_consumes_1_and_2', 'consume_1_or_both_2_and_3_with_dataset_expressions', 'dataset_consumes_1_never_scheduled', 'dataset_produces_2', 'dataset_consumes_unknown_never_scheduled' retrieved from /usr/local/python/3.12.1/lib/python3.12/site-packages/airflow/example_dags/example_datasets.py
[2026-04-26T07:36:52.244+0000] {logging_mixin.py:188} INFO - [2026-04-26T07:36:52.244+0000] {dag.py:3096} INFO - Sync 10 DAGs
[2026-04-26T07:36:52.263+0000] {logging_mixin.py:188} INFO - [2026-04-26T07:36:52.263+0000] {dag.py:3954} INFO - Setting next_dagrun for conditional_dataset_and_time_based_timetable to 2026-04-22 01:00:00+00:00, run_after=2026-04-22 01:00:00+00:00
[2026-04-26T07:36:52.266+0000] {logging_mixin.py:188} INFO - [2026-04-26T07:36:52.266+0000] {dag.py:3954} INFO - Setting next_dagrun for consume_1_and_2_with_dataset_expressions to None, run_after=None
[2026-04-26T07:36:52.267+0000] {logging_mixin.py:188} INFO - [2026-04-26T07:36:52.267+0000] {dag.py:3954} INFO - Setting next_dagrun for consume_1_or_2_with_dataset_expressions to None, run_after=None
[2026-04-26T07:36:52.268+0000] {logging_mixin.py:188} INFO - [2026-04-26T07:36:52.268+0000] {dag.py:3954} INFO - Setting next_dagrun for consume_1_or_both_2_and_3_with_dataset_expressions to None, run_after=None
[2026-04-26T07:36:52.269+0000] {logging_mixin.py:188} INFO - [2026-04-26T07:36:52.269+0000] {dag.py:3954} INFO - Setting next_dagrun for dataset_consumes_1 to None, run_after=None
[2026-04-26T07:36:52.270+0000] {logging_mixin.py:188} INFO - [2026-04-26T07:36:52.270+0000] {dag.py:3954} INFO - Setting next_dagrun for dataset_consumes_1_and_2 to None, run_after=None
[2026-04-26T07:36:52.270+0000] {logging_mixin.py:188} INFO - [2026-04-26T07:36:52.270+0000] {dag.py:3954} INFO - Setting next_dagrun for dataset_consumes_1_never_scheduled to None, run_after=None
[2026-04-26T07:36:52.271+0000] {logging_mixin.py:188} INFO - [2026-04-26T07:36:52.271+0000] {dag.py:3954} INFO - Setting next_dagrun for dataset_consumes_unknown_never_scheduled to None, run_after=None
[2026-04-26T07:36:52.273+0000] {logging_mixin.py:188} INFO - [2026-04-26T07:36:52.273+0000] {dag.py:3954} INFO - Setting next_dagrun for dataset_produces_1 to 2026-04-25 00:00:00+00:00, run_after=2026-04-26 00:00:00+00:00
[2026-04-26T07:36:52.274+0000] {logging_mixin.py:188} INFO - [2026-04-26T07:36:52.274+0000] {dag.py:3954} INFO - Setting next_dagrun for dataset_produces_2 to None, run_after=None
[2026-04-26T07:36:52.297+0000] {processor.py:183} INFO - Processing /usr/local/python/3.12.1/lib/python3.12/site-packages/airflow/example_dags/example_datasets.py took 0.098 seconds
[2026-04-26T07:36:58.429+0000] {processor.py:161} INFO - Started process (PID=36099) to work on /usr/local/python/3.12.1/lib/python3.12/site-packages/airflow/example_dags/example_datasets.py
[2026-04-26T07:36:58.430+0000] {processor.py:830} INFO - Processing file /usr/local/python/3.12.1/lib/python3.12/site-packages/airflow/example_dags/example_datasets.py for tasks to queue
[2026-04-26T07:36:58.431+0000] {logging_mixin.py:188} INFO - [2026-04-26T07:36:58.431+0000] {dagbag.py:540} INFO - Filling up the DagBag from /usr/local/python/3.12.1/lib/python3.12/site-packages/airflow/example_dags/example_datasets.py
[2026-04-26T07:36:58.442+0000] {processor.py:840} INFO - DAG(s) 'dataset_consumes_1_never_scheduled', 'conditional_dataset_and_time_based_timetable', 'consume_1_or_2_with_dataset_expressions', 'dataset_consumes_1_and_2', 'dataset_consumes_1', 'consume_1_and_2_with_dataset_expressions', 'dataset_produces_2', 'consume_1_or_both_2_and_3_with_dataset_expressions', 'dataset_produces_1', 'dataset_consumes_unknown_never_scheduled' retrieved from /usr/local/python/3.12.1/lib/python3.12/site-packages/airflow/example_dags/example_datasets.py
[2026-04-26T07:36:58.471+0000] {logging_mixin.py:188} INFO - [2026-04-26T07:36:58.471+0000] {dag.py:3096} INFO - Sync 10 DAGs
[2026-04-26T07:36:58.489+0000] {logging_mixin.py:188} INFO - [2026-04-26T07:36:58.489+0000] {dag.py:3954} INFO - Setting next_dagrun for conditional_dataset_and_time_based_timetable to 2026-04-22 01:00:00+00:00, run_after=2026-04-22 01:00:00+00:00
[2026-04-26T07:36:58.492+0000] {logging_mixin.py:188} INFO - [2026-04-26T07:36:58.492+0000] {dag.py:3954} INFO - Setting next_dagrun for consume_1_and_2_with_dataset_expressions to None, run_after=None
[2026-04-26T07:36:58.493+0000] {logging_mixin.py:188} INFO - [2026-04-26T07:36:58.493+0000] {dag.py:3954} INFO - Setting next_dagrun for consume_1_or_2_with_dataset_expressions to None, run_after=None
[2026-04-26T07:36:58.494+0000] {logging_mixin.py:188} INFO - [2026-04-26T07:36:58.494+0000] {dag.py:3954} INFO - Setting next_dagrun for consume_1_or_both_2_and_3_with_dataset_expressions to None, run_after=None
[2026-04-26T07:36:58.494+0000] {logging_mixin.py:188} INFO - [2026-04-26T07:36:58.494+0000] {dag.py:3954} INFO - Setting next_dagrun for dataset_consumes_1 to None, run_after=None
[2026-04-26T07:36:58.495+0000] {logging_mixin.py:188} INFO - [2026-04-26T07:36:58.495+0000] {dag.py:3954} INFO - Setting next_dagrun for dataset_consumes_1_and_2 to None, run_after=None
[2026-04-26T07:36:58.496+0000] {logging_mixin.py:188} INFO - [2026-04-26T07:36:58.496+0000] {dag.py:3954} INFO - Setting next_dagrun for dataset_consumes_1_never_scheduled to None, run_after=None
[2026-04-26T07:36:58.497+0000] {logging_mixin.py:188} INFO - [2026-04-26T07:36:58.497+0000] {dag.py:3954} INFO - Setting next_dagrun for dataset_consumes_unknown_never_scheduled to None, run_after=None
[2026-04-26T07:36:58.498+0000] {logging_mixin.py:188} INFO - [2026-04-26T07:36:58.498+0000] {dag.py:3954} INFO - Setting next_dagrun for dataset_produces_1 to 2026-04-25 00:00:00+00:00, run_after=2026-04-26 00:00:00+00:00
[2026-04-26T07:36:58.499+0000] {logging_mixin.py:188} INFO - [2026-04-26T07:36:58.499+0000] {dag.py:3954} INFO - Setting next_dagrun for dataset_produces_2 to None, run_after=None
[2026-04-26T07:36:58.521+0000] {processor.py:183} INFO - Processing /usr/local/python/3.12.1/lib/python3.12/site-packages/airflow/example_dags/example_datasets.py took 0.096 seconds
[2026-04-26T07:36:59.960+0000] {processor.py:161} INFO - Started process (PID=36105) to work on /usr/local/python/3.12.1/lib/python3.12/site-packages/airflow/example_dags/example_datasets.py
[2026-04-26T07:36:59.961+0000] {processor.py:830} INFO - Processing file /usr/local/python/3.12.1/lib/python3.12/site-packages/airflow/example_dags/example_datasets.py for tasks to queue
[2026-04-26T07:36:59.962+0000] {logging_mixin.py:188} INFO - [2026-04-26T07:36:59.961+0000] {dagbag.py:540} INFO - Filling up the DagBag from /usr/local/python/3.12.1/lib/python3.12/site-packages/airflow/example_dags/example_datasets.py
[2026-04-26T07:36:59.989+0000] {processor.py:840} INFO - DAG(s) 'dataset_consumes_1_never_scheduled', 'dataset_produces_2', 'consume_1_or_both_2_and_3_with_dataset_expressions', 'dataset_consumes_1', 'consume_1_and_2_with_dataset_expressions', 'dataset_produces_1', 'consume_1_or_2_with_dataset_expressions', 'conditional_dataset_and_time_based_timetable', 'dataset_consumes_unknown_never_scheduled', 'dataset_consumes_1_and_2' retrieved from /usr/local/python/3.12.1/lib/python3.12/site-packages/airflow/example_dags/example_datasets.py
[2026-04-26T07:37:00.055+0000] {logging_mixin.py:188} INFO - [2026-04-26T07:37:00.054+0000] {dag.py:3096} INFO - Sync 10 DAGs
[2026-04-26T07:37:00.082+0000] {logging_mixin.py:188} INFO - [2026-04-26T07:37:00.082+0000] {dag.py:3954} INFO - Setting next_dagrun for conditional_dataset_and_time_based_timetable to 2026-04-22 01:00:00+00:00, run_after=2026-04-22 01:00:00+00:00
[2026-04-26T07:37:00.085+0000] {logging_mixin.py:188} INFO - [2026-04-26T07:37:00.085+0000] {dag.py:3954} INFO - Setting next_dagrun for consume_1_and_2_with_dataset_expressions to None, run_after=None
[2026-04-26T07:37:00.086+0000] {logging_mixin.py:188} INFO - [2026-04-26T07:37:00.086+0000] {dag.py:3954} INFO - Setting next_dagrun for consume_1_or_2_with_dataset_expressions to None, run_after=None
[2026-04-26T07:37:00.087+0000] {logging_mixin.py:188} INFO - [2026-04-26T07:37:00.087+0000] {dag.py:3954} INFO - Setting next_dagrun for consume_1_or_both_2_and_3_with_dataset_expressions to None, run_after=None
[2026-04-26T07:37:00.088+0000] {logging_mixin.py:188} INFO - [2026-04-26T07:37:00.087+0000] {dag.py:3954} INFO - Setting next_dagrun for dataset_consumes_1 to None, run_after=None
[2026-04-26T07:37:00.088+0000] {logging_mixin.py:188} INFO - [2026-04-26T07:37:00.088+0000] {dag.py:3954} INFO - Setting next_dagrun for dataset_consumes_1_and_2 to None, run_after=None
[2026-04-26T07:37:00.089+0000] {logging_mixin.py:188} INFO - [2026-04-26T07:37:00.089+0000] {dag.py:3954} INFO - Setting next_dagrun for dataset_consumes_1_never_scheduled to None, run_after=None
[2026-04-26T07:37:00.090+0000] {logging_mixin.py:188} INFO - [2026-04-26T07:37:00.090+0000] {dag.py:3954} INFO - Setting next_dagrun for dataset_consumes_unknown_never_scheduled to None, run_after=None
[2026-04-26T07:37:00.091+0000] {logging_mixin.py:188} INFO - [2026-04-26T07:37:00.091+0000] {dag.py:3954} INFO - Setting next_dagrun for dataset_produces_1 to 2026-04-25 00:00:00+00:00, run_after=2026-04-26 00:00:00+00:00
[2026-04-26T07:37:00.092+0000] {logging_mixin.py:188} INFO - [2026-04-26T07:37:00.092+0000] {dag.py:3954} INFO - Setting next_dagrun for dataset_produces_2 to None, run_after=None
[2026-04-26T07:37:00.114+0000] {processor.py:183} INFO - Processing /usr/local/python/3.12.1/lib/python3.12/site-packages/airflow/example_dags/example_datasets.py took 0.160 seconds
[2026-04-26T07:37:50.361+0000] {processor.py:161} INFO - Started process (PID=36575) to work on /usr/local/python/3.12.1/lib/python3.12/site-packages/airflow/example_dags/example_datasets.py
[2026-04-26T07:37:50.361+0000] {processor.py:830} INFO - Processing file /usr/local/python/3.12.1/lib/python3.12/site-packages/airflow/example_dags/example_datasets.py for tasks to queue
[2026-04-26T07:37:50.362+0000] {logging_mixin.py:188} INFO - [2026-04-26T07:37:50.362+0000] {dagbag.py:540} INFO - Filling up the DagBag from /usr/local/python/3.12.1/lib/python3.12/site-packages/airflow/example_dags/example_datasets.py
[2026-04-26T07:37:50.385+0000] {processor.py:840} INFO - DAG(s) 'dataset_consumes_1_and_2', 'dataset_consumes_1_never_scheduled', 'dataset_consumes_unknown_never_scheduled', 'conditional_dataset_and_time_based_timetable', 'dataset_consumes_1', 'consume_1_or_both_2_and_3_with_dataset_expressions', 'dataset_produces_2', 'consume_1_or_2_with_dataset_expressions', 'consume_1_and_2_with_dataset_expressions', 'dataset_produces_1' retrieved from /usr/local/python/3.12.1/lib/python3.12/site-packages/airflow/example_dags/example_datasets.py
[2026-04-26T07:37:50.452+0000] {logging_mixin.py:188} INFO - [2026-04-26T07:37:50.451+0000] {dag.py:3096} INFO - Sync 10 DAGs
[2026-04-26T07:37:50.489+0000] {logging_mixin.py:188} INFO - [2026-04-26T07:37:50.489+0000] {dag.py:3954} INFO - Setting next_dagrun for conditional_dataset_and_time_based_timetable to 2026-04-22 01:00:00+00:00, run_after=2026-04-22 01:00:00+00:00
[2026-04-26T07:37:50.493+0000] {logging_mixin.py:188} INFO - [2026-04-26T07:37:50.493+0000] {dag.py:3954} INFO - Setting next_dagrun for consume_1_and_2_with_dataset_expressions to None, run_after=None
[2026-04-26T07:37:50.494+0000] {logging_mixin.py:188} INFO - [2026-04-26T07:37:50.494+0000] {dag.py:3954} INFO - Setting next_dagrun for consume_1_or_2_with_dataset_expressions to None, run_after=None
[2026-04-26T07:37:50.495+0000] {logging_mixin.py:188} INFO - [2026-04-26T07:37:50.495+0000] {dag.py:3954} INFO - Setting next_dagrun for consume_1_or_both_2_and_3_with_dataset_expressions to None, run_after=None
[2026-04-26T07:37:50.497+0000] {logging_mixin.py:188} INFO - [2026-04-26T07:37:50.497+0000] {dag.py:3954} INFO - Setting next_dagrun for dataset_consumes_1 to None, run_after=None
[2026-04-26T07:37:50.499+0000] {logging_mixin.py:188} INFO - [2026-04-26T07:37:50.499+0000] {dag.py:3954} INFO - Setting next_dagrun for dataset_consumes_1_and_2 to None, run_after=None
[2026-04-26T07:37:50.500+0000] {logging_mixin.py:188} INFO - [2026-04-26T07:37:50.500+0000] {dag.py:3954} INFO - Setting next_dagrun for dataset_consumes_1_never_scheduled to None, run_after=None
[2026-04-26T07:37:50.501+0000] {logging_mixin.py:188} INFO - [2026-04-26T07:37:50.501+0000] {dag.py:3954} INFO - Setting next_dagrun for dataset_consumes_unknown_never_scheduled to None, run_after=None
[2026-04-26T07:37:50.503+0000] {logging_mixin.py:188} INFO - [2026-04-26T07:37:50.502+0000] {dag.py:3954} INFO - Setting next_dagrun for dataset_produces_1 to 2026-04-25 00:00:00+00:00, run_after=2026-04-26 00:00:00+00:00
[2026-04-26T07:37:50.503+0000] {logging_mixin.py:188} INFO - [2026-04-26T07:37:50.503+0000] {dag.py:3954} INFO - Setting next_dagrun for dataset_produces_2 to None, run_after=None
[2026-04-26T07:37:50.526+0000] {processor.py:183} INFO - Processing /usr/local/python/3.12.1/lib/python3.12/site-packages/airflow/example_dags/example_datasets.py took 0.177 seconds
[2026-04-26T07:37:54.031+0000] {processor.py:161} INFO - Started process (PID=36594) to work on /usr/local/python/3.12.1/lib/python3.12/site-packages/airflow/example_dags/example_datasets.py
[2026-04-26T07:37:54.032+0000] {processor.py:830} INFO - Processing file /usr/local/python/3.12.1/lib/python3.12/site-packages/airflow/example_dags/example_datasets.py for tasks to queue
[2026-04-26T07:37:54.032+0000] {logging_mixin.py:188} INFO - [2026-04-26T07:37:54.032+0000] {dagbag.py:540} INFO - Filling up the DagBag from /usr/local/python/3.12.1/lib/python3.12/site-packages/airflow/example_dags/example_datasets.py
[2026-04-26T07:37:54.049+0000] {processor.py:840} INFO - DAG(s) 'dataset_produces_1', 'consume_1_or_both_2_and_3_with_dataset_expressions', 'dataset_consumes_unknown_never_scheduled', 'conditional_dataset_and_time_based_timetable', 'dataset_consumes_1_never_scheduled', 'consume_1_and_2_with_dataset_expressions', 'dataset_produces_2', 'consume_1_or_2_with_dataset_expressions', 'dataset_consumes_1_and_2', 'dataset_consumes_1' retrieved from /usr/local/python/3.12.1/lib/python3.12/site-packages/airflow/example_dags/example_datasets.py
[2026-04-26T07:37:54.102+0000] {logging_mixin.py:188} INFO - [2026-04-26T07:37:54.102+0000] {dag.py:3096} INFO - Sync 10 DAGs
[2026-04-26T07:37:54.148+0000] {logging_mixin.py:188} INFO - [2026-04-26T07:37:54.148+0000] {dag.py:3954} INFO - Setting next_dagrun for conditional_dataset_and_time_based_timetable to 2026-04-22 01:00:00+00:00, run_after=2026-04-22 01:00:00+00:00
[2026-04-26T07:37:54.152+0000] {logging_mixin.py:188} INFO - [2026-04-26T07:37:54.152+0000] {dag.py:3954} INFO - Setting next_dagrun for consume_1_and_2_with_dataset_expressions to None, run_after=None
[2026-04-26T07:37:54.153+0000] {logging_mixin.py:188} INFO - [2026-04-26T07:37:54.153+0000] {dag.py:3954} INFO - Setting next_dagrun for consume_1_or_2_with_dataset_expressions to None, run_after=None
[2026-04-26T07:37:54.156+0000] {logging_mixin.py:188} INFO - [2026-04-26T07:37:54.156+0000] {dag.py:3954} INFO - Setting next_dagrun for consume_1_or_both_2_and_3_with_dataset_expressions to None, run_after=None
[2026-04-26T07:37:54.158+0000] {logging_mixin.py:188} INFO - [2026-04-26T07:37:54.158+0000] {dag.py:3954} INFO - Setting next_dagrun for dataset_consumes_1 to None, run_after=None
[2026-04-26T07:37:54.160+0000] {logging_mixin.py:188} INFO - [2026-04-26T07:37:54.160+0000] {dag.py:3954} INFO - Setting next_dagrun for dataset_consumes_1_and_2 to None, run_after=None
[2026-04-26T07:37:54.166+0000] {logging_mixin.py:188} INFO - [2026-04-26T07:37:54.165+0000] {dag.py:3954} INFO - Setting next_dagrun for dataset_consumes_1_never_scheduled to None, run_after=None
[2026-04-26T07:37:54.167+0000] {logging_mixin.py:188} INFO - [2026-04-26T07:37:54.167+0000] {dag.py:3954} INFO - Setting next_dagrun for dataset_consumes_unknown_never_scheduled to None, run_after=None
[2026-04-26T07:37:54.170+0000] {logging_mixin.py:188} INFO - [2026-04-26T07:37:54.169+0000] {dag.py:3954} INFO - Setting next_dagrun for dataset_produces_1 to 2026-04-25 00:00:00+00:00, run_after=2026-04-26 00:00:00+00:00
[2026-04-26T07:37:54.171+0000] {logging_mixin.py:188} INFO - [2026-04-26T07:37:54.170+0000] {dag.py:3954} INFO - Setting next_dagrun for dataset_produces_2 to None, run_after=None
[2026-04-26T07:37:54.210+0000] {processor.py:183} INFO - Processing /usr/local/python/3.12.1/lib/python3.12/site-packages/airflow/example_dags/example_datasets.py took 0.185 seconds
[2026-04-26T07:37:57.984+0000] {processor.py:161} INFO - Started process (PID=36640) to work on /usr/local/python/3.12.1/lib/python3.12/site-packages/airflow/example_dags/example_datasets.py
[2026-04-26T07:37:57.985+0000] {processor.py:830} INFO - Processing file /usr/local/python/3.12.1/lib/python3.12/site-packages/airflow/example_dags/example_datasets.py for tasks to queue
[2026-04-26T07:37:57.986+0000] {logging_mixin.py:188} INFO - [2026-04-26T07:37:57.986+0000] {dagbag.py:540} INFO - Filling up the DagBag from /usr/local/python/3.12.1/lib/python3.12/site-packages/airflow/example_dags/example_datasets.py
[2026-04-26T07:37:58.003+0000] {processor.py:840} INFO - DAG(s) 'dataset_consumes_1_never_scheduled', 'dataset_consumes_1', 'dataset_produces_2', 'consume_1_and_2_with_dataset_expressions', 'conditional_dataset_and_time_based_timetable', 'dataset_produces_1', 'consume_1_or_both_2_and_3_with_dataset_expressions', 'consume_1_or_2_with_dataset_expressions', 'dataset_consumes_1_and_2', 'dataset_consumes_unknown_never_scheduled' retrieved from /usr/local/python/3.12.1/lib/python3.12/site-packages/airflow/example_dags/example_datasets.py
[2026-04-26T07:37:58.047+0000] {logging_mixin.py:188} INFO - [2026-04-26T07:37:58.046+0000] {dag.py:3096} INFO - Sync 10 DAGs
[2026-04-26T07:37:58.075+0000] {logging_mixin.py:188} INFO - [2026-04-26T07:37:58.075+0000] {dag.py:3954} INFO - Setting next_dagrun for conditional_dataset_and_time_based_timetable to 2026-04-22 01:00:00+00:00, run_after=2026-04-22 01:00:00+00:00
[2026-04-26T07:37:58.079+0000] {logging_mixin.py:188} INFO - [2026-04-26T07:37:58.079+0000] {dag.py:3954} INFO - Setting next_dagrun for consume_1_and_2_with_dataset_expressions to None, run_after=None
[2026-04-26T07:37:58.080+0000] {logging_mixin.py:188} INFO - [2026-04-26T07:37:58.080+0000] {dag.py:3954} INFO - Setting next_dagrun for consume_1_or_2_with_dataset_expressions to None, run_after=None
[2026-04-26T07:37:58.082+0000] {logging_mixin.py:188} INFO - [2026-04-26T07:37:58.081+0000] {dag.py:3954} INFO - Setting next_dagrun for consume_1_or_both_2_and_3_with_dataset_expressions to None, run_after=None
[2026-04-26T07:37:58.083+0000] {logging_mixin.py:188} INFO - [2026-04-26T07:37:58.083+0000] {dag.py:3954} INFO - Setting next_dagrun for dataset_consumes_1 to None, run_after=None
[2026-04-26T07:37:58.084+0000] {logging_mixin.py:188} INFO - [2026-04-26T07:37:58.084+0000] {dag.py:3954} INFO - Setting next_dagrun for dataset_consumes_1_and_2 to None, run_after=None
[2026-04-26T07:37:58.085+0000] {logging_mixin.py:188} INFO - [2026-04-26T07:37:58.085+0000] {dag.py:3954} INFO - Setting next_dagrun for dataset_consumes_1_never_scheduled to None, run_after=None
[2026-04-26T07:37:58.086+0000] {logging_mixin.py:188} INFO - [2026-04-26T07:37:58.086+0000] {dag.py:3954} INFO - Setting next_dagrun for dataset_consumes_unknown_never_scheduled to None, run_after=None
[2026-04-26T07:37:58.089+0000] {logging_mixin.py:188} INFO - [2026-04-26T07:37:58.088+0000] {dag.py:3954} INFO - Setting next_dagrun for dataset_produces_1 to 2026-04-25 00:00:00+00:00, run_after=2026-04-26 00:00:00+00:00
[2026-04-26T07:37:58.090+0000] {logging_mixin.py:188} INFO - [2026-04-26T07:37:58.090+0000] {dag.py:3954} INFO - Setting next_dagrun for dataset_produces_2 to None, run_after=None
[2026-04-26T07:37:58.125+0000] {processor.py:183} INFO - Processing /usr/local/python/3.12.1/lib/python3.12/site-packages/airflow/example_dags/example_datasets.py took 0.146 seconds
[2026-04-26T07:38:49.983+0000] {processor.py:161} INFO - Started process (PID=37170) to work on /usr/local/python/3.12.1/lib/python3.12/site-packages/airflow/example_dags/example_datasets.py
[2026-04-26T07:38:49.984+0000] {processor.py:830} INFO - Processing file /usr/local/python/3.12.1/lib/python3.12/site-packages/airflow/example_dags/example_datasets.py for tasks to queue
[2026-04-26T07:38:49.985+0000] {logging_mixin.py:188} INFO - [2026-04-26T07:38:49.985+0000] {dagbag.py:540} INFO - Filling up the DagBag from /usr/local/python/3.12.1/lib/python3.12/site-packages/airflow/example_dags/example_datasets.py
[2026-04-26T07:38:49.996+0000] {processor.py:840} INFO - DAG(s) 'dataset_consumes_1_never_scheduled', 'dataset_consumes_1_and_2', 'dataset_produces_1', 'conditional_dataset_and_time_based_timetable', 'dataset_consumes_1', 'consume_1_and_2_with_dataset_expressions', 'consume_1_or_both_2_and_3_with_dataset_expressions', 'dataset_consumes_unknown_never_scheduled', 'consume_1_or_2_with_dataset_expressions', 'dataset_produces_2' retrieved from /usr/local/python/3.12.1/lib/python3.12/site-packages/airflow/example_dags/example_datasets.py
[2026-04-26T07:38:50.024+0000] {logging_mixin.py:188} INFO - [2026-04-26T07:38:50.024+0000] {dag.py:3096} INFO - Sync 10 DAGs
[2026-04-26T07:38:50.042+0000] {logging_mixin.py:188} INFO - [2026-04-26T07:38:50.042+0000] {dag.py:3954} INFO - Setting next_dagrun for conditional_dataset_and_time_based_timetable to 2026-04-22 01:00:00+00:00, run_after=2026-04-22 01:00:00+00:00
[2026-04-26T07:38:50.045+0000] {logging_mixin.py:188} INFO - [2026-04-26T07:38:50.045+0000] {dag.py:3954} INFO - Setting next_dagrun for consume_1_and_2_with_dataset_expressions to None, run_after=None
[2026-04-26T07:38:50.046+0000] {logging_mixin.py:188} INFO - [2026-04-26T07:38:50.046+0000] {dag.py:3954} INFO - Setting next_dagrun for consume_1_or_2_with_dataset_expressions to None, run_after=None
[2026-04-26T07:38:50.047+0000] {logging_mixin.py:188} INFO - [2026-04-26T07:38:50.047+0000] {dag.py:3954} INFO - Setting next_dagrun for consume_1_or_both_2_and_3_with_dataset_expressions to None, run_after=None
[2026-04-26T07:38:50.048+0000] {logging_mixin.py:188} INFO - [2026-04-26T07:38:50.047+0000] {dag.py:3954} INFO - Setting next_dagrun for dataset_consumes_1 to None, run_after=None
[2026-04-26T07:38:50.048+0000] {logging_mixin.py:188} INFO - [2026-04-26T07:38:50.048+0000] {dag.py:3954} INFO - Setting next_dagrun for dataset_consumes_1_and_2 to None, run_after=None
[2026-04-26T07:38:50.049+0000] {logging_mixin.py:188} INFO - [2026-04-26T07:38:50.049+0000] {dag.py:3954} INFO - Setting next_dagrun for dataset_consumes_1_never_scheduled to None, run_after=None
[2026-04-26T07:38:50.050+0000] {logging_mixin.py:188} INFO - [2026-04-26T07:38:50.050+0000] {dag.py:3954} INFO - Setting next_dagrun for dataset_consumes_unknown_never_scheduled to None, run_after=None
[2026-04-26T07:38:50.053+0000] {logging_mixin.py:188} INFO - [2026-04-26T07:38:50.053+0000] {dag.py:3954} INFO - Setting next_dagrun for dataset_produces_1 to 2026-04-25 00:00:00+00:00, run_after=2026-04-26 00:00:00+00:00
[2026-04-26T07:38:50.054+0000] {logging_mixin.py:188} INFO - [2026-04-26T07:38:50.054+0000] {dag.py:3954} INFO - Setting next_dagrun for dataset_produces_2 to None, run_after=None
[2026-04-26T07:38:50.087+0000] {processor.py:183} INFO - Processing /usr/local/python/3.12.1/lib/python3.12/site-packages/airflow/example_dags/example_datasets.py took 0.108 seconds
[2026-04-26T07:38:56.084+0000] {processor.py:161} INFO - Started process (PID=37225) to work on /usr/local/python/3.12.1/lib/python3.12/site-packages/airflow/example_dags/example_datasets.py
[2026-04-26T07:38:56.085+0000] {processor.py:830} INFO - Processing file /usr/local/python/3.12.1/lib/python3.12/site-packages/airflow/example_dags/example_datasets.py for tasks to queue
[2026-04-26T07:38:56.086+0000] {logging_mixin.py:188} INFO - [2026-04-26T07:38:56.085+0000] {dagbag.py:540} INFO - Filling up the DagBag from /usr/local/python/3.12.1/lib/python3.12/site-packages/airflow/example_dags/example_datasets.py
[2026-04-26T07:38:56.097+0000] {processor.py:840} INFO - DAG(s) 'dataset_consumes_1_and_2', 'dataset_produces_1', 'consume_1_or_both_2_and_3_with_dataset_expressions', 'dataset_consumes_1', 'dataset_consumes_1_never_scheduled', 'consume_1_or_2_with_dataset_expressions', 'consume_1_and_2_with_dataset_expressions', 'dataset_consumes_unknown_never_scheduled', 'conditional_dataset_and_time_based_timetable', 'dataset_produces_2' retrieved from /usr/local/python/3.12.1/lib/python3.12/site-packages/airflow/example_dags/example_datasets.py
[2026-04-26T07:38:56.139+0000] {logging_mixin.py:188} INFO - [2026-04-26T07:38:56.139+0000] {dag.py:3096} INFO - Sync 10 DAGs
[2026-04-26T07:38:56.166+0000] {logging_mixin.py:188} INFO - [2026-04-26T07:38:56.166+0000] {dag.py:3954} INFO - Setting next_dagrun for conditional_dataset_and_time_based_timetable to 2026-04-22 01:00:00+00:00, run_after=2026-04-22 01:00:00+00:00
[2026-04-26T07:38:56.170+0000] {logging_mixin.py:188} INFO - [2026-04-26T07:38:56.170+0000] {dag.py:3954} INFO - Setting next_dagrun for consume_1_and_2_with_dataset_expressions to None, run_after=None
[2026-04-26T07:38:56.171+0000] {logging_mixin.py:188} INFO - [2026-04-26T07:38:56.171+0000] {dag.py:3954} INFO - Setting next_dagrun for consume_1_or_2_with_dataset_expressions to None, run_after=None
[2026-04-26T07:38:56.172+0000] {logging_mixin.py:188} INFO - [2026-04-26T07:38:56.172+0000] {dag.py:3954} INFO - Setting next_dagrun for consume_1_or_both_2_and_3_with_dataset_expressions to None, run_after=None
[2026-04-26T07:38:56.173+0000] {logging_mixin.py:188} INFO - [2026-04-26T07:38:56.173+0000] {dag.py:3954} INFO - Setting next_dagrun for dataset_consumes_1 to None, run_after=None
[2026-04-26T07:38:56.174+0000] {logging_mixin.py:188} INFO - [2026-04-26T07:38:56.174+0000] {dag.py:3954} INFO - Setting next_dagrun for dataset_consumes_1_and_2 to None, run_after=None
[2026-04-26T07:38:56.175+0000] {logging_mixin.py:188} INFO - [2026-04-26T07:38:56.175+0000] {dag.py:3954} INFO - Setting next_dagrun for dataset_consumes_1_never_scheduled to None, run_after=None
[2026-04-26T07:38:56.176+0000] {logging_mixin.py:188} INFO - [2026-04-26T07:38:56.176+0000] {dag.py:3954} INFO - Setting next_dagrun for dataset_consumes_unknown_never_scheduled to None, run_after=None
[2026-04-26T07:38:56.179+0000] {logging_mixin.py:188} INFO - [2026-04-26T07:38:56.179+0000] {dag.py:3954} INFO - Setting next_dagrun for dataset_produces_1 to 2026-04-25 00:00:00+00:00, run_after=2026-04-26 00:00:00+00:00
[2026-04-26T07:38:56.180+0000] {logging_mixin.py:188} INFO - [2026-04-26T07:38:56.180+0000] {dag.py:3954} INFO - Setting next_dagrun for dataset_produces_2 to None, run_after=None
[2026-04-26T07:38:56.207+0000] {processor.py:183} INFO - Processing /usr/local/python/3.12.1/lib/python3.12/site-packages/airflow/example_dags/example_datasets.py took 0.128 seconds
[2026-04-26T07:38:57.637+0000] {processor.py:161} INFO - Started process (PID=37248) to work on /usr/local/python/3.12.1/lib/python3.12/site-packages/airflow/example_dags/example_datasets.py
[2026-04-26T07:38:57.638+0000] {processor.py:830} INFO - Processing file /usr/local/python/3.12.1/lib/python3.12/site-packages/airflow/example_dags/example_datasets.py for tasks to queue
[2026-04-26T07:38:57.639+0000] {logging_mixin.py:188} INFO - [2026-04-26T07:38:57.638+0000] {dagbag.py:540} INFO - Filling up the DagBag from /usr/local/python/3.12.1/lib/python3.12/site-packages/airflow/example_dags/example_datasets.py
[2026-04-26T07:38:57.659+0000] {processor.py:840} INFO - DAG(s) 'dataset_produces_1', 'dataset_produces_2', 'dataset_consumes_1_and_2', 'consume_1_and_2_with_dataset_expressions', 'dataset_consumes_unknown_never_scheduled', 'dataset_consumes_1', 'consume_1_or_2_with_dataset_expressions', 'consume_1_or_both_2_and_3_with_dataset_expressions', 'dataset_consumes_1_never_scheduled', 'conditional_dataset_and_time_based_timetable' retrieved from /usr/local/python/3.12.1/lib/python3.12/site-packages/airflow/example_dags/example_datasets.py
[2026-04-26T07:38:57.714+0000] {logging_mixin.py:188} INFO - [2026-04-26T07:38:57.714+0000] {dag.py:3096} INFO - Sync 10 DAGs
[2026-04-26T07:38:57.741+0000] {logging_mixin.py:188} INFO - [2026-04-26T07:38:57.740+0000] {dag.py:3954} INFO - Setting next_dagrun for conditional_dataset_and_time_based_timetable to 2026-04-22 01:00:00+00:00, run_after=2026-04-22 01:00:00+00:00
[2026-04-26T07:38:57.745+0000] {logging_mixin.py:188} INFO - [2026-04-26T07:38:57.745+0000] {dag.py:3954} INFO - Setting next_dagrun for consume_1_and_2_with_dataset_expressions to None, run_after=None
[2026-04-26T07:38:57.746+0000] {logging_mixin.py:188} INFO - [2026-04-26T07:38:57.746+0000] {dag.py:3954} INFO - Setting next_dagrun for consume_1_or_2_with_dataset_expressions to None, run_after=None
[2026-04-26T07:38:57.747+0000] {logging_mixin.py:188} INFO - [2026-04-26T07:38:57.747+0000] {dag.py:3954} INFO - Setting next_dagrun for consume_1_or_both_2_and_3_with_dataset_expressions to None, run_after=None
[2026-04-26T07:38:57.748+0000] {logging_mixin.py:188} INFO - [2026-04-26T07:38:57.748+0000] {dag.py:3954} INFO - Setting next_dagrun for dataset_consumes_1 to None, run_after=None
[2026-04-26T07:38:57.750+0000] {logging_mixin.py:188} INFO - [2026-04-26T07:38:57.749+0000] {dag.py:3954} INFO - Setting next_dagrun for dataset_consumes_1_and_2 to None, run_after=None
[2026-04-26T07:38:57.751+0000] {logging_mixin.py:188} INFO - [2026-04-26T07:38:57.750+0000] {dag.py:3954} INFO - Setting next_dagrun for dataset_consumes_1_never_scheduled to None, run_after=None
[2026-04-26T07:38:57.752+0000] {logging_mixin.py:188} INFO - [2026-04-26T07:38:57.751+0000] {dag.py:3954} INFO - Setting next_dagrun for dataset_consumes_unknown_never_scheduled to None, run_after=None
[2026-04-26T07:38:57.754+0000] {logging_mixin.py:188} INFO - [2026-04-26T07:38:57.754+0000] {dag.py:3954} INFO - Setting next_dagrun for dataset_produces_1 to 2026-04-25 00:00:00+00:00, run_after=2026-04-26 00:00:00+00:00
[2026-04-26T07:38:57.755+0000] {logging_mixin.py:188} INFO - [2026-04-26T07:38:57.755+0000] {dag.py:3954} INFO - Setting next_dagrun for dataset_produces_2 to None, run_after=None
[2026-04-26T07:38:57.787+0000] {processor.py:183} INFO - Processing /usr/local/python/3.12.1/lib/python3.12/site-packages/airflow/example_dags/example_datasets.py took 0.163 seconds
[2026-04-26T07:39:54.145+0000] {processor.py:161} INFO - Started process (PID=38252) to work on /usr/local/python/3.12.1/lib/python3.12/site-packages/airflow/example_dags/example_datasets.py
[2026-04-26T07:39:54.146+0000] {processor.py:830} INFO - Processing file /usr/local/python/3.12.1/lib/python3.12/site-packages/airflow/example_dags/example_datasets.py for tasks to queue
[2026-04-26T07:39:54.147+0000] {logging_mixin.py:188} INFO - [2026-04-26T07:39:54.147+0000] {dagbag.py:540} INFO - Filling up the DagBag from /usr/local/python/3.12.1/lib/python3.12/site-packages/airflow/example_dags/example_datasets.py
[2026-04-26T07:39:54.164+0000] {processor.py:840} INFO - DAG(s) 'dataset_consumes_unknown_never_scheduled', 'consume_1_or_both_2_and_3_with_dataset_expressions', 'consume_1_or_2_with_dataset_expressions', 'dataset_consumes_1', 'dataset_consumes_1_and_2', 'dataset_produces_2', 'dataset_consumes_1_never_scheduled', 'consume_1_and_2_with_dataset_expressions', 'dataset_produces_1', 'conditional_dataset_and_time_based_timetable' retrieved from /usr/local/python/3.12.1/lib/python3.12/site-packages/airflow/example_dags/example_datasets.py
[2026-04-26T07:39:54.208+0000] {logging_mixin.py:188} INFO - [2026-04-26T07:39:54.208+0000] {dag.py:3096} INFO - Sync 10 DAGs
[2026-04-26T07:39:54.226+0000] {logging_mixin.py:188} INFO - [2026-04-26T07:39:54.226+0000] {dag.py:3954} INFO - Setting next_dagrun for conditional_dataset_and_time_based_timetable to 2026-04-22 01:00:00+00:00, run_after=2026-04-22 01:00:00+00:00
[2026-04-26T07:39:54.229+0000] {logging_mixin.py:188} INFO - [2026-04-26T07:39:54.229+0000] {dag.py:3954} INFO - Setting next_dagrun for consume_1_and_2_with_dataset_expressions to None, run_after=None
[2026-04-26T07:39:54.229+0000] {logging_mixin.py:188} INFO - [2026-04-26T07:39:54.229+0000] {dag.py:3954} INFO - Setting next_dagrun for consume_1_or_2_with_dataset_expressions to None, run_after=None
[2026-04-26T07:39:54.230+0000] {logging_mixin.py:188} INFO - [2026-04-26T07:39:54.230+0000] {dag.py:3954} INFO - Setting next_dagrun for consume_1_or_both_2_and_3_with_dataset_expressions to None, run_after=None
[2026-04-26T07:39:54.231+0000] {logging_mixin.py:188} INFO - [2026-04-26T07:39:54.231+0000] {dag.py:3954} INFO - Setting next_dagrun for dataset_consumes_1 to None, run_after=None
[2026-04-26T07:39:54.232+0000] {logging_mixin.py:188} INFO - [2026-04-26T07:39:54.232+0000] {dag.py:3954} INFO - Setting next_dagrun for dataset_consumes_1_and_2 to None, run_after=None
[2026-04-26T07:39:54.233+0000] {logging_mixin.py:188} INFO - [2026-04-26T07:39:54.232+0000] {dag.py:3954} INFO - Setting next_dagrun for dataset_consumes_1_never_scheduled to None, run_after=None
[2026-04-26T07:39:54.233+0000] {logging_mixin.py:188} INFO - [2026-04-26T07:39:54.233+0000] {dag.py:3954} INFO - Setting next_dagrun for dataset_consumes_unknown_never_scheduled to None, run_after=None
[2026-04-26T07:39:54.235+0000] {logging_mixin.py:188} INFO - [2026-04-26T07:39:54.235+0000] {dag.py:3954} INFO - Setting next_dagrun for dataset_produces_1 to 2026-04-25 00:00:00+00:00, run_after=2026-04-26 00:00:00+00:00
[2026-04-26T07:39:54.236+0000] {logging_mixin.py:188} INFO - [2026-04-26T07:39:54.236+0000] {dag.py:3954} INFO - Setting next_dagrun for dataset_produces_2 to None, run_after=None
[2026-04-26T07:39:54.258+0000] {processor.py:183} INFO - Processing /usr/local/python/3.12.1/lib/python3.12/site-packages/airflow/example_dags/example_datasets.py took 0.119 seconds
[2026-04-26T07:40:00.579+0000] {processor.py:161} INFO - Started process (PID=38343) to work on /usr/local/python/3.12.1/lib/python3.12/site-packages/airflow/example_dags/example_datasets.py
[2026-04-26T07:40:00.580+0000] {processor.py:830} INFO - Processing file /usr/local/python/3.12.1/lib/python3.12/site-packages/airflow/example_dags/example_datasets.py for tasks to queue
[2026-04-26T07:40:00.582+0000] {logging_mixin.py:188} INFO - [2026-04-26T07:40:00.581+0000] {dagbag.py:540} INFO - Filling up the DagBag from /usr/local/python/3.12.1/lib/python3.12/site-packages/airflow/example_dags/example_datasets.py
[2026-04-26T07:40:00.600+0000] {processor.py:840} INFO - DAG(s) 'consume_1_or_2_with_dataset_expressions', 'conditional_dataset_and_time_based_timetable', 'dataset_consumes_1_never_scheduled', 'dataset_produces_2', 'consume_1_and_2_with_dataset_expressions', 'dataset_produces_1', 'dataset_consumes_1_and_2', 'consume_1_or_both_2_and_3_with_dataset_expressions', 'dataset_consumes_unknown_never_scheduled', 'dataset_consumes_1' retrieved from /usr/local/python/3.12.1/lib/python3.12/site-packages/airflow/example_dags/example_datasets.py
[2026-04-26T07:40:00.636+0000] {logging_mixin.py:188} INFO - [2026-04-26T07:40:00.636+0000] {dag.py:3096} INFO - Sync 10 DAGs
[2026-04-26T07:40:00.661+0000] {logging_mixin.py:188} INFO - [2026-04-26T07:40:00.660+0000] {dag.py:3954} INFO - Setting next_dagrun for conditional_dataset_and_time_based_timetable to 2026-04-22 01:00:00+00:00, run_after=2026-04-22 01:00:00+00:00
[2026-04-26T07:40:00.665+0000] {logging_mixin.py:188} INFO - [2026-04-26T07:40:00.665+0000] {dag.py:3954} INFO - Setting next_dagrun for consume_1_and_2_with_dataset_expressions to None, run_after=None
[2026-04-26T07:40:00.666+0000] {logging_mixin.py:188} INFO - [2026-04-26T07:40:00.666+0000] {dag.py:3954} INFO - Setting next_dagrun for consume_1_or_2_with_dataset_expressions to None, run_after=None
[2026-04-26T07:40:00.667+0000] {logging_mixin.py:188} INFO - [2026-04-26T07:40:00.667+0000] {dag.py:3954} INFO - Setting next_dagrun for consume_1_or_both_2_and_3_with_dataset_expressions to None, run_after=None
[2026-04-26T07:40:00.668+0000] {logging_mixin.py:188} INFO - [2026-04-26T07:40:00.668+0000] {dag.py:3954} INFO - Setting next_dagrun for dataset_consumes_1 to None, run_after=None
[2026-04-26T07:40:00.669+0000] {logging_mixin.py:188} INFO - [2026-04-26T07:40:00.669+0000] {dag.py:3954} INFO - Setting next_dagrun for dataset_consumes_1_and_2 to None, run_after=None
[2026-04-26T07:40:00.670+0000] {logging_mixin.py:188} INFO - [2026-04-26T07:40:00.670+0000] {dag.py:3954} INFO - Setting next_dagrun for dataset_consumes_1_never_scheduled to None, run_after=None
[2026-04-26T07:40:00.672+0000] {logging_mixin.py:188} INFO - [2026-04-26T07:40:00.671+0000] {dag.py:3954} INFO - Setting next_dagrun for dataset_consumes_unknown_never_scheduled to None, run_after=None
[2026-04-26T07:40:00.674+0000] {logging_mixin.py:188} INFO - [2026-04-26T07:40:00.674+0000] {dag.py:3954} INFO - Setting next_dagrun for dataset_produces_1 to 2026-04-25 00:00:00+00:00, run_after=2026-04-26 00:00:00+00:00
[2026-04-26T07:40:00.675+0000] {logging_mixin.py:188} INFO - [2026-04-26T07:40:00.675+0000] {dag.py:3954} INFO - Setting next_dagrun for dataset_produces_2 to None, run_after=None
[2026-04-26T07:40:00.710+0000] {processor.py:183} INFO - Processing /usr/local/python/3.12.1/lib/python3.12/site-packages/airflow/example_dags/example_datasets.py took 0.137 seconds
[2026-04-26T07:40:02.878+0000] {processor.py:161} INFO - Started process (PID=38402) to work on /usr/local/python/3.12.1/lib/python3.12/site-packages/airflow/example_dags/example_datasets.py
[2026-04-26T07:40:02.878+0000] {processor.py:830} INFO - Processing file /usr/local/python/3.12.1/lib/python3.12/site-packages/airflow/example_dags/example_datasets.py for tasks to queue
[2026-04-26T07:40:02.879+0000] {logging_mixin.py:188} INFO - [2026-04-26T07:40:02.879+0000] {dagbag.py:540} INFO - Filling up the DagBag from /usr/local/python/3.12.1/lib/python3.12/site-packages/airflow/example_dags/example_datasets.py
[2026-04-26T07:40:02.890+0000] {processor.py:840} INFO - DAG(s) 'dataset_consumes_unknown_never_scheduled', 'consume_1_and_2_with_dataset_expressions', 'dataset_produces_2', 'dataset_consumes_1_never_scheduled', 'conditional_dataset_and_time_based_timetable', 'dataset_produces_1', 'dataset_consumes_1', 'consume_1_or_both_2_and_3_with_dataset_expressions', 'dataset_consumes_1_and_2', 'consume_1_or_2_with_dataset_expressions' retrieved from /usr/local/python/3.12.1/lib/python3.12/site-packages/airflow/example_dags/example_datasets.py
[2026-04-26T07:40:02.918+0000] {logging_mixin.py:188} INFO - [2026-04-26T07:40:02.918+0000] {dag.py:3096} INFO - Sync 10 DAGs
[2026-04-26T07:40:02.937+0000] {logging_mixin.py:188} INFO - [2026-04-26T07:40:02.936+0000] {dag.py:3954} INFO - Setting next_dagrun for conditional_dataset_and_time_based_timetable to 2026-04-22 01:00:00+00:00, run_after=2026-04-22 01:00:00+00:00
[2026-04-26T07:40:02.939+0000] {logging_mixin.py:188} INFO - [2026-04-26T07:40:02.939+0000] {dag.py:3954} INFO - Setting next_dagrun for consume_1_and_2_with_dataset_expressions to None, run_after=None
[2026-04-26T07:40:02.940+0000] {logging_mixin.py:188} INFO - [2026-04-26T07:40:02.940+0000] {dag.py:3954} INFO - Setting next_dagrun for consume_1_or_2_with_dataset_expressions to None, run_after=None
[2026-04-26T07:40:02.941+0000] {logging_mixin.py:188} INFO - [2026-04-26T07:40:02.941+0000] {dag.py:3954} INFO - Setting next_dagrun for consume_1_or_both_2_and_3_with_dataset_expressions to None, run_after=None
[2026-04-26T07:40:02.941+0000] {logging_mixin.py:188} INFO - [2026-04-26T07:40:02.941+0000] {dag.py:3954} INFO - Setting next_dagrun for dataset_consumes_1 to None, run_after=None
[2026-04-26T07:40:02.942+0000] {logging_mixin.py:188} INFO - [2026-04-26T07:40:02.942+0000] {dag.py:3954} INFO - Setting next_dagrun for dataset_consumes_1_and_2 to None, run_after=None
[2026-04-26T07:40:02.943+0000] {logging_mixin.py:188} INFO - [2026-04-26T07:40:02.943+0000] {dag.py:3954} INFO - Setting next_dagrun for dataset_consumes_1_never_scheduled to None, run_after=None
[2026-04-26T07:40:02.944+0000] {logging_mixin.py:188} INFO - [2026-04-26T07:40:02.944+0000] {dag.py:3954} INFO - Setting next_dagrun for dataset_consumes_unknown_never_scheduled to None, run_after=None
[2026-04-26T07:40:02.945+0000] {logging_mixin.py:188} INFO - [2026-04-26T07:40:02.945+0000] {dag.py:3954} INFO - Setting next_dagrun for dataset_produces_1 to 2026-04-25 00:00:00+00:00, run_after=2026-04-26 00:00:00+00:00
[2026-04-26T07:40:02.946+0000] {logging_mixin.py:188} INFO - [2026-04-26T07:40:02.946+0000] {dag.py:3954} INFO - Setting next_dagrun for dataset_produces_2 to None, run_after=None
[2026-04-26T07:40:02.969+0000] {processor.py:183} INFO - Processing /usr/local/python/3.12.1/lib/python3.12/site-packages/airflow/example_dags/example_datasets.py took 0.096 seconds
[2026-04-26T07:40:52.269+0000] {processor.py:161} INFO - Started process (PID=39048) to work on /usr/local/python/3.12.1/lib/python3.12/site-packages/airflow/example_dags/example_datasets.py
[2026-04-26T07:40:52.269+0000] {processor.py:830} INFO - Processing file /usr/local/python/3.12.1/lib/python3.12/site-packages/airflow/example_dags/example_datasets.py for tasks to queue
[2026-04-26T07:40:52.270+0000] {logging_mixin.py:188} INFO - [2026-04-26T07:40:52.270+0000] {dagbag.py:540} INFO - Filling up the DagBag from /usr/local/python/3.12.1/lib/python3.12/site-packages/airflow/example_dags/example_datasets.py
[2026-04-26T07:40:52.283+0000] {processor.py:840} INFO - DAG(s) 'consume_1_or_2_with_dataset_expressions', 'dataset_consumes_1', 'dataset_produces_1', 'dataset_consumes_1_never_scheduled', 'conditional_dataset_and_time_based_timetable', 'dataset_consumes_1_and_2', 'dataset_produces_2', 'consume_1_or_both_2_and_3_with_dataset_expressions', 'consume_1_and_2_with_dataset_expressions', 'dataset_consumes_unknown_never_scheduled' retrieved from /usr/local/python/3.12.1/lib/python3.12/site-packages/airflow/example_dags/example_datasets.py
[2026-04-26T07:40:52.311+0000] {logging_mixin.py:188} INFO - [2026-04-26T07:40:52.311+0000] {dag.py:3096} INFO - Sync 10 DAGs
[2026-04-26T07:40:52.330+0000] {logging_mixin.py:188} INFO - [2026-04-26T07:40:52.329+0000] {dag.py:3954} INFO - Setting next_dagrun for conditional_dataset_and_time_based_timetable to 2026-04-22 01:00:00+00:00, run_after=2026-04-22 01:00:00+00:00
[2026-04-26T07:40:52.333+0000] {logging_mixin.py:188} INFO - [2026-04-26T07:40:52.333+0000] {dag.py:3954} INFO - Setting next_dagrun for consume_1_and_2_with_dataset_expressions to None, run_after=None
[2026-04-26T07:40:52.333+0000] {logging_mixin.py:188} INFO - [2026-04-26T07:40:52.333+0000] {dag.py:3954} INFO - Setting next_dagrun for consume_1_or_2_with_dataset_expressions to None, run_after=None
[2026-04-26T07:40:52.334+0000] {logging_mixin.py:188} INFO - [2026-04-26T07:40:52.334+0000] {dag.py:3954} INFO - Setting next_dagrun for consume_1_or_both_2_and_3_with_dataset_expressions to None, run_after=None
[2026-04-26T07:40:52.335+0000] {logging_mixin.py:188} INFO - [2026-04-26T07:40:52.335+0000] {dag.py:3954} INFO - Setting next_dagrun for dataset_consumes_1 to None, run_after=None
[2026-04-26T07:40:52.336+0000] {logging_mixin.py:188} INFO - [2026-04-26T07:40:52.336+0000] {dag.py:3954} INFO - Setting next_dagrun for dataset_consumes_1_and_2 to None, run_after=None
[2026-04-26T07:40:52.336+0000] {logging_mixin.py:188} INFO - [2026-04-26T07:40:52.336+0000] {dag.py:3954} INFO - Setting next_dagrun for dataset_consumes_1_never_scheduled to None, run_after=None
[2026-04-26T07:40:52.337+0000] {logging_mixin.py:188} INFO - [2026-04-26T07:40:52.337+0000] {dag.py:3954} INFO - Setting next_dagrun for dataset_consumes_unknown_never_scheduled to None, run_after=None
[2026-04-26T07:40:52.339+0000] {logging_mixin.py:188} INFO - [2026-04-26T07:40:52.339+0000] {dag.py:3954} INFO - Setting next_dagrun for dataset_produces_1 to 2026-04-25 00:00:00+00:00, run_after=2026-04-26 00:00:00+00:00
[2026-04-26T07:40:52.340+0000] {logging_mixin.py:188} INFO - [2026-04-26T07:40:52.339+0000] {dag.py:3954} INFO - Setting next_dagrun for dataset_produces_2 to None, run_after=None
[2026-04-26T07:40:52.365+0000] {processor.py:183} INFO - Processing /usr/local/python/3.12.1/lib/python3.12/site-packages/airflow/example_dags/example_datasets.py took 0.102 seconds
[2026-04-26T07:41:01.242+0000] {processor.py:161} INFO - Started process (PID=39220) to work on /usr/local/python/3.12.1/lib/python3.12/site-packages/airflow/example_dags/example_datasets.py
[2026-04-26T07:41:01.243+0000] {processor.py:830} INFO - Processing file /usr/local/python/3.12.1/lib/python3.12/site-packages/airflow/example_dags/example_datasets.py for tasks to queue
[2026-04-26T07:41:01.243+0000] {logging_mixin.py:188} INFO - [2026-04-26T07:41:01.243+0000] {dagbag.py:540} INFO - Filling up the DagBag from /usr/local/python/3.12.1/lib/python3.12/site-packages/airflow/example_dags/example_datasets.py
[2026-04-26T07:41:01.256+0000] {processor.py:840} INFO - DAG(s) 'dataset_produces_1', 'dataset_consumes_unknown_never_scheduled', 'dataset_consumes_1_and_2', 'consume_1_or_both_2_and_3_with_dataset_expressions', 'dataset_consumes_1_never_scheduled', 'dataset_produces_2', 'conditional_dataset_and_time_based_timetable', 'consume_1_or_2_with_dataset_expressions', 'dataset_consumes_1', 'consume_1_and_2_with_dataset_expressions' retrieved from /usr/local/python/3.12.1/lib/python3.12/site-packages/airflow/example_dags/example_datasets.py
[2026-04-26T07:41:01.293+0000] {logging_mixin.py:188} INFO - [2026-04-26T07:41:01.292+0000] {dag.py:3096} INFO - Sync 10 DAGs
[2026-04-26T07:41:01.330+0000] {logging_mixin.py:188} INFO - [2026-04-26T07:41:01.330+0000] {dag.py:3954} INFO - Setting next_dagrun for conditional_dataset_and_time_based_timetable to 2026-04-22 01:00:00+00:00, run_after=2026-04-22 01:00:00+00:00
[2026-04-26T07:41:01.338+0000] {logging_mixin.py:188} INFO - [2026-04-26T07:41:01.338+0000] {dag.py:3954} INFO - Setting next_dagrun for consume_1_and_2_with_dataset_expressions to None, run_after=None
[2026-04-26T07:41:01.340+0000] {logging_mixin.py:188} INFO - [2026-04-26T07:41:01.340+0000] {dag.py:3954} INFO - Setting next_dagrun for consume_1_or_2_with_dataset_expressions to None, run_after=None
[2026-04-26T07:41:01.342+0000] {logging_mixin.py:188} INFO - [2026-04-26T07:41:01.342+0000] {dag.py:3954} INFO - Setting next_dagrun for consume_1_or_both_2_and_3_with_dataset_expressions to None, run_after=None
[2026-04-26T07:41:01.345+0000] {logging_mixin.py:188} INFO - [2026-04-26T07:41:01.344+0000] {dag.py:3954} INFO - Setting next_dagrun for dataset_consumes_1 to None, run_after=None
[2026-04-26T07:41:01.346+0000] {logging_mixin.py:188} INFO - [2026-04-26T07:41:01.346+0000] {dag.py:3954} INFO - Setting next_dagrun for dataset_consumes_1_and_2 to None, run_after=None
[2026-04-26T07:41:01.349+0000] {logging_mixin.py:188} INFO - [2026-04-26T07:41:01.348+0000] {dag.py:3954} INFO - Setting next_dagrun for dataset_consumes_1_never_scheduled to None, run_after=None
[2026-04-26T07:41:01.350+0000] {logging_mixin.py:188} INFO - [2026-04-26T07:41:01.350+0000] {dag.py:3954} INFO - Setting next_dagrun for dataset_consumes_unknown_never_scheduled to None, run_after=None
[2026-04-26T07:41:01.355+0000] {logging_mixin.py:188} INFO - [2026-04-26T07:41:01.355+0000] {dag.py:3954} INFO - Setting next_dagrun for dataset_produces_1 to 2026-04-25 00:00:00+00:00, run_after=2026-04-26 00:00:00+00:00
[2026-04-26T07:41:01.357+0000] {logging_mixin.py:188} INFO - [2026-04-26T07:41:01.357+0000] {dag.py:3954} INFO - Setting next_dagrun for dataset_produces_2 to None, run_after=None
[2026-04-26T07:41:01.406+0000] {processor.py:183} INFO - Processing /usr/local/python/3.12.1/lib/python3.12/site-packages/airflow/example_dags/example_datasets.py took 0.168 seconds
[2026-04-26T07:41:03.488+0000] {processor.py:161} INFO - Started process (PID=39304) to work on /usr/local/python/3.12.1/lib/python3.12/site-packages/airflow/example_dags/example_datasets.py
[2026-04-26T07:41:03.488+0000] {processor.py:830} INFO - Processing file /usr/local/python/3.12.1/lib/python3.12/site-packages/airflow/example_dags/example_datasets.py for tasks to queue
[2026-04-26T07:41:03.489+0000] {logging_mixin.py:188} INFO - [2026-04-26T07:41:03.489+0000] {dagbag.py:540} INFO - Filling up the DagBag from /usr/local/python/3.12.1/lib/python3.12/site-packages/airflow/example_dags/example_datasets.py
[2026-04-26T07:41:03.500+0000] {processor.py:840} INFO - DAG(s) 'dataset_produces_2', 'conditional_dataset_and_time_based_timetable', 'dataset_consumes_1', 'dataset_consumes_1_and_2', 'dataset_consumes_1_never_scheduled', 'dataset_produces_1', 'dataset_consumes_unknown_never_scheduled', 'consume_1_or_2_with_dataset_expressions', 'consume_1_or_both_2_and_3_with_dataset_expressions', 'consume_1_and_2_with_dataset_expressions' retrieved from /usr/local/python/3.12.1/lib/python3.12/site-packages/airflow/example_dags/example_datasets.py
[2026-04-26T07:41:03.529+0000] {logging_mixin.py:188} INFO - [2026-04-26T07:41:03.528+0000] {dag.py:3096} INFO - Sync 10 DAGs
[2026-04-26T07:41:03.546+0000] {logging_mixin.py:188} INFO - [2026-04-26T07:41:03.546+0000] {dag.py:3954} INFO - Setting next_dagrun for conditional_dataset_and_time_based_timetable to 2026-04-22 01:00:00+00:00, run_after=2026-04-22 01:00:00+00:00
[2026-04-26T07:41:03.549+0000] {logging_mixin.py:188} INFO - [2026-04-26T07:41:03.549+0000] {dag.py:3954} INFO - Setting next_dagrun for consume_1_and_2_with_dataset_expressions to None, run_after=None
[2026-04-26T07:41:03.550+0000] {logging_mixin.py:188} INFO - [2026-04-26T07:41:03.550+0000] {dag.py:3954} INFO - Setting next_dagrun for consume_1_or_2_with_dataset_expressions to None, run_after=None
[2026-04-26T07:41:03.551+0000] {logging_mixin.py:188} INFO - [2026-04-26T07:41:03.550+0000] {dag.py:3954} INFO - Setting next_dagrun for consume_1_or_both_2_and_3_with_dataset_expressions to None, run_after=None
[2026-04-26T07:41:03.551+0000] {logging_mixin.py:188} INFO - [2026-04-26T07:41:03.551+0000] {dag.py:3954} INFO - Setting next_dagrun for dataset_consumes_1 to None, run_after=None
[2026-04-26T07:41:03.552+0000] {logging_mixin.py:188} INFO - [2026-04-26T07:41:03.552+0000] {dag.py:3954} INFO - Setting next_dagrun for dataset_consumes_1_and_2 to None, run_after=None
[2026-04-26T07:41:03.553+0000] {logging_mixin.py:188} INFO - [2026-04-26T07:41:03.553+0000] {dag.py:3954} INFO - Setting next_dagrun for dataset_consumes_1_never_scheduled to None, run_after=None
[2026-04-26T07:41:03.554+0000] {logging_mixin.py:188} INFO - [2026-04-26T07:41:03.553+0000] {dag.py:3954} INFO - Setting next_dagrun for dataset_consumes_unknown_never_scheduled to None, run_after=None
[2026-04-26T07:41:03.555+0000] {logging_mixin.py:188} INFO - [2026-04-26T07:41:03.555+0000] {dag.py:3954} INFO - Setting next_dagrun for dataset_produces_1 to 2026-04-25 00:00:00+00:00, run_after=2026-04-26 00:00:00+00:00
[2026-04-26T07:41:03.556+0000] {logging_mixin.py:188} INFO - [2026-04-26T07:41:03.556+0000] {dag.py:3954} INFO - Setting next_dagrun for dataset_produces_2 to None, run_after=None
[2026-04-26T07:41:03.579+0000] {processor.py:183} INFO - Processing /usr/local/python/3.12.1/lib/python3.12/site-packages/airflow/example_dags/example_datasets.py took 0.095 seconds
[2026-04-26T07:41:49.767+0000] {processor.py:161} INFO - Started process (PID=39776) to work on /usr/local/python/3.12.1/lib/python3.12/site-packages/airflow/example_dags/example_datasets.py
[2026-04-26T07:41:49.767+0000] {processor.py:830} INFO - Processing file /usr/local/python/3.12.1/lib/python3.12/site-packages/airflow/example_dags/example_datasets.py for tasks to queue
[2026-04-26T07:41:49.768+0000] {logging_mixin.py:188} INFO - [2026-04-26T07:41:49.768+0000] {dagbag.py:540} INFO - Filling up the DagBag from /usr/local/python/3.12.1/lib/python3.12/site-packages/airflow/example_dags/example_datasets.py
[2026-04-26T07:41:49.780+0000] {processor.py:840} INFO - DAG(s) 'dataset_produces_1', 'dataset_consumes_unknown_never_scheduled', 'dataset_consumes_1', 'dataset_produces_2', 'consume_1_or_both_2_and_3_with_dataset_expressions', 'consume_1_and_2_with_dataset_expressions', 'dataset_consumes_1_never_scheduled', 'consume_1_or_2_with_dataset_expressions', 'dataset_consumes_1_and_2', 'conditional_dataset_and_time_based_timetable' retrieved from /usr/local/python/3.12.1/lib/python3.12/site-packages/airflow/example_dags/example_datasets.py
[2026-04-26T07:41:49.808+0000] {logging_mixin.py:188} INFO - [2026-04-26T07:41:49.808+0000] {dag.py:3096} INFO - Sync 10 DAGs
[2026-04-26T07:41:49.827+0000] {logging_mixin.py:188} INFO - [2026-04-26T07:41:49.827+0000] {dag.py:3954} INFO - Setting next_dagrun for conditional_dataset_and_time_based_timetable to 2026-04-22 01:00:00+00:00, run_after=2026-04-22 01:00:00+00:00
[2026-04-26T07:41:49.830+0000] {logging_mixin.py:188} INFO - [2026-04-26T07:41:49.830+0000] {dag.py:3954} INFO - Setting next_dagrun for consume_1_and_2_with_dataset_expressions to None, run_after=None
[2026-04-26T07:41:49.830+0000] {logging_mixin.py:188} INFO - [2026-04-26T07:41:49.830+0000] {dag.py:3954} INFO - Setting next_dagrun for consume_1_or_2_with_dataset_expressions to None, run_after=None
[2026-04-26T07:41:49.831+0000] {logging_mixin.py:188} INFO - [2026-04-26T07:41:49.831+0000] {dag.py:3954} INFO - Setting next_dagrun for consume_1_or_both_2_and_3_with_dataset_expressions to None, run_after=None
[2026-04-26T07:41:49.832+0000] {logging_mixin.py:188} INFO - [2026-04-26T07:41:49.832+0000] {dag.py:3954} INFO - Setting next_dagrun for dataset_consumes_1 to None, run_after=None
[2026-04-26T07:41:49.834+0000] {logging_mixin.py:188} INFO - [2026-04-26T07:41:49.833+0000] {dag.py:3954} INFO - Setting next_dagrun for dataset_consumes_1_and_2 to None, run_after=None
[2026-04-26T07:41:49.835+0000] {logging_mixin.py:188} INFO - [2026-04-26T07:41:49.834+0000] {dag.py:3954} INFO - Setting next_dagrun for dataset_consumes_1_never_scheduled to None, run_after=None
[2026-04-26T07:41:49.836+0000] {logging_mixin.py:188} INFO - [2026-04-26T07:41:49.835+0000] {dag.py:3954} INFO - Setting next_dagrun for dataset_consumes_unknown_never_scheduled to None, run_after=None
[2026-04-26T07:41:49.838+0000] {logging_mixin.py:188} INFO - [2026-04-26T07:41:49.838+0000] {dag.py:3954} INFO - Setting next_dagrun for dataset_produces_1 to 2026-04-25 00:00:00+00:00, run_after=2026-04-26 00:00:00+00:00
[2026-04-26T07:41:49.840+0000] {logging_mixin.py:188} INFO - [2026-04-26T07:41:49.839+0000] {dag.py:3954} INFO - Setting next_dagrun for dataset_produces_2 to None, run_after=None
[2026-04-26T07:41:49.869+0000] {processor.py:183} INFO - Processing /usr/local/python/3.12.1/lib/python3.12/site-packages/airflow/example_dags/example_datasets.py took 0.107 seconds
[2026-04-26T07:42:01.724+0000] {processor.py:161} INFO - Started process (PID=39926) to work on /usr/local/python/3.12.1/lib/python3.12/site-packages/airflow/example_dags/example_datasets.py
[2026-04-26T07:42:01.724+0000] {processor.py:830} INFO - Processing file /usr/local/python/3.12.1/lib/python3.12/site-packages/airflow/example_dags/example_datasets.py for tasks to queue
[2026-04-26T07:42:01.725+0000] {logging_mixin.py:188} INFO - [2026-04-26T07:42:01.725+0000] {dagbag.py:540} INFO - Filling up the DagBag from /usr/local/python/3.12.1/lib/python3.12/site-packages/airflow/example_dags/example_datasets.py
[2026-04-26T07:42:01.737+0000] {processor.py:840} INFO - DAG(s) 'consume_1_or_2_with_dataset_expressions', 'consume_1_and_2_with_dataset_expressions', 'dataset_consumes_unknown_never_scheduled', 'dataset_produces_2', 'dataset_consumes_1', 'dataset_consumes_1_and_2', 'consume_1_or_both_2_and_3_with_dataset_expressions', 'conditional_dataset_and_time_based_timetable', 'dataset_consumes_1_never_scheduled', 'dataset_produces_1' retrieved from /usr/local/python/3.12.1/lib/python3.12/site-packages/airflow/example_dags/example_datasets.py
[2026-04-26T07:42:01.780+0000] {logging_mixin.py:188} INFO - [2026-04-26T07:42:01.780+0000] {dag.py:3096} INFO - Sync 10 DAGs
[2026-04-26T07:42:01.813+0000] {logging_mixin.py:188} INFO - [2026-04-26T07:42:01.812+0000] {dag.py:3954} INFO - Setting next_dagrun for conditional_dataset_and_time_based_timetable to 2026-04-22 01:00:00+00:00, run_after=2026-04-22 01:00:00+00:00
[2026-04-26T07:42:01.817+0000] {logging_mixin.py:188} INFO - [2026-04-26T07:42:01.817+0000] {dag.py:3954} INFO - Setting next_dagrun for consume_1_and_2_with_dataset_expressions to None, run_after=None
[2026-04-26T07:42:01.819+0000] {logging_mixin.py:188} INFO - [2026-04-26T07:42:01.819+0000] {dag.py:3954} INFO - Setting next_dagrun for consume_1_or_2_with_dataset_expressions to None, run_after=None
[2026-04-26T07:42:01.820+0000] {logging_mixin.py:188} INFO - [2026-04-26T07:42:01.820+0000] {dag.py:3954} INFO - Setting next_dagrun for consume_1_or_both_2_and_3_with_dataset_expressions to None, run_after=None
[2026-04-26T07:42:01.821+0000] {logging_mixin.py:188} INFO - [2026-04-26T07:42:01.821+0000] {dag.py:3954} INFO - Setting next_dagrun for dataset_consumes_1 to None, run_after=None
[2026-04-26T07:42:01.822+0000] {logging_mixin.py:188} INFO - [2026-04-26T07:42:01.822+0000] {dag.py:3954} INFO - Setting next_dagrun for dataset_consumes_1_and_2 to None, run_after=None
[2026-04-26T07:42:01.823+0000] {logging_mixin.py:188} INFO - [2026-04-26T07:42:01.823+0000] {dag.py:3954} INFO - Setting next_dagrun for dataset_consumes_1_never_scheduled to None, run_after=None
[2026-04-26T07:42:01.824+0000] {logging_mixin.py:188} INFO - [2026-04-26T07:42:01.824+0000] {dag.py:3954} INFO - Setting next_dagrun for dataset_consumes_unknown_never_scheduled to None, run_after=None
[2026-04-26T07:42:01.827+0000] {logging_mixin.py:188} INFO - [2026-04-26T07:42:01.827+0000] {dag.py:3954} INFO - Setting next_dagrun for dataset_produces_1 to 2026-04-25 00:00:00+00:00, run_after=2026-04-26 00:00:00+00:00
[2026-04-26T07:42:01.828+0000] {logging_mixin.py:188} INFO - [2026-04-26T07:42:01.828+0000] {dag.py:3954} INFO - Setting next_dagrun for dataset_produces_2 to None, run_after=None
[2026-04-26T07:42:01.875+0000] {processor.py:183} INFO - Processing /usr/local/python/3.12.1/lib/python3.12/site-packages/airflow/example_dags/example_datasets.py took 0.155 seconds
[2026-04-26T07:42:06.401+0000] {processor.py:161} INFO - Started process (PID=39962) to work on /usr/local/python/3.12.1/lib/python3.12/site-packages/airflow/example_dags/example_datasets.py
[2026-04-26T07:42:06.402+0000] {processor.py:830} INFO - Processing file /usr/local/python/3.12.1/lib/python3.12/site-packages/airflow/example_dags/example_datasets.py for tasks to queue
[2026-04-26T07:42:06.403+0000] {logging_mixin.py:188} INFO - [2026-04-26T07:42:06.402+0000] {dagbag.py:540} INFO - Filling up the DagBag from /usr/local/python/3.12.1/lib/python3.12/site-packages/airflow/example_dags/example_datasets.py
[2026-04-26T07:42:06.415+0000] {processor.py:840} INFO - DAG(s) 'consume_1_or_2_with_dataset_expressions', 'dataset_consumes_1', 'consume_1_or_both_2_and_3_with_dataset_expressions', 'dataset_consumes_1_never_scheduled', 'conditional_dataset_and_time_based_timetable', 'consume_1_and_2_with_dataset_expressions', 'dataset_consumes_unknown_never_scheduled', 'dataset_consumes_1_and_2', 'dataset_produces_1', 'dataset_produces_2' retrieved from /usr/local/python/3.12.1/lib/python3.12/site-packages/airflow/example_dags/example_datasets.py
[2026-04-26T07:42:06.443+0000] {logging_mixin.py:188} INFO - [2026-04-26T07:42:06.443+0000] {dag.py:3096} INFO - Sync 10 DAGs
[2026-04-26T07:42:06.463+0000] {logging_mixin.py:188} INFO - [2026-04-26T07:42:06.463+0000] {dag.py:3954} INFO - Setting next_dagrun for conditional_dataset_and_time_based_timetable to 2026-04-22 01:00:00+00:00, run_after=2026-04-22 01:00:00+00:00
[2026-04-26T07:42:06.466+0000] {logging_mixin.py:188} INFO - [2026-04-26T07:42:06.466+0000] {dag.py:3954} INFO - Setting next_dagrun for consume_1_and_2_with_dataset_expressions to None, run_after=None
[2026-04-26T07:42:06.467+0000] {logging_mixin.py:188} INFO - [2026-04-26T07:42:06.467+0000] {dag.py:3954} INFO - Setting next_dagrun for consume_1_or_2_with_dataset_expressions to None, run_after=None
[2026-04-26T07:42:06.468+0000] {logging_mixin.py:188} INFO - [2026-04-26T07:42:06.468+0000] {dag.py:3954} INFO - Setting next_dagrun for consume_1_or_both_2_and_3_with_dataset_expressions to None, run_after=None
[2026-04-26T07:42:06.469+0000] {logging_mixin.py:188} INFO - [2026-04-26T07:42:06.469+0000] {dag.py:3954} INFO - Setting next_dagrun for dataset_consumes_1 to None, run_after=None
[2026-04-26T07:42:06.470+0000] {logging_mixin.py:188} INFO - [2026-04-26T07:42:06.470+0000] {dag.py:3954} INFO - Setting next_dagrun for dataset_consumes_1_and_2 to None, run_after=None
[2026-04-26T07:42:06.471+0000] {logging_mixin.py:188} INFO - [2026-04-26T07:42:06.471+0000] {dag.py:3954} INFO - Setting next_dagrun for dataset_consumes_1_never_scheduled to None, run_after=None
[2026-04-26T07:42:06.472+0000] {logging_mixin.py:188} INFO - [2026-04-26T07:42:06.472+0000] {dag.py:3954} INFO - Setting next_dagrun for dataset_consumes_unknown_never_scheduled to None, run_after=None
[2026-04-26T07:42:06.475+0000] {logging_mixin.py:188} INFO - [2026-04-26T07:42:06.474+0000] {dag.py:3954} INFO - Setting next_dagrun for dataset_produces_1 to 2026-04-25 00:00:00+00:00, run_after=2026-04-26 00:00:00+00:00
[2026-04-26T07:42:06.475+0000] {logging_mixin.py:188} INFO - [2026-04-26T07:42:06.475+0000] {dag.py:3954} INFO - Setting next_dagrun for dataset_produces_2 to None, run_after=None
[2026-04-26T07:42:06.499+0000] {processor.py:183} INFO - Processing /usr/local/python/3.12.1/lib/python3.12/site-packages/airflow/example_dags/example_datasets.py took 0.103 seconds
[2026-04-26T07:42:54.444+0000] {processor.py:161} INFO - Started process (PID=40401) to work on /usr/local/python/3.12.1/lib/python3.12/site-packages/airflow/example_dags/example_datasets.py
[2026-04-26T07:42:54.445+0000] {processor.py:830} INFO - Processing file /usr/local/python/3.12.1/lib/python3.12/site-packages/airflow/example_dags/example_datasets.py for tasks to queue
[2026-04-26T07:42:54.446+0000] {logging_mixin.py:188} INFO - [2026-04-26T07:42:54.445+0000] {dagbag.py:540} INFO - Filling up the DagBag from /usr/local/python/3.12.1/lib/python3.12/site-packages/airflow/example_dags/example_datasets.py
[2026-04-26T07:42:54.458+0000] {processor.py:840} INFO - DAG(s) 'consume_1_and_2_with_dataset_expressions', 'consume_1_or_2_with_dataset_expressions', 'dataset_consumes_1_never_scheduled', 'consume_1_or_both_2_and_3_with_dataset_expressions', 'dataset_consumes_1_and_2', 'dataset_produces_2', 'dataset_consumes_unknown_never_scheduled', 'conditional_dataset_and_time_based_timetable', 'dataset_consumes_1', 'dataset_produces_1' retrieved from /usr/local/python/3.12.1/lib/python3.12/site-packages/airflow/example_dags/example_datasets.py
[2026-04-26T07:42:54.491+0000] {logging_mixin.py:188} INFO - [2026-04-26T07:42:54.491+0000] {dag.py:3096} INFO - Sync 10 DAGs
[2026-04-26T07:42:54.517+0000] {logging_mixin.py:188} INFO - [2026-04-26T07:42:54.516+0000] {dag.py:3954} INFO - Setting next_dagrun for conditional_dataset_and_time_based_timetable to 2026-04-22 01:00:00+00:00, run_after=2026-04-22 01:00:00+00:00
[2026-04-26T07:42:54.521+0000] {logging_mixin.py:188} INFO - [2026-04-26T07:42:54.520+0000] {dag.py:3954} INFO - Setting next_dagrun for consume_1_and_2_with_dataset_expressions to None, run_after=None
[2026-04-26T07:42:54.522+0000] {logging_mixin.py:188} INFO - [2026-04-26T07:42:54.522+0000] {dag.py:3954} INFO - Setting next_dagrun for consume_1_or_2_with_dataset_expressions to None, run_after=None
[2026-04-26T07:42:54.523+0000] {logging_mixin.py:188} INFO - [2026-04-26T07:42:54.523+0000] {dag.py:3954} INFO - Setting next_dagrun for consume_1_or_both_2_and_3_with_dataset_expressions to None, run_after=None
[2026-04-26T07:42:54.524+0000] {logging_mixin.py:188} INFO - [2026-04-26T07:42:54.524+0000] {dag.py:3954} INFO - Setting next_dagrun for dataset_consumes_1 to None, run_after=None
[2026-04-26T07:42:54.525+0000] {logging_mixin.py:188} INFO - [2026-04-26T07:42:54.525+0000] {dag.py:3954} INFO - Setting next_dagrun for dataset_consumes_1_and_2 to None, run_after=None
[2026-04-26T07:42:54.526+0000] {logging_mixin.py:188} INFO - [2026-04-26T07:42:54.526+0000] {dag.py:3954} INFO - Setting next_dagrun for dataset_consumes_1_never_scheduled to None, run_after=None
[2026-04-26T07:42:54.527+0000] {logging_mixin.py:188} INFO - [2026-04-26T07:42:54.527+0000] {dag.py:3954} INFO - Setting next_dagrun for dataset_consumes_unknown_never_scheduled to None, run_after=None
[2026-04-26T07:42:54.530+0000] {logging_mixin.py:188} INFO - [2026-04-26T07:42:54.530+0000] {dag.py:3954} INFO - Setting next_dagrun for dataset_produces_1 to 2026-04-25 00:00:00+00:00, run_after=2026-04-26 00:00:00+00:00
[2026-04-26T07:42:54.531+0000] {logging_mixin.py:188} INFO - [2026-04-26T07:42:54.531+0000] {dag.py:3954} INFO - Setting next_dagrun for dataset_produces_2 to None, run_after=None
[2026-04-26T07:42:54.577+0000] {processor.py:183} INFO - Processing /usr/local/python/3.12.1/lib/python3.12/site-packages/airflow/example_dags/example_datasets.py took 0.137 seconds
[2026-04-26T07:43:03.502+0000] {processor.py:161} INFO - Started process (PID=40480) to work on /usr/local/python/3.12.1/lib/python3.12/site-packages/airflow/example_dags/example_datasets.py
[2026-04-26T07:43:03.503+0000] {processor.py:830} INFO - Processing file /usr/local/python/3.12.1/lib/python3.12/site-packages/airflow/example_dags/example_datasets.py for tasks to queue
[2026-04-26T07:43:03.503+0000] {logging_mixin.py:188} INFO - [2026-04-26T07:43:03.503+0000] {dagbag.py:540} INFO - Filling up the DagBag from /usr/local/python/3.12.1/lib/python3.12/site-packages/airflow/example_dags/example_datasets.py
[2026-04-26T07:43:03.515+0000] {processor.py:840} INFO - DAG(s) 'consume_1_or_2_with_dataset_expressions', 'dataset_produces_1', 'consume_1_and_2_with_dataset_expressions', 'dataset_produces_2', 'dataset_consumes_unknown_never_scheduled', 'consume_1_or_both_2_and_3_with_dataset_expressions', 'dataset_consumes_1_never_scheduled', 'dataset_consumes_1', 'conditional_dataset_and_time_based_timetable', 'dataset_consumes_1_and_2' retrieved from /usr/local/python/3.12.1/lib/python3.12/site-packages/airflow/example_dags/example_datasets.py
[2026-04-26T07:43:03.543+0000] {logging_mixin.py:188} INFO - [2026-04-26T07:43:03.543+0000] {dag.py:3096} INFO - Sync 10 DAGs
[2026-04-26T07:43:03.564+0000] {logging_mixin.py:188} INFO - [2026-04-26T07:43:03.563+0000] {dag.py:3954} INFO - Setting next_dagrun for conditional_dataset_and_time_based_timetable to 2026-04-22 01:00:00+00:00, run_after=2026-04-22 01:00:00+00:00
[2026-04-26T07:43:03.568+0000] {logging_mixin.py:188} INFO - [2026-04-26T07:43:03.567+0000] {dag.py:3954} INFO - Setting next_dagrun for consume_1_and_2_with_dataset_expressions to None, run_after=None
[2026-04-26T07:43:03.569+0000] {logging_mixin.py:188} INFO - [2026-04-26T07:43:03.568+0000] {dag.py:3954} INFO - Setting next_dagrun for consume_1_or_2_with_dataset_expressions to None, run_after=None
[2026-04-26T07:43:03.570+0000] {logging_mixin.py:188} INFO - [2026-04-26T07:43:03.570+0000] {dag.py:3954} INFO - Setting next_dagrun for consume_1_or_both_2_and_3_with_dataset_expressions to None, run_after=None
[2026-04-26T07:43:03.571+0000] {logging_mixin.py:188} INFO - [2026-04-26T07:43:03.571+0000] {dag.py:3954} INFO - Setting next_dagrun for dataset_consumes_1 to None, run_after=None
[2026-04-26T07:43:03.572+0000] {logging_mixin.py:188} INFO - [2026-04-26T07:43:03.572+0000] {dag.py:3954} INFO - Setting next_dagrun for dataset_consumes_1_and_2 to None, run_after=None
[2026-04-26T07:43:03.573+0000] {logging_mixin.py:188} INFO - [2026-04-26T07:43:03.573+0000] {dag.py:3954} INFO - Setting next_dagrun for dataset_consumes_1_never_scheduled to None, run_after=None
[2026-04-26T07:43:03.574+0000] {logging_mixin.py:188} INFO - [2026-04-26T07:43:03.574+0000] {dag.py:3954} INFO - Setting next_dagrun for dataset_consumes_unknown_never_scheduled to None, run_after=None
[2026-04-26T07:43:03.576+0000] {logging_mixin.py:188} INFO - [2026-04-26T07:43:03.576+0000] {dag.py:3954} INFO - Setting next_dagrun for dataset_produces_1 to 2026-04-25 00:00:00+00:00, run_after=2026-04-26 00:00:00+00:00
[2026-04-26T07:43:03.577+0000] {logging_mixin.py:188} INFO - [2026-04-26T07:43:03.577+0000] {dag.py:3954} INFO - Setting next_dagrun for dataset_produces_2 to None, run_after=None
[2026-04-26T07:43:03.612+0000] {processor.py:183} INFO - Processing /usr/local/python/3.12.1/lib/python3.12/site-packages/airflow/example_dags/example_datasets.py took 0.114 seconds
[2026-04-26T07:43:09.605+0000] {processor.py:161} INFO - Started process (PID=40534) to work on /usr/local/python/3.12.1/lib/python3.12/site-packages/airflow/example_dags/example_datasets.py
[2026-04-26T07:43:09.606+0000] {processor.py:830} INFO - Processing file /usr/local/python/3.12.1/lib/python3.12/site-packages/airflow/example_dags/example_datasets.py for tasks to queue
[2026-04-26T07:43:09.606+0000] {logging_mixin.py:188} INFO - [2026-04-26T07:43:09.606+0000] {dagbag.py:540} INFO - Filling up the DagBag from /usr/local/python/3.12.1/lib/python3.12/site-packages/airflow/example_dags/example_datasets.py
[2026-04-26T07:43:09.618+0000] {processor.py:840} INFO - DAG(s) 'consume_1_or_both_2_and_3_with_dataset_expressions', 'dataset_produces_2', 'dataset_consumes_1', 'dataset_consumes_1_never_scheduled', 'dataset_consumes_1_and_2', 'consume_1_and_2_with_dataset_expressions', 'consume_1_or_2_with_dataset_expressions', 'dataset_produces_1', 'conditional_dataset_and_time_based_timetable', 'dataset_consumes_unknown_never_scheduled' retrieved from /usr/local/python/3.12.1/lib/python3.12/site-packages/airflow/example_dags/example_datasets.py
[2026-04-26T07:43:09.646+0000] {logging_mixin.py:188} INFO - [2026-04-26T07:43:09.645+0000] {dag.py:3096} INFO - Sync 10 DAGs
[2026-04-26T07:43:09.665+0000] {logging_mixin.py:188} INFO - [2026-04-26T07:43:09.665+0000] {dag.py:3954} INFO - Setting next_dagrun for conditional_dataset_and_time_based_timetable to 2026-04-22 01:00:00+00:00, run_after=2026-04-22 01:00:00+00:00
[2026-04-26T07:43:09.669+0000] {logging_mixin.py:188} INFO - [2026-04-26T07:43:09.669+0000] {dag.py:3954} INFO - Setting next_dagrun for consume_1_and_2_with_dataset_expressions to None, run_after=None
[2026-04-26T07:43:09.670+0000] {logging_mixin.py:188} INFO - [2026-04-26T07:43:09.670+0000] {dag.py:3954} INFO - Setting next_dagrun for consume_1_or_2_with_dataset_expressions to None, run_after=None
[2026-04-26T07:43:09.671+0000] {logging_mixin.py:188} INFO - [2026-04-26T07:43:09.670+0000] {dag.py:3954} INFO - Setting next_dagrun for consume_1_or_both_2_and_3_with_dataset_expressions to None, run_after=None
[2026-04-26T07:43:09.672+0000] {logging_mixin.py:188} INFO - [2026-04-26T07:43:09.672+0000] {dag.py:3954} INFO - Setting next_dagrun for dataset_consumes_1 to None, run_after=None
[2026-04-26T07:43:09.673+0000] {logging_mixin.py:188} INFO - [2026-04-26T07:43:09.672+0000] {dag.py:3954} INFO - Setting next_dagrun for dataset_consumes_1_and_2 to None, run_after=None
[2026-04-26T07:43:09.673+0000] {logging_mixin.py:188} INFO - [2026-04-26T07:43:09.673+0000] {dag.py:3954} INFO - Setting next_dagrun for dataset_consumes_1_never_scheduled to None, run_after=None
[2026-04-26T07:43:09.674+0000] {logging_mixin.py:188} INFO - [2026-04-26T07:43:09.674+0000] {dag.py:3954} INFO - Setting next_dagrun for dataset_consumes_unknown_never_scheduled to None, run_after=None
[2026-04-26T07:43:09.676+0000] {logging_mixin.py:188} INFO - [2026-04-26T07:43:09.676+0000] {dag.py:3954} INFO - Setting next_dagrun for dataset_produces_1 to 2026-04-25 00:00:00+00:00, run_after=2026-04-26 00:00:00+00:00
[2026-04-26T07:43:09.677+0000] {logging_mixin.py:188} INFO - [2026-04-26T07:43:09.677+0000] {dag.py:3954} INFO - Setting next_dagrun for dataset_produces_2 to None, run_after=None
[2026-04-26T07:43:09.703+0000] {processor.py:183} INFO - Processing /usr/local/python/3.12.1/lib/python3.12/site-packages/airflow/example_dags/example_datasets.py took 0.105 seconds
[2026-04-26T07:44:07.752+0000] {processor.py:161} INFO - Started process (PID=42388) to work on /usr/local/python/3.12.1/lib/python3.12/site-packages/airflow/example_dags/example_datasets.py
[2026-04-26T07:44:07.776+0000] {processor.py:830} INFO - Processing file /usr/local/python/3.12.1/lib/python3.12/site-packages/airflow/example_dags/example_datasets.py for tasks to queue
[2026-04-26T07:44:07.792+0000] {logging_mixin.py:188} INFO - [2026-04-26T07:44:07.780+0000] {dagbag.py:540} INFO - Filling up the DagBag from /usr/local/python/3.12.1/lib/python3.12/site-packages/airflow/example_dags/example_datasets.py
[2026-04-26T07:44:07.926+0000] {processor.py:840} INFO - DAG(s) 'consume_1_or_2_with_dataset_expressions', 'dataset_consumes_1_never_scheduled', 'dataset_produces_2', 'consume_1_and_2_with_dataset_expressions', 'dataset_consumes_unknown_never_scheduled', 'consume_1_or_both_2_and_3_with_dataset_expressions', 'dataset_consumes_1', 'dataset_produces_1', 'conditional_dataset_and_time_based_timetable', 'dataset_consumes_1_and_2' retrieved from /usr/local/python/3.12.1/lib/python3.12/site-packages/airflow/example_dags/example_datasets.py
[2026-04-26T07:44:08.106+0000] {logging_mixin.py:188} INFO - [2026-04-26T07:44:08.096+0000] {dag.py:3096} INFO - Sync 10 DAGs
[2026-04-26T07:44:08.313+0000] {logging_mixin.py:188} INFO - [2026-04-26T07:44:08.313+0000] {dag.py:3954} INFO - Setting next_dagrun for conditional_dataset_and_time_based_timetable to 2026-04-22 01:00:00+00:00, run_after=2026-04-22 01:00:00+00:00
[2026-04-26T07:44:08.325+0000] {logging_mixin.py:188} INFO - [2026-04-26T07:44:08.325+0000] {dag.py:3954} INFO - Setting next_dagrun for consume_1_and_2_with_dataset_expressions to None, run_after=None
[2026-04-26T07:44:08.329+0000] {logging_mixin.py:188} INFO - [2026-04-26T07:44:08.328+0000] {dag.py:3954} INFO - Setting next_dagrun for consume_1_or_2_with_dataset_expressions to None, run_after=None
[2026-04-26T07:44:08.330+0000] {logging_mixin.py:188} INFO - [2026-04-26T07:44:08.329+0000] {dag.py:3954} INFO - Setting next_dagrun for consume_1_or_both_2_and_3_with_dataset_expressions to None, run_after=None
[2026-04-26T07:44:08.332+0000] {logging_mixin.py:188} INFO - [2026-04-26T07:44:08.332+0000] {dag.py:3954} INFO - Setting next_dagrun for dataset_consumes_1 to None, run_after=None
[2026-04-26T07:44:08.340+0000] {logging_mixin.py:188} INFO - [2026-04-26T07:44:08.340+0000] {dag.py:3954} INFO - Setting next_dagrun for dataset_consumes_1_and_2 to None, run_after=None
[2026-04-26T07:44:08.342+0000] {logging_mixin.py:188} INFO - [2026-04-26T07:44:08.342+0000] {dag.py:3954} INFO - Setting next_dagrun for dataset_consumes_1_never_scheduled to None, run_after=None
[2026-04-26T07:44:08.350+0000] {logging_mixin.py:188} INFO - [2026-04-26T07:44:08.345+0000] {dag.py:3954} INFO - Setting next_dagrun for dataset_consumes_unknown_never_scheduled to None, run_after=None
[2026-04-26T07:44:08.361+0000] {logging_mixin.py:188} INFO - [2026-04-26T07:44:08.358+0000] {dag.py:3954} INFO - Setting next_dagrun for dataset_produces_1 to 2026-04-25 00:00:00+00:00, run_after=2026-04-26 00:00:00+00:00
[2026-04-26T07:44:08.367+0000] {logging_mixin.py:188} INFO - [2026-04-26T07:44:08.363+0000] {dag.py:3954} INFO - Setting next_dagrun for dataset_produces_2 to None, run_after=None
[2026-04-26T07:44:08.485+0000] {processor.py:183} INFO - Processing /usr/local/python/3.12.1/lib/python3.12/site-packages/airflow/example_dags/example_datasets.py took 0.762 seconds
[2026-04-26T07:44:09.422+0000] {processor.py:161} INFO - Started process (PID=42423) to work on /usr/local/python/3.12.1/lib/python3.12/site-packages/airflow/example_dags/example_datasets.py
[2026-04-26T07:44:09.428+0000] {processor.py:830} INFO - Processing file /usr/local/python/3.12.1/lib/python3.12/site-packages/airflow/example_dags/example_datasets.py for tasks to queue
[2026-04-26T07:44:09.432+0000] {logging_mixin.py:188} INFO - [2026-04-26T07:44:09.428+0000] {dagbag.py:540} INFO - Filling up the DagBag from /usr/local/python/3.12.1/lib/python3.12/site-packages/airflow/example_dags/example_datasets.py
[2026-04-26T07:44:09.532+0000] {processor.py:840} INFO - DAG(s) 'dataset_produces_1', 'dataset_consumes_1_and_2', 'dataset_consumes_unknown_never_scheduled', 'consume_1_or_both_2_and_3_with_dataset_expressions', 'dataset_produces_2', 'consume_1_and_2_with_dataset_expressions', 'dataset_consumes_1', 'consume_1_or_2_with_dataset_expressions', 'dataset_consumes_1_never_scheduled', 'conditional_dataset_and_time_based_timetable' retrieved from /usr/local/python/3.12.1/lib/python3.12/site-packages/airflow/example_dags/example_datasets.py
[2026-04-26T07:44:09.609+0000] {logging_mixin.py:188} INFO - [2026-04-26T07:44:09.605+0000] {dag.py:3096} INFO - Sync 10 DAGs
[2026-04-26T07:44:09.805+0000] {logging_mixin.py:188} INFO - [2026-04-26T07:44:09.805+0000] {dag.py:3954} INFO - Setting next_dagrun for conditional_dataset_and_time_based_timetable to 2026-04-22 01:00:00+00:00, run_after=2026-04-22 01:00:00+00:00
[2026-04-26T07:44:09.853+0000] {logging_mixin.py:188} INFO - [2026-04-26T07:44:09.853+0000] {dag.py:3954} INFO - Setting next_dagrun for consume_1_and_2_with_dataset_expressions to None, run_after=None
[2026-04-26T07:44:09.896+0000] {logging_mixin.py:188} INFO - [2026-04-26T07:44:09.887+0000] {dag.py:3954} INFO - Setting next_dagrun for consume_1_or_2_with_dataset_expressions to None, run_after=None
[2026-04-26T07:44:09.930+0000] {logging_mixin.py:188} INFO - [2026-04-26T07:44:09.930+0000] {dag.py:3954} INFO - Setting next_dagrun for consume_1_or_both_2_and_3_with_dataset_expressions to None, run_after=None
[2026-04-26T07:44:09.989+0000] {logging_mixin.py:188} INFO - [2026-04-26T07:44:09.984+0000] {dag.py:3954} INFO - Setting next_dagrun for dataset_consumes_1 to None, run_after=None
[2026-04-26T07:44:10.029+0000] {logging_mixin.py:188} INFO - [2026-04-26T07:44:10.015+0000] {dag.py:3954} INFO - Setting next_dagrun for dataset_consumes_1_and_2 to None, run_after=None
[2026-04-26T07:44:10.044+0000] {logging_mixin.py:188} INFO - [2026-04-26T07:44:10.044+0000] {dag.py:3954} INFO - Setting next_dagrun for dataset_consumes_1_never_scheduled to None, run_after=None
[2026-04-26T07:44:10.087+0000] {logging_mixin.py:188} INFO - [2026-04-26T07:44:10.070+0000] {dag.py:3954} INFO - Setting next_dagrun for dataset_consumes_unknown_never_scheduled to None, run_after=None
[2026-04-26T07:44:10.104+0000] {logging_mixin.py:188} INFO - [2026-04-26T07:44:10.104+0000] {dag.py:3954} INFO - Setting next_dagrun for dataset_produces_1 to 2026-04-25 00:00:00+00:00, run_after=2026-04-26 00:00:00+00:00
[2026-04-26T07:44:10.122+0000] {logging_mixin.py:188} INFO - [2026-04-26T07:44:10.118+0000] {dag.py:3954} INFO - Setting next_dagrun for dataset_produces_2 to None, run_after=None
[2026-04-26T07:44:10.358+0000] {processor.py:183} INFO - Processing /usr/local/python/3.12.1/lib/python3.12/site-packages/airflow/example_dags/example_datasets.py took 0.973 seconds
[2026-04-26T07:44:36.564+0000] {processor.py:161} INFO - Started process (PID=43614) to work on /usr/local/python/3.12.1/lib/python3.12/site-packages/airflow/example_dags/example_datasets.py
[2026-04-26T07:44:36.565+0000] {processor.py:830} INFO - Processing file /usr/local/python/3.12.1/lib/python3.12/site-packages/airflow/example_dags/example_datasets.py for tasks to queue
[2026-04-26T07:44:36.566+0000] {logging_mixin.py:188} INFO - [2026-04-26T07:44:36.566+0000] {dagbag.py:540} INFO - Filling up the DagBag from /usr/local/python/3.12.1/lib/python3.12/site-packages/airflow/example_dags/example_datasets.py
[2026-04-26T07:44:36.587+0000] {processor.py:840} INFO - DAG(s) 'dataset_produces_1', 'dataset_produces_2', 'dataset_consumes_unknown_never_scheduled', 'consume_1_and_2_with_dataset_expressions', 'consume_1_or_both_2_and_3_with_dataset_expressions', 'dataset_consumes_1_and_2', 'conditional_dataset_and_time_based_timetable', 'consume_1_or_2_with_dataset_expressions', 'dataset_consumes_1_never_scheduled', 'dataset_consumes_1' retrieved from /usr/local/python/3.12.1/lib/python3.12/site-packages/airflow/example_dags/example_datasets.py
[2026-04-26T07:44:36.656+0000] {logging_mixin.py:188} INFO - [2026-04-26T07:44:36.655+0000] {dag.py:3096} INFO - Sync 10 DAGs
[2026-04-26T07:44:36.715+0000] {logging_mixin.py:188} INFO - [2026-04-26T07:44:36.714+0000] {dag.py:3954} INFO - Setting next_dagrun for conditional_dataset_and_time_based_timetable to 2026-04-22 01:00:00+00:00, run_after=2026-04-22 01:00:00+00:00
[2026-04-26T07:44:36.723+0000] {logging_mixin.py:188} INFO - [2026-04-26T07:44:36.722+0000] {dag.py:3954} INFO - Setting next_dagrun for consume_1_and_2_with_dataset_expressions to None, run_after=None
[2026-04-26T07:44:36.726+0000] {logging_mixin.py:188} INFO - [2026-04-26T07:44:36.726+0000] {dag.py:3954} INFO - Setting next_dagrun for consume_1_or_2_with_dataset_expressions to None, run_after=None
[2026-04-26T07:44:36.735+0000] {logging_mixin.py:188} INFO - [2026-04-26T07:44:36.735+0000] {dag.py:3954} INFO - Setting next_dagrun for consume_1_or_both_2_and_3_with_dataset_expressions to None, run_after=None
[2026-04-26T07:44:36.744+0000] {logging_mixin.py:188} INFO - [2026-04-26T07:44:36.744+0000] {dag.py:3954} INFO - Setting next_dagrun for dataset_consumes_1 to None, run_after=None
[2026-04-26T07:44:36.747+0000] {logging_mixin.py:188} INFO - [2026-04-26T07:44:36.746+0000] {dag.py:3954} INFO - Setting next_dagrun for dataset_consumes_1_and_2 to None, run_after=None
[2026-04-26T07:44:36.749+0000] {logging_mixin.py:188} INFO - [2026-04-26T07:44:36.749+0000] {dag.py:3954} INFO - Setting next_dagrun for dataset_consumes_1_never_scheduled to None, run_after=None
[2026-04-26T07:44:36.753+0000] {logging_mixin.py:188} INFO - [2026-04-26T07:44:36.752+0000] {dag.py:3954} INFO - Setting next_dagrun for dataset_consumes_unknown_never_scheduled to None, run_after=None
[2026-04-26T07:44:36.758+0000] {logging_mixin.py:188} INFO - [2026-04-26T07:44:36.758+0000] {dag.py:3954} INFO - Setting next_dagrun for dataset_produces_1 to 2026-04-25 00:00:00+00:00, run_after=2026-04-26 00:00:00+00:00
[2026-04-26T07:44:36.765+0000] {logging_mixin.py:188} INFO - [2026-04-26T07:44:36.765+0000] {dag.py:3954} INFO - Setting next_dagrun for dataset_produces_2 to None, run_after=None
[2026-04-26T07:44:36.884+0000] {processor.py:183} INFO - Processing /usr/local/python/3.12.1/lib/python3.12/site-packages/airflow/example_dags/example_datasets.py took 0.329 seconds
[2026-04-26T07:45:28.071+0000] {processor.py:161} INFO - Started process (PID=44481) to work on /usr/local/python/3.12.1/lib/python3.12/site-packages/airflow/example_dags/example_datasets.py
[2026-04-26T07:45:28.073+0000] {processor.py:830} INFO - Processing file /usr/local/python/3.12.1/lib/python3.12/site-packages/airflow/example_dags/example_datasets.py for tasks to queue
[2026-04-26T07:45:28.074+0000] {logging_mixin.py:188} INFO - [2026-04-26T07:45:28.074+0000] {dagbag.py:540} INFO - Filling up the DagBag from /usr/local/python/3.12.1/lib/python3.12/site-packages/airflow/example_dags/example_datasets.py
[2026-04-26T07:45:28.094+0000] {processor.py:840} INFO - DAG(s) 'consume_1_or_2_with_dataset_expressions', 'dataset_consumes_1_and_2', 'consume_1_or_both_2_and_3_with_dataset_expressions', 'dataset_consumes_1_never_scheduled', 'dataset_produces_2', 'dataset_consumes_unknown_never_scheduled', 'consume_1_and_2_with_dataset_expressions', 'dataset_consumes_1', 'conditional_dataset_and_time_based_timetable', 'dataset_produces_1' retrieved from /usr/local/python/3.12.1/lib/python3.12/site-packages/airflow/example_dags/example_datasets.py
[2026-04-26T07:45:28.155+0000] {logging_mixin.py:188} INFO - [2026-04-26T07:45:28.152+0000] {dag.py:3096} INFO - Sync 10 DAGs
[2026-04-26T07:45:28.190+0000] {logging_mixin.py:188} INFO - [2026-04-26T07:45:28.189+0000] {dag.py:3954} INFO - Setting next_dagrun for conditional_dataset_and_time_based_timetable to 2026-04-22 01:00:00+00:00, run_after=2026-04-22 01:00:00+00:00
[2026-04-26T07:45:28.199+0000] {logging_mixin.py:188} INFO - [2026-04-26T07:45:28.199+0000] {dag.py:3954} INFO - Setting next_dagrun for consume_1_and_2_with_dataset_expressions to None, run_after=None
[2026-04-26T07:45:28.200+0000] {logging_mixin.py:188} INFO - [2026-04-26T07:45:28.200+0000] {dag.py:3954} INFO - Setting next_dagrun for consume_1_or_2_with_dataset_expressions to None, run_after=None
[2026-04-26T07:45:28.201+0000] {logging_mixin.py:188} INFO - [2026-04-26T07:45:28.201+0000] {dag.py:3954} INFO - Setting next_dagrun for consume_1_or_both_2_and_3_with_dataset_expressions to None, run_after=None
[2026-04-26T07:45:28.203+0000] {logging_mixin.py:188} INFO - [2026-04-26T07:45:28.202+0000] {dag.py:3954} INFO - Setting next_dagrun for dataset_consumes_1 to None, run_after=None
[2026-04-26T07:45:28.204+0000] {logging_mixin.py:188} INFO - [2026-04-26T07:45:28.204+0000] {dag.py:3954} INFO - Setting next_dagrun for dataset_consumes_1_and_2 to None, run_after=None
[2026-04-26T07:45:28.205+0000] {logging_mixin.py:188} INFO - [2026-04-26T07:45:28.205+0000] {dag.py:3954} INFO - Setting next_dagrun for dataset_consumes_1_never_scheduled to None, run_after=None
[2026-04-26T07:45:28.206+0000] {logging_mixin.py:188} INFO - [2026-04-26T07:45:28.206+0000] {dag.py:3954} INFO - Setting next_dagrun for dataset_consumes_unknown_never_scheduled to None, run_after=None
[2026-04-26T07:45:28.209+0000] {logging_mixin.py:188} INFO - [2026-04-26T07:45:28.209+0000] {dag.py:3954} INFO - Setting next_dagrun for dataset_produces_1 to 2026-04-25 00:00:00+00:00, run_after=2026-04-26 00:00:00+00:00
[2026-04-26T07:45:28.210+0000] {logging_mixin.py:188} INFO - [2026-04-26T07:45:28.210+0000] {dag.py:3954} INFO - Setting next_dagrun for dataset_produces_2 to None, run_after=None
[2026-04-26T07:45:28.264+0000] {processor.py:183} INFO - Processing /usr/local/python/3.12.1/lib/python3.12/site-packages/airflow/example_dags/example_datasets.py took 0.201 seconds
[2026-04-26T07:45:30.711+0000] {processor.py:161} INFO - Started process (PID=44509) to work on /usr/local/python/3.12.1/lib/python3.12/site-packages/airflow/example_dags/example_datasets.py
[2026-04-26T07:45:30.719+0000] {processor.py:830} INFO - Processing file /usr/local/python/3.12.1/lib/python3.12/site-packages/airflow/example_dags/example_datasets.py for tasks to queue
[2026-04-26T07:45:30.721+0000] {logging_mixin.py:188} INFO - [2026-04-26T07:45:30.721+0000] {dagbag.py:540} INFO - Filling up the DagBag from /usr/local/python/3.12.1/lib/python3.12/site-packages/airflow/example_dags/example_datasets.py
[2026-04-26T07:45:30.764+0000] {processor.py:840} INFO - DAG(s) 'dataset_produces_2', 'dataset_consumes_1_and_2', 'dataset_consumes_1', 'consume_1_or_2_with_dataset_expressions', 'consume_1_and_2_with_dataset_expressions', 'dataset_produces_1', 'dataset_consumes_unknown_never_scheduled', 'conditional_dataset_and_time_based_timetable', 'dataset_consumes_1_never_scheduled', 'consume_1_or_both_2_and_3_with_dataset_expressions' retrieved from /usr/local/python/3.12.1/lib/python3.12/site-packages/airflow/example_dags/example_datasets.py
[2026-04-26T07:45:30.848+0000] {logging_mixin.py:188} INFO - [2026-04-26T07:45:30.847+0000] {dag.py:3096} INFO - Sync 10 DAGs
[2026-04-26T07:45:30.899+0000] {logging_mixin.py:188} INFO - [2026-04-26T07:45:30.899+0000] {dag.py:3954} INFO - Setting next_dagrun for conditional_dataset_and_time_based_timetable to 2026-04-22 01:00:00+00:00, run_after=2026-04-22 01:00:00+00:00
[2026-04-26T07:45:30.904+0000] {logging_mixin.py:188} INFO - [2026-04-26T07:45:30.903+0000] {dag.py:3954} INFO - Setting next_dagrun for consume_1_and_2_with_dataset_expressions to None, run_after=None
[2026-04-26T07:45:30.904+0000] {logging_mixin.py:188} INFO - [2026-04-26T07:45:30.904+0000] {dag.py:3954} INFO - Setting next_dagrun for consume_1_or_2_with_dataset_expressions to None, run_after=None
[2026-04-26T07:45:30.905+0000] {logging_mixin.py:188} INFO - [2026-04-26T07:45:30.905+0000] {dag.py:3954} INFO - Setting next_dagrun for consume_1_or_both_2_and_3_with_dataset_expressions to None, run_after=None
[2026-04-26T07:45:30.906+0000] {logging_mixin.py:188} INFO - [2026-04-26T07:45:30.906+0000] {dag.py:3954} INFO - Setting next_dagrun for dataset_consumes_1 to None, run_after=None
[2026-04-26T07:45:30.907+0000] {logging_mixin.py:188} INFO - [2026-04-26T07:45:30.907+0000] {dag.py:3954} INFO - Setting next_dagrun for dataset_consumes_1_and_2 to None, run_after=None
[2026-04-26T07:45:30.908+0000] {logging_mixin.py:188} INFO - [2026-04-26T07:45:30.908+0000] {dag.py:3954} INFO - Setting next_dagrun for dataset_consumes_1_never_scheduled to None, run_after=None
[2026-04-26T07:45:30.909+0000] {logging_mixin.py:188} INFO - [2026-04-26T07:45:30.908+0000] {dag.py:3954} INFO - Setting next_dagrun for dataset_consumes_unknown_never_scheduled to None, run_after=None
[2026-04-26T07:45:30.910+0000] {logging_mixin.py:188} INFO - [2026-04-26T07:45:30.910+0000] {dag.py:3954} INFO - Setting next_dagrun for dataset_produces_1 to 2026-04-25 00:00:00+00:00, run_after=2026-04-26 00:00:00+00:00
[2026-04-26T07:45:30.911+0000] {logging_mixin.py:188} INFO - [2026-04-26T07:45:30.911+0000] {dag.py:3954} INFO - Setting next_dagrun for dataset_produces_2 to None, run_after=None
[2026-04-26T07:45:30.936+0000] {processor.py:183} INFO - Processing /usr/local/python/3.12.1/lib/python3.12/site-packages/airflow/example_dags/example_datasets.py took 0.252 seconds
[2026-04-26T07:45:36.921+0000] {processor.py:161} INFO - Started process (PID=44539) to work on /usr/local/python/3.12.1/lib/python3.12/site-packages/airflow/example_dags/example_datasets.py
[2026-04-26T07:45:36.922+0000] {processor.py:830} INFO - Processing file /usr/local/python/3.12.1/lib/python3.12/site-packages/airflow/example_dags/example_datasets.py for tasks to queue
[2026-04-26T07:45:36.922+0000] {logging_mixin.py:188} INFO - [2026-04-26T07:45:36.922+0000] {dagbag.py:540} INFO - Filling up the DagBag from /usr/local/python/3.12.1/lib/python3.12/site-packages/airflow/example_dags/example_datasets.py
[2026-04-26T07:45:36.934+0000] {processor.py:840} INFO - DAG(s) 'consume_1_or_2_with_dataset_expressions', 'dataset_consumes_1', 'dataset_produces_1', 'consume_1_and_2_with_dataset_expressions', 'conditional_dataset_and_time_based_timetable', 'dataset_consumes_1_never_scheduled', 'dataset_consumes_unknown_never_scheduled', 'dataset_consumes_1_and_2', 'dataset_produces_2', 'consume_1_or_both_2_and_3_with_dataset_expressions' retrieved from /usr/local/python/3.12.1/lib/python3.12/site-packages/airflow/example_dags/example_datasets.py
[2026-04-26T07:45:36.970+0000] {logging_mixin.py:188} INFO - [2026-04-26T07:45:36.970+0000] {dag.py:3096} INFO - Sync 10 DAGs
[2026-04-26T07:45:36.990+0000] {logging_mixin.py:188} INFO - [2026-04-26T07:45:36.990+0000] {dag.py:3954} INFO - Setting next_dagrun for conditional_dataset_and_time_based_timetable to 2026-04-22 01:00:00+00:00, run_after=2026-04-22 01:00:00+00:00
[2026-04-26T07:45:36.992+0000] {logging_mixin.py:188} INFO - [2026-04-26T07:45:36.992+0000] {dag.py:3954} INFO - Setting next_dagrun for consume_1_and_2_with_dataset_expressions to None, run_after=None
[2026-04-26T07:45:36.993+0000] {logging_mixin.py:188} INFO - [2026-04-26T07:45:36.993+0000] {dag.py:3954} INFO - Setting next_dagrun for consume_1_or_2_with_dataset_expressions to None, run_after=None
[2026-04-26T07:45:36.994+0000] {logging_mixin.py:188} INFO - [2026-04-26T07:45:36.994+0000] {dag.py:3954} INFO - Setting next_dagrun for consume_1_or_both_2_and_3_with_dataset_expressions to None, run_after=None
[2026-04-26T07:45:36.995+0000] {logging_mixin.py:188} INFO - [2026-04-26T07:45:36.995+0000] {dag.py:3954} INFO - Setting next_dagrun for dataset_consumes_1 to None, run_after=None
[2026-04-26T07:45:36.995+0000] {logging_mixin.py:188} INFO - [2026-04-26T07:45:36.995+0000] {dag.py:3954} INFO - Setting next_dagrun for dataset_consumes_1_and_2 to None, run_after=None
[2026-04-26T07:45:36.996+0000] {logging_mixin.py:188} INFO - [2026-04-26T07:45:36.996+0000] {dag.py:3954} INFO - Setting next_dagrun for dataset_consumes_1_never_scheduled to None, run_after=None
[2026-04-26T07:45:36.997+0000] {logging_mixin.py:188} INFO - [2026-04-26T07:45:36.997+0000] {dag.py:3954} INFO - Setting next_dagrun for dataset_consumes_unknown_never_scheduled to None, run_after=None
[2026-04-26T07:45:36.999+0000] {logging_mixin.py:188} INFO - [2026-04-26T07:45:36.999+0000] {dag.py:3954} INFO - Setting next_dagrun for dataset_produces_1 to 2026-04-25 00:00:00+00:00, run_after=2026-04-26 00:00:00+00:00
[2026-04-26T07:45:36.999+0000] {logging_mixin.py:188} INFO - [2026-04-26T07:45:36.999+0000] {dag.py:3954} INFO - Setting next_dagrun for dataset_produces_2 to None, run_after=None
[2026-04-26T07:45:37.024+0000] {processor.py:183} INFO - Processing /usr/local/python/3.12.1/lib/python3.12/site-packages/airflow/example_dags/example_datasets.py took 0.109 seconds
[2026-04-26T07:46:18.929+0000] {processor.py:161} INFO - Started process (PID=45237) to work on /usr/local/python/3.12.1/lib/python3.12/site-packages/airflow/example_dags/example_datasets.py
[2026-04-26T07:46:18.930+0000] {processor.py:830} INFO - Processing file /usr/local/python/3.12.1/lib/python3.12/site-packages/airflow/example_dags/example_datasets.py for tasks to queue
[2026-04-26T07:46:18.931+0000] {logging_mixin.py:188} INFO - [2026-04-26T07:46:18.931+0000] {dagbag.py:540} INFO - Filling up the DagBag from /usr/local/python/3.12.1/lib/python3.12/site-packages/airflow/example_dags/example_datasets.py
[2026-04-26T07:46:18.949+0000] {processor.py:840} INFO - DAG(s) 'dataset_produces_1', 'dataset_consumes_1', 'consume_1_or_both_2_and_3_with_dataset_expressions', 'consume_1_or_2_with_dataset_expressions', 'conditional_dataset_and_time_based_timetable', 'dataset_consumes_unknown_never_scheduled', 'consume_1_and_2_with_dataset_expressions', 'dataset_produces_2', 'dataset_consumes_1_and_2', 'dataset_consumes_1_never_scheduled' retrieved from /usr/local/python/3.12.1/lib/python3.12/site-packages/airflow/example_dags/example_datasets.py
[2026-04-26T07:46:19.108+0000] {logging_mixin.py:188} INFO - [2026-04-26T07:46:19.108+0000] {dag.py:3096} INFO - Sync 10 DAGs
[2026-04-26T07:46:19.125+0000] {logging_mixin.py:188} INFO - [2026-04-26T07:46:19.124+0000] {dag.py:3954} INFO - Setting next_dagrun for conditional_dataset_and_time_based_timetable to 2026-04-22 01:00:00+00:00, run_after=2026-04-22 01:00:00+00:00
[2026-04-26T07:46:19.127+0000] {logging_mixin.py:188} INFO - [2026-04-26T07:46:19.127+0000] {dag.py:3954} INFO - Setting next_dagrun for consume_1_and_2_with_dataset_expressions to None, run_after=None
[2026-04-26T07:46:19.128+0000] {logging_mixin.py:188} INFO - [2026-04-26T07:46:19.128+0000] {dag.py:3954} INFO - Setting next_dagrun for consume_1_or_2_with_dataset_expressions to None, run_after=None
[2026-04-26T07:46:19.129+0000] {logging_mixin.py:188} INFO - [2026-04-26T07:46:19.129+0000] {dag.py:3954} INFO - Setting next_dagrun for consume_1_or_both_2_and_3_with_dataset_expressions to None, run_after=None
[2026-04-26T07:46:19.129+0000] {logging_mixin.py:188} INFO - [2026-04-26T07:46:19.129+0000] {dag.py:3954} INFO - Setting next_dagrun for dataset_consumes_1 to None, run_after=None
[2026-04-26T07:46:19.130+0000] {logging_mixin.py:188} INFO - [2026-04-26T07:46:19.130+0000] {dag.py:3954} INFO - Setting next_dagrun for dataset_consumes_1_and_2 to None, run_after=None
[2026-04-26T07:46:19.131+0000] {logging_mixin.py:188} INFO - [2026-04-26T07:46:19.131+0000] {dag.py:3954} INFO - Setting next_dagrun for dataset_consumes_1_never_scheduled to None, run_after=None
[2026-04-26T07:46:19.132+0000] {logging_mixin.py:188} INFO - [2026-04-26T07:46:19.131+0000] {dag.py:3954} INFO - Setting next_dagrun for dataset_consumes_unknown_never_scheduled to None, run_after=None
[2026-04-26T07:46:19.133+0000] {logging_mixin.py:188} INFO - [2026-04-26T07:46:19.133+0000] {dag.py:3954} INFO - Setting next_dagrun for dataset_produces_1 to 2026-04-25 00:00:00+00:00, run_after=2026-04-26 00:00:00+00:00
[2026-04-26T07:46:19.134+0000] {logging_mixin.py:188} INFO - [2026-04-26T07:46:19.134+0000] {dag.py:3954} INFO - Setting next_dagrun for dataset_produces_2 to None, run_after=None
[2026-04-26T07:46:19.161+0000] {processor.py:183} INFO - Processing /usr/local/python/3.12.1/lib/python3.12/site-packages/airflow/example_dags/example_datasets.py took 0.239 seconds
[2026-04-26T07:46:23.718+0000] {processor.py:161} INFO - Started process (PID=45279) to work on /usr/local/python/3.12.1/lib/python3.12/site-packages/airflow/example_dags/example_datasets.py
[2026-04-26T07:46:23.719+0000] {processor.py:830} INFO - Processing file /usr/local/python/3.12.1/lib/python3.12/site-packages/airflow/example_dags/example_datasets.py for tasks to queue
[2026-04-26T07:46:23.720+0000] {logging_mixin.py:188} INFO - [2026-04-26T07:46:23.720+0000] {dagbag.py:540} INFO - Filling up the DagBag from /usr/local/python/3.12.1/lib/python3.12/site-packages/airflow/example_dags/example_datasets.py
[2026-04-26T07:46:23.731+0000] {processor.py:840} INFO - DAG(s) 'dataset_consumes_unknown_never_scheduled', 'dataset_produces_2', 'conditional_dataset_and_time_based_timetable', 'dataset_consumes_1_and_2', 'consume_1_or_2_with_dataset_expressions', 'dataset_consumes_1_never_scheduled', 'dataset_consumes_1', 'consume_1_and_2_with_dataset_expressions', 'consume_1_or_both_2_and_3_with_dataset_expressions', 'dataset_produces_1' retrieved from /usr/local/python/3.12.1/lib/python3.12/site-packages/airflow/example_dags/example_datasets.py
[2026-04-26T07:46:23.740+0000] {logging_mixin.py:188} INFO - [2026-04-26T07:46:23.739+0000] {dag.py:3096} INFO - Sync 10 DAGs
[2026-04-26T07:46:23.761+0000] {logging_mixin.py:188} INFO - [2026-04-26T07:46:23.760+0000] {dag.py:3954} INFO - Setting next_dagrun for conditional_dataset_and_time_based_timetable to 2026-04-22 01:00:00+00:00, run_after=2026-04-22 01:00:00+00:00
[2026-04-26T07:46:23.765+0000] {logging_mixin.py:188} INFO - [2026-04-26T07:46:23.764+0000] {dag.py:3954} INFO - Setting next_dagrun for consume_1_and_2_with_dataset_expressions to None, run_after=None
[2026-04-26T07:46:23.766+0000] {logging_mixin.py:188} INFO - [2026-04-26T07:46:23.766+0000] {dag.py:3954} INFO - Setting next_dagrun for consume_1_or_2_with_dataset_expressions to None, run_after=None
[2026-04-26T07:46:23.767+0000] {logging_mixin.py:188} INFO - [2026-04-26T07:46:23.767+0000] {dag.py:3954} INFO - Setting next_dagrun for consume_1_or_both_2_and_3_with_dataset_expressions to None, run_after=None
[2026-04-26T07:46:23.768+0000] {logging_mixin.py:188} INFO - [2026-04-26T07:46:23.768+0000] {dag.py:3954} INFO - Setting next_dagrun for dataset_consumes_1 to None, run_after=None
[2026-04-26T07:46:23.769+0000] {logging_mixin.py:188} INFO - [2026-04-26T07:46:23.769+0000] {dag.py:3954} INFO - Setting next_dagrun for dataset_consumes_1_and_2 to None, run_after=None
[2026-04-26T07:46:23.770+0000] {logging_mixin.py:188} INFO - [2026-04-26T07:46:23.770+0000] {dag.py:3954} INFO - Setting next_dagrun for dataset_consumes_1_never_scheduled to None, run_after=None
[2026-04-26T07:46:23.771+0000] {logging_mixin.py:188} INFO - [2026-04-26T07:46:23.771+0000] {dag.py:3954} INFO - Setting next_dagrun for dataset_consumes_unknown_never_scheduled to None, run_after=None
[2026-04-26T07:46:23.774+0000] {logging_mixin.py:188} INFO - [2026-04-26T07:46:23.773+0000] {dag.py:3954} INFO - Setting next_dagrun for dataset_produces_1 to 2026-04-25 00:00:00+00:00, run_after=2026-04-26 00:00:00+00:00
[2026-04-26T07:46:23.775+0000] {logging_mixin.py:188} INFO - [2026-04-26T07:46:23.774+0000] {dag.py:3954} INFO - Setting next_dagrun for dataset_produces_2 to None, run_after=None
[2026-04-26T07:46:23.815+0000] {processor.py:183} INFO - Processing /usr/local/python/3.12.1/lib/python3.12/site-packages/airflow/example_dags/example_datasets.py took 0.101 seconds
[2026-04-26T07:46:29.962+0000] {processor.py:161} INFO - Started process (PID=45337) to work on /usr/local/python/3.12.1/lib/python3.12/site-packages/airflow/example_dags/example_datasets.py
[2026-04-26T07:46:29.963+0000] {processor.py:830} INFO - Processing file /usr/local/python/3.12.1/lib/python3.12/site-packages/airflow/example_dags/example_datasets.py for tasks to queue
[2026-04-26T07:46:29.964+0000] {logging_mixin.py:188} INFO - [2026-04-26T07:46:29.964+0000] {dagbag.py:540} INFO - Filling up the DagBag from /usr/local/python/3.12.1/lib/python3.12/site-packages/airflow/example_dags/example_datasets.py
[2026-04-26T07:46:29.980+0000] {processor.py:840} INFO - DAG(s) 'consume_1_and_2_with_dataset_expressions', 'dataset_produces_1', 'conditional_dataset_and_time_based_timetable', 'dataset_consumes_1_and_2', 'dataset_consumes_1', 'consume_1_or_2_with_dataset_expressions', 'dataset_consumes_1_never_scheduled', 'dataset_produces_2', 'dataset_consumes_unknown_never_scheduled', 'consume_1_or_both_2_and_3_with_dataset_expressions' retrieved from /usr/local/python/3.12.1/lib/python3.12/site-packages/airflow/example_dags/example_datasets.py
[2026-04-26T07:46:29.992+0000] {logging_mixin.py:188} INFO - [2026-04-26T07:46:29.992+0000] {dag.py:3096} INFO - Sync 10 DAGs
[2026-04-26T07:46:30.041+0000] {logging_mixin.py:188} INFO - [2026-04-26T07:46:30.041+0000] {dag.py:3954} INFO - Setting next_dagrun for conditional_dataset_and_time_based_timetable to 2026-04-22 01:00:00+00:00, run_after=2026-04-22 01:00:00+00:00
[2026-04-26T07:46:30.054+0000] {logging_mixin.py:188} INFO - [2026-04-26T07:46:30.054+0000] {dag.py:3954} INFO - Setting next_dagrun for consume_1_and_2_with_dataset_expressions to None, run_after=None
[2026-04-26T07:46:30.058+0000] {logging_mixin.py:188} INFO - [2026-04-26T07:46:30.058+0000] {dag.py:3954} INFO - Setting next_dagrun for consume_1_or_2_with_dataset_expressions to None, run_after=None
[2026-04-26T07:46:30.059+0000] {logging_mixin.py:188} INFO - [2026-04-26T07:46:30.059+0000] {dag.py:3954} INFO - Setting next_dagrun for consume_1_or_both_2_and_3_with_dataset_expressions to None, run_after=None
[2026-04-26T07:46:30.061+0000] {logging_mixin.py:188} INFO - [2026-04-26T07:46:30.060+0000] {dag.py:3954} INFO - Setting next_dagrun for dataset_consumes_1 to None, run_after=None
[2026-04-26T07:46:30.062+0000] {logging_mixin.py:188} INFO - [2026-04-26T07:46:30.061+0000] {dag.py:3954} INFO - Setting next_dagrun for dataset_consumes_1_and_2 to None, run_after=None
[2026-04-26T07:46:30.066+0000] {logging_mixin.py:188} INFO - [2026-04-26T07:46:30.065+0000] {dag.py:3954} INFO - Setting next_dagrun for dataset_consumes_1_never_scheduled to None, run_after=None
[2026-04-26T07:46:30.067+0000] {logging_mixin.py:188} INFO - [2026-04-26T07:46:30.067+0000] {dag.py:3954} INFO - Setting next_dagrun for dataset_consumes_unknown_never_scheduled to None, run_after=None
[2026-04-26T07:46:30.070+0000] {logging_mixin.py:188} INFO - [2026-04-26T07:46:30.069+0000] {dag.py:3954} INFO - Setting next_dagrun for dataset_produces_1 to 2026-04-25 00:00:00+00:00, run_after=2026-04-26 00:00:00+00:00
[2026-04-26T07:46:30.071+0000] {logging_mixin.py:188} INFO - [2026-04-26T07:46:30.071+0000] {dag.py:3954} INFO - Setting next_dagrun for dataset_produces_2 to None, run_after=None
[2026-04-26T07:46:30.106+0000] {processor.py:183} INFO - Processing /usr/local/python/3.12.1/lib/python3.12/site-packages/airflow/example_dags/example_datasets.py took 0.150 seconds
[2026-04-26T07:47:12.171+0000] {processor.py:161} INFO - Started process (PID=45847) to work on /usr/local/python/3.12.1/lib/python3.12/site-packages/airflow/example_dags/example_datasets.py
[2026-04-26T07:47:12.172+0000] {processor.py:830} INFO - Processing file /usr/local/python/3.12.1/lib/python3.12/site-packages/airflow/example_dags/example_datasets.py for tasks to queue
[2026-04-26T07:47:12.173+0000] {logging_mixin.py:188} INFO - [2026-04-26T07:47:12.173+0000] {dagbag.py:540} INFO - Filling up the DagBag from /usr/local/python/3.12.1/lib/python3.12/site-packages/airflow/example_dags/example_datasets.py
[2026-04-26T07:47:12.190+0000] {processor.py:840} INFO - DAG(s) 'dataset_consumes_unknown_never_scheduled', 'dataset_produces_1', 'consume_1_and_2_with_dataset_expressions', 'consume_1_or_both_2_and_3_with_dataset_expressions', 'conditional_dataset_and_time_based_timetable', 'dataset_consumes_1_never_scheduled', 'dataset_produces_2', 'consume_1_or_2_with_dataset_expressions', 'dataset_consumes_1_and_2', 'dataset_consumes_1' retrieved from /usr/local/python/3.12.1/lib/python3.12/site-packages/airflow/example_dags/example_datasets.py
[2026-04-26T07:47:12.224+0000] {logging_mixin.py:188} INFO - [2026-04-26T07:47:12.224+0000] {dag.py:3096} INFO - Sync 10 DAGs
[2026-04-26T07:47:12.246+0000] {logging_mixin.py:188} INFO - [2026-04-26T07:47:12.245+0000] {dag.py:3954} INFO - Setting next_dagrun for conditional_dataset_and_time_based_timetable to 2026-04-22 01:00:00+00:00, run_after=2026-04-22 01:00:00+00:00
[2026-04-26T07:47:12.248+0000] {logging_mixin.py:188} INFO - [2026-04-26T07:47:12.248+0000] {dag.py:3954} INFO - Setting next_dagrun for consume_1_and_2_with_dataset_expressions to None, run_after=None
[2026-04-26T07:47:12.249+0000] {logging_mixin.py:188} INFO - [2026-04-26T07:47:12.249+0000] {dag.py:3954} INFO - Setting next_dagrun for consume_1_or_2_with_dataset_expressions to None, run_after=None
[2026-04-26T07:47:12.250+0000] {logging_mixin.py:188} INFO - [2026-04-26T07:47:12.250+0000] {dag.py:3954} INFO - Setting next_dagrun for consume_1_or_both_2_and_3_with_dataset_expressions to None, run_after=None
[2026-04-26T07:47:12.251+0000] {logging_mixin.py:188} INFO - [2026-04-26T07:47:12.251+0000] {dag.py:3954} INFO - Setting next_dagrun for dataset_consumes_1 to None, run_after=None
[2026-04-26T07:47:12.252+0000] {logging_mixin.py:188} INFO - [2026-04-26T07:47:12.251+0000] {dag.py:3954} INFO - Setting next_dagrun for dataset_consumes_1_and_2 to None, run_after=None
[2026-04-26T07:47:12.252+0000] {logging_mixin.py:188} INFO - [2026-04-26T07:47:12.252+0000] {dag.py:3954} INFO - Setting next_dagrun for dataset_consumes_1_never_scheduled to None, run_after=None
[2026-04-26T07:47:12.253+0000] {logging_mixin.py:188} INFO - [2026-04-26T07:47:12.253+0000] {dag.py:3954} INFO - Setting next_dagrun for dataset_consumes_unknown_never_scheduled to None, run_after=None
[2026-04-26T07:47:12.255+0000] {logging_mixin.py:188} INFO - [2026-04-26T07:47:12.255+0000] {dag.py:3954} INFO - Setting next_dagrun for dataset_produces_1 to 2026-04-25 00:00:00+00:00, run_after=2026-04-26 00:00:00+00:00
[2026-04-26T07:47:12.256+0000] {logging_mixin.py:188} INFO - [2026-04-26T07:47:12.255+0000] {dag.py:3954} INFO - Setting next_dagrun for dataset_produces_2 to None, run_after=None
[2026-04-26T07:47:12.283+0000] {processor.py:183} INFO - Processing /usr/local/python/3.12.1/lib/python3.12/site-packages/airflow/example_dags/example_datasets.py took 0.120 seconds
[2026-04-26T07:47:14.244+0000] {processor.py:161} INFO - Started process (PID=45866) to work on /usr/local/python/3.12.1/lib/python3.12/site-packages/airflow/example_dags/example_datasets.py
[2026-04-26T07:47:14.245+0000] {processor.py:830} INFO - Processing file /usr/local/python/3.12.1/lib/python3.12/site-packages/airflow/example_dags/example_datasets.py for tasks to queue
[2026-04-26T07:47:14.246+0000] {logging_mixin.py:188} INFO - [2026-04-26T07:47:14.246+0000] {dagbag.py:540} INFO - Filling up the DagBag from /usr/local/python/3.12.1/lib/python3.12/site-packages/airflow/example_dags/example_datasets.py
[2026-04-26T07:47:14.266+0000] {processor.py:840} INFO - DAG(s) 'dataset_produces_2', 'conditional_dataset_and_time_based_timetable', 'dataset_produces_1', 'dataset_consumes_1_never_scheduled', 'consume_1_or_both_2_and_3_with_dataset_expressions', 'consume_1_or_2_with_dataset_expressions', 'dataset_consumes_1', 'consume_1_and_2_with_dataset_expressions', 'dataset_consumes_1_and_2', 'dataset_consumes_unknown_never_scheduled' retrieved from /usr/local/python/3.12.1/lib/python3.12/site-packages/airflow/example_dags/example_datasets.py
[2026-04-26T07:47:14.323+0000] {logging_mixin.py:188} INFO - [2026-04-26T07:47:14.323+0000] {dag.py:3096} INFO - Sync 10 DAGs
[2026-04-26T07:47:14.353+0000] {logging_mixin.py:188} INFO - [2026-04-26T07:47:14.353+0000] {dag.py:3954} INFO - Setting next_dagrun for conditional_dataset_and_time_based_timetable to 2026-04-22 01:00:00+00:00, run_after=2026-04-22 01:00:00+00:00
[2026-04-26T07:47:14.357+0000] {logging_mixin.py:188} INFO - [2026-04-26T07:47:14.357+0000] {dag.py:3954} INFO - Setting next_dagrun for consume_1_and_2_with_dataset_expressions to None, run_after=None
[2026-04-26T07:47:14.359+0000] {logging_mixin.py:188} INFO - [2026-04-26T07:47:14.359+0000] {dag.py:3954} INFO - Setting next_dagrun for consume_1_or_2_with_dataset_expressions to None, run_after=None
[2026-04-26T07:47:14.360+0000] {logging_mixin.py:188} INFO - [2026-04-26T07:47:14.360+0000] {dag.py:3954} INFO - Setting next_dagrun for consume_1_or_both_2_and_3_with_dataset_expressions to None, run_after=None
[2026-04-26T07:47:14.361+0000] {logging_mixin.py:188} INFO - [2026-04-26T07:47:14.361+0000] {dag.py:3954} INFO - Setting next_dagrun for dataset_consumes_1 to None, run_after=None
[2026-04-26T07:47:14.362+0000] {logging_mixin.py:188} INFO - [2026-04-26T07:47:14.362+0000] {dag.py:3954} INFO - Setting next_dagrun for dataset_consumes_1_and_2 to None, run_after=None
[2026-04-26T07:47:14.363+0000] {logging_mixin.py:188} INFO - [2026-04-26T07:47:14.363+0000] {dag.py:3954} INFO - Setting next_dagrun for dataset_consumes_1_never_scheduled to None, run_after=None
[2026-04-26T07:47:14.364+0000] {logging_mixin.py:188} INFO - [2026-04-26T07:47:14.364+0000] {dag.py:3954} INFO - Setting next_dagrun for dataset_consumes_unknown_never_scheduled to None, run_after=None
[2026-04-26T07:47:14.367+0000] {logging_mixin.py:188} INFO - [2026-04-26T07:47:14.366+0000] {dag.py:3954} INFO - Setting next_dagrun for dataset_produces_1 to 2026-04-25 00:00:00+00:00, run_after=2026-04-26 00:00:00+00:00
[2026-04-26T07:47:14.368+0000] {logging_mixin.py:188} INFO - [2026-04-26T07:47:14.368+0000] {dag.py:3954} INFO - Setting next_dagrun for dataset_produces_2 to None, run_after=None
[2026-04-26T07:47:14.396+0000] {processor.py:183} INFO - Processing /usr/local/python/3.12.1/lib/python3.12/site-packages/airflow/example_dags/example_datasets.py took 0.158 seconds
[2026-04-26T07:47:21.064+0000] {processor.py:161} INFO - Started process (PID=45951) to work on /usr/local/python/3.12.1/lib/python3.12/site-packages/airflow/example_dags/example_datasets.py
[2026-04-26T07:47:21.065+0000] {processor.py:830} INFO - Processing file /usr/local/python/3.12.1/lib/python3.12/site-packages/airflow/example_dags/example_datasets.py for tasks to queue
[2026-04-26T07:47:21.066+0000] {logging_mixin.py:188} INFO - [2026-04-26T07:47:21.066+0000] {dagbag.py:540} INFO - Filling up the DagBag from /usr/local/python/3.12.1/lib/python3.12/site-packages/airflow/example_dags/example_datasets.py
[2026-04-26T07:47:21.081+0000] {processor.py:840} INFO - DAG(s) 'dataset_consumes_1', 'consume_1_or_2_with_dataset_expressions', 'consume_1_or_both_2_and_3_with_dataset_expressions', 'conditional_dataset_and_time_based_timetable', 'dataset_consumes_1_never_scheduled', 'dataset_consumes_unknown_never_scheduled', 'dataset_produces_2', 'dataset_produces_1', 'dataset_consumes_1_and_2', 'consume_1_and_2_with_dataset_expressions' retrieved from /usr/local/python/3.12.1/lib/python3.12/site-packages/airflow/example_dags/example_datasets.py
[2026-04-26T07:47:21.113+0000] {logging_mixin.py:188} INFO - [2026-04-26T07:47:21.113+0000] {dag.py:3096} INFO - Sync 10 DAGs
[2026-04-26T07:47:21.132+0000] {logging_mixin.py:188} INFO - [2026-04-26T07:47:21.132+0000] {dag.py:3954} INFO - Setting next_dagrun for conditional_dataset_and_time_based_timetable to 2026-04-22 01:00:00+00:00, run_after=2026-04-22 01:00:00+00:00
[2026-04-26T07:47:21.135+0000] {logging_mixin.py:188} INFO - [2026-04-26T07:47:21.135+0000] {dag.py:3954} INFO - Setting next_dagrun for consume_1_and_2_with_dataset_expressions to None, run_after=None
[2026-04-26T07:47:21.136+0000] {logging_mixin.py:188} INFO - [2026-04-26T07:47:21.136+0000] {dag.py:3954} INFO - Setting next_dagrun for consume_1_or_2_with_dataset_expressions to None, run_after=None
[2026-04-26T07:47:21.137+0000] {logging_mixin.py:188} INFO - [2026-04-26T07:47:21.137+0000] {dag.py:3954} INFO - Setting next_dagrun for consume_1_or_both_2_and_3_with_dataset_expressions to None, run_after=None
[2026-04-26T07:47:21.138+0000] {logging_mixin.py:188} INFO - [2026-04-26T07:47:21.138+0000] {dag.py:3954} INFO - Setting next_dagrun for dataset_consumes_1 to None, run_after=None
[2026-04-26T07:47:21.138+0000] {logging_mixin.py:188} INFO - [2026-04-26T07:47:21.138+0000] {dag.py:3954} INFO - Setting next_dagrun for dataset_consumes_1_and_2 to None, run_after=None
[2026-04-26T07:47:21.139+0000] {logging_mixin.py:188} INFO - [2026-04-26T07:47:21.139+0000] {dag.py:3954} INFO - Setting next_dagrun for dataset_consumes_1_never_scheduled to None, run_after=None
[2026-04-26T07:47:21.140+0000] {logging_mixin.py:188} INFO - [2026-04-26T07:47:21.140+0000] {dag.py:3954} INFO - Setting next_dagrun for dataset_consumes_unknown_never_scheduled to None, run_after=None
[2026-04-26T07:47:21.142+0000] {logging_mixin.py:188} INFO - [2026-04-26T07:47:21.142+0000] {dag.py:3954} INFO - Setting next_dagrun for dataset_produces_1 to 2026-04-25 00:00:00+00:00, run_after=2026-04-26 00:00:00+00:00
[2026-04-26T07:47:21.143+0000] {logging_mixin.py:188} INFO - [2026-04-26T07:47:21.142+0000] {dag.py:3954} INFO - Setting next_dagrun for dataset_produces_2 to None, run_after=None
[2026-04-26T07:47:21.170+0000] {processor.py:183} INFO - Processing /usr/local/python/3.12.1/lib/python3.12/site-packages/airflow/example_dags/example_datasets.py took 0.111 seconds
[2026-04-26T07:48:18.646+0000] {processor.py:161} INFO - Started process (PID=46591) to work on /usr/local/python/3.12.1/lib/python3.12/site-packages/airflow/example_dags/example_datasets.py
[2026-04-26T07:48:18.647+0000] {processor.py:830} INFO - Processing file /usr/local/python/3.12.1/lib/python3.12/site-packages/airflow/example_dags/example_datasets.py for tasks to queue
[2026-04-26T07:48:18.648+0000] {logging_mixin.py:188} INFO - [2026-04-26T07:48:18.648+0000] {dagbag.py:540} INFO - Filling up the DagBag from /usr/local/python/3.12.1/lib/python3.12/site-packages/airflow/example_dags/example_datasets.py
[2026-04-26T07:48:18.661+0000] {processor.py:840} INFO - DAG(s) 'consume_1_or_2_with_dataset_expressions', 'dataset_consumes_unknown_never_scheduled', 'consume_1_and_2_with_dataset_expressions', 'consume_1_or_both_2_and_3_with_dataset_expressions', 'dataset_consumes_1', 'dataset_produces_2', 'dataset_consumes_1_never_scheduled', 'dataset_produces_1', 'dataset_consumes_1_and_2', 'conditional_dataset_and_time_based_timetable' retrieved from /usr/local/python/3.12.1/lib/python3.12/site-packages/airflow/example_dags/example_datasets.py
[2026-04-26T07:48:18.693+0000] {logging_mixin.py:188} INFO - [2026-04-26T07:48:18.693+0000] {dag.py:3096} INFO - Sync 10 DAGs
[2026-04-26T07:48:18.712+0000] {logging_mixin.py:188} INFO - [2026-04-26T07:48:18.712+0000] {dag.py:3954} INFO - Setting next_dagrun for conditional_dataset_and_time_based_timetable to 2026-04-22 01:00:00+00:00, run_after=2026-04-22 01:00:00+00:00
[2026-04-26T07:48:18.716+0000] {logging_mixin.py:188} INFO - [2026-04-26T07:48:18.716+0000] {dag.py:3954} INFO - Setting next_dagrun for consume_1_and_2_with_dataset_expressions to None, run_after=None
[2026-04-26T07:48:18.717+0000] {logging_mixin.py:188} INFO - [2026-04-26T07:48:18.717+0000] {dag.py:3954} INFO - Setting next_dagrun for consume_1_or_2_with_dataset_expressions to None, run_after=None
[2026-04-26T07:48:18.718+0000] {logging_mixin.py:188} INFO - [2026-04-26T07:48:18.718+0000] {dag.py:3954} INFO - Setting next_dagrun for consume_1_or_both_2_and_3_with_dataset_expressions to None, run_after=None
[2026-04-26T07:48:18.719+0000] {logging_mixin.py:188} INFO - [2026-04-26T07:48:18.718+0000] {dag.py:3954} INFO - Setting next_dagrun for dataset_consumes_1 to None, run_after=None
[2026-04-26T07:48:18.719+0000] {logging_mixin.py:188} INFO - [2026-04-26T07:48:18.719+0000] {dag.py:3954} INFO - Setting next_dagrun for dataset_consumes_1_and_2 to None, run_after=None
[2026-04-26T07:48:18.720+0000] {logging_mixin.py:188} INFO - [2026-04-26T07:48:18.720+0000] {dag.py:3954} INFO - Setting next_dagrun for dataset_consumes_1_never_scheduled to None, run_after=None
[2026-04-26T07:48:18.721+0000] {logging_mixin.py:188} INFO - [2026-04-26T07:48:18.721+0000] {dag.py:3954} INFO - Setting next_dagrun for dataset_consumes_unknown_never_scheduled to None, run_after=None
[2026-04-26T07:48:18.724+0000] {logging_mixin.py:188} INFO - [2026-04-26T07:48:18.724+0000] {dag.py:3954} INFO - Setting next_dagrun for dataset_produces_1 to 2026-04-25 00:00:00+00:00, run_after=2026-04-26 00:00:00+00:00
[2026-04-26T07:48:18.725+0000] {logging_mixin.py:188} INFO - [2026-04-26T07:48:18.724+0000] {dag.py:3954} INFO - Setting next_dagrun for dataset_produces_2 to None, run_after=None
[2026-04-26T07:48:18.752+0000] {processor.py:183} INFO - Processing /usr/local/python/3.12.1/lib/python3.12/site-packages/airflow/example_dags/example_datasets.py took 0.110 seconds
[2026-04-26T07:48:19.305+0000] {processor.py:161} INFO - Started process (PID=46595) to work on /usr/local/python/3.12.1/lib/python3.12/site-packages/airflow/example_dags/example_datasets.py
[2026-04-26T07:48:19.306+0000] {processor.py:830} INFO - Processing file /usr/local/python/3.12.1/lib/python3.12/site-packages/airflow/example_dags/example_datasets.py for tasks to queue
[2026-04-26T07:48:19.306+0000] {logging_mixin.py:188} INFO - [2026-04-26T07:48:19.306+0000] {dagbag.py:540} INFO - Filling up the DagBag from /usr/local/python/3.12.1/lib/python3.12/site-packages/airflow/example_dags/example_datasets.py
[2026-04-26T07:48:19.318+0000] {processor.py:840} INFO - DAG(s) 'dataset_consumes_unknown_never_scheduled', 'consume_1_and_2_with_dataset_expressions', 'dataset_consumes_1', 'conditional_dataset_and_time_based_timetable', 'dataset_produces_1', 'consume_1_or_2_with_dataset_expressions', 'consume_1_or_both_2_and_3_with_dataset_expressions', 'dataset_consumes_1_never_scheduled', 'dataset_consumes_1_and_2', 'dataset_produces_2' retrieved from /usr/local/python/3.12.1/lib/python3.12/site-packages/airflow/example_dags/example_datasets.py
[2026-04-26T07:48:19.349+0000] {logging_mixin.py:188} INFO - [2026-04-26T07:48:19.349+0000] {dag.py:3096} INFO - Sync 10 DAGs
[2026-04-26T07:48:19.371+0000] {logging_mixin.py:188} INFO - [2026-04-26T07:48:19.370+0000] {dag.py:3954} INFO - Setting next_dagrun for conditional_dataset_and_time_based_timetable to 2026-04-22 01:00:00+00:00, run_after=2026-04-22 01:00:00+00:00
[2026-04-26T07:48:19.374+0000] {logging_mixin.py:188} INFO - [2026-04-26T07:48:19.374+0000] {dag.py:3954} INFO - Setting next_dagrun for consume_1_and_2_with_dataset_expressions to None, run_after=None
[2026-04-26T07:48:19.375+0000] {logging_mixin.py:188} INFO - [2026-04-26T07:48:19.375+0000] {dag.py:3954} INFO - Setting next_dagrun for consume_1_or_2_with_dataset_expressions to None, run_after=None
[2026-04-26T07:48:19.376+0000] {logging_mixin.py:188} INFO - [2026-04-26T07:48:19.376+0000] {dag.py:3954} INFO - Setting next_dagrun for consume_1_or_both_2_and_3_with_dataset_expressions to None, run_after=None
[2026-04-26T07:48:19.378+0000] {logging_mixin.py:188} INFO - [2026-04-26T07:48:19.378+0000] {dag.py:3954} INFO - Setting next_dagrun for dataset_consumes_1 to None, run_after=None
[2026-04-26T07:48:19.379+0000] {logging_mixin.py:188} INFO - [2026-04-26T07:48:19.379+0000] {dag.py:3954} INFO - Setting next_dagrun for dataset_consumes_1_and_2 to None, run_after=None
[2026-04-26T07:48:19.379+0000] {logging_mixin.py:188} INFO - [2026-04-26T07:48:19.379+0000] {dag.py:3954} INFO - Setting next_dagrun for dataset_consumes_1_never_scheduled to None, run_after=None
[2026-04-26T07:48:19.380+0000] {logging_mixin.py:188} INFO - [2026-04-26T07:48:19.380+0000] {dag.py:3954} INFO - Setting next_dagrun for dataset_consumes_unknown_never_scheduled to None, run_after=None
[2026-04-26T07:48:19.382+0000] {logging_mixin.py:188} INFO - [2026-04-26T07:48:19.382+0000] {dag.py:3954} INFO - Setting next_dagrun for dataset_produces_1 to 2026-04-25 00:00:00+00:00, run_after=2026-04-26 00:00:00+00:00
[2026-04-26T07:48:19.383+0000] {logging_mixin.py:188} INFO - [2026-04-26T07:48:19.382+0000] {dag.py:3954} INFO - Setting next_dagrun for dataset_produces_2 to None, run_after=None
[2026-04-26T07:48:19.405+0000] {processor.py:183} INFO - Processing /usr/local/python/3.12.1/lib/python3.12/site-packages/airflow/example_dags/example_datasets.py took 0.105 seconds
[2026-04-26T07:48:29.308+0000] {processor.py:161} INFO - Started process (PID=46680) to work on /usr/local/python/3.12.1/lib/python3.12/site-packages/airflow/example_dags/example_datasets.py
[2026-04-26T07:48:29.310+0000] {processor.py:830} INFO - Processing file /usr/local/python/3.12.1/lib/python3.12/site-packages/airflow/example_dags/example_datasets.py for tasks to queue
[2026-04-26T07:48:29.311+0000] {logging_mixin.py:188} INFO - [2026-04-26T07:48:29.310+0000] {dagbag.py:540} INFO - Filling up the DagBag from /usr/local/python/3.12.1/lib/python3.12/site-packages/airflow/example_dags/example_datasets.py
[2026-04-26T07:48:29.334+0000] {processor.py:840} INFO - DAG(s) 'consume_1_and_2_with_dataset_expressions', 'dataset_produces_2', 'consume_1_or_both_2_and_3_with_dataset_expressions', 'dataset_consumes_1_and_2', 'dataset_consumes_1', 'consume_1_or_2_with_dataset_expressions', 'dataset_produces_1', 'dataset_consumes_1_never_scheduled', 'dataset_consumes_unknown_never_scheduled', 'conditional_dataset_and_time_based_timetable' retrieved from /usr/local/python/3.12.1/lib/python3.12/site-packages/airflow/example_dags/example_datasets.py
[2026-04-26T07:48:29.447+0000] {logging_mixin.py:188} INFO - [2026-04-26T07:48:29.447+0000] {dag.py:3096} INFO - Sync 10 DAGs
[2026-04-26T07:48:29.486+0000] {logging_mixin.py:188} INFO - [2026-04-26T07:48:29.485+0000] {dag.py:3954} INFO - Setting next_dagrun for conditional_dataset_and_time_based_timetable to 2026-04-22 01:00:00+00:00, run_after=2026-04-22 01:00:00+00:00
[2026-04-26T07:48:29.490+0000] {logging_mixin.py:188} INFO - [2026-04-26T07:48:29.490+0000] {dag.py:3954} INFO - Setting next_dagrun for consume_1_and_2_with_dataset_expressions to None, run_after=None
[2026-04-26T07:48:29.491+0000] {logging_mixin.py:188} INFO - [2026-04-26T07:48:29.491+0000] {dag.py:3954} INFO - Setting next_dagrun for consume_1_or_2_with_dataset_expressions to None, run_after=None
[2026-04-26T07:48:29.492+0000] {logging_mixin.py:188} INFO - [2026-04-26T07:48:29.492+0000] {dag.py:3954} INFO - Setting next_dagrun for consume_1_or_both_2_and_3_with_dataset_expressions to None, run_after=None
[2026-04-26T07:48:29.494+0000] {logging_mixin.py:188} INFO - [2026-04-26T07:48:29.494+0000] {dag.py:3954} INFO - Setting next_dagrun for dataset_consumes_1 to None, run_after=None
[2026-04-26T07:48:29.495+0000] {logging_mixin.py:188} INFO - [2026-04-26T07:48:29.495+0000] {dag.py:3954} INFO - Setting next_dagrun for dataset_consumes_1_and_2 to None, run_after=None
[2026-04-26T07:48:29.496+0000] {logging_mixin.py:188} INFO - [2026-04-26T07:48:29.496+0000] {dag.py:3954} INFO - Setting next_dagrun for dataset_consumes_1_never_scheduled to None, run_after=None
[2026-04-26T07:48:29.497+0000] {logging_mixin.py:188} INFO - [2026-04-26T07:48:29.497+0000] {dag.py:3954} INFO - Setting next_dagrun for dataset_consumes_unknown_never_scheduled to None, run_after=None
[2026-04-26T07:48:29.501+0000] {logging_mixin.py:188} INFO - [2026-04-26T07:48:29.500+0000] {dag.py:3954} INFO - Setting next_dagrun for dataset_produces_1 to 2026-04-25 00:00:00+00:00, run_after=2026-04-26 00:00:00+00:00
[2026-04-26T07:48:29.502+0000] {logging_mixin.py:188} INFO - [2026-04-26T07:48:29.502+0000] {dag.py:3954} INFO - Setting next_dagrun for dataset_produces_2 to None, run_after=None
[2026-04-26T07:48:29.551+0000] {processor.py:183} INFO - Processing /usr/local/python/3.12.1/lib/python3.12/site-packages/airflow/example_dags/example_datasets.py took 0.269 seconds
[2026-04-26T07:49:16.136+0000] {processor.py:161} INFO - Started process (PID=47162) to work on /usr/local/python/3.12.1/lib/python3.12/site-packages/airflow/example_dags/example_datasets.py
[2026-04-26T07:49:16.140+0000] {processor.py:830} INFO - Processing file /usr/local/python/3.12.1/lib/python3.12/site-packages/airflow/example_dags/example_datasets.py for tasks to queue
[2026-04-26T07:49:16.143+0000] {logging_mixin.py:188} INFO - [2026-04-26T07:49:16.141+0000] {dagbag.py:540} INFO - Filling up the DagBag from /usr/local/python/3.12.1/lib/python3.12/site-packages/airflow/example_dags/example_datasets.py
[2026-04-26T07:49:16.186+0000] {processor.py:840} INFO - DAG(s) 'dataset_consumes_1', 'consume_1_or_2_with_dataset_expressions', 'dataset_produces_2', 'conditional_dataset_and_time_based_timetable', 'dataset_consumes_1_never_scheduled', 'dataset_consumes_unknown_never_scheduled', 'dataset_consumes_1_and_2', 'consume_1_or_both_2_and_3_with_dataset_expressions', 'consume_1_and_2_with_dataset_expressions', 'dataset_produces_1' retrieved from /usr/local/python/3.12.1/lib/python3.12/site-packages/airflow/example_dags/example_datasets.py
[2026-04-26T07:49:16.349+0000] {logging_mixin.py:188} INFO - [2026-04-26T07:49:16.348+0000] {dag.py:3096} INFO - Sync 10 DAGs
[2026-04-26T07:49:16.406+0000] {logging_mixin.py:188} INFO - [2026-04-26T07:49:16.406+0000] {dag.py:3954} INFO - Setting next_dagrun for conditional_dataset_and_time_based_timetable to 2026-04-22 01:00:00+00:00, run_after=2026-04-22 01:00:00+00:00
[2026-04-26T07:49:16.412+0000] {logging_mixin.py:188} INFO - [2026-04-26T07:49:16.412+0000] {dag.py:3954} INFO - Setting next_dagrun for consume_1_and_2_with_dataset_expressions to None, run_after=None
[2026-04-26T07:49:16.414+0000] {logging_mixin.py:188} INFO - [2026-04-26T07:49:16.413+0000] {dag.py:3954} INFO - Setting next_dagrun for consume_1_or_2_with_dataset_expressions to None, run_after=None
[2026-04-26T07:49:16.415+0000] {logging_mixin.py:188} INFO - [2026-04-26T07:49:16.415+0000] {dag.py:3954} INFO - Setting next_dagrun for consume_1_or_both_2_and_3_with_dataset_expressions to None, run_after=None
[2026-04-26T07:49:16.417+0000] {logging_mixin.py:188} INFO - [2026-04-26T07:49:16.416+0000] {dag.py:3954} INFO - Setting next_dagrun for dataset_consumes_1 to None, run_after=None
[2026-04-26T07:49:16.424+0000] {logging_mixin.py:188} INFO - [2026-04-26T07:49:16.424+0000] {dag.py:3954} INFO - Setting next_dagrun for dataset_consumes_1_and_2 to None, run_after=None
[2026-04-26T07:49:16.426+0000] {logging_mixin.py:188} INFO - [2026-04-26T07:49:16.425+0000] {dag.py:3954} INFO - Setting next_dagrun for dataset_consumes_1_never_scheduled to None, run_after=None
[2026-04-26T07:49:16.428+0000] {logging_mixin.py:188} INFO - [2026-04-26T07:49:16.428+0000] {dag.py:3954} INFO - Setting next_dagrun for dataset_consumes_unknown_never_scheduled to None, run_after=None
[2026-04-26T07:49:16.432+0000] {logging_mixin.py:188} INFO - [2026-04-26T07:49:16.432+0000] {dag.py:3954} INFO - Setting next_dagrun for dataset_produces_1 to 2026-04-25 00:00:00+00:00, run_after=2026-04-26 00:00:00+00:00
[2026-04-26T07:49:16.433+0000] {logging_mixin.py:188} INFO - [2026-04-26T07:49:16.433+0000] {dag.py:3954} INFO - Setting next_dagrun for dataset_produces_2 to None, run_after=None
[2026-04-26T07:49:16.508+0000] {processor.py:183} INFO - Processing /usr/local/python/3.12.1/lib/python3.12/site-packages/airflow/example_dags/example_datasets.py took 0.386 seconds
[2026-04-26T07:49:27.424+0000] {processor.py:161} INFO - Started process (PID=47254) to work on /usr/local/python/3.12.1/lib/python3.12/site-packages/airflow/example_dags/example_datasets.py
[2026-04-26T07:49:27.425+0000] {processor.py:830} INFO - Processing file /usr/local/python/3.12.1/lib/python3.12/site-packages/airflow/example_dags/example_datasets.py for tasks to queue
[2026-04-26T07:49:27.425+0000] {logging_mixin.py:188} INFO - [2026-04-26T07:49:27.425+0000] {dagbag.py:540} INFO - Filling up the DagBag from /usr/local/python/3.12.1/lib/python3.12/site-packages/airflow/example_dags/example_datasets.py
[2026-04-26T07:49:27.437+0000] {processor.py:840} INFO - DAG(s) 'dataset_produces_2', 'conditional_dataset_and_time_based_timetable', 'dataset_consumes_1_never_scheduled', 'dataset_consumes_1', 'consume_1_or_2_with_dataset_expressions', 'consume_1_and_2_with_dataset_expressions', 'dataset_consumes_1_and_2', 'consume_1_or_both_2_and_3_with_dataset_expressions', 'dataset_consumes_unknown_never_scheduled', 'dataset_produces_1' retrieved from /usr/local/python/3.12.1/lib/python3.12/site-packages/airflow/example_dags/example_datasets.py
[2026-04-26T07:49:27.468+0000] {logging_mixin.py:188} INFO - [2026-04-26T07:49:27.468+0000] {dag.py:3096} INFO - Sync 10 DAGs
[2026-04-26T07:49:27.489+0000] {logging_mixin.py:188} INFO - [2026-04-26T07:49:27.489+0000] {dag.py:3954} INFO - Setting next_dagrun for conditional_dataset_and_time_based_timetable to 2026-04-22 01:00:00+00:00, run_after=2026-04-22 01:00:00+00:00
[2026-04-26T07:49:27.492+0000] {logging_mixin.py:188} INFO - [2026-04-26T07:49:27.492+0000] {dag.py:3954} INFO - Setting next_dagrun for consume_1_and_2_with_dataset_expressions to None, run_after=None
[2026-04-26T07:49:27.493+0000] {logging_mixin.py:188} INFO - [2026-04-26T07:49:27.493+0000] {dag.py:3954} INFO - Setting next_dagrun for consume_1_or_2_with_dataset_expressions to None, run_after=None
[2026-04-26T07:49:27.494+0000] {logging_mixin.py:188} INFO - [2026-04-26T07:49:27.493+0000] {dag.py:3954} INFO - Setting next_dagrun for consume_1_or_both_2_and_3_with_dataset_expressions to None, run_after=None
[2026-04-26T07:49:27.494+0000] {logging_mixin.py:188} INFO - [2026-04-26T07:49:27.494+0000] {dag.py:3954} INFO - Setting next_dagrun for dataset_consumes_1 to None, run_after=None
[2026-04-26T07:49:27.495+0000] {logging_mixin.py:188} INFO - [2026-04-26T07:49:27.495+0000] {dag.py:3954} INFO - Setting next_dagrun for dataset_consumes_1_and_2 to None, run_after=None
[2026-04-26T07:49:27.496+0000] {logging_mixin.py:188} INFO - [2026-04-26T07:49:27.496+0000] {dag.py:3954} INFO - Setting next_dagrun for dataset_consumes_1_never_scheduled to None, run_after=None
[2026-04-26T07:49:27.497+0000] {logging_mixin.py:188} INFO - [2026-04-26T07:49:27.497+0000] {dag.py:3954} INFO - Setting next_dagrun for dataset_consumes_unknown_never_scheduled to None, run_after=None
[2026-04-26T07:49:27.498+0000] {logging_mixin.py:188} INFO - [2026-04-26T07:49:27.498+0000] {dag.py:3954} INFO - Setting next_dagrun for dataset_produces_1 to 2026-04-25 00:00:00+00:00, run_after=2026-04-26 00:00:00+00:00
[2026-04-26T07:49:27.499+0000] {logging_mixin.py:188} INFO - [2026-04-26T07:49:27.499+0000] {dag.py:3954} INFO - Setting next_dagrun for dataset_produces_2 to None, run_after=None
[2026-04-26T07:49:27.526+0000] {processor.py:183} INFO - Processing /usr/local/python/3.12.1/lib/python3.12/site-packages/airflow/example_dags/example_datasets.py took 0.106 seconds
[2026-04-26T07:49:33.136+0000] {processor.py:161} INFO - Started process (PID=47290) to work on /usr/local/python/3.12.1/lib/python3.12/site-packages/airflow/example_dags/example_datasets.py
[2026-04-26T07:49:33.137+0000] {processor.py:830} INFO - Processing file /usr/local/python/3.12.1/lib/python3.12/site-packages/airflow/example_dags/example_datasets.py for tasks to queue
[2026-04-26T07:49:33.139+0000] {logging_mixin.py:188} INFO - [2026-04-26T07:49:33.138+0000] {dagbag.py:540} INFO - Filling up the DagBag from /usr/local/python/3.12.1/lib/python3.12/site-packages/airflow/example_dags/example_datasets.py
[2026-04-26T07:49:33.151+0000] {processor.py:840} INFO - DAG(s) 'conditional_dataset_and_time_based_timetable', 'consume_1_and_2_with_dataset_expressions', 'dataset_produces_1', 'consume_1_or_2_with_dataset_expressions', 'dataset_consumes_1_never_scheduled', 'dataset_consumes_1', 'dataset_produces_2', 'consume_1_or_both_2_and_3_with_dataset_expressions', 'dataset_consumes_1_and_2', 'dataset_consumes_unknown_never_scheduled' retrieved from /usr/local/python/3.12.1/lib/python3.12/site-packages/airflow/example_dags/example_datasets.py
[2026-04-26T07:49:33.187+0000] {logging_mixin.py:188} INFO - [2026-04-26T07:49:33.187+0000] {dag.py:3096} INFO - Sync 10 DAGs
[2026-04-26T07:49:33.210+0000] {logging_mixin.py:188} INFO - [2026-04-26T07:49:33.210+0000] {dag.py:3954} INFO - Setting next_dagrun for conditional_dataset_and_time_based_timetable to 2026-04-22 01:00:00+00:00, run_after=2026-04-22 01:00:00+00:00
[2026-04-26T07:49:33.214+0000] {logging_mixin.py:188} INFO - [2026-04-26T07:49:33.214+0000] {dag.py:3954} INFO - Setting next_dagrun for consume_1_and_2_with_dataset_expressions to None, run_after=None
[2026-04-26T07:49:33.215+0000] {logging_mixin.py:188} INFO - [2026-04-26T07:49:33.215+0000] {dag.py:3954} INFO - Setting next_dagrun for consume_1_or_2_with_dataset_expressions to None, run_after=None
[2026-04-26T07:49:33.216+0000] {logging_mixin.py:188} INFO - [2026-04-26T07:49:33.216+0000] {dag.py:3954} INFO - Setting next_dagrun for consume_1_or_both_2_and_3_with_dataset_expressions to None, run_after=None
[2026-04-26T07:49:33.217+0000] {logging_mixin.py:188} INFO - [2026-04-26T07:49:33.217+0000] {dag.py:3954} INFO - Setting next_dagrun for dataset_consumes_1 to None, run_after=None
[2026-04-26T07:49:33.218+0000] {logging_mixin.py:188} INFO - [2026-04-26T07:49:33.218+0000] {dag.py:3954} INFO - Setting next_dagrun for dataset_consumes_1_and_2 to None, run_after=None
[2026-04-26T07:49:33.219+0000] {logging_mixin.py:188} INFO - [2026-04-26T07:49:33.219+0000] {dag.py:3954} INFO - Setting next_dagrun for dataset_consumes_1_never_scheduled to None, run_after=None
[2026-04-26T07:49:33.220+0000] {logging_mixin.py:188} INFO - [2026-04-26T07:49:33.220+0000] {dag.py:3954} INFO - Setting next_dagrun for dataset_consumes_unknown_never_scheduled to None, run_after=None
[2026-04-26T07:49:33.222+0000] {logging_mixin.py:188} INFO - [2026-04-26T07:49:33.221+0000] {dag.py:3954} INFO - Setting next_dagrun for dataset_produces_1 to 2026-04-25 00:00:00+00:00, run_after=2026-04-26 00:00:00+00:00
[2026-04-26T07:49:33.222+0000] {logging_mixin.py:188} INFO - [2026-04-26T07:49:33.222+0000] {dag.py:3954} INFO - Setting next_dagrun for dataset_produces_2 to None, run_after=None
[2026-04-26T07:49:33.265+0000] {processor.py:183} INFO - Processing /usr/local/python/3.12.1/lib/python3.12/site-packages/airflow/example_dags/example_datasets.py took 0.135 seconds
[2026-04-26T07:50:17.315+0000] {processor.py:161} INFO - Started process (PID=47803) to work on /usr/local/python/3.12.1/lib/python3.12/site-packages/airflow/example_dags/example_datasets.py
[2026-04-26T07:50:17.316+0000] {processor.py:830} INFO - Processing file /usr/local/python/3.12.1/lib/python3.12/site-packages/airflow/example_dags/example_datasets.py for tasks to queue
[2026-04-26T07:50:17.316+0000] {logging_mixin.py:188} INFO - [2026-04-26T07:50:17.316+0000] {dagbag.py:540} INFO - Filling up the DagBag from /usr/local/python/3.12.1/lib/python3.12/site-packages/airflow/example_dags/example_datasets.py
[2026-04-26T07:50:17.328+0000] {processor.py:840} INFO - DAG(s) 'consume_1_or_both_2_and_3_with_dataset_expressions', 'dataset_produces_1', 'consume_1_and_2_with_dataset_expressions', 'conditional_dataset_and_time_based_timetable', 'dataset_consumes_1', 'dataset_consumes_unknown_never_scheduled', 'dataset_consumes_1_and_2', 'dataset_produces_2', 'dataset_consumes_1_never_scheduled', 'consume_1_or_2_with_dataset_expressions' retrieved from /usr/local/python/3.12.1/lib/python3.12/site-packages/airflow/example_dags/example_datasets.py
[2026-04-26T07:50:17.358+0000] {logging_mixin.py:188} INFO - [2026-04-26T07:50:17.357+0000] {dag.py:3096} INFO - Sync 10 DAGs
[2026-04-26T07:50:17.380+0000] {logging_mixin.py:188} INFO - [2026-04-26T07:50:17.380+0000] {dag.py:3954} INFO - Setting next_dagrun for conditional_dataset_and_time_based_timetable to 2026-04-22 01:00:00+00:00, run_after=2026-04-22 01:00:00+00:00
[2026-04-26T07:50:17.383+0000] {logging_mixin.py:188} INFO - [2026-04-26T07:50:17.382+0000] {dag.py:3954} INFO - Setting next_dagrun for consume_1_and_2_with_dataset_expressions to None, run_after=None
[2026-04-26T07:50:17.383+0000] {logging_mixin.py:188} INFO - [2026-04-26T07:50:17.383+0000] {dag.py:3954} INFO - Setting next_dagrun for consume_1_or_2_with_dataset_expressions to None, run_after=None
[2026-04-26T07:50:17.384+0000] {logging_mixin.py:188} INFO - [2026-04-26T07:50:17.384+0000] {dag.py:3954} INFO - Setting next_dagrun for consume_1_or_both_2_and_3_with_dataset_expressions to None, run_after=None
[2026-04-26T07:50:17.385+0000] {logging_mixin.py:188} INFO - [2026-04-26T07:50:17.385+0000] {dag.py:3954} INFO - Setting next_dagrun for dataset_consumes_1 to None, run_after=None
[2026-04-26T07:50:17.386+0000] {logging_mixin.py:188} INFO - [2026-04-26T07:50:17.385+0000] {dag.py:3954} INFO - Setting next_dagrun for dataset_consumes_1_and_2 to None, run_after=None
[2026-04-26T07:50:17.386+0000] {logging_mixin.py:188} INFO - [2026-04-26T07:50:17.386+0000] {dag.py:3954} INFO - Setting next_dagrun for dataset_consumes_1_never_scheduled to None, run_after=None
[2026-04-26T07:50:17.387+0000] {logging_mixin.py:188} INFO - [2026-04-26T07:50:17.387+0000] {dag.py:3954} INFO - Setting next_dagrun for dataset_consumes_unknown_never_scheduled to None, run_after=None
[2026-04-26T07:50:17.389+0000] {logging_mixin.py:188} INFO - [2026-04-26T07:50:17.389+0000] {dag.py:3954} INFO - Setting next_dagrun for dataset_produces_1 to 2026-04-25 00:00:00+00:00, run_after=2026-04-26 00:00:00+00:00
[2026-04-26T07:50:17.389+0000] {logging_mixin.py:188} INFO - [2026-04-26T07:50:17.389+0000] {dag.py:3954} INFO - Setting next_dagrun for dataset_produces_2 to None, run_after=None
[2026-04-26T07:50:17.418+0000] {processor.py:183} INFO - Processing /usr/local/python/3.12.1/lib/python3.12/site-packages/airflow/example_dags/example_datasets.py took 0.108 seconds
[2026-04-26T07:50:28.411+0000] {processor.py:161} INFO - Started process (PID=47892) to work on /usr/local/python/3.12.1/lib/python3.12/site-packages/airflow/example_dags/example_datasets.py
[2026-04-26T07:50:28.411+0000] {processor.py:830} INFO - Processing file /usr/local/python/3.12.1/lib/python3.12/site-packages/airflow/example_dags/example_datasets.py for tasks to queue
[2026-04-26T07:50:28.412+0000] {logging_mixin.py:188} INFO - [2026-04-26T07:50:28.412+0000] {dagbag.py:540} INFO - Filling up the DagBag from /usr/local/python/3.12.1/lib/python3.12/site-packages/airflow/example_dags/example_datasets.py
[2026-04-26T07:50:28.424+0000] {processor.py:840} INFO - DAG(s) 'consume_1_or_2_with_dataset_expressions', 'consume_1_or_both_2_and_3_with_dataset_expressions', 'dataset_consumes_1_never_scheduled', 'conditional_dataset_and_time_based_timetable', 'dataset_produces_1', 'dataset_produces_2', 'dataset_consumes_1', 'consume_1_and_2_with_dataset_expressions', 'dataset_consumes_unknown_never_scheduled', 'dataset_consumes_1_and_2' retrieved from /usr/local/python/3.12.1/lib/python3.12/site-packages/airflow/example_dags/example_datasets.py
[2026-04-26T07:50:28.466+0000] {logging_mixin.py:188} INFO - [2026-04-26T07:50:28.466+0000] {dag.py:3096} INFO - Sync 10 DAGs
[2026-04-26T07:50:28.495+0000] {logging_mixin.py:188} INFO - [2026-04-26T07:50:28.494+0000] {dag.py:3954} INFO - Setting next_dagrun for conditional_dataset_and_time_based_timetable to 2026-04-22 01:00:00+00:00, run_after=2026-04-22 01:00:00+00:00
[2026-04-26T07:50:28.498+0000] {logging_mixin.py:188} INFO - [2026-04-26T07:50:28.498+0000] {dag.py:3954} INFO - Setting next_dagrun for consume_1_and_2_with_dataset_expressions to None, run_after=None
[2026-04-26T07:50:28.500+0000] {logging_mixin.py:188} INFO - [2026-04-26T07:50:28.499+0000] {dag.py:3954} INFO - Setting next_dagrun for consume_1_or_2_with_dataset_expressions to None, run_after=None
[2026-04-26T07:50:28.501+0000] {logging_mixin.py:188} INFO - [2026-04-26T07:50:28.500+0000] {dag.py:3954} INFO - Setting next_dagrun for consume_1_or_both_2_and_3_with_dataset_expressions to None, run_after=None
[2026-04-26T07:50:28.502+0000] {logging_mixin.py:188} INFO - [2026-04-26T07:50:28.502+0000] {dag.py:3954} INFO - Setting next_dagrun for dataset_consumes_1 to None, run_after=None
[2026-04-26T07:50:28.503+0000] {logging_mixin.py:188} INFO - [2026-04-26T07:50:28.503+0000] {dag.py:3954} INFO - Setting next_dagrun for dataset_consumes_1_and_2 to None, run_after=None
[2026-04-26T07:50:28.504+0000] {logging_mixin.py:188} INFO - [2026-04-26T07:50:28.504+0000] {dag.py:3954} INFO - Setting next_dagrun for dataset_consumes_1_never_scheduled to None, run_after=None
[2026-04-26T07:50:28.505+0000] {logging_mixin.py:188} INFO - [2026-04-26T07:50:28.505+0000] {dag.py:3954} INFO - Setting next_dagrun for dataset_consumes_unknown_never_scheduled to None, run_after=None
[2026-04-26T07:50:28.508+0000] {logging_mixin.py:188} INFO - [2026-04-26T07:50:28.508+0000] {dag.py:3954} INFO - Setting next_dagrun for dataset_produces_1 to 2026-04-25 00:00:00+00:00, run_after=2026-04-26 00:00:00+00:00
[2026-04-26T07:50:28.509+0000] {logging_mixin.py:188} INFO - [2026-04-26T07:50:28.509+0000] {dag.py:3954} INFO - Setting next_dagrun for dataset_produces_2 to None, run_after=None
[2026-04-26T07:50:28.556+0000] {processor.py:183} INFO - Processing /usr/local/python/3.12.1/lib/python3.12/site-packages/airflow/example_dags/example_datasets.py took 0.150 seconds
[2026-04-26T07:50:39.052+0000] {processor.py:161} INFO - Started process (PID=47987) to work on /usr/local/python/3.12.1/lib/python3.12/site-packages/airflow/example_dags/example_datasets.py
[2026-04-26T07:50:39.053+0000] {processor.py:830} INFO - Processing file /usr/local/python/3.12.1/lib/python3.12/site-packages/airflow/example_dags/example_datasets.py for tasks to queue
[2026-04-26T07:50:39.054+0000] {logging_mixin.py:188} INFO - [2026-04-26T07:50:39.054+0000] {dagbag.py:540} INFO - Filling up the DagBag from /usr/local/python/3.12.1/lib/python3.12/site-packages/airflow/example_dags/example_datasets.py
[2026-04-26T07:50:39.072+0000] {processor.py:840} INFO - DAG(s) 'dataset_consumes_1_and_2', 'consume_1_or_both_2_and_3_with_dataset_expressions', 'conditional_dataset_and_time_based_timetable', 'dataset_consumes_1', 'consume_1_or_2_with_dataset_expressions', 'consume_1_and_2_with_dataset_expressions', 'dataset_consumes_1_never_scheduled', 'dataset_produces_2', 'dataset_produces_1', 'dataset_consumes_unknown_never_scheduled' retrieved from /usr/local/python/3.12.1/lib/python3.12/site-packages/airflow/example_dags/example_datasets.py
[2026-04-26T07:50:39.159+0000] {logging_mixin.py:188} INFO - [2026-04-26T07:50:39.158+0000] {dag.py:3096} INFO - Sync 10 DAGs
[2026-04-26T07:50:39.182+0000] {logging_mixin.py:188} INFO - [2026-04-26T07:50:39.182+0000] {dag.py:3954} INFO - Setting next_dagrun for conditional_dataset_and_time_based_timetable to 2026-04-22 01:00:00+00:00, run_after=2026-04-22 01:00:00+00:00
[2026-04-26T07:50:39.185+0000] {logging_mixin.py:188} INFO - [2026-04-26T07:50:39.185+0000] {dag.py:3954} INFO - Setting next_dagrun for consume_1_and_2_with_dataset_expressions to None, run_after=None
[2026-04-26T07:50:39.186+0000] {logging_mixin.py:188} INFO - [2026-04-26T07:50:39.186+0000] {dag.py:3954} INFO - Setting next_dagrun for consume_1_or_2_with_dataset_expressions to None, run_after=None
[2026-04-26T07:50:39.187+0000] {logging_mixin.py:188} INFO - [2026-04-26T07:50:39.187+0000] {dag.py:3954} INFO - Setting next_dagrun for consume_1_or_both_2_and_3_with_dataset_expressions to None, run_after=None
[2026-04-26T07:50:39.188+0000] {logging_mixin.py:188} INFO - [2026-04-26T07:50:39.187+0000] {dag.py:3954} INFO - Setting next_dagrun for dataset_consumes_1 to None, run_after=None
[2026-04-26T07:50:39.188+0000] {logging_mixin.py:188} INFO - [2026-04-26T07:50:39.188+0000] {dag.py:3954} INFO - Setting next_dagrun for dataset_consumes_1_and_2 to None, run_after=None
[2026-04-26T07:50:39.189+0000] {logging_mixin.py:188} INFO - [2026-04-26T07:50:39.189+0000] {dag.py:3954} INFO - Setting next_dagrun for dataset_consumes_1_never_scheduled to None, run_after=None
[2026-04-26T07:50:39.190+0000] {logging_mixin.py:188} INFO - [2026-04-26T07:50:39.190+0000] {dag.py:3954} INFO - Setting next_dagrun for dataset_consumes_unknown_never_scheduled to None, run_after=None
[2026-04-26T07:50:39.193+0000] {logging_mixin.py:188} INFO - [2026-04-26T07:50:39.193+0000] {dag.py:3954} INFO - Setting next_dagrun for dataset_produces_1 to 2026-04-25 00:00:00+00:00, run_after=2026-04-26 00:00:00+00:00
[2026-04-26T07:50:39.194+0000] {logging_mixin.py:188} INFO - [2026-04-26T07:50:39.194+0000] {dag.py:3954} INFO - Setting next_dagrun for dataset_produces_2 to None, run_after=None
[2026-04-26T07:50:39.220+0000] {processor.py:183} INFO - Processing /usr/local/python/3.12.1/lib/python3.12/site-packages/airflow/example_dags/example_datasets.py took 0.174 seconds
[2026-04-26T07:51:26.775+0000] {processor.py:161} INFO - Started process (PID=48681) to work on /usr/local/python/3.12.1/lib/python3.12/site-packages/airflow/example_dags/example_datasets.py
[2026-04-26T07:51:26.776+0000] {processor.py:830} INFO - Processing file /usr/local/python/3.12.1/lib/python3.12/site-packages/airflow/example_dags/example_datasets.py for tasks to queue
[2026-04-26T07:51:26.777+0000] {logging_mixin.py:188} INFO - [2026-04-26T07:51:26.776+0000] {dagbag.py:540} INFO - Filling up the DagBag from /usr/local/python/3.12.1/lib/python3.12/site-packages/airflow/example_dags/example_datasets.py
[2026-04-26T07:51:26.790+0000] {processor.py:840} INFO - DAG(s) 'dataset_consumes_1_never_scheduled', 'dataset_produces_1', 'consume_1_or_both_2_and_3_with_dataset_expressions', 'conditional_dataset_and_time_based_timetable', 'dataset_produces_2', 'dataset_consumes_unknown_never_scheduled', 'consume_1_or_2_with_dataset_expressions', 'dataset_consumes_1_and_2', 'consume_1_and_2_with_dataset_expressions', 'dataset_consumes_1' retrieved from /usr/local/python/3.12.1/lib/python3.12/site-packages/airflow/example_dags/example_datasets.py
[2026-04-26T07:51:26.820+0000] {logging_mixin.py:188} INFO - [2026-04-26T07:51:26.820+0000] {dag.py:3096} INFO - Sync 10 DAGs
[2026-04-26T07:51:26.838+0000] {logging_mixin.py:188} INFO - [2026-04-26T07:51:26.838+0000] {dag.py:3954} INFO - Setting next_dagrun for conditional_dataset_and_time_based_timetable to 2026-04-22 01:00:00+00:00, run_after=2026-04-22 01:00:00+00:00
[2026-04-26T07:51:26.841+0000] {logging_mixin.py:188} INFO - [2026-04-26T07:51:26.841+0000] {dag.py:3954} INFO - Setting next_dagrun for consume_1_and_2_with_dataset_expressions to None, run_after=None
[2026-04-26T07:51:26.842+0000] {logging_mixin.py:188} INFO - [2026-04-26T07:51:26.842+0000] {dag.py:3954} INFO - Setting next_dagrun for consume_1_or_2_with_dataset_expressions to None, run_after=None
[2026-04-26T07:51:26.843+0000] {logging_mixin.py:188} INFO - [2026-04-26T07:51:26.843+0000] {dag.py:3954} INFO - Setting next_dagrun for consume_1_or_both_2_and_3_with_dataset_expressions to None, run_after=None
[2026-04-26T07:51:26.843+0000] {logging_mixin.py:188} INFO - [2026-04-26T07:51:26.843+0000] {dag.py:3954} INFO - Setting next_dagrun for dataset_consumes_1 to None, run_after=None
[2026-04-26T07:51:26.844+0000] {logging_mixin.py:188} INFO - [2026-04-26T07:51:26.844+0000] {dag.py:3954} INFO - Setting next_dagrun for dataset_consumes_1_and_2 to None, run_after=None
[2026-04-26T07:51:26.845+0000] {logging_mixin.py:188} INFO - [2026-04-26T07:51:26.845+0000] {dag.py:3954} INFO - Setting next_dagrun for dataset_consumes_1_never_scheduled to None, run_after=None
[2026-04-26T07:51:26.846+0000] {logging_mixin.py:188} INFO - [2026-04-26T07:51:26.846+0000] {dag.py:3954} INFO - Setting next_dagrun for dataset_consumes_unknown_never_scheduled to None, run_after=None
[2026-04-26T07:51:26.847+0000] {logging_mixin.py:188} INFO - [2026-04-26T07:51:26.847+0000] {dag.py:3954} INFO - Setting next_dagrun for dataset_produces_1 to 2026-04-25 00:00:00+00:00, run_after=2026-04-26 00:00:00+00:00
[2026-04-26T07:51:26.848+0000] {logging_mixin.py:188} INFO - [2026-04-26T07:51:26.848+0000] {dag.py:3954} INFO - Setting next_dagrun for dataset_produces_2 to None, run_after=None
[2026-04-26T07:51:26.874+0000] {processor.py:183} INFO - Processing /usr/local/python/3.12.1/lib/python3.12/site-packages/airflow/example_dags/example_datasets.py took 0.104 seconds
[2026-04-26T07:51:29.526+0000] {processor.py:161} INFO - Started process (PID=48704) to work on /usr/local/python/3.12.1/lib/python3.12/site-packages/airflow/example_dags/example_datasets.py
[2026-04-26T07:51:29.527+0000] {processor.py:830} INFO - Processing file /usr/local/python/3.12.1/lib/python3.12/site-packages/airflow/example_dags/example_datasets.py for tasks to queue
[2026-04-26T07:51:29.528+0000] {logging_mixin.py:188} INFO - [2026-04-26T07:51:29.527+0000] {dagbag.py:540} INFO - Filling up the DagBag from /usr/local/python/3.12.1/lib/python3.12/site-packages/airflow/example_dags/example_datasets.py
[2026-04-26T07:51:29.545+0000] {processor.py:840} INFO - DAG(s) 'consume_1_or_2_with_dataset_expressions', 'dataset_consumes_unknown_never_scheduled', 'dataset_consumes_1_never_scheduled', 'dataset_produces_2', 'consume_1_and_2_with_dataset_expressions', 'dataset_consumes_1_and_2', 'consume_1_or_both_2_and_3_with_dataset_expressions', 'dataset_produces_1', 'conditional_dataset_and_time_based_timetable', 'dataset_consumes_1' retrieved from /usr/local/python/3.12.1/lib/python3.12/site-packages/airflow/example_dags/example_datasets.py
[2026-04-26T07:51:29.608+0000] {logging_mixin.py:188} INFO - [2026-04-26T07:51:29.607+0000] {dag.py:3096} INFO - Sync 10 DAGs
[2026-04-26T07:51:29.636+0000] {logging_mixin.py:188} INFO - [2026-04-26T07:51:29.636+0000] {dag.py:3954} INFO - Setting next_dagrun for conditional_dataset_and_time_based_timetable to 2026-04-22 01:00:00+00:00, run_after=2026-04-22 01:00:00+00:00
[2026-04-26T07:51:29.640+0000] {logging_mixin.py:188} INFO - [2026-04-26T07:51:29.640+0000] {dag.py:3954} INFO - Setting next_dagrun for consume_1_and_2_with_dataset_expressions to None, run_after=None
[2026-04-26T07:51:29.641+0000] {logging_mixin.py:188} INFO - [2026-04-26T07:51:29.641+0000] {dag.py:3954} INFO - Setting next_dagrun for consume_1_or_2_with_dataset_expressions to None, run_after=None
[2026-04-26T07:51:29.643+0000] {logging_mixin.py:188} INFO - [2026-04-26T07:51:29.643+0000] {dag.py:3954} INFO - Setting next_dagrun for consume_1_or_both_2_and_3_with_dataset_expressions to None, run_after=None
[2026-04-26T07:51:29.650+0000] {logging_mixin.py:188} INFO - [2026-04-26T07:51:29.649+0000] {dag.py:3954} INFO - Setting next_dagrun for dataset_consumes_1 to None, run_after=None
[2026-04-26T07:51:29.651+0000] {logging_mixin.py:188} INFO - [2026-04-26T07:51:29.651+0000] {dag.py:3954} INFO - Setting next_dagrun for dataset_consumes_1_and_2 to None, run_after=None
[2026-04-26T07:51:29.652+0000] {logging_mixin.py:188} INFO - [2026-04-26T07:51:29.652+0000] {dag.py:3954} INFO - Setting next_dagrun for dataset_consumes_1_never_scheduled to None, run_after=None
[2026-04-26T07:51:29.653+0000] {logging_mixin.py:188} INFO - [2026-04-26T07:51:29.653+0000] {dag.py:3954} INFO - Setting next_dagrun for dataset_consumes_unknown_never_scheduled to None, run_after=None
[2026-04-26T07:51:29.656+0000] {logging_mixin.py:188} INFO - [2026-04-26T07:51:29.656+0000] {dag.py:3954} INFO - Setting next_dagrun for dataset_produces_1 to 2026-04-25 00:00:00+00:00, run_after=2026-04-26 00:00:00+00:00
[2026-04-26T07:51:29.657+0000] {logging_mixin.py:188} INFO - [2026-04-26T07:51:29.657+0000] {dag.py:3954} INFO - Setting next_dagrun for dataset_produces_2 to None, run_after=None
[2026-04-26T07:51:29.707+0000] {processor.py:183} INFO - Processing /usr/local/python/3.12.1/lib/python3.12/site-packages/airflow/example_dags/example_datasets.py took 0.187 seconds
[2026-04-26T07:51:32.920+0000] {processor.py:161} INFO - Started process (PID=48723) to work on /usr/local/python/3.12.1/lib/python3.12/site-packages/airflow/example_dags/example_datasets.py
[2026-04-26T07:51:32.920+0000] {processor.py:830} INFO - Processing file /usr/local/python/3.12.1/lib/python3.12/site-packages/airflow/example_dags/example_datasets.py for tasks to queue
[2026-04-26T07:51:32.921+0000] {logging_mixin.py:188} INFO - [2026-04-26T07:51:32.921+0000] {dagbag.py:540} INFO - Filling up the DagBag from /usr/local/python/3.12.1/lib/python3.12/site-packages/airflow/example_dags/example_datasets.py
[2026-04-26T07:51:32.932+0000] {processor.py:840} INFO - DAG(s) 'dataset_consumes_unknown_never_scheduled', 'dataset_consumes_1_and_2', 'consume_1_and_2_with_dataset_expressions', 'dataset_consumes_1', 'consume_1_or_2_with_dataset_expressions', 'dataset_produces_1', 'dataset_consumes_1_never_scheduled', 'consume_1_or_both_2_and_3_with_dataset_expressions', 'dataset_produces_2', 'conditional_dataset_and_time_based_timetable' retrieved from /usr/local/python/3.12.1/lib/python3.12/site-packages/airflow/example_dags/example_datasets.py
[2026-04-26T07:51:32.962+0000] {logging_mixin.py:188} INFO - [2026-04-26T07:51:32.962+0000] {dag.py:3096} INFO - Sync 10 DAGs
[2026-04-26T07:51:32.984+0000] {logging_mixin.py:188} INFO - [2026-04-26T07:51:32.984+0000] {dag.py:3954} INFO - Setting next_dagrun for conditional_dataset_and_time_based_timetable to 2026-04-22 01:00:00+00:00, run_after=2026-04-22 01:00:00+00:00
[2026-04-26T07:51:32.987+0000] {logging_mixin.py:188} INFO - [2026-04-26T07:51:32.987+0000] {dag.py:3954} INFO - Setting next_dagrun for consume_1_and_2_with_dataset_expressions to None, run_after=None
[2026-04-26T07:51:32.988+0000] {logging_mixin.py:188} INFO - [2026-04-26T07:51:32.988+0000] {dag.py:3954} INFO - Setting next_dagrun for consume_1_or_2_with_dataset_expressions to None, run_after=None
[2026-04-26T07:51:32.989+0000] {logging_mixin.py:188} INFO - [2026-04-26T07:51:32.989+0000] {dag.py:3954} INFO - Setting next_dagrun for consume_1_or_both_2_and_3_with_dataset_expressions to None, run_after=None
[2026-04-26T07:51:32.989+0000] {logging_mixin.py:188} INFO - [2026-04-26T07:51:32.989+0000] {dag.py:3954} INFO - Setting next_dagrun for dataset_consumes_1 to None, run_after=None
[2026-04-26T07:51:32.990+0000] {logging_mixin.py:188} INFO - [2026-04-26T07:51:32.990+0000] {dag.py:3954} INFO - Setting next_dagrun for dataset_consumes_1_and_2 to None, run_after=None
[2026-04-26T07:51:32.991+0000] {logging_mixin.py:188} INFO - [2026-04-26T07:51:32.991+0000] {dag.py:3954} INFO - Setting next_dagrun for dataset_consumes_1_never_scheduled to None, run_after=None
[2026-04-26T07:51:32.992+0000] {logging_mixin.py:188} INFO - [2026-04-26T07:51:32.992+0000] {dag.py:3954} INFO - Setting next_dagrun for dataset_consumes_unknown_never_scheduled to None, run_after=None
[2026-04-26T07:51:32.993+0000] {logging_mixin.py:188} INFO - [2026-04-26T07:51:32.993+0000] {dag.py:3954} INFO - Setting next_dagrun for dataset_produces_1 to 2026-04-25 00:00:00+00:00, run_after=2026-04-26 00:00:00+00:00
[2026-04-26T07:51:32.994+0000] {logging_mixin.py:188} INFO - [2026-04-26T07:51:32.994+0000] {dag.py:3954} INFO - Setting next_dagrun for dataset_produces_2 to None, run_after=None
[2026-04-26T07:51:33.018+0000] {processor.py:183} INFO - Processing /usr/local/python/3.12.1/lib/python3.12/site-packages/airflow/example_dags/example_datasets.py took 0.102 seconds
[2026-04-26T07:52:29.292+0000] {processor.py:161} INFO - Started process (PID=49451) to work on /usr/local/python/3.12.1/lib/python3.12/site-packages/airflow/example_dags/example_datasets.py
[2026-04-26T07:52:29.293+0000] {processor.py:830} INFO - Processing file /usr/local/python/3.12.1/lib/python3.12/site-packages/airflow/example_dags/example_datasets.py for tasks to queue
[2026-04-26T07:52:29.295+0000] {logging_mixin.py:188} INFO - [2026-04-26T07:52:29.293+0000] {dagbag.py:540} INFO - Filling up the DagBag from /usr/local/python/3.12.1/lib/python3.12/site-packages/airflow/example_dags/example_datasets.py
[2026-04-26T07:52:29.308+0000] {processor.py:840} INFO - DAG(s) 'dataset_consumes_1', 'consume_1_or_2_with_dataset_expressions', 'dataset_produces_2', 'dataset_consumes_1_and_2', 'conditional_dataset_and_time_based_timetable', 'dataset_consumes_1_never_scheduled', 'consume_1_and_2_with_dataset_expressions', 'dataset_consumes_unknown_never_scheduled', 'dataset_produces_1', 'consume_1_or_both_2_and_3_with_dataset_expressions' retrieved from /usr/local/python/3.12.1/lib/python3.12/site-packages/airflow/example_dags/example_datasets.py
[2026-04-26T07:52:29.336+0000] {logging_mixin.py:188} INFO - [2026-04-26T07:52:29.335+0000] {dag.py:3096} INFO - Sync 10 DAGs
[2026-04-26T07:52:29.353+0000] {logging_mixin.py:188} INFO - [2026-04-26T07:52:29.353+0000] {dag.py:3954} INFO - Setting next_dagrun for conditional_dataset_and_time_based_timetable to 2026-04-22 01:00:00+00:00, run_after=2026-04-22 01:00:00+00:00
[2026-04-26T07:52:29.356+0000] {logging_mixin.py:188} INFO - [2026-04-26T07:52:29.356+0000] {dag.py:3954} INFO - Setting next_dagrun for consume_1_and_2_with_dataset_expressions to None, run_after=None
[2026-04-26T07:52:29.357+0000] {logging_mixin.py:188} INFO - [2026-04-26T07:52:29.357+0000] {dag.py:3954} INFO - Setting next_dagrun for consume_1_or_2_with_dataset_expressions to None, run_after=None
[2026-04-26T07:52:29.358+0000] {logging_mixin.py:188} INFO - [2026-04-26T07:52:29.357+0000] {dag.py:3954} INFO - Setting next_dagrun for consume_1_or_both_2_and_3_with_dataset_expressions to None, run_after=None
[2026-04-26T07:52:29.360+0000] {logging_mixin.py:188} INFO - [2026-04-26T07:52:29.360+0000] {dag.py:3954} INFO - Setting next_dagrun for dataset_consumes_1 to None, run_after=None
[2026-04-26T07:52:29.361+0000] {logging_mixin.py:188} INFO - [2026-04-26T07:52:29.361+0000] {dag.py:3954} INFO - Setting next_dagrun for dataset_consumes_1_and_2 to None, run_after=None
[2026-04-26T07:52:29.362+0000] {logging_mixin.py:188} INFO - [2026-04-26T07:52:29.362+0000] {dag.py:3954} INFO - Setting next_dagrun for dataset_consumes_1_never_scheduled to None, run_after=None
[2026-04-26T07:52:29.363+0000] {logging_mixin.py:188} INFO - [2026-04-26T07:52:29.362+0000] {dag.py:3954} INFO - Setting next_dagrun for dataset_consumes_unknown_never_scheduled to None, run_after=None
[2026-04-26T07:52:29.365+0000] {logging_mixin.py:188} INFO - [2026-04-26T07:52:29.365+0000] {dag.py:3954} INFO - Setting next_dagrun for dataset_produces_1 to 2026-04-25 00:00:00+00:00, run_after=2026-04-26 00:00:00+00:00
[2026-04-26T07:52:29.366+0000] {logging_mixin.py:188} INFO - [2026-04-26T07:52:29.366+0000] {dag.py:3954} INFO - Setting next_dagrun for dataset_produces_2 to None, run_after=None
[2026-04-26T07:52:29.392+0000] {processor.py:183} INFO - Processing /usr/local/python/3.12.1/lib/python3.12/site-packages/airflow/example_dags/example_datasets.py took 0.107 seconds
[2026-04-26T07:52:31.463+0000] {processor.py:161} INFO - Started process (PID=49485) to work on /usr/local/python/3.12.1/lib/python3.12/site-packages/airflow/example_dags/example_datasets.py
[2026-04-26T07:52:31.464+0000] {processor.py:830} INFO - Processing file /usr/local/python/3.12.1/lib/python3.12/site-packages/airflow/example_dags/example_datasets.py for tasks to queue
[2026-04-26T07:52:31.464+0000] {logging_mixin.py:188} INFO - [2026-04-26T07:52:31.464+0000] {dagbag.py:540} INFO - Filling up the DagBag from /usr/local/python/3.12.1/lib/python3.12/site-packages/airflow/example_dags/example_datasets.py
[2026-04-26T07:52:31.479+0000] {processor.py:840} INFO - DAG(s) 'dataset_consumes_1', 'dataset_consumes_1_never_scheduled', 'dataset_consumes_unknown_never_scheduled', 'dataset_produces_2', 'consume_1_or_2_with_dataset_expressions', 'consume_1_and_2_with_dataset_expressions', 'conditional_dataset_and_time_based_timetable', 'consume_1_or_both_2_and_3_with_dataset_expressions', 'dataset_consumes_1_and_2', 'dataset_produces_1' retrieved from /usr/local/python/3.12.1/lib/python3.12/site-packages/airflow/example_dags/example_datasets.py
[2026-04-26T07:52:31.526+0000] {logging_mixin.py:188} INFO - [2026-04-26T07:52:31.526+0000] {dag.py:3096} INFO - Sync 10 DAGs
[2026-04-26T07:52:31.555+0000] {logging_mixin.py:188} INFO - [2026-04-26T07:52:31.554+0000] {dag.py:3954} INFO - Setting next_dagrun for conditional_dataset_and_time_based_timetable to 2026-04-22 01:00:00+00:00, run_after=2026-04-22 01:00:00+00:00
[2026-04-26T07:52:31.559+0000] {logging_mixin.py:188} INFO - [2026-04-26T07:52:31.559+0000] {dag.py:3954} INFO - Setting next_dagrun for consume_1_and_2_with_dataset_expressions to None, run_after=None
[2026-04-26T07:52:31.560+0000] {logging_mixin.py:188} INFO - [2026-04-26T07:52:31.560+0000] {dag.py:3954} INFO - Setting next_dagrun for consume_1_or_2_with_dataset_expressions to None, run_after=None
[2026-04-26T07:52:31.561+0000] {logging_mixin.py:188} INFO - [2026-04-26T07:52:31.561+0000] {dag.py:3954} INFO - Setting next_dagrun for consume_1_or_both_2_and_3_with_dataset_expressions to None, run_after=None
[2026-04-26T07:52:31.562+0000] {logging_mixin.py:188} INFO - [2026-04-26T07:52:31.562+0000] {dag.py:3954} INFO - Setting next_dagrun for dataset_consumes_1 to None, run_after=None
[2026-04-26T07:52:31.563+0000] {logging_mixin.py:188} INFO - [2026-04-26T07:52:31.563+0000] {dag.py:3954} INFO - Setting next_dagrun for dataset_consumes_1_and_2 to None, run_after=None
[2026-04-26T07:52:31.564+0000] {logging_mixin.py:188} INFO - [2026-04-26T07:52:31.564+0000] {dag.py:3954} INFO - Setting next_dagrun for dataset_consumes_1_never_scheduled to None, run_after=None
[2026-04-26T07:52:31.565+0000] {logging_mixin.py:188} INFO - [2026-04-26T07:52:31.565+0000] {dag.py:3954} INFO - Setting next_dagrun for dataset_consumes_unknown_never_scheduled to None, run_after=None
[2026-04-26T07:52:31.568+0000] {logging_mixin.py:188} INFO - [2026-04-26T07:52:31.568+0000] {dag.py:3954} INFO - Setting next_dagrun for dataset_produces_1 to 2026-04-25 00:00:00+00:00, run_after=2026-04-26 00:00:00+00:00
[2026-04-26T07:52:31.569+0000] {logging_mixin.py:188} INFO - [2026-04-26T07:52:31.569+0000] {dag.py:3954} INFO - Setting next_dagrun for dataset_produces_2 to None, run_after=None
[2026-04-26T07:52:31.627+0000] {processor.py:183} INFO - Processing /usr/local/python/3.12.1/lib/python3.12/site-packages/airflow/example_dags/example_datasets.py took 0.170 seconds
[2026-04-26T07:52:32.072+0000] {processor.py:161} INFO - Started process (PID=49488) to work on /usr/local/python/3.12.1/lib/python3.12/site-packages/airflow/example_dags/example_datasets.py
[2026-04-26T07:52:32.073+0000] {processor.py:830} INFO - Processing file /usr/local/python/3.12.1/lib/python3.12/site-packages/airflow/example_dags/example_datasets.py for tasks to queue
[2026-04-26T07:52:32.074+0000] {logging_mixin.py:188} INFO - [2026-04-26T07:52:32.074+0000] {dagbag.py:540} INFO - Filling up the DagBag from /usr/local/python/3.12.1/lib/python3.12/site-packages/airflow/example_dags/example_datasets.py
[2026-04-26T07:52:32.086+0000] {processor.py:840} INFO - DAG(s) 'dataset_consumes_1_and_2', 'consume_1_or_both_2_and_3_with_dataset_expressions', 'dataset_produces_2', 'dataset_consumes_1', 'conditional_dataset_and_time_based_timetable', 'consume_1_or_2_with_dataset_expressions', 'dataset_produces_1', 'dataset_consumes_1_never_scheduled', 'dataset_consumes_unknown_never_scheduled', 'consume_1_and_2_with_dataset_expressions' retrieved from /usr/local/python/3.12.1/lib/python3.12/site-packages/airflow/example_dags/example_datasets.py
[2026-04-26T07:52:32.114+0000] {logging_mixin.py:188} INFO - [2026-04-26T07:52:32.114+0000] {dag.py:3096} INFO - Sync 10 DAGs
[2026-04-26T07:52:32.131+0000] {logging_mixin.py:188} INFO - [2026-04-26T07:52:32.131+0000] {dag.py:3954} INFO - Setting next_dagrun for conditional_dataset_and_time_based_timetable to 2026-04-22 01:00:00+00:00, run_after=2026-04-22 01:00:00+00:00
[2026-04-26T07:52:32.134+0000] {logging_mixin.py:188} INFO - [2026-04-26T07:52:32.134+0000] {dag.py:3954} INFO - Setting next_dagrun for consume_1_and_2_with_dataset_expressions to None, run_after=None
[2026-04-26T07:52:32.135+0000] {logging_mixin.py:188} INFO - [2026-04-26T07:52:32.135+0000] {dag.py:3954} INFO - Setting next_dagrun for consume_1_or_2_with_dataset_expressions to None, run_after=None
[2026-04-26T07:52:32.136+0000] {logging_mixin.py:188} INFO - [2026-04-26T07:52:32.135+0000] {dag.py:3954} INFO - Setting next_dagrun for consume_1_or_both_2_and_3_with_dataset_expressions to None, run_after=None
[2026-04-26T07:52:32.136+0000] {logging_mixin.py:188} INFO - [2026-04-26T07:52:32.136+0000] {dag.py:3954} INFO - Setting next_dagrun for dataset_consumes_1 to None, run_after=None
[2026-04-26T07:52:32.137+0000] {logging_mixin.py:188} INFO - [2026-04-26T07:52:32.137+0000] {dag.py:3954} INFO - Setting next_dagrun for dataset_consumes_1_and_2 to None, run_after=None
[2026-04-26T07:52:32.138+0000] {logging_mixin.py:188} INFO - [2026-04-26T07:52:32.138+0000] {dag.py:3954} INFO - Setting next_dagrun for dataset_consumes_1_never_scheduled to None, run_after=None
[2026-04-26T07:52:32.139+0000] {logging_mixin.py:188} INFO - [2026-04-26T07:52:32.138+0000] {dag.py:3954} INFO - Setting next_dagrun for dataset_consumes_unknown_never_scheduled to None, run_after=None
[2026-04-26T07:52:32.140+0000] {logging_mixin.py:188} INFO - [2026-04-26T07:52:32.140+0000] {dag.py:3954} INFO - Setting next_dagrun for dataset_produces_1 to 2026-04-25 00:00:00+00:00, run_after=2026-04-26 00:00:00+00:00
[2026-04-26T07:52:32.141+0000] {logging_mixin.py:188} INFO - [2026-04-26T07:52:32.141+0000] {dag.py:3954} INFO - Setting next_dagrun for dataset_produces_2 to None, run_after=None
[2026-04-26T07:52:32.165+0000] {processor.py:183} INFO - Processing /usr/local/python/3.12.1/lib/python3.12/site-packages/airflow/example_dags/example_datasets.py took 0.099 seconds
[2026-04-26T07:53:32.643+0000] {processor.py:161} INFO - Started process (PID=50538) to work on /usr/local/python/3.12.1/lib/python3.12/site-packages/airflow/example_dags/example_datasets.py
[2026-04-26T07:53:32.644+0000] {processor.py:830} INFO - Processing file /usr/local/python/3.12.1/lib/python3.12/site-packages/airflow/example_dags/example_datasets.py for tasks to queue
[2026-04-26T07:53:32.645+0000] {logging_mixin.py:188} INFO - [2026-04-26T07:53:32.645+0000] {dagbag.py:540} INFO - Filling up the DagBag from /usr/local/python/3.12.1/lib/python3.12/site-packages/airflow/example_dags/example_datasets.py
[2026-04-26T07:53:32.682+0000] {processor.py:840} INFO - DAG(s) 'consume_1_or_2_with_dataset_expressions', 'dataset_consumes_1', 'dataset_produces_2', 'dataset_consumes_1_and_2', 'dataset_consumes_unknown_never_scheduled', 'dataset_consumes_1_never_scheduled', 'dataset_produces_1', 'consume_1_or_both_2_and_3_with_dataset_expressions', 'consume_1_and_2_with_dataset_expressions', 'conditional_dataset_and_time_based_timetable' retrieved from /usr/local/python/3.12.1/lib/python3.12/site-packages/airflow/example_dags/example_datasets.py
[2026-04-26T07:53:32.822+0000] {logging_mixin.py:188} INFO - [2026-04-26T07:53:32.822+0000] {dag.py:3096} INFO - Sync 10 DAGs
[2026-04-26T07:53:32.848+0000] {logging_mixin.py:188} INFO - [2026-04-26T07:53:32.847+0000] {dag.py:3954} INFO - Setting next_dagrun for conditional_dataset_and_time_based_timetable to 2026-04-22 01:00:00+00:00, run_after=2026-04-22 01:00:00+00:00
[2026-04-26T07:53:32.853+0000] {logging_mixin.py:188} INFO - [2026-04-26T07:53:32.852+0000] {dag.py:3954} INFO - Setting next_dagrun for consume_1_and_2_with_dataset_expressions to None, run_after=None
[2026-04-26T07:53:32.854+0000] {logging_mixin.py:188} INFO - [2026-04-26T07:53:32.854+0000] {dag.py:3954} INFO - Setting next_dagrun for consume_1_or_2_with_dataset_expressions to None, run_after=None
[2026-04-26T07:53:32.855+0000] {logging_mixin.py:188} INFO - [2026-04-26T07:53:32.855+0000] {dag.py:3954} INFO - Setting next_dagrun for consume_1_or_both_2_and_3_with_dataset_expressions to None, run_after=None
[2026-04-26T07:53:32.856+0000] {logging_mixin.py:188} INFO - [2026-04-26T07:53:32.856+0000] {dag.py:3954} INFO - Setting next_dagrun for dataset_consumes_1 to None, run_after=None
[2026-04-26T07:53:32.857+0000] {logging_mixin.py:188} INFO - [2026-04-26T07:53:32.857+0000] {dag.py:3954} INFO - Setting next_dagrun for dataset_consumes_1_and_2 to None, run_after=None
[2026-04-26T07:53:32.858+0000] {logging_mixin.py:188} INFO - [2026-04-26T07:53:32.858+0000] {dag.py:3954} INFO - Setting next_dagrun for dataset_consumes_1_never_scheduled to None, run_after=None
[2026-04-26T07:53:32.859+0000] {logging_mixin.py:188} INFO - [2026-04-26T07:53:32.859+0000] {dag.py:3954} INFO - Setting next_dagrun for dataset_consumes_unknown_never_scheduled to None, run_after=None
[2026-04-26T07:53:32.863+0000] {logging_mixin.py:188} INFO - [2026-04-26T07:53:32.862+0000] {dag.py:3954} INFO - Setting next_dagrun for dataset_produces_1 to 2026-04-25 00:00:00+00:00, run_after=2026-04-26 00:00:00+00:00
[2026-04-26T07:53:32.864+0000] {logging_mixin.py:188} INFO - [2026-04-26T07:53:32.863+0000] {dag.py:3954} INFO - Setting next_dagrun for dataset_produces_2 to None, run_after=None
[2026-04-26T07:53:32.924+0000] {processor.py:183} INFO - Processing /usr/local/python/3.12.1/lib/python3.12/site-packages/airflow/example_dags/example_datasets.py took 0.287 seconds
[2026-04-26T07:53:38.581+0000] {processor.py:161} INFO - Started process (PID=50579) to work on /usr/local/python/3.12.1/lib/python3.12/site-packages/airflow/example_dags/example_datasets.py
[2026-04-26T07:53:38.581+0000] {processor.py:830} INFO - Processing file /usr/local/python/3.12.1/lib/python3.12/site-packages/airflow/example_dags/example_datasets.py for tasks to queue
[2026-04-26T07:53:38.582+0000] {logging_mixin.py:188} INFO - [2026-04-26T07:53:38.582+0000] {dagbag.py:540} INFO - Filling up the DagBag from /usr/local/python/3.12.1/lib/python3.12/site-packages/airflow/example_dags/example_datasets.py
[2026-04-26T07:53:38.594+0000] {processor.py:840} INFO - DAG(s) 'dataset_produces_2', 'consume_1_or_both_2_and_3_with_dataset_expressions', 'consume_1_or_2_with_dataset_expressions', 'dataset_consumes_unknown_never_scheduled', 'dataset_consumes_1_and_2', 'conditional_dataset_and_time_based_timetable', 'consume_1_and_2_with_dataset_expressions', 'dataset_consumes_1_never_scheduled', 'dataset_produces_1', 'dataset_consumes_1' retrieved from /usr/local/python/3.12.1/lib/python3.12/site-packages/airflow/example_dags/example_datasets.py
[2026-04-26T07:53:38.623+0000] {logging_mixin.py:188} INFO - [2026-04-26T07:53:38.623+0000] {dag.py:3096} INFO - Sync 10 DAGs
[2026-04-26T07:53:38.645+0000] {logging_mixin.py:188} INFO - [2026-04-26T07:53:38.645+0000] {dag.py:3954} INFO - Setting next_dagrun for conditional_dataset_and_time_based_timetable to 2026-04-22 01:00:00+00:00, run_after=2026-04-22 01:00:00+00:00
[2026-04-26T07:53:38.649+0000] {logging_mixin.py:188} INFO - [2026-04-26T07:53:38.649+0000] {dag.py:3954} INFO - Setting next_dagrun for consume_1_and_2_with_dataset_expressions to None, run_after=None
[2026-04-26T07:53:38.650+0000] {logging_mixin.py:188} INFO - [2026-04-26T07:53:38.650+0000] {dag.py:3954} INFO - Setting next_dagrun for consume_1_or_2_with_dataset_expressions to None, run_after=None
[2026-04-26T07:53:38.651+0000] {logging_mixin.py:188} INFO - [2026-04-26T07:53:38.651+0000] {dag.py:3954} INFO - Setting next_dagrun for consume_1_or_both_2_and_3_with_dataset_expressions to None, run_after=None
[2026-04-26T07:53:38.652+0000] {logging_mixin.py:188} INFO - [2026-04-26T07:53:38.652+0000] {dag.py:3954} INFO - Setting next_dagrun for dataset_consumes_1 to None, run_after=None
[2026-04-26T07:53:38.653+0000] {logging_mixin.py:188} INFO - [2026-04-26T07:53:38.653+0000] {dag.py:3954} INFO - Setting next_dagrun for dataset_consumes_1_and_2 to None, run_after=None
[2026-04-26T07:53:38.654+0000] {logging_mixin.py:188} INFO - [2026-04-26T07:53:38.654+0000] {dag.py:3954} INFO - Setting next_dagrun for dataset_consumes_1_never_scheduled to None, run_after=None
[2026-04-26T07:53:38.655+0000] {logging_mixin.py:188} INFO - [2026-04-26T07:53:38.654+0000] {dag.py:3954} INFO - Setting next_dagrun for dataset_consumes_unknown_never_scheduled to None, run_after=None
[2026-04-26T07:53:38.657+0000] {logging_mixin.py:188} INFO - [2026-04-26T07:53:38.657+0000] {dag.py:3954} INFO - Setting next_dagrun for dataset_produces_1 to 2026-04-25 00:00:00+00:00, run_after=2026-04-26 00:00:00+00:00
[2026-04-26T07:53:38.658+0000] {logging_mixin.py:188} INFO - [2026-04-26T07:53:38.657+0000] {dag.py:3954} INFO - Setting next_dagrun for dataset_produces_2 to None, run_after=None
[2026-04-26T07:53:38.684+0000] {processor.py:183} INFO - Processing /usr/local/python/3.12.1/lib/python3.12/site-packages/airflow/example_dags/example_datasets.py took 0.108 seconds
[2026-04-26T07:53:41.402+0000] {processor.py:161} INFO - Started process (PID=50620) to work on /usr/local/python/3.12.1/lib/python3.12/site-packages/airflow/example_dags/example_datasets.py
[2026-04-26T07:53:41.403+0000] {processor.py:830} INFO - Processing file /usr/local/python/3.12.1/lib/python3.12/site-packages/airflow/example_dags/example_datasets.py for tasks to queue
[2026-04-26T07:53:41.404+0000] {logging_mixin.py:188} INFO - [2026-04-26T07:53:41.403+0000] {dagbag.py:540} INFO - Filling up the DagBag from /usr/local/python/3.12.1/lib/python3.12/site-packages/airflow/example_dags/example_datasets.py
[2026-04-26T07:53:41.421+0000] {processor.py:840} INFO - DAG(s) 'consume_1_and_2_with_dataset_expressions', 'conditional_dataset_and_time_based_timetable', 'dataset_produces_2', 'dataset_consumes_1_never_scheduled', 'dataset_consumes_1', 'dataset_consumes_unknown_never_scheduled', 'consume_1_or_2_with_dataset_expressions', 'dataset_consumes_1_and_2', 'dataset_produces_1', 'consume_1_or_both_2_and_3_with_dataset_expressions' retrieved from /usr/local/python/3.12.1/lib/python3.12/site-packages/airflow/example_dags/example_datasets.py
[2026-04-26T07:53:41.470+0000] {logging_mixin.py:188} INFO - [2026-04-26T07:53:41.470+0000] {dag.py:3096} INFO - Sync 10 DAGs
[2026-04-26T07:53:41.498+0000] {logging_mixin.py:188} INFO - [2026-04-26T07:53:41.498+0000] {dag.py:3954} INFO - Setting next_dagrun for conditional_dataset_and_time_based_timetable to 2026-04-22 01:00:00+00:00, run_after=2026-04-22 01:00:00+00:00
[2026-04-26T07:53:41.502+0000] {logging_mixin.py:188} INFO - [2026-04-26T07:53:41.502+0000] {dag.py:3954} INFO - Setting next_dagrun for consume_1_and_2_with_dataset_expressions to None, run_after=None
[2026-04-26T07:53:41.504+0000] {logging_mixin.py:188} INFO - [2026-04-26T07:53:41.503+0000] {dag.py:3954} INFO - Setting next_dagrun for consume_1_or_2_with_dataset_expressions to None, run_after=None
[2026-04-26T07:53:41.505+0000] {logging_mixin.py:188} INFO - [2026-04-26T07:53:41.504+0000] {dag.py:3954} INFO - Setting next_dagrun for consume_1_or_both_2_and_3_with_dataset_expressions to None, run_after=None
[2026-04-26T07:53:41.506+0000] {logging_mixin.py:188} INFO - [2026-04-26T07:53:41.506+0000] {dag.py:3954} INFO - Setting next_dagrun for dataset_consumes_1 to None, run_after=None
[2026-04-26T07:53:41.507+0000] {logging_mixin.py:188} INFO - [2026-04-26T07:53:41.507+0000] {dag.py:3954} INFO - Setting next_dagrun for dataset_consumes_1_and_2 to None, run_after=None
[2026-04-26T07:53:41.508+0000] {logging_mixin.py:188} INFO - [2026-04-26T07:53:41.508+0000] {dag.py:3954} INFO - Setting next_dagrun for dataset_consumes_1_never_scheduled to None, run_after=None
[2026-04-26T07:53:41.509+0000] {logging_mixin.py:188} INFO - [2026-04-26T07:53:41.509+0000] {dag.py:3954} INFO - Setting next_dagrun for dataset_consumes_unknown_never_scheduled to None, run_after=None
[2026-04-26T07:53:41.512+0000] {logging_mixin.py:188} INFO - [2026-04-26T07:53:41.512+0000] {dag.py:3954} INFO - Setting next_dagrun for dataset_produces_1 to 2026-04-25 00:00:00+00:00, run_after=2026-04-26 00:00:00+00:00
[2026-04-26T07:53:41.514+0000] {logging_mixin.py:188} INFO - [2026-04-26T07:53:41.513+0000] {dag.py:3954} INFO - Setting next_dagrun for dataset_produces_2 to None, run_after=None
[2026-04-26T07:53:41.572+0000] {processor.py:183} INFO - Processing /usr/local/python/3.12.1/lib/python3.12/site-packages/airflow/example_dags/example_datasets.py took 0.176 seconds
[2026-04-26T07:54:37.242+0000] {processor.py:161} INFO - Started process (PID=51235) to work on /usr/local/python/3.12.1/lib/python3.12/site-packages/airflow/example_dags/example_datasets.py
[2026-04-26T07:54:37.243+0000] {processor.py:830} INFO - Processing file /usr/local/python/3.12.1/lib/python3.12/site-packages/airflow/example_dags/example_datasets.py for tasks to queue
[2026-04-26T07:54:37.244+0000] {logging_mixin.py:188} INFO - [2026-04-26T07:54:37.244+0000] {dagbag.py:540} INFO - Filling up the DagBag from /usr/local/python/3.12.1/lib/python3.12/site-packages/airflow/example_dags/example_datasets.py
[2026-04-26T07:54:37.255+0000] {processor.py:840} INFO - DAG(s) 'dataset_produces_1', 'dataset_consumes_unknown_never_scheduled', 'conditional_dataset_and_time_based_timetable', 'dataset_consumes_1_never_scheduled', 'dataset_produces_2', 'consume_1_or_2_with_dataset_expressions', 'dataset_consumes_1_and_2', 'consume_1_or_both_2_and_3_with_dataset_expressions', 'dataset_consumes_1', 'consume_1_and_2_with_dataset_expressions' retrieved from /usr/local/python/3.12.1/lib/python3.12/site-packages/airflow/example_dags/example_datasets.py
[2026-04-26T07:54:37.289+0000] {logging_mixin.py:188} INFO - [2026-04-26T07:54:37.289+0000] {dag.py:3096} INFO - Sync 10 DAGs
[2026-04-26T07:54:37.307+0000] {logging_mixin.py:188} INFO - [2026-04-26T07:54:37.307+0000] {dag.py:3954} INFO - Setting next_dagrun for conditional_dataset_and_time_based_timetable to 2026-04-22 01:00:00+00:00, run_after=2026-04-22 01:00:00+00:00
[2026-04-26T07:54:37.310+0000] {logging_mixin.py:188} INFO - [2026-04-26T07:54:37.310+0000] {dag.py:3954} INFO - Setting next_dagrun for consume_1_and_2_with_dataset_expressions to None, run_after=None
[2026-04-26T07:54:37.311+0000] {logging_mixin.py:188} INFO - [2026-04-26T07:54:37.311+0000] {dag.py:3954} INFO - Setting next_dagrun for consume_1_or_2_with_dataset_expressions to None, run_after=None
[2026-04-26T07:54:37.312+0000] {logging_mixin.py:188} INFO - [2026-04-26T07:54:37.312+0000] {dag.py:3954} INFO - Setting next_dagrun for consume_1_or_both_2_and_3_with_dataset_expressions to None, run_after=None
[2026-04-26T07:54:37.313+0000] {logging_mixin.py:188} INFO - [2026-04-26T07:54:37.313+0000] {dag.py:3954} INFO - Setting next_dagrun for dataset_consumes_1 to None, run_after=None
[2026-04-26T07:54:37.314+0000] {logging_mixin.py:188} INFO - [2026-04-26T07:54:37.314+0000] {dag.py:3954} INFO - Setting next_dagrun for dataset_consumes_1_and_2 to None, run_after=None
[2026-04-26T07:54:37.316+0000] {logging_mixin.py:188} INFO - [2026-04-26T07:54:37.316+0000] {dag.py:3954} INFO - Setting next_dagrun for dataset_consumes_1_never_scheduled to None, run_after=None
[2026-04-26T07:54:37.318+0000] {logging_mixin.py:188} INFO - [2026-04-26T07:54:37.317+0000] {dag.py:3954} INFO - Setting next_dagrun for dataset_consumes_unknown_never_scheduled to None, run_after=None
[2026-04-26T07:54:37.320+0000] {logging_mixin.py:188} INFO - [2026-04-26T07:54:37.320+0000] {dag.py:3954} INFO - Setting next_dagrun for dataset_produces_1 to 2026-04-25 00:00:00+00:00, run_after=2026-04-26 00:00:00+00:00
[2026-04-26T07:54:37.321+0000] {logging_mixin.py:188} INFO - [2026-04-26T07:54:37.321+0000] {dag.py:3954} INFO - Setting next_dagrun for dataset_produces_2 to None, run_after=None
[2026-04-26T07:54:37.360+0000] {processor.py:183} INFO - Processing /usr/local/python/3.12.1/lib/python3.12/site-packages/airflow/example_dags/example_datasets.py took 0.122 seconds
[2026-04-26T07:54:43.070+0000] {processor.py:161} INFO - Started process (PID=51301) to work on /usr/local/python/3.12.1/lib/python3.12/site-packages/airflow/example_dags/example_datasets.py
[2026-04-26T07:54:43.071+0000] {processor.py:830} INFO - Processing file /usr/local/python/3.12.1/lib/python3.12/site-packages/airflow/example_dags/example_datasets.py for tasks to queue
[2026-04-26T07:54:43.072+0000] {logging_mixin.py:188} INFO - [2026-04-26T07:54:43.072+0000] {dagbag.py:540} INFO - Filling up the DagBag from /usr/local/python/3.12.1/lib/python3.12/site-packages/airflow/example_dags/example_datasets.py
[2026-04-26T07:54:43.085+0000] {processor.py:840} INFO - DAG(s) 'dataset_consumes_1_and_2', 'consume_1_or_2_with_dataset_expressions', 'dataset_produces_1', 'dataset_consumes_unknown_never_scheduled', 'dataset_consumes_1', 'dataset_produces_2', 'consume_1_or_both_2_and_3_with_dataset_expressions', 'conditional_dataset_and_time_based_timetable', 'dataset_consumes_1_never_scheduled', 'consume_1_and_2_with_dataset_expressions' retrieved from /usr/local/python/3.12.1/lib/python3.12/site-packages/airflow/example_dags/example_datasets.py
[2026-04-26T07:54:43.116+0000] {logging_mixin.py:188} INFO - [2026-04-26T07:54:43.116+0000] {dag.py:3096} INFO - Sync 10 DAGs
[2026-04-26T07:54:43.136+0000] {logging_mixin.py:188} INFO - [2026-04-26T07:54:43.135+0000] {dag.py:3954} INFO - Setting next_dagrun for conditional_dataset_and_time_based_timetable to 2026-04-22 01:00:00+00:00, run_after=2026-04-22 01:00:00+00:00
[2026-04-26T07:54:43.138+0000] {logging_mixin.py:188} INFO - [2026-04-26T07:54:43.138+0000] {dag.py:3954} INFO - Setting next_dagrun for consume_1_and_2_with_dataset_expressions to None, run_after=None
[2026-04-26T07:54:43.139+0000] {logging_mixin.py:188} INFO - [2026-04-26T07:54:43.139+0000] {dag.py:3954} INFO - Setting next_dagrun for consume_1_or_2_with_dataset_expressions to None, run_after=None
[2026-04-26T07:54:43.140+0000] {logging_mixin.py:188} INFO - [2026-04-26T07:54:43.140+0000] {dag.py:3954} INFO - Setting next_dagrun for consume_1_or_both_2_and_3_with_dataset_expressions to None, run_after=None
[2026-04-26T07:54:43.142+0000] {logging_mixin.py:188} INFO - [2026-04-26T07:54:43.142+0000] {dag.py:3954} INFO - Setting next_dagrun for dataset_consumes_1 to None, run_after=None
[2026-04-26T07:54:43.143+0000] {logging_mixin.py:188} INFO - [2026-04-26T07:54:43.143+0000] {dag.py:3954} INFO - Setting next_dagrun for dataset_consumes_1_and_2 to None, run_after=None
[2026-04-26T07:54:43.144+0000] {logging_mixin.py:188} INFO - [2026-04-26T07:54:43.144+0000] {dag.py:3954} INFO - Setting next_dagrun for dataset_consumes_1_never_scheduled to None, run_after=None
[2026-04-26T07:54:43.144+0000] {logging_mixin.py:188} INFO - [2026-04-26T07:54:43.144+0000] {dag.py:3954} INFO - Setting next_dagrun for dataset_consumes_unknown_never_scheduled to None, run_after=None
[2026-04-26T07:54:43.146+0000] {logging_mixin.py:188} INFO - [2026-04-26T07:54:43.146+0000] {dag.py:3954} INFO - Setting next_dagrun for dataset_produces_1 to 2026-04-25 00:00:00+00:00, run_after=2026-04-26 00:00:00+00:00
[2026-04-26T07:54:43.147+0000] {logging_mixin.py:188} INFO - [2026-04-26T07:54:43.147+0000] {dag.py:3954} INFO - Setting next_dagrun for dataset_produces_2 to None, run_after=None
[2026-04-26T07:54:43.173+0000] {processor.py:183} INFO - Processing /usr/local/python/3.12.1/lib/python3.12/site-packages/airflow/example_dags/example_datasets.py took 0.112 seconds
[2026-04-26T07:54:43.243+0000] {processor.py:161} INFO - Started process (PID=51302) to work on /usr/local/python/3.12.1/lib/python3.12/site-packages/airflow/example_dags/example_datasets.py
[2026-04-26T07:54:43.244+0000] {processor.py:830} INFO - Processing file /usr/local/python/3.12.1/lib/python3.12/site-packages/airflow/example_dags/example_datasets.py for tasks to queue
[2026-04-26T07:54:43.244+0000] {logging_mixin.py:188} INFO - [2026-04-26T07:54:43.244+0000] {dagbag.py:540} INFO - Filling up the DagBag from /usr/local/python/3.12.1/lib/python3.12/site-packages/airflow/example_dags/example_datasets.py
[2026-04-26T07:54:43.256+0000] {processor.py:840} INFO - DAG(s) 'dataset_produces_1', 'consume_1_or_2_with_dataset_expressions', 'dataset_consumes_1_never_scheduled', 'dataset_consumes_unknown_never_scheduled', 'dataset_consumes_1', 'consume_1_and_2_with_dataset_expressions', 'conditional_dataset_and_time_based_timetable', 'consume_1_or_both_2_and_3_with_dataset_expressions', 'dataset_produces_2', 'dataset_consumes_1_and_2' retrieved from /usr/local/python/3.12.1/lib/python3.12/site-packages/airflow/example_dags/example_datasets.py
[2026-04-26T07:54:43.296+0000] {logging_mixin.py:188} INFO - [2026-04-26T07:54:43.296+0000] {dag.py:3096} INFO - Sync 10 DAGs
[2026-04-26T07:54:43.319+0000] {logging_mixin.py:188} INFO - [2026-04-26T07:54:43.318+0000] {dag.py:3954} INFO - Setting next_dagrun for conditional_dataset_and_time_based_timetable to 2026-04-22 01:00:00+00:00, run_after=2026-04-22 01:00:00+00:00
[2026-04-26T07:54:43.321+0000] {logging_mixin.py:188} INFO - [2026-04-26T07:54:43.321+0000] {dag.py:3954} INFO - Setting next_dagrun for consume_1_and_2_with_dataset_expressions to None, run_after=None
[2026-04-26T07:54:43.322+0000] {logging_mixin.py:188} INFO - [2026-04-26T07:54:43.322+0000] {dag.py:3954} INFO - Setting next_dagrun for consume_1_or_2_with_dataset_expressions to None, run_after=None
[2026-04-26T07:54:43.323+0000] {logging_mixin.py:188} INFO - [2026-04-26T07:54:43.323+0000] {dag.py:3954} INFO - Setting next_dagrun for consume_1_or_both_2_and_3_with_dataset_expressions to None, run_after=None
[2026-04-26T07:54:43.324+0000] {logging_mixin.py:188} INFO - [2026-04-26T07:54:43.324+0000] {dag.py:3954} INFO - Setting next_dagrun for dataset_consumes_1 to None, run_after=None
[2026-04-26T07:54:43.324+0000] {logging_mixin.py:188} INFO - [2026-04-26T07:54:43.324+0000] {dag.py:3954} INFO - Setting next_dagrun for dataset_consumes_1_and_2 to None, run_after=None
[2026-04-26T07:54:43.325+0000] {logging_mixin.py:188} INFO - [2026-04-26T07:54:43.325+0000] {dag.py:3954} INFO - Setting next_dagrun for dataset_consumes_1_never_scheduled to None, run_after=None
[2026-04-26T07:54:43.326+0000] {logging_mixin.py:188} INFO - [2026-04-26T07:54:43.326+0000] {dag.py:3954} INFO - Setting next_dagrun for dataset_consumes_unknown_never_scheduled to None, run_after=None
[2026-04-26T07:54:43.328+0000] {logging_mixin.py:188} INFO - [2026-04-26T07:54:43.328+0000] {dag.py:3954} INFO - Setting next_dagrun for dataset_produces_1 to 2026-04-25 00:00:00+00:00, run_after=2026-04-26 00:00:00+00:00
[2026-04-26T07:54:43.331+0000] {logging_mixin.py:188} INFO - [2026-04-26T07:54:43.331+0000] {dag.py:3954} INFO - Setting next_dagrun for dataset_produces_2 to None, run_after=None
[2026-04-26T07:54:43.358+0000] {processor.py:183} INFO - Processing /usr/local/python/3.12.1/lib/python3.12/site-packages/airflow/example_dags/example_datasets.py took 0.121 seconds
[2026-04-26T07:55:33.836+0000] {processor.py:161} INFO - Started process (PID=52291) to work on /usr/local/python/3.12.1/lib/python3.12/site-packages/airflow/example_dags/example_datasets.py
[2026-04-26T07:55:33.837+0000] {processor.py:830} INFO - Processing file /usr/local/python/3.12.1/lib/python3.12/site-packages/airflow/example_dags/example_datasets.py for tasks to queue
[2026-04-26T07:55:33.837+0000] {logging_mixin.py:188} INFO - [2026-04-26T07:55:33.837+0000] {dagbag.py:540} INFO - Filling up the DagBag from /usr/local/python/3.12.1/lib/python3.12/site-packages/airflow/example_dags/example_datasets.py
[2026-04-26T07:55:33.849+0000] {processor.py:840} INFO - DAG(s) 'dataset_consumes_1', 'dataset_consumes_unknown_never_scheduled', 'consume_1_or_2_with_dataset_expressions', 'dataset_produces_2', 'dataset_produces_1', 'consume_1_and_2_with_dataset_expressions', 'conditional_dataset_and_time_based_timetable', 'consume_1_or_both_2_and_3_with_dataset_expressions', 'dataset_consumes_1_never_scheduled', 'dataset_consumes_1_and_2' retrieved from /usr/local/python/3.12.1/lib/python3.12/site-packages/airflow/example_dags/example_datasets.py
[2026-04-26T07:55:33.883+0000] {logging_mixin.py:188} INFO - [2026-04-26T07:55:33.883+0000] {dag.py:3096} INFO - Sync 10 DAGs
[2026-04-26T07:55:33.901+0000] {logging_mixin.py:188} INFO - [2026-04-26T07:55:33.901+0000] {dag.py:3954} INFO - Setting next_dagrun for conditional_dataset_and_time_based_timetable to 2026-04-22 01:00:00+00:00, run_after=2026-04-22 01:00:00+00:00
[2026-04-26T07:55:33.905+0000] {logging_mixin.py:188} INFO - [2026-04-26T07:55:33.905+0000] {dag.py:3954} INFO - Setting next_dagrun for consume_1_and_2_with_dataset_expressions to None, run_after=None
[2026-04-26T07:55:33.906+0000] {logging_mixin.py:188} INFO - [2026-04-26T07:55:33.906+0000] {dag.py:3954} INFO - Setting next_dagrun for consume_1_or_2_with_dataset_expressions to None, run_after=None
[2026-04-26T07:55:33.907+0000] {logging_mixin.py:188} INFO - [2026-04-26T07:55:33.907+0000] {dag.py:3954} INFO - Setting next_dagrun for consume_1_or_both_2_and_3_with_dataset_expressions to None, run_after=None
[2026-04-26T07:55:33.908+0000] {logging_mixin.py:188} INFO - [2026-04-26T07:55:33.908+0000] {dag.py:3954} INFO - Setting next_dagrun for dataset_consumes_1 to None, run_after=None
[2026-04-26T07:55:33.909+0000] {logging_mixin.py:188} INFO - [2026-04-26T07:55:33.909+0000] {dag.py:3954} INFO - Setting next_dagrun for dataset_consumes_1_and_2 to None, run_after=None
[2026-04-26T07:55:33.910+0000] {logging_mixin.py:188} INFO - [2026-04-26T07:55:33.910+0000] {dag.py:3954} INFO - Setting next_dagrun for dataset_consumes_1_never_scheduled to None, run_after=None
[2026-04-26T07:55:33.911+0000] {logging_mixin.py:188} INFO - [2026-04-26T07:55:33.911+0000] {dag.py:3954} INFO - Setting next_dagrun for dataset_consumes_unknown_never_scheduled to None, run_after=None
[2026-04-26T07:55:33.913+0000] {logging_mixin.py:188} INFO - [2026-04-26T07:55:33.913+0000] {dag.py:3954} INFO - Setting next_dagrun for dataset_produces_1 to 2026-04-25 00:00:00+00:00, run_after=2026-04-26 00:00:00+00:00
[2026-04-26T07:55:33.914+0000] {logging_mixin.py:188} INFO - [2026-04-26T07:55:33.914+0000] {dag.py:3954} INFO - Setting next_dagrun for dataset_produces_2 to None, run_after=None
[2026-04-26T07:55:33.950+0000] {processor.py:183} INFO - Processing /usr/local/python/3.12.1/lib/python3.12/site-packages/airflow/example_dags/example_datasets.py took 0.119 seconds
[2026-04-26T07:55:43.734+0000] {processor.py:161} INFO - Started process (PID=52424) to work on /usr/local/python/3.12.1/lib/python3.12/site-packages/airflow/example_dags/example_datasets.py
[2026-04-26T07:55:43.735+0000] {processor.py:830} INFO - Processing file /usr/local/python/3.12.1/lib/python3.12/site-packages/airflow/example_dags/example_datasets.py for tasks to queue
[2026-04-26T07:55:43.736+0000] {logging_mixin.py:188} INFO - [2026-04-26T07:55:43.735+0000] {dagbag.py:540} INFO - Filling up the DagBag from /usr/local/python/3.12.1/lib/python3.12/site-packages/airflow/example_dags/example_datasets.py
[2026-04-26T07:55:43.747+0000] {processor.py:840} INFO - DAG(s) 'consume_1_or_2_with_dataset_expressions', 'dataset_consumes_unknown_never_scheduled', 'dataset_consumes_1_and_2', 'dataset_consumes_1', 'dataset_consumes_1_never_scheduled', 'consume_1_and_2_with_dataset_expressions', 'conditional_dataset_and_time_based_timetable', 'dataset_produces_2', 'dataset_produces_1', 'consume_1_or_both_2_and_3_with_dataset_expressions' retrieved from /usr/local/python/3.12.1/lib/python3.12/site-packages/airflow/example_dags/example_datasets.py
[2026-04-26T07:55:43.780+0000] {logging_mixin.py:188} INFO - [2026-04-26T07:55:43.780+0000] {dag.py:3096} INFO - Sync 10 DAGs
[2026-04-26T07:55:43.799+0000] {logging_mixin.py:188} INFO - [2026-04-26T07:55:43.799+0000] {dag.py:3954} INFO - Setting next_dagrun for conditional_dataset_and_time_based_timetable to 2026-04-22 01:00:00+00:00, run_after=2026-04-22 01:00:00+00:00
[2026-04-26T07:55:43.802+0000] {logging_mixin.py:188} INFO - [2026-04-26T07:55:43.802+0000] {dag.py:3954} INFO - Setting next_dagrun for consume_1_and_2_with_dataset_expressions to None, run_after=None
[2026-04-26T07:55:43.803+0000] {logging_mixin.py:188} INFO - [2026-04-26T07:55:43.803+0000] {dag.py:3954} INFO - Setting next_dagrun for consume_1_or_2_with_dataset_expressions to None, run_after=None
[2026-04-26T07:55:43.804+0000] {logging_mixin.py:188} INFO - [2026-04-26T07:55:43.803+0000] {dag.py:3954} INFO - Setting next_dagrun for consume_1_or_both_2_and_3_with_dataset_expressions to None, run_after=None
[2026-04-26T07:55:43.804+0000] {logging_mixin.py:188} INFO - [2026-04-26T07:55:43.804+0000] {dag.py:3954} INFO - Setting next_dagrun for dataset_consumes_1 to None, run_after=None
[2026-04-26T07:55:43.805+0000] {logging_mixin.py:188} INFO - [2026-04-26T07:55:43.805+0000] {dag.py:3954} INFO - Setting next_dagrun for dataset_consumes_1_and_2 to None, run_after=None
[2026-04-26T07:55:43.806+0000] {logging_mixin.py:188} INFO - [2026-04-26T07:55:43.806+0000] {dag.py:3954} INFO - Setting next_dagrun for dataset_consumes_1_never_scheduled to None, run_after=None
[2026-04-26T07:55:43.807+0000] {logging_mixin.py:188} INFO - [2026-04-26T07:55:43.807+0000] {dag.py:3954} INFO - Setting next_dagrun for dataset_consumes_unknown_never_scheduled to None, run_after=None
[2026-04-26T07:55:43.808+0000] {logging_mixin.py:188} INFO - [2026-04-26T07:55:43.808+0000] {dag.py:3954} INFO - Setting next_dagrun for dataset_produces_1 to 2026-04-25 00:00:00+00:00, run_after=2026-04-26 00:00:00+00:00
[2026-04-26T07:55:43.809+0000] {logging_mixin.py:188} INFO - [2026-04-26T07:55:43.809+0000] {dag.py:3954} INFO - Setting next_dagrun for dataset_produces_2 to None, run_after=None
[2026-04-26T07:55:43.839+0000] {processor.py:183} INFO - Processing /usr/local/python/3.12.1/lib/python3.12/site-packages/airflow/example_dags/example_datasets.py took 0.109 seconds
[2026-04-26T07:55:45.747+0000] {processor.py:161} INFO - Started process (PID=52438) to work on /usr/local/python/3.12.1/lib/python3.12/site-packages/airflow/example_dags/example_datasets.py
[2026-04-26T07:55:45.748+0000] {processor.py:830} INFO - Processing file /usr/local/python/3.12.1/lib/python3.12/site-packages/airflow/example_dags/example_datasets.py for tasks to queue
[2026-04-26T07:55:45.749+0000] {logging_mixin.py:188} INFO - [2026-04-26T07:55:45.748+0000] {dagbag.py:540} INFO - Filling up the DagBag from /usr/local/python/3.12.1/lib/python3.12/site-packages/airflow/example_dags/example_datasets.py
[2026-04-26T07:55:45.762+0000] {processor.py:840} INFO - DAG(s) 'consume_1_or_both_2_and_3_with_dataset_expressions', 'dataset_consumes_unknown_never_scheduled', 'dataset_consumes_1_never_scheduled', 'consume_1_or_2_with_dataset_expressions', 'dataset_produces_1', 'dataset_consumes_1', 'consume_1_and_2_with_dataset_expressions', 'conditional_dataset_and_time_based_timetable', 'dataset_consumes_1_and_2', 'dataset_produces_2' retrieved from /usr/local/python/3.12.1/lib/python3.12/site-packages/airflow/example_dags/example_datasets.py
[2026-04-26T07:55:45.795+0000] {logging_mixin.py:188} INFO - [2026-04-26T07:55:45.794+0000] {dag.py:3096} INFO - Sync 10 DAGs
[2026-04-26T07:55:45.814+0000] {logging_mixin.py:188} INFO - [2026-04-26T07:55:45.814+0000] {dag.py:3954} INFO - Setting next_dagrun for conditional_dataset_and_time_based_timetable to 2026-04-22 01:00:00+00:00, run_after=2026-04-22 01:00:00+00:00
[2026-04-26T07:55:45.817+0000] {logging_mixin.py:188} INFO - [2026-04-26T07:55:45.817+0000] {dag.py:3954} INFO - Setting next_dagrun for consume_1_and_2_with_dataset_expressions to None, run_after=None
[2026-04-26T07:55:45.818+0000] {logging_mixin.py:188} INFO - [2026-04-26T07:55:45.818+0000] {dag.py:3954} INFO - Setting next_dagrun for consume_1_or_2_with_dataset_expressions to None, run_after=None
[2026-04-26T07:55:45.819+0000] {logging_mixin.py:188} INFO - [2026-04-26T07:55:45.819+0000] {dag.py:3954} INFO - Setting next_dagrun for consume_1_or_both_2_and_3_with_dataset_expressions to None, run_after=None
[2026-04-26T07:55:45.820+0000] {logging_mixin.py:188} INFO - [2026-04-26T07:55:45.819+0000] {dag.py:3954} INFO - Setting next_dagrun for dataset_consumes_1 to None, run_after=None
[2026-04-26T07:55:45.820+0000] {logging_mixin.py:188} INFO - [2026-04-26T07:55:45.820+0000] {dag.py:3954} INFO - Setting next_dagrun for dataset_consumes_1_and_2 to None, run_after=None
[2026-04-26T07:55:45.821+0000] {logging_mixin.py:188} INFO - [2026-04-26T07:55:45.821+0000] {dag.py:3954} INFO - Setting next_dagrun for dataset_consumes_1_never_scheduled to None, run_after=None
[2026-04-26T07:55:45.822+0000] {logging_mixin.py:188} INFO - [2026-04-26T07:55:45.822+0000] {dag.py:3954} INFO - Setting next_dagrun for dataset_consumes_unknown_never_scheduled to None, run_after=None
[2026-04-26T07:55:45.824+0000] {logging_mixin.py:188} INFO - [2026-04-26T07:55:45.823+0000] {dag.py:3954} INFO - Setting next_dagrun for dataset_produces_1 to 2026-04-25 00:00:00+00:00, run_after=2026-04-26 00:00:00+00:00
[2026-04-26T07:55:45.824+0000] {logging_mixin.py:188} INFO - [2026-04-26T07:55:45.824+0000] {dag.py:3954} INFO - Setting next_dagrun for dataset_produces_2 to None, run_after=None
[2026-04-26T07:55:45.849+0000] {processor.py:183} INFO - Processing /usr/local/python/3.12.1/lib/python3.12/site-packages/airflow/example_dags/example_datasets.py took 0.106 seconds
[2026-04-26T07:56:34.980+0000] {processor.py:161} INFO - Started process (PID=53335) to work on /usr/local/python/3.12.1/lib/python3.12/site-packages/airflow/example_dags/example_datasets.py
[2026-04-26T07:56:34.982+0000] {processor.py:830} INFO - Processing file /usr/local/python/3.12.1/lib/python3.12/site-packages/airflow/example_dags/example_datasets.py for tasks to queue
[2026-04-26T07:56:34.983+0000] {logging_mixin.py:188} INFO - [2026-04-26T07:56:34.982+0000] {dagbag.py:540} INFO - Filling up the DagBag from /usr/local/python/3.12.1/lib/python3.12/site-packages/airflow/example_dags/example_datasets.py
[2026-04-26T07:56:35.019+0000] {processor.py:840} INFO - DAG(s) 'consume_1_or_2_with_dataset_expressions', 'consume_1_or_both_2_and_3_with_dataset_expressions', 'dataset_consumes_1_never_scheduled', 'conditional_dataset_and_time_based_timetable', 'dataset_consumes_1', 'dataset_consumes_unknown_never_scheduled', 'consume_1_and_2_with_dataset_expressions', 'dataset_consumes_1_and_2', 'dataset_produces_1', 'dataset_produces_2' retrieved from /usr/local/python/3.12.1/lib/python3.12/site-packages/airflow/example_dags/example_datasets.py
[2026-04-26T07:56:35.068+0000] {logging_mixin.py:188} INFO - [2026-04-26T07:56:35.068+0000] {dag.py:3096} INFO - Sync 10 DAGs
[2026-04-26T07:56:35.096+0000] {logging_mixin.py:188} INFO - [2026-04-26T07:56:35.096+0000] {dag.py:3954} INFO - Setting next_dagrun for conditional_dataset_and_time_based_timetable to 2026-04-22 01:00:00+00:00, run_after=2026-04-22 01:00:00+00:00
[2026-04-26T07:56:35.100+0000] {logging_mixin.py:188} INFO - [2026-04-26T07:56:35.100+0000] {dag.py:3954} INFO - Setting next_dagrun for consume_1_and_2_with_dataset_expressions to None, run_after=None
[2026-04-26T07:56:35.101+0000] {logging_mixin.py:188} INFO - [2026-04-26T07:56:35.101+0000] {dag.py:3954} INFO - Setting next_dagrun for consume_1_or_2_with_dataset_expressions to None, run_after=None
[2026-04-26T07:56:35.102+0000] {logging_mixin.py:188} INFO - [2026-04-26T07:56:35.102+0000] {dag.py:3954} INFO - Setting next_dagrun for consume_1_or_both_2_and_3_with_dataset_expressions to None, run_after=None
[2026-04-26T07:56:35.103+0000] {logging_mixin.py:188} INFO - [2026-04-26T07:56:35.103+0000] {dag.py:3954} INFO - Setting next_dagrun for dataset_consumes_1 to None, run_after=None
[2026-04-26T07:56:35.105+0000] {logging_mixin.py:188} INFO - [2026-04-26T07:56:35.104+0000] {dag.py:3954} INFO - Setting next_dagrun for dataset_consumes_1_and_2 to None, run_after=None
[2026-04-26T07:56:35.106+0000] {logging_mixin.py:188} INFO - [2026-04-26T07:56:35.105+0000] {dag.py:3954} INFO - Setting next_dagrun for dataset_consumes_1_never_scheduled to None, run_after=None
[2026-04-26T07:56:35.107+0000] {logging_mixin.py:188} INFO - [2026-04-26T07:56:35.106+0000] {dag.py:3954} INFO - Setting next_dagrun for dataset_consumes_unknown_never_scheduled to None, run_after=None
[2026-04-26T07:56:35.109+0000] {logging_mixin.py:188} INFO - [2026-04-26T07:56:35.109+0000] {dag.py:3954} INFO - Setting next_dagrun for dataset_produces_1 to 2026-04-25 00:00:00+00:00, run_after=2026-04-26 00:00:00+00:00
[2026-04-26T07:56:35.110+0000] {logging_mixin.py:188} INFO - [2026-04-26T07:56:35.110+0000] {dag.py:3954} INFO - Setting next_dagrun for dataset_produces_2 to None, run_after=None
[2026-04-26T07:56:35.153+0000] {processor.py:183} INFO - Processing /usr/local/python/3.12.1/lib/python3.12/site-packages/airflow/example_dags/example_datasets.py took 0.179 seconds
[2026-04-26T07:56:49.912+0000] {processor.py:161} INFO - Started process (PID=53626) to work on /usr/local/python/3.12.1/lib/python3.12/site-packages/airflow/example_dags/example_datasets.py
[2026-04-26T07:56:49.913+0000] {processor.py:830} INFO - Processing file /usr/local/python/3.12.1/lib/python3.12/site-packages/airflow/example_dags/example_datasets.py for tasks to queue
[2026-04-26T07:56:49.914+0000] {logging_mixin.py:188} INFO - [2026-04-26T07:56:49.914+0000] {dagbag.py:540} INFO - Filling up the DagBag from /usr/local/python/3.12.1/lib/python3.12/site-packages/airflow/example_dags/example_datasets.py
[2026-04-26T07:56:49.929+0000] {processor.py:840} INFO - DAG(s) 'dataset_consumes_unknown_never_scheduled', 'consume_1_or_both_2_and_3_with_dataset_expressions', 'consume_1_or_2_with_dataset_expressions', 'dataset_consumes_1_and_2', 'dataset_produces_1', 'conditional_dataset_and_time_based_timetable', 'dataset_consumes_1', 'dataset_consumes_1_never_scheduled', 'consume_1_and_2_with_dataset_expressions', 'dataset_produces_2' retrieved from /usr/local/python/3.12.1/lib/python3.12/site-packages/airflow/example_dags/example_datasets.py
[2026-04-26T07:56:50.166+0000] {logging_mixin.py:188} INFO - [2026-04-26T07:56:50.165+0000] {dag.py:3096} INFO - Sync 10 DAGs
[2026-04-26T07:56:50.191+0000] {logging_mixin.py:188} INFO - [2026-04-26T07:56:50.190+0000] {dag.py:3954} INFO - Setting next_dagrun for conditional_dataset_and_time_based_timetable to 2026-04-22 01:00:00+00:00, run_after=2026-04-22 01:00:00+00:00
[2026-04-26T07:56:50.193+0000] {logging_mixin.py:188} INFO - [2026-04-26T07:56:50.193+0000] {dag.py:3954} INFO - Setting next_dagrun for consume_1_and_2_with_dataset_expressions to None, run_after=None
[2026-04-26T07:56:50.195+0000] {logging_mixin.py:188} INFO - [2026-04-26T07:56:50.194+0000] {dag.py:3954} INFO - Setting next_dagrun for consume_1_or_2_with_dataset_expressions to None, run_after=None
[2026-04-26T07:56:50.195+0000] {logging_mixin.py:188} INFO - [2026-04-26T07:56:50.195+0000] {dag.py:3954} INFO - Setting next_dagrun for consume_1_or_both_2_and_3_with_dataset_expressions to None, run_after=None
[2026-04-26T07:56:50.196+0000] {logging_mixin.py:188} INFO - [2026-04-26T07:56:50.196+0000] {dag.py:3954} INFO - Setting next_dagrun for dataset_consumes_1 to None, run_after=None
[2026-04-26T07:56:50.197+0000] {logging_mixin.py:188} INFO - [2026-04-26T07:56:50.197+0000] {dag.py:3954} INFO - Setting next_dagrun for dataset_consumes_1_and_2 to None, run_after=None
[2026-04-26T07:56:50.198+0000] {logging_mixin.py:188} INFO - [2026-04-26T07:56:50.198+0000] {dag.py:3954} INFO - Setting next_dagrun for dataset_consumes_1_never_scheduled to None, run_after=None
[2026-04-26T07:56:50.198+0000] {logging_mixin.py:188} INFO - [2026-04-26T07:56:50.198+0000] {dag.py:3954} INFO - Setting next_dagrun for dataset_consumes_unknown_never_scheduled to None, run_after=None
[2026-04-26T07:56:50.200+0000] {logging_mixin.py:188} INFO - [2026-04-26T07:56:50.200+0000] {dag.py:3954} INFO - Setting next_dagrun for dataset_produces_1 to 2026-04-25 00:00:00+00:00, run_after=2026-04-26 00:00:00+00:00
[2026-04-26T07:56:50.201+0000] {logging_mixin.py:188} INFO - [2026-04-26T07:56:50.201+0000] {dag.py:3954} INFO - Setting next_dagrun for dataset_produces_2 to None, run_after=None
[2026-04-26T07:56:50.226+0000] {processor.py:183} INFO - Processing /usr/local/python/3.12.1/lib/python3.12/site-packages/airflow/example_dags/example_datasets.py took 0.320 seconds
[2026-04-26T07:56:56.315+0000] {processor.py:161} INFO - Started process (PID=53685) to work on /usr/local/python/3.12.1/lib/python3.12/site-packages/airflow/example_dags/example_datasets.py
[2026-04-26T07:56:56.315+0000] {processor.py:830} INFO - Processing file /usr/local/python/3.12.1/lib/python3.12/site-packages/airflow/example_dags/example_datasets.py for tasks to queue
[2026-04-26T07:56:56.316+0000] {logging_mixin.py:188} INFO - [2026-04-26T07:56:56.316+0000] {dagbag.py:540} INFO - Filling up the DagBag from /usr/local/python/3.12.1/lib/python3.12/site-packages/airflow/example_dags/example_datasets.py
[2026-04-26T07:56:56.328+0000] {processor.py:840} INFO - DAG(s) 'dataset_consumes_1_and_2', 'dataset_produces_1', 'consume_1_and_2_with_dataset_expressions', 'consume_1_or_2_with_dataset_expressions', 'dataset_consumes_unknown_never_scheduled', 'dataset_produces_2', 'dataset_consumes_1', 'conditional_dataset_and_time_based_timetable', 'dataset_consumes_1_never_scheduled', 'consume_1_or_both_2_and_3_with_dataset_expressions' retrieved from /usr/local/python/3.12.1/lib/python3.12/site-packages/airflow/example_dags/example_datasets.py
[2026-04-26T07:56:56.336+0000] {logging_mixin.py:188} INFO - [2026-04-26T07:56:56.336+0000] {dag.py:3096} INFO - Sync 10 DAGs
[2026-04-26T07:56:56.354+0000] {logging_mixin.py:188} INFO - [2026-04-26T07:56:56.354+0000] {dag.py:3954} INFO - Setting next_dagrun for conditional_dataset_and_time_based_timetable to 2026-04-22 01:00:00+00:00, run_after=2026-04-22 01:00:00+00:00
[2026-04-26T07:56:56.357+0000] {logging_mixin.py:188} INFO - [2026-04-26T07:56:56.357+0000] {dag.py:3954} INFO - Setting next_dagrun for consume_1_and_2_with_dataset_expressions to None, run_after=None
[2026-04-26T07:56:56.358+0000] {logging_mixin.py:188} INFO - [2026-04-26T07:56:56.358+0000] {dag.py:3954} INFO - Setting next_dagrun for consume_1_or_2_with_dataset_expressions to None, run_after=None
[2026-04-26T07:56:56.359+0000] {logging_mixin.py:188} INFO - [2026-04-26T07:56:56.359+0000] {dag.py:3954} INFO - Setting next_dagrun for consume_1_or_both_2_and_3_with_dataset_expressions to None, run_after=None
[2026-04-26T07:56:56.360+0000] {logging_mixin.py:188} INFO - [2026-04-26T07:56:56.360+0000] {dag.py:3954} INFO - Setting next_dagrun for dataset_consumes_1 to None, run_after=None
[2026-04-26T07:56:56.361+0000] {logging_mixin.py:188} INFO - [2026-04-26T07:56:56.361+0000] {dag.py:3954} INFO - Setting next_dagrun for dataset_consumes_1_and_2 to None, run_after=None
[2026-04-26T07:56:56.362+0000] {logging_mixin.py:188} INFO - [2026-04-26T07:56:56.362+0000] {dag.py:3954} INFO - Setting next_dagrun for dataset_consumes_1_never_scheduled to None, run_after=None
[2026-04-26T07:56:56.363+0000] {logging_mixin.py:188} INFO - [2026-04-26T07:56:56.362+0000] {dag.py:3954} INFO - Setting next_dagrun for dataset_consumes_unknown_never_scheduled to None, run_after=None
[2026-04-26T07:56:56.365+0000] {logging_mixin.py:188} INFO - [2026-04-26T07:56:56.365+0000] {dag.py:3954} INFO - Setting next_dagrun for dataset_produces_1 to 2026-04-25 00:00:00+00:00, run_after=2026-04-26 00:00:00+00:00
[2026-04-26T07:56:56.366+0000] {logging_mixin.py:188} INFO - [2026-04-26T07:56:56.365+0000] {dag.py:3954} INFO - Setting next_dagrun for dataset_produces_2 to None, run_after=None
[2026-04-26T07:56:56.396+0000] {processor.py:183} INFO - Processing /usr/local/python/3.12.1/lib/python3.12/site-packages/airflow/example_dags/example_datasets.py took 0.085 seconds
[2026-04-26T07:57:39.506+0000] {processor.py:161} INFO - Started process (PID=54118) to work on /usr/local/python/3.12.1/lib/python3.12/site-packages/airflow/example_dags/example_datasets.py
[2026-04-26T07:57:39.507+0000] {processor.py:830} INFO - Processing file /usr/local/python/3.12.1/lib/python3.12/site-packages/airflow/example_dags/example_datasets.py for tasks to queue
[2026-04-26T07:57:39.512+0000] {logging_mixin.py:188} INFO - [2026-04-26T07:57:39.508+0000] {dagbag.py:540} INFO - Filling up the DagBag from /usr/local/python/3.12.1/lib/python3.12/site-packages/airflow/example_dags/example_datasets.py
[2026-04-26T07:57:39.527+0000] {processor.py:840} INFO - DAG(s) 'consume_1_or_2_with_dataset_expressions', 'dataset_produces_1', 'dataset_consumes_1_and_2', 'consume_1_or_both_2_and_3_with_dataset_expressions', 'dataset_produces_2', 'dataset_consumes_unknown_never_scheduled', 'dataset_consumes_1_never_scheduled', 'consume_1_and_2_with_dataset_expressions', 'dataset_consumes_1', 'conditional_dataset_and_time_based_timetable' retrieved from /usr/local/python/3.12.1/lib/python3.12/site-packages/airflow/example_dags/example_datasets.py
[2026-04-26T07:57:39.558+0000] {logging_mixin.py:188} INFO - [2026-04-26T07:57:39.558+0000] {dag.py:3096} INFO - Sync 10 DAGs
[2026-04-26T07:57:39.580+0000] {logging_mixin.py:188} INFO - [2026-04-26T07:57:39.580+0000] {dag.py:3954} INFO - Setting next_dagrun for conditional_dataset_and_time_based_timetable to 2026-04-22 01:00:00+00:00, run_after=2026-04-22 01:00:00+00:00
[2026-04-26T07:57:39.583+0000] {logging_mixin.py:188} INFO - [2026-04-26T07:57:39.583+0000] {dag.py:3954} INFO - Setting next_dagrun for consume_1_and_2_with_dataset_expressions to None, run_after=None
[2026-04-26T07:57:39.584+0000] {logging_mixin.py:188} INFO - [2026-04-26T07:57:39.583+0000] {dag.py:3954} INFO - Setting next_dagrun for consume_1_or_2_with_dataset_expressions to None, run_after=None
[2026-04-26T07:57:39.584+0000] {logging_mixin.py:188} INFO - [2026-04-26T07:57:39.584+0000] {dag.py:3954} INFO - Setting next_dagrun for consume_1_or_both_2_and_3_with_dataset_expressions to None, run_after=None
[2026-04-26T07:57:39.585+0000] {logging_mixin.py:188} INFO - [2026-04-26T07:57:39.585+0000] {dag.py:3954} INFO - Setting next_dagrun for dataset_consumes_1 to None, run_after=None
[2026-04-26T07:57:39.586+0000] {logging_mixin.py:188} INFO - [2026-04-26T07:57:39.586+0000] {dag.py:3954} INFO - Setting next_dagrun for dataset_consumes_1_and_2 to None, run_after=None
[2026-04-26T07:57:39.587+0000] {logging_mixin.py:188} INFO - [2026-04-26T07:57:39.586+0000] {dag.py:3954} INFO - Setting next_dagrun for dataset_consumes_1_never_scheduled to None, run_after=None
[2026-04-26T07:57:39.587+0000] {logging_mixin.py:188} INFO - [2026-04-26T07:57:39.587+0000] {dag.py:3954} INFO - Setting next_dagrun for dataset_consumes_unknown_never_scheduled to None, run_after=None
[2026-04-26T07:57:39.589+0000] {logging_mixin.py:188} INFO - [2026-04-26T07:57:39.589+0000] {dag.py:3954} INFO - Setting next_dagrun for dataset_produces_1 to 2026-04-25 00:00:00+00:00, run_after=2026-04-26 00:00:00+00:00
[2026-04-26T07:57:39.590+0000] {logging_mixin.py:188} INFO - [2026-04-26T07:57:39.590+0000] {dag.py:3954} INFO - Setting next_dagrun for dataset_produces_2 to None, run_after=None
[2026-04-26T07:57:39.612+0000] {processor.py:183} INFO - Processing /usr/local/python/3.12.1/lib/python3.12/site-packages/airflow/example_dags/example_datasets.py took 0.113 seconds
[2026-04-26T07:57:42.920+0000] {processor.py:161} INFO - Started process (PID=54189) to work on /usr/local/python/3.12.1/lib/python3.12/site-packages/airflow/example_dags/example_datasets.py
[2026-04-26T07:57:42.921+0000] {processor.py:830} INFO - Processing file /usr/local/python/3.12.1/lib/python3.12/site-packages/airflow/example_dags/example_datasets.py for tasks to queue
[2026-04-26T07:57:42.922+0000] {logging_mixin.py:188} INFO - [2026-04-26T07:57:42.921+0000] {dagbag.py:540} INFO - Filling up the DagBag from /usr/local/python/3.12.1/lib/python3.12/site-packages/airflow/example_dags/example_datasets.py
[2026-04-26T07:57:42.939+0000] {processor.py:840} INFO - DAG(s) 'dataset_produces_1', 'dataset_consumes_unknown_never_scheduled', 'dataset_consumes_1_and_2', 'consume_1_and_2_with_dataset_expressions', 'consume_1_or_2_with_dataset_expressions', 'consume_1_or_both_2_and_3_with_dataset_expressions', 'conditional_dataset_and_time_based_timetable', 'dataset_consumes_1_never_scheduled', 'dataset_produces_2', 'dataset_consumes_1' retrieved from /usr/local/python/3.12.1/lib/python3.12/site-packages/airflow/example_dags/example_datasets.py
[2026-04-26T07:57:42.988+0000] {logging_mixin.py:188} INFO - [2026-04-26T07:57:42.988+0000] {dag.py:3096} INFO - Sync 10 DAGs
[2026-04-26T07:57:43.014+0000] {logging_mixin.py:188} INFO - [2026-04-26T07:57:43.014+0000] {dag.py:3954} INFO - Setting next_dagrun for conditional_dataset_and_time_based_timetable to 2026-04-22 01:00:00+00:00, run_after=2026-04-22 01:00:00+00:00
[2026-04-26T07:57:43.018+0000] {logging_mixin.py:188} INFO - [2026-04-26T07:57:43.017+0000] {dag.py:3954} INFO - Setting next_dagrun for consume_1_and_2_with_dataset_expressions to None, run_after=None
[2026-04-26T07:57:43.019+0000] {logging_mixin.py:188} INFO - [2026-04-26T07:57:43.018+0000] {dag.py:3954} INFO - Setting next_dagrun for consume_1_or_2_with_dataset_expressions to None, run_after=None
[2026-04-26T07:57:43.020+0000] {logging_mixin.py:188} INFO - [2026-04-26T07:57:43.019+0000] {dag.py:3954} INFO - Setting next_dagrun for consume_1_or_both_2_and_3_with_dataset_expressions to None, run_after=None
[2026-04-26T07:57:43.021+0000] {logging_mixin.py:188} INFO - [2026-04-26T07:57:43.021+0000] {dag.py:3954} INFO - Setting next_dagrun for dataset_consumes_1 to None, run_after=None
[2026-04-26T07:57:43.022+0000] {logging_mixin.py:188} INFO - [2026-04-26T07:57:43.022+0000] {dag.py:3954} INFO - Setting next_dagrun for dataset_consumes_1_and_2 to None, run_after=None
[2026-04-26T07:57:43.023+0000] {logging_mixin.py:188} INFO - [2026-04-26T07:57:43.023+0000] {dag.py:3954} INFO - Setting next_dagrun for dataset_consumes_1_never_scheduled to None, run_after=None
[2026-04-26T07:57:43.024+0000] {logging_mixin.py:188} INFO - [2026-04-26T07:57:43.024+0000] {dag.py:3954} INFO - Setting next_dagrun for dataset_consumes_unknown_never_scheduled to None, run_after=None
[2026-04-26T07:57:43.027+0000] {logging_mixin.py:188} INFO - [2026-04-26T07:57:43.026+0000] {dag.py:3954} INFO - Setting next_dagrun for dataset_produces_1 to 2026-04-25 00:00:00+00:00, run_after=2026-04-26 00:00:00+00:00
[2026-04-26T07:57:43.028+0000] {logging_mixin.py:188} INFO - [2026-04-26T07:57:43.027+0000] {dag.py:3954} INFO - Setting next_dagrun for dataset_produces_2 to None, run_after=None
[2026-04-26T07:57:43.055+0000] {processor.py:183} INFO - Processing /usr/local/python/3.12.1/lib/python3.12/site-packages/airflow/example_dags/example_datasets.py took 0.141 seconds
[2026-04-26T07:58:03.524+0000] {processor.py:161} INFO - Started process (PID=54370) to work on /usr/local/python/3.12.1/lib/python3.12/site-packages/airflow/example_dags/example_datasets.py
[2026-04-26T07:58:03.525+0000] {processor.py:830} INFO - Processing file /usr/local/python/3.12.1/lib/python3.12/site-packages/airflow/example_dags/example_datasets.py for tasks to queue
[2026-04-26T07:58:03.526+0000] {logging_mixin.py:188} INFO - [2026-04-26T07:58:03.525+0000] {dagbag.py:540} INFO - Filling up the DagBag from /usr/local/python/3.12.1/lib/python3.12/site-packages/airflow/example_dags/example_datasets.py
[2026-04-26T07:58:03.537+0000] {processor.py:840} INFO - DAG(s) 'consume_1_or_both_2_and_3_with_dataset_expressions', 'conditional_dataset_and_time_based_timetable', 'dataset_produces_1', 'dataset_consumes_unknown_never_scheduled', 'consume_1_or_2_with_dataset_expressions', 'consume_1_and_2_with_dataset_expressions', 'dataset_consumes_1', 'dataset_produces_2', 'dataset_consumes_1_and_2', 'dataset_consumes_1_never_scheduled' retrieved from /usr/local/python/3.12.1/lib/python3.12/site-packages/airflow/example_dags/example_datasets.py
[2026-04-26T07:58:03.571+0000] {logging_mixin.py:188} INFO - [2026-04-26T07:58:03.571+0000] {dag.py:3096} INFO - Sync 10 DAGs
[2026-04-26T07:58:03.599+0000] {logging_mixin.py:188} INFO - [2026-04-26T07:58:03.599+0000] {dag.py:3954} INFO - Setting next_dagrun for conditional_dataset_and_time_based_timetable to 2026-04-22 01:00:00+00:00, run_after=2026-04-22 01:00:00+00:00
[2026-04-26T07:58:03.604+0000] {logging_mixin.py:188} INFO - [2026-04-26T07:58:03.604+0000] {dag.py:3954} INFO - Setting next_dagrun for consume_1_and_2_with_dataset_expressions to None, run_after=None
[2026-04-26T07:58:03.605+0000] {logging_mixin.py:188} INFO - [2026-04-26T07:58:03.605+0000] {dag.py:3954} INFO - Setting next_dagrun for consume_1_or_2_with_dataset_expressions to None, run_after=None
[2026-04-26T07:58:03.607+0000] {logging_mixin.py:188} INFO - [2026-04-26T07:58:03.607+0000] {dag.py:3954} INFO - Setting next_dagrun for consume_1_or_both_2_and_3_with_dataset_expressions to None, run_after=None
[2026-04-26T07:58:03.609+0000] {logging_mixin.py:188} INFO - [2026-04-26T07:58:03.608+0000] {dag.py:3954} INFO - Setting next_dagrun for dataset_consumes_1 to None, run_after=None
[2026-04-26T07:58:03.610+0000] {logging_mixin.py:188} INFO - [2026-04-26T07:58:03.609+0000] {dag.py:3954} INFO - Setting next_dagrun for dataset_consumes_1_and_2 to None, run_after=None
[2026-04-26T07:58:03.611+0000] {logging_mixin.py:188} INFO - [2026-04-26T07:58:03.611+0000] {dag.py:3954} INFO - Setting next_dagrun for dataset_consumes_1_never_scheduled to None, run_after=None
[2026-04-26T07:58:03.613+0000] {logging_mixin.py:188} INFO - [2026-04-26T07:58:03.612+0000] {dag.py:3954} INFO - Setting next_dagrun for dataset_consumes_unknown_never_scheduled to None, run_after=None
[2026-04-26T07:58:03.616+0000] {logging_mixin.py:188} INFO - [2026-04-26T07:58:03.615+0000] {dag.py:3954} INFO - Setting next_dagrun for dataset_produces_1 to 2026-04-25 00:00:00+00:00, run_after=2026-04-26 00:00:00+00:00
[2026-04-26T07:58:03.617+0000] {logging_mixin.py:188} INFO - [2026-04-26T07:58:03.617+0000] {dag.py:3954} INFO - Setting next_dagrun for dataset_produces_2 to None, run_after=None
[2026-04-26T07:58:03.645+0000] {processor.py:183} INFO - Processing /usr/local/python/3.12.1/lib/python3.12/site-packages/airflow/example_dags/example_datasets.py took 0.125 seconds
[2026-04-26T07:58:45.884+0000] {processor.py:161} INFO - Started process (PID=55122) to work on /usr/local/python/3.12.1/lib/python3.12/site-packages/airflow/example_dags/example_datasets.py
[2026-04-26T07:58:45.884+0000] {processor.py:830} INFO - Processing file /usr/local/python/3.12.1/lib/python3.12/site-packages/airflow/example_dags/example_datasets.py for tasks to queue
[2026-04-26T07:58:45.885+0000] {logging_mixin.py:188} INFO - [2026-04-26T07:58:45.885+0000] {dagbag.py:540} INFO - Filling up the DagBag from /usr/local/python/3.12.1/lib/python3.12/site-packages/airflow/example_dags/example_datasets.py
[2026-04-26T07:58:45.897+0000] {processor.py:840} INFO - DAG(s) 'consume_1_and_2_with_dataset_expressions', 'dataset_produces_2', 'dataset_produces_1', 'dataset_consumes_unknown_never_scheduled', 'conditional_dataset_and_time_based_timetable', 'dataset_consumes_1_and_2', 'consume_1_or_both_2_and_3_with_dataset_expressions', 'dataset_consumes_1_never_scheduled', 'dataset_consumes_1', 'consume_1_or_2_with_dataset_expressions' retrieved from /usr/local/python/3.12.1/lib/python3.12/site-packages/airflow/example_dags/example_datasets.py
[2026-04-26T07:58:45.905+0000] {logging_mixin.py:188} INFO - [2026-04-26T07:58:45.905+0000] {dag.py:3096} INFO - Sync 10 DAGs
[2026-04-26T07:58:45.924+0000] {logging_mixin.py:188} INFO - [2026-04-26T07:58:45.924+0000] {dag.py:3954} INFO - Setting next_dagrun for conditional_dataset_and_time_based_timetable to 2026-04-22 01:00:00+00:00, run_after=2026-04-22 01:00:00+00:00
[2026-04-26T07:58:45.927+0000] {logging_mixin.py:188} INFO - [2026-04-26T07:58:45.927+0000] {dag.py:3954} INFO - Setting next_dagrun for consume_1_and_2_with_dataset_expressions to None, run_after=None
[2026-04-26T07:58:45.928+0000] {logging_mixin.py:188} INFO - [2026-04-26T07:58:45.928+0000] {dag.py:3954} INFO - Setting next_dagrun for consume_1_or_2_with_dataset_expressions to None, run_after=None
[2026-04-26T07:58:45.929+0000] {logging_mixin.py:188} INFO - [2026-04-26T07:58:45.929+0000] {dag.py:3954} INFO - Setting next_dagrun for consume_1_or_both_2_and_3_with_dataset_expressions to None, run_after=None
[2026-04-26T07:58:45.930+0000] {logging_mixin.py:188} INFO - [2026-04-26T07:58:45.930+0000] {dag.py:3954} INFO - Setting next_dagrun for dataset_consumes_1 to None, run_after=None
[2026-04-26T07:58:45.931+0000] {logging_mixin.py:188} INFO - [2026-04-26T07:58:45.930+0000] {dag.py:3954} INFO - Setting next_dagrun for dataset_consumes_1_and_2 to None, run_after=None
[2026-04-26T07:58:45.931+0000] {logging_mixin.py:188} INFO - [2026-04-26T07:58:45.931+0000] {dag.py:3954} INFO - Setting next_dagrun for dataset_consumes_1_never_scheduled to None, run_after=None
[2026-04-26T07:58:45.932+0000] {logging_mixin.py:188} INFO - [2026-04-26T07:58:45.932+0000] {dag.py:3954} INFO - Setting next_dagrun for dataset_consumes_unknown_never_scheduled to None, run_after=None
[2026-04-26T07:58:45.934+0000] {logging_mixin.py:188} INFO - [2026-04-26T07:58:45.934+0000] {dag.py:3954} INFO - Setting next_dagrun for dataset_produces_1 to 2026-04-25 00:00:00+00:00, run_after=2026-04-26 00:00:00+00:00
[2026-04-26T07:58:45.935+0000] {logging_mixin.py:188} INFO - [2026-04-26T07:58:45.934+0000] {dag.py:3954} INFO - Setting next_dagrun for dataset_produces_2 to None, run_after=None
[2026-04-26T07:58:45.962+0000] {processor.py:183} INFO - Processing /usr/local/python/3.12.1/lib/python3.12/site-packages/airflow/example_dags/example_datasets.py took 0.082 seconds
[2026-04-26T07:58:48.540+0000] {processor.py:161} INFO - Started process (PID=55188) to work on /usr/local/python/3.12.1/lib/python3.12/site-packages/airflow/example_dags/example_datasets.py
[2026-04-26T07:58:48.541+0000] {processor.py:830} INFO - Processing file /usr/local/python/3.12.1/lib/python3.12/site-packages/airflow/example_dags/example_datasets.py for tasks to queue
[2026-04-26T07:58:48.541+0000] {logging_mixin.py:188} INFO - [2026-04-26T07:58:48.541+0000] {dagbag.py:540} INFO - Filling up the DagBag from /usr/local/python/3.12.1/lib/python3.12/site-packages/airflow/example_dags/example_datasets.py
[2026-04-26T07:58:48.553+0000] {processor.py:840} INFO - DAG(s) 'consume_1_or_both_2_and_3_with_dataset_expressions', 'dataset_consumes_unknown_never_scheduled', 'dataset_produces_2', 'dataset_consumes_1_never_scheduled', 'consume_1_and_2_with_dataset_expressions', 'dataset_produces_1', 'dataset_consumes_1', 'conditional_dataset_and_time_based_timetable', 'dataset_consumes_1_and_2', 'consume_1_or_2_with_dataset_expressions' retrieved from /usr/local/python/3.12.1/lib/python3.12/site-packages/airflow/example_dags/example_datasets.py
[2026-04-26T07:58:48.564+0000] {logging_mixin.py:188} INFO - [2026-04-26T07:58:48.564+0000] {dag.py:3096} INFO - Sync 10 DAGs
[2026-04-26T07:58:48.586+0000] {logging_mixin.py:188} INFO - [2026-04-26T07:58:48.586+0000] {dag.py:3954} INFO - Setting next_dagrun for conditional_dataset_and_time_based_timetable to 2026-04-22 01:00:00+00:00, run_after=2026-04-22 01:00:00+00:00
[2026-04-26T07:58:48.589+0000] {logging_mixin.py:188} INFO - [2026-04-26T07:58:48.589+0000] {dag.py:3954} INFO - Setting next_dagrun for consume_1_and_2_with_dataset_expressions to None, run_after=None
[2026-04-26T07:58:48.590+0000] {logging_mixin.py:188} INFO - [2026-04-26T07:58:48.590+0000] {dag.py:3954} INFO - Setting next_dagrun for consume_1_or_2_with_dataset_expressions to None, run_after=None
[2026-04-26T07:58:48.590+0000] {logging_mixin.py:188} INFO - [2026-04-26T07:58:48.590+0000] {dag.py:3954} INFO - Setting next_dagrun for consume_1_or_both_2_and_3_with_dataset_expressions to None, run_after=None
[2026-04-26T07:58:48.591+0000] {logging_mixin.py:188} INFO - [2026-04-26T07:58:48.591+0000] {dag.py:3954} INFO - Setting next_dagrun for dataset_consumes_1 to None, run_after=None
[2026-04-26T07:58:48.592+0000] {logging_mixin.py:188} INFO - [2026-04-26T07:58:48.592+0000] {dag.py:3954} INFO - Setting next_dagrun for dataset_consumes_1_and_2 to None, run_after=None
[2026-04-26T07:58:48.593+0000] {logging_mixin.py:188} INFO - [2026-04-26T07:58:48.592+0000] {dag.py:3954} INFO - Setting next_dagrun for dataset_consumes_1_never_scheduled to None, run_after=None
[2026-04-26T07:58:48.593+0000] {logging_mixin.py:188} INFO - [2026-04-26T07:58:48.593+0000] {dag.py:3954} INFO - Setting next_dagrun for dataset_consumes_unknown_never_scheduled to None, run_after=None
[2026-04-26T07:58:48.595+0000] {logging_mixin.py:188} INFO - [2026-04-26T07:58:48.595+0000] {dag.py:3954} INFO - Setting next_dagrun for dataset_produces_1 to 2026-04-25 00:00:00+00:00, run_after=2026-04-26 00:00:00+00:00
[2026-04-26T07:58:48.596+0000] {logging_mixin.py:188} INFO - [2026-04-26T07:58:48.596+0000] {dag.py:3954} INFO - Setting next_dagrun for dataset_produces_2 to None, run_after=None
[2026-04-26T07:58:48.620+0000] {processor.py:183} INFO - Processing /usr/local/python/3.12.1/lib/python3.12/site-packages/airflow/example_dags/example_datasets.py took 0.084 seconds
[2026-04-26T07:59:09.232+0000] {processor.py:161} INFO - Started process (PID=55413) to work on /usr/local/python/3.12.1/lib/python3.12/site-packages/airflow/example_dags/example_datasets.py
[2026-04-26T07:59:09.233+0000] {processor.py:830} INFO - Processing file /usr/local/python/3.12.1/lib/python3.12/site-packages/airflow/example_dags/example_datasets.py for tasks to queue
[2026-04-26T07:59:09.234+0000] {logging_mixin.py:188} INFO - [2026-04-26T07:59:09.233+0000] {dagbag.py:540} INFO - Filling up the DagBag from /usr/local/python/3.12.1/lib/python3.12/site-packages/airflow/example_dags/example_datasets.py
[2026-04-26T07:59:09.251+0000] {processor.py:840} INFO - DAG(s) 'dataset_consumes_1', 'consume_1_or_2_with_dataset_expressions', 'conditional_dataset_and_time_based_timetable', 'dataset_consumes_unknown_never_scheduled', 'dataset_produces_2', 'dataset_consumes_1_and_2', 'consume_1_and_2_with_dataset_expressions', 'dataset_produces_1', 'consume_1_or_both_2_and_3_with_dataset_expressions', 'dataset_consumes_1_never_scheduled' retrieved from /usr/local/python/3.12.1/lib/python3.12/site-packages/airflow/example_dags/example_datasets.py
[2026-04-26T07:59:09.497+0000] {logging_mixin.py:188} INFO - [2026-04-26T07:59:09.497+0000] {dag.py:3096} INFO - Sync 10 DAGs
[2026-04-26T07:59:09.518+0000] {logging_mixin.py:188} INFO - [2026-04-26T07:59:09.517+0000] {dag.py:3954} INFO - Setting next_dagrun for conditional_dataset_and_time_based_timetable to 2026-04-22 01:00:00+00:00, run_after=2026-04-22 01:00:00+00:00
[2026-04-26T07:59:09.520+0000] {logging_mixin.py:188} INFO - [2026-04-26T07:59:09.520+0000] {dag.py:3954} INFO - Setting next_dagrun for consume_1_and_2_with_dataset_expressions to None, run_after=None
[2026-04-26T07:59:09.521+0000] {logging_mixin.py:188} INFO - [2026-04-26T07:59:09.521+0000] {dag.py:3954} INFO - Setting next_dagrun for consume_1_or_2_with_dataset_expressions to None, run_after=None
[2026-04-26T07:59:09.522+0000] {logging_mixin.py:188} INFO - [2026-04-26T07:59:09.522+0000] {dag.py:3954} INFO - Setting next_dagrun for consume_1_or_both_2_and_3_with_dataset_expressions to None, run_after=None
[2026-04-26T07:59:09.523+0000] {logging_mixin.py:188} INFO - [2026-04-26T07:59:09.523+0000] {dag.py:3954} INFO - Setting next_dagrun for dataset_consumes_1 to None, run_after=None
[2026-04-26T07:59:09.524+0000] {logging_mixin.py:188} INFO - [2026-04-26T07:59:09.524+0000] {dag.py:3954} INFO - Setting next_dagrun for dataset_consumes_1_and_2 to None, run_after=None
[2026-04-26T07:59:09.525+0000] {logging_mixin.py:188} INFO - [2026-04-26T07:59:09.524+0000] {dag.py:3954} INFO - Setting next_dagrun for dataset_consumes_1_never_scheduled to None, run_after=None
[2026-04-26T07:59:09.525+0000] {logging_mixin.py:188} INFO - [2026-04-26T07:59:09.525+0000] {dag.py:3954} INFO - Setting next_dagrun for dataset_consumes_unknown_never_scheduled to None, run_after=None
[2026-04-26T07:59:09.527+0000] {logging_mixin.py:188} INFO - [2026-04-26T07:59:09.527+0000] {dag.py:3954} INFO - Setting next_dagrun for dataset_produces_1 to 2026-04-25 00:00:00+00:00, run_after=2026-04-26 00:00:00+00:00
[2026-04-26T07:59:09.528+0000] {logging_mixin.py:188} INFO - [2026-04-26T07:59:09.528+0000] {dag.py:3954} INFO - Setting next_dagrun for dataset_produces_2 to None, run_after=None
[2026-04-26T07:59:09.560+0000] {processor.py:183} INFO - Processing /usr/local/python/3.12.1/lib/python3.12/site-packages/airflow/example_dags/example_datasets.py took 0.341 seconds
[2026-04-26T07:59:40.103+0000] {processor.py:161} INFO - Started process (PID=55730) to work on /usr/local/python/3.12.1/lib/python3.12/site-packages/airflow/example_dags/example_datasets.py
[2026-04-26T07:59:40.104+0000] {processor.py:830} INFO - Processing file /usr/local/python/3.12.1/lib/python3.12/site-packages/airflow/example_dags/example_datasets.py for tasks to queue
[2026-04-26T07:59:40.105+0000] {logging_mixin.py:188} INFO - [2026-04-26T07:59:40.105+0000] {dagbag.py:540} INFO - Filling up the DagBag from /usr/local/python/3.12.1/lib/python3.12/site-packages/airflow/example_dags/example_datasets.py
[2026-04-26T07:59:40.121+0000] {processor.py:840} INFO - DAG(s) 'dataset_produces_2', 'dataset_consumes_1_and_2', 'dataset_consumes_unknown_never_scheduled', 'dataset_consumes_1', 'consume_1_and_2_with_dataset_expressions', 'consume_1_or_2_with_dataset_expressions', 'conditional_dataset_and_time_based_timetable', 'dataset_produces_1', 'consume_1_or_both_2_and_3_with_dataset_expressions', 'dataset_consumes_1_never_scheduled' retrieved from /usr/local/python/3.12.1/lib/python3.12/site-packages/airflow/example_dags/example_datasets.py
[2026-04-26T07:59:40.156+0000] {logging_mixin.py:188} INFO - [2026-04-26T07:59:40.156+0000] {dag.py:3096} INFO - Sync 10 DAGs
[2026-04-26T07:59:40.182+0000] {logging_mixin.py:188} INFO - [2026-04-26T07:59:40.182+0000] {dag.py:3954} INFO - Setting next_dagrun for conditional_dataset_and_time_based_timetable to 2026-04-22 01:00:00+00:00, run_after=2026-04-22 01:00:00+00:00
[2026-04-26T07:59:40.186+0000] {logging_mixin.py:188} INFO - [2026-04-26T07:59:40.186+0000] {dag.py:3954} INFO - Setting next_dagrun for consume_1_and_2_with_dataset_expressions to None, run_after=None
[2026-04-26T07:59:40.188+0000] {logging_mixin.py:188} INFO - [2026-04-26T07:59:40.187+0000] {dag.py:3954} INFO - Setting next_dagrun for consume_1_or_2_with_dataset_expressions to None, run_after=None
[2026-04-26T07:59:40.189+0000] {logging_mixin.py:188} INFO - [2026-04-26T07:59:40.189+0000] {dag.py:3954} INFO - Setting next_dagrun for consume_1_or_both_2_and_3_with_dataset_expressions to None, run_after=None
[2026-04-26T07:59:40.190+0000] {logging_mixin.py:188} INFO - [2026-04-26T07:59:40.190+0000] {dag.py:3954} INFO - Setting next_dagrun for dataset_consumes_1 to None, run_after=None
[2026-04-26T07:59:40.191+0000] {logging_mixin.py:188} INFO - [2026-04-26T07:59:40.191+0000] {dag.py:3954} INFO - Setting next_dagrun for dataset_consumes_1_and_2 to None, run_after=None
[2026-04-26T07:59:40.192+0000] {logging_mixin.py:188} INFO - [2026-04-26T07:59:40.192+0000] {dag.py:3954} INFO - Setting next_dagrun for dataset_consumes_1_never_scheduled to None, run_after=None
[2026-04-26T07:59:40.193+0000] {logging_mixin.py:188} INFO - [2026-04-26T07:59:40.193+0000] {dag.py:3954} INFO - Setting next_dagrun for dataset_consumes_unknown_never_scheduled to None, run_after=None
[2026-04-26T07:59:40.195+0000] {logging_mixin.py:188} INFO - [2026-04-26T07:59:40.195+0000] {dag.py:3954} INFO - Setting next_dagrun for dataset_produces_1 to 2026-04-25 00:00:00+00:00, run_after=2026-04-26 00:00:00+00:00
[2026-04-26T07:59:40.196+0000] {logging_mixin.py:188} INFO - [2026-04-26T07:59:40.196+0000] {dag.py:3954} INFO - Setting next_dagrun for dataset_produces_2 to None, run_after=None
[2026-04-26T07:59:40.219+0000] {processor.py:183} INFO - Processing /usr/local/python/3.12.1/lib/python3.12/site-packages/airflow/example_dags/example_datasets.py took 0.120 seconds
[2026-04-26T07:59:53.810+0000] {processor.py:161} INFO - Started process (PID=55845) to work on /usr/local/python/3.12.1/lib/python3.12/site-packages/airflow/example_dags/example_datasets.py
[2026-04-26T07:59:53.811+0000] {processor.py:830} INFO - Processing file /usr/local/python/3.12.1/lib/python3.12/site-packages/airflow/example_dags/example_datasets.py for tasks to queue
[2026-04-26T07:59:53.812+0000] {logging_mixin.py:188} INFO - [2026-04-26T07:59:53.811+0000] {dagbag.py:540} INFO - Filling up the DagBag from /usr/local/python/3.12.1/lib/python3.12/site-packages/airflow/example_dags/example_datasets.py
[2026-04-26T07:59:53.823+0000] {processor.py:840} INFO - DAG(s) 'consume_1_or_2_with_dataset_expressions', 'consume_1_or_both_2_and_3_with_dataset_expressions', 'consume_1_and_2_with_dataset_expressions', 'dataset_consumes_1', 'conditional_dataset_and_time_based_timetable', 'dataset_produces_2', 'dataset_consumes_1_and_2', 'dataset_consumes_unknown_never_scheduled', 'dataset_consumes_1_never_scheduled', 'dataset_produces_1' retrieved from /usr/local/python/3.12.1/lib/python3.12/site-packages/airflow/example_dags/example_datasets.py
[2026-04-26T07:59:53.851+0000] {logging_mixin.py:188} INFO - [2026-04-26T07:59:53.851+0000] {dag.py:3096} INFO - Sync 10 DAGs
[2026-04-26T07:59:53.872+0000] {logging_mixin.py:188} INFO - [2026-04-26T07:59:53.872+0000] {dag.py:3954} INFO - Setting next_dagrun for conditional_dataset_and_time_based_timetable to 2026-04-22 01:00:00+00:00, run_after=2026-04-22 01:00:00+00:00
[2026-04-26T07:59:53.878+0000] {logging_mixin.py:188} INFO - [2026-04-26T07:59:53.878+0000] {dag.py:3954} INFO - Setting next_dagrun for consume_1_and_2_with_dataset_expressions to None, run_after=None
[2026-04-26T07:59:53.879+0000] {logging_mixin.py:188} INFO - [2026-04-26T07:59:53.879+0000] {dag.py:3954} INFO - Setting next_dagrun for consume_1_or_2_with_dataset_expressions to None, run_after=None
[2026-04-26T07:59:53.880+0000] {logging_mixin.py:188} INFO - [2026-04-26T07:59:53.880+0000] {dag.py:3954} INFO - Setting next_dagrun for consume_1_or_both_2_and_3_with_dataset_expressions to None, run_after=None
[2026-04-26T07:59:53.882+0000] {logging_mixin.py:188} INFO - [2026-04-26T07:59:53.882+0000] {dag.py:3954} INFO - Setting next_dagrun for dataset_consumes_1 to None, run_after=None
[2026-04-26T07:59:53.883+0000] {logging_mixin.py:188} INFO - [2026-04-26T07:59:53.883+0000] {dag.py:3954} INFO - Setting next_dagrun for dataset_consumes_1_and_2 to None, run_after=None
[2026-04-26T07:59:53.884+0000] {logging_mixin.py:188} INFO - [2026-04-26T07:59:53.884+0000] {dag.py:3954} INFO - Setting next_dagrun for dataset_consumes_1_never_scheduled to None, run_after=None
[2026-04-26T07:59:53.884+0000] {logging_mixin.py:188} INFO - [2026-04-26T07:59:53.884+0000] {dag.py:3954} INFO - Setting next_dagrun for dataset_consumes_unknown_never_scheduled to None, run_after=None
[2026-04-26T07:59:53.886+0000] {logging_mixin.py:188} INFO - [2026-04-26T07:59:53.886+0000] {dag.py:3954} INFO - Setting next_dagrun for dataset_produces_1 to 2026-04-25 00:00:00+00:00, run_after=2026-04-26 00:00:00+00:00
[2026-04-26T07:59:53.887+0000] {logging_mixin.py:188} INFO - [2026-04-26T07:59:53.887+0000] {dag.py:3954} INFO - Setting next_dagrun for dataset_produces_2 to None, run_after=None
[2026-04-26T07:59:53.909+0000] {processor.py:183} INFO - Processing /usr/local/python/3.12.1/lib/python3.12/site-packages/airflow/example_dags/example_datasets.py took 0.105 seconds
[2026-04-26T08:00:15.721+0000] {processor.py:161} INFO - Started process (PID=56091) to work on /usr/local/python/3.12.1/lib/python3.12/site-packages/airflow/example_dags/example_datasets.py
[2026-04-26T08:00:15.722+0000] {processor.py:830} INFO - Processing file /usr/local/python/3.12.1/lib/python3.12/site-packages/airflow/example_dags/example_datasets.py for tasks to queue
[2026-04-26T08:00:15.723+0000] {logging_mixin.py:188} INFO - [2026-04-26T08:00:15.723+0000] {dagbag.py:540} INFO - Filling up the DagBag from /usr/local/python/3.12.1/lib/python3.12/site-packages/airflow/example_dags/example_datasets.py
[2026-04-26T08:00:15.735+0000] {processor.py:840} INFO - DAG(s) 'dataset_produces_2', 'conditional_dataset_and_time_based_timetable', 'dataset_produces_1', 'dataset_consumes_unknown_never_scheduled', 'consume_1_and_2_with_dataset_expressions', 'dataset_consumes_1_and_2', 'consume_1_or_2_with_dataset_expressions', 'dataset_consumes_1_never_scheduled', 'consume_1_or_both_2_and_3_with_dataset_expressions', 'dataset_consumes_1' retrieved from /usr/local/python/3.12.1/lib/python3.12/site-packages/airflow/example_dags/example_datasets.py
[2026-04-26T08:00:15.772+0000] {logging_mixin.py:188} INFO - [2026-04-26T08:00:15.772+0000] {dag.py:3096} INFO - Sync 10 DAGs
[2026-04-26T08:00:15.800+0000] {logging_mixin.py:188} INFO - [2026-04-26T08:00:15.800+0000] {dag.py:3954} INFO - Setting next_dagrun for conditional_dataset_and_time_based_timetable to 2026-04-22 01:00:00+00:00, run_after=2026-04-22 01:00:00+00:00
[2026-04-26T08:00:15.804+0000] {logging_mixin.py:188} INFO - [2026-04-26T08:00:15.804+0000] {dag.py:3954} INFO - Setting next_dagrun for consume_1_and_2_with_dataset_expressions to None, run_after=None
[2026-04-26T08:00:15.805+0000] {logging_mixin.py:188} INFO - [2026-04-26T08:00:15.805+0000] {dag.py:3954} INFO - Setting next_dagrun for consume_1_or_2_with_dataset_expressions to None, run_after=None
[2026-04-26T08:00:15.806+0000] {logging_mixin.py:188} INFO - [2026-04-26T08:00:15.806+0000] {dag.py:3954} INFO - Setting next_dagrun for consume_1_or_both_2_and_3_with_dataset_expressions to None, run_after=None
[2026-04-26T08:00:15.808+0000] {logging_mixin.py:188} INFO - [2026-04-26T08:00:15.807+0000] {dag.py:3954} INFO - Setting next_dagrun for dataset_consumes_1 to None, run_after=None
[2026-04-26T08:00:15.809+0000] {logging_mixin.py:188} INFO - [2026-04-26T08:00:15.808+0000] {dag.py:3954} INFO - Setting next_dagrun for dataset_consumes_1_and_2 to None, run_after=None
[2026-04-26T08:00:15.810+0000] {logging_mixin.py:188} INFO - [2026-04-26T08:00:15.809+0000] {dag.py:3954} INFO - Setting next_dagrun for dataset_consumes_1_never_scheduled to None, run_after=None
[2026-04-26T08:00:15.811+0000] {logging_mixin.py:188} INFO - [2026-04-26T08:00:15.810+0000] {dag.py:3954} INFO - Setting next_dagrun for dataset_consumes_unknown_never_scheduled to None, run_after=None
[2026-04-26T08:00:15.813+0000] {logging_mixin.py:188} INFO - [2026-04-26T08:00:15.813+0000] {dag.py:3954} INFO - Setting next_dagrun for dataset_produces_1 to 2026-04-25 00:00:00+00:00, run_after=2026-04-26 00:00:00+00:00
[2026-04-26T08:00:15.813+0000] {logging_mixin.py:188} INFO - [2026-04-26T08:00:15.813+0000] {dag.py:3954} INFO - Setting next_dagrun for dataset_produces_2 to None, run_after=None
[2026-04-26T08:00:15.836+0000] {processor.py:183} INFO - Processing /usr/local/python/3.12.1/lib/python3.12/site-packages/airflow/example_dags/example_datasets.py took 0.120 seconds
[2026-04-26T08:00:50.897+0000] {processor.py:161} INFO - Started process (PID=56418) to work on /usr/local/python/3.12.1/lib/python3.12/site-packages/airflow/example_dags/example_datasets.py
[2026-04-26T08:00:50.899+0000] {processor.py:830} INFO - Processing file /usr/local/python/3.12.1/lib/python3.12/site-packages/airflow/example_dags/example_datasets.py for tasks to queue
[2026-04-26T08:00:50.903+0000] {logging_mixin.py:188} INFO - [2026-04-26T08:00:50.901+0000] {dagbag.py:540} INFO - Filling up the DagBag from /usr/local/python/3.12.1/lib/python3.12/site-packages/airflow/example_dags/example_datasets.py
[2026-04-26T08:00:50.932+0000] {processor.py:840} INFO - DAG(s) 'dataset_consumes_unknown_never_scheduled', 'conditional_dataset_and_time_based_timetable', 'dataset_consumes_1_never_scheduled', 'dataset_consumes_1', 'consume_1_or_both_2_and_3_with_dataset_expressions', 'dataset_produces_1', 'consume_1_and_2_with_dataset_expressions', 'dataset_consumes_1_and_2', 'dataset_produces_2', 'consume_1_or_2_with_dataset_expressions' retrieved from /usr/local/python/3.12.1/lib/python3.12/site-packages/airflow/example_dags/example_datasets.py
[2026-04-26T08:00:51.008+0000] {logging_mixin.py:188} INFO - [2026-04-26T08:00:51.008+0000] {dag.py:3096} INFO - Sync 10 DAGs
[2026-04-26T08:00:51.027+0000] {logging_mixin.py:188} INFO - [2026-04-26T08:00:51.026+0000] {dag.py:3954} INFO - Setting next_dagrun for conditional_dataset_and_time_based_timetable to 2026-04-22 01:00:00+00:00, run_after=2026-04-22 01:00:00+00:00
[2026-04-26T08:00:51.029+0000] {logging_mixin.py:188} INFO - [2026-04-26T08:00:51.029+0000] {dag.py:3954} INFO - Setting next_dagrun for consume_1_and_2_with_dataset_expressions to None, run_after=None
[2026-04-26T08:00:51.030+0000] {logging_mixin.py:188} INFO - [2026-04-26T08:00:51.030+0000] {dag.py:3954} INFO - Setting next_dagrun for consume_1_or_2_with_dataset_expressions to None, run_after=None
[2026-04-26T08:00:51.031+0000] {logging_mixin.py:188} INFO - [2026-04-26T08:00:51.031+0000] {dag.py:3954} INFO - Setting next_dagrun for consume_1_or_both_2_and_3_with_dataset_expressions to None, run_after=None
[2026-04-26T08:00:51.031+0000] {logging_mixin.py:188} INFO - [2026-04-26T08:00:51.031+0000] {dag.py:3954} INFO - Setting next_dagrun for dataset_consumes_1 to None, run_after=None
[2026-04-26T08:00:51.032+0000] {logging_mixin.py:188} INFO - [2026-04-26T08:00:51.032+0000] {dag.py:3954} INFO - Setting next_dagrun for dataset_consumes_1_and_2 to None, run_after=None
[2026-04-26T08:00:51.033+0000] {logging_mixin.py:188} INFO - [2026-04-26T08:00:51.033+0000] {dag.py:3954} INFO - Setting next_dagrun for dataset_consumes_1_never_scheduled to None, run_after=None
[2026-04-26T08:00:51.034+0000] {logging_mixin.py:188} INFO - [2026-04-26T08:00:51.034+0000] {dag.py:3954} INFO - Setting next_dagrun for dataset_consumes_unknown_never_scheduled to None, run_after=None
[2026-04-26T08:00:51.035+0000] {logging_mixin.py:188} INFO - [2026-04-26T08:00:51.035+0000] {dag.py:3954} INFO - Setting next_dagrun for dataset_produces_1 to 2026-04-25 00:00:00+00:00, run_after=2026-04-26 00:00:00+00:00
[2026-04-26T08:00:51.036+0000] {logging_mixin.py:188} INFO - [2026-04-26T08:00:51.036+0000] {dag.py:3954} INFO - Setting next_dagrun for dataset_produces_2 to None, run_after=None
[2026-04-26T08:00:51.060+0000] {processor.py:183} INFO - Processing /usr/local/python/3.12.1/lib/python3.12/site-packages/airflow/example_dags/example_datasets.py took 0.172 seconds
[2026-04-26T08:00:57.443+0000] {processor.py:161} INFO - Started process (PID=56551) to work on /usr/local/python/3.12.1/lib/python3.12/site-packages/airflow/example_dags/example_datasets.py
[2026-04-26T08:00:57.444+0000] {processor.py:830} INFO - Processing file /usr/local/python/3.12.1/lib/python3.12/site-packages/airflow/example_dags/example_datasets.py for tasks to queue
[2026-04-26T08:00:57.445+0000] {logging_mixin.py:188} INFO - [2026-04-26T08:00:57.444+0000] {dagbag.py:540} INFO - Filling up the DagBag from /usr/local/python/3.12.1/lib/python3.12/site-packages/airflow/example_dags/example_datasets.py
[2026-04-26T08:00:57.457+0000] {processor.py:840} INFO - DAG(s) 'dataset_produces_1', 'dataset_consumes_1_and_2', 'consume_1_or_2_with_dataset_expressions', 'dataset_consumes_1', 'dataset_consumes_1_never_scheduled', 'dataset_consumes_unknown_never_scheduled', 'conditional_dataset_and_time_based_timetable', 'consume_1_and_2_with_dataset_expressions', 'consume_1_or_both_2_and_3_with_dataset_expressions', 'dataset_produces_2' retrieved from /usr/local/python/3.12.1/lib/python3.12/site-packages/airflow/example_dags/example_datasets.py
[2026-04-26T08:00:57.493+0000] {logging_mixin.py:188} INFO - [2026-04-26T08:00:57.493+0000] {dag.py:3096} INFO - Sync 10 DAGs
[2026-04-26T08:00:57.511+0000] {logging_mixin.py:188} INFO - [2026-04-26T08:00:57.511+0000] {dag.py:3954} INFO - Setting next_dagrun for conditional_dataset_and_time_based_timetable to 2026-04-22 01:00:00+00:00, run_after=2026-04-22 01:00:00+00:00
[2026-04-26T08:00:57.515+0000] {logging_mixin.py:188} INFO - [2026-04-26T08:00:57.514+0000] {dag.py:3954} INFO - Setting next_dagrun for consume_1_and_2_with_dataset_expressions to None, run_after=None
[2026-04-26T08:00:57.516+0000] {logging_mixin.py:188} INFO - [2026-04-26T08:00:57.515+0000] {dag.py:3954} INFO - Setting next_dagrun for consume_1_or_2_with_dataset_expressions to None, run_after=None
[2026-04-26T08:00:57.517+0000] {logging_mixin.py:188} INFO - [2026-04-26T08:00:57.516+0000] {dag.py:3954} INFO - Setting next_dagrun for consume_1_or_both_2_and_3_with_dataset_expressions to None, run_after=None
[2026-04-26T08:00:57.518+0000] {logging_mixin.py:188} INFO - [2026-04-26T08:00:57.518+0000] {dag.py:3954} INFO - Setting next_dagrun for dataset_consumes_1 to None, run_after=None
[2026-04-26T08:00:57.519+0000] {logging_mixin.py:188} INFO - [2026-04-26T08:00:57.519+0000] {dag.py:3954} INFO - Setting next_dagrun for dataset_consumes_1_and_2 to None, run_after=None
[2026-04-26T08:00:57.520+0000] {logging_mixin.py:188} INFO - [2026-04-26T08:00:57.520+0000] {dag.py:3954} INFO - Setting next_dagrun for dataset_consumes_1_never_scheduled to None, run_after=None
[2026-04-26T08:00:57.521+0000] {logging_mixin.py:188} INFO - [2026-04-26T08:00:57.520+0000] {dag.py:3954} INFO - Setting next_dagrun for dataset_consumes_unknown_never_scheduled to None, run_after=None
[2026-04-26T08:00:57.523+0000] {logging_mixin.py:188} INFO - [2026-04-26T08:00:57.523+0000] {dag.py:3954} INFO - Setting next_dagrun for dataset_produces_1 to 2026-04-25 00:00:00+00:00, run_after=2026-04-26 00:00:00+00:00
[2026-04-26T08:00:57.524+0000] {logging_mixin.py:188} INFO - [2026-04-26T08:00:57.524+0000] {dag.py:3954} INFO - Setting next_dagrun for dataset_produces_2 to None, run_after=None
[2026-04-26T08:00:57.593+0000] {processor.py:183} INFO - Processing /usr/local/python/3.12.1/lib/python3.12/site-packages/airflow/example_dags/example_datasets.py took 0.154 seconds
[2026-04-26T08:01:27.482+0000] {processor.py:161} INFO - Started process (PID=57130) to work on /usr/local/python/3.12.1/lib/python3.12/site-packages/airflow/example_dags/example_datasets.py
[2026-04-26T08:01:27.493+0000] {processor.py:830} INFO - Processing file /usr/local/python/3.12.1/lib/python3.12/site-packages/airflow/example_dags/example_datasets.py for tasks to queue
[2026-04-26T08:01:27.494+0000] {logging_mixin.py:188} INFO - [2026-04-26T08:01:27.494+0000] {dagbag.py:540} INFO - Filling up the DagBag from /usr/local/python/3.12.1/lib/python3.12/site-packages/airflow/example_dags/example_datasets.py
[2026-04-26T08:01:27.535+0000] {processor.py:840} INFO - DAG(s) 'consume_1_and_2_with_dataset_expressions', 'dataset_produces_1', 'conditional_dataset_and_time_based_timetable', 'dataset_consumes_1_and_2', 'dataset_consumes_1_never_scheduled', 'dataset_produces_2', 'dataset_consumes_unknown_never_scheduled', 'dataset_consumes_1', 'consume_1_or_2_with_dataset_expressions', 'consume_1_or_both_2_and_3_with_dataset_expressions' retrieved from /usr/local/python/3.12.1/lib/python3.12/site-packages/airflow/example_dags/example_datasets.py
[2026-04-26T08:01:27.803+0000] {logging_mixin.py:188} INFO - [2026-04-26T08:01:27.802+0000] {dag.py:3096} INFO - Sync 10 DAGs
[2026-04-26T08:01:27.818+0000] {logging_mixin.py:188} INFO - [2026-04-26T08:01:27.818+0000] {dag.py:3954} INFO - Setting next_dagrun for conditional_dataset_and_time_based_timetable to 2026-04-22 01:00:00+00:00, run_after=2026-04-22 01:00:00+00:00
[2026-04-26T08:01:27.820+0000] {logging_mixin.py:188} INFO - [2026-04-26T08:01:27.820+0000] {dag.py:3954} INFO - Setting next_dagrun for consume_1_and_2_with_dataset_expressions to None, run_after=None
[2026-04-26T08:01:27.821+0000] {logging_mixin.py:188} INFO - [2026-04-26T08:01:27.821+0000] {dag.py:3954} INFO - Setting next_dagrun for consume_1_or_2_with_dataset_expressions to None, run_after=None
[2026-04-26T08:01:27.822+0000] {logging_mixin.py:188} INFO - [2026-04-26T08:01:27.821+0000] {dag.py:3954} INFO - Setting next_dagrun for consume_1_or_both_2_and_3_with_dataset_expressions to None, run_after=None
[2026-04-26T08:01:27.822+0000] {logging_mixin.py:188} INFO - [2026-04-26T08:01:27.822+0000] {dag.py:3954} INFO - Setting next_dagrun for dataset_consumes_1 to None, run_after=None
[2026-04-26T08:01:27.823+0000] {logging_mixin.py:188} INFO - [2026-04-26T08:01:27.823+0000] {dag.py:3954} INFO - Setting next_dagrun for dataset_consumes_1_and_2 to None, run_after=None
[2026-04-26T08:01:27.824+0000] {logging_mixin.py:188} INFO - [2026-04-26T08:01:27.824+0000] {dag.py:3954} INFO - Setting next_dagrun for dataset_consumes_1_never_scheduled to None, run_after=None
[2026-04-26T08:01:27.824+0000] {logging_mixin.py:188} INFO - [2026-04-26T08:01:27.824+0000] {dag.py:3954} INFO - Setting next_dagrun for dataset_consumes_unknown_never_scheduled to None, run_after=None
[2026-04-26T08:01:27.826+0000] {logging_mixin.py:188} INFO - [2026-04-26T08:01:27.826+0000] {dag.py:3954} INFO - Setting next_dagrun for dataset_produces_1 to 2026-04-25 00:00:00+00:00, run_after=2026-04-26 00:00:00+00:00
[2026-04-26T08:01:27.827+0000] {logging_mixin.py:188} INFO - [2026-04-26T08:01:27.827+0000] {dag.py:3954} INFO - Setting next_dagrun for dataset_produces_2 to None, run_after=None
[2026-04-26T08:01:27.856+0000] {processor.py:183} INFO - Processing /usr/local/python/3.12.1/lib/python3.12/site-packages/airflow/example_dags/example_datasets.py took 0.411 seconds
[2026-04-26T08:02:02.827+0000] {processor.py:161} INFO - Started process (PID=57720) to work on /usr/local/python/3.12.1/lib/python3.12/site-packages/airflow/example_dags/example_datasets.py
[2026-04-26T08:02:02.828+0000] {processor.py:830} INFO - Processing file /usr/local/python/3.12.1/lib/python3.12/site-packages/airflow/example_dags/example_datasets.py for tasks to queue
[2026-04-26T08:02:02.828+0000] {logging_mixin.py:188} INFO - [2026-04-26T08:02:02.828+0000] {dagbag.py:540} INFO - Filling up the DagBag from /usr/local/python/3.12.1/lib/python3.12/site-packages/airflow/example_dags/example_datasets.py
[2026-04-26T08:02:02.840+0000] {processor.py:840} INFO - DAG(s) 'dataset_consumes_1_and_2', 'conditional_dataset_and_time_based_timetable', 'consume_1_and_2_with_dataset_expressions', 'dataset_consumes_1_never_scheduled', 'consume_1_or_both_2_and_3_with_dataset_expressions', 'dataset_consumes_1', 'dataset_produces_1', 'dataset_consumes_unknown_never_scheduled', 'consume_1_or_2_with_dataset_expressions', 'dataset_produces_2' retrieved from /usr/local/python/3.12.1/lib/python3.12/site-packages/airflow/example_dags/example_datasets.py
[2026-04-26T08:02:02.874+0000] {logging_mixin.py:188} INFO - [2026-04-26T08:02:02.874+0000] {dag.py:3096} INFO - Sync 10 DAGs
[2026-04-26T08:02:02.892+0000] {logging_mixin.py:188} INFO - [2026-04-26T08:02:02.892+0000] {dag.py:3954} INFO - Setting next_dagrun for conditional_dataset_and_time_based_timetable to 2026-04-22 01:00:00+00:00, run_after=2026-04-22 01:00:00+00:00
[2026-04-26T08:02:02.895+0000] {logging_mixin.py:188} INFO - [2026-04-26T08:02:02.895+0000] {dag.py:3954} INFO - Setting next_dagrun for consume_1_and_2_with_dataset_expressions to None, run_after=None
[2026-04-26T08:02:02.896+0000] {logging_mixin.py:188} INFO - [2026-04-26T08:02:02.896+0000] {dag.py:3954} INFO - Setting next_dagrun for consume_1_or_2_with_dataset_expressions to None, run_after=None
[2026-04-26T08:02:02.897+0000] {logging_mixin.py:188} INFO - [2026-04-26T08:02:02.896+0000] {dag.py:3954} INFO - Setting next_dagrun for consume_1_or_both_2_and_3_with_dataset_expressions to None, run_after=None
[2026-04-26T08:02:02.897+0000] {logging_mixin.py:188} INFO - [2026-04-26T08:02:02.897+0000] {dag.py:3954} INFO - Setting next_dagrun for dataset_consumes_1 to None, run_after=None
[2026-04-26T08:02:02.898+0000] {logging_mixin.py:188} INFO - [2026-04-26T08:02:02.898+0000] {dag.py:3954} INFO - Setting next_dagrun for dataset_consumes_1_and_2 to None, run_after=None
[2026-04-26T08:02:02.899+0000] {logging_mixin.py:188} INFO - [2026-04-26T08:02:02.899+0000] {dag.py:3954} INFO - Setting next_dagrun for dataset_consumes_1_never_scheduled to None, run_after=None
[2026-04-26T08:02:02.900+0000] {logging_mixin.py:188} INFO - [2026-04-26T08:02:02.899+0000] {dag.py:3954} INFO - Setting next_dagrun for dataset_consumes_unknown_never_scheduled to None, run_after=None
[2026-04-26T08:02:02.901+0000] {logging_mixin.py:188} INFO - [2026-04-26T08:02:02.901+0000] {dag.py:3954} INFO - Setting next_dagrun for dataset_produces_1 to 2026-04-25 00:00:00+00:00, run_after=2026-04-26 00:00:00+00:00
[2026-04-26T08:02:02.902+0000] {logging_mixin.py:188} INFO - [2026-04-26T08:02:02.902+0000] {dag.py:3954} INFO - Setting next_dagrun for dataset_produces_2 to None, run_after=None
[2026-04-26T08:02:02.925+0000] {processor.py:183} INFO - Processing /usr/local/python/3.12.1/lib/python3.12/site-packages/airflow/example_dags/example_datasets.py took 0.103 seconds
[2026-04-26T08:02:07.888+0000] {processor.py:161} INFO - Started process (PID=57779) to work on /usr/local/python/3.12.1/lib/python3.12/site-packages/airflow/example_dags/example_datasets.py
[2026-04-26T08:02:07.889+0000] {processor.py:830} INFO - Processing file /usr/local/python/3.12.1/lib/python3.12/site-packages/airflow/example_dags/example_datasets.py for tasks to queue
[2026-04-26T08:02:07.890+0000] {logging_mixin.py:188} INFO - [2026-04-26T08:02:07.889+0000] {dagbag.py:540} INFO - Filling up the DagBag from /usr/local/python/3.12.1/lib/python3.12/site-packages/airflow/example_dags/example_datasets.py
[2026-04-26T08:02:07.901+0000] {processor.py:840} INFO - DAG(s) 'conditional_dataset_and_time_based_timetable', 'consume_1_and_2_with_dataset_expressions', 'dataset_consumes_1_and_2', 'dataset_consumes_1', 'dataset_produces_2', 'consume_1_or_both_2_and_3_with_dataset_expressions', 'dataset_consumes_unknown_never_scheduled', 'dataset_consumes_1_never_scheduled', 'consume_1_or_2_with_dataset_expressions', 'dataset_produces_1' retrieved from /usr/local/python/3.12.1/lib/python3.12/site-packages/airflow/example_dags/example_datasets.py
[2026-04-26T08:02:07.929+0000] {logging_mixin.py:188} INFO - [2026-04-26T08:02:07.928+0000] {dag.py:3096} INFO - Sync 10 DAGs
[2026-04-26T08:02:07.946+0000] {logging_mixin.py:188} INFO - [2026-04-26T08:02:07.946+0000] {dag.py:3954} INFO - Setting next_dagrun for conditional_dataset_and_time_based_timetable to 2026-04-22 01:00:00+00:00, run_after=2026-04-22 01:00:00+00:00
[2026-04-26T08:02:07.948+0000] {logging_mixin.py:188} INFO - [2026-04-26T08:02:07.948+0000] {dag.py:3954} INFO - Setting next_dagrun for consume_1_and_2_with_dataset_expressions to None, run_after=None
[2026-04-26T08:02:07.949+0000] {logging_mixin.py:188} INFO - [2026-04-26T08:02:07.949+0000] {dag.py:3954} INFO - Setting next_dagrun for consume_1_or_2_with_dataset_expressions to None, run_after=None
[2026-04-26T08:02:07.950+0000] {logging_mixin.py:188} INFO - [2026-04-26T08:02:07.950+0000] {dag.py:3954} INFO - Setting next_dagrun for consume_1_or_both_2_and_3_with_dataset_expressions to None, run_after=None
[2026-04-26T08:02:07.951+0000] {logging_mixin.py:188} INFO - [2026-04-26T08:02:07.951+0000] {dag.py:3954} INFO - Setting next_dagrun for dataset_consumes_1 to None, run_after=None
[2026-04-26T08:02:07.951+0000] {logging_mixin.py:188} INFO - [2026-04-26T08:02:07.951+0000] {dag.py:3954} INFO - Setting next_dagrun for dataset_consumes_1_and_2 to None, run_after=None
[2026-04-26T08:02:07.952+0000] {logging_mixin.py:188} INFO - [2026-04-26T08:02:07.952+0000] {dag.py:3954} INFO - Setting next_dagrun for dataset_consumes_1_never_scheduled to None, run_after=None
[2026-04-26T08:02:07.953+0000] {logging_mixin.py:188} INFO - [2026-04-26T08:02:07.953+0000] {dag.py:3954} INFO - Setting next_dagrun for dataset_consumes_unknown_never_scheduled to None, run_after=None
[2026-04-26T08:02:07.955+0000] {logging_mixin.py:188} INFO - [2026-04-26T08:02:07.955+0000] {dag.py:3954} INFO - Setting next_dagrun for dataset_produces_1 to 2026-04-25 00:00:00+00:00, run_after=2026-04-26 00:00:00+00:00
[2026-04-26T08:02:07.955+0000] {logging_mixin.py:188} INFO - [2026-04-26T08:02:07.955+0000] {dag.py:3954} INFO - Setting next_dagrun for dataset_produces_2 to None, run_after=None
[2026-04-26T08:02:07.983+0000] {processor.py:183} INFO - Processing /usr/local/python/3.12.1/lib/python3.12/site-packages/airflow/example_dags/example_datasets.py took 0.099 seconds
[2026-04-26T08:02:17.508+0000] {processor.py:161} INFO - Started process (PID=57867) to work on /usr/local/python/3.12.1/lib/python3.12/site-packages/airflow/example_dags/example_datasets.py
[2026-04-26T08:02:17.509+0000] {processor.py:830} INFO - Processing file /usr/local/python/3.12.1/lib/python3.12/site-packages/airflow/example_dags/example_datasets.py for tasks to queue
[2026-04-26T08:02:17.510+0000] {logging_mixin.py:188} INFO - [2026-04-26T08:02:17.510+0000] {dagbag.py:540} INFO - Filling up the DagBag from /usr/local/python/3.12.1/lib/python3.12/site-packages/airflow/example_dags/example_datasets.py
[2026-04-26T08:02:17.528+0000] {processor.py:840} INFO - DAG(s) 'dataset_consumes_1_and_2', 'conditional_dataset_and_time_based_timetable', 'dataset_consumes_1', 'consume_1_and_2_with_dataset_expressions', 'consume_1_or_2_with_dataset_expressions', 'dataset_produces_1', 'consume_1_or_both_2_and_3_with_dataset_expressions', 'dataset_consumes_unknown_never_scheduled', 'dataset_produces_2', 'dataset_consumes_1_never_scheduled' retrieved from /usr/local/python/3.12.1/lib/python3.12/site-packages/airflow/example_dags/example_datasets.py
[2026-04-26T08:02:17.593+0000] {logging_mixin.py:188} INFO - [2026-04-26T08:02:17.592+0000] {dag.py:3096} INFO - Sync 10 DAGs
[2026-04-26T08:02:17.654+0000] {logging_mixin.py:188} INFO - [2026-04-26T08:02:17.653+0000] {dag.py:3954} INFO - Setting next_dagrun for conditional_dataset_and_time_based_timetable to 2026-04-22 01:00:00+00:00, run_after=2026-04-22 01:00:00+00:00
[2026-04-26T08:02:17.658+0000] {logging_mixin.py:188} INFO - [2026-04-26T08:02:17.658+0000] {dag.py:3954} INFO - Setting next_dagrun for consume_1_and_2_with_dataset_expressions to None, run_after=None
[2026-04-26T08:02:17.659+0000] {logging_mixin.py:188} INFO - [2026-04-26T08:02:17.659+0000] {dag.py:3954} INFO - Setting next_dagrun for consume_1_or_2_with_dataset_expressions to None, run_after=None
[2026-04-26T08:02:17.660+0000] {logging_mixin.py:188} INFO - [2026-04-26T08:02:17.660+0000] {dag.py:3954} INFO - Setting next_dagrun for consume_1_or_both_2_and_3_with_dataset_expressions to None, run_after=None
[2026-04-26T08:02:17.663+0000] {logging_mixin.py:188} INFO - [2026-04-26T08:02:17.663+0000] {dag.py:3954} INFO - Setting next_dagrun for dataset_consumes_1 to None, run_after=None
[2026-04-26T08:02:17.665+0000] {logging_mixin.py:188} INFO - [2026-04-26T08:02:17.664+0000] {dag.py:3954} INFO - Setting next_dagrun for dataset_consumes_1_and_2 to None, run_after=None
[2026-04-26T08:02:17.666+0000] {logging_mixin.py:188} INFO - [2026-04-26T08:02:17.666+0000] {dag.py:3954} INFO - Setting next_dagrun for dataset_consumes_1_never_scheduled to None, run_after=None
[2026-04-26T08:02:17.667+0000] {logging_mixin.py:188} INFO - [2026-04-26T08:02:17.667+0000] {dag.py:3954} INFO - Setting next_dagrun for dataset_consumes_unknown_never_scheduled to None, run_after=None
[2026-04-26T08:02:17.670+0000] {logging_mixin.py:188} INFO - [2026-04-26T08:02:17.670+0000] {dag.py:3954} INFO - Setting next_dagrun for dataset_produces_1 to 2026-04-25 00:00:00+00:00, run_after=2026-04-26 00:00:00+00:00
[2026-04-26T08:02:17.671+0000] {logging_mixin.py:188} INFO - [2026-04-26T08:02:17.671+0000] {dag.py:3954} INFO - Setting next_dagrun for dataset_produces_2 to None, run_after=None
[2026-04-26T08:02:17.753+0000] {processor.py:183} INFO - Processing /usr/local/python/3.12.1/lib/python3.12/site-packages/airflow/example_dags/example_datasets.py took 0.254 seconds
[2026-04-26T08:03:10.155+0000] {processor.py:161} INFO - Started process (PID=58692) to work on /usr/local/python/3.12.1/lib/python3.12/site-packages/airflow/example_dags/example_datasets.py
[2026-04-26T08:03:10.156+0000] {processor.py:830} INFO - Processing file /usr/local/python/3.12.1/lib/python3.12/site-packages/airflow/example_dags/example_datasets.py for tasks to queue
[2026-04-26T08:03:10.156+0000] {logging_mixin.py:188} INFO - [2026-04-26T08:03:10.156+0000] {dagbag.py:540} INFO - Filling up the DagBag from /usr/local/python/3.12.1/lib/python3.12/site-packages/airflow/example_dags/example_datasets.py
[2026-04-26T08:03:10.172+0000] {processor.py:840} INFO - DAG(s) 'dataset_consumes_1_never_scheduled', 'conditional_dataset_and_time_based_timetable', 'dataset_consumes_unknown_never_scheduled', 'dataset_produces_1', 'dataset_consumes_1_and_2', 'consume_1_or_2_with_dataset_expressions', 'dataset_produces_2', 'consume_1_or_both_2_and_3_with_dataset_expressions', 'dataset_consumes_1', 'consume_1_and_2_with_dataset_expressions' retrieved from /usr/local/python/3.12.1/lib/python3.12/site-packages/airflow/example_dags/example_datasets.py
[2026-04-26T08:03:10.205+0000] {logging_mixin.py:188} INFO - [2026-04-26T08:03:10.204+0000] {dag.py:3096} INFO - Sync 10 DAGs
[2026-04-26T08:03:10.224+0000] {logging_mixin.py:188} INFO - [2026-04-26T08:03:10.224+0000] {dag.py:3954} INFO - Setting next_dagrun for conditional_dataset_and_time_based_timetable to 2026-04-22 01:00:00+00:00, run_after=2026-04-22 01:00:00+00:00
[2026-04-26T08:03:10.227+0000] {logging_mixin.py:188} INFO - [2026-04-26T08:03:10.227+0000] {dag.py:3954} INFO - Setting next_dagrun for consume_1_and_2_with_dataset_expressions to None, run_after=None
[2026-04-26T08:03:10.228+0000] {logging_mixin.py:188} INFO - [2026-04-26T08:03:10.228+0000] {dag.py:3954} INFO - Setting next_dagrun for consume_1_or_2_with_dataset_expressions to None, run_after=None
[2026-04-26T08:03:10.229+0000] {logging_mixin.py:188} INFO - [2026-04-26T08:03:10.228+0000] {dag.py:3954} INFO - Setting next_dagrun for consume_1_or_both_2_and_3_with_dataset_expressions to None, run_after=None
[2026-04-26T08:03:10.229+0000] {logging_mixin.py:188} INFO - [2026-04-26T08:03:10.229+0000] {dag.py:3954} INFO - Setting next_dagrun for dataset_consumes_1 to None, run_after=None
[2026-04-26T08:03:10.230+0000] {logging_mixin.py:188} INFO - [2026-04-26T08:03:10.230+0000] {dag.py:3954} INFO - Setting next_dagrun for dataset_consumes_1_and_2 to None, run_after=None
[2026-04-26T08:03:10.231+0000] {logging_mixin.py:188} INFO - [2026-04-26T08:03:10.231+0000] {dag.py:3954} INFO - Setting next_dagrun for dataset_consumes_1_never_scheduled to None, run_after=None
[2026-04-26T08:03:10.232+0000] {logging_mixin.py:188} INFO - [2026-04-26T08:03:10.231+0000] {dag.py:3954} INFO - Setting next_dagrun for dataset_consumes_unknown_never_scheduled to None, run_after=None
[2026-04-26T08:03:10.233+0000] {logging_mixin.py:188} INFO - [2026-04-26T08:03:10.233+0000] {dag.py:3954} INFO - Setting next_dagrun for dataset_produces_1 to 2026-04-25 00:00:00+00:00, run_after=2026-04-26 00:00:00+00:00
[2026-04-26T08:03:10.234+0000] {logging_mixin.py:188} INFO - [2026-04-26T08:03:10.234+0000] {dag.py:3954} INFO - Setting next_dagrun for dataset_produces_2 to None, run_after=None
[2026-04-26T08:03:10.261+0000] {processor.py:183} INFO - Processing /usr/local/python/3.12.1/lib/python3.12/site-packages/airflow/example_dags/example_datasets.py took 0.110 seconds
[2026-04-26T08:03:12.338+0000] {processor.py:161} INFO - Started process (PID=58734) to work on /usr/local/python/3.12.1/lib/python3.12/site-packages/airflow/example_dags/example_datasets.py
[2026-04-26T08:03:12.339+0000] {processor.py:830} INFO - Processing file /usr/local/python/3.12.1/lib/python3.12/site-packages/airflow/example_dags/example_datasets.py for tasks to queue
[2026-04-26T08:03:12.340+0000] {logging_mixin.py:188} INFO - [2026-04-26T08:03:12.340+0000] {dagbag.py:540} INFO - Filling up the DagBag from /usr/local/python/3.12.1/lib/python3.12/site-packages/airflow/example_dags/example_datasets.py
[2026-04-26T08:03:12.359+0000] {processor.py:840} INFO - DAG(s) 'dataset_consumes_1_never_scheduled', 'consume_1_or_2_with_dataset_expressions', 'consume_1_or_both_2_and_3_with_dataset_expressions', 'conditional_dataset_and_time_based_timetable', 'dataset_consumes_unknown_never_scheduled', 'dataset_produces_1', 'dataset_consumes_1', 'dataset_produces_2', 'consume_1_and_2_with_dataset_expressions', 'dataset_consumes_1_and_2' retrieved from /usr/local/python/3.12.1/lib/python3.12/site-packages/airflow/example_dags/example_datasets.py
[2026-04-26T08:03:12.402+0000] {logging_mixin.py:188} INFO - [2026-04-26T08:03:12.402+0000] {dag.py:3096} INFO - Sync 10 DAGs
[2026-04-26T08:03:12.431+0000] {logging_mixin.py:188} INFO - [2026-04-26T08:03:12.431+0000] {dag.py:3954} INFO - Setting next_dagrun for conditional_dataset_and_time_based_timetable to 2026-04-22 01:00:00+00:00, run_after=2026-04-22 01:00:00+00:00
[2026-04-26T08:03:12.435+0000] {logging_mixin.py:188} INFO - [2026-04-26T08:03:12.435+0000] {dag.py:3954} INFO - Setting next_dagrun for consume_1_and_2_with_dataset_expressions to None, run_after=None
[2026-04-26T08:03:12.436+0000] {logging_mixin.py:188} INFO - [2026-04-26T08:03:12.436+0000] {dag.py:3954} INFO - Setting next_dagrun for consume_1_or_2_with_dataset_expressions to None, run_after=None
[2026-04-26T08:03:12.437+0000] {logging_mixin.py:188} INFO - [2026-04-26T08:03:12.437+0000] {dag.py:3954} INFO - Setting next_dagrun for consume_1_or_both_2_and_3_with_dataset_expressions to None, run_after=None
[2026-04-26T08:03:12.438+0000] {logging_mixin.py:188} INFO - [2026-04-26T08:03:12.438+0000] {dag.py:3954} INFO - Setting next_dagrun for dataset_consumes_1 to None, run_after=None
[2026-04-26T08:03:12.439+0000] {logging_mixin.py:188} INFO - [2026-04-26T08:03:12.439+0000] {dag.py:3954} INFO - Setting next_dagrun for dataset_consumes_1_and_2 to None, run_after=None
[2026-04-26T08:03:12.440+0000] {logging_mixin.py:188} INFO - [2026-04-26T08:03:12.440+0000] {dag.py:3954} INFO - Setting next_dagrun for dataset_consumes_1_never_scheduled to None, run_after=None
[2026-04-26T08:03:12.441+0000] {logging_mixin.py:188} INFO - [2026-04-26T08:03:12.441+0000] {dag.py:3954} INFO - Setting next_dagrun for dataset_consumes_unknown_never_scheduled to None, run_after=None
[2026-04-26T08:03:12.444+0000] {logging_mixin.py:188} INFO - [2026-04-26T08:03:12.443+0000] {dag.py:3954} INFO - Setting next_dagrun for dataset_produces_1 to 2026-04-25 00:00:00+00:00, run_after=2026-04-26 00:00:00+00:00
[2026-04-26T08:03:12.445+0000] {logging_mixin.py:188} INFO - [2026-04-26T08:03:12.444+0000] {dag.py:3954} INFO - Setting next_dagrun for dataset_produces_2 to None, run_after=None
[2026-04-26T08:03:12.473+0000] {processor.py:183} INFO - Processing /usr/local/python/3.12.1/lib/python3.12/site-packages/airflow/example_dags/example_datasets.py took 0.141 seconds
[2026-04-26T08:03:27.751+0000] {processor.py:161} INFO - Started process (PID=58878) to work on /usr/local/python/3.12.1/lib/python3.12/site-packages/airflow/example_dags/example_datasets.py
[2026-04-26T08:03:27.757+0000] {processor.py:830} INFO - Processing file /usr/local/python/3.12.1/lib/python3.12/site-packages/airflow/example_dags/example_datasets.py for tasks to queue
[2026-04-26T08:03:27.758+0000] {logging_mixin.py:188} INFO - [2026-04-26T08:03:27.758+0000] {dagbag.py:540} INFO - Filling up the DagBag from /usr/local/python/3.12.1/lib/python3.12/site-packages/airflow/example_dags/example_datasets.py
[2026-04-26T08:03:27.803+0000] {processor.py:840} INFO - DAG(s) 'dataset_produces_2', 'dataset_consumes_unknown_never_scheduled', 'consume_1_and_2_with_dataset_expressions', 'dataset_consumes_1', 'conditional_dataset_and_time_based_timetable', 'consume_1_or_2_with_dataset_expressions', 'dataset_produces_1', 'dataset_consumes_1_and_2', 'dataset_consumes_1_never_scheduled', 'consume_1_or_both_2_and_3_with_dataset_expressions' retrieved from /usr/local/python/3.12.1/lib/python3.12/site-packages/airflow/example_dags/example_datasets.py
[2026-04-26T08:03:27.898+0000] {logging_mixin.py:188} INFO - [2026-04-26T08:03:27.898+0000] {dag.py:3096} INFO - Sync 10 DAGs
[2026-04-26T08:03:27.920+0000] {logging_mixin.py:188} INFO - [2026-04-26T08:03:27.920+0000] {dag.py:3954} INFO - Setting next_dagrun for conditional_dataset_and_time_based_timetable to 2026-04-22 01:00:00+00:00, run_after=2026-04-22 01:00:00+00:00
[2026-04-26T08:03:27.923+0000] {logging_mixin.py:188} INFO - [2026-04-26T08:03:27.923+0000] {dag.py:3954} INFO - Setting next_dagrun for consume_1_and_2_with_dataset_expressions to None, run_after=None
[2026-04-26T08:03:27.924+0000] {logging_mixin.py:188} INFO - [2026-04-26T08:03:27.924+0000] {dag.py:3954} INFO - Setting next_dagrun for consume_1_or_2_with_dataset_expressions to None, run_after=None
[2026-04-26T08:03:27.925+0000] {logging_mixin.py:188} INFO - [2026-04-26T08:03:27.925+0000] {dag.py:3954} INFO - Setting next_dagrun for consume_1_or_both_2_and_3_with_dataset_expressions to None, run_after=None
[2026-04-26T08:03:27.926+0000] {logging_mixin.py:188} INFO - [2026-04-26T08:03:27.926+0000] {dag.py:3954} INFO - Setting next_dagrun for dataset_consumes_1 to None, run_after=None
[2026-04-26T08:03:27.927+0000] {logging_mixin.py:188} INFO - [2026-04-26T08:03:27.926+0000] {dag.py:3954} INFO - Setting next_dagrun for dataset_consumes_1_and_2 to None, run_after=None
[2026-04-26T08:03:27.927+0000] {logging_mixin.py:188} INFO - [2026-04-26T08:03:27.927+0000] {dag.py:3954} INFO - Setting next_dagrun for dataset_consumes_1_never_scheduled to None, run_after=None
[2026-04-26T08:03:27.928+0000] {logging_mixin.py:188} INFO - [2026-04-26T08:03:27.928+0000] {dag.py:3954} INFO - Setting next_dagrun for dataset_consumes_unknown_never_scheduled to None, run_after=None
[2026-04-26T08:03:27.930+0000] {logging_mixin.py:188} INFO - [2026-04-26T08:03:27.930+0000] {dag.py:3954} INFO - Setting next_dagrun for dataset_produces_1 to 2026-04-25 00:00:00+00:00, run_after=2026-04-26 00:00:00+00:00
[2026-04-26T08:03:27.931+0000] {logging_mixin.py:188} INFO - [2026-04-26T08:03:27.930+0000] {dag.py:3954} INFO - Setting next_dagrun for dataset_produces_2 to None, run_after=None
[2026-04-26T08:03:27.957+0000] {processor.py:183} INFO - Processing /usr/local/python/3.12.1/lib/python3.12/site-packages/airflow/example_dags/example_datasets.py took 0.213 seconds
[2026-04-26T08:04:15.581+0000] {processor.py:161} INFO - Started process (PID=59330) to work on /usr/local/python/3.12.1/lib/python3.12/site-packages/airflow/example_dags/example_datasets.py
[2026-04-26T08:04:15.582+0000] {processor.py:830} INFO - Processing file /usr/local/python/3.12.1/lib/python3.12/site-packages/airflow/example_dags/example_datasets.py for tasks to queue
[2026-04-26T08:04:15.583+0000] {logging_mixin.py:188} INFO - [2026-04-26T08:04:15.582+0000] {dagbag.py:540} INFO - Filling up the DagBag from /usr/local/python/3.12.1/lib/python3.12/site-packages/airflow/example_dags/example_datasets.py
[2026-04-26T08:04:15.595+0000] {processor.py:840} INFO - DAG(s) 'dataset_consumes_1_never_scheduled', 'conditional_dataset_and_time_based_timetable', 'dataset_produces_2', 'dataset_consumes_1_and_2', 'dataset_consumes_unknown_never_scheduled', 'consume_1_and_2_with_dataset_expressions', 'dataset_produces_1', 'consume_1_or_2_with_dataset_expressions', 'dataset_consumes_1', 'consume_1_or_both_2_and_3_with_dataset_expressions' retrieved from /usr/local/python/3.12.1/lib/python3.12/site-packages/airflow/example_dags/example_datasets.py
[2026-04-26T08:04:15.624+0000] {logging_mixin.py:188} INFO - [2026-04-26T08:04:15.624+0000] {dag.py:3096} INFO - Sync 10 DAGs
[2026-04-26T08:04:15.642+0000] {logging_mixin.py:188} INFO - [2026-04-26T08:04:15.642+0000] {dag.py:3954} INFO - Setting next_dagrun for conditional_dataset_and_time_based_timetable to 2026-04-22 01:00:00+00:00, run_after=2026-04-22 01:00:00+00:00
[2026-04-26T08:04:15.644+0000] {logging_mixin.py:188} INFO - [2026-04-26T08:04:15.644+0000] {dag.py:3954} INFO - Setting next_dagrun for consume_1_and_2_with_dataset_expressions to None, run_after=None
[2026-04-26T08:04:15.645+0000] {logging_mixin.py:188} INFO - [2026-04-26T08:04:15.645+0000] {dag.py:3954} INFO - Setting next_dagrun for consume_1_or_2_with_dataset_expressions to None, run_after=None
[2026-04-26T08:04:15.646+0000] {logging_mixin.py:188} INFO - [2026-04-26T08:04:15.646+0000] {dag.py:3954} INFO - Setting next_dagrun for consume_1_or_both_2_and_3_with_dataset_expressions to None, run_after=None
[2026-04-26T08:04:15.647+0000] {logging_mixin.py:188} INFO - [2026-04-26T08:04:15.647+0000] {dag.py:3954} INFO - Setting next_dagrun for dataset_consumes_1 to None, run_after=None
[2026-04-26T08:04:15.648+0000] {logging_mixin.py:188} INFO - [2026-04-26T08:04:15.647+0000] {dag.py:3954} INFO - Setting next_dagrun for dataset_consumes_1_and_2 to None, run_after=None
[2026-04-26T08:04:15.648+0000] {logging_mixin.py:188} INFO - [2026-04-26T08:04:15.648+0000] {dag.py:3954} INFO - Setting next_dagrun for dataset_consumes_1_never_scheduled to None, run_after=None
[2026-04-26T08:04:15.649+0000] {logging_mixin.py:188} INFO - [2026-04-26T08:04:15.649+0000] {dag.py:3954} INFO - Setting next_dagrun for dataset_consumes_unknown_never_scheduled to None, run_after=None
[2026-04-26T08:04:15.651+0000] {logging_mixin.py:188} INFO - [2026-04-26T08:04:15.651+0000] {dag.py:3954} INFO - Setting next_dagrun for dataset_produces_1 to 2026-04-25 00:00:00+00:00, run_after=2026-04-26 00:00:00+00:00
[2026-04-26T08:04:15.651+0000] {logging_mixin.py:188} INFO - [2026-04-26T08:04:15.651+0000] {dag.py:3954} INFO - Setting next_dagrun for dataset_produces_2 to None, run_after=None
[2026-04-26T08:04:15.679+0000] {processor.py:183} INFO - Processing /usr/local/python/3.12.1/lib/python3.12/site-packages/airflow/example_dags/example_datasets.py took 0.101 seconds
[2026-04-26T08:04:15.844+0000] {processor.py:161} INFO - Started process (PID=59332) to work on /usr/local/python/3.12.1/lib/python3.12/site-packages/airflow/example_dags/example_datasets.py
[2026-04-26T08:04:15.846+0000] {processor.py:830} INFO - Processing file /usr/local/python/3.12.1/lib/python3.12/site-packages/airflow/example_dags/example_datasets.py for tasks to queue
[2026-04-26T08:04:15.847+0000] {logging_mixin.py:188} INFO - [2026-04-26T08:04:15.846+0000] {dagbag.py:540} INFO - Filling up the DagBag from /usr/local/python/3.12.1/lib/python3.12/site-packages/airflow/example_dags/example_datasets.py
[2026-04-26T08:04:15.864+0000] {processor.py:840} INFO - DAG(s) 'dataset_consumes_unknown_never_scheduled', 'dataset_consumes_1_and_2', 'dataset_consumes_1', 'conditional_dataset_and_time_based_timetable', 'dataset_produces_1', 'dataset_consumes_1_never_scheduled', 'dataset_produces_2', 'consume_1_or_both_2_and_3_with_dataset_expressions', 'consume_1_and_2_with_dataset_expressions', 'consume_1_or_2_with_dataset_expressions' retrieved from /usr/local/python/3.12.1/lib/python3.12/site-packages/airflow/example_dags/example_datasets.py
[2026-04-26T08:04:15.948+0000] {logging_mixin.py:188} INFO - [2026-04-26T08:04:15.948+0000] {dag.py:3096} INFO - Sync 10 DAGs
[2026-04-26T08:04:15.980+0000] {logging_mixin.py:188} INFO - [2026-04-26T08:04:15.980+0000] {dag.py:3954} INFO - Setting next_dagrun for conditional_dataset_and_time_based_timetable to 2026-04-22 01:00:00+00:00, run_after=2026-04-22 01:00:00+00:00
[2026-04-26T08:04:15.985+0000] {logging_mixin.py:188} INFO - [2026-04-26T08:04:15.984+0000] {dag.py:3954} INFO - Setting next_dagrun for consume_1_and_2_with_dataset_expressions to None, run_after=None
[2026-04-26T08:04:15.986+0000] {logging_mixin.py:188} INFO - [2026-04-26T08:04:15.985+0000] {dag.py:3954} INFO - Setting next_dagrun for consume_1_or_2_with_dataset_expressions to None, run_after=None
[2026-04-26T08:04:15.987+0000] {logging_mixin.py:188} INFO - [2026-04-26T08:04:15.987+0000] {dag.py:3954} INFO - Setting next_dagrun for consume_1_or_both_2_and_3_with_dataset_expressions to None, run_after=None
[2026-04-26T08:04:15.988+0000] {logging_mixin.py:188} INFO - [2026-04-26T08:04:15.988+0000] {dag.py:3954} INFO - Setting next_dagrun for dataset_consumes_1 to None, run_after=None
[2026-04-26T08:04:15.989+0000] {logging_mixin.py:188} INFO - [2026-04-26T08:04:15.989+0000] {dag.py:3954} INFO - Setting next_dagrun for dataset_consumes_1_and_2 to None, run_after=None
[2026-04-26T08:04:15.990+0000] {logging_mixin.py:188} INFO - [2026-04-26T08:04:15.990+0000] {dag.py:3954} INFO - Setting next_dagrun for dataset_consumes_1_never_scheduled to None, run_after=None
[2026-04-26T08:04:15.992+0000] {logging_mixin.py:188} INFO - [2026-04-26T08:04:15.992+0000] {dag.py:3954} INFO - Setting next_dagrun for dataset_consumes_unknown_never_scheduled to None, run_after=None
[2026-04-26T08:04:15.995+0000] {logging_mixin.py:188} INFO - [2026-04-26T08:04:15.995+0000] {dag.py:3954} INFO - Setting next_dagrun for dataset_produces_1 to 2026-04-25 00:00:00+00:00, run_after=2026-04-26 00:00:00+00:00
[2026-04-26T08:04:15.996+0000] {logging_mixin.py:188} INFO - [2026-04-26T08:04:15.996+0000] {dag.py:3954} INFO - Setting next_dagrun for dataset_produces_2 to None, run_after=None
[2026-04-26T08:04:16.085+0000] {processor.py:183} INFO - Processing /usr/local/python/3.12.1/lib/python3.12/site-packages/airflow/example_dags/example_datasets.py took 0.247 seconds
[2026-04-26T08:04:37.519+0000] {processor.py:161} INFO - Started process (PID=59583) to work on /usr/local/python/3.12.1/lib/python3.12/site-packages/airflow/example_dags/example_datasets.py
[2026-04-26T08:04:37.519+0000] {processor.py:830} INFO - Processing file /usr/local/python/3.12.1/lib/python3.12/site-packages/airflow/example_dags/example_datasets.py for tasks to queue
[2026-04-26T08:04:37.520+0000] {logging_mixin.py:188} INFO - [2026-04-26T08:04:37.520+0000] {dagbag.py:540} INFO - Filling up the DagBag from /usr/local/python/3.12.1/lib/python3.12/site-packages/airflow/example_dags/example_datasets.py
[2026-04-26T08:04:37.531+0000] {processor.py:840} INFO - DAG(s) 'dataset_consumes_1_and_2', 'dataset_produces_2', 'consume_1_or_both_2_and_3_with_dataset_expressions', 'dataset_produces_1', 'conditional_dataset_and_time_based_timetable', 'consume_1_or_2_with_dataset_expressions', 'dataset_consumes_unknown_never_scheduled', 'dataset_consumes_1', 'consume_1_and_2_with_dataset_expressions', 'dataset_consumes_1_never_scheduled' retrieved from /usr/local/python/3.12.1/lib/python3.12/site-packages/airflow/example_dags/example_datasets.py
[2026-04-26T08:04:37.562+0000] {logging_mixin.py:188} INFO - [2026-04-26T08:04:37.562+0000] {dag.py:3096} INFO - Sync 10 DAGs
[2026-04-26T08:04:37.582+0000] {logging_mixin.py:188} INFO - [2026-04-26T08:04:37.582+0000] {dag.py:3954} INFO - Setting next_dagrun for conditional_dataset_and_time_based_timetable to 2026-04-22 01:00:00+00:00, run_after=2026-04-22 01:00:00+00:00
[2026-04-26T08:04:37.585+0000] {logging_mixin.py:188} INFO - [2026-04-26T08:04:37.585+0000] {dag.py:3954} INFO - Setting next_dagrun for consume_1_and_2_with_dataset_expressions to None, run_after=None
[2026-04-26T08:04:37.586+0000] {logging_mixin.py:188} INFO - [2026-04-26T08:04:37.586+0000] {dag.py:3954} INFO - Setting next_dagrun for consume_1_or_2_with_dataset_expressions to None, run_after=None
[2026-04-26T08:04:37.587+0000] {logging_mixin.py:188} INFO - [2026-04-26T08:04:37.586+0000] {dag.py:3954} INFO - Setting next_dagrun for consume_1_or_both_2_and_3_with_dataset_expressions to None, run_after=None
[2026-04-26T08:04:37.587+0000] {logging_mixin.py:188} INFO - [2026-04-26T08:04:37.587+0000] {dag.py:3954} INFO - Setting next_dagrun for dataset_consumes_1 to None, run_after=None
[2026-04-26T08:04:37.588+0000] {logging_mixin.py:188} INFO - [2026-04-26T08:04:37.588+0000] {dag.py:3954} INFO - Setting next_dagrun for dataset_consumes_1_and_2 to None, run_after=None
[2026-04-26T08:04:37.589+0000] {logging_mixin.py:188} INFO - [2026-04-26T08:04:37.589+0000] {dag.py:3954} INFO - Setting next_dagrun for dataset_consumes_1_never_scheduled to None, run_after=None
[2026-04-26T08:04:37.590+0000] {logging_mixin.py:188} INFO - [2026-04-26T08:04:37.589+0000] {dag.py:3954} INFO - Setting next_dagrun for dataset_consumes_unknown_never_scheduled to None, run_after=None
[2026-04-26T08:04:37.591+0000] {logging_mixin.py:188} INFO - [2026-04-26T08:04:37.591+0000] {dag.py:3954} INFO - Setting next_dagrun for dataset_produces_1 to 2026-04-25 00:00:00+00:00, run_after=2026-04-26 00:00:00+00:00
[2026-04-26T08:04:37.592+0000] {logging_mixin.py:188} INFO - [2026-04-26T08:04:37.592+0000] {dag.py:3954} INFO - Setting next_dagrun for dataset_produces_2 to None, run_after=None
[2026-04-26T08:04:37.617+0000] {processor.py:183} INFO - Processing /usr/local/python/3.12.1/lib/python3.12/site-packages/airflow/example_dags/example_datasets.py took 0.103 seconds
[2026-04-26T08:05:16.502+0000] {processor.py:161} INFO - Started process (PID=60005) to work on /usr/local/python/3.12.1/lib/python3.12/site-packages/airflow/example_dags/example_datasets.py
[2026-04-26T08:05:16.505+0000] {processor.py:830} INFO - Processing file /usr/local/python/3.12.1/lib/python3.12/site-packages/airflow/example_dags/example_datasets.py for tasks to queue
[2026-04-26T08:05:16.506+0000] {logging_mixin.py:188} INFO - [2026-04-26T08:05:16.506+0000] {dagbag.py:540} INFO - Filling up the DagBag from /usr/local/python/3.12.1/lib/python3.12/site-packages/airflow/example_dags/example_datasets.py
[2026-04-26T08:05:16.524+0000] {processor.py:840} INFO - DAG(s) 'consume_1_or_both_2_and_3_with_dataset_expressions', 'dataset_consumes_1', 'dataset_produces_2', 'dataset_consumes_1_never_scheduled', 'dataset_produces_1', 'consume_1_and_2_with_dataset_expressions', 'dataset_consumes_unknown_never_scheduled', 'dataset_consumes_1_and_2', 'consume_1_or_2_with_dataset_expressions', 'conditional_dataset_and_time_based_timetable' retrieved from /usr/local/python/3.12.1/lib/python3.12/site-packages/airflow/example_dags/example_datasets.py
[2026-04-26T08:05:16.566+0000] {logging_mixin.py:188} INFO - [2026-04-26T08:05:16.566+0000] {dag.py:3096} INFO - Sync 10 DAGs
[2026-04-26T08:05:16.587+0000] {logging_mixin.py:188} INFO - [2026-04-26T08:05:16.587+0000] {dag.py:3954} INFO - Setting next_dagrun for conditional_dataset_and_time_based_timetable to 2026-04-22 01:00:00+00:00, run_after=2026-04-22 01:00:00+00:00
[2026-04-26T08:05:16.589+0000] {logging_mixin.py:188} INFO - [2026-04-26T08:05:16.589+0000] {dag.py:3954} INFO - Setting next_dagrun for consume_1_and_2_with_dataset_expressions to None, run_after=None
[2026-04-26T08:05:16.590+0000] {logging_mixin.py:188} INFO - [2026-04-26T08:05:16.590+0000] {dag.py:3954} INFO - Setting next_dagrun for consume_1_or_2_with_dataset_expressions to None, run_after=None
[2026-04-26T08:05:16.591+0000] {logging_mixin.py:188} INFO - [2026-04-26T08:05:16.591+0000] {dag.py:3954} INFO - Setting next_dagrun for consume_1_or_both_2_and_3_with_dataset_expressions to None, run_after=None
[2026-04-26T08:05:16.592+0000] {logging_mixin.py:188} INFO - [2026-04-26T08:05:16.592+0000] {dag.py:3954} INFO - Setting next_dagrun for dataset_consumes_1 to None, run_after=None
[2026-04-26T08:05:16.592+0000] {logging_mixin.py:188} INFO - [2026-04-26T08:05:16.592+0000] {dag.py:3954} INFO - Setting next_dagrun for dataset_consumes_1_and_2 to None, run_after=None
[2026-04-26T08:05:16.593+0000] {logging_mixin.py:188} INFO - [2026-04-26T08:05:16.593+0000] {dag.py:3954} INFO - Setting next_dagrun for dataset_consumes_1_never_scheduled to None, run_after=None
[2026-04-26T08:05:16.594+0000] {logging_mixin.py:188} INFO - [2026-04-26T08:05:16.594+0000] {dag.py:3954} INFO - Setting next_dagrun for dataset_consumes_unknown_never_scheduled to None, run_after=None
[2026-04-26T08:05:16.595+0000] {logging_mixin.py:188} INFO - [2026-04-26T08:05:16.595+0000] {dag.py:3954} INFO - Setting next_dagrun for dataset_produces_1 to 2026-04-25 00:00:00+00:00, run_after=2026-04-26 00:00:00+00:00
[2026-04-26T08:05:16.596+0000] {logging_mixin.py:188} INFO - [2026-04-26T08:05:16.596+0000] {dag.py:3954} INFO - Setting next_dagrun for dataset_produces_2 to None, run_after=None
[2026-04-26T08:05:16.628+0000] {processor.py:183} INFO - Processing /usr/local/python/3.12.1/lib/python3.12/site-packages/airflow/example_dags/example_datasets.py took 0.140 seconds
[2026-04-26T08:05:22.255+0000] {processor.py:161} INFO - Started process (PID=60058) to work on /usr/local/python/3.12.1/lib/python3.12/site-packages/airflow/example_dags/example_datasets.py
[2026-04-26T08:05:22.256+0000] {processor.py:830} INFO - Processing file /usr/local/python/3.12.1/lib/python3.12/site-packages/airflow/example_dags/example_datasets.py for tasks to queue
[2026-04-26T08:05:22.257+0000] {logging_mixin.py:188} INFO - [2026-04-26T08:05:22.257+0000] {dagbag.py:540} INFO - Filling up the DagBag from /usr/local/python/3.12.1/lib/python3.12/site-packages/airflow/example_dags/example_datasets.py
[2026-04-26T08:05:22.272+0000] {processor.py:840} INFO - DAG(s) 'consume_1_and_2_with_dataset_expressions', 'conditional_dataset_and_time_based_timetable', 'dataset_produces_2', 'dataset_produces_1', 'dataset_consumes_1_never_scheduled', 'dataset_consumes_unknown_never_scheduled', 'consume_1_or_2_with_dataset_expressions', 'consume_1_or_both_2_and_3_with_dataset_expressions', 'dataset_consumes_1', 'dataset_consumes_1_and_2' retrieved from /usr/local/python/3.12.1/lib/python3.12/site-packages/airflow/example_dags/example_datasets.py
[2026-04-26T08:05:22.302+0000] {logging_mixin.py:188} INFO - [2026-04-26T08:05:22.301+0000] {dag.py:3096} INFO - Sync 10 DAGs
[2026-04-26T08:05:22.319+0000] {logging_mixin.py:188} INFO - [2026-04-26T08:05:22.318+0000] {dag.py:3954} INFO - Setting next_dagrun for conditional_dataset_and_time_based_timetable to 2026-04-22 01:00:00+00:00, run_after=2026-04-22 01:00:00+00:00
[2026-04-26T08:05:22.321+0000] {logging_mixin.py:188} INFO - [2026-04-26T08:05:22.321+0000] {dag.py:3954} INFO - Setting next_dagrun for consume_1_and_2_with_dataset_expressions to None, run_after=None
[2026-04-26T08:05:22.322+0000] {logging_mixin.py:188} INFO - [2026-04-26T08:05:22.322+0000] {dag.py:3954} INFO - Setting next_dagrun for consume_1_or_2_with_dataset_expressions to None, run_after=None
[2026-04-26T08:05:22.323+0000] {logging_mixin.py:188} INFO - [2026-04-26T08:05:22.323+0000] {dag.py:3954} INFO - Setting next_dagrun for consume_1_or_both_2_and_3_with_dataset_expressions to None, run_after=None
[2026-04-26T08:05:22.324+0000] {logging_mixin.py:188} INFO - [2026-04-26T08:05:22.323+0000] {dag.py:3954} INFO - Setting next_dagrun for dataset_consumes_1 to None, run_after=None
[2026-04-26T08:05:22.324+0000] {logging_mixin.py:188} INFO - [2026-04-26T08:05:22.324+0000] {dag.py:3954} INFO - Setting next_dagrun for dataset_consumes_1_and_2 to None, run_after=None
[2026-04-26T08:05:22.325+0000] {logging_mixin.py:188} INFO - [2026-04-26T08:05:22.325+0000] {dag.py:3954} INFO - Setting next_dagrun for dataset_consumes_1_never_scheduled to None, run_after=None
[2026-04-26T08:05:22.326+0000] {logging_mixin.py:188} INFO - [2026-04-26T08:05:22.326+0000] {dag.py:3954} INFO - Setting next_dagrun for dataset_consumes_unknown_never_scheduled to None, run_after=None
[2026-04-26T08:05:22.327+0000] {logging_mixin.py:188} INFO - [2026-04-26T08:05:22.327+0000] {dag.py:3954} INFO - Setting next_dagrun for dataset_produces_1 to 2026-04-25 00:00:00+00:00, run_after=2026-04-26 00:00:00+00:00
[2026-04-26T08:05:22.328+0000] {logging_mixin.py:188} INFO - [2026-04-26T08:05:22.328+0000] {dag.py:3954} INFO - Setting next_dagrun for dataset_produces_2 to None, run_after=None
[2026-04-26T08:05:22.355+0000] {processor.py:183} INFO - Processing /usr/local/python/3.12.1/lib/python3.12/site-packages/airflow/example_dags/example_datasets.py took 0.104 seconds
[2026-04-26T08:05:40.039+0000] {processor.py:161} INFO - Started process (PID=60300) to work on /usr/local/python/3.12.1/lib/python3.12/site-packages/airflow/example_dags/example_datasets.py
[2026-04-26T08:05:40.042+0000] {processor.py:830} INFO - Processing file /usr/local/python/3.12.1/lib/python3.12/site-packages/airflow/example_dags/example_datasets.py for tasks to queue
[2026-04-26T08:05:40.044+0000] {logging_mixin.py:188} INFO - [2026-04-26T08:05:40.043+0000] {dagbag.py:540} INFO - Filling up the DagBag from /usr/local/python/3.12.1/lib/python3.12/site-packages/airflow/example_dags/example_datasets.py
[2026-04-26T08:05:40.062+0000] {processor.py:840} INFO - DAG(s) 'conditional_dataset_and_time_based_timetable', 'dataset_produces_2', 'consume_1_and_2_with_dataset_expressions', 'dataset_consumes_unknown_never_scheduled', 'dataset_consumes_1', 'dataset_consumes_1_never_scheduled', 'consume_1_or_2_with_dataset_expressions', 'consume_1_or_both_2_and_3_with_dataset_expressions', 'dataset_produces_1', 'dataset_consumes_1_and_2' retrieved from /usr/local/python/3.12.1/lib/python3.12/site-packages/airflow/example_dags/example_datasets.py
[2026-04-26T08:05:40.130+0000] {logging_mixin.py:188} INFO - [2026-04-26T08:05:40.129+0000] {dag.py:3096} INFO - Sync 10 DAGs
[2026-04-26T08:05:40.168+0000] {logging_mixin.py:188} INFO - [2026-04-26T08:05:40.168+0000] {dag.py:3954} INFO - Setting next_dagrun for conditional_dataset_and_time_based_timetable to 2026-04-22 01:00:00+00:00, run_after=2026-04-22 01:00:00+00:00
[2026-04-26T08:05:40.173+0000] {logging_mixin.py:188} INFO - [2026-04-26T08:05:40.173+0000] {dag.py:3954} INFO - Setting next_dagrun for consume_1_and_2_with_dataset_expressions to None, run_after=None
[2026-04-26T08:05:40.176+0000] {logging_mixin.py:188} INFO - [2026-04-26T08:05:40.176+0000] {dag.py:3954} INFO - Setting next_dagrun for consume_1_or_2_with_dataset_expressions to None, run_after=None
[2026-04-26T08:05:40.178+0000] {logging_mixin.py:188} INFO - [2026-04-26T08:05:40.177+0000] {dag.py:3954} INFO - Setting next_dagrun for consume_1_or_both_2_and_3_with_dataset_expressions to None, run_after=None
[2026-04-26T08:05:40.179+0000] {logging_mixin.py:188} INFO - [2026-04-26T08:05:40.179+0000] {dag.py:3954} INFO - Setting next_dagrun for dataset_consumes_1 to None, run_after=None
[2026-04-26T08:05:40.180+0000] {logging_mixin.py:188} INFO - [2026-04-26T08:05:40.180+0000] {dag.py:3954} INFO - Setting next_dagrun for dataset_consumes_1_and_2 to None, run_after=None
[2026-04-26T08:05:40.181+0000] {logging_mixin.py:188} INFO - [2026-04-26T08:05:40.181+0000] {dag.py:3954} INFO - Setting next_dagrun for dataset_consumes_1_never_scheduled to None, run_after=None
[2026-04-26T08:05:40.182+0000] {logging_mixin.py:188} INFO - [2026-04-26T08:05:40.182+0000] {dag.py:3954} INFO - Setting next_dagrun for dataset_consumes_unknown_never_scheduled to None, run_after=None
[2026-04-26T08:05:40.185+0000] {logging_mixin.py:188} INFO - [2026-04-26T08:05:40.184+0000] {dag.py:3954} INFO - Setting next_dagrun for dataset_produces_1 to 2026-04-25 00:00:00+00:00, run_after=2026-04-26 00:00:00+00:00
[2026-04-26T08:05:40.186+0000] {logging_mixin.py:188} INFO - [2026-04-26T08:05:40.185+0000] {dag.py:3954} INFO - Setting next_dagrun for dataset_produces_2 to None, run_after=None
[2026-04-26T08:05:40.285+0000] {processor.py:183} INFO - Processing /usr/local/python/3.12.1/lib/python3.12/site-packages/airflow/example_dags/example_datasets.py took 0.272 seconds
