[2026-04-26T06:55:48.002+0000] {processor.py:161} INFO - Started process (PID=10375) to work on /usr/local/python/3.12.1/lib/python3.12/site-packages/airflow/example_dags/example_dynamic_task_mapping.py
[2026-04-26T06:55:48.003+0000] {processor.py:830} INFO - Processing file /usr/local/python/3.12.1/lib/python3.12/site-packages/airflow/example_dags/example_dynamic_task_mapping.py for tasks to queue
[2026-04-26T06:55:48.004+0000] {logging_mixin.py:188} INFO - [2026-04-26T06:55:48.003+0000] {dagbag.py:540} INFO - Filling up the DagBag from /usr/local/python/3.12.1/lib/python3.12/site-packages/airflow/example_dags/example_dynamic_task_mapping.py
[2026-04-26T06:55:48.009+0000] {processor.py:840} INFO - DAG(s) 'example_dynamic_task_mapping' retrieved from /usr/local/python/3.12.1/lib/python3.12/site-packages/airflow/example_dags/example_dynamic_task_mapping.py
[2026-04-26T06:55:48.098+0000] {logging_mixin.py:188} INFO - [2026-04-26T06:55:48.098+0000] {dag.py:3096} INFO - Sync 1 DAGs
[2026-04-26T06:55:48.111+0000] {logging_mixin.py:188} INFO - [2026-04-26T06:55:48.111+0000] {dag.py:3954} INFO - Setting next_dagrun for example_dynamic_task_mapping to 2022-03-04 00:00:00+00:00, run_after=2022-03-05 00:00:00+00:00
[2026-04-26T06:55:48.127+0000] {processor.py:183} INFO - Processing /usr/local/python/3.12.1/lib/python3.12/site-packages/airflow/example_dags/example_dynamic_task_mapping.py took 0.129 seconds
[2026-04-26T06:56:37.927+0000] {processor.py:161} INFO - Started process (PID=10788) to work on /usr/local/python/3.12.1/lib/python3.12/site-packages/airflow/example_dags/example_dynamic_task_mapping.py
[2026-04-26T06:56:37.927+0000] {processor.py:830} INFO - Processing file /usr/local/python/3.12.1/lib/python3.12/site-packages/airflow/example_dags/example_dynamic_task_mapping.py for tasks to queue
[2026-04-26T06:56:37.928+0000] {logging_mixin.py:188} INFO - [2026-04-26T06:56:37.928+0000] {dagbag.py:540} INFO - Filling up the DagBag from /usr/local/python/3.12.1/lib/python3.12/site-packages/airflow/example_dags/example_dynamic_task_mapping.py
[2026-04-26T06:56:37.933+0000] {processor.py:840} INFO - DAG(s) 'example_dynamic_task_mapping' retrieved from /usr/local/python/3.12.1/lib/python3.12/site-packages/airflow/example_dags/example_dynamic_task_mapping.py
[2026-04-26T06:56:37.944+0000] {logging_mixin.py:188} INFO - [2026-04-26T06:56:37.944+0000] {dag.py:3096} INFO - Sync 1 DAGs
[2026-04-26T06:56:37.960+0000] {logging_mixin.py:188} INFO - [2026-04-26T06:56:37.960+0000] {dag.py:3954} INFO - Setting next_dagrun for example_dynamic_task_mapping to 2022-03-04 00:00:00+00:00, run_after=2022-03-05 00:00:00+00:00
[2026-04-26T06:56:38.004+0000] {processor.py:183} INFO - Processing /usr/local/python/3.12.1/lib/python3.12/site-packages/airflow/example_dags/example_dynamic_task_mapping.py took 0.083 seconds
[2026-04-26T06:57:40.229+0000] {processor.py:161} INFO - Started process (PID=11492) to work on /usr/local/python/3.12.1/lib/python3.12/site-packages/airflow/example_dags/example_dynamic_task_mapping.py
[2026-04-26T06:57:40.230+0000] {processor.py:830} INFO - Processing file /usr/local/python/3.12.1/lib/python3.12/site-packages/airflow/example_dags/example_dynamic_task_mapping.py for tasks to queue
[2026-04-26T06:57:40.231+0000] {logging_mixin.py:188} INFO - [2026-04-26T06:57:40.231+0000] {dagbag.py:540} INFO - Filling up the DagBag from /usr/local/python/3.12.1/lib/python3.12/site-packages/airflow/example_dags/example_dynamic_task_mapping.py
[2026-04-26T06:57:40.238+0000] {processor.py:840} INFO - DAG(s) 'example_dynamic_task_mapping' retrieved from /usr/local/python/3.12.1/lib/python3.12/site-packages/airflow/example_dags/example_dynamic_task_mapping.py
[2026-04-26T06:57:40.249+0000] {logging_mixin.py:188} INFO - [2026-04-26T06:57:40.249+0000] {dag.py:3096} INFO - Sync 1 DAGs
[2026-04-26T06:57:40.263+0000] {logging_mixin.py:188} INFO - [2026-04-26T06:57:40.263+0000] {dag.py:3954} INFO - Setting next_dagrun for example_dynamic_task_mapping to 2022-03-04 00:00:00+00:00, run_after=2022-03-05 00:00:00+00:00
[2026-04-26T06:57:40.278+0000] {processor.py:183} INFO - Processing /usr/local/python/3.12.1/lib/python3.12/site-packages/airflow/example_dags/example_dynamic_task_mapping.py took 0.054 seconds
[2026-04-26T06:58:44.181+0000] {processor.py:161} INFO - Started process (PID=12276) to work on /usr/local/python/3.12.1/lib/python3.12/site-packages/airflow/example_dags/example_dynamic_task_mapping.py
[2026-04-26T06:58:44.181+0000] {processor.py:830} INFO - Processing file /usr/local/python/3.12.1/lib/python3.12/site-packages/airflow/example_dags/example_dynamic_task_mapping.py for tasks to queue
[2026-04-26T06:58:44.182+0000] {logging_mixin.py:188} INFO - [2026-04-26T06:58:44.182+0000] {dagbag.py:540} INFO - Filling up the DagBag from /usr/local/python/3.12.1/lib/python3.12/site-packages/airflow/example_dags/example_dynamic_task_mapping.py
[2026-04-26T06:58:44.187+0000] {processor.py:840} INFO - DAG(s) 'example_dynamic_task_mapping' retrieved from /usr/local/python/3.12.1/lib/python3.12/site-packages/airflow/example_dags/example_dynamic_task_mapping.py
[2026-04-26T06:58:44.197+0000] {logging_mixin.py:188} INFO - [2026-04-26T06:58:44.197+0000] {dag.py:3096} INFO - Sync 1 DAGs
[2026-04-26T06:58:44.211+0000] {logging_mixin.py:188} INFO - [2026-04-26T06:58:44.211+0000] {dag.py:3954} INFO - Setting next_dagrun for example_dynamic_task_mapping to 2022-03-04 00:00:00+00:00, run_after=2022-03-05 00:00:00+00:00
[2026-04-26T06:58:44.226+0000] {processor.py:183} INFO - Processing /usr/local/python/3.12.1/lib/python3.12/site-packages/airflow/example_dags/example_dynamic_task_mapping.py took 0.049 seconds
[2026-04-26T06:59:41.634+0000] {processor.py:161} INFO - Started process (PID=12841) to work on /usr/local/python/3.12.1/lib/python3.12/site-packages/airflow/example_dags/example_dynamic_task_mapping.py
[2026-04-26T06:59:41.635+0000] {processor.py:830} INFO - Processing file /usr/local/python/3.12.1/lib/python3.12/site-packages/airflow/example_dags/example_dynamic_task_mapping.py for tasks to queue
[2026-04-26T06:59:41.636+0000] {logging_mixin.py:188} INFO - [2026-04-26T06:59:41.635+0000] {dagbag.py:540} INFO - Filling up the DagBag from /usr/local/python/3.12.1/lib/python3.12/site-packages/airflow/example_dags/example_dynamic_task_mapping.py
[2026-04-26T06:59:41.641+0000] {processor.py:840} INFO - DAG(s) 'example_dynamic_task_mapping' retrieved from /usr/local/python/3.12.1/lib/python3.12/site-packages/airflow/example_dags/example_dynamic_task_mapping.py
[2026-04-26T06:59:41.651+0000] {logging_mixin.py:188} INFO - [2026-04-26T06:59:41.651+0000] {dag.py:3096} INFO - Sync 1 DAGs
[2026-04-26T06:59:41.680+0000] {logging_mixin.py:188} INFO - [2026-04-26T06:59:41.680+0000] {dag.py:3954} INFO - Setting next_dagrun for example_dynamic_task_mapping to 2022-03-04 00:00:00+00:00, run_after=2022-03-05 00:00:00+00:00
[2026-04-26T06:59:41.699+0000] {processor.py:183} INFO - Processing /usr/local/python/3.12.1/lib/python3.12/site-packages/airflow/example_dags/example_dynamic_task_mapping.py took 0.069 seconds
[2026-04-26T07:00:46.018+0000] {processor.py:161} INFO - Started process (PID=13431) to work on /usr/local/python/3.12.1/lib/python3.12/site-packages/airflow/example_dags/example_dynamic_task_mapping.py
[2026-04-26T07:00:46.018+0000] {processor.py:830} INFO - Processing file /usr/local/python/3.12.1/lib/python3.12/site-packages/airflow/example_dags/example_dynamic_task_mapping.py for tasks to queue
[2026-04-26T07:00:46.019+0000] {logging_mixin.py:188} INFO - [2026-04-26T07:00:46.019+0000] {dagbag.py:540} INFO - Filling up the DagBag from /usr/local/python/3.12.1/lib/python3.12/site-packages/airflow/example_dags/example_dynamic_task_mapping.py
[2026-04-26T07:00:46.024+0000] {processor.py:840} INFO - DAG(s) 'example_dynamic_task_mapping' retrieved from /usr/local/python/3.12.1/lib/python3.12/site-packages/airflow/example_dags/example_dynamic_task_mapping.py
[2026-04-26T07:00:46.035+0000] {logging_mixin.py:188} INFO - [2026-04-26T07:00:46.035+0000] {dag.py:3096} INFO - Sync 1 DAGs
[2026-04-26T07:00:46.049+0000] {logging_mixin.py:188} INFO - [2026-04-26T07:00:46.049+0000] {dag.py:3954} INFO - Setting next_dagrun for example_dynamic_task_mapping to 2022-03-04 00:00:00+00:00, run_after=2022-03-05 00:00:00+00:00
[2026-04-26T07:00:46.067+0000] {processor.py:183} INFO - Processing /usr/local/python/3.12.1/lib/python3.12/site-packages/airflow/example_dags/example_dynamic_task_mapping.py took 0.053 seconds
[2026-04-26T07:01:52.610+0000] {processor.py:161} INFO - Started process (PID=14010) to work on /usr/local/python/3.12.1/lib/python3.12/site-packages/airflow/example_dags/example_dynamic_task_mapping.py
[2026-04-26T07:01:52.611+0000] {processor.py:830} INFO - Processing file /usr/local/python/3.12.1/lib/python3.12/site-packages/airflow/example_dags/example_dynamic_task_mapping.py for tasks to queue
[2026-04-26T07:01:52.612+0000] {logging_mixin.py:188} INFO - [2026-04-26T07:01:52.611+0000] {dagbag.py:540} INFO - Filling up the DagBag from /usr/local/python/3.12.1/lib/python3.12/site-packages/airflow/example_dags/example_dynamic_task_mapping.py
[2026-04-26T07:01:52.617+0000] {processor.py:840} INFO - DAG(s) 'example_dynamic_task_mapping' retrieved from /usr/local/python/3.12.1/lib/python3.12/site-packages/airflow/example_dags/example_dynamic_task_mapping.py
[2026-04-26T07:01:52.627+0000] {logging_mixin.py:188} INFO - [2026-04-26T07:01:52.627+0000] {dag.py:3096} INFO - Sync 1 DAGs
[2026-04-26T07:01:52.641+0000] {logging_mixin.py:188} INFO - [2026-04-26T07:01:52.641+0000] {dag.py:3954} INFO - Setting next_dagrun for example_dynamic_task_mapping to 2022-03-04 00:00:00+00:00, run_after=2022-03-05 00:00:00+00:00
[2026-04-26T07:01:52.656+0000] {processor.py:183} INFO - Processing /usr/local/python/3.12.1/lib/python3.12/site-packages/airflow/example_dags/example_dynamic_task_mapping.py took 0.050 seconds
[2026-04-26T07:03:01.053+0000] {processor.py:161} INFO - Started process (PID=14584) to work on /usr/local/python/3.12.1/lib/python3.12/site-packages/airflow/example_dags/example_dynamic_task_mapping.py
[2026-04-26T07:03:01.054+0000] {processor.py:830} INFO - Processing file /usr/local/python/3.12.1/lib/python3.12/site-packages/airflow/example_dags/example_dynamic_task_mapping.py for tasks to queue
[2026-04-26T07:03:01.055+0000] {logging_mixin.py:188} INFO - [2026-04-26T07:03:01.055+0000] {dagbag.py:540} INFO - Filling up the DagBag from /usr/local/python/3.12.1/lib/python3.12/site-packages/airflow/example_dags/example_dynamic_task_mapping.py
[2026-04-26T07:03:01.060+0000] {processor.py:840} INFO - DAG(s) 'example_dynamic_task_mapping' retrieved from /usr/local/python/3.12.1/lib/python3.12/site-packages/airflow/example_dags/example_dynamic_task_mapping.py
[2026-04-26T07:03:01.071+0000] {logging_mixin.py:188} INFO - [2026-04-26T07:03:01.070+0000] {dag.py:3096} INFO - Sync 1 DAGs
[2026-04-26T07:03:01.085+0000] {logging_mixin.py:188} INFO - [2026-04-26T07:03:01.084+0000] {dag.py:3954} INFO - Setting next_dagrun for example_dynamic_task_mapping to 2022-03-04 00:00:00+00:00, run_after=2022-03-05 00:00:00+00:00
[2026-04-26T07:03:01.100+0000] {processor.py:183} INFO - Processing /usr/local/python/3.12.1/lib/python3.12/site-packages/airflow/example_dags/example_dynamic_task_mapping.py took 0.051 seconds
[2026-04-26T07:04:00.816+0000] {processor.py:161} INFO - Started process (PID=15058) to work on /usr/local/python/3.12.1/lib/python3.12/site-packages/airflow/example_dags/example_dynamic_task_mapping.py
[2026-04-26T07:04:00.817+0000] {processor.py:830} INFO - Processing file /usr/local/python/3.12.1/lib/python3.12/site-packages/airflow/example_dags/example_dynamic_task_mapping.py for tasks to queue
[2026-04-26T07:04:00.817+0000] {logging_mixin.py:188} INFO - [2026-04-26T07:04:00.817+0000] {dagbag.py:540} INFO - Filling up the DagBag from /usr/local/python/3.12.1/lib/python3.12/site-packages/airflow/example_dags/example_dynamic_task_mapping.py
[2026-04-26T07:04:00.823+0000] {processor.py:840} INFO - DAG(s) 'example_dynamic_task_mapping' retrieved from /usr/local/python/3.12.1/lib/python3.12/site-packages/airflow/example_dags/example_dynamic_task_mapping.py
[2026-04-26T07:04:00.833+0000] {logging_mixin.py:188} INFO - [2026-04-26T07:04:00.833+0000] {dag.py:3096} INFO - Sync 1 DAGs
[2026-04-26T07:04:00.848+0000] {logging_mixin.py:188} INFO - [2026-04-26T07:04:00.847+0000] {dag.py:3954} INFO - Setting next_dagrun for example_dynamic_task_mapping to 2022-03-04 00:00:00+00:00, run_after=2022-03-05 00:00:00+00:00
[2026-04-26T07:04:00.865+0000] {processor.py:183} INFO - Processing /usr/local/python/3.12.1/lib/python3.12/site-packages/airflow/example_dags/example_dynamic_task_mapping.py took 0.053 seconds
[2026-04-26T07:05:00.225+0000] {processor.py:161} INFO - Started process (PID=15734) to work on /usr/local/python/3.12.1/lib/python3.12/site-packages/airflow/example_dags/example_dynamic_task_mapping.py
[2026-04-26T07:05:00.226+0000] {processor.py:830} INFO - Processing file /usr/local/python/3.12.1/lib/python3.12/site-packages/airflow/example_dags/example_dynamic_task_mapping.py for tasks to queue
[2026-04-26T07:05:00.227+0000] {logging_mixin.py:188} INFO - [2026-04-26T07:05:00.226+0000] {dagbag.py:540} INFO - Filling up the DagBag from /usr/local/python/3.12.1/lib/python3.12/site-packages/airflow/example_dags/example_dynamic_task_mapping.py
[2026-04-26T07:05:00.236+0000] {processor.py:840} INFO - DAG(s) 'example_dynamic_task_mapping' retrieved from /usr/local/python/3.12.1/lib/python3.12/site-packages/airflow/example_dags/example_dynamic_task_mapping.py
[2026-04-26T07:05:00.255+0000] {logging_mixin.py:188} INFO - [2026-04-26T07:05:00.254+0000] {dag.py:3096} INFO - Sync 1 DAGs
[2026-04-26T07:05:00.278+0000] {logging_mixin.py:188} INFO - [2026-04-26T07:05:00.278+0000] {dag.py:3954} INFO - Setting next_dagrun for example_dynamic_task_mapping to 2022-03-04 00:00:00+00:00, run_after=2022-03-05 00:00:00+00:00
[2026-04-26T07:05:00.309+0000] {processor.py:183} INFO - Processing /usr/local/python/3.12.1/lib/python3.12/site-packages/airflow/example_dags/example_dynamic_task_mapping.py took 0.091 seconds
[2026-04-26T07:05:55.690+0000] {processor.py:161} INFO - Started process (PID=16380) to work on /usr/local/python/3.12.1/lib/python3.12/site-packages/airflow/example_dags/example_dynamic_task_mapping.py
[2026-04-26T07:05:55.691+0000] {processor.py:830} INFO - Processing file /usr/local/python/3.12.1/lib/python3.12/site-packages/airflow/example_dags/example_dynamic_task_mapping.py for tasks to queue
[2026-04-26T07:05:55.692+0000] {logging_mixin.py:188} INFO - [2026-04-26T07:05:55.692+0000] {dagbag.py:540} INFO - Filling up the DagBag from /usr/local/python/3.12.1/lib/python3.12/site-packages/airflow/example_dags/example_dynamic_task_mapping.py
[2026-04-26T07:05:55.697+0000] {processor.py:840} INFO - DAG(s) 'example_dynamic_task_mapping' retrieved from /usr/local/python/3.12.1/lib/python3.12/site-packages/airflow/example_dags/example_dynamic_task_mapping.py
[2026-04-26T07:05:55.708+0000] {logging_mixin.py:188} INFO - [2026-04-26T07:05:55.708+0000] {dag.py:3096} INFO - Sync 1 DAGs
[2026-04-26T07:05:55.721+0000] {logging_mixin.py:188} INFO - [2026-04-26T07:05:55.721+0000] {dag.py:3954} INFO - Setting next_dagrun for example_dynamic_task_mapping to 2022-03-04 00:00:00+00:00, run_after=2022-03-05 00:00:00+00:00
[2026-04-26T07:05:55.736+0000] {processor.py:183} INFO - Processing /usr/local/python/3.12.1/lib/python3.12/site-packages/airflow/example_dags/example_dynamic_task_mapping.py took 0.050 seconds
[2026-04-26T07:06:57.188+0000] {processor.py:161} INFO - Started process (PID=16862) to work on /usr/local/python/3.12.1/lib/python3.12/site-packages/airflow/example_dags/example_dynamic_task_mapping.py
[2026-04-26T07:06:57.189+0000] {processor.py:830} INFO - Processing file /usr/local/python/3.12.1/lib/python3.12/site-packages/airflow/example_dags/example_dynamic_task_mapping.py for tasks to queue
[2026-04-26T07:06:57.190+0000] {logging_mixin.py:188} INFO - [2026-04-26T07:06:57.190+0000] {dagbag.py:540} INFO - Filling up the DagBag from /usr/local/python/3.12.1/lib/python3.12/site-packages/airflow/example_dags/example_dynamic_task_mapping.py
[2026-04-26T07:06:57.196+0000] {processor.py:840} INFO - DAG(s) 'example_dynamic_task_mapping' retrieved from /usr/local/python/3.12.1/lib/python3.12/site-packages/airflow/example_dags/example_dynamic_task_mapping.py
[2026-04-26T07:06:57.208+0000] {logging_mixin.py:188} INFO - [2026-04-26T07:06:57.208+0000] {dag.py:3096} INFO - Sync 1 DAGs
[2026-04-26T07:06:57.223+0000] {logging_mixin.py:188} INFO - [2026-04-26T07:06:57.222+0000] {dag.py:3954} INFO - Setting next_dagrun for example_dynamic_task_mapping to 2022-03-04 00:00:00+00:00, run_after=2022-03-05 00:00:00+00:00
[2026-04-26T07:06:57.240+0000] {processor.py:183} INFO - Processing /usr/local/python/3.12.1/lib/python3.12/site-packages/airflow/example_dags/example_dynamic_task_mapping.py took 0.060 seconds
[2026-04-26T07:07:59.406+0000] {processor.py:161} INFO - Started process (PID=17404) to work on /usr/local/python/3.12.1/lib/python3.12/site-packages/airflow/example_dags/example_dynamic_task_mapping.py
[2026-04-26T07:07:59.407+0000] {processor.py:830} INFO - Processing file /usr/local/python/3.12.1/lib/python3.12/site-packages/airflow/example_dags/example_dynamic_task_mapping.py for tasks to queue
[2026-04-26T07:07:59.407+0000] {logging_mixin.py:188} INFO - [2026-04-26T07:07:59.407+0000] {dagbag.py:540} INFO - Filling up the DagBag from /usr/local/python/3.12.1/lib/python3.12/site-packages/airflow/example_dags/example_dynamic_task_mapping.py
[2026-04-26T07:07:59.413+0000] {processor.py:840} INFO - DAG(s) 'example_dynamic_task_mapping' retrieved from /usr/local/python/3.12.1/lib/python3.12/site-packages/airflow/example_dags/example_dynamic_task_mapping.py
[2026-04-26T07:07:59.424+0000] {logging_mixin.py:188} INFO - [2026-04-26T07:07:59.424+0000] {dag.py:3096} INFO - Sync 1 DAGs
[2026-04-26T07:07:59.438+0000] {logging_mixin.py:188} INFO - [2026-04-26T07:07:59.438+0000] {dag.py:3954} INFO - Setting next_dagrun for example_dynamic_task_mapping to 2022-03-04 00:00:00+00:00, run_after=2022-03-05 00:00:00+00:00
[2026-04-26T07:07:59.454+0000] {processor.py:183} INFO - Processing /usr/local/python/3.12.1/lib/python3.12/site-packages/airflow/example_dags/example_dynamic_task_mapping.py took 0.052 seconds
[2026-04-26T07:09:11.235+0000] {processor.py:161} INFO - Started process (PID=18107) to work on /usr/local/python/3.12.1/lib/python3.12/site-packages/airflow/example_dags/example_dynamic_task_mapping.py
[2026-04-26T07:09:11.236+0000] {processor.py:830} INFO - Processing file /usr/local/python/3.12.1/lib/python3.12/site-packages/airflow/example_dags/example_dynamic_task_mapping.py for tasks to queue
[2026-04-26T07:09:11.237+0000] {logging_mixin.py:188} INFO - [2026-04-26T07:09:11.236+0000] {dagbag.py:540} INFO - Filling up the DagBag from /usr/local/python/3.12.1/lib/python3.12/site-packages/airflow/example_dags/example_dynamic_task_mapping.py
[2026-04-26T07:09:11.242+0000] {processor.py:840} INFO - DAG(s) 'example_dynamic_task_mapping' retrieved from /usr/local/python/3.12.1/lib/python3.12/site-packages/airflow/example_dags/example_dynamic_task_mapping.py
[2026-04-26T07:09:11.254+0000] {logging_mixin.py:188} INFO - [2026-04-26T07:09:11.254+0000] {dag.py:3096} INFO - Sync 1 DAGs
[2026-04-26T07:09:11.269+0000] {logging_mixin.py:188} INFO - [2026-04-26T07:09:11.268+0000] {dag.py:3954} INFO - Setting next_dagrun for example_dynamic_task_mapping to 2022-03-04 00:00:00+00:00, run_after=2022-03-05 00:00:00+00:00
[2026-04-26T07:09:11.284+0000] {processor.py:183} INFO - Processing /usr/local/python/3.12.1/lib/python3.12/site-packages/airflow/example_dags/example_dynamic_task_mapping.py took 0.053 seconds
[2026-04-26T07:10:04.250+0000] {processor.py:161} INFO - Started process (PID=18791) to work on /usr/local/python/3.12.1/lib/python3.12/site-packages/airflow/example_dags/example_dynamic_task_mapping.py
[2026-04-26T07:10:04.251+0000] {processor.py:830} INFO - Processing file /usr/local/python/3.12.1/lib/python3.12/site-packages/airflow/example_dags/example_dynamic_task_mapping.py for tasks to queue
[2026-04-26T07:10:04.252+0000] {logging_mixin.py:188} INFO - [2026-04-26T07:10:04.251+0000] {dagbag.py:540} INFO - Filling up the DagBag from /usr/local/python/3.12.1/lib/python3.12/site-packages/airflow/example_dags/example_dynamic_task_mapping.py
[2026-04-26T07:10:04.257+0000] {processor.py:840} INFO - DAG(s) 'example_dynamic_task_mapping' retrieved from /usr/local/python/3.12.1/lib/python3.12/site-packages/airflow/example_dags/example_dynamic_task_mapping.py
[2026-04-26T07:10:04.270+0000] {logging_mixin.py:188} INFO - [2026-04-26T07:10:04.270+0000] {dag.py:3096} INFO - Sync 1 DAGs
[2026-04-26T07:10:04.292+0000] {logging_mixin.py:188} INFO - [2026-04-26T07:10:04.291+0000] {dag.py:3954} INFO - Setting next_dagrun for example_dynamic_task_mapping to 2022-03-04 00:00:00+00:00, run_after=2022-03-05 00:00:00+00:00
[2026-04-26T07:10:04.314+0000] {processor.py:183} INFO - Processing /usr/local/python/3.12.1/lib/python3.12/site-packages/airflow/example_dags/example_dynamic_task_mapping.py took 0.068 seconds
[2026-04-26T07:10:08.143+0000] {processor.py:161} INFO - Started process (PID=18869) to work on /usr/local/python/3.12.1/lib/python3.12/site-packages/airflow/example_dags/example_dynamic_task_mapping.py
[2026-04-26T07:10:08.143+0000] {processor.py:830} INFO - Processing file /usr/local/python/3.12.1/lib/python3.12/site-packages/airflow/example_dags/example_dynamic_task_mapping.py for tasks to queue
[2026-04-26T07:10:08.144+0000] {logging_mixin.py:188} INFO - [2026-04-26T07:10:08.144+0000] {dagbag.py:540} INFO - Filling up the DagBag from /usr/local/python/3.12.1/lib/python3.12/site-packages/airflow/example_dags/example_dynamic_task_mapping.py
[2026-04-26T07:10:08.149+0000] {processor.py:840} INFO - DAG(s) 'example_dynamic_task_mapping' retrieved from /usr/local/python/3.12.1/lib/python3.12/site-packages/airflow/example_dags/example_dynamic_task_mapping.py
[2026-04-26T07:10:08.160+0000] {logging_mixin.py:188} INFO - [2026-04-26T07:10:08.160+0000] {dag.py:3096} INFO - Sync 1 DAGs
[2026-04-26T07:10:08.175+0000] {logging_mixin.py:188} INFO - [2026-04-26T07:10:08.175+0000] {dag.py:3954} INFO - Setting next_dagrun for example_dynamic_task_mapping to 2022-03-04 00:00:00+00:00, run_after=2022-03-05 00:00:00+00:00
[2026-04-26T07:10:08.191+0000] {processor.py:183} INFO - Processing /usr/local/python/3.12.1/lib/python3.12/site-packages/airflow/example_dags/example_dynamic_task_mapping.py took 0.052 seconds
[2026-04-26T07:10:58.476+0000] {processor.py:161} INFO - Started process (PID=19305) to work on /usr/local/python/3.12.1/lib/python3.12/site-packages/airflow/example_dags/example_dynamic_task_mapping.py
[2026-04-26T07:10:58.479+0000] {processor.py:830} INFO - Processing file /usr/local/python/3.12.1/lib/python3.12/site-packages/airflow/example_dags/example_dynamic_task_mapping.py for tasks to queue
[2026-04-26T07:10:58.482+0000] {logging_mixin.py:188} INFO - [2026-04-26T07:10:58.482+0000] {dagbag.py:540} INFO - Filling up the DagBag from /usr/local/python/3.12.1/lib/python3.12/site-packages/airflow/example_dags/example_dynamic_task_mapping.py
[2026-04-26T07:10:58.492+0000] {processor.py:840} INFO - DAG(s) 'example_dynamic_task_mapping' retrieved from /usr/local/python/3.12.1/lib/python3.12/site-packages/airflow/example_dags/example_dynamic_task_mapping.py
[2026-04-26T07:10:58.521+0000] {logging_mixin.py:188} INFO - [2026-04-26T07:10:58.520+0000] {dag.py:3096} INFO - Sync 1 DAGs
[2026-04-26T07:10:58.543+0000] {logging_mixin.py:188} INFO - [2026-04-26T07:10:58.543+0000] {dag.py:3954} INFO - Setting next_dagrun for example_dynamic_task_mapping to 2022-03-04 00:00:00+00:00, run_after=2022-03-05 00:00:00+00:00
[2026-04-26T07:10:58.581+0000] {processor.py:183} INFO - Processing /usr/local/python/3.12.1/lib/python3.12/site-packages/airflow/example_dags/example_dynamic_task_mapping.py took 0.115 seconds
[2026-04-26T07:11:05.541+0000] {processor.py:161} INFO - Started process (PID=19466) to work on /usr/local/python/3.12.1/lib/python3.12/site-packages/airflow/example_dags/example_dynamic_task_mapping.py
[2026-04-26T07:11:05.541+0000] {processor.py:830} INFO - Processing file /usr/local/python/3.12.1/lib/python3.12/site-packages/airflow/example_dags/example_dynamic_task_mapping.py for tasks to queue
[2026-04-26T07:11:05.542+0000] {logging_mixin.py:188} INFO - [2026-04-26T07:11:05.542+0000] {dagbag.py:540} INFO - Filling up the DagBag from /usr/local/python/3.12.1/lib/python3.12/site-packages/airflow/example_dags/example_dynamic_task_mapping.py
[2026-04-26T07:11:05.547+0000] {processor.py:840} INFO - DAG(s) 'example_dynamic_task_mapping' retrieved from /usr/local/python/3.12.1/lib/python3.12/site-packages/airflow/example_dags/example_dynamic_task_mapping.py
[2026-04-26T07:11:05.557+0000] {logging_mixin.py:188} INFO - [2026-04-26T07:11:05.557+0000] {dag.py:3096} INFO - Sync 1 DAGs
[2026-04-26T07:11:05.571+0000] {logging_mixin.py:188} INFO - [2026-04-26T07:11:05.571+0000] {dag.py:3954} INFO - Setting next_dagrun for example_dynamic_task_mapping to 2022-03-04 00:00:00+00:00, run_after=2022-03-05 00:00:00+00:00
[2026-04-26T07:11:05.586+0000] {processor.py:183} INFO - Processing /usr/local/python/3.12.1/lib/python3.12/site-packages/airflow/example_dags/example_dynamic_task_mapping.py took 0.050 seconds
[2026-04-26T07:12:00.732+0000] {processor.py:161} INFO - Started process (PID=20079) to work on /usr/local/python/3.12.1/lib/python3.12/site-packages/airflow/example_dags/example_dynamic_task_mapping.py
[2026-04-26T07:12:00.733+0000] {processor.py:830} INFO - Processing file /usr/local/python/3.12.1/lib/python3.12/site-packages/airflow/example_dags/example_dynamic_task_mapping.py for tasks to queue
[2026-04-26T07:12:00.734+0000] {logging_mixin.py:188} INFO - [2026-04-26T07:12:00.734+0000] {dagbag.py:540} INFO - Filling up the DagBag from /usr/local/python/3.12.1/lib/python3.12/site-packages/airflow/example_dags/example_dynamic_task_mapping.py
[2026-04-26T07:12:00.740+0000] {processor.py:840} INFO - DAG(s) 'example_dynamic_task_mapping' retrieved from /usr/local/python/3.12.1/lib/python3.12/site-packages/airflow/example_dags/example_dynamic_task_mapping.py
[2026-04-26T07:12:00.752+0000] {logging_mixin.py:188} INFO - [2026-04-26T07:12:00.752+0000] {dag.py:3096} INFO - Sync 1 DAGs
[2026-04-26T07:12:00.768+0000] {logging_mixin.py:188} INFO - [2026-04-26T07:12:00.768+0000] {dag.py:3954} INFO - Setting next_dagrun for example_dynamic_task_mapping to 2022-03-04 00:00:00+00:00, run_after=2022-03-05 00:00:00+00:00
[2026-04-26T07:12:00.784+0000] {processor.py:183} INFO - Processing /usr/local/python/3.12.1/lib/python3.12/site-packages/airflow/example_dags/example_dynamic_task_mapping.py took 0.057 seconds
[2026-04-26T07:12:15.334+0000] {processor.py:161} INFO - Started process (PID=20201) to work on /usr/local/python/3.12.1/lib/python3.12/site-packages/airflow/example_dags/example_dynamic_task_mapping.py
[2026-04-26T07:12:15.335+0000] {processor.py:830} INFO - Processing file /usr/local/python/3.12.1/lib/python3.12/site-packages/airflow/example_dags/example_dynamic_task_mapping.py for tasks to queue
[2026-04-26T07:12:15.335+0000] {logging_mixin.py:188} INFO - [2026-04-26T07:12:15.335+0000] {dagbag.py:540} INFO - Filling up the DagBag from /usr/local/python/3.12.1/lib/python3.12/site-packages/airflow/example_dags/example_dynamic_task_mapping.py
[2026-04-26T07:12:15.340+0000] {processor.py:840} INFO - DAG(s) 'example_dynamic_task_mapping' retrieved from /usr/local/python/3.12.1/lib/python3.12/site-packages/airflow/example_dags/example_dynamic_task_mapping.py
[2026-04-26T07:12:15.351+0000] {logging_mixin.py:188} INFO - [2026-04-26T07:12:15.351+0000] {dag.py:3096} INFO - Sync 1 DAGs
[2026-04-26T07:12:15.366+0000] {logging_mixin.py:188} INFO - [2026-04-26T07:12:15.366+0000] {dag.py:3954} INFO - Setting next_dagrun for example_dynamic_task_mapping to 2022-03-04 00:00:00+00:00, run_after=2022-03-05 00:00:00+00:00
[2026-04-26T07:12:15.381+0000] {processor.py:183} INFO - Processing /usr/local/python/3.12.1/lib/python3.12/site-packages/airflow/example_dags/example_dynamic_task_mapping.py took 0.051 seconds
[2026-04-26T07:13:00.434+0000] {processor.py:161} INFO - Started process (PID=20675) to work on /usr/local/python/3.12.1/lib/python3.12/site-packages/airflow/example_dags/example_dynamic_task_mapping.py
[2026-04-26T07:13:00.435+0000] {processor.py:830} INFO - Processing file /usr/local/python/3.12.1/lib/python3.12/site-packages/airflow/example_dags/example_dynamic_task_mapping.py for tasks to queue
[2026-04-26T07:13:00.435+0000] {logging_mixin.py:188} INFO - [2026-04-26T07:13:00.435+0000] {dagbag.py:540} INFO - Filling up the DagBag from /usr/local/python/3.12.1/lib/python3.12/site-packages/airflow/example_dags/example_dynamic_task_mapping.py
[2026-04-26T07:13:00.442+0000] {processor.py:840} INFO - DAG(s) 'example_dynamic_task_mapping' retrieved from /usr/local/python/3.12.1/lib/python3.12/site-packages/airflow/example_dags/example_dynamic_task_mapping.py
[2026-04-26T07:13:00.459+0000] {logging_mixin.py:188} INFO - [2026-04-26T07:13:00.459+0000] {dag.py:3096} INFO - Sync 1 DAGs
[2026-04-26T07:13:00.485+0000] {logging_mixin.py:188} INFO - [2026-04-26T07:13:00.485+0000] {dag.py:3954} INFO - Setting next_dagrun for example_dynamic_task_mapping to 2022-03-04 00:00:00+00:00, run_after=2022-03-05 00:00:00+00:00
[2026-04-26T07:13:00.557+0000] {processor.py:183} INFO - Processing /usr/local/python/3.12.1/lib/python3.12/site-packages/airflow/example_dags/example_dynamic_task_mapping.py took 0.127 seconds
[2026-04-26T07:13:24.175+0000] {processor.py:161} INFO - Started process (PID=20995) to work on /usr/local/python/3.12.1/lib/python3.12/site-packages/airflow/example_dags/example_dynamic_task_mapping.py
[2026-04-26T07:13:24.176+0000] {processor.py:830} INFO - Processing file /usr/local/python/3.12.1/lib/python3.12/site-packages/airflow/example_dags/example_dynamic_task_mapping.py for tasks to queue
[2026-04-26T07:13:24.178+0000] {logging_mixin.py:188} INFO - [2026-04-26T07:13:24.177+0000] {dagbag.py:540} INFO - Filling up the DagBag from /usr/local/python/3.12.1/lib/python3.12/site-packages/airflow/example_dags/example_dynamic_task_mapping.py
[2026-04-26T07:13:24.191+0000] {processor.py:840} INFO - DAG(s) 'example_dynamic_task_mapping' retrieved from /usr/local/python/3.12.1/lib/python3.12/site-packages/airflow/example_dags/example_dynamic_task_mapping.py
[2026-04-26T07:13:24.223+0000] {logging_mixin.py:188} INFO - [2026-04-26T07:13:24.222+0000] {dag.py:3096} INFO - Sync 1 DAGs
[2026-04-26T07:13:24.266+0000] {logging_mixin.py:188} INFO - [2026-04-26T07:13:24.266+0000] {dag.py:3954} INFO - Setting next_dagrun for example_dynamic_task_mapping to 2022-03-04 00:00:00+00:00, run_after=2022-03-05 00:00:00+00:00
[2026-04-26T07:13:24.299+0000] {processor.py:183} INFO - Processing /usr/local/python/3.12.1/lib/python3.12/site-packages/airflow/example_dags/example_dynamic_task_mapping.py took 0.132 seconds
[2026-04-26T07:14:04.298+0000] {processor.py:161} INFO - Started process (PID=21841) to work on /usr/local/python/3.12.1/lib/python3.12/site-packages/airflow/example_dags/example_dynamic_task_mapping.py
[2026-04-26T07:14:04.299+0000] {processor.py:830} INFO - Processing file /usr/local/python/3.12.1/lib/python3.12/site-packages/airflow/example_dags/example_dynamic_task_mapping.py for tasks to queue
[2026-04-26T07:14:04.300+0000] {logging_mixin.py:188} INFO - [2026-04-26T07:14:04.299+0000] {dagbag.py:540} INFO - Filling up the DagBag from /usr/local/python/3.12.1/lib/python3.12/site-packages/airflow/example_dags/example_dynamic_task_mapping.py
[2026-04-26T07:14:04.305+0000] {processor.py:840} INFO - DAG(s) 'example_dynamic_task_mapping' retrieved from /usr/local/python/3.12.1/lib/python3.12/site-packages/airflow/example_dags/example_dynamic_task_mapping.py
[2026-04-26T07:14:04.318+0000] {logging_mixin.py:188} INFO - [2026-04-26T07:14:04.318+0000] {dag.py:3096} INFO - Sync 1 DAGs
[2026-04-26T07:14:04.332+0000] {logging_mixin.py:188} INFO - [2026-04-26T07:14:04.332+0000] {dag.py:3954} INFO - Setting next_dagrun for example_dynamic_task_mapping to 2022-03-04 00:00:00+00:00, run_after=2022-03-05 00:00:00+00:00
[2026-04-26T07:14:04.348+0000] {processor.py:183} INFO - Processing /usr/local/python/3.12.1/lib/python3.12/site-packages/airflow/example_dags/example_dynamic_task_mapping.py took 0.054 seconds
[2026-04-26T07:14:19.146+0000] {processor.py:161} INFO - Started process (PID=21996) to work on /usr/local/python/3.12.1/lib/python3.12/site-packages/airflow/example_dags/example_dynamic_task_mapping.py
[2026-04-26T07:14:19.147+0000] {processor.py:830} INFO - Processing file /usr/local/python/3.12.1/lib/python3.12/site-packages/airflow/example_dags/example_dynamic_task_mapping.py for tasks to queue
[2026-04-26T07:14:19.148+0000] {logging_mixin.py:188} INFO - [2026-04-26T07:14:19.147+0000] {dagbag.py:540} INFO - Filling up the DagBag from /usr/local/python/3.12.1/lib/python3.12/site-packages/airflow/example_dags/example_dynamic_task_mapping.py
[2026-04-26T07:14:19.153+0000] {processor.py:840} INFO - DAG(s) 'example_dynamic_task_mapping' retrieved from /usr/local/python/3.12.1/lib/python3.12/site-packages/airflow/example_dags/example_dynamic_task_mapping.py
[2026-04-26T07:14:19.164+0000] {logging_mixin.py:188} INFO - [2026-04-26T07:14:19.164+0000] {dag.py:3096} INFO - Sync 1 DAGs
[2026-04-26T07:14:19.182+0000] {logging_mixin.py:188} INFO - [2026-04-26T07:14:19.182+0000] {dag.py:3954} INFO - Setting next_dagrun for example_dynamic_task_mapping to 2022-03-04 00:00:00+00:00, run_after=2022-03-05 00:00:00+00:00
[2026-04-26T07:14:19.205+0000] {processor.py:183} INFO - Processing /usr/local/python/3.12.1/lib/python3.12/site-packages/airflow/example_dags/example_dynamic_task_mapping.py took 0.063 seconds
[2026-04-26T07:14:24.603+0000] {processor.py:161} INFO - Started process (PID=22036) to work on /usr/local/python/3.12.1/lib/python3.12/site-packages/airflow/example_dags/example_dynamic_task_mapping.py
[2026-04-26T07:14:24.604+0000] {processor.py:830} INFO - Processing file /usr/local/python/3.12.1/lib/python3.12/site-packages/airflow/example_dags/example_dynamic_task_mapping.py for tasks to queue
[2026-04-26T07:14:24.605+0000] {logging_mixin.py:188} INFO - [2026-04-26T07:14:24.604+0000] {dagbag.py:540} INFO - Filling up the DagBag from /usr/local/python/3.12.1/lib/python3.12/site-packages/airflow/example_dags/example_dynamic_task_mapping.py
[2026-04-26T07:14:24.612+0000] {processor.py:840} INFO - DAG(s) 'example_dynamic_task_mapping' retrieved from /usr/local/python/3.12.1/lib/python3.12/site-packages/airflow/example_dags/example_dynamic_task_mapping.py
[2026-04-26T07:14:24.631+0000] {logging_mixin.py:188} INFO - [2026-04-26T07:14:24.631+0000] {dag.py:3096} INFO - Sync 1 DAGs
[2026-04-26T07:14:24.668+0000] {logging_mixin.py:188} INFO - [2026-04-26T07:14:24.668+0000] {dag.py:3954} INFO - Setting next_dagrun for example_dynamic_task_mapping to 2022-03-04 00:00:00+00:00, run_after=2022-03-05 00:00:00+00:00
[2026-04-26T07:14:24.697+0000] {processor.py:183} INFO - Processing /usr/local/python/3.12.1/lib/python3.12/site-packages/airflow/example_dags/example_dynamic_task_mapping.py took 0.100 seconds
[2026-04-26T07:15:10.253+0000] {processor.py:161} INFO - Started process (PID=22667) to work on /usr/local/python/3.12.1/lib/python3.12/site-packages/airflow/example_dags/example_dynamic_task_mapping.py
[2026-04-26T07:15:10.254+0000] {processor.py:830} INFO - Processing file /usr/local/python/3.12.1/lib/python3.12/site-packages/airflow/example_dags/example_dynamic_task_mapping.py for tasks to queue
[2026-04-26T07:15:10.255+0000] {logging_mixin.py:188} INFO - [2026-04-26T07:15:10.255+0000] {dagbag.py:540} INFO - Filling up the DagBag from /usr/local/python/3.12.1/lib/python3.12/site-packages/airflow/example_dags/example_dynamic_task_mapping.py
[2026-04-26T07:15:10.264+0000] {processor.py:840} INFO - DAG(s) 'example_dynamic_task_mapping' retrieved from /usr/local/python/3.12.1/lib/python3.12/site-packages/airflow/example_dags/example_dynamic_task_mapping.py
[2026-04-26T07:15:10.284+0000] {logging_mixin.py:188} INFO - [2026-04-26T07:15:10.283+0000] {dag.py:3096} INFO - Sync 1 DAGs
[2026-04-26T07:15:10.306+0000] {logging_mixin.py:188} INFO - [2026-04-26T07:15:10.306+0000] {dag.py:3954} INFO - Setting next_dagrun for example_dynamic_task_mapping to 2022-03-04 00:00:00+00:00, run_after=2022-03-05 00:00:00+00:00
[2026-04-26T07:15:10.354+0000] {processor.py:183} INFO - Processing /usr/local/python/3.12.1/lib/python3.12/site-packages/airflow/example_dags/example_dynamic_task_mapping.py took 0.106 seconds
[2026-04-26T07:15:28.830+0000] {processor.py:161} INFO - Started process (PID=23057) to work on /usr/local/python/3.12.1/lib/python3.12/site-packages/airflow/example_dags/example_dynamic_task_mapping.py
[2026-04-26T07:15:28.831+0000] {processor.py:830} INFO - Processing file /usr/local/python/3.12.1/lib/python3.12/site-packages/airflow/example_dags/example_dynamic_task_mapping.py for tasks to queue
[2026-04-26T07:15:28.832+0000] {logging_mixin.py:188} INFO - [2026-04-26T07:15:28.831+0000] {dagbag.py:540} INFO - Filling up the DagBag from /usr/local/python/3.12.1/lib/python3.12/site-packages/airflow/example_dags/example_dynamic_task_mapping.py
[2026-04-26T07:15:28.837+0000] {processor.py:840} INFO - DAG(s) 'example_dynamic_task_mapping' retrieved from /usr/local/python/3.12.1/lib/python3.12/site-packages/airflow/example_dags/example_dynamic_task_mapping.py
[2026-04-26T07:15:28.850+0000] {logging_mixin.py:188} INFO - [2026-04-26T07:15:28.849+0000] {dag.py:3096} INFO - Sync 1 DAGs
[2026-04-26T07:15:28.865+0000] {logging_mixin.py:188} INFO - [2026-04-26T07:15:28.864+0000] {dag.py:3954} INFO - Setting next_dagrun for example_dynamic_task_mapping to 2022-03-04 00:00:00+00:00, run_after=2022-03-05 00:00:00+00:00
[2026-04-26T07:15:28.883+0000] {processor.py:183} INFO - Processing /usr/local/python/3.12.1/lib/python3.12/site-packages/airflow/example_dags/example_dynamic_task_mapping.py took 0.057 seconds
[2026-04-26T07:15:36.489+0000] {processor.py:161} INFO - Started process (PID=23120) to work on /usr/local/python/3.12.1/lib/python3.12/site-packages/airflow/example_dags/example_dynamic_task_mapping.py
[2026-04-26T07:15:36.490+0000] {processor.py:830} INFO - Processing file /usr/local/python/3.12.1/lib/python3.12/site-packages/airflow/example_dags/example_dynamic_task_mapping.py for tasks to queue
[2026-04-26T07:15:36.491+0000] {logging_mixin.py:188} INFO - [2026-04-26T07:15:36.491+0000] {dagbag.py:540} INFO - Filling up the DagBag from /usr/local/python/3.12.1/lib/python3.12/site-packages/airflow/example_dags/example_dynamic_task_mapping.py
[2026-04-26T07:15:36.497+0000] {processor.py:840} INFO - DAG(s) 'example_dynamic_task_mapping' retrieved from /usr/local/python/3.12.1/lib/python3.12/site-packages/airflow/example_dags/example_dynamic_task_mapping.py
[2026-04-26T07:15:36.510+0000] {logging_mixin.py:188} INFO - [2026-04-26T07:15:36.510+0000] {dag.py:3096} INFO - Sync 1 DAGs
[2026-04-26T07:15:36.525+0000] {logging_mixin.py:188} INFO - [2026-04-26T07:15:36.525+0000] {dag.py:3954} INFO - Setting next_dagrun for example_dynamic_task_mapping to 2022-03-04 00:00:00+00:00, run_after=2022-03-05 00:00:00+00:00
[2026-04-26T07:15:36.542+0000] {processor.py:183} INFO - Processing /usr/local/python/3.12.1/lib/python3.12/site-packages/airflow/example_dags/example_dynamic_task_mapping.py took 0.059 seconds
[2026-04-26T07:16:02.952+0000] {processor.py:161} INFO - Started process (PID=23491) to work on /usr/local/python/3.12.1/lib/python3.12/site-packages/airflow/example_dags/example_dynamic_task_mapping.py
[2026-04-26T07:16:02.952+0000] {processor.py:830} INFO - Processing file /usr/local/python/3.12.1/lib/python3.12/site-packages/airflow/example_dags/example_dynamic_task_mapping.py for tasks to queue
[2026-04-26T07:16:02.953+0000] {logging_mixin.py:188} INFO - [2026-04-26T07:16:02.953+0000] {dagbag.py:540} INFO - Filling up the DagBag from /usr/local/python/3.12.1/lib/python3.12/site-packages/airflow/example_dags/example_dynamic_task_mapping.py
[2026-04-26T07:16:02.963+0000] {processor.py:840} INFO - DAG(s) 'example_dynamic_task_mapping' retrieved from /usr/local/python/3.12.1/lib/python3.12/site-packages/airflow/example_dags/example_dynamic_task_mapping.py
[2026-04-26T07:16:02.989+0000] {logging_mixin.py:188} INFO - [2026-04-26T07:16:02.989+0000] {dag.py:3096} INFO - Sync 1 DAGs
[2026-04-26T07:16:03.010+0000] {logging_mixin.py:188} INFO - [2026-04-26T07:16:03.010+0000] {dag.py:3954} INFO - Setting next_dagrun for example_dynamic_task_mapping to 2022-03-04 00:00:00+00:00, run_after=2022-03-05 00:00:00+00:00
[2026-04-26T07:16:03.064+0000] {processor.py:183} INFO - Processing /usr/local/python/3.12.1/lib/python3.12/site-packages/airflow/example_dags/example_dynamic_task_mapping.py took 0.117 seconds
[2026-04-26T07:16:20.128+0000] {processor.py:161} INFO - Started process (PID=23780) to work on /usr/local/python/3.12.1/lib/python3.12/site-packages/airflow/example_dags/example_dynamic_task_mapping.py
[2026-04-26T07:16:20.129+0000] {processor.py:830} INFO - Processing file /usr/local/python/3.12.1/lib/python3.12/site-packages/airflow/example_dags/example_dynamic_task_mapping.py for tasks to queue
[2026-04-26T07:16:20.129+0000] {logging_mixin.py:188} INFO - [2026-04-26T07:16:20.129+0000] {dagbag.py:540} INFO - Filling up the DagBag from /usr/local/python/3.12.1/lib/python3.12/site-packages/airflow/example_dags/example_dynamic_task_mapping.py
[2026-04-26T07:16:20.136+0000] {processor.py:840} INFO - DAG(s) 'example_dynamic_task_mapping' retrieved from /usr/local/python/3.12.1/lib/python3.12/site-packages/airflow/example_dags/example_dynamic_task_mapping.py
[2026-04-26T07:16:20.148+0000] {logging_mixin.py:188} INFO - [2026-04-26T07:16:20.148+0000] {dag.py:3096} INFO - Sync 1 DAGs
[2026-04-26T07:16:20.167+0000] {logging_mixin.py:188} INFO - [2026-04-26T07:16:20.166+0000] {dag.py:3954} INFO - Setting next_dagrun for example_dynamic_task_mapping to 2022-03-04 00:00:00+00:00, run_after=2022-03-05 00:00:00+00:00
[2026-04-26T07:16:20.193+0000] {processor.py:183} INFO - Processing /usr/local/python/3.12.1/lib/python3.12/site-packages/airflow/example_dags/example_dynamic_task_mapping.py took 0.070 seconds
[2026-04-26T07:16:28.306+0000] {processor.py:161} INFO - Started process (PID=23839) to work on /usr/local/python/3.12.1/lib/python3.12/site-packages/airflow/example_dags/example_dynamic_task_mapping.py
[2026-04-26T07:16:28.307+0000] {processor.py:830} INFO - Processing file /usr/local/python/3.12.1/lib/python3.12/site-packages/airflow/example_dags/example_dynamic_task_mapping.py for tasks to queue
[2026-04-26T07:16:28.308+0000] {logging_mixin.py:188} INFO - [2026-04-26T07:16:28.307+0000] {dagbag.py:540} INFO - Filling up the DagBag from /usr/local/python/3.12.1/lib/python3.12/site-packages/airflow/example_dags/example_dynamic_task_mapping.py
[2026-04-26T07:16:28.317+0000] {processor.py:840} INFO - DAG(s) 'example_dynamic_task_mapping' retrieved from /usr/local/python/3.12.1/lib/python3.12/site-packages/airflow/example_dags/example_dynamic_task_mapping.py
[2026-04-26T07:16:28.348+0000] {logging_mixin.py:188} INFO - [2026-04-26T07:16:28.348+0000] {dag.py:3096} INFO - Sync 1 DAGs
[2026-04-26T07:16:28.366+0000] {logging_mixin.py:188} INFO - [2026-04-26T07:16:28.366+0000] {dag.py:3954} INFO - Setting next_dagrun for example_dynamic_task_mapping to 2022-03-04 00:00:00+00:00, run_after=2022-03-05 00:00:00+00:00
[2026-04-26T07:16:28.382+0000] {processor.py:183} INFO - Processing /usr/local/python/3.12.1/lib/python3.12/site-packages/airflow/example_dags/example_dynamic_task_mapping.py took 0.082 seconds
[2026-04-26T07:17:04.576+0000] {processor.py:161} INFO - Started process (PID=24197) to work on /usr/local/python/3.12.1/lib/python3.12/site-packages/airflow/example_dags/example_dynamic_task_mapping.py
[2026-04-26T07:17:04.577+0000] {processor.py:830} INFO - Processing file /usr/local/python/3.12.1/lib/python3.12/site-packages/airflow/example_dags/example_dynamic_task_mapping.py for tasks to queue
[2026-04-26T07:17:04.578+0000] {logging_mixin.py:188} INFO - [2026-04-26T07:17:04.577+0000] {dagbag.py:540} INFO - Filling up the DagBag from /usr/local/python/3.12.1/lib/python3.12/site-packages/airflow/example_dags/example_dynamic_task_mapping.py
[2026-04-26T07:17:04.585+0000] {processor.py:840} INFO - DAG(s) 'example_dynamic_task_mapping' retrieved from /usr/local/python/3.12.1/lib/python3.12/site-packages/airflow/example_dags/example_dynamic_task_mapping.py
[2026-04-26T07:17:04.600+0000] {logging_mixin.py:188} INFO - [2026-04-26T07:17:04.600+0000] {dag.py:3096} INFO - Sync 1 DAGs
[2026-04-26T07:17:04.621+0000] {logging_mixin.py:188} INFO - [2026-04-26T07:17:04.621+0000] {dag.py:3954} INFO - Setting next_dagrun for example_dynamic_task_mapping to 2022-03-04 00:00:00+00:00, run_after=2022-03-05 00:00:00+00:00
[2026-04-26T07:17:04.643+0000] {processor.py:183} INFO - Processing /usr/local/python/3.12.1/lib/python3.12/site-packages/airflow/example_dags/example_dynamic_task_mapping.py took 0.071 seconds
[2026-04-26T07:17:24.356+0000] {processor.py:161} INFO - Started process (PID=24507) to work on /usr/local/python/3.12.1/lib/python3.12/site-packages/airflow/example_dags/example_dynamic_task_mapping.py
[2026-04-26T07:17:24.356+0000] {processor.py:830} INFO - Processing file /usr/local/python/3.12.1/lib/python3.12/site-packages/airflow/example_dags/example_dynamic_task_mapping.py for tasks to queue
[2026-04-26T07:17:24.357+0000] {logging_mixin.py:188} INFO - [2026-04-26T07:17:24.357+0000] {dagbag.py:540} INFO - Filling up the DagBag from /usr/local/python/3.12.1/lib/python3.12/site-packages/airflow/example_dags/example_dynamic_task_mapping.py
[2026-04-26T07:17:24.362+0000] {processor.py:840} INFO - DAG(s) 'example_dynamic_task_mapping' retrieved from /usr/local/python/3.12.1/lib/python3.12/site-packages/airflow/example_dags/example_dynamic_task_mapping.py
[2026-04-26T07:17:24.374+0000] {logging_mixin.py:188} INFO - [2026-04-26T07:17:24.373+0000] {dag.py:3096} INFO - Sync 1 DAGs
[2026-04-26T07:17:24.388+0000] {logging_mixin.py:188} INFO - [2026-04-26T07:17:24.388+0000] {dag.py:3954} INFO - Setting next_dagrun for example_dynamic_task_mapping to 2022-03-04 00:00:00+00:00, run_after=2022-03-05 00:00:00+00:00
[2026-04-26T07:17:24.403+0000] {processor.py:183} INFO - Processing /usr/local/python/3.12.1/lib/python3.12/site-packages/airflow/example_dags/example_dynamic_task_mapping.py took 0.051 seconds
[2026-04-26T07:17:30.363+0000] {processor.py:161} INFO - Started process (PID=24550) to work on /usr/local/python/3.12.1/lib/python3.12/site-packages/airflow/example_dags/example_dynamic_task_mapping.py
[2026-04-26T07:17:30.364+0000] {processor.py:830} INFO - Processing file /usr/local/python/3.12.1/lib/python3.12/site-packages/airflow/example_dags/example_dynamic_task_mapping.py for tasks to queue
[2026-04-26T07:17:30.365+0000] {logging_mixin.py:188} INFO - [2026-04-26T07:17:30.364+0000] {dagbag.py:540} INFO - Filling up the DagBag from /usr/local/python/3.12.1/lib/python3.12/site-packages/airflow/example_dags/example_dynamic_task_mapping.py
[2026-04-26T07:17:30.372+0000] {processor.py:840} INFO - DAG(s) 'example_dynamic_task_mapping' retrieved from /usr/local/python/3.12.1/lib/python3.12/site-packages/airflow/example_dags/example_dynamic_task_mapping.py
[2026-04-26T07:17:30.388+0000] {logging_mixin.py:188} INFO - [2026-04-26T07:17:30.388+0000] {dag.py:3096} INFO - Sync 1 DAGs
[2026-04-26T07:17:30.407+0000] {logging_mixin.py:188} INFO - [2026-04-26T07:17:30.407+0000] {dag.py:3954} INFO - Setting next_dagrun for example_dynamic_task_mapping to 2022-03-04 00:00:00+00:00, run_after=2022-03-05 00:00:00+00:00
[2026-04-26T07:17:30.424+0000] {processor.py:183} INFO - Processing /usr/local/python/3.12.1/lib/python3.12/site-packages/airflow/example_dags/example_dynamic_task_mapping.py took 0.069 seconds
[2026-04-26T07:18:05.312+0000] {processor.py:161} INFO - Started process (PID=24882) to work on /usr/local/python/3.12.1/lib/python3.12/site-packages/airflow/example_dags/example_dynamic_task_mapping.py
[2026-04-26T07:18:05.312+0000] {processor.py:830} INFO - Processing file /usr/local/python/3.12.1/lib/python3.12/site-packages/airflow/example_dags/example_dynamic_task_mapping.py for tasks to queue
[2026-04-26T07:18:05.313+0000] {logging_mixin.py:188} INFO - [2026-04-26T07:18:05.313+0000] {dagbag.py:540} INFO - Filling up the DagBag from /usr/local/python/3.12.1/lib/python3.12/site-packages/airflow/example_dags/example_dynamic_task_mapping.py
[2026-04-26T07:18:05.319+0000] {processor.py:840} INFO - DAG(s) 'example_dynamic_task_mapping' retrieved from /usr/local/python/3.12.1/lib/python3.12/site-packages/airflow/example_dags/example_dynamic_task_mapping.py
[2026-04-26T07:18:05.330+0000] {logging_mixin.py:188} INFO - [2026-04-26T07:18:05.330+0000] {dag.py:3096} INFO - Sync 1 DAGs
[2026-04-26T07:18:05.344+0000] {logging_mixin.py:188} INFO - [2026-04-26T07:18:05.344+0000] {dag.py:3954} INFO - Setting next_dagrun for example_dynamic_task_mapping to 2022-03-04 00:00:00+00:00, run_after=2022-03-05 00:00:00+00:00
[2026-04-26T07:18:05.362+0000] {processor.py:183} INFO - Processing /usr/local/python/3.12.1/lib/python3.12/site-packages/airflow/example_dags/example_dynamic_task_mapping.py took 0.055 seconds
[2026-04-26T07:18:30.777+0000] {processor.py:161} INFO - Started process (PID=25134) to work on /usr/local/python/3.12.1/lib/python3.12/site-packages/airflow/example_dags/example_dynamic_task_mapping.py
[2026-04-26T07:18:30.777+0000] {processor.py:830} INFO - Processing file /usr/local/python/3.12.1/lib/python3.12/site-packages/airflow/example_dags/example_dynamic_task_mapping.py for tasks to queue
[2026-04-26T07:18:30.778+0000] {logging_mixin.py:188} INFO - [2026-04-26T07:18:30.778+0000] {dagbag.py:540} INFO - Filling up the DagBag from /usr/local/python/3.12.1/lib/python3.12/site-packages/airflow/example_dags/example_dynamic_task_mapping.py
[2026-04-26T07:18:30.784+0000] {processor.py:840} INFO - DAG(s) 'example_dynamic_task_mapping' retrieved from /usr/local/python/3.12.1/lib/python3.12/site-packages/airflow/example_dags/example_dynamic_task_mapping.py
[2026-04-26T07:18:30.794+0000] {logging_mixin.py:188} INFO - [2026-04-26T07:18:30.794+0000] {dag.py:3096} INFO - Sync 1 DAGs
[2026-04-26T07:18:30.809+0000] {logging_mixin.py:188} INFO - [2026-04-26T07:18:30.808+0000] {dag.py:3954} INFO - Setting next_dagrun for example_dynamic_task_mapping to 2022-03-04 00:00:00+00:00, run_after=2022-03-05 00:00:00+00:00
[2026-04-26T07:18:30.829+0000] {processor.py:183} INFO - Processing /usr/local/python/3.12.1/lib/python3.12/site-packages/airflow/example_dags/example_dynamic_task_mapping.py took 0.057 seconds
[2026-04-26T07:18:39.520+0000] {processor.py:161} INFO - Started process (PID=25223) to work on /usr/local/python/3.12.1/lib/python3.12/site-packages/airflow/example_dags/example_dynamic_task_mapping.py
[2026-04-26T07:18:39.521+0000] {processor.py:830} INFO - Processing file /usr/local/python/3.12.1/lib/python3.12/site-packages/airflow/example_dags/example_dynamic_task_mapping.py for tasks to queue
[2026-04-26T07:18:39.522+0000] {logging_mixin.py:188} INFO - [2026-04-26T07:18:39.522+0000] {dagbag.py:540} INFO - Filling up the DagBag from /usr/local/python/3.12.1/lib/python3.12/site-packages/airflow/example_dags/example_dynamic_task_mapping.py
[2026-04-26T07:18:39.530+0000] {processor.py:840} INFO - DAG(s) 'example_dynamic_task_mapping' retrieved from /usr/local/python/3.12.1/lib/python3.12/site-packages/airflow/example_dags/example_dynamic_task_mapping.py
[2026-04-26T07:18:39.547+0000] {logging_mixin.py:188} INFO - [2026-04-26T07:18:39.546+0000] {dag.py:3096} INFO - Sync 1 DAGs
[2026-04-26T07:18:39.571+0000] {logging_mixin.py:188} INFO - [2026-04-26T07:18:39.571+0000] {dag.py:3954} INFO - Setting next_dagrun for example_dynamic_task_mapping to 2022-03-04 00:00:00+00:00, run_after=2022-03-05 00:00:00+00:00
[2026-04-26T07:18:39.606+0000] {processor.py:183} INFO - Processing /usr/local/python/3.12.1/lib/python3.12/site-packages/airflow/example_dags/example_dynamic_task_mapping.py took 0.092 seconds
[2026-04-26T07:19:27.455+0000] {processor.py:161} INFO - Started process (PID=25934) to work on /usr/local/python/3.12.1/lib/python3.12/site-packages/airflow/example_dags/example_dynamic_task_mapping.py
[2026-04-26T07:19:27.456+0000] {processor.py:830} INFO - Processing file /usr/local/python/3.12.1/lib/python3.12/site-packages/airflow/example_dags/example_dynamic_task_mapping.py for tasks to queue
[2026-04-26T07:19:27.457+0000] {logging_mixin.py:188} INFO - [2026-04-26T07:19:27.456+0000] {dagbag.py:540} INFO - Filling up the DagBag from /usr/local/python/3.12.1/lib/python3.12/site-packages/airflow/example_dags/example_dynamic_task_mapping.py
[2026-04-26T07:19:27.462+0000] {processor.py:840} INFO - DAG(s) 'example_dynamic_task_mapping' retrieved from /usr/local/python/3.12.1/lib/python3.12/site-packages/airflow/example_dags/example_dynamic_task_mapping.py
[2026-04-26T07:19:27.472+0000] {logging_mixin.py:188} INFO - [2026-04-26T07:19:27.472+0000] {dag.py:3096} INFO - Sync 1 DAGs
[2026-04-26T07:19:27.487+0000] {logging_mixin.py:188} INFO - [2026-04-26T07:19:27.486+0000] {dag.py:3954} INFO - Setting next_dagrun for example_dynamic_task_mapping to 2022-03-04 00:00:00+00:00, run_after=2022-03-05 00:00:00+00:00
[2026-04-26T07:19:27.502+0000] {processor.py:183} INFO - Processing /usr/local/python/3.12.1/lib/python3.12/site-packages/airflow/example_dags/example_dynamic_task_mapping.py took 0.051 seconds
[2026-04-26T07:19:29.379+0000] {processor.py:161} INFO - Started process (PID=25954) to work on /usr/local/python/3.12.1/lib/python3.12/site-packages/airflow/example_dags/example_dynamic_task_mapping.py
[2026-04-26T07:19:29.380+0000] {processor.py:830} INFO - Processing file /usr/local/python/3.12.1/lib/python3.12/site-packages/airflow/example_dags/example_dynamic_task_mapping.py for tasks to queue
[2026-04-26T07:19:29.381+0000] {logging_mixin.py:188} INFO - [2026-04-26T07:19:29.381+0000] {dagbag.py:540} INFO - Filling up the DagBag from /usr/local/python/3.12.1/lib/python3.12/site-packages/airflow/example_dags/example_dynamic_task_mapping.py
[2026-04-26T07:19:29.389+0000] {processor.py:840} INFO - DAG(s) 'example_dynamic_task_mapping' retrieved from /usr/local/python/3.12.1/lib/python3.12/site-packages/airflow/example_dags/example_dynamic_task_mapping.py
[2026-04-26T07:19:29.406+0000] {logging_mixin.py:188} INFO - [2026-04-26T07:19:29.405+0000] {dag.py:3096} INFO - Sync 1 DAGs
[2026-04-26T07:19:29.428+0000] {logging_mixin.py:188} INFO - [2026-04-26T07:19:29.428+0000] {dag.py:3954} INFO - Setting next_dagrun for example_dynamic_task_mapping to 2022-03-04 00:00:00+00:00, run_after=2022-03-05 00:00:00+00:00
[2026-04-26T07:19:29.457+0000] {processor.py:183} INFO - Processing /usr/local/python/3.12.1/lib/python3.12/site-packages/airflow/example_dags/example_dynamic_task_mapping.py took 0.084 seconds
[2026-04-26T07:19:53.167+0000] {processor.py:161} INFO - Started process (PID=26303) to work on /usr/local/python/3.12.1/lib/python3.12/site-packages/airflow/example_dags/example_dynamic_task_mapping.py
[2026-04-26T07:19:53.167+0000] {processor.py:830} INFO - Processing file /usr/local/python/3.12.1/lib/python3.12/site-packages/airflow/example_dags/example_dynamic_task_mapping.py for tasks to queue
[2026-04-26T07:19:53.168+0000] {logging_mixin.py:188} INFO - [2026-04-26T07:19:53.168+0000] {dagbag.py:540} INFO - Filling up the DagBag from /usr/local/python/3.12.1/lib/python3.12/site-packages/airflow/example_dags/example_dynamic_task_mapping.py
[2026-04-26T07:19:53.174+0000] {processor.py:840} INFO - DAG(s) 'example_dynamic_task_mapping' retrieved from /usr/local/python/3.12.1/lib/python3.12/site-packages/airflow/example_dags/example_dynamic_task_mapping.py
[2026-04-26T07:19:53.185+0000] {logging_mixin.py:188} INFO - [2026-04-26T07:19:53.185+0000] {dag.py:3096} INFO - Sync 1 DAGs
[2026-04-26T07:19:53.199+0000] {logging_mixin.py:188} INFO - [2026-04-26T07:19:53.199+0000] {dag.py:3954} INFO - Setting next_dagrun for example_dynamic_task_mapping to 2022-03-04 00:00:00+00:00, run_after=2022-03-05 00:00:00+00:00
[2026-04-26T07:19:53.218+0000] {processor.py:183} INFO - Processing /usr/local/python/3.12.1/lib/python3.12/site-packages/airflow/example_dags/example_dynamic_task_mapping.py took 0.057 seconds
[2026-04-26T07:20:24.245+0000] {processor.py:161} INFO - Started process (PID=26642) to work on /usr/local/python/3.12.1/lib/python3.12/site-packages/airflow/example_dags/example_dynamic_task_mapping.py
[2026-04-26T07:20:24.246+0000] {processor.py:830} INFO - Processing file /usr/local/python/3.12.1/lib/python3.12/site-packages/airflow/example_dags/example_dynamic_task_mapping.py for tasks to queue
[2026-04-26T07:20:24.247+0000] {logging_mixin.py:188} INFO - [2026-04-26T07:20:24.247+0000] {dagbag.py:540} INFO - Filling up the DagBag from /usr/local/python/3.12.1/lib/python3.12/site-packages/airflow/example_dags/example_dynamic_task_mapping.py
[2026-04-26T07:20:24.252+0000] {processor.py:840} INFO - DAG(s) 'example_dynamic_task_mapping' retrieved from /usr/local/python/3.12.1/lib/python3.12/site-packages/airflow/example_dags/example_dynamic_task_mapping.py
[2026-04-26T07:20:24.263+0000] {logging_mixin.py:188} INFO - [2026-04-26T07:20:24.263+0000] {dag.py:3096} INFO - Sync 1 DAGs
[2026-04-26T07:20:24.278+0000] {logging_mixin.py:188} INFO - [2026-04-26T07:20:24.277+0000] {dag.py:3954} INFO - Setting next_dagrun for example_dynamic_task_mapping to 2022-03-04 00:00:00+00:00, run_after=2022-03-05 00:00:00+00:00
[2026-04-26T07:20:24.296+0000] {processor.py:183} INFO - Processing /usr/local/python/3.12.1/lib/python3.12/site-packages/airflow/example_dags/example_dynamic_task_mapping.py took 0.054 seconds
[2026-04-26T07:20:32.377+0000] {processor.py:161} INFO - Started process (PID=26715) to work on /usr/local/python/3.12.1/lib/python3.12/site-packages/airflow/example_dags/example_dynamic_task_mapping.py
[2026-04-26T07:20:32.378+0000] {processor.py:830} INFO - Processing file /usr/local/python/3.12.1/lib/python3.12/site-packages/airflow/example_dags/example_dynamic_task_mapping.py for tasks to queue
[2026-04-26T07:20:32.379+0000] {logging_mixin.py:188} INFO - [2026-04-26T07:20:32.379+0000] {dagbag.py:540} INFO - Filling up the DagBag from /usr/local/python/3.12.1/lib/python3.12/site-packages/airflow/example_dags/example_dynamic_task_mapping.py
[2026-04-26T07:20:32.387+0000] {processor.py:840} INFO - DAG(s) 'example_dynamic_task_mapping' retrieved from /usr/local/python/3.12.1/lib/python3.12/site-packages/airflow/example_dags/example_dynamic_task_mapping.py
[2026-04-26T07:20:32.404+0000] {logging_mixin.py:188} INFO - [2026-04-26T07:20:32.404+0000] {dag.py:3096} INFO - Sync 1 DAGs
[2026-04-26T07:20:32.420+0000] {logging_mixin.py:188} INFO - [2026-04-26T07:20:32.420+0000] {dag.py:3954} INFO - Setting next_dagrun for example_dynamic_task_mapping to 2022-03-04 00:00:00+00:00, run_after=2022-03-05 00:00:00+00:00
[2026-04-26T07:20:32.436+0000] {processor.py:183} INFO - Processing /usr/local/python/3.12.1/lib/python3.12/site-packages/airflow/example_dags/example_dynamic_task_mapping.py took 0.066 seconds
[2026-04-26T07:21:00.427+0000] {processor.py:161} INFO - Started process (PID=26969) to work on /usr/local/python/3.12.1/lib/python3.12/site-packages/airflow/example_dags/example_dynamic_task_mapping.py
[2026-04-26T07:21:00.427+0000] {processor.py:830} INFO - Processing file /usr/local/python/3.12.1/lib/python3.12/site-packages/airflow/example_dags/example_dynamic_task_mapping.py for tasks to queue
[2026-04-26T07:21:00.428+0000] {logging_mixin.py:188} INFO - [2026-04-26T07:21:00.428+0000] {dagbag.py:540} INFO - Filling up the DagBag from /usr/local/python/3.12.1/lib/python3.12/site-packages/airflow/example_dags/example_dynamic_task_mapping.py
[2026-04-26T07:21:00.434+0000] {processor.py:840} INFO - DAG(s) 'example_dynamic_task_mapping' retrieved from /usr/local/python/3.12.1/lib/python3.12/site-packages/airflow/example_dags/example_dynamic_task_mapping.py
[2026-04-26T07:21:00.445+0000] {logging_mixin.py:188} INFO - [2026-04-26T07:21:00.444+0000] {dag.py:3096} INFO - Sync 1 DAGs
[2026-04-26T07:21:00.459+0000] {logging_mixin.py:188} INFO - [2026-04-26T07:21:00.459+0000] {dag.py:3954} INFO - Setting next_dagrun for example_dynamic_task_mapping to 2022-03-04 00:00:00+00:00, run_after=2022-03-05 00:00:00+00:00
[2026-04-26T07:21:00.481+0000] {processor.py:183} INFO - Processing /usr/local/python/3.12.1/lib/python3.12/site-packages/airflow/example_dags/example_dynamic_task_mapping.py took 0.058 seconds
[2026-04-26T07:21:27.357+0000] {processor.py:161} INFO - Started process (PID=27203) to work on /usr/local/python/3.12.1/lib/python3.12/site-packages/airflow/example_dags/example_dynamic_task_mapping.py
[2026-04-26T07:21:27.358+0000] {processor.py:830} INFO - Processing file /usr/local/python/3.12.1/lib/python3.12/site-packages/airflow/example_dags/example_dynamic_task_mapping.py for tasks to queue
[2026-04-26T07:21:27.359+0000] {logging_mixin.py:188} INFO - [2026-04-26T07:21:27.359+0000] {dagbag.py:540} INFO - Filling up the DagBag from /usr/local/python/3.12.1/lib/python3.12/site-packages/airflow/example_dags/example_dynamic_task_mapping.py
[2026-04-26T07:21:27.368+0000] {processor.py:840} INFO - DAG(s) 'example_dynamic_task_mapping' retrieved from /usr/local/python/3.12.1/lib/python3.12/site-packages/airflow/example_dags/example_dynamic_task_mapping.py
[2026-04-26T07:21:27.396+0000] {logging_mixin.py:188} INFO - [2026-04-26T07:21:27.396+0000] {dag.py:3096} INFO - Sync 1 DAGs
[2026-04-26T07:21:27.437+0000] {logging_mixin.py:188} INFO - [2026-04-26T07:21:27.437+0000] {dag.py:3954} INFO - Setting next_dagrun for example_dynamic_task_mapping to 2022-03-04 00:00:00+00:00, run_after=2022-03-05 00:00:00+00:00
[2026-04-26T07:21:27.463+0000] {processor.py:183} INFO - Processing /usr/local/python/3.12.1/lib/python3.12/site-packages/airflow/example_dags/example_dynamic_task_mapping.py took 0.112 seconds
[2026-04-26T07:21:34.325+0000] {processor.py:161} INFO - Started process (PID=27260) to work on /usr/local/python/3.12.1/lib/python3.12/site-packages/airflow/example_dags/example_dynamic_task_mapping.py
[2026-04-26T07:21:34.326+0000] {processor.py:830} INFO - Processing file /usr/local/python/3.12.1/lib/python3.12/site-packages/airflow/example_dags/example_dynamic_task_mapping.py for tasks to queue
[2026-04-26T07:21:34.327+0000] {logging_mixin.py:188} INFO - [2026-04-26T07:21:34.326+0000] {dagbag.py:540} INFO - Filling up the DagBag from /usr/local/python/3.12.1/lib/python3.12/site-packages/airflow/example_dags/example_dynamic_task_mapping.py
[2026-04-26T07:21:34.332+0000] {processor.py:840} INFO - DAG(s) 'example_dynamic_task_mapping' retrieved from /usr/local/python/3.12.1/lib/python3.12/site-packages/airflow/example_dags/example_dynamic_task_mapping.py
[2026-04-26T07:21:34.342+0000] {logging_mixin.py:188} INFO - [2026-04-26T07:21:34.342+0000] {dag.py:3096} INFO - Sync 1 DAGs
[2026-04-26T07:21:34.359+0000] {logging_mixin.py:188} INFO - [2026-04-26T07:21:34.359+0000] {dag.py:3954} INFO - Setting next_dagrun for example_dynamic_task_mapping to 2022-03-04 00:00:00+00:00, run_after=2022-03-05 00:00:00+00:00
[2026-04-26T07:21:34.376+0000] {processor.py:183} INFO - Processing /usr/local/python/3.12.1/lib/python3.12/site-packages/airflow/example_dags/example_dynamic_task_mapping.py took 0.054 seconds
[2026-04-26T07:22:01.982+0000] {processor.py:161} INFO - Started process (PID=27508) to work on /usr/local/python/3.12.1/lib/python3.12/site-packages/airflow/example_dags/example_dynamic_task_mapping.py
[2026-04-26T07:22:01.982+0000] {processor.py:830} INFO - Processing file /usr/local/python/3.12.1/lib/python3.12/site-packages/airflow/example_dags/example_dynamic_task_mapping.py for tasks to queue
[2026-04-26T07:22:01.983+0000] {logging_mixin.py:188} INFO - [2026-04-26T07:22:01.983+0000] {dagbag.py:540} INFO - Filling up the DagBag from /usr/local/python/3.12.1/lib/python3.12/site-packages/airflow/example_dags/example_dynamic_task_mapping.py
[2026-04-26T07:22:01.988+0000] {processor.py:840} INFO - DAG(s) 'example_dynamic_task_mapping' retrieved from /usr/local/python/3.12.1/lib/python3.12/site-packages/airflow/example_dags/example_dynamic_task_mapping.py
[2026-04-26T07:22:01.999+0000] {logging_mixin.py:188} INFO - [2026-04-26T07:22:01.999+0000] {dag.py:3096} INFO - Sync 1 DAGs
[2026-04-26T07:22:02.015+0000] {logging_mixin.py:188} INFO - [2026-04-26T07:22:02.014+0000] {dag.py:3954} INFO - Setting next_dagrun for example_dynamic_task_mapping to 2022-03-04 00:00:00+00:00, run_after=2022-03-05 00:00:00+00:00
[2026-04-26T07:22:02.031+0000] {processor.py:183} INFO - Processing /usr/local/python/3.12.1/lib/python3.12/site-packages/airflow/example_dags/example_dynamic_task_mapping.py took 0.054 seconds
[2026-04-26T07:22:31.419+0000] {processor.py:161} INFO - Started process (PID=27776) to work on /usr/local/python/3.12.1/lib/python3.12/site-packages/airflow/example_dags/example_dynamic_task_mapping.py
[2026-04-26T07:22:31.419+0000] {processor.py:830} INFO - Processing file /usr/local/python/3.12.1/lib/python3.12/site-packages/airflow/example_dags/example_dynamic_task_mapping.py for tasks to queue
[2026-04-26T07:22:31.420+0000] {logging_mixin.py:188} INFO - [2026-04-26T07:22:31.420+0000] {dagbag.py:540} INFO - Filling up the DagBag from /usr/local/python/3.12.1/lib/python3.12/site-packages/airflow/example_dags/example_dynamic_task_mapping.py
[2026-04-26T07:22:31.427+0000] {processor.py:840} INFO - DAG(s) 'example_dynamic_task_mapping' retrieved from /usr/local/python/3.12.1/lib/python3.12/site-packages/airflow/example_dags/example_dynamic_task_mapping.py
[2026-04-26T07:22:31.443+0000] {logging_mixin.py:188} INFO - [2026-04-26T07:22:31.443+0000] {dag.py:3096} INFO - Sync 1 DAGs
[2026-04-26T07:22:31.466+0000] {logging_mixin.py:188} INFO - [2026-04-26T07:22:31.466+0000] {dag.py:3954} INFO - Setting next_dagrun for example_dynamic_task_mapping to 2022-03-04 00:00:00+00:00, run_after=2022-03-05 00:00:00+00:00
[2026-04-26T07:22:31.492+0000] {processor.py:183} INFO - Processing /usr/local/python/3.12.1/lib/python3.12/site-packages/airflow/example_dags/example_dynamic_task_mapping.py took 0.078 seconds
[2026-04-26T07:22:33.591+0000] {processor.py:161} INFO - Started process (PID=27791) to work on /usr/local/python/3.12.1/lib/python3.12/site-packages/airflow/example_dags/example_dynamic_task_mapping.py
[2026-04-26T07:22:33.591+0000] {processor.py:830} INFO - Processing file /usr/local/python/3.12.1/lib/python3.12/site-packages/airflow/example_dags/example_dynamic_task_mapping.py for tasks to queue
[2026-04-26T07:22:33.592+0000] {logging_mixin.py:188} INFO - [2026-04-26T07:22:33.592+0000] {dagbag.py:540} INFO - Filling up the DagBag from /usr/local/python/3.12.1/lib/python3.12/site-packages/airflow/example_dags/example_dynamic_task_mapping.py
[2026-04-26T07:22:33.597+0000] {processor.py:840} INFO - DAG(s) 'example_dynamic_task_mapping' retrieved from /usr/local/python/3.12.1/lib/python3.12/site-packages/airflow/example_dags/example_dynamic_task_mapping.py
[2026-04-26T07:22:33.608+0000] {logging_mixin.py:188} INFO - [2026-04-26T07:22:33.607+0000] {dag.py:3096} INFO - Sync 1 DAGs
[2026-04-26T07:22:33.622+0000] {logging_mixin.py:188} INFO - [2026-04-26T07:22:33.622+0000] {dag.py:3954} INFO - Setting next_dagrun for example_dynamic_task_mapping to 2022-03-04 00:00:00+00:00, run_after=2022-03-05 00:00:00+00:00
[2026-04-26T07:22:33.638+0000] {processor.py:183} INFO - Processing /usr/local/python/3.12.1/lib/python3.12/site-packages/airflow/example_dags/example_dynamic_task_mapping.py took 0.051 seconds
[2026-04-26T07:23:04.881+0000] {processor.py:161} INFO - Started process (PID=28071) to work on /usr/local/python/3.12.1/lib/python3.12/site-packages/airflow/example_dags/example_dynamic_task_mapping.py
[2026-04-26T07:23:04.882+0000] {processor.py:830} INFO - Processing file /usr/local/python/3.12.1/lib/python3.12/site-packages/airflow/example_dags/example_dynamic_task_mapping.py for tasks to queue
[2026-04-26T07:23:04.883+0000] {logging_mixin.py:188} INFO - [2026-04-26T07:23:04.883+0000] {dagbag.py:540} INFO - Filling up the DagBag from /usr/local/python/3.12.1/lib/python3.12/site-packages/airflow/example_dags/example_dynamic_task_mapping.py
[2026-04-26T07:23:04.891+0000] {processor.py:840} INFO - DAG(s) 'example_dynamic_task_mapping' retrieved from /usr/local/python/3.12.1/lib/python3.12/site-packages/airflow/example_dags/example_dynamic_task_mapping.py
[2026-04-26T07:23:04.916+0000] {logging_mixin.py:188} INFO - [2026-04-26T07:23:04.916+0000] {dag.py:3096} INFO - Sync 1 DAGs
[2026-04-26T07:23:04.933+0000] {logging_mixin.py:188} INFO - [2026-04-26T07:23:04.933+0000] {dag.py:3954} INFO - Setting next_dagrun for example_dynamic_task_mapping to 2022-03-04 00:00:00+00:00, run_after=2022-03-05 00:00:00+00:00
[2026-04-26T07:23:04.948+0000] {processor.py:183} INFO - Processing /usr/local/python/3.12.1/lib/python3.12/site-packages/airflow/example_dags/example_dynamic_task_mapping.py took 0.073 seconds
[2026-04-26T07:23:34.627+0000] {processor.py:161} INFO - Started process (PID=28331) to work on /usr/local/python/3.12.1/lib/python3.12/site-packages/airflow/example_dags/example_dynamic_task_mapping.py
[2026-04-26T07:23:34.627+0000] {processor.py:830} INFO - Processing file /usr/local/python/3.12.1/lib/python3.12/site-packages/airflow/example_dags/example_dynamic_task_mapping.py for tasks to queue
[2026-04-26T07:23:34.628+0000] {logging_mixin.py:188} INFO - [2026-04-26T07:23:34.628+0000] {dagbag.py:540} INFO - Filling up the DagBag from /usr/local/python/3.12.1/lib/python3.12/site-packages/airflow/example_dags/example_dynamic_task_mapping.py
[2026-04-26T07:23:34.633+0000] {processor.py:840} INFO - DAG(s) 'example_dynamic_task_mapping' retrieved from /usr/local/python/3.12.1/lib/python3.12/site-packages/airflow/example_dags/example_dynamic_task_mapping.py
[2026-04-26T07:23:34.647+0000] {logging_mixin.py:188} INFO - [2026-04-26T07:23:34.647+0000] {dag.py:3096} INFO - Sync 1 DAGs
[2026-04-26T07:23:34.664+0000] {logging_mixin.py:188} INFO - [2026-04-26T07:23:34.664+0000] {dag.py:3954} INFO - Setting next_dagrun for example_dynamic_task_mapping to 2022-03-04 00:00:00+00:00, run_after=2022-03-05 00:00:00+00:00
[2026-04-26T07:23:34.680+0000] {processor.py:183} INFO - Processing /usr/local/python/3.12.1/lib/python3.12/site-packages/airflow/example_dags/example_dynamic_task_mapping.py took 0.057 seconds
[2026-04-26T07:23:35.008+0000] {processor.py:161} INFO - Started process (PID=28333) to work on /usr/local/python/3.12.1/lib/python3.12/site-packages/airflow/example_dags/example_dynamic_task_mapping.py
[2026-04-26T07:23:35.009+0000] {processor.py:830} INFO - Processing file /usr/local/python/3.12.1/lib/python3.12/site-packages/airflow/example_dags/example_dynamic_task_mapping.py for tasks to queue
[2026-04-26T07:23:35.009+0000] {logging_mixin.py:188} INFO - [2026-04-26T07:23:35.009+0000] {dagbag.py:540} INFO - Filling up the DagBag from /usr/local/python/3.12.1/lib/python3.12/site-packages/airflow/example_dags/example_dynamic_task_mapping.py
[2026-04-26T07:23:35.015+0000] {processor.py:840} INFO - DAG(s) 'example_dynamic_task_mapping' retrieved from /usr/local/python/3.12.1/lib/python3.12/site-packages/airflow/example_dags/example_dynamic_task_mapping.py
[2026-04-26T07:23:35.026+0000] {logging_mixin.py:188} INFO - [2026-04-26T07:23:35.026+0000] {dag.py:3096} INFO - Sync 1 DAGs
[2026-04-26T07:23:35.041+0000] {logging_mixin.py:188} INFO - [2026-04-26T07:23:35.040+0000] {dag.py:3954} INFO - Setting next_dagrun for example_dynamic_task_mapping to 2022-03-04 00:00:00+00:00, run_after=2022-03-05 00:00:00+00:00
[2026-04-26T07:23:35.062+0000] {processor.py:183} INFO - Processing /usr/local/python/3.12.1/lib/python3.12/site-packages/airflow/example_dags/example_dynamic_task_mapping.py took 0.058 seconds
[2026-04-26T07:24:05.812+0000] {processor.py:161} INFO - Started process (PID=28673) to work on /usr/local/python/3.12.1/lib/python3.12/site-packages/airflow/example_dags/example_dynamic_task_mapping.py
[2026-04-26T07:24:05.813+0000] {processor.py:830} INFO - Processing file /usr/local/python/3.12.1/lib/python3.12/site-packages/airflow/example_dags/example_dynamic_task_mapping.py for tasks to queue
[2026-04-26T07:24:05.814+0000] {logging_mixin.py:188} INFO - [2026-04-26T07:24:05.813+0000] {dagbag.py:540} INFO - Filling up the DagBag from /usr/local/python/3.12.1/lib/python3.12/site-packages/airflow/example_dags/example_dynamic_task_mapping.py
[2026-04-26T07:24:05.819+0000] {processor.py:840} INFO - DAG(s) 'example_dynamic_task_mapping' retrieved from /usr/local/python/3.12.1/lib/python3.12/site-packages/airflow/example_dags/example_dynamic_task_mapping.py
[2026-04-26T07:24:05.830+0000] {logging_mixin.py:188} INFO - [2026-04-26T07:24:05.829+0000] {dag.py:3096} INFO - Sync 1 DAGs
[2026-04-26T07:24:05.844+0000] {logging_mixin.py:188} INFO - [2026-04-26T07:24:05.844+0000] {dag.py:3954} INFO - Setting next_dagrun for example_dynamic_task_mapping to 2022-03-04 00:00:00+00:00, run_after=2022-03-05 00:00:00+00:00
[2026-04-26T07:24:05.862+0000] {processor.py:183} INFO - Processing /usr/local/python/3.12.1/lib/python3.12/site-packages/airflow/example_dags/example_dynamic_task_mapping.py took 0.054 seconds
[2026-04-26T07:24:30.515+0000] {processor.py:161} INFO - Started process (PID=28887) to work on /usr/local/python/3.12.1/lib/python3.12/site-packages/airflow/example_dags/example_dynamic_task_mapping.py
[2026-04-26T07:24:30.516+0000] {processor.py:830} INFO - Processing file /usr/local/python/3.12.1/lib/python3.12/site-packages/airflow/example_dags/example_dynamic_task_mapping.py for tasks to queue
[2026-04-26T07:24:30.517+0000] {logging_mixin.py:188} INFO - [2026-04-26T07:24:30.516+0000] {dagbag.py:540} INFO - Filling up the DagBag from /usr/local/python/3.12.1/lib/python3.12/site-packages/airflow/example_dags/example_dynamic_task_mapping.py
[2026-04-26T07:24:30.522+0000] {processor.py:840} INFO - DAG(s) 'example_dynamic_task_mapping' retrieved from /usr/local/python/3.12.1/lib/python3.12/site-packages/airflow/example_dags/example_dynamic_task_mapping.py
[2026-04-26T07:24:30.534+0000] {logging_mixin.py:188} INFO - [2026-04-26T07:24:30.534+0000] {dag.py:3096} INFO - Sync 1 DAGs
[2026-04-26T07:24:30.558+0000] {logging_mixin.py:188} INFO - [2026-04-26T07:24:30.557+0000] {dag.py:3954} INFO - Setting next_dagrun for example_dynamic_task_mapping to 2022-03-04 00:00:00+00:00, run_after=2022-03-05 00:00:00+00:00
[2026-04-26T07:24:30.584+0000] {processor.py:183} INFO - Processing /usr/local/python/3.12.1/lib/python3.12/site-packages/airflow/example_dags/example_dynamic_task_mapping.py took 0.073 seconds
[2026-04-26T07:24:34.703+0000] {processor.py:161} INFO - Started process (PID=28996) to work on /usr/local/python/3.12.1/lib/python3.12/site-packages/airflow/example_dags/example_dynamic_task_mapping.py
[2026-04-26T07:24:34.704+0000] {processor.py:830} INFO - Processing file /usr/local/python/3.12.1/lib/python3.12/site-packages/airflow/example_dags/example_dynamic_task_mapping.py for tasks to queue
[2026-04-26T07:24:34.704+0000] {logging_mixin.py:188} INFO - [2026-04-26T07:24:34.704+0000] {dagbag.py:540} INFO - Filling up the DagBag from /usr/local/python/3.12.1/lib/python3.12/site-packages/airflow/example_dags/example_dynamic_task_mapping.py
[2026-04-26T07:24:34.710+0000] {processor.py:840} INFO - DAG(s) 'example_dynamic_task_mapping' retrieved from /usr/local/python/3.12.1/lib/python3.12/site-packages/airflow/example_dags/example_dynamic_task_mapping.py
[2026-04-26T07:24:34.721+0000] {logging_mixin.py:188} INFO - [2026-04-26T07:24:34.721+0000] {dag.py:3096} INFO - Sync 1 DAGs
[2026-04-26T07:24:34.737+0000] {logging_mixin.py:188} INFO - [2026-04-26T07:24:34.736+0000] {dag.py:3954} INFO - Setting next_dagrun for example_dynamic_task_mapping to 2022-03-04 00:00:00+00:00, run_after=2022-03-05 00:00:00+00:00
[2026-04-26T07:24:34.752+0000] {processor.py:183} INFO - Processing /usr/local/python/3.12.1/lib/python3.12/site-packages/airflow/example_dags/example_dynamic_task_mapping.py took 0.053 seconds
[2026-04-26T07:25:05.174+0000] {processor.py:161} INFO - Started process (PID=29275) to work on /usr/local/python/3.12.1/lib/python3.12/site-packages/airflow/example_dags/example_dynamic_task_mapping.py
[2026-04-26T07:25:05.175+0000] {processor.py:830} INFO - Processing file /usr/local/python/3.12.1/lib/python3.12/site-packages/airflow/example_dags/example_dynamic_task_mapping.py for tasks to queue
[2026-04-26T07:25:05.176+0000] {logging_mixin.py:188} INFO - [2026-04-26T07:25:05.175+0000] {dagbag.py:540} INFO - Filling up the DagBag from /usr/local/python/3.12.1/lib/python3.12/site-packages/airflow/example_dags/example_dynamic_task_mapping.py
[2026-04-26T07:25:05.181+0000] {processor.py:840} INFO - DAG(s) 'example_dynamic_task_mapping' retrieved from /usr/local/python/3.12.1/lib/python3.12/site-packages/airflow/example_dags/example_dynamic_task_mapping.py
[2026-04-26T07:25:05.193+0000] {logging_mixin.py:188} INFO - [2026-04-26T07:25:05.193+0000] {dag.py:3096} INFO - Sync 1 DAGs
[2026-04-26T07:25:05.214+0000] {logging_mixin.py:188} INFO - [2026-04-26T07:25:05.214+0000] {dag.py:3954} INFO - Setting next_dagrun for example_dynamic_task_mapping to 2022-03-04 00:00:00+00:00, run_after=2022-03-05 00:00:00+00:00
[2026-04-26T07:25:05.230+0000] {processor.py:183} INFO - Processing /usr/local/python/3.12.1/lib/python3.12/site-packages/airflow/example_dags/example_dynamic_task_mapping.py took 0.060 seconds
[2026-04-26T07:25:33.036+0000] {processor.py:161} INFO - Started process (PID=29586) to work on /usr/local/python/3.12.1/lib/python3.12/site-packages/airflow/example_dags/example_dynamic_task_mapping.py
[2026-04-26T07:25:33.037+0000] {processor.py:830} INFO - Processing file /usr/local/python/3.12.1/lib/python3.12/site-packages/airflow/example_dags/example_dynamic_task_mapping.py for tasks to queue
[2026-04-26T07:25:33.038+0000] {logging_mixin.py:188} INFO - [2026-04-26T07:25:33.038+0000] {dagbag.py:540} INFO - Filling up the DagBag from /usr/local/python/3.12.1/lib/python3.12/site-packages/airflow/example_dags/example_dynamic_task_mapping.py
[2026-04-26T07:25:33.045+0000] {processor.py:840} INFO - DAG(s) 'example_dynamic_task_mapping' retrieved from /usr/local/python/3.12.1/lib/python3.12/site-packages/airflow/example_dags/example_dynamic_task_mapping.py
[2026-04-26T07:25:33.061+0000] {logging_mixin.py:188} INFO - [2026-04-26T07:25:33.061+0000] {dag.py:3096} INFO - Sync 1 DAGs
[2026-04-26T07:25:33.083+0000] {logging_mixin.py:188} INFO - [2026-04-26T07:25:33.083+0000] {dag.py:3954} INFO - Setting next_dagrun for example_dynamic_task_mapping to 2022-03-04 00:00:00+00:00, run_after=2022-03-05 00:00:00+00:00
[2026-04-26T07:25:33.120+0000] {processor.py:183} INFO - Processing /usr/local/python/3.12.1/lib/python3.12/site-packages/airflow/example_dags/example_dynamic_task_mapping.py took 0.090 seconds
[2026-04-26T07:25:35.511+0000] {processor.py:161} INFO - Started process (PID=29603) to work on /usr/local/python/3.12.1/lib/python3.12/site-packages/airflow/example_dags/example_dynamic_task_mapping.py
[2026-04-26T07:25:35.512+0000] {processor.py:830} INFO - Processing file /usr/local/python/3.12.1/lib/python3.12/site-packages/airflow/example_dags/example_dynamic_task_mapping.py for tasks to queue
[2026-04-26T07:25:35.513+0000] {logging_mixin.py:188} INFO - [2026-04-26T07:25:35.512+0000] {dagbag.py:540} INFO - Filling up the DagBag from /usr/local/python/3.12.1/lib/python3.12/site-packages/airflow/example_dags/example_dynamic_task_mapping.py
[2026-04-26T07:25:35.518+0000] {processor.py:840} INFO - DAG(s) 'example_dynamic_task_mapping' retrieved from /usr/local/python/3.12.1/lib/python3.12/site-packages/airflow/example_dags/example_dynamic_task_mapping.py
[2026-04-26T07:25:35.529+0000] {logging_mixin.py:188} INFO - [2026-04-26T07:25:35.529+0000] {dag.py:3096} INFO - Sync 1 DAGs
[2026-04-26T07:25:35.543+0000] {logging_mixin.py:188} INFO - [2026-04-26T07:25:35.543+0000] {dag.py:3954} INFO - Setting next_dagrun for example_dynamic_task_mapping to 2022-03-04 00:00:00+00:00, run_after=2022-03-05 00:00:00+00:00
[2026-04-26T07:25:35.559+0000] {processor.py:183} INFO - Processing /usr/local/python/3.12.1/lib/python3.12/site-packages/airflow/example_dags/example_dynamic_task_mapping.py took 0.052 seconds
[2026-04-26T07:26:06.511+0000] {processor.py:161} INFO - Started process (PID=29885) to work on /usr/local/python/3.12.1/lib/python3.12/site-packages/airflow/example_dags/example_dynamic_task_mapping.py
[2026-04-26T07:26:06.512+0000] {processor.py:830} INFO - Processing file /usr/local/python/3.12.1/lib/python3.12/site-packages/airflow/example_dags/example_dynamic_task_mapping.py for tasks to queue
[2026-04-26T07:26:06.513+0000] {logging_mixin.py:188} INFO - [2026-04-26T07:26:06.513+0000] {dagbag.py:540} INFO - Filling up the DagBag from /usr/local/python/3.12.1/lib/python3.12/site-packages/airflow/example_dags/example_dynamic_task_mapping.py
[2026-04-26T07:26:06.522+0000] {processor.py:840} INFO - DAG(s) 'example_dynamic_task_mapping' retrieved from /usr/local/python/3.12.1/lib/python3.12/site-packages/airflow/example_dags/example_dynamic_task_mapping.py
[2026-04-26T07:26:06.540+0000] {logging_mixin.py:188} INFO - [2026-04-26T07:26:06.540+0000] {dag.py:3096} INFO - Sync 1 DAGs
[2026-04-26T07:26:06.556+0000] {logging_mixin.py:188} INFO - [2026-04-26T07:26:06.556+0000] {dag.py:3954} INFO - Setting next_dagrun for example_dynamic_task_mapping to 2022-03-04 00:00:00+00:00, run_after=2022-03-05 00:00:00+00:00
[2026-04-26T07:26:06.575+0000] {processor.py:183} INFO - Processing /usr/local/python/3.12.1/lib/python3.12/site-packages/airflow/example_dags/example_dynamic_task_mapping.py took 0.070 seconds
[2026-04-26T07:26:35.339+0000] {processor.py:161} INFO - Started process (PID=30142) to work on /usr/local/python/3.12.1/lib/python3.12/site-packages/airflow/example_dags/example_dynamic_task_mapping.py
[2026-04-26T07:26:35.340+0000] {processor.py:830} INFO - Processing file /usr/local/python/3.12.1/lib/python3.12/site-packages/airflow/example_dags/example_dynamic_task_mapping.py for tasks to queue
[2026-04-26T07:26:35.340+0000] {logging_mixin.py:188} INFO - [2026-04-26T07:26:35.340+0000] {dagbag.py:540} INFO - Filling up the DagBag from /usr/local/python/3.12.1/lib/python3.12/site-packages/airflow/example_dags/example_dynamic_task_mapping.py
[2026-04-26T07:26:35.345+0000] {processor.py:840} INFO - DAG(s) 'example_dynamic_task_mapping' retrieved from /usr/local/python/3.12.1/lib/python3.12/site-packages/airflow/example_dags/example_dynamic_task_mapping.py
[2026-04-26T07:26:35.357+0000] {logging_mixin.py:188} INFO - [2026-04-26T07:26:35.357+0000] {dag.py:3096} INFO - Sync 1 DAGs
[2026-04-26T07:26:35.372+0000] {logging_mixin.py:188} INFO - [2026-04-26T07:26:35.372+0000] {dag.py:3954} INFO - Setting next_dagrun for example_dynamic_task_mapping to 2022-03-04 00:00:00+00:00, run_after=2022-03-05 00:00:00+00:00
[2026-04-26T07:26:35.388+0000] {processor.py:183} INFO - Processing /usr/local/python/3.12.1/lib/python3.12/site-packages/airflow/example_dags/example_dynamic_task_mapping.py took 0.053 seconds
[2026-04-26T07:26:36.251+0000] {processor.py:161} INFO - Started process (PID=30145) to work on /usr/local/python/3.12.1/lib/python3.12/site-packages/airflow/example_dags/example_dynamic_task_mapping.py
[2026-04-26T07:26:36.252+0000] {processor.py:830} INFO - Processing file /usr/local/python/3.12.1/lib/python3.12/site-packages/airflow/example_dags/example_dynamic_task_mapping.py for tasks to queue
[2026-04-26T07:26:36.253+0000] {logging_mixin.py:188} INFO - [2026-04-26T07:26:36.252+0000] {dagbag.py:540} INFO - Filling up the DagBag from /usr/local/python/3.12.1/lib/python3.12/site-packages/airflow/example_dags/example_dynamic_task_mapping.py
[2026-04-26T07:26:36.258+0000] {processor.py:840} INFO - DAG(s) 'example_dynamic_task_mapping' retrieved from /usr/local/python/3.12.1/lib/python3.12/site-packages/airflow/example_dags/example_dynamic_task_mapping.py
[2026-04-26T07:26:36.268+0000] {logging_mixin.py:188} INFO - [2026-04-26T07:26:36.268+0000] {dag.py:3096} INFO - Sync 1 DAGs
[2026-04-26T07:26:36.282+0000] {logging_mixin.py:188} INFO - [2026-04-26T07:26:36.282+0000] {dag.py:3954} INFO - Setting next_dagrun for example_dynamic_task_mapping to 2022-03-04 00:00:00+00:00, run_after=2022-03-05 00:00:00+00:00
[2026-04-26T07:26:36.298+0000] {processor.py:183} INFO - Processing /usr/local/python/3.12.1/lib/python3.12/site-packages/airflow/example_dags/example_dynamic_task_mapping.py took 0.051 seconds
[2026-04-26T07:27:07.477+0000] {processor.py:161} INFO - Started process (PID=30426) to work on /usr/local/python/3.12.1/lib/python3.12/site-packages/airflow/example_dags/example_dynamic_task_mapping.py
[2026-04-26T07:27:07.477+0000] {processor.py:830} INFO - Processing file /usr/local/python/3.12.1/lib/python3.12/site-packages/airflow/example_dags/example_dynamic_task_mapping.py for tasks to queue
[2026-04-26T07:27:07.478+0000] {logging_mixin.py:188} INFO - [2026-04-26T07:27:07.478+0000] {dagbag.py:540} INFO - Filling up the DagBag from /usr/local/python/3.12.1/lib/python3.12/site-packages/airflow/example_dags/example_dynamic_task_mapping.py
[2026-04-26T07:27:07.484+0000] {processor.py:840} INFO - DAG(s) 'example_dynamic_task_mapping' retrieved from /usr/local/python/3.12.1/lib/python3.12/site-packages/airflow/example_dags/example_dynamic_task_mapping.py
[2026-04-26T07:27:07.495+0000] {logging_mixin.py:188} INFO - [2026-04-26T07:27:07.494+0000] {dag.py:3096} INFO - Sync 1 DAGs
[2026-04-26T07:27:07.512+0000] {logging_mixin.py:188} INFO - [2026-04-26T07:27:07.511+0000] {dag.py:3954} INFO - Setting next_dagrun for example_dynamic_task_mapping to 2022-03-04 00:00:00+00:00, run_after=2022-03-05 00:00:00+00:00
[2026-04-26T07:27:07.530+0000] {processor.py:183} INFO - Processing /usr/local/python/3.12.1/lib/python3.12/site-packages/airflow/example_dags/example_dynamic_task_mapping.py took 0.057 seconds
[2026-04-26T07:27:36.408+0000] {processor.py:161} INFO - Started process (PID=30686) to work on /usr/local/python/3.12.1/lib/python3.12/site-packages/airflow/example_dags/example_dynamic_task_mapping.py
[2026-04-26T07:27:36.409+0000] {processor.py:830} INFO - Processing file /usr/local/python/3.12.1/lib/python3.12/site-packages/airflow/example_dags/example_dynamic_task_mapping.py for tasks to queue
[2026-04-26T07:27:36.410+0000] {logging_mixin.py:188} INFO - [2026-04-26T07:27:36.409+0000] {dagbag.py:540} INFO - Filling up the DagBag from /usr/local/python/3.12.1/lib/python3.12/site-packages/airflow/example_dags/example_dynamic_task_mapping.py
[2026-04-26T07:27:36.416+0000] {processor.py:840} INFO - DAG(s) 'example_dynamic_task_mapping' retrieved from /usr/local/python/3.12.1/lib/python3.12/site-packages/airflow/example_dags/example_dynamic_task_mapping.py
[2026-04-26T07:27:36.436+0000] {logging_mixin.py:188} INFO - [2026-04-26T07:27:36.436+0000] {dag.py:3096} INFO - Sync 1 DAGs
[2026-04-26T07:27:36.456+0000] {logging_mixin.py:188} INFO - [2026-04-26T07:27:36.455+0000] {dag.py:3954} INFO - Setting next_dagrun for example_dynamic_task_mapping to 2022-03-04 00:00:00+00:00, run_after=2022-03-05 00:00:00+00:00
[2026-04-26T07:27:36.474+0000] {processor.py:183} INFO - Processing /usr/local/python/3.12.1/lib/python3.12/site-packages/airflow/example_dags/example_dynamic_task_mapping.py took 0.071 seconds
[2026-04-26T07:27:37.772+0000] {processor.py:161} INFO - Started process (PID=30692) to work on /usr/local/python/3.12.1/lib/python3.12/site-packages/airflow/example_dags/example_dynamic_task_mapping.py
[2026-04-26T07:27:37.773+0000] {processor.py:830} INFO - Processing file /usr/local/python/3.12.1/lib/python3.12/site-packages/airflow/example_dags/example_dynamic_task_mapping.py for tasks to queue
[2026-04-26T07:27:37.774+0000] {logging_mixin.py:188} INFO - [2026-04-26T07:27:37.773+0000] {dagbag.py:540} INFO - Filling up the DagBag from /usr/local/python/3.12.1/lib/python3.12/site-packages/airflow/example_dags/example_dynamic_task_mapping.py
[2026-04-26T07:27:37.780+0000] {processor.py:840} INFO - DAG(s) 'example_dynamic_task_mapping' retrieved from /usr/local/python/3.12.1/lib/python3.12/site-packages/airflow/example_dags/example_dynamic_task_mapping.py
[2026-04-26T07:27:37.791+0000] {logging_mixin.py:188} INFO - [2026-04-26T07:27:37.790+0000] {dag.py:3096} INFO - Sync 1 DAGs
[2026-04-26T07:27:37.808+0000] {logging_mixin.py:188} INFO - [2026-04-26T07:27:37.808+0000] {dag.py:3954} INFO - Setting next_dagrun for example_dynamic_task_mapping to 2022-03-04 00:00:00+00:00, run_after=2022-03-05 00:00:00+00:00
[2026-04-26T07:27:37.833+0000] {processor.py:183} INFO - Processing /usr/local/python/3.12.1/lib/python3.12/site-packages/airflow/example_dags/example_dynamic_task_mapping.py took 0.065 seconds
[2026-04-26T07:28:06.881+0000] {processor.py:161} INFO - Started process (PID=30965) to work on /usr/local/python/3.12.1/lib/python3.12/site-packages/airflow/example_dags/example_dynamic_task_mapping.py
[2026-04-26T07:28:06.881+0000] {processor.py:830} INFO - Processing file /usr/local/python/3.12.1/lib/python3.12/site-packages/airflow/example_dags/example_dynamic_task_mapping.py for tasks to queue
[2026-04-26T07:28:06.882+0000] {logging_mixin.py:188} INFO - [2026-04-26T07:28:06.882+0000] {dagbag.py:540} INFO - Filling up the DagBag from /usr/local/python/3.12.1/lib/python3.12/site-packages/airflow/example_dags/example_dynamic_task_mapping.py
[2026-04-26T07:28:06.889+0000] {processor.py:840} INFO - DAG(s) 'example_dynamic_task_mapping' retrieved from /usr/local/python/3.12.1/lib/python3.12/site-packages/airflow/example_dags/example_dynamic_task_mapping.py
[2026-04-26T07:28:06.901+0000] {logging_mixin.py:188} INFO - [2026-04-26T07:28:06.900+0000] {dag.py:3096} INFO - Sync 1 DAGs
[2026-04-26T07:28:06.917+0000] {logging_mixin.py:188} INFO - [2026-04-26T07:28:06.916+0000] {dag.py:3954} INFO - Setting next_dagrun for example_dynamic_task_mapping to 2022-03-04 00:00:00+00:00, run_after=2022-03-05 00:00:00+00:00
[2026-04-26T07:28:06.933+0000] {processor.py:183} INFO - Processing /usr/local/python/3.12.1/lib/python3.12/site-packages/airflow/example_dags/example_dynamic_task_mapping.py took 0.057 seconds
[2026-04-26T07:28:36.526+0000] {processor.py:161} INFO - Started process (PID=31228) to work on /usr/local/python/3.12.1/lib/python3.12/site-packages/airflow/example_dags/example_dynamic_task_mapping.py
[2026-04-26T07:28:36.527+0000] {processor.py:830} INFO - Processing file /usr/local/python/3.12.1/lib/python3.12/site-packages/airflow/example_dags/example_dynamic_task_mapping.py for tasks to queue
[2026-04-26T07:28:36.528+0000] {logging_mixin.py:188} INFO - [2026-04-26T07:28:36.528+0000] {dagbag.py:540} INFO - Filling up the DagBag from /usr/local/python/3.12.1/lib/python3.12/site-packages/airflow/example_dags/example_dynamic_task_mapping.py
[2026-04-26T07:28:36.533+0000] {processor.py:840} INFO - DAG(s) 'example_dynamic_task_mapping' retrieved from /usr/local/python/3.12.1/lib/python3.12/site-packages/airflow/example_dags/example_dynamic_task_mapping.py
[2026-04-26T07:28:36.544+0000] {logging_mixin.py:188} INFO - [2026-04-26T07:28:36.544+0000] {dag.py:3096} INFO - Sync 1 DAGs
[2026-04-26T07:28:36.559+0000] {logging_mixin.py:188} INFO - [2026-04-26T07:28:36.559+0000] {dag.py:3954} INFO - Setting next_dagrun for example_dynamic_task_mapping to 2022-03-04 00:00:00+00:00, run_after=2022-03-05 00:00:00+00:00
[2026-04-26T07:28:36.575+0000] {processor.py:183} INFO - Processing /usr/local/python/3.12.1/lib/python3.12/site-packages/airflow/example_dags/example_dynamic_task_mapping.py took 0.053 seconds
[2026-04-26T07:28:42.187+0000] {processor.py:161} INFO - Started process (PID=31269) to work on /usr/local/python/3.12.1/lib/python3.12/site-packages/airflow/example_dags/example_dynamic_task_mapping.py
[2026-04-26T07:28:42.187+0000] {processor.py:830} INFO - Processing file /usr/local/python/3.12.1/lib/python3.12/site-packages/airflow/example_dags/example_dynamic_task_mapping.py for tasks to queue
[2026-04-26T07:28:42.188+0000] {logging_mixin.py:188} INFO - [2026-04-26T07:28:42.188+0000] {dagbag.py:540} INFO - Filling up the DagBag from /usr/local/python/3.12.1/lib/python3.12/site-packages/airflow/example_dags/example_dynamic_task_mapping.py
[2026-04-26T07:28:42.194+0000] {processor.py:840} INFO - DAG(s) 'example_dynamic_task_mapping' retrieved from /usr/local/python/3.12.1/lib/python3.12/site-packages/airflow/example_dags/example_dynamic_task_mapping.py
[2026-04-26T07:28:42.206+0000] {logging_mixin.py:188} INFO - [2026-04-26T07:28:42.206+0000] {dag.py:3096} INFO - Sync 1 DAGs
[2026-04-26T07:28:42.226+0000] {logging_mixin.py:188} INFO - [2026-04-26T07:28:42.226+0000] {dag.py:3954} INFO - Setting next_dagrun for example_dynamic_task_mapping to 2022-03-04 00:00:00+00:00, run_after=2022-03-05 00:00:00+00:00
[2026-04-26T07:28:42.246+0000] {processor.py:183} INFO - Processing /usr/local/python/3.12.1/lib/python3.12/site-packages/airflow/example_dags/example_dynamic_task_mapping.py took 0.063 seconds
[2026-04-26T07:29:05.151+0000] {processor.py:161} INFO - Started process (PID=31531) to work on /usr/local/python/3.12.1/lib/python3.12/site-packages/airflow/example_dags/example_dynamic_task_mapping.py
[2026-04-26T07:29:05.152+0000] {processor.py:830} INFO - Processing file /usr/local/python/3.12.1/lib/python3.12/site-packages/airflow/example_dags/example_dynamic_task_mapping.py for tasks to queue
[2026-04-26T07:29:05.153+0000] {logging_mixin.py:188} INFO - [2026-04-26T07:29:05.153+0000] {dagbag.py:540} INFO - Filling up the DagBag from /usr/local/python/3.12.1/lib/python3.12/site-packages/airflow/example_dags/example_dynamic_task_mapping.py
[2026-04-26T07:29:05.162+0000] {processor.py:840} INFO - DAG(s) 'example_dynamic_task_mapping' retrieved from /usr/local/python/3.12.1/lib/python3.12/site-packages/airflow/example_dags/example_dynamic_task_mapping.py
[2026-04-26T07:29:05.182+0000] {logging_mixin.py:188} INFO - [2026-04-26T07:29:05.181+0000] {dag.py:3096} INFO - Sync 1 DAGs
[2026-04-26T07:29:05.208+0000] {logging_mixin.py:188} INFO - [2026-04-26T07:29:05.208+0000] {dag.py:3954} INFO - Setting next_dagrun for example_dynamic_task_mapping to 2022-03-04 00:00:00+00:00, run_after=2022-03-05 00:00:00+00:00
[2026-04-26T07:29:05.236+0000] {processor.py:183} INFO - Processing /usr/local/python/3.12.1/lib/python3.12/site-packages/airflow/example_dags/example_dynamic_task_mapping.py took 0.091 seconds
[2026-04-26T07:29:42.219+0000] {processor.py:161} INFO - Started process (PID=31934) to work on /usr/local/python/3.12.1/lib/python3.12/site-packages/airflow/example_dags/example_dynamic_task_mapping.py
[2026-04-26T07:29:42.220+0000] {processor.py:830} INFO - Processing file /usr/local/python/3.12.1/lib/python3.12/site-packages/airflow/example_dags/example_dynamic_task_mapping.py for tasks to queue
[2026-04-26T07:29:42.221+0000] {logging_mixin.py:188} INFO - [2026-04-26T07:29:42.221+0000] {dagbag.py:540} INFO - Filling up the DagBag from /usr/local/python/3.12.1/lib/python3.12/site-packages/airflow/example_dags/example_dynamic_task_mapping.py
[2026-04-26T07:29:42.228+0000] {processor.py:840} INFO - DAG(s) 'example_dynamic_task_mapping' retrieved from /usr/local/python/3.12.1/lib/python3.12/site-packages/airflow/example_dags/example_dynamic_task_mapping.py
[2026-04-26T07:29:42.243+0000] {logging_mixin.py:188} INFO - [2026-04-26T07:29:42.242+0000] {dag.py:3096} INFO - Sync 1 DAGs
[2026-04-26T07:29:42.262+0000] {logging_mixin.py:188} INFO - [2026-04-26T07:29:42.262+0000] {dag.py:3954} INFO - Setting next_dagrun for example_dynamic_task_mapping to 2022-03-04 00:00:00+00:00, run_after=2022-03-05 00:00:00+00:00
[2026-04-26T07:29:42.282+0000] {processor.py:183} INFO - Processing /usr/local/python/3.12.1/lib/python3.12/site-packages/airflow/example_dags/example_dynamic_task_mapping.py took 0.068 seconds
[2026-04-26T07:29:50.540+0000] {processor.py:161} INFO - Started process (PID=32011) to work on /usr/local/python/3.12.1/lib/python3.12/site-packages/airflow/example_dags/example_dynamic_task_mapping.py
[2026-04-26T07:29:50.541+0000] {processor.py:830} INFO - Processing file /usr/local/python/3.12.1/lib/python3.12/site-packages/airflow/example_dags/example_dynamic_task_mapping.py for tasks to queue
[2026-04-26T07:29:50.542+0000] {logging_mixin.py:188} INFO - [2026-04-26T07:29:50.541+0000] {dagbag.py:540} INFO - Filling up the DagBag from /usr/local/python/3.12.1/lib/python3.12/site-packages/airflow/example_dags/example_dynamic_task_mapping.py
[2026-04-26T07:29:50.547+0000] {processor.py:840} INFO - DAG(s) 'example_dynamic_task_mapping' retrieved from /usr/local/python/3.12.1/lib/python3.12/site-packages/airflow/example_dags/example_dynamic_task_mapping.py
[2026-04-26T07:29:50.558+0000] {logging_mixin.py:188} INFO - [2026-04-26T07:29:50.558+0000] {dag.py:3096} INFO - Sync 1 DAGs
[2026-04-26T07:29:50.573+0000] {logging_mixin.py:188} INFO - [2026-04-26T07:29:50.573+0000] {dag.py:3954} INFO - Setting next_dagrun for example_dynamic_task_mapping to 2022-03-04 00:00:00+00:00, run_after=2022-03-05 00:00:00+00:00
[2026-04-26T07:29:50.589+0000] {processor.py:183} INFO - Processing /usr/local/python/3.12.1/lib/python3.12/site-packages/airflow/example_dags/example_dynamic_task_mapping.py took 0.052 seconds
[2026-04-26T07:30:02.754+0000] {processor.py:161} INFO - Started process (PID=32116) to work on /usr/local/python/3.12.1/lib/python3.12/site-packages/airflow/example_dags/example_dynamic_task_mapping.py
[2026-04-26T07:30:02.755+0000] {processor.py:830} INFO - Processing file /usr/local/python/3.12.1/lib/python3.12/site-packages/airflow/example_dags/example_dynamic_task_mapping.py for tasks to queue
[2026-04-26T07:30:02.756+0000] {logging_mixin.py:188} INFO - [2026-04-26T07:30:02.755+0000] {dagbag.py:540} INFO - Filling up the DagBag from /usr/local/python/3.12.1/lib/python3.12/site-packages/airflow/example_dags/example_dynamic_task_mapping.py
[2026-04-26T07:30:02.761+0000] {processor.py:840} INFO - DAG(s) 'example_dynamic_task_mapping' retrieved from /usr/local/python/3.12.1/lib/python3.12/site-packages/airflow/example_dags/example_dynamic_task_mapping.py
[2026-04-26T07:30:02.772+0000] {logging_mixin.py:188} INFO - [2026-04-26T07:30:02.772+0000] {dag.py:3096} INFO - Sync 1 DAGs
[2026-04-26T07:30:02.787+0000] {logging_mixin.py:188} INFO - [2026-04-26T07:30:02.787+0000] {dag.py:3954} INFO - Setting next_dagrun for example_dynamic_task_mapping to 2022-03-04 00:00:00+00:00, run_after=2022-03-05 00:00:00+00:00
[2026-04-26T07:30:02.803+0000] {processor.py:183} INFO - Processing /usr/local/python/3.12.1/lib/python3.12/site-packages/airflow/example_dags/example_dynamic_task_mapping.py took 0.053 seconds
[2026-04-26T07:30:46.834+0000] {processor.py:161} INFO - Started process (PID=32568) to work on /usr/local/python/3.12.1/lib/python3.12/site-packages/airflow/example_dags/example_dynamic_task_mapping.py
[2026-04-26T07:30:46.834+0000] {processor.py:830} INFO - Processing file /usr/local/python/3.12.1/lib/python3.12/site-packages/airflow/example_dags/example_dynamic_task_mapping.py for tasks to queue
[2026-04-26T07:30:46.835+0000] {logging_mixin.py:188} INFO - [2026-04-26T07:30:46.835+0000] {dagbag.py:540} INFO - Filling up the DagBag from /usr/local/python/3.12.1/lib/python3.12/site-packages/airflow/example_dags/example_dynamic_task_mapping.py
[2026-04-26T07:30:46.840+0000] {processor.py:840} INFO - DAG(s) 'example_dynamic_task_mapping' retrieved from /usr/local/python/3.12.1/lib/python3.12/site-packages/airflow/example_dags/example_dynamic_task_mapping.py
[2026-04-26T07:30:46.852+0000] {logging_mixin.py:188} INFO - [2026-04-26T07:30:46.852+0000] {dag.py:3096} INFO - Sync 1 DAGs
[2026-04-26T07:30:46.867+0000] {logging_mixin.py:188} INFO - [2026-04-26T07:30:46.866+0000] {dag.py:3954} INFO - Setting next_dagrun for example_dynamic_task_mapping to 2022-03-04 00:00:00+00:00, run_after=2022-03-05 00:00:00+00:00
[2026-04-26T07:30:46.882+0000] {processor.py:183} INFO - Processing /usr/local/python/3.12.1/lib/python3.12/site-packages/airflow/example_dags/example_dynamic_task_mapping.py took 0.053 seconds
[2026-04-26T07:30:54.970+0000] {processor.py:161} INFO - Started process (PID=32641) to work on /usr/local/python/3.12.1/lib/python3.12/site-packages/airflow/example_dags/example_dynamic_task_mapping.py
[2026-04-26T07:30:54.971+0000] {processor.py:830} INFO - Processing file /usr/local/python/3.12.1/lib/python3.12/site-packages/airflow/example_dags/example_dynamic_task_mapping.py for tasks to queue
[2026-04-26T07:30:54.972+0000] {logging_mixin.py:188} INFO - [2026-04-26T07:30:54.971+0000] {dagbag.py:540} INFO - Filling up the DagBag from /usr/local/python/3.12.1/lib/python3.12/site-packages/airflow/example_dags/example_dynamic_task_mapping.py
[2026-04-26T07:30:54.977+0000] {processor.py:840} INFO - DAG(s) 'example_dynamic_task_mapping' retrieved from /usr/local/python/3.12.1/lib/python3.12/site-packages/airflow/example_dags/example_dynamic_task_mapping.py
[2026-04-26T07:30:54.988+0000] {logging_mixin.py:188} INFO - [2026-04-26T07:30:54.988+0000] {dag.py:3096} INFO - Sync 1 DAGs
[2026-04-26T07:30:55.144+0000] {logging_mixin.py:188} INFO - [2026-04-26T07:30:55.144+0000] {dag.py:3954} INFO - Setting next_dagrun for example_dynamic_task_mapping to 2022-03-04 00:00:00+00:00, run_after=2022-03-05 00:00:00+00:00
[2026-04-26T07:30:55.158+0000] {processor.py:183} INFO - Processing /usr/local/python/3.12.1/lib/python3.12/site-packages/airflow/example_dags/example_dynamic_task_mapping.py took 0.192 seconds
[2026-04-26T07:31:02.342+0000] {processor.py:161} INFO - Started process (PID=32705) to work on /usr/local/python/3.12.1/lib/python3.12/site-packages/airflow/example_dags/example_dynamic_task_mapping.py
[2026-04-26T07:31:02.342+0000] {processor.py:830} INFO - Processing file /usr/local/python/3.12.1/lib/python3.12/site-packages/airflow/example_dags/example_dynamic_task_mapping.py for tasks to queue
[2026-04-26T07:31:02.343+0000] {logging_mixin.py:188} INFO - [2026-04-26T07:31:02.343+0000] {dagbag.py:540} INFO - Filling up the DagBag from /usr/local/python/3.12.1/lib/python3.12/site-packages/airflow/example_dags/example_dynamic_task_mapping.py
[2026-04-26T07:31:02.348+0000] {processor.py:840} INFO - DAG(s) 'example_dynamic_task_mapping' retrieved from /usr/local/python/3.12.1/lib/python3.12/site-packages/airflow/example_dags/example_dynamic_task_mapping.py
[2026-04-26T07:31:02.359+0000] {logging_mixin.py:188} INFO - [2026-04-26T07:31:02.359+0000] {dag.py:3096} INFO - Sync 1 DAGs
[2026-04-26T07:31:02.373+0000] {logging_mixin.py:188} INFO - [2026-04-26T07:31:02.373+0000] {dag.py:3954} INFO - Setting next_dagrun for example_dynamic_task_mapping to 2022-03-04 00:00:00+00:00, run_after=2022-03-05 00:00:00+00:00
[2026-04-26T07:31:02.388+0000] {processor.py:183} INFO - Processing /usr/local/python/3.12.1/lib/python3.12/site-packages/airflow/example_dags/example_dynamic_task_mapping.py took 0.051 seconds
[2026-04-26T07:31:46.850+0000] {processor.py:161} INFO - Started process (PID=33104) to work on /usr/local/python/3.12.1/lib/python3.12/site-packages/airflow/example_dags/example_dynamic_task_mapping.py
[2026-04-26T07:31:46.851+0000] {processor.py:830} INFO - Processing file /usr/local/python/3.12.1/lib/python3.12/site-packages/airflow/example_dags/example_dynamic_task_mapping.py for tasks to queue
[2026-04-26T07:31:46.852+0000] {logging_mixin.py:188} INFO - [2026-04-26T07:31:46.852+0000] {dagbag.py:540} INFO - Filling up the DagBag from /usr/local/python/3.12.1/lib/python3.12/site-packages/airflow/example_dags/example_dynamic_task_mapping.py
[2026-04-26T07:31:46.859+0000] {processor.py:840} INFO - DAG(s) 'example_dynamic_task_mapping' retrieved from /usr/local/python/3.12.1/lib/python3.12/site-packages/airflow/example_dags/example_dynamic_task_mapping.py
[2026-04-26T07:31:46.873+0000] {logging_mixin.py:188} INFO - [2026-04-26T07:31:46.873+0000] {dag.py:3096} INFO - Sync 1 DAGs
[2026-04-26T07:31:46.888+0000] {logging_mixin.py:188} INFO - [2026-04-26T07:31:46.888+0000] {dag.py:3954} INFO - Setting next_dagrun for example_dynamic_task_mapping to 2022-03-04 00:00:00+00:00, run_after=2022-03-05 00:00:00+00:00
[2026-04-26T07:31:46.907+0000] {processor.py:183} INFO - Processing /usr/local/python/3.12.1/lib/python3.12/site-packages/airflow/example_dags/example_dynamic_task_mapping.py took 0.061 seconds
[2026-04-26T07:31:52.055+0000] {processor.py:161} INFO - Started process (PID=33159) to work on /usr/local/python/3.12.1/lib/python3.12/site-packages/airflow/example_dags/example_dynamic_task_mapping.py
[2026-04-26T07:31:52.056+0000] {processor.py:830} INFO - Processing file /usr/local/python/3.12.1/lib/python3.12/site-packages/airflow/example_dags/example_dynamic_task_mapping.py for tasks to queue
[2026-04-26T07:31:52.057+0000] {logging_mixin.py:188} INFO - [2026-04-26T07:31:52.057+0000] {dagbag.py:540} INFO - Filling up the DagBag from /usr/local/python/3.12.1/lib/python3.12/site-packages/airflow/example_dags/example_dynamic_task_mapping.py
[2026-04-26T07:31:52.066+0000] {processor.py:840} INFO - DAG(s) 'example_dynamic_task_mapping' retrieved from /usr/local/python/3.12.1/lib/python3.12/site-packages/airflow/example_dags/example_dynamic_task_mapping.py
[2026-04-26T07:31:52.077+0000] {logging_mixin.py:188} INFO - [2026-04-26T07:31:52.077+0000] {dag.py:3096} INFO - Sync 1 DAGs
[2026-04-26T07:31:52.092+0000] {logging_mixin.py:188} INFO - [2026-04-26T07:31:52.091+0000] {dag.py:3954} INFO - Setting next_dagrun for example_dynamic_task_mapping to 2022-03-04 00:00:00+00:00, run_after=2022-03-05 00:00:00+00:00
[2026-04-26T07:31:52.108+0000] {processor.py:183} INFO - Processing /usr/local/python/3.12.1/lib/python3.12/site-packages/airflow/example_dags/example_dynamic_task_mapping.py took 0.061 seconds
[2026-04-26T07:32:01.754+0000] {processor.py:161} INFO - Started process (PID=33240) to work on /usr/local/python/3.12.1/lib/python3.12/site-packages/airflow/example_dags/example_dynamic_task_mapping.py
[2026-04-26T07:32:01.755+0000] {processor.py:830} INFO - Processing file /usr/local/python/3.12.1/lib/python3.12/site-packages/airflow/example_dags/example_dynamic_task_mapping.py for tasks to queue
[2026-04-26T07:32:01.755+0000] {logging_mixin.py:188} INFO - [2026-04-26T07:32:01.755+0000] {dagbag.py:540} INFO - Filling up the DagBag from /usr/local/python/3.12.1/lib/python3.12/site-packages/airflow/example_dags/example_dynamic_task_mapping.py
[2026-04-26T07:32:01.761+0000] {processor.py:840} INFO - DAG(s) 'example_dynamic_task_mapping' retrieved from /usr/local/python/3.12.1/lib/python3.12/site-packages/airflow/example_dags/example_dynamic_task_mapping.py
[2026-04-26T07:32:01.771+0000] {logging_mixin.py:188} INFO - [2026-04-26T07:32:01.771+0000] {dag.py:3096} INFO - Sync 1 DAGs
[2026-04-26T07:32:01.789+0000] {logging_mixin.py:188} INFO - [2026-04-26T07:32:01.789+0000] {dag.py:3954} INFO - Setting next_dagrun for example_dynamic_task_mapping to 2022-03-04 00:00:00+00:00, run_after=2022-03-05 00:00:00+00:00
[2026-04-26T07:32:01.809+0000] {processor.py:183} INFO - Processing /usr/local/python/3.12.1/lib/python3.12/site-packages/airflow/example_dags/example_dynamic_task_mapping.py took 0.059 seconds
[2026-04-26T07:32:59.155+0000] {processor.py:161} INFO - Started process (PID=33742) to work on /usr/local/python/3.12.1/lib/python3.12/site-packages/airflow/example_dags/example_dynamic_task_mapping.py
[2026-04-26T07:32:59.156+0000] {processor.py:830} INFO - Processing file /usr/local/python/3.12.1/lib/python3.12/site-packages/airflow/example_dags/example_dynamic_task_mapping.py for tasks to queue
[2026-04-26T07:32:59.156+0000] {logging_mixin.py:188} INFO - [2026-04-26T07:32:59.156+0000] {dagbag.py:540} INFO - Filling up the DagBag from /usr/local/python/3.12.1/lib/python3.12/site-packages/airflow/example_dags/example_dynamic_task_mapping.py
[2026-04-26T07:32:59.162+0000] {processor.py:840} INFO - DAG(s) 'example_dynamic_task_mapping' retrieved from /usr/local/python/3.12.1/lib/python3.12/site-packages/airflow/example_dags/example_dynamic_task_mapping.py
[2026-04-26T07:32:59.173+0000] {logging_mixin.py:188} INFO - [2026-04-26T07:32:59.172+0000] {dag.py:3096} INFO - Sync 1 DAGs
[2026-04-26T07:32:59.190+0000] {logging_mixin.py:188} INFO - [2026-04-26T07:32:59.190+0000] {dag.py:3954} INFO - Setting next_dagrun for example_dynamic_task_mapping to 2022-03-04 00:00:00+00:00, run_after=2022-03-05 00:00:00+00:00
[2026-04-26T07:32:59.353+0000] {processor.py:183} INFO - Processing /usr/local/python/3.12.1/lib/python3.12/site-packages/airflow/example_dags/example_dynamic_task_mapping.py took 0.202 seconds
[2026-04-26T07:33:02.413+0000] {processor.py:161} INFO - Started process (PID=33778) to work on /usr/local/python/3.12.1/lib/python3.12/site-packages/airflow/example_dags/example_dynamic_task_mapping.py
[2026-04-26T07:33:02.414+0000] {processor.py:830} INFO - Processing file /usr/local/python/3.12.1/lib/python3.12/site-packages/airflow/example_dags/example_dynamic_task_mapping.py for tasks to queue
[2026-04-26T07:33:02.415+0000] {logging_mixin.py:188} INFO - [2026-04-26T07:33:02.414+0000] {dagbag.py:540} INFO - Filling up the DagBag from /usr/local/python/3.12.1/lib/python3.12/site-packages/airflow/example_dags/example_dynamic_task_mapping.py
[2026-04-26T07:33:02.420+0000] {processor.py:840} INFO - DAG(s) 'example_dynamic_task_mapping' retrieved from /usr/local/python/3.12.1/lib/python3.12/site-packages/airflow/example_dags/example_dynamic_task_mapping.py
[2026-04-26T07:33:02.431+0000] {logging_mixin.py:188} INFO - [2026-04-26T07:33:02.431+0000] {dag.py:3096} INFO - Sync 1 DAGs
[2026-04-26T07:33:02.446+0000] {logging_mixin.py:188} INFO - [2026-04-26T07:33:02.445+0000] {dag.py:3954} INFO - Setting next_dagrun for example_dynamic_task_mapping to 2022-03-04 00:00:00+00:00, run_after=2022-03-05 00:00:00+00:00
[2026-04-26T07:33:02.461+0000] {processor.py:183} INFO - Processing /usr/local/python/3.12.1/lib/python3.12/site-packages/airflow/example_dags/example_dynamic_task_mapping.py took 0.052 seconds
[2026-04-26T07:33:03.880+0000] {processor.py:161} INFO - Started process (PID=33796) to work on /usr/local/python/3.12.1/lib/python3.12/site-packages/airflow/example_dags/example_dynamic_task_mapping.py
[2026-04-26T07:33:03.881+0000] {processor.py:830} INFO - Processing file /usr/local/python/3.12.1/lib/python3.12/site-packages/airflow/example_dags/example_dynamic_task_mapping.py for tasks to queue
[2026-04-26T07:33:03.882+0000] {logging_mixin.py:188} INFO - [2026-04-26T07:33:03.882+0000] {dagbag.py:540} INFO - Filling up the DagBag from /usr/local/python/3.12.1/lib/python3.12/site-packages/airflow/example_dags/example_dynamic_task_mapping.py
[2026-04-26T07:33:03.889+0000] {processor.py:840} INFO - DAG(s) 'example_dynamic_task_mapping' retrieved from /usr/local/python/3.12.1/lib/python3.12/site-packages/airflow/example_dags/example_dynamic_task_mapping.py
[2026-04-26T07:33:03.905+0000] {logging_mixin.py:188} INFO - [2026-04-26T07:33:03.905+0000] {dag.py:3096} INFO - Sync 1 DAGs
[2026-04-26T07:33:03.926+0000] {logging_mixin.py:188} INFO - [2026-04-26T07:33:03.926+0000] {dag.py:3954} INFO - Setting next_dagrun for example_dynamic_task_mapping to 2022-03-04 00:00:00+00:00, run_after=2022-03-05 00:00:00+00:00
[2026-04-26T07:33:03.942+0000] {processor.py:183} INFO - Processing /usr/local/python/3.12.1/lib/python3.12/site-packages/airflow/example_dags/example_dynamic_task_mapping.py took 0.067 seconds
[2026-04-26T07:33:49.764+0000] {processor.py:161} INFO - Started process (PID=34263) to work on /usr/local/python/3.12.1/lib/python3.12/site-packages/airflow/example_dags/example_dynamic_task_mapping.py
[2026-04-26T07:33:49.765+0000] {processor.py:830} INFO - Processing file /usr/local/python/3.12.1/lib/python3.12/site-packages/airflow/example_dags/example_dynamic_task_mapping.py for tasks to queue
[2026-04-26T07:33:49.765+0000] {logging_mixin.py:188} INFO - [2026-04-26T07:33:49.765+0000] {dagbag.py:540} INFO - Filling up the DagBag from /usr/local/python/3.12.1/lib/python3.12/site-packages/airflow/example_dags/example_dynamic_task_mapping.py
[2026-04-26T07:33:49.770+0000] {processor.py:840} INFO - DAG(s) 'example_dynamic_task_mapping' retrieved from /usr/local/python/3.12.1/lib/python3.12/site-packages/airflow/example_dags/example_dynamic_task_mapping.py
[2026-04-26T07:33:49.781+0000] {logging_mixin.py:188} INFO - [2026-04-26T07:33:49.781+0000] {dag.py:3096} INFO - Sync 1 DAGs
[2026-04-26T07:33:49.796+0000] {logging_mixin.py:188} INFO - [2026-04-26T07:33:49.795+0000] {dag.py:3954} INFO - Setting next_dagrun for example_dynamic_task_mapping to 2022-03-04 00:00:00+00:00, run_after=2022-03-05 00:00:00+00:00
[2026-04-26T07:33:49.811+0000] {processor.py:183} INFO - Processing /usr/local/python/3.12.1/lib/python3.12/site-packages/airflow/example_dags/example_dynamic_task_mapping.py took 0.051 seconds
[2026-04-26T07:34:01.737+0000] {processor.py:161} INFO - Started process (PID=34380) to work on /usr/local/python/3.12.1/lib/python3.12/site-packages/airflow/example_dags/example_dynamic_task_mapping.py
[2026-04-26T07:34:01.738+0000] {processor.py:830} INFO - Processing file /usr/local/python/3.12.1/lib/python3.12/site-packages/airflow/example_dags/example_dynamic_task_mapping.py for tasks to queue
[2026-04-26T07:34:01.739+0000] {logging_mixin.py:188} INFO - [2026-04-26T07:34:01.739+0000] {dagbag.py:540} INFO - Filling up the DagBag from /usr/local/python/3.12.1/lib/python3.12/site-packages/airflow/example_dags/example_dynamic_task_mapping.py
[2026-04-26T07:34:01.746+0000] {processor.py:840} INFO - DAG(s) 'example_dynamic_task_mapping' retrieved from /usr/local/python/3.12.1/lib/python3.12/site-packages/airflow/example_dags/example_dynamic_task_mapping.py
[2026-04-26T07:34:01.760+0000] {logging_mixin.py:188} INFO - [2026-04-26T07:34:01.760+0000] {dag.py:3096} INFO - Sync 1 DAGs
[2026-04-26T07:34:01.776+0000] {logging_mixin.py:188} INFO - [2026-04-26T07:34:01.776+0000] {dag.py:3954} INFO - Setting next_dagrun for example_dynamic_task_mapping to 2022-03-04 00:00:00+00:00, run_after=2022-03-05 00:00:00+00:00
[2026-04-26T07:34:01.792+0000] {processor.py:183} INFO - Processing /usr/local/python/3.12.1/lib/python3.12/site-packages/airflow/example_dags/example_dynamic_task_mapping.py took 0.059 seconds
[2026-04-26T07:34:04.317+0000] {processor.py:161} INFO - Started process (PID=34401) to work on /usr/local/python/3.12.1/lib/python3.12/site-packages/airflow/example_dags/example_dynamic_task_mapping.py
[2026-04-26T07:34:04.318+0000] {processor.py:830} INFO - Processing file /usr/local/python/3.12.1/lib/python3.12/site-packages/airflow/example_dags/example_dynamic_task_mapping.py for tasks to queue
[2026-04-26T07:34:04.319+0000] {logging_mixin.py:188} INFO - [2026-04-26T07:34:04.319+0000] {dagbag.py:540} INFO - Filling up the DagBag from /usr/local/python/3.12.1/lib/python3.12/site-packages/airflow/example_dags/example_dynamic_task_mapping.py
[2026-04-26T07:34:04.326+0000] {processor.py:840} INFO - DAG(s) 'example_dynamic_task_mapping' retrieved from /usr/local/python/3.12.1/lib/python3.12/site-packages/airflow/example_dags/example_dynamic_task_mapping.py
[2026-04-26T07:34:04.337+0000] {logging_mixin.py:188} INFO - [2026-04-26T07:34:04.337+0000] {dag.py:3096} INFO - Sync 1 DAGs
[2026-04-26T07:34:04.352+0000] {logging_mixin.py:188} INFO - [2026-04-26T07:34:04.352+0000] {dag.py:3954} INFO - Setting next_dagrun for example_dynamic_task_mapping to 2022-03-04 00:00:00+00:00, run_after=2022-03-05 00:00:00+00:00
[2026-04-26T07:34:04.368+0000] {processor.py:183} INFO - Processing /usr/local/python/3.12.1/lib/python3.12/site-packages/airflow/example_dags/example_dynamic_task_mapping.py took 0.057 seconds
[2026-04-26T07:34:58.082+0000] {processor.py:161} INFO - Started process (PID=34932) to work on /usr/local/python/3.12.1/lib/python3.12/site-packages/airflow/example_dags/example_dynamic_task_mapping.py
[2026-04-26T07:34:58.083+0000] {processor.py:830} INFO - Processing file /usr/local/python/3.12.1/lib/python3.12/site-packages/airflow/example_dags/example_dynamic_task_mapping.py for tasks to queue
[2026-04-26T07:34:58.083+0000] {logging_mixin.py:188} INFO - [2026-04-26T07:34:58.083+0000] {dagbag.py:540} INFO - Filling up the DagBag from /usr/local/python/3.12.1/lib/python3.12/site-packages/airflow/example_dags/example_dynamic_task_mapping.py
[2026-04-26T07:34:58.089+0000] {processor.py:840} INFO - DAG(s) 'example_dynamic_task_mapping' retrieved from /usr/local/python/3.12.1/lib/python3.12/site-packages/airflow/example_dags/example_dynamic_task_mapping.py
[2026-04-26T07:34:58.099+0000] {logging_mixin.py:188} INFO - [2026-04-26T07:34:58.099+0000] {dag.py:3096} INFO - Sync 1 DAGs
[2026-04-26T07:34:58.113+0000] {logging_mixin.py:188} INFO - [2026-04-26T07:34:58.113+0000] {dag.py:3954} INFO - Setting next_dagrun for example_dynamic_task_mapping to 2022-03-04 00:00:00+00:00, run_after=2022-03-05 00:00:00+00:00
[2026-04-26T07:34:58.130+0000] {processor.py:183} INFO - Processing /usr/local/python/3.12.1/lib/python3.12/site-packages/airflow/example_dags/example_dynamic_task_mapping.py took 0.052 seconds
[2026-04-26T07:34:59.644+0000] {processor.py:161} INFO - Started process (PID=34950) to work on /usr/local/python/3.12.1/lib/python3.12/site-packages/airflow/example_dags/example_dynamic_task_mapping.py
[2026-04-26T07:34:59.644+0000] {processor.py:830} INFO - Processing file /usr/local/python/3.12.1/lib/python3.12/site-packages/airflow/example_dags/example_dynamic_task_mapping.py for tasks to queue
[2026-04-26T07:34:59.645+0000] {logging_mixin.py:188} INFO - [2026-04-26T07:34:59.645+0000] {dagbag.py:540} INFO - Filling up the DagBag from /usr/local/python/3.12.1/lib/python3.12/site-packages/airflow/example_dags/example_dynamic_task_mapping.py
[2026-04-26T07:34:59.650+0000] {processor.py:840} INFO - DAG(s) 'example_dynamic_task_mapping' retrieved from /usr/local/python/3.12.1/lib/python3.12/site-packages/airflow/example_dags/example_dynamic_task_mapping.py
[2026-04-26T07:34:59.662+0000] {logging_mixin.py:188} INFO - [2026-04-26T07:34:59.662+0000] {dag.py:3096} INFO - Sync 1 DAGs
[2026-04-26T07:34:59.678+0000] {logging_mixin.py:188} INFO - [2026-04-26T07:34:59.678+0000] {dag.py:3954} INFO - Setting next_dagrun for example_dynamic_task_mapping to 2022-03-04 00:00:00+00:00, run_after=2022-03-05 00:00:00+00:00
[2026-04-26T07:34:59.695+0000] {processor.py:183} INFO - Processing /usr/local/python/3.12.1/lib/python3.12/site-packages/airflow/example_dags/example_dynamic_task_mapping.py took 0.056 seconds
[2026-04-26T07:35:03.539+0000] {processor.py:161} INFO - Started process (PID=34990) to work on /usr/local/python/3.12.1/lib/python3.12/site-packages/airflow/example_dags/example_dynamic_task_mapping.py
[2026-04-26T07:35:03.540+0000] {processor.py:830} INFO - Processing file /usr/local/python/3.12.1/lib/python3.12/site-packages/airflow/example_dags/example_dynamic_task_mapping.py for tasks to queue
[2026-04-26T07:35:03.540+0000] {logging_mixin.py:188} INFO - [2026-04-26T07:35:03.540+0000] {dagbag.py:540} INFO - Filling up the DagBag from /usr/local/python/3.12.1/lib/python3.12/site-packages/airflow/example_dags/example_dynamic_task_mapping.py
[2026-04-26T07:35:03.546+0000] {processor.py:840} INFO - DAG(s) 'example_dynamic_task_mapping' retrieved from /usr/local/python/3.12.1/lib/python3.12/site-packages/airflow/example_dags/example_dynamic_task_mapping.py
[2026-04-26T07:35:03.556+0000] {logging_mixin.py:188} INFO - [2026-04-26T07:35:03.556+0000] {dag.py:3096} INFO - Sync 1 DAGs
[2026-04-26T07:35:03.571+0000] {logging_mixin.py:188} INFO - [2026-04-26T07:35:03.571+0000] {dag.py:3954} INFO - Setting next_dagrun for example_dynamic_task_mapping to 2022-03-04 00:00:00+00:00, run_after=2022-03-05 00:00:00+00:00
[2026-04-26T07:35:03.587+0000] {processor.py:183} INFO - Processing /usr/local/python/3.12.1/lib/python3.12/site-packages/airflow/example_dags/example_dynamic_task_mapping.py took 0.052 seconds
[2026-04-26T07:35:56.741+0000] {processor.py:161} INFO - Started process (PID=35541) to work on /usr/local/python/3.12.1/lib/python3.12/site-packages/airflow/example_dags/example_dynamic_task_mapping.py
[2026-04-26T07:35:56.742+0000] {processor.py:830} INFO - Processing file /usr/local/python/3.12.1/lib/python3.12/site-packages/airflow/example_dags/example_dynamic_task_mapping.py for tasks to queue
[2026-04-26T07:35:56.743+0000] {logging_mixin.py:188} INFO - [2026-04-26T07:35:56.742+0000] {dagbag.py:540} INFO - Filling up the DagBag from /usr/local/python/3.12.1/lib/python3.12/site-packages/airflow/example_dags/example_dynamic_task_mapping.py
[2026-04-26T07:35:56.748+0000] {processor.py:840} INFO - DAG(s) 'example_dynamic_task_mapping' retrieved from /usr/local/python/3.12.1/lib/python3.12/site-packages/airflow/example_dags/example_dynamic_task_mapping.py
[2026-04-26T07:35:56.759+0000] {logging_mixin.py:188} INFO - [2026-04-26T07:35:56.759+0000] {dag.py:3096} INFO - Sync 1 DAGs
[2026-04-26T07:35:56.774+0000] {logging_mixin.py:188} INFO - [2026-04-26T07:35:56.774+0000] {dag.py:3954} INFO - Setting next_dagrun for example_dynamic_task_mapping to 2022-03-04 00:00:00+00:00, run_after=2022-03-05 00:00:00+00:00
[2026-04-26T07:35:56.790+0000] {processor.py:183} INFO - Processing /usr/local/python/3.12.1/lib/python3.12/site-packages/airflow/example_dags/example_dynamic_task_mapping.py took 0.054 seconds
[2026-04-26T07:36:01.922+0000] {processor.py:161} INFO - Started process (PID=35573) to work on /usr/local/python/3.12.1/lib/python3.12/site-packages/airflow/example_dags/example_dynamic_task_mapping.py
[2026-04-26T07:36:01.923+0000] {processor.py:830} INFO - Processing file /usr/local/python/3.12.1/lib/python3.12/site-packages/airflow/example_dags/example_dynamic_task_mapping.py for tasks to queue
[2026-04-26T07:36:01.924+0000] {logging_mixin.py:188} INFO - [2026-04-26T07:36:01.924+0000] {dagbag.py:540} INFO - Filling up the DagBag from /usr/local/python/3.12.1/lib/python3.12/site-packages/airflow/example_dags/example_dynamic_task_mapping.py
[2026-04-26T07:36:01.933+0000] {processor.py:840} INFO - DAG(s) 'example_dynamic_task_mapping' retrieved from /usr/local/python/3.12.1/lib/python3.12/site-packages/airflow/example_dags/example_dynamic_task_mapping.py
[2026-04-26T07:36:01.947+0000] {logging_mixin.py:188} INFO - [2026-04-26T07:36:01.947+0000] {dag.py:3096} INFO - Sync 1 DAGs
[2026-04-26T07:36:01.961+0000] {logging_mixin.py:188} INFO - [2026-04-26T07:36:01.961+0000] {dag.py:3954} INFO - Setting next_dagrun for example_dynamic_task_mapping to 2022-03-04 00:00:00+00:00, run_after=2022-03-05 00:00:00+00:00
[2026-04-26T07:36:01.979+0000] {processor.py:183} INFO - Processing /usr/local/python/3.12.1/lib/python3.12/site-packages/airflow/example_dags/example_dynamic_task_mapping.py took 0.063 seconds
[2026-04-26T07:36:02.497+0000] {processor.py:161} INFO - Started process (PID=35582) to work on /usr/local/python/3.12.1/lib/python3.12/site-packages/airflow/example_dags/example_dynamic_task_mapping.py
[2026-04-26T07:36:02.498+0000] {processor.py:830} INFO - Processing file /usr/local/python/3.12.1/lib/python3.12/site-packages/airflow/example_dags/example_dynamic_task_mapping.py for tasks to queue
[2026-04-26T07:36:02.499+0000] {logging_mixin.py:188} INFO - [2026-04-26T07:36:02.498+0000] {dagbag.py:540} INFO - Filling up the DagBag from /usr/local/python/3.12.1/lib/python3.12/site-packages/airflow/example_dags/example_dynamic_task_mapping.py
[2026-04-26T07:36:02.504+0000] {processor.py:840} INFO - DAG(s) 'example_dynamic_task_mapping' retrieved from /usr/local/python/3.12.1/lib/python3.12/site-packages/airflow/example_dags/example_dynamic_task_mapping.py
[2026-04-26T07:36:02.515+0000] {logging_mixin.py:188} INFO - [2026-04-26T07:36:02.515+0000] {dag.py:3096} INFO - Sync 1 DAGs
[2026-04-26T07:36:02.529+0000] {logging_mixin.py:188} INFO - [2026-04-26T07:36:02.529+0000] {dag.py:3954} INFO - Setting next_dagrun for example_dynamic_task_mapping to 2022-03-04 00:00:00+00:00, run_after=2022-03-05 00:00:00+00:00
[2026-04-26T07:36:02.545+0000] {processor.py:183} INFO - Processing /usr/local/python/3.12.1/lib/python3.12/site-packages/airflow/example_dags/example_dynamic_task_mapping.py took 0.052 seconds
[2026-04-26T07:36:54.570+0000] {processor.py:161} INFO - Started process (PID=36071) to work on /usr/local/python/3.12.1/lib/python3.12/site-packages/airflow/example_dags/example_dynamic_task_mapping.py
[2026-04-26T07:36:54.571+0000] {processor.py:830} INFO - Processing file /usr/local/python/3.12.1/lib/python3.12/site-packages/airflow/example_dags/example_dynamic_task_mapping.py for tasks to queue
[2026-04-26T07:36:54.572+0000] {logging_mixin.py:188} INFO - [2026-04-26T07:36:54.572+0000] {dagbag.py:540} INFO - Filling up the DagBag from /usr/local/python/3.12.1/lib/python3.12/site-packages/airflow/example_dags/example_dynamic_task_mapping.py
[2026-04-26T07:36:54.578+0000] {processor.py:840} INFO - DAG(s) 'example_dynamic_task_mapping' retrieved from /usr/local/python/3.12.1/lib/python3.12/site-packages/airflow/example_dags/example_dynamic_task_mapping.py
[2026-04-26T07:36:54.592+0000] {logging_mixin.py:188} INFO - [2026-04-26T07:36:54.591+0000] {dag.py:3096} INFO - Sync 1 DAGs
[2026-04-26T07:36:54.636+0000] {logging_mixin.py:188} INFO - [2026-04-26T07:36:54.635+0000] {dag.py:3954} INFO - Setting next_dagrun for example_dynamic_task_mapping to 2022-03-04 00:00:00+00:00, run_after=2022-03-05 00:00:00+00:00
[2026-04-26T07:36:54.674+0000] {processor.py:183} INFO - Processing /usr/local/python/3.12.1/lib/python3.12/site-packages/airflow/example_dags/example_dynamic_task_mapping.py took 0.108 seconds
[2026-04-26T07:36:59.998+0000] {processor.py:161} INFO - Started process (PID=36106) to work on /usr/local/python/3.12.1/lib/python3.12/site-packages/airflow/example_dags/example_dynamic_task_mapping.py
[2026-04-26T07:36:59.999+0000] {processor.py:830} INFO - Processing file /usr/local/python/3.12.1/lib/python3.12/site-packages/airflow/example_dags/example_dynamic_task_mapping.py for tasks to queue
[2026-04-26T07:37:00.000+0000] {logging_mixin.py:188} INFO - [2026-04-26T07:37:00.000+0000] {dagbag.py:540} INFO - Filling up the DagBag from /usr/local/python/3.12.1/lib/python3.12/site-packages/airflow/example_dags/example_dynamic_task_mapping.py
[2026-04-26T07:37:00.008+0000] {processor.py:840} INFO - DAG(s) 'example_dynamic_task_mapping' retrieved from /usr/local/python/3.12.1/lib/python3.12/site-packages/airflow/example_dags/example_dynamic_task_mapping.py
[2026-04-26T07:37:00.031+0000] {logging_mixin.py:188} INFO - [2026-04-26T07:37:00.031+0000] {dag.py:3096} INFO - Sync 1 DAGs
[2026-04-26T07:37:00.055+0000] {logging_mixin.py:188} INFO - [2026-04-26T07:37:00.054+0000] {dag.py:3954} INFO - Setting next_dagrun for example_dynamic_task_mapping to 2022-03-04 00:00:00+00:00, run_after=2022-03-05 00:00:00+00:00
[2026-04-26T07:37:00.076+0000] {processor.py:183} INFO - Processing /usr/local/python/3.12.1/lib/python3.12/site-packages/airflow/example_dags/example_dynamic_task_mapping.py took 0.093 seconds
[2026-04-26T07:37:02.322+0000] {processor.py:161} INFO - Started process (PID=36126) to work on /usr/local/python/3.12.1/lib/python3.12/site-packages/airflow/example_dags/example_dynamic_task_mapping.py
[2026-04-26T07:37:02.323+0000] {processor.py:830} INFO - Processing file /usr/local/python/3.12.1/lib/python3.12/site-packages/airflow/example_dags/example_dynamic_task_mapping.py for tasks to queue
[2026-04-26T07:37:02.324+0000] {logging_mixin.py:188} INFO - [2026-04-26T07:37:02.324+0000] {dagbag.py:540} INFO - Filling up the DagBag from /usr/local/python/3.12.1/lib/python3.12/site-packages/airflow/example_dags/example_dynamic_task_mapping.py
[2026-04-26T07:37:02.329+0000] {processor.py:840} INFO - DAG(s) 'example_dynamic_task_mapping' retrieved from /usr/local/python/3.12.1/lib/python3.12/site-packages/airflow/example_dags/example_dynamic_task_mapping.py
[2026-04-26T07:37:02.341+0000] {logging_mixin.py:188} INFO - [2026-04-26T07:37:02.341+0000] {dag.py:3096} INFO - Sync 1 DAGs
[2026-04-26T07:37:02.362+0000] {logging_mixin.py:188} INFO - [2026-04-26T07:37:02.362+0000] {dag.py:3954} INFO - Setting next_dagrun for example_dynamic_task_mapping to 2022-03-04 00:00:00+00:00, run_after=2022-03-05 00:00:00+00:00
[2026-04-26T07:37:02.385+0000] {processor.py:183} INFO - Processing /usr/local/python/3.12.1/lib/python3.12/site-packages/airflow/example_dags/example_dynamic_task_mapping.py took 0.067 seconds
[2026-04-26T07:37:52.793+0000] {processor.py:161} INFO - Started process (PID=36586) to work on /usr/local/python/3.12.1/lib/python3.12/site-packages/airflow/example_dags/example_dynamic_task_mapping.py
[2026-04-26T07:37:52.799+0000] {processor.py:830} INFO - Processing file /usr/local/python/3.12.1/lib/python3.12/site-packages/airflow/example_dags/example_dynamic_task_mapping.py for tasks to queue
[2026-04-26T07:37:52.800+0000] {logging_mixin.py:188} INFO - [2026-04-26T07:37:52.799+0000] {dagbag.py:540} INFO - Filling up the DagBag from /usr/local/python/3.12.1/lib/python3.12/site-packages/airflow/example_dags/example_dynamic_task_mapping.py
[2026-04-26T07:37:52.835+0000] {processor.py:840} INFO - DAG(s) 'example_dynamic_task_mapping' retrieved from /usr/local/python/3.12.1/lib/python3.12/site-packages/airflow/example_dags/example_dynamic_task_mapping.py
[2026-04-26T07:37:52.875+0000] {logging_mixin.py:188} INFO - [2026-04-26T07:37:52.874+0000] {dag.py:3096} INFO - Sync 1 DAGs
[2026-04-26T07:37:52.899+0000] {logging_mixin.py:188} INFO - [2026-04-26T07:37:52.899+0000] {dag.py:3954} INFO - Setting next_dagrun for example_dynamic_task_mapping to 2022-03-04 00:00:00+00:00, run_after=2022-03-05 00:00:00+00:00
[2026-04-26T07:37:52.926+0000] {processor.py:183} INFO - Processing /usr/local/python/3.12.1/lib/python3.12/site-packages/airflow/example_dags/example_dynamic_task_mapping.py took 0.150 seconds
[2026-04-26T07:37:55.501+0000] {processor.py:161} INFO - Started process (PID=36625) to work on /usr/local/python/3.12.1/lib/python3.12/site-packages/airflow/example_dags/example_dynamic_task_mapping.py
[2026-04-26T07:37:55.501+0000] {processor.py:830} INFO - Processing file /usr/local/python/3.12.1/lib/python3.12/site-packages/airflow/example_dags/example_dynamic_task_mapping.py for tasks to queue
[2026-04-26T07:37:55.502+0000] {logging_mixin.py:188} INFO - [2026-04-26T07:37:55.502+0000] {dagbag.py:540} INFO - Filling up the DagBag from /usr/local/python/3.12.1/lib/python3.12/site-packages/airflow/example_dags/example_dynamic_task_mapping.py
[2026-04-26T07:37:55.507+0000] {processor.py:840} INFO - DAG(s) 'example_dynamic_task_mapping' retrieved from /usr/local/python/3.12.1/lib/python3.12/site-packages/airflow/example_dags/example_dynamic_task_mapping.py
[2026-04-26T07:37:55.519+0000] {logging_mixin.py:188} INFO - [2026-04-26T07:37:55.519+0000] {dag.py:3096} INFO - Sync 1 DAGs
[2026-04-26T07:37:55.538+0000] {logging_mixin.py:188} INFO - [2026-04-26T07:37:55.538+0000] {dag.py:3954} INFO - Setting next_dagrun for example_dynamic_task_mapping to 2022-03-04 00:00:00+00:00, run_after=2022-03-05 00:00:00+00:00
[2026-04-26T07:37:55.595+0000] {processor.py:183} INFO - Processing /usr/local/python/3.12.1/lib/python3.12/site-packages/airflow/example_dags/example_dynamic_task_mapping.py took 0.099 seconds
[2026-04-26T07:38:00.111+0000] {processor.py:161} INFO - Started process (PID=36654) to work on /usr/local/python/3.12.1/lib/python3.12/site-packages/airflow/example_dags/example_dynamic_task_mapping.py
[2026-04-26T07:38:00.112+0000] {processor.py:830} INFO - Processing file /usr/local/python/3.12.1/lib/python3.12/site-packages/airflow/example_dags/example_dynamic_task_mapping.py for tasks to queue
[2026-04-26T07:38:00.112+0000] {logging_mixin.py:188} INFO - [2026-04-26T07:38:00.112+0000] {dagbag.py:540} INFO - Filling up the DagBag from /usr/local/python/3.12.1/lib/python3.12/site-packages/airflow/example_dags/example_dynamic_task_mapping.py
[2026-04-26T07:38:00.118+0000] {processor.py:840} INFO - DAG(s) 'example_dynamic_task_mapping' retrieved from /usr/local/python/3.12.1/lib/python3.12/site-packages/airflow/example_dags/example_dynamic_task_mapping.py
[2026-04-26T07:38:00.129+0000] {logging_mixin.py:188} INFO - [2026-04-26T07:38:00.129+0000] {dag.py:3096} INFO - Sync 1 DAGs
[2026-04-26T07:38:00.144+0000] {logging_mixin.py:188} INFO - [2026-04-26T07:38:00.144+0000] {dag.py:3954} INFO - Setting next_dagrun for example_dynamic_task_mapping to 2022-03-04 00:00:00+00:00, run_after=2022-03-05 00:00:00+00:00
[2026-04-26T07:38:00.160+0000] {processor.py:183} INFO - Processing /usr/local/python/3.12.1/lib/python3.12/site-packages/airflow/example_dags/example_dynamic_task_mapping.py took 0.054 seconds
[2026-04-26T07:38:51.251+0000] {processor.py:161} INFO - Started process (PID=37188) to work on /usr/local/python/3.12.1/lib/python3.12/site-packages/airflow/example_dags/example_dynamic_task_mapping.py
[2026-04-26T07:38:51.252+0000] {processor.py:830} INFO - Processing file /usr/local/python/3.12.1/lib/python3.12/site-packages/airflow/example_dags/example_dynamic_task_mapping.py for tasks to queue
[2026-04-26T07:38:51.253+0000] {logging_mixin.py:188} INFO - [2026-04-26T07:38:51.252+0000] {dagbag.py:540} INFO - Filling up the DagBag from /usr/local/python/3.12.1/lib/python3.12/site-packages/airflow/example_dags/example_dynamic_task_mapping.py
[2026-04-26T07:38:51.258+0000] {processor.py:840} INFO - DAG(s) 'example_dynamic_task_mapping' retrieved from /usr/local/python/3.12.1/lib/python3.12/site-packages/airflow/example_dags/example_dynamic_task_mapping.py
[2026-04-26T07:38:51.269+0000] {logging_mixin.py:188} INFO - [2026-04-26T07:38:51.269+0000] {dag.py:3096} INFO - Sync 1 DAGs
[2026-04-26T07:38:51.283+0000] {logging_mixin.py:188} INFO - [2026-04-26T07:38:51.283+0000] {dag.py:3954} INFO - Setting next_dagrun for example_dynamic_task_mapping to 2022-03-04 00:00:00+00:00, run_after=2022-03-05 00:00:00+00:00
[2026-04-26T07:38:51.299+0000] {processor.py:183} INFO - Processing /usr/local/python/3.12.1/lib/python3.12/site-packages/airflow/example_dags/example_dynamic_task_mapping.py took 0.052 seconds
[2026-04-26T07:38:58.488+0000] {processor.py:161} INFO - Started process (PID=37276) to work on /usr/local/python/3.12.1/lib/python3.12/site-packages/airflow/example_dags/example_dynamic_task_mapping.py
[2026-04-26T07:38:58.489+0000] {processor.py:830} INFO - Processing file /usr/local/python/3.12.1/lib/python3.12/site-packages/airflow/example_dags/example_dynamic_task_mapping.py for tasks to queue
[2026-04-26T07:38:58.490+0000] {logging_mixin.py:188} INFO - [2026-04-26T07:38:58.490+0000] {dagbag.py:540} INFO - Filling up the DagBag from /usr/local/python/3.12.1/lib/python3.12/site-packages/airflow/example_dags/example_dynamic_task_mapping.py
[2026-04-26T07:38:58.498+0000] {processor.py:840} INFO - DAG(s) 'example_dynamic_task_mapping' retrieved from /usr/local/python/3.12.1/lib/python3.12/site-packages/airflow/example_dags/example_dynamic_task_mapping.py
[2026-04-26T07:38:58.518+0000] {logging_mixin.py:188} INFO - [2026-04-26T07:38:58.518+0000] {dag.py:3096} INFO - Sync 1 DAGs
[2026-04-26T07:38:58.546+0000] {logging_mixin.py:188} INFO - [2026-04-26T07:38:58.546+0000] {dag.py:3954} INFO - Setting next_dagrun for example_dynamic_task_mapping to 2022-03-04 00:00:00+00:00, run_after=2022-03-05 00:00:00+00:00
[2026-04-26T07:38:58.628+0000] {processor.py:183} INFO - Processing /usr/local/python/3.12.1/lib/python3.12/site-packages/airflow/example_dags/example_dynamic_task_mapping.py took 0.149 seconds
[2026-04-26T07:38:59.692+0000] {processor.py:161} INFO - Started process (PID=37325) to work on /usr/local/python/3.12.1/lib/python3.12/site-packages/airflow/example_dags/example_dynamic_task_mapping.py
[2026-04-26T07:38:59.693+0000] {processor.py:830} INFO - Processing file /usr/local/python/3.12.1/lib/python3.12/site-packages/airflow/example_dags/example_dynamic_task_mapping.py for tasks to queue
[2026-04-26T07:38:59.699+0000] {logging_mixin.py:188} INFO - [2026-04-26T07:38:59.693+0000] {dagbag.py:540} INFO - Filling up the DagBag from /usr/local/python/3.12.1/lib/python3.12/site-packages/airflow/example_dags/example_dynamic_task_mapping.py
[2026-04-26T07:38:59.731+0000] {processor.py:840} INFO - DAG(s) 'example_dynamic_task_mapping' retrieved from /usr/local/python/3.12.1/lib/python3.12/site-packages/airflow/example_dags/example_dynamic_task_mapping.py
[2026-04-26T07:38:59.830+0000] {logging_mixin.py:188} INFO - [2026-04-26T07:38:59.828+0000] {dag.py:3096} INFO - Sync 1 DAGs
[2026-04-26T07:38:59.959+0000] {logging_mixin.py:188} INFO - [2026-04-26T07:38:59.959+0000] {dag.py:3954} INFO - Setting next_dagrun for example_dynamic_task_mapping to 2022-03-04 00:00:00+00:00, run_after=2022-03-05 00:00:00+00:00
[2026-04-26T07:39:00.092+0000] {processor.py:183} INFO - Processing /usr/local/python/3.12.1/lib/python3.12/site-packages/airflow/example_dags/example_dynamic_task_mapping.py took 0.423 seconds
[2026-04-26T07:39:56.523+0000] {processor.py:161} INFO - Started process (PID=38270) to work on /usr/local/python/3.12.1/lib/python3.12/site-packages/airflow/example_dags/example_dynamic_task_mapping.py
[2026-04-26T07:39:56.523+0000] {processor.py:830} INFO - Processing file /usr/local/python/3.12.1/lib/python3.12/site-packages/airflow/example_dags/example_dynamic_task_mapping.py for tasks to queue
[2026-04-26T07:39:56.524+0000] {logging_mixin.py:188} INFO - [2026-04-26T07:39:56.524+0000] {dagbag.py:540} INFO - Filling up the DagBag from /usr/local/python/3.12.1/lib/python3.12/site-packages/airflow/example_dags/example_dynamic_task_mapping.py
[2026-04-26T07:39:56.530+0000] {processor.py:840} INFO - DAG(s) 'example_dynamic_task_mapping' retrieved from /usr/local/python/3.12.1/lib/python3.12/site-packages/airflow/example_dags/example_dynamic_task_mapping.py
[2026-04-26T07:39:56.545+0000] {logging_mixin.py:188} INFO - [2026-04-26T07:39:56.545+0000] {dag.py:3096} INFO - Sync 1 DAGs
[2026-04-26T07:39:56.568+0000] {logging_mixin.py:188} INFO - [2026-04-26T07:39:56.567+0000] {dag.py:3954} INFO - Setting next_dagrun for example_dynamic_task_mapping to 2022-03-04 00:00:00+00:00, run_after=2022-03-05 00:00:00+00:00
[2026-04-26T07:39:56.589+0000] {processor.py:183} INFO - Processing /usr/local/python/3.12.1/lib/python3.12/site-packages/airflow/example_dags/example_dynamic_task_mapping.py took 0.071 seconds
[2026-04-26T07:40:02.157+0000] {processor.py:161} INFO - Started process (PID=38394) to work on /usr/local/python/3.12.1/lib/python3.12/site-packages/airflow/example_dags/example_dynamic_task_mapping.py
[2026-04-26T07:40:02.158+0000] {processor.py:830} INFO - Processing file /usr/local/python/3.12.1/lib/python3.12/site-packages/airflow/example_dags/example_dynamic_task_mapping.py for tasks to queue
[2026-04-26T07:40:02.159+0000] {logging_mixin.py:188} INFO - [2026-04-26T07:40:02.159+0000] {dagbag.py:540} INFO - Filling up the DagBag from /usr/local/python/3.12.1/lib/python3.12/site-packages/airflow/example_dags/example_dynamic_task_mapping.py
[2026-04-26T07:40:02.169+0000] {processor.py:840} INFO - DAG(s) 'example_dynamic_task_mapping' retrieved from /usr/local/python/3.12.1/lib/python3.12/site-packages/airflow/example_dags/example_dynamic_task_mapping.py
[2026-04-26T07:40:02.186+0000] {logging_mixin.py:188} INFO - [2026-04-26T07:40:02.186+0000] {dag.py:3096} INFO - Sync 1 DAGs
[2026-04-26T07:40:02.207+0000] {logging_mixin.py:188} INFO - [2026-04-26T07:40:02.207+0000] {dag.py:3954} INFO - Setting next_dagrun for example_dynamic_task_mapping to 2022-03-04 00:00:00+00:00, run_after=2022-03-05 00:00:00+00:00
[2026-04-26T07:40:02.223+0000] {processor.py:183} INFO - Processing /usr/local/python/3.12.1/lib/python3.12/site-packages/airflow/example_dags/example_dynamic_task_mapping.py took 0.070 seconds
[2026-04-26T07:40:05.171+0000] {processor.py:161} INFO - Started process (PID=38415) to work on /usr/local/python/3.12.1/lib/python3.12/site-packages/airflow/example_dags/example_dynamic_task_mapping.py
[2026-04-26T07:40:05.172+0000] {processor.py:830} INFO - Processing file /usr/local/python/3.12.1/lib/python3.12/site-packages/airflow/example_dags/example_dynamic_task_mapping.py for tasks to queue
[2026-04-26T07:40:05.173+0000] {logging_mixin.py:188} INFO - [2026-04-26T07:40:05.173+0000] {dagbag.py:540} INFO - Filling up the DagBag from /usr/local/python/3.12.1/lib/python3.12/site-packages/airflow/example_dags/example_dynamic_task_mapping.py
[2026-04-26T07:40:05.181+0000] {processor.py:840} INFO - DAG(s) 'example_dynamic_task_mapping' retrieved from /usr/local/python/3.12.1/lib/python3.12/site-packages/airflow/example_dags/example_dynamic_task_mapping.py
[2026-04-26T07:40:05.197+0000] {logging_mixin.py:188} INFO - [2026-04-26T07:40:05.196+0000] {dag.py:3096} INFO - Sync 1 DAGs
[2026-04-26T07:40:05.230+0000] {logging_mixin.py:188} INFO - [2026-04-26T07:40:05.230+0000] {dag.py:3954} INFO - Setting next_dagrun for example_dynamic_task_mapping to 2022-03-04 00:00:00+00:00, run_after=2022-03-05 00:00:00+00:00
[2026-04-26T07:40:05.247+0000] {processor.py:183} INFO - Processing /usr/local/python/3.12.1/lib/python3.12/site-packages/airflow/example_dags/example_dynamic_task_mapping.py took 0.086 seconds
[2026-04-26T07:40:54.247+0000] {processor.py:161} INFO - Started process (PID=39086) to work on /usr/local/python/3.12.1/lib/python3.12/site-packages/airflow/example_dags/example_dynamic_task_mapping.py
[2026-04-26T07:40:54.248+0000] {processor.py:830} INFO - Processing file /usr/local/python/3.12.1/lib/python3.12/site-packages/airflow/example_dags/example_dynamic_task_mapping.py for tasks to queue
[2026-04-26T07:40:54.249+0000] {logging_mixin.py:188} INFO - [2026-04-26T07:40:54.248+0000] {dagbag.py:540} INFO - Filling up the DagBag from /usr/local/python/3.12.1/lib/python3.12/site-packages/airflow/example_dags/example_dynamic_task_mapping.py
[2026-04-26T07:40:54.256+0000] {processor.py:840} INFO - DAG(s) 'example_dynamic_task_mapping' retrieved from /usr/local/python/3.12.1/lib/python3.12/site-packages/airflow/example_dags/example_dynamic_task_mapping.py
[2026-04-26T07:40:54.274+0000] {logging_mixin.py:188} INFO - [2026-04-26T07:40:54.274+0000] {dag.py:3096} INFO - Sync 1 DAGs
[2026-04-26T07:40:54.298+0000] {logging_mixin.py:188} INFO - [2026-04-26T07:40:54.298+0000] {dag.py:3954} INFO - Setting next_dagrun for example_dynamic_task_mapping to 2022-03-04 00:00:00+00:00, run_after=2022-03-05 00:00:00+00:00
[2026-04-26T07:40:54.320+0000] {processor.py:183} INFO - Processing /usr/local/python/3.12.1/lib/python3.12/site-packages/airflow/example_dags/example_dynamic_task_mapping.py took 0.079 seconds
[2026-04-26T07:41:03.113+0000] {processor.py:161} INFO - Started process (PID=39302) to work on /usr/local/python/3.12.1/lib/python3.12/site-packages/airflow/example_dags/example_dynamic_task_mapping.py
[2026-04-26T07:41:03.113+0000] {processor.py:830} INFO - Processing file /usr/local/python/3.12.1/lib/python3.12/site-packages/airflow/example_dags/example_dynamic_task_mapping.py for tasks to queue
[2026-04-26T07:41:03.114+0000] {logging_mixin.py:188} INFO - [2026-04-26T07:41:03.114+0000] {dagbag.py:540} INFO - Filling up the DagBag from /usr/local/python/3.12.1/lib/python3.12/site-packages/airflow/example_dags/example_dynamic_task_mapping.py
[2026-04-26T07:41:03.119+0000] {processor.py:840} INFO - DAG(s) 'example_dynamic_task_mapping' retrieved from /usr/local/python/3.12.1/lib/python3.12/site-packages/airflow/example_dags/example_dynamic_task_mapping.py
[2026-04-26T07:41:03.130+0000] {logging_mixin.py:188} INFO - [2026-04-26T07:41:03.130+0000] {dag.py:3096} INFO - Sync 1 DAGs
[2026-04-26T07:41:03.145+0000] {logging_mixin.py:188} INFO - [2026-04-26T07:41:03.145+0000] {dag.py:3954} INFO - Setting next_dagrun for example_dynamic_task_mapping to 2022-03-04 00:00:00+00:00, run_after=2022-03-05 00:00:00+00:00
[2026-04-26T07:41:03.160+0000] {processor.py:183} INFO - Processing /usr/local/python/3.12.1/lib/python3.12/site-packages/airflow/example_dags/example_dynamic_task_mapping.py took 0.052 seconds
[2026-04-26T07:41:05.751+0000] {processor.py:161} INFO - Started process (PID=39320) to work on /usr/local/python/3.12.1/lib/python3.12/site-packages/airflow/example_dags/example_dynamic_task_mapping.py
[2026-04-26T07:41:05.751+0000] {processor.py:830} INFO - Processing file /usr/local/python/3.12.1/lib/python3.12/site-packages/airflow/example_dags/example_dynamic_task_mapping.py for tasks to queue
[2026-04-26T07:41:05.752+0000] {logging_mixin.py:188} INFO - [2026-04-26T07:41:05.752+0000] {dagbag.py:540} INFO - Filling up the DagBag from /usr/local/python/3.12.1/lib/python3.12/site-packages/airflow/example_dags/example_dynamic_task_mapping.py
[2026-04-26T07:41:05.758+0000] {processor.py:840} INFO - DAG(s) 'example_dynamic_task_mapping' retrieved from /usr/local/python/3.12.1/lib/python3.12/site-packages/airflow/example_dags/example_dynamic_task_mapping.py
[2026-04-26T07:41:05.769+0000] {logging_mixin.py:188} INFO - [2026-04-26T07:41:05.769+0000] {dag.py:3096} INFO - Sync 1 DAGs
[2026-04-26T07:41:05.784+0000] {logging_mixin.py:188} INFO - [2026-04-26T07:41:05.784+0000] {dag.py:3954} INFO - Setting next_dagrun for example_dynamic_task_mapping to 2022-03-04 00:00:00+00:00, run_after=2022-03-05 00:00:00+00:00
[2026-04-26T07:41:05.801+0000] {processor.py:183} INFO - Processing /usr/local/python/3.12.1/lib/python3.12/site-packages/airflow/example_dags/example_dynamic_task_mapping.py took 0.055 seconds
[2026-04-26T07:41:51.472+0000] {processor.py:161} INFO - Started process (PID=39802) to work on /usr/local/python/3.12.1/lib/python3.12/site-packages/airflow/example_dags/example_dynamic_task_mapping.py
[2026-04-26T07:41:51.473+0000] {processor.py:830} INFO - Processing file /usr/local/python/3.12.1/lib/python3.12/site-packages/airflow/example_dags/example_dynamic_task_mapping.py for tasks to queue
[2026-04-26T07:41:51.474+0000] {logging_mixin.py:188} INFO - [2026-04-26T07:41:51.474+0000] {dagbag.py:540} INFO - Filling up the DagBag from /usr/local/python/3.12.1/lib/python3.12/site-packages/airflow/example_dags/example_dynamic_task_mapping.py
[2026-04-26T07:41:51.482+0000] {processor.py:840} INFO - DAG(s) 'example_dynamic_task_mapping' retrieved from /usr/local/python/3.12.1/lib/python3.12/site-packages/airflow/example_dags/example_dynamic_task_mapping.py
[2026-04-26T07:41:51.498+0000] {logging_mixin.py:188} INFO - [2026-04-26T07:41:51.497+0000] {dag.py:3096} INFO - Sync 1 DAGs
[2026-04-26T07:41:51.513+0000] {logging_mixin.py:188} INFO - [2026-04-26T07:41:51.513+0000] {dag.py:3954} INFO - Setting next_dagrun for example_dynamic_task_mapping to 2022-03-04 00:00:00+00:00, run_after=2022-03-05 00:00:00+00:00
[2026-04-26T07:41:51.530+0000] {processor.py:183} INFO - Processing /usr/local/python/3.12.1/lib/python3.12/site-packages/airflow/example_dags/example_dynamic_task_mapping.py took 0.064 seconds
[2026-04-26T07:42:03.825+0000] {processor.py:161} INFO - Started process (PID=39945) to work on /usr/local/python/3.12.1/lib/python3.12/site-packages/airflow/example_dags/example_dynamic_task_mapping.py
[2026-04-26T07:42:03.826+0000] {processor.py:830} INFO - Processing file /usr/local/python/3.12.1/lib/python3.12/site-packages/airflow/example_dags/example_dynamic_task_mapping.py for tasks to queue
[2026-04-26T07:42:03.827+0000] {logging_mixin.py:188} INFO - [2026-04-26T07:42:03.826+0000] {dagbag.py:540} INFO - Filling up the DagBag from /usr/local/python/3.12.1/lib/python3.12/site-packages/airflow/example_dags/example_dynamic_task_mapping.py
[2026-04-26T07:42:03.832+0000] {processor.py:840} INFO - DAG(s) 'example_dynamic_task_mapping' retrieved from /usr/local/python/3.12.1/lib/python3.12/site-packages/airflow/example_dags/example_dynamic_task_mapping.py
[2026-04-26T07:42:03.843+0000] {logging_mixin.py:188} INFO - [2026-04-26T07:42:03.843+0000] {dag.py:3096} INFO - Sync 1 DAGs
[2026-04-26T07:42:03.866+0000] {logging_mixin.py:188} INFO - [2026-04-26T07:42:03.866+0000] {dag.py:3954} INFO - Setting next_dagrun for example_dynamic_task_mapping to 2022-03-04 00:00:00+00:00, run_after=2022-03-05 00:00:00+00:00
[2026-04-26T07:42:03.896+0000] {processor.py:183} INFO - Processing /usr/local/python/3.12.1/lib/python3.12/site-packages/airflow/example_dags/example_dynamic_task_mapping.py took 0.076 seconds
[2026-04-26T07:42:08.761+0000] {processor.py:161} INFO - Started process (PID=39977) to work on /usr/local/python/3.12.1/lib/python3.12/site-packages/airflow/example_dags/example_dynamic_task_mapping.py
[2026-04-26T07:42:08.762+0000] {processor.py:830} INFO - Processing file /usr/local/python/3.12.1/lib/python3.12/site-packages/airflow/example_dags/example_dynamic_task_mapping.py for tasks to queue
[2026-04-26T07:42:08.763+0000] {logging_mixin.py:188} INFO - [2026-04-26T07:42:08.762+0000] {dagbag.py:540} INFO - Filling up the DagBag from /usr/local/python/3.12.1/lib/python3.12/site-packages/airflow/example_dags/example_dynamic_task_mapping.py
[2026-04-26T07:42:08.770+0000] {processor.py:840} INFO - DAG(s) 'example_dynamic_task_mapping' retrieved from /usr/local/python/3.12.1/lib/python3.12/site-packages/airflow/example_dags/example_dynamic_task_mapping.py
[2026-04-26T07:42:08.787+0000] {logging_mixin.py:188} INFO - [2026-04-26T07:42:08.787+0000] {dag.py:3096} INFO - Sync 1 DAGs
[2026-04-26T07:42:08.826+0000] {logging_mixin.py:188} INFO - [2026-04-26T07:42:08.826+0000] {dag.py:3954} INFO - Setting next_dagrun for example_dynamic_task_mapping to 2022-03-04 00:00:00+00:00, run_after=2022-03-05 00:00:00+00:00
[2026-04-26T07:42:08.863+0000] {processor.py:183} INFO - Processing /usr/local/python/3.12.1/lib/python3.12/site-packages/airflow/example_dags/example_dynamic_task_mapping.py took 0.108 seconds
[2026-04-26T07:42:55.817+0000] {processor.py:161} INFO - Started process (PID=40413) to work on /usr/local/python/3.12.1/lib/python3.12/site-packages/airflow/example_dags/example_dynamic_task_mapping.py
[2026-04-26T07:42:55.818+0000] {processor.py:830} INFO - Processing file /usr/local/python/3.12.1/lib/python3.12/site-packages/airflow/example_dags/example_dynamic_task_mapping.py for tasks to queue
[2026-04-26T07:42:55.818+0000] {logging_mixin.py:188} INFO - [2026-04-26T07:42:55.818+0000] {dagbag.py:540} INFO - Filling up the DagBag from /usr/local/python/3.12.1/lib/python3.12/site-packages/airflow/example_dags/example_dynamic_task_mapping.py
[2026-04-26T07:42:55.824+0000] {processor.py:840} INFO - DAG(s) 'example_dynamic_task_mapping' retrieved from /usr/local/python/3.12.1/lib/python3.12/site-packages/airflow/example_dags/example_dynamic_task_mapping.py
[2026-04-26T07:42:55.835+0000] {logging_mixin.py:188} INFO - [2026-04-26T07:42:55.835+0000] {dag.py:3096} INFO - Sync 1 DAGs
[2026-04-26T07:42:55.849+0000] {logging_mixin.py:188} INFO - [2026-04-26T07:42:55.849+0000] {dag.py:3954} INFO - Setting next_dagrun for example_dynamic_task_mapping to 2022-03-04 00:00:00+00:00, run_after=2022-03-05 00:00:00+00:00
[2026-04-26T07:42:55.878+0000] {processor.py:183} INFO - Processing /usr/local/python/3.12.1/lib/python3.12/site-packages/airflow/example_dags/example_dynamic_task_mapping.py took 0.065 seconds
[2026-04-26T07:43:05.972+0000] {processor.py:161} INFO - Started process (PID=40501) to work on /usr/local/python/3.12.1/lib/python3.12/site-packages/airflow/example_dags/example_dynamic_task_mapping.py
[2026-04-26T07:43:05.973+0000] {processor.py:830} INFO - Processing file /usr/local/python/3.12.1/lib/python3.12/site-packages/airflow/example_dags/example_dynamic_task_mapping.py for tasks to queue
[2026-04-26T07:43:05.974+0000] {logging_mixin.py:188} INFO - [2026-04-26T07:43:05.974+0000] {dagbag.py:540} INFO - Filling up the DagBag from /usr/local/python/3.12.1/lib/python3.12/site-packages/airflow/example_dags/example_dynamic_task_mapping.py
[2026-04-26T07:43:05.982+0000] {processor.py:840} INFO - DAG(s) 'example_dynamic_task_mapping' retrieved from /usr/local/python/3.12.1/lib/python3.12/site-packages/airflow/example_dags/example_dynamic_task_mapping.py
[2026-04-26T07:43:06.008+0000] {logging_mixin.py:188} INFO - [2026-04-26T07:43:06.007+0000] {dag.py:3096} INFO - Sync 1 DAGs
[2026-04-26T07:43:06.030+0000] {logging_mixin.py:188} INFO - [2026-04-26T07:43:06.030+0000] {dag.py:3954} INFO - Setting next_dagrun for example_dynamic_task_mapping to 2022-03-04 00:00:00+00:00, run_after=2022-03-05 00:00:00+00:00
[2026-04-26T07:43:06.048+0000] {processor.py:183} INFO - Processing /usr/local/python/3.12.1/lib/python3.12/site-packages/airflow/example_dags/example_dynamic_task_mapping.py took 0.082 seconds
[2026-04-26T07:43:11.323+0000] {processor.py:161} INFO - Started process (PID=40542) to work on /usr/local/python/3.12.1/lib/python3.12/site-packages/airflow/example_dags/example_dynamic_task_mapping.py
[2026-04-26T07:43:11.324+0000] {processor.py:830} INFO - Processing file /usr/local/python/3.12.1/lib/python3.12/site-packages/airflow/example_dags/example_dynamic_task_mapping.py for tasks to queue
[2026-04-26T07:43:11.325+0000] {logging_mixin.py:188} INFO - [2026-04-26T07:43:11.324+0000] {dagbag.py:540} INFO - Filling up the DagBag from /usr/local/python/3.12.1/lib/python3.12/site-packages/airflow/example_dags/example_dynamic_task_mapping.py
[2026-04-26T07:43:11.330+0000] {processor.py:840} INFO - DAG(s) 'example_dynamic_task_mapping' retrieved from /usr/local/python/3.12.1/lib/python3.12/site-packages/airflow/example_dags/example_dynamic_task_mapping.py
[2026-04-26T07:43:11.340+0000] {logging_mixin.py:188} INFO - [2026-04-26T07:43:11.340+0000] {dag.py:3096} INFO - Sync 1 DAGs
[2026-04-26T07:43:11.354+0000] {logging_mixin.py:188} INFO - [2026-04-26T07:43:11.354+0000] {dag.py:3954} INFO - Setting next_dagrun for example_dynamic_task_mapping to 2022-03-04 00:00:00+00:00, run_after=2022-03-05 00:00:00+00:00
[2026-04-26T07:43:11.373+0000] {processor.py:183} INFO - Processing /usr/local/python/3.12.1/lib/python3.12/site-packages/airflow/example_dags/example_dynamic_task_mapping.py took 0.054 seconds
[2026-04-26T07:44:11.880+0000] {processor.py:161} INFO - Started process (PID=42580) to work on /usr/local/python/3.12.1/lib/python3.12/site-packages/airflow/example_dags/example_dynamic_task_mapping.py
[2026-04-26T07:44:12.015+0000] {processor.py:830} INFO - Processing file /usr/local/python/3.12.1/lib/python3.12/site-packages/airflow/example_dags/example_dynamic_task_mapping.py for tasks to queue
[2026-04-26T07:44:12.021+0000] {logging_mixin.py:188} INFO - [2026-04-26T07:44:12.021+0000] {dagbag.py:540} INFO - Filling up the DagBag from /usr/local/python/3.12.1/lib/python3.12/site-packages/airflow/example_dags/example_dynamic_task_mapping.py
[2026-04-26T07:44:12.131+0000] {processor.py:840} INFO - DAG(s) 'example_dynamic_task_mapping' retrieved from /usr/local/python/3.12.1/lib/python3.12/site-packages/airflow/example_dags/example_dynamic_task_mapping.py
[2026-04-26T07:44:13.048+0000] {logging_mixin.py:188} INFO - [2026-04-26T07:44:13.047+0000] {dag.py:3096} INFO - Sync 1 DAGs
[2026-04-26T07:44:13.374+0000] {logging_mixin.py:188} INFO - [2026-04-26T07:44:13.374+0000] {dag.py:3954} INFO - Setting next_dagrun for example_dynamic_task_mapping to 2022-03-04 00:00:00+00:00, run_after=2022-03-05 00:00:00+00:00
[2026-04-26T07:44:13.454+0000] {processor.py:161} INFO - Started process (PID=42648) to work on /usr/local/python/3.12.1/lib/python3.12/site-packages/airflow/example_dags/example_dynamic_task_mapping.py
[2026-04-26T07:44:13.457+0000] {processor.py:830} INFO - Processing file /usr/local/python/3.12.1/lib/python3.12/site-packages/airflow/example_dags/example_dynamic_task_mapping.py for tasks to queue
[2026-04-26T07:44:13.458+0000] {logging_mixin.py:188} INFO - [2026-04-26T07:44:13.457+0000] {dagbag.py:540} INFO - Filling up the DagBag from /usr/local/python/3.12.1/lib/python3.12/site-packages/airflow/example_dags/example_dynamic_task_mapping.py
[2026-04-26T07:44:13.520+0000] {processor.py:840} INFO - DAG(s) 'example_dynamic_task_mapping' retrieved from /usr/local/python/3.12.1/lib/python3.12/site-packages/airflow/example_dags/example_dynamic_task_mapping.py
[2026-04-26T07:44:13.729+0000] {logging_mixin.py:188} INFO - [2026-04-26T07:44:13.728+0000] {dag.py:3096} INFO - Sync 1 DAGs
[2026-04-26T07:44:13.837+0000] {processor.py:183} INFO - Processing /usr/local/python/3.12.1/lib/python3.12/site-packages/airflow/example_dags/example_dynamic_task_mapping.py took 2.029 seconds
[2026-04-26T07:44:13.986+0000] {logging_mixin.py:188} INFO - [2026-04-26T07:44:13.984+0000] {dag.py:3954} INFO - Setting next_dagrun for example_dynamic_task_mapping to 2022-03-04 00:00:00+00:00, run_after=2022-03-05 00:00:00+00:00
[2026-04-26T07:44:14.256+0000] {processor.py:183} INFO - Processing /usr/local/python/3.12.1/lib/python3.12/site-packages/airflow/example_dags/example_dynamic_task_mapping.py took 0.831 seconds
[2026-04-26T07:44:39.873+0000] {processor.py:161} INFO - Started process (PID=43685) to work on /usr/local/python/3.12.1/lib/python3.12/site-packages/airflow/example_dags/example_dynamic_task_mapping.py
[2026-04-26T07:44:39.876+0000] {processor.py:830} INFO - Processing file /usr/local/python/3.12.1/lib/python3.12/site-packages/airflow/example_dags/example_dynamic_task_mapping.py for tasks to queue
[2026-04-26T07:44:39.878+0000] {logging_mixin.py:188} INFO - [2026-04-26T07:44:39.877+0000] {dagbag.py:540} INFO - Filling up the DagBag from /usr/local/python/3.12.1/lib/python3.12/site-packages/airflow/example_dags/example_dynamic_task_mapping.py
[2026-04-26T07:44:39.894+0000] {processor.py:840} INFO - DAG(s) 'example_dynamic_task_mapping' retrieved from /usr/local/python/3.12.1/lib/python3.12/site-packages/airflow/example_dags/example_dynamic_task_mapping.py
[2026-04-26T07:44:39.975+0000] {logging_mixin.py:188} INFO - [2026-04-26T07:44:39.974+0000] {dag.py:3096} INFO - Sync 1 DAGs
[2026-04-26T07:44:40.055+0000] {logging_mixin.py:188} INFO - [2026-04-26T07:44:40.054+0000] {dag.py:3954} INFO - Setting next_dagrun for example_dynamic_task_mapping to 2022-03-04 00:00:00+00:00, run_after=2022-03-05 00:00:00+00:00
[2026-04-26T07:44:40.116+0000] {processor.py:183} INFO - Processing /usr/local/python/3.12.1/lib/python3.12/site-packages/airflow/example_dags/example_dynamic_task_mapping.py took 0.268 seconds
[2026-04-26T07:45:30.753+0000] {processor.py:161} INFO - Started process (PID=44510) to work on /usr/local/python/3.12.1/lib/python3.12/site-packages/airflow/example_dags/example_dynamic_task_mapping.py
[2026-04-26T07:45:30.757+0000] {processor.py:830} INFO - Processing file /usr/local/python/3.12.1/lib/python3.12/site-packages/airflow/example_dags/example_dynamic_task_mapping.py for tasks to queue
[2026-04-26T07:45:30.759+0000] {logging_mixin.py:188} INFO - [2026-04-26T07:45:30.759+0000] {dagbag.py:540} INFO - Filling up the DagBag from /usr/local/python/3.12.1/lib/python3.12/site-packages/airflow/example_dags/example_dynamic_task_mapping.py
[2026-04-26T07:45:30.777+0000] {processor.py:840} INFO - DAG(s) 'example_dynamic_task_mapping' retrieved from /usr/local/python/3.12.1/lib/python3.12/site-packages/airflow/example_dags/example_dynamic_task_mapping.py
[2026-04-26T07:45:30.818+0000] {logging_mixin.py:188} INFO - [2026-04-26T07:45:30.818+0000] {dag.py:3096} INFO - Sync 1 DAGs
[2026-04-26T07:45:30.848+0000] {logging_mixin.py:188} INFO - [2026-04-26T07:45:30.848+0000] {dag.py:3954} INFO - Setting next_dagrun for example_dynamic_task_mapping to 2022-03-04 00:00:00+00:00, run_after=2022-03-05 00:00:00+00:00
[2026-04-26T07:45:30.882+0000] {processor.py:183} INFO - Processing /usr/local/python/3.12.1/lib/python3.12/site-packages/airflow/example_dags/example_dynamic_task_mapping.py took 0.144 seconds
[2026-04-26T07:45:32.493+0000] {processor.py:161} INFO - Started process (PID=44516) to work on /usr/local/python/3.12.1/lib/python3.12/site-packages/airflow/example_dags/example_dynamic_task_mapping.py
[2026-04-26T07:45:32.493+0000] {processor.py:830} INFO - Processing file /usr/local/python/3.12.1/lib/python3.12/site-packages/airflow/example_dags/example_dynamic_task_mapping.py for tasks to queue
[2026-04-26T07:45:32.494+0000] {logging_mixin.py:188} INFO - [2026-04-26T07:45:32.494+0000] {dagbag.py:540} INFO - Filling up the DagBag from /usr/local/python/3.12.1/lib/python3.12/site-packages/airflow/example_dags/example_dynamic_task_mapping.py
[2026-04-26T07:45:32.499+0000] {processor.py:840} INFO - DAG(s) 'example_dynamic_task_mapping' retrieved from /usr/local/python/3.12.1/lib/python3.12/site-packages/airflow/example_dags/example_dynamic_task_mapping.py
[2026-04-26T07:45:32.510+0000] {logging_mixin.py:188} INFO - [2026-04-26T07:45:32.510+0000] {dag.py:3096} INFO - Sync 1 DAGs
[2026-04-26T07:45:32.525+0000] {logging_mixin.py:188} INFO - [2026-04-26T07:45:32.525+0000] {dag.py:3954} INFO - Setting next_dagrun for example_dynamic_task_mapping to 2022-03-04 00:00:00+00:00, run_after=2022-03-05 00:00:00+00:00
[2026-04-26T07:45:32.541+0000] {processor.py:183} INFO - Processing /usr/local/python/3.12.1/lib/python3.12/site-packages/airflow/example_dags/example_dynamic_task_mapping.py took 0.052 seconds
[2026-04-26T07:45:38.647+0000] {processor.py:161} INFO - Started process (PID=44570) to work on /usr/local/python/3.12.1/lib/python3.12/site-packages/airflow/example_dags/example_dynamic_task_mapping.py
[2026-04-26T07:45:38.648+0000] {processor.py:830} INFO - Processing file /usr/local/python/3.12.1/lib/python3.12/site-packages/airflow/example_dags/example_dynamic_task_mapping.py for tasks to queue
[2026-04-26T07:45:38.649+0000] {logging_mixin.py:188} INFO - [2026-04-26T07:45:38.648+0000] {dagbag.py:540} INFO - Filling up the DagBag from /usr/local/python/3.12.1/lib/python3.12/site-packages/airflow/example_dags/example_dynamic_task_mapping.py
[2026-04-26T07:45:38.654+0000] {processor.py:840} INFO - DAG(s) 'example_dynamic_task_mapping' retrieved from /usr/local/python/3.12.1/lib/python3.12/site-packages/airflow/example_dags/example_dynamic_task_mapping.py
[2026-04-26T07:45:38.668+0000] {logging_mixin.py:188} INFO - [2026-04-26T07:45:38.668+0000] {dag.py:3096} INFO - Sync 1 DAGs
[2026-04-26T07:45:38.685+0000] {logging_mixin.py:188} INFO - [2026-04-26T07:45:38.685+0000] {dag.py:3954} INFO - Setting next_dagrun for example_dynamic_task_mapping to 2022-03-04 00:00:00+00:00, run_after=2022-03-05 00:00:00+00:00
[2026-04-26T07:45:38.703+0000] {processor.py:183} INFO - Processing /usr/local/python/3.12.1/lib/python3.12/site-packages/airflow/example_dags/example_dynamic_task_mapping.py took 0.060 seconds
[2026-04-26T07:46:21.513+0000] {processor.py:161} INFO - Started process (PID=45265) to work on /usr/local/python/3.12.1/lib/python3.12/site-packages/airflow/example_dags/example_dynamic_task_mapping.py
[2026-04-26T07:46:21.515+0000] {processor.py:830} INFO - Processing file /usr/local/python/3.12.1/lib/python3.12/site-packages/airflow/example_dags/example_dynamic_task_mapping.py for tasks to queue
[2026-04-26T07:46:21.516+0000] {logging_mixin.py:188} INFO - [2026-04-26T07:46:21.516+0000] {dagbag.py:540} INFO - Filling up the DagBag from /usr/local/python/3.12.1/lib/python3.12/site-packages/airflow/example_dags/example_dynamic_task_mapping.py
[2026-04-26T07:46:21.524+0000] {processor.py:840} INFO - DAG(s) 'example_dynamic_task_mapping' retrieved from /usr/local/python/3.12.1/lib/python3.12/site-packages/airflow/example_dags/example_dynamic_task_mapping.py
[2026-04-26T07:46:21.641+0000] {logging_mixin.py:188} INFO - [2026-04-26T07:46:21.640+0000] {dag.py:3096} INFO - Sync 1 DAGs
[2026-04-26T07:46:21.656+0000] {logging_mixin.py:188} INFO - [2026-04-26T07:46:21.656+0000] {dag.py:3954} INFO - Setting next_dagrun for example_dynamic_task_mapping to 2022-03-04 00:00:00+00:00, run_after=2022-03-05 00:00:00+00:00
[2026-04-26T07:46:21.677+0000] {processor.py:183} INFO - Processing /usr/local/python/3.12.1/lib/python3.12/site-packages/airflow/example_dags/example_dynamic_task_mapping.py took 0.169 seconds
[2026-04-26T07:46:25.421+0000] {processor.py:161} INFO - Started process (PID=45294) to work on /usr/local/python/3.12.1/lib/python3.12/site-packages/airflow/example_dags/example_dynamic_task_mapping.py
[2026-04-26T07:46:25.422+0000] {processor.py:830} INFO - Processing file /usr/local/python/3.12.1/lib/python3.12/site-packages/airflow/example_dags/example_dynamic_task_mapping.py for tasks to queue
[2026-04-26T07:46:25.423+0000] {logging_mixin.py:188} INFO - [2026-04-26T07:46:25.423+0000] {dagbag.py:540} INFO - Filling up the DagBag from /usr/local/python/3.12.1/lib/python3.12/site-packages/airflow/example_dags/example_dynamic_task_mapping.py
[2026-04-26T07:46:25.431+0000] {processor.py:840} INFO - DAG(s) 'example_dynamic_task_mapping' retrieved from /usr/local/python/3.12.1/lib/python3.12/site-packages/airflow/example_dags/example_dynamic_task_mapping.py
[2026-04-26T07:46:25.439+0000] {logging_mixin.py:188} INFO - [2026-04-26T07:46:25.439+0000] {dag.py:3096} INFO - Sync 1 DAGs
[2026-04-26T07:46:25.464+0000] {logging_mixin.py:188} INFO - [2026-04-26T07:46:25.464+0000] {dag.py:3954} INFO - Setting next_dagrun for example_dynamic_task_mapping to 2022-03-04 00:00:00+00:00, run_after=2022-03-05 00:00:00+00:00
[2026-04-26T07:46:25.491+0000] {processor.py:183} INFO - Processing /usr/local/python/3.12.1/lib/python3.12/site-packages/airflow/example_dags/example_dynamic_task_mapping.py took 0.078 seconds
[2026-04-26T07:46:31.648+0000] {processor.py:161} INFO - Started process (PID=45346) to work on /usr/local/python/3.12.1/lib/python3.12/site-packages/airflow/example_dags/example_dynamic_task_mapping.py
[2026-04-26T07:46:31.649+0000] {processor.py:830} INFO - Processing file /usr/local/python/3.12.1/lib/python3.12/site-packages/airflow/example_dags/example_dynamic_task_mapping.py for tasks to queue
[2026-04-26T07:46:31.650+0000] {logging_mixin.py:188} INFO - [2026-04-26T07:46:31.650+0000] {dagbag.py:540} INFO - Filling up the DagBag from /usr/local/python/3.12.1/lib/python3.12/site-packages/airflow/example_dags/example_dynamic_task_mapping.py
[2026-04-26T07:46:31.655+0000] {processor.py:840} INFO - DAG(s) 'example_dynamic_task_mapping' retrieved from /usr/local/python/3.12.1/lib/python3.12/site-packages/airflow/example_dags/example_dynamic_task_mapping.py
[2026-04-26T07:46:31.662+0000] {logging_mixin.py:188} INFO - [2026-04-26T07:46:31.662+0000] {dag.py:3096} INFO - Sync 1 DAGs
[2026-04-26T07:46:31.683+0000] {logging_mixin.py:188} INFO - [2026-04-26T07:46:31.683+0000] {dag.py:3954} INFO - Setting next_dagrun for example_dynamic_task_mapping to 2022-03-04 00:00:00+00:00, run_after=2022-03-05 00:00:00+00:00
[2026-04-26T07:46:31.699+0000] {processor.py:183} INFO - Processing /usr/local/python/3.12.1/lib/python3.12/site-packages/airflow/example_dags/example_dynamic_task_mapping.py took 0.055 seconds
[2026-04-26T07:47:14.530+0000] {processor.py:161} INFO - Started process (PID=45868) to work on /usr/local/python/3.12.1/lib/python3.12/site-packages/airflow/example_dags/example_dynamic_task_mapping.py
[2026-04-26T07:47:14.530+0000] {processor.py:830} INFO - Processing file /usr/local/python/3.12.1/lib/python3.12/site-packages/airflow/example_dags/example_dynamic_task_mapping.py for tasks to queue
[2026-04-26T07:47:14.531+0000] {logging_mixin.py:188} INFO - [2026-04-26T07:47:14.531+0000] {dagbag.py:540} INFO - Filling up the DagBag from /usr/local/python/3.12.1/lib/python3.12/site-packages/airflow/example_dags/example_dynamic_task_mapping.py
[2026-04-26T07:47:14.536+0000] {processor.py:840} INFO - DAG(s) 'example_dynamic_task_mapping' retrieved from /usr/local/python/3.12.1/lib/python3.12/site-packages/airflow/example_dags/example_dynamic_task_mapping.py
[2026-04-26T07:47:14.549+0000] {logging_mixin.py:188} INFO - [2026-04-26T07:47:14.549+0000] {dag.py:3096} INFO - Sync 1 DAGs
[2026-04-26T07:47:14.568+0000] {logging_mixin.py:188} INFO - [2026-04-26T07:47:14.568+0000] {dag.py:3954} INFO - Setting next_dagrun for example_dynamic_task_mapping to 2022-03-04 00:00:00+00:00, run_after=2022-03-05 00:00:00+00:00
[2026-04-26T07:47:14.587+0000] {processor.py:183} INFO - Processing /usr/local/python/3.12.1/lib/python3.12/site-packages/airflow/example_dags/example_dynamic_task_mapping.py took 0.062 seconds
[2026-04-26T07:47:23.322+0000] {processor.py:161} INFO - Started process (PID=46002) to work on /usr/local/python/3.12.1/lib/python3.12/site-packages/airflow/example_dags/example_dynamic_task_mapping.py
[2026-04-26T07:47:23.322+0000] {processor.py:830} INFO - Processing file /usr/local/python/3.12.1/lib/python3.12/site-packages/airflow/example_dags/example_dynamic_task_mapping.py for tasks to queue
[2026-04-26T07:47:23.323+0000] {logging_mixin.py:188} INFO - [2026-04-26T07:47:23.323+0000] {dagbag.py:540} INFO - Filling up the DagBag from /usr/local/python/3.12.1/lib/python3.12/site-packages/airflow/example_dags/example_dynamic_task_mapping.py
[2026-04-26T07:47:23.328+0000] {processor.py:840} INFO - DAG(s) 'example_dynamic_task_mapping' retrieved from /usr/local/python/3.12.1/lib/python3.12/site-packages/airflow/example_dags/example_dynamic_task_mapping.py
[2026-04-26T07:47:23.340+0000] {logging_mixin.py:188} INFO - [2026-04-26T07:47:23.339+0000] {dag.py:3096} INFO - Sync 1 DAGs
[2026-04-26T07:47:23.355+0000] {logging_mixin.py:188} INFO - [2026-04-26T07:47:23.354+0000] {dag.py:3954} INFO - Setting next_dagrun for example_dynamic_task_mapping to 2022-03-04 00:00:00+00:00, run_after=2022-03-05 00:00:00+00:00
[2026-04-26T07:47:23.384+0000] {processor.py:183} INFO - Processing /usr/local/python/3.12.1/lib/python3.12/site-packages/airflow/example_dags/example_dynamic_task_mapping.py took 0.067 seconds
[2026-04-26T07:47:29.552+0000] {processor.py:161} INFO - Started process (PID=46050) to work on /usr/local/python/3.12.1/lib/python3.12/site-packages/airflow/example_dags/example_dynamic_task_mapping.py
[2026-04-26T07:47:29.553+0000] {processor.py:830} INFO - Processing file /usr/local/python/3.12.1/lib/python3.12/site-packages/airflow/example_dags/example_dynamic_task_mapping.py for tasks to queue
[2026-04-26T07:47:29.554+0000] {logging_mixin.py:188} INFO - [2026-04-26T07:47:29.554+0000] {dagbag.py:540} INFO - Filling up the DagBag from /usr/local/python/3.12.1/lib/python3.12/site-packages/airflow/example_dags/example_dynamic_task_mapping.py
[2026-04-26T07:47:29.561+0000] {processor.py:840} INFO - DAG(s) 'example_dynamic_task_mapping' retrieved from /usr/local/python/3.12.1/lib/python3.12/site-packages/airflow/example_dags/example_dynamic_task_mapping.py
[2026-04-26T07:47:29.577+0000] {logging_mixin.py:188} INFO - [2026-04-26T07:47:29.577+0000] {dag.py:3096} INFO - Sync 1 DAGs
[2026-04-26T07:47:29.593+0000] {logging_mixin.py:188} INFO - [2026-04-26T07:47:29.593+0000] {dag.py:3954} INFO - Setting next_dagrun for example_dynamic_task_mapping to 2022-03-04 00:00:00+00:00, run_after=2022-03-05 00:00:00+00:00
[2026-04-26T07:47:29.612+0000] {processor.py:183} INFO - Processing /usr/local/python/3.12.1/lib/python3.12/site-packages/airflow/example_dags/example_dynamic_task_mapping.py took 0.064 seconds
[2026-04-26T07:48:20.218+0000] {processor.py:161} INFO - Started process (PID=46598) to work on /usr/local/python/3.12.1/lib/python3.12/site-packages/airflow/example_dags/example_dynamic_task_mapping.py
[2026-04-26T07:48:20.219+0000] {processor.py:830} INFO - Processing file /usr/local/python/3.12.1/lib/python3.12/site-packages/airflow/example_dags/example_dynamic_task_mapping.py for tasks to queue
[2026-04-26T07:48:20.220+0000] {logging_mixin.py:188} INFO - [2026-04-26T07:48:20.219+0000] {dagbag.py:540} INFO - Filling up the DagBag from /usr/local/python/3.12.1/lib/python3.12/site-packages/airflow/example_dags/example_dynamic_task_mapping.py
[2026-04-26T07:48:20.227+0000] {processor.py:840} INFO - DAG(s) 'example_dynamic_task_mapping' retrieved from /usr/local/python/3.12.1/lib/python3.12/site-packages/airflow/example_dags/example_dynamic_task_mapping.py
[2026-04-26T07:48:20.245+0000] {logging_mixin.py:188} INFO - [2026-04-26T07:48:20.244+0000] {dag.py:3096} INFO - Sync 1 DAGs
[2026-04-26T07:48:20.274+0000] {logging_mixin.py:188} INFO - [2026-04-26T07:48:20.273+0000] {dag.py:3954} INFO - Setting next_dagrun for example_dynamic_task_mapping to 2022-03-04 00:00:00+00:00, run_after=2022-03-05 00:00:00+00:00
[2026-04-26T07:48:20.307+0000] {processor.py:183} INFO - Processing /usr/local/python/3.12.1/lib/python3.12/site-packages/airflow/example_dags/example_dynamic_task_mapping.py took 0.095 seconds
[2026-04-26T07:48:31.896+0000] {processor.py:161} INFO - Started process (PID=46701) to work on /usr/local/python/3.12.1/lib/python3.12/site-packages/airflow/example_dags/example_dynamic_task_mapping.py
[2026-04-26T07:48:31.899+0000] {processor.py:830} INFO - Processing file /usr/local/python/3.12.1/lib/python3.12/site-packages/airflow/example_dags/example_dynamic_task_mapping.py for tasks to queue
[2026-04-26T07:48:31.902+0000] {logging_mixin.py:188} INFO - [2026-04-26T07:48:31.901+0000] {dagbag.py:540} INFO - Filling up the DagBag from /usr/local/python/3.12.1/lib/python3.12/site-packages/airflow/example_dags/example_dynamic_task_mapping.py
[2026-04-26T07:48:31.917+0000] {processor.py:840} INFO - DAG(s) 'example_dynamic_task_mapping' retrieved from /usr/local/python/3.12.1/lib/python3.12/site-packages/airflow/example_dags/example_dynamic_task_mapping.py
[2026-04-26T07:48:31.948+0000] {logging_mixin.py:188} INFO - [2026-04-26T07:48:31.948+0000] {dag.py:3096} INFO - Sync 1 DAGs
[2026-04-26T07:48:31.980+0000] {logging_mixin.py:188} INFO - [2026-04-26T07:48:31.980+0000] {dag.py:3954} INFO - Setting next_dagrun for example_dynamic_task_mapping to 2022-03-04 00:00:00+00:00, run_after=2022-03-05 00:00:00+00:00
[2026-04-26T07:48:32.018+0000] {processor.py:183} INFO - Processing /usr/local/python/3.12.1/lib/python3.12/site-packages/airflow/example_dags/example_dynamic_task_mapping.py took 0.130 seconds
[2026-04-26T07:48:37.287+0000] {processor.py:161} INFO - Started process (PID=46759) to work on /usr/local/python/3.12.1/lib/python3.12/site-packages/airflow/example_dags/example_dynamic_task_mapping.py
[2026-04-26T07:48:37.292+0000] {processor.py:830} INFO - Processing file /usr/local/python/3.12.1/lib/python3.12/site-packages/airflow/example_dags/example_dynamic_task_mapping.py for tasks to queue
[2026-04-26T07:48:37.293+0000] {logging_mixin.py:188} INFO - [2026-04-26T07:48:37.293+0000] {dagbag.py:540} INFO - Filling up the DagBag from /usr/local/python/3.12.1/lib/python3.12/site-packages/airflow/example_dags/example_dynamic_task_mapping.py
[2026-04-26T07:48:37.307+0000] {processor.py:840} INFO - DAG(s) 'example_dynamic_task_mapping' retrieved from /usr/local/python/3.12.1/lib/python3.12/site-packages/airflow/example_dags/example_dynamic_task_mapping.py
[2026-04-26T07:48:37.332+0000] {logging_mixin.py:188} INFO - [2026-04-26T07:48:37.331+0000] {dag.py:3096} INFO - Sync 1 DAGs
[2026-04-26T07:48:37.364+0000] {logging_mixin.py:188} INFO - [2026-04-26T07:48:37.364+0000] {dag.py:3954} INFO - Setting next_dagrun for example_dynamic_task_mapping to 2022-03-04 00:00:00+00:00, run_after=2022-03-05 00:00:00+00:00
[2026-04-26T07:48:37.425+0000] {processor.py:183} INFO - Processing /usr/local/python/3.12.1/lib/python3.12/site-packages/airflow/example_dags/example_dynamic_task_mapping.py took 0.147 seconds
[2026-04-26T07:49:18.856+0000] {processor.py:161} INFO - Started process (PID=47178) to work on /usr/local/python/3.12.1/lib/python3.12/site-packages/airflow/example_dags/example_dynamic_task_mapping.py
[2026-04-26T07:49:18.858+0000] {processor.py:830} INFO - Processing file /usr/local/python/3.12.1/lib/python3.12/site-packages/airflow/example_dags/example_dynamic_task_mapping.py for tasks to queue
[2026-04-26T07:49:18.859+0000] {logging_mixin.py:188} INFO - [2026-04-26T07:49:18.859+0000] {dagbag.py:540} INFO - Filling up the DagBag from /usr/local/python/3.12.1/lib/python3.12/site-packages/airflow/example_dags/example_dynamic_task_mapping.py
[2026-04-26T07:49:18.870+0000] {processor.py:840} INFO - DAG(s) 'example_dynamic_task_mapping' retrieved from /usr/local/python/3.12.1/lib/python3.12/site-packages/airflow/example_dags/example_dynamic_task_mapping.py
[2026-04-26T07:49:18.888+0000] {logging_mixin.py:188} INFO - [2026-04-26T07:49:18.888+0000] {dag.py:3096} INFO - Sync 1 DAGs
[2026-04-26T07:49:18.925+0000] {logging_mixin.py:188} INFO - [2026-04-26T07:49:18.924+0000] {dag.py:3954} INFO - Setting next_dagrun for example_dynamic_task_mapping to 2022-03-04 00:00:00+00:00, run_after=2022-03-05 00:00:00+00:00
[2026-04-26T07:49:18.968+0000] {processor.py:183} INFO - Processing /usr/local/python/3.12.1/lib/python3.12/site-packages/airflow/example_dags/example_dynamic_task_mapping.py took 0.121 seconds
[2026-04-26T07:49:29.146+0000] {processor.py:161} INFO - Started process (PID=47260) to work on /usr/local/python/3.12.1/lib/python3.12/site-packages/airflow/example_dags/example_dynamic_task_mapping.py
[2026-04-26T07:49:29.147+0000] {processor.py:830} INFO - Processing file /usr/local/python/3.12.1/lib/python3.12/site-packages/airflow/example_dags/example_dynamic_task_mapping.py for tasks to queue
[2026-04-26T07:49:29.148+0000] {logging_mixin.py:188} INFO - [2026-04-26T07:49:29.147+0000] {dagbag.py:540} INFO - Filling up the DagBag from /usr/local/python/3.12.1/lib/python3.12/site-packages/airflow/example_dags/example_dynamic_task_mapping.py
[2026-04-26T07:49:29.153+0000] {processor.py:840} INFO - DAG(s) 'example_dynamic_task_mapping' retrieved from /usr/local/python/3.12.1/lib/python3.12/site-packages/airflow/example_dags/example_dynamic_task_mapping.py
[2026-04-26T07:49:29.167+0000] {logging_mixin.py:188} INFO - [2026-04-26T07:49:29.167+0000] {dag.py:3096} INFO - Sync 1 DAGs
[2026-04-26T07:49:29.184+0000] {logging_mixin.py:188} INFO - [2026-04-26T07:49:29.184+0000] {dag.py:3954} INFO - Setting next_dagrun for example_dynamic_task_mapping to 2022-03-04 00:00:00+00:00, run_after=2022-03-05 00:00:00+00:00
[2026-04-26T07:49:29.203+0000] {processor.py:183} INFO - Processing /usr/local/python/3.12.1/lib/python3.12/site-packages/airflow/example_dags/example_dynamic_task_mapping.py took 0.061 seconds
[2026-04-26T07:49:35.160+0000] {processor.py:161} INFO - Started process (PID=47385) to work on /usr/local/python/3.12.1/lib/python3.12/site-packages/airflow/example_dags/example_dynamic_task_mapping.py
[2026-04-26T07:49:35.161+0000] {processor.py:830} INFO - Processing file /usr/local/python/3.12.1/lib/python3.12/site-packages/airflow/example_dags/example_dynamic_task_mapping.py for tasks to queue
[2026-04-26T07:49:35.162+0000] {logging_mixin.py:188} INFO - [2026-04-26T07:49:35.162+0000] {dagbag.py:540} INFO - Filling up the DagBag from /usr/local/python/3.12.1/lib/python3.12/site-packages/airflow/example_dags/example_dynamic_task_mapping.py
[2026-04-26T07:49:35.170+0000] {processor.py:840} INFO - DAG(s) 'example_dynamic_task_mapping' retrieved from /usr/local/python/3.12.1/lib/python3.12/site-packages/airflow/example_dags/example_dynamic_task_mapping.py
[2026-04-26T07:49:35.187+0000] {logging_mixin.py:188} INFO - [2026-04-26T07:49:35.187+0000] {dag.py:3096} INFO - Sync 1 DAGs
[2026-04-26T07:49:35.204+0000] {logging_mixin.py:188} INFO - [2026-04-26T07:49:35.204+0000] {dag.py:3954} INFO - Setting next_dagrun for example_dynamic_task_mapping to 2022-03-04 00:00:00+00:00, run_after=2022-03-05 00:00:00+00:00
[2026-04-26T07:49:35.223+0000] {processor.py:183} INFO - Processing /usr/local/python/3.12.1/lib/python3.12/site-packages/airflow/example_dags/example_dynamic_task_mapping.py took 0.072 seconds
[2026-04-26T07:50:19.699+0000] {processor.py:161} INFO - Started process (PID=47818) to work on /usr/local/python/3.12.1/lib/python3.12/site-packages/airflow/example_dags/example_dynamic_task_mapping.py
[2026-04-26T07:50:19.699+0000] {processor.py:830} INFO - Processing file /usr/local/python/3.12.1/lib/python3.12/site-packages/airflow/example_dags/example_dynamic_task_mapping.py for tasks to queue
[2026-04-26T07:50:19.700+0000] {logging_mixin.py:188} INFO - [2026-04-26T07:50:19.700+0000] {dagbag.py:540} INFO - Filling up the DagBag from /usr/local/python/3.12.1/lib/python3.12/site-packages/airflow/example_dags/example_dynamic_task_mapping.py
[2026-04-26T07:50:19.706+0000] {processor.py:840} INFO - DAG(s) 'example_dynamic_task_mapping' retrieved from /usr/local/python/3.12.1/lib/python3.12/site-packages/airflow/example_dags/example_dynamic_task_mapping.py
[2026-04-26T07:50:19.717+0000] {logging_mixin.py:188} INFO - [2026-04-26T07:50:19.717+0000] {dag.py:3096} INFO - Sync 1 DAGs
[2026-04-26T07:50:19.733+0000] {logging_mixin.py:188} INFO - [2026-04-26T07:50:19.733+0000] {dag.py:3954} INFO - Setting next_dagrun for example_dynamic_task_mapping to 2022-03-04 00:00:00+00:00, run_after=2022-03-05 00:00:00+00:00
[2026-04-26T07:50:19.749+0000] {processor.py:183} INFO - Processing /usr/local/python/3.12.1/lib/python3.12/site-packages/airflow/example_dags/example_dynamic_task_mapping.py took 0.055 seconds
[2026-04-26T07:50:29.849+0000] {processor.py:161} INFO - Started process (PID=47907) to work on /usr/local/python/3.12.1/lib/python3.12/site-packages/airflow/example_dags/example_dynamic_task_mapping.py
[2026-04-26T07:50:29.850+0000] {processor.py:830} INFO - Processing file /usr/local/python/3.12.1/lib/python3.12/site-packages/airflow/example_dags/example_dynamic_task_mapping.py for tasks to queue
[2026-04-26T07:50:29.850+0000] {logging_mixin.py:188} INFO - [2026-04-26T07:50:29.850+0000] {dagbag.py:540} INFO - Filling up the DagBag from /usr/local/python/3.12.1/lib/python3.12/site-packages/airflow/example_dags/example_dynamic_task_mapping.py
[2026-04-26T07:50:29.856+0000] {processor.py:840} INFO - DAG(s) 'example_dynamic_task_mapping' retrieved from /usr/local/python/3.12.1/lib/python3.12/site-packages/airflow/example_dags/example_dynamic_task_mapping.py
[2026-04-26T07:50:29.871+0000] {logging_mixin.py:188} INFO - [2026-04-26T07:50:29.870+0000] {dag.py:3096} INFO - Sync 1 DAGs
[2026-04-26T07:50:29.889+0000] {logging_mixin.py:188} INFO - [2026-04-26T07:50:29.889+0000] {dag.py:3954} INFO - Setting next_dagrun for example_dynamic_task_mapping to 2022-03-04 00:00:00+00:00, run_after=2022-03-05 00:00:00+00:00
[2026-04-26T07:50:29.906+0000] {processor.py:183} INFO - Processing /usr/local/python/3.12.1/lib/python3.12/site-packages/airflow/example_dags/example_dynamic_task_mapping.py took 0.061 seconds
[2026-04-26T07:50:41.457+0000] {processor.py:161} INFO - Started process (PID=48064) to work on /usr/local/python/3.12.1/lib/python3.12/site-packages/airflow/example_dags/example_dynamic_task_mapping.py
[2026-04-26T07:50:41.458+0000] {processor.py:830} INFO - Processing file /usr/local/python/3.12.1/lib/python3.12/site-packages/airflow/example_dags/example_dynamic_task_mapping.py for tasks to queue
[2026-04-26T07:50:41.459+0000] {logging_mixin.py:188} INFO - [2026-04-26T07:50:41.458+0000] {dagbag.py:540} INFO - Filling up the DagBag from /usr/local/python/3.12.1/lib/python3.12/site-packages/airflow/example_dags/example_dynamic_task_mapping.py
[2026-04-26T07:50:41.466+0000] {processor.py:840} INFO - DAG(s) 'example_dynamic_task_mapping' retrieved from /usr/local/python/3.12.1/lib/python3.12/site-packages/airflow/example_dags/example_dynamic_task_mapping.py
[2026-04-26T07:50:41.516+0000] {logging_mixin.py:188} INFO - [2026-04-26T07:50:41.509+0000] {dag.py:3096} INFO - Sync 1 DAGs
[2026-04-26T07:50:41.572+0000] {logging_mixin.py:188} INFO - [2026-04-26T07:50:41.571+0000] {dag.py:3954} INFO - Setting next_dagrun for example_dynamic_task_mapping to 2022-03-04 00:00:00+00:00, run_after=2022-03-05 00:00:00+00:00
[2026-04-26T07:50:41.624+0000] {processor.py:183} INFO - Processing /usr/local/python/3.12.1/lib/python3.12/site-packages/airflow/example_dags/example_dynamic_task_mapping.py took 0.174 seconds
[2026-04-26T07:51:29.137+0000] {processor.py:161} INFO - Started process (PID=48701) to work on /usr/local/python/3.12.1/lib/python3.12/site-packages/airflow/example_dags/example_dynamic_task_mapping.py
[2026-04-26T07:51:29.138+0000] {processor.py:830} INFO - Processing file /usr/local/python/3.12.1/lib/python3.12/site-packages/airflow/example_dags/example_dynamic_task_mapping.py for tasks to queue
[2026-04-26T07:51:29.138+0000] {logging_mixin.py:188} INFO - [2026-04-26T07:51:29.138+0000] {dagbag.py:540} INFO - Filling up the DagBag from /usr/local/python/3.12.1/lib/python3.12/site-packages/airflow/example_dags/example_dynamic_task_mapping.py
[2026-04-26T07:51:29.144+0000] {processor.py:840} INFO - DAG(s) 'example_dynamic_task_mapping' retrieved from /usr/local/python/3.12.1/lib/python3.12/site-packages/airflow/example_dags/example_dynamic_task_mapping.py
[2026-04-26T07:51:29.155+0000] {logging_mixin.py:188} INFO - [2026-04-26T07:51:29.155+0000] {dag.py:3096} INFO - Sync 1 DAGs
[2026-04-26T07:51:29.174+0000] {logging_mixin.py:188} INFO - [2026-04-26T07:51:29.174+0000] {dag.py:3954} INFO - Setting next_dagrun for example_dynamic_task_mapping to 2022-03-04 00:00:00+00:00, run_after=2022-03-05 00:00:00+00:00
[2026-04-26T07:51:29.191+0000] {processor.py:183} INFO - Processing /usr/local/python/3.12.1/lib/python3.12/site-packages/airflow/example_dags/example_dynamic_task_mapping.py took 0.059 seconds
[2026-04-26T07:51:34.488+0000] {processor.py:161} INFO - Started process (PID=48735) to work on /usr/local/python/3.12.1/lib/python3.12/site-packages/airflow/example_dags/example_dynamic_task_mapping.py
[2026-04-26T07:51:34.489+0000] {processor.py:830} INFO - Processing file /usr/local/python/3.12.1/lib/python3.12/site-packages/airflow/example_dags/example_dynamic_task_mapping.py for tasks to queue
[2026-04-26T07:51:34.490+0000] {logging_mixin.py:188} INFO - [2026-04-26T07:51:34.490+0000] {dagbag.py:540} INFO - Filling up the DagBag from /usr/local/python/3.12.1/lib/python3.12/site-packages/airflow/example_dags/example_dynamic_task_mapping.py
[2026-04-26T07:51:34.495+0000] {processor.py:840} INFO - DAG(s) 'example_dynamic_task_mapping' retrieved from /usr/local/python/3.12.1/lib/python3.12/site-packages/airflow/example_dags/example_dynamic_task_mapping.py
[2026-04-26T07:51:34.506+0000] {logging_mixin.py:188} INFO - [2026-04-26T07:51:34.506+0000] {dag.py:3096} INFO - Sync 1 DAGs
[2026-04-26T07:51:34.521+0000] {logging_mixin.py:188} INFO - [2026-04-26T07:51:34.521+0000] {dag.py:3954} INFO - Setting next_dagrun for example_dynamic_task_mapping to 2022-03-04 00:00:00+00:00, run_after=2022-03-05 00:00:00+00:00
[2026-04-26T07:51:34.538+0000] {processor.py:183} INFO - Processing /usr/local/python/3.12.1/lib/python3.12/site-packages/airflow/example_dags/example_dynamic_task_mapping.py took 0.053 seconds
[2026-04-26T07:51:48.735+0000] {processor.py:161} INFO - Started process (PID=49013) to work on /usr/local/python/3.12.1/lib/python3.12/site-packages/airflow/example_dags/example_dynamic_task_mapping.py
[2026-04-26T07:51:48.736+0000] {processor.py:830} INFO - Processing file /usr/local/python/3.12.1/lib/python3.12/site-packages/airflow/example_dags/example_dynamic_task_mapping.py for tasks to queue
[2026-04-26T07:51:48.737+0000] {logging_mixin.py:188} INFO - [2026-04-26T07:51:48.736+0000] {dagbag.py:540} INFO - Filling up the DagBag from /usr/local/python/3.12.1/lib/python3.12/site-packages/airflow/example_dags/example_dynamic_task_mapping.py
[2026-04-26T07:51:48.742+0000] {processor.py:840} INFO - DAG(s) 'example_dynamic_task_mapping' retrieved from /usr/local/python/3.12.1/lib/python3.12/site-packages/airflow/example_dags/example_dynamic_task_mapping.py
[2026-04-26T07:51:48.755+0000] {logging_mixin.py:188} INFO - [2026-04-26T07:51:48.754+0000] {dag.py:3096} INFO - Sync 1 DAGs
[2026-04-26T07:51:48.776+0000] {logging_mixin.py:188} INFO - [2026-04-26T07:51:48.776+0000] {dag.py:3954} INFO - Setting next_dagrun for example_dynamic_task_mapping to 2022-03-04 00:00:00+00:00, run_after=2022-03-05 00:00:00+00:00
[2026-04-26T07:51:48.804+0000] {processor.py:183} INFO - Processing /usr/local/python/3.12.1/lib/python3.12/site-packages/airflow/example_dags/example_dynamic_task_mapping.py took 0.073 seconds
[2026-04-26T07:52:33.146+0000] {processor.py:161} INFO - Started process (PID=49523) to work on /usr/local/python/3.12.1/lib/python3.12/site-packages/airflow/example_dags/example_dynamic_task_mapping.py
[2026-04-26T07:52:33.148+0000] {processor.py:830} INFO - Processing file /usr/local/python/3.12.1/lib/python3.12/site-packages/airflow/example_dags/example_dynamic_task_mapping.py for tasks to queue
[2026-04-26T07:52:33.152+0000] {logging_mixin.py:188} INFO - [2026-04-26T07:52:33.151+0000] {dagbag.py:540} INFO - Filling up the DagBag from /usr/local/python/3.12.1/lib/python3.12/site-packages/airflow/example_dags/example_dynamic_task_mapping.py
[2026-04-26T07:52:33.176+0000] {processor.py:840} INFO - DAG(s) 'example_dynamic_task_mapping' retrieved from /usr/local/python/3.12.1/lib/python3.12/site-packages/airflow/example_dags/example_dynamic_task_mapping.py
[2026-04-26T07:52:33.227+0000] {logging_mixin.py:188} INFO - [2026-04-26T07:52:33.226+0000] {dag.py:3096} INFO - Sync 1 DAGs
[2026-04-26T07:52:33.302+0000] {logging_mixin.py:188} INFO - [2026-04-26T07:52:33.302+0000] {dag.py:3954} INFO - Setting next_dagrun for example_dynamic_task_mapping to 2022-03-04 00:00:00+00:00, run_after=2022-03-05 00:00:00+00:00
[2026-04-26T07:52:33.364+0000] {processor.py:183} INFO - Processing /usr/local/python/3.12.1/lib/python3.12/site-packages/airflow/example_dags/example_dynamic_task_mapping.py took 0.230 seconds
[2026-04-26T07:52:34.499+0000] {processor.py:161} INFO - Started process (PID=49606) to work on /usr/local/python/3.12.1/lib/python3.12/site-packages/airflow/example_dags/example_dynamic_task_mapping.py
[2026-04-26T07:52:34.500+0000] {processor.py:830} INFO - Processing file /usr/local/python/3.12.1/lib/python3.12/site-packages/airflow/example_dags/example_dynamic_task_mapping.py for tasks to queue
[2026-04-26T07:52:34.501+0000] {logging_mixin.py:188} INFO - [2026-04-26T07:52:34.500+0000] {dagbag.py:540} INFO - Filling up the DagBag from /usr/local/python/3.12.1/lib/python3.12/site-packages/airflow/example_dags/example_dynamic_task_mapping.py
[2026-04-26T07:52:34.512+0000] {processor.py:840} INFO - DAG(s) 'example_dynamic_task_mapping' retrieved from /usr/local/python/3.12.1/lib/python3.12/site-packages/airflow/example_dags/example_dynamic_task_mapping.py
[2026-04-26T07:52:34.523+0000] {logging_mixin.py:188} INFO - [2026-04-26T07:52:34.523+0000] {dag.py:3096} INFO - Sync 1 DAGs
[2026-04-26T07:52:34.539+0000] {logging_mixin.py:188} INFO - [2026-04-26T07:52:34.538+0000] {dag.py:3954} INFO - Setting next_dagrun for example_dynamic_task_mapping to 2022-03-04 00:00:00+00:00, run_after=2022-03-05 00:00:00+00:00
[2026-04-26T07:52:34.561+0000] {processor.py:183} INFO - Processing /usr/local/python/3.12.1/lib/python3.12/site-packages/airflow/example_dags/example_dynamic_task_mapping.py took 0.069 seconds
[2026-04-26T07:52:47.431+0000] {processor.py:161} INFO - Started process (PID=49860) to work on /usr/local/python/3.12.1/lib/python3.12/site-packages/airflow/example_dags/example_dynamic_task_mapping.py
[2026-04-26T07:52:47.432+0000] {processor.py:830} INFO - Processing file /usr/local/python/3.12.1/lib/python3.12/site-packages/airflow/example_dags/example_dynamic_task_mapping.py for tasks to queue
[2026-04-26T07:52:47.433+0000] {logging_mixin.py:188} INFO - [2026-04-26T07:52:47.433+0000] {dagbag.py:540} INFO - Filling up the DagBag from /usr/local/python/3.12.1/lib/python3.12/site-packages/airflow/example_dags/example_dynamic_task_mapping.py
[2026-04-26T07:52:47.439+0000] {processor.py:840} INFO - DAG(s) 'example_dynamic_task_mapping' retrieved from /usr/local/python/3.12.1/lib/python3.12/site-packages/airflow/example_dags/example_dynamic_task_mapping.py
[2026-04-26T07:52:47.452+0000] {logging_mixin.py:188} INFO - [2026-04-26T07:52:47.452+0000] {dag.py:3096} INFO - Sync 1 DAGs
[2026-04-26T07:52:47.471+0000] {logging_mixin.py:188} INFO - [2026-04-26T07:52:47.470+0000] {dag.py:3954} INFO - Setting next_dagrun for example_dynamic_task_mapping to 2022-03-04 00:00:00+00:00, run_after=2022-03-05 00:00:00+00:00
[2026-04-26T07:52:47.505+0000] {processor.py:183} INFO - Processing /usr/local/python/3.12.1/lib/python3.12/site-packages/airflow/example_dags/example_dynamic_task_mapping.py took 0.078 seconds
[2026-04-26T07:53:40.973+0000] {processor.py:161} INFO - Started process (PID=50610) to work on /usr/local/python/3.12.1/lib/python3.12/site-packages/airflow/example_dags/example_dynamic_task_mapping.py
[2026-04-26T07:53:40.974+0000] {processor.py:830} INFO - Processing file /usr/local/python/3.12.1/lib/python3.12/site-packages/airflow/example_dags/example_dynamic_task_mapping.py for tasks to queue
[2026-04-26T07:53:40.975+0000] {logging_mixin.py:188} INFO - [2026-04-26T07:53:40.975+0000] {dagbag.py:540} INFO - Filling up the DagBag from /usr/local/python/3.12.1/lib/python3.12/site-packages/airflow/example_dags/example_dynamic_task_mapping.py
[2026-04-26T07:53:40.982+0000] {processor.py:840} INFO - DAG(s) 'example_dynamic_task_mapping' retrieved from /usr/local/python/3.12.1/lib/python3.12/site-packages/airflow/example_dags/example_dynamic_task_mapping.py
[2026-04-26T07:53:40.993+0000] {logging_mixin.py:188} INFO - [2026-04-26T07:53:40.993+0000] {dag.py:3096} INFO - Sync 1 DAGs
[2026-04-26T07:53:41.008+0000] {logging_mixin.py:188} INFO - [2026-04-26T07:53:41.008+0000] {dag.py:3954} INFO - Setting next_dagrun for example_dynamic_task_mapping to 2022-03-04 00:00:00+00:00, run_after=2022-03-05 00:00:00+00:00
[2026-04-26T07:53:41.035+0000] {processor.py:183} INFO - Processing /usr/local/python/3.12.1/lib/python3.12/site-packages/airflow/example_dags/example_dynamic_task_mapping.py took 0.076 seconds
[2026-04-26T07:53:43.767+0000] {processor.py:161} INFO - Started process (PID=50627) to work on /usr/local/python/3.12.1/lib/python3.12/site-packages/airflow/example_dags/example_dynamic_task_mapping.py
[2026-04-26T07:53:43.768+0000] {processor.py:830} INFO - Processing file /usr/local/python/3.12.1/lib/python3.12/site-packages/airflow/example_dags/example_dynamic_task_mapping.py for tasks to queue
[2026-04-26T07:53:43.769+0000] {logging_mixin.py:188} INFO - [2026-04-26T07:53:43.768+0000] {dagbag.py:540} INFO - Filling up the DagBag from /usr/local/python/3.12.1/lib/python3.12/site-packages/airflow/example_dags/example_dynamic_task_mapping.py
[2026-04-26T07:53:43.776+0000] {processor.py:840} INFO - DAG(s) 'example_dynamic_task_mapping' retrieved from /usr/local/python/3.12.1/lib/python3.12/site-packages/airflow/example_dags/example_dynamic_task_mapping.py
[2026-04-26T07:53:43.787+0000] {logging_mixin.py:188} INFO - [2026-04-26T07:53:43.787+0000] {dag.py:3096} INFO - Sync 1 DAGs
[2026-04-26T07:53:43.802+0000] {logging_mixin.py:188} INFO - [2026-04-26T07:53:43.802+0000] {dag.py:3954} INFO - Setting next_dagrun for example_dynamic_task_mapping to 2022-03-04 00:00:00+00:00, run_after=2022-03-05 00:00:00+00:00
[2026-04-26T07:53:43.820+0000] {processor.py:183} INFO - Processing /usr/local/python/3.12.1/lib/python3.12/site-packages/airflow/example_dags/example_dynamic_task_mapping.py took 0.059 seconds
[2026-04-26T07:53:51.532+0000] {processor.py:161} INFO - Started process (PID=50794) to work on /usr/local/python/3.12.1/lib/python3.12/site-packages/airflow/example_dags/example_dynamic_task_mapping.py
[2026-04-26T07:53:51.533+0000] {processor.py:830} INFO - Processing file /usr/local/python/3.12.1/lib/python3.12/site-packages/airflow/example_dags/example_dynamic_task_mapping.py for tasks to queue
[2026-04-26T07:53:51.534+0000] {logging_mixin.py:188} INFO - [2026-04-26T07:53:51.533+0000] {dagbag.py:540} INFO - Filling up the DagBag from /usr/local/python/3.12.1/lib/python3.12/site-packages/airflow/example_dags/example_dynamic_task_mapping.py
[2026-04-26T07:53:51.539+0000] {processor.py:840} INFO - DAG(s) 'example_dynamic_task_mapping' retrieved from /usr/local/python/3.12.1/lib/python3.12/site-packages/airflow/example_dags/example_dynamic_task_mapping.py
[2026-04-26T07:53:51.549+0000] {logging_mixin.py:188} INFO - [2026-04-26T07:53:51.549+0000] {dag.py:3096} INFO - Sync 1 DAGs
[2026-04-26T07:53:51.566+0000] {logging_mixin.py:188} INFO - [2026-04-26T07:53:51.566+0000] {dag.py:3954} INFO - Setting next_dagrun for example_dynamic_task_mapping to 2022-03-04 00:00:00+00:00, run_after=2022-03-05 00:00:00+00:00
[2026-04-26T07:53:51.583+0000] {processor.py:183} INFO - Processing /usr/local/python/3.12.1/lib/python3.12/site-packages/airflow/example_dags/example_dynamic_task_mapping.py took 0.055 seconds
[2026-04-26T07:54:44.809+0000] {processor.py:161} INFO - Started process (PID=51319) to work on /usr/local/python/3.12.1/lib/python3.12/site-packages/airflow/example_dags/example_dynamic_task_mapping.py
[2026-04-26T07:54:44.810+0000] {processor.py:830} INFO - Processing file /usr/local/python/3.12.1/lib/python3.12/site-packages/airflow/example_dags/example_dynamic_task_mapping.py for tasks to queue
[2026-04-26T07:54:44.812+0000] {logging_mixin.py:188} INFO - [2026-04-26T07:54:44.811+0000] {dagbag.py:540} INFO - Filling up the DagBag from /usr/local/python/3.12.1/lib/python3.12/site-packages/airflow/example_dags/example_dynamic_task_mapping.py
[2026-04-26T07:54:44.827+0000] {processor.py:840} INFO - DAG(s) 'example_dynamic_task_mapping' retrieved from /usr/local/python/3.12.1/lib/python3.12/site-packages/airflow/example_dags/example_dynamic_task_mapping.py
[2026-04-26T07:54:44.850+0000] {logging_mixin.py:188} INFO - [2026-04-26T07:54:44.849+0000] {dag.py:3096} INFO - Sync 1 DAGs
[2026-04-26T07:54:44.869+0000] {logging_mixin.py:188} INFO - [2026-04-26T07:54:44.868+0000] {dag.py:3954} INFO - Setting next_dagrun for example_dynamic_task_mapping to 2022-03-04 00:00:00+00:00, run_after=2022-03-05 00:00:00+00:00
[2026-04-26T07:54:44.887+0000] {processor.py:183} INFO - Processing /usr/local/python/3.12.1/lib/python3.12/site-packages/airflow/example_dags/example_dynamic_task_mapping.py took 0.089 seconds
[2026-04-26T07:54:45.618+0000] {processor.py:161} INFO - Started process (PID=51338) to work on /usr/local/python/3.12.1/lib/python3.12/site-packages/airflow/example_dags/example_dynamic_task_mapping.py
[2026-04-26T07:54:45.618+0000] {processor.py:830} INFO - Processing file /usr/local/python/3.12.1/lib/python3.12/site-packages/airflow/example_dags/example_dynamic_task_mapping.py for tasks to queue
[2026-04-26T07:54:45.619+0000] {logging_mixin.py:188} INFO - [2026-04-26T07:54:45.619+0000] {dagbag.py:540} INFO - Filling up the DagBag from /usr/local/python/3.12.1/lib/python3.12/site-packages/airflow/example_dags/example_dynamic_task_mapping.py
[2026-04-26T07:54:45.624+0000] {processor.py:840} INFO - DAG(s) 'example_dynamic_task_mapping' retrieved from /usr/local/python/3.12.1/lib/python3.12/site-packages/airflow/example_dags/example_dynamic_task_mapping.py
[2026-04-26T07:54:45.635+0000] {logging_mixin.py:188} INFO - [2026-04-26T07:54:45.635+0000] {dag.py:3096} INFO - Sync 1 DAGs
[2026-04-26T07:54:45.650+0000] {logging_mixin.py:188} INFO - [2026-04-26T07:54:45.649+0000] {dag.py:3954} INFO - Setting next_dagrun for example_dynamic_task_mapping to 2022-03-04 00:00:00+00:00, run_after=2022-03-05 00:00:00+00:00
[2026-04-26T07:54:45.668+0000] {processor.py:183} INFO - Processing /usr/local/python/3.12.1/lib/python3.12/site-packages/airflow/example_dags/example_dynamic_task_mapping.py took 0.054 seconds
[2026-04-26T07:54:54.294+0000] {processor.py:161} INFO - Started process (PID=51596) to work on /usr/local/python/3.12.1/lib/python3.12/site-packages/airflow/example_dags/example_dynamic_task_mapping.py
[2026-04-26T07:54:54.295+0000] {processor.py:830} INFO - Processing file /usr/local/python/3.12.1/lib/python3.12/site-packages/airflow/example_dags/example_dynamic_task_mapping.py for tasks to queue
[2026-04-26T07:54:54.296+0000] {logging_mixin.py:188} INFO - [2026-04-26T07:54:54.295+0000] {dagbag.py:540} INFO - Filling up the DagBag from /usr/local/python/3.12.1/lib/python3.12/site-packages/airflow/example_dags/example_dynamic_task_mapping.py
[2026-04-26T07:54:54.301+0000] {processor.py:840} INFO - DAG(s) 'example_dynamic_task_mapping' retrieved from /usr/local/python/3.12.1/lib/python3.12/site-packages/airflow/example_dags/example_dynamic_task_mapping.py
[2026-04-26T07:54:54.313+0000] {logging_mixin.py:188} INFO - [2026-04-26T07:54:54.313+0000] {dag.py:3096} INFO - Sync 1 DAGs
[2026-04-26T07:54:54.328+0000] {logging_mixin.py:188} INFO - [2026-04-26T07:54:54.328+0000] {dag.py:3954} INFO - Setting next_dagrun for example_dynamic_task_mapping to 2022-03-04 00:00:00+00:00, run_after=2022-03-05 00:00:00+00:00
[2026-04-26T07:54:54.344+0000] {processor.py:183} INFO - Processing /usr/local/python/3.12.1/lib/python3.12/site-packages/airflow/example_dags/example_dynamic_task_mapping.py took 0.054 seconds
[2026-04-26T07:55:45.352+0000] {processor.py:161} INFO - Started process (PID=52436) to work on /usr/local/python/3.12.1/lib/python3.12/site-packages/airflow/example_dags/example_dynamic_task_mapping.py
[2026-04-26T07:55:45.353+0000] {processor.py:830} INFO - Processing file /usr/local/python/3.12.1/lib/python3.12/site-packages/airflow/example_dags/example_dynamic_task_mapping.py for tasks to queue
[2026-04-26T07:55:45.353+0000] {logging_mixin.py:188} INFO - [2026-04-26T07:55:45.353+0000] {dagbag.py:540} INFO - Filling up the DagBag from /usr/local/python/3.12.1/lib/python3.12/site-packages/airflow/example_dags/example_dynamic_task_mapping.py
[2026-04-26T07:55:45.360+0000] {processor.py:840} INFO - DAG(s) 'example_dynamic_task_mapping' retrieved from /usr/local/python/3.12.1/lib/python3.12/site-packages/airflow/example_dags/example_dynamic_task_mapping.py
[2026-04-26T07:55:45.374+0000] {logging_mixin.py:188} INFO - [2026-04-26T07:55:45.373+0000] {dag.py:3096} INFO - Sync 1 DAGs
[2026-04-26T07:55:45.388+0000] {logging_mixin.py:188} INFO - [2026-04-26T07:55:45.388+0000] {dag.py:3954} INFO - Setting next_dagrun for example_dynamic_task_mapping to 2022-03-04 00:00:00+00:00, run_after=2022-03-05 00:00:00+00:00
[2026-04-26T07:55:45.404+0000] {processor.py:183} INFO - Processing /usr/local/python/3.12.1/lib/python3.12/site-packages/airflow/example_dags/example_dynamic_task_mapping.py took 0.056 seconds
[2026-04-26T07:55:47.084+0000] {processor.py:161} INFO - Started process (PID=52443) to work on /usr/local/python/3.12.1/lib/python3.12/site-packages/airflow/example_dags/example_dynamic_task_mapping.py
[2026-04-26T07:55:47.085+0000] {processor.py:830} INFO - Processing file /usr/local/python/3.12.1/lib/python3.12/site-packages/airflow/example_dags/example_dynamic_task_mapping.py for tasks to queue
[2026-04-26T07:55:47.086+0000] {logging_mixin.py:188} INFO - [2026-04-26T07:55:47.085+0000] {dagbag.py:540} INFO - Filling up the DagBag from /usr/local/python/3.12.1/lib/python3.12/site-packages/airflow/example_dags/example_dynamic_task_mapping.py
[2026-04-26T07:55:47.097+0000] {processor.py:840} INFO - DAG(s) 'example_dynamic_task_mapping' retrieved from /usr/local/python/3.12.1/lib/python3.12/site-packages/airflow/example_dags/example_dynamic_task_mapping.py
[2026-04-26T07:55:47.113+0000] {logging_mixin.py:188} INFO - [2026-04-26T07:55:47.113+0000] {dag.py:3096} INFO - Sync 1 DAGs
[2026-04-26T07:55:47.128+0000] {logging_mixin.py:188} INFO - [2026-04-26T07:55:47.128+0000] {dag.py:3954} INFO - Setting next_dagrun for example_dynamic_task_mapping to 2022-03-04 00:00:00+00:00, run_after=2022-03-05 00:00:00+00:00
[2026-04-26T07:55:47.143+0000] {processor.py:183} INFO - Processing /usr/local/python/3.12.1/lib/python3.12/site-packages/airflow/example_dags/example_dynamic_task_mapping.py took 0.066 seconds
[2026-04-26T07:55:50.089+0000] {processor.py:161} INFO - Started process (PID=52467) to work on /usr/local/python/3.12.1/lib/python3.12/site-packages/airflow/example_dags/example_dynamic_task_mapping.py
[2026-04-26T07:55:50.089+0000] {processor.py:830} INFO - Processing file /usr/local/python/3.12.1/lib/python3.12/site-packages/airflow/example_dags/example_dynamic_task_mapping.py for tasks to queue
[2026-04-26T07:55:50.090+0000] {logging_mixin.py:188} INFO - [2026-04-26T07:55:50.090+0000] {dagbag.py:540} INFO - Filling up the DagBag from /usr/local/python/3.12.1/lib/python3.12/site-packages/airflow/example_dags/example_dynamic_task_mapping.py
[2026-04-26T07:55:50.097+0000] {processor.py:840} INFO - DAG(s) 'example_dynamic_task_mapping' retrieved from /usr/local/python/3.12.1/lib/python3.12/site-packages/airflow/example_dags/example_dynamic_task_mapping.py
[2026-04-26T07:55:50.109+0000] {logging_mixin.py:188} INFO - [2026-04-26T07:55:50.109+0000] {dag.py:3096} INFO - Sync 1 DAGs
[2026-04-26T07:55:50.126+0000] {logging_mixin.py:188} INFO - [2026-04-26T07:55:50.126+0000] {dag.py:3954} INFO - Setting next_dagrun for example_dynamic_task_mapping to 2022-03-04 00:00:00+00:00, run_after=2022-03-05 00:00:00+00:00
[2026-04-26T07:55:50.148+0000] {processor.py:183} INFO - Processing /usr/local/python/3.12.1/lib/python3.12/site-packages/airflow/example_dags/example_dynamic_task_mapping.py took 0.063 seconds
[2026-04-26T07:56:52.588+0000] {processor.py:161} INFO - Started process (PID=53642) to work on /usr/local/python/3.12.1/lib/python3.12/site-packages/airflow/example_dags/example_dynamic_task_mapping.py
[2026-04-26T07:56:52.589+0000] {processor.py:830} INFO - Processing file /usr/local/python/3.12.1/lib/python3.12/site-packages/airflow/example_dags/example_dynamic_task_mapping.py for tasks to queue
[2026-04-26T07:56:52.590+0000] {logging_mixin.py:188} INFO - [2026-04-26T07:56:52.590+0000] {dagbag.py:540} INFO - Filling up the DagBag from /usr/local/python/3.12.1/lib/python3.12/site-packages/airflow/example_dags/example_dynamic_task_mapping.py
[2026-04-26T07:56:52.598+0000] {processor.py:840} INFO - DAG(s) 'example_dynamic_task_mapping' retrieved from /usr/local/python/3.12.1/lib/python3.12/site-packages/airflow/example_dags/example_dynamic_task_mapping.py
[2026-04-26T07:56:52.709+0000] {logging_mixin.py:188} INFO - [2026-04-26T07:56:52.708+0000] {dag.py:3096} INFO - Sync 1 DAGs
[2026-04-26T07:56:52.721+0000] {logging_mixin.py:188} INFO - [2026-04-26T07:56:52.721+0000] {dag.py:3954} INFO - Setting next_dagrun for example_dynamic_task_mapping to 2022-03-04 00:00:00+00:00, run_after=2022-03-05 00:00:00+00:00
[2026-04-26T07:56:52.737+0000] {processor.py:183} INFO - Processing /usr/local/python/3.12.1/lib/python3.12/site-packages/airflow/example_dags/example_dynamic_task_mapping.py took 0.155 seconds
[2026-04-26T07:56:55.249+0000] {processor.py:161} INFO - Started process (PID=53676) to work on /usr/local/python/3.12.1/lib/python3.12/site-packages/airflow/example_dags/example_dynamic_task_mapping.py
[2026-04-26T07:56:55.250+0000] {processor.py:830} INFO - Processing file /usr/local/python/3.12.1/lib/python3.12/site-packages/airflow/example_dags/example_dynamic_task_mapping.py for tasks to queue
[2026-04-26T07:56:55.251+0000] {logging_mixin.py:188} INFO - [2026-04-26T07:56:55.250+0000] {dagbag.py:540} INFO - Filling up the DagBag from /usr/local/python/3.12.1/lib/python3.12/site-packages/airflow/example_dags/example_dynamic_task_mapping.py
[2026-04-26T07:56:55.257+0000] {processor.py:840} INFO - DAG(s) 'example_dynamic_task_mapping' retrieved from /usr/local/python/3.12.1/lib/python3.12/site-packages/airflow/example_dags/example_dynamic_task_mapping.py
[2026-04-26T07:56:55.271+0000] {logging_mixin.py:188} INFO - [2026-04-26T07:56:55.270+0000] {dag.py:3096} INFO - Sync 1 DAGs
[2026-04-26T07:56:55.301+0000] {logging_mixin.py:188} INFO - [2026-04-26T07:56:55.301+0000] {dag.py:3954} INFO - Setting next_dagrun for example_dynamic_task_mapping to 2022-03-04 00:00:00+00:00, run_after=2022-03-05 00:00:00+00:00
[2026-04-26T07:56:55.323+0000] {processor.py:183} INFO - Processing /usr/local/python/3.12.1/lib/python3.12/site-packages/airflow/example_dags/example_dynamic_task_mapping.py took 0.079 seconds
[2026-04-26T07:56:58.401+0000] {processor.py:161} INFO - Started process (PID=53694) to work on /usr/local/python/3.12.1/lib/python3.12/site-packages/airflow/example_dags/example_dynamic_task_mapping.py
[2026-04-26T07:56:58.402+0000] {processor.py:830} INFO - Processing file /usr/local/python/3.12.1/lib/python3.12/site-packages/airflow/example_dags/example_dynamic_task_mapping.py for tasks to queue
[2026-04-26T07:56:58.403+0000] {logging_mixin.py:188} INFO - [2026-04-26T07:56:58.402+0000] {dagbag.py:540} INFO - Filling up the DagBag from /usr/local/python/3.12.1/lib/python3.12/site-packages/airflow/example_dags/example_dynamic_task_mapping.py
[2026-04-26T07:56:58.410+0000] {processor.py:840} INFO - DAG(s) 'example_dynamic_task_mapping' retrieved from /usr/local/python/3.12.1/lib/python3.12/site-packages/airflow/example_dags/example_dynamic_task_mapping.py
[2026-04-26T07:56:58.416+0000] {logging_mixin.py:188} INFO - [2026-04-26T07:56:58.416+0000] {dag.py:3096} INFO - Sync 1 DAGs
[2026-04-26T07:56:58.433+0000] {logging_mixin.py:188} INFO - [2026-04-26T07:56:58.433+0000] {dag.py:3954} INFO - Setting next_dagrun for example_dynamic_task_mapping to 2022-03-04 00:00:00+00:00, run_after=2022-03-05 00:00:00+00:00
[2026-04-26T07:56:58.449+0000] {processor.py:183} INFO - Processing /usr/local/python/3.12.1/lib/python3.12/site-packages/airflow/example_dags/example_dynamic_task_mapping.py took 0.054 seconds
[2026-04-26T07:57:44.405+0000] {processor.py:161} INFO - Started process (PID=54201) to work on /usr/local/python/3.12.1/lib/python3.12/site-packages/airflow/example_dags/example_dynamic_task_mapping.py
[2026-04-26T07:57:44.406+0000] {processor.py:830} INFO - Processing file /usr/local/python/3.12.1/lib/python3.12/site-packages/airflow/example_dags/example_dynamic_task_mapping.py for tasks to queue
[2026-04-26T07:57:44.407+0000] {logging_mixin.py:188} INFO - [2026-04-26T07:57:44.406+0000] {dagbag.py:540} INFO - Filling up the DagBag from /usr/local/python/3.12.1/lib/python3.12/site-packages/airflow/example_dags/example_dynamic_task_mapping.py
[2026-04-26T07:57:44.412+0000] {processor.py:840} INFO - DAG(s) 'example_dynamic_task_mapping' retrieved from /usr/local/python/3.12.1/lib/python3.12/site-packages/airflow/example_dags/example_dynamic_task_mapping.py
[2026-04-26T07:57:44.423+0000] {logging_mixin.py:188} INFO - [2026-04-26T07:57:44.423+0000] {dag.py:3096} INFO - Sync 1 DAGs
[2026-04-26T07:57:44.439+0000] {logging_mixin.py:188} INFO - [2026-04-26T07:57:44.438+0000] {dag.py:3954} INFO - Setting next_dagrun for example_dynamic_task_mapping to 2022-03-04 00:00:00+00:00, run_after=2022-03-05 00:00:00+00:00
[2026-04-26T07:57:44.455+0000] {processor.py:183} INFO - Processing /usr/local/python/3.12.1/lib/python3.12/site-packages/airflow/example_dags/example_dynamic_task_mapping.py took 0.054 seconds
[2026-04-26T07:57:59.615+0000] {processor.py:161} INFO - Started process (PID=54337) to work on /usr/local/python/3.12.1/lib/python3.12/site-packages/airflow/example_dags/example_dynamic_task_mapping.py
[2026-04-26T07:57:59.616+0000] {processor.py:830} INFO - Processing file /usr/local/python/3.12.1/lib/python3.12/site-packages/airflow/example_dags/example_dynamic_task_mapping.py for tasks to queue
[2026-04-26T07:57:59.617+0000] {logging_mixin.py:188} INFO - [2026-04-26T07:57:59.616+0000] {dagbag.py:540} INFO - Filling up the DagBag from /usr/local/python/3.12.1/lib/python3.12/site-packages/airflow/example_dags/example_dynamic_task_mapping.py
[2026-04-26T07:57:59.622+0000] {processor.py:840} INFO - DAG(s) 'example_dynamic_task_mapping' retrieved from /usr/local/python/3.12.1/lib/python3.12/site-packages/airflow/example_dags/example_dynamic_task_mapping.py
[2026-04-26T07:57:59.633+0000] {logging_mixin.py:188} INFO - [2026-04-26T07:57:59.633+0000] {dag.py:3096} INFO - Sync 1 DAGs
[2026-04-26T07:57:59.648+0000] {logging_mixin.py:188} INFO - [2026-04-26T07:57:59.648+0000] {dag.py:3954} INFO - Setting next_dagrun for example_dynamic_task_mapping to 2022-03-04 00:00:00+00:00, run_after=2022-03-05 00:00:00+00:00
[2026-04-26T07:57:59.665+0000] {processor.py:183} INFO - Processing /usr/local/python/3.12.1/lib/python3.12/site-packages/airflow/example_dags/example_dynamic_task_mapping.py took 0.054 seconds
[2026-04-26T07:58:05.892+0000] {processor.py:161} INFO - Started process (PID=54397) to work on /usr/local/python/3.12.1/lib/python3.12/site-packages/airflow/example_dags/example_dynamic_task_mapping.py
[2026-04-26T07:58:05.892+0000] {processor.py:830} INFO - Processing file /usr/local/python/3.12.1/lib/python3.12/site-packages/airflow/example_dags/example_dynamic_task_mapping.py for tasks to queue
[2026-04-26T07:58:05.893+0000] {logging_mixin.py:188} INFO - [2026-04-26T07:58:05.893+0000] {dagbag.py:540} INFO - Filling up the DagBag from /usr/local/python/3.12.1/lib/python3.12/site-packages/airflow/example_dags/example_dynamic_task_mapping.py
[2026-04-26T07:58:05.898+0000] {processor.py:840} INFO - DAG(s) 'example_dynamic_task_mapping' retrieved from /usr/local/python/3.12.1/lib/python3.12/site-packages/airflow/example_dags/example_dynamic_task_mapping.py
[2026-04-26T07:58:05.909+0000] {logging_mixin.py:188} INFO - [2026-04-26T07:58:05.909+0000] {dag.py:3096} INFO - Sync 1 DAGs
[2026-04-26T07:58:05.924+0000] {logging_mixin.py:188} INFO - [2026-04-26T07:58:05.924+0000] {dag.py:3954} INFO - Setting next_dagrun for example_dynamic_task_mapping to 2022-03-04 00:00:00+00:00, run_after=2022-03-05 00:00:00+00:00
[2026-04-26T07:58:05.940+0000] {processor.py:183} INFO - Processing /usr/local/python/3.12.1/lib/python3.12/site-packages/airflow/example_dags/example_dynamic_task_mapping.py took 0.053 seconds
[2026-04-26T07:58:51.417+0000] {processor.py:161} INFO - Started process (PID=55207) to work on /usr/local/python/3.12.1/lib/python3.12/site-packages/airflow/example_dags/example_dynamic_task_mapping.py
[2026-04-26T07:58:51.418+0000] {processor.py:830} INFO - Processing file /usr/local/python/3.12.1/lib/python3.12/site-packages/airflow/example_dags/example_dynamic_task_mapping.py for tasks to queue
[2026-04-26T07:58:51.419+0000] {logging_mixin.py:188} INFO - [2026-04-26T07:58:51.419+0000] {dagbag.py:540} INFO - Filling up the DagBag from /usr/local/python/3.12.1/lib/python3.12/site-packages/airflow/example_dags/example_dynamic_task_mapping.py
[2026-04-26T07:58:51.427+0000] {processor.py:840} INFO - DAG(s) 'example_dynamic_task_mapping' retrieved from /usr/local/python/3.12.1/lib/python3.12/site-packages/airflow/example_dags/example_dynamic_task_mapping.py
[2026-04-26T07:58:51.435+0000] {logging_mixin.py:188} INFO - [2026-04-26T07:58:51.435+0000] {dag.py:3096} INFO - Sync 1 DAGs
[2026-04-26T07:58:51.461+0000] {logging_mixin.py:188} INFO - [2026-04-26T07:58:51.461+0000] {dag.py:3954} INFO - Setting next_dagrun for example_dynamic_task_mapping to 2022-03-04 00:00:00+00:00, run_after=2022-03-05 00:00:00+00:00
[2026-04-26T07:58:51.489+0000] {processor.py:183} INFO - Processing /usr/local/python/3.12.1/lib/python3.12/site-packages/airflow/example_dags/example_dynamic_task_mapping.py took 0.079 seconds
[2026-04-26T07:59:07.711+0000] {processor.py:161} INFO - Started process (PID=55400) to work on /usr/local/python/3.12.1/lib/python3.12/site-packages/airflow/example_dags/example_dynamic_task_mapping.py
[2026-04-26T07:59:07.712+0000] {processor.py:830} INFO - Processing file /usr/local/python/3.12.1/lib/python3.12/site-packages/airflow/example_dags/example_dynamic_task_mapping.py for tasks to queue
[2026-04-26T07:59:07.713+0000] {logging_mixin.py:188} INFO - [2026-04-26T07:59:07.712+0000] {dagbag.py:540} INFO - Filling up the DagBag from /usr/local/python/3.12.1/lib/python3.12/site-packages/airflow/example_dags/example_dynamic_task_mapping.py
[2026-04-26T07:59:07.718+0000] {processor.py:840} INFO - DAG(s) 'example_dynamic_task_mapping' retrieved from /usr/local/python/3.12.1/lib/python3.12/site-packages/airflow/example_dags/example_dynamic_task_mapping.py
[2026-04-26T07:59:07.812+0000] {logging_mixin.py:188} INFO - [2026-04-26T07:59:07.812+0000] {dag.py:3096} INFO - Sync 1 DAGs
[2026-04-26T07:59:07.833+0000] {logging_mixin.py:188} INFO - [2026-04-26T07:59:07.833+0000] {dag.py:3954} INFO - Setting next_dagrun for example_dynamic_task_mapping to 2022-03-04 00:00:00+00:00, run_after=2022-03-05 00:00:00+00:00
[2026-04-26T07:59:07.855+0000] {processor.py:183} INFO - Processing /usr/local/python/3.12.1/lib/python3.12/site-packages/airflow/example_dags/example_dynamic_task_mapping.py took 0.148 seconds
[2026-04-26T07:59:11.789+0000] {processor.py:161} INFO - Started process (PID=55428) to work on /usr/local/python/3.12.1/lib/python3.12/site-packages/airflow/example_dags/example_dynamic_task_mapping.py
[2026-04-26T07:59:11.789+0000] {processor.py:830} INFO - Processing file /usr/local/python/3.12.1/lib/python3.12/site-packages/airflow/example_dags/example_dynamic_task_mapping.py for tasks to queue
[2026-04-26T07:59:11.790+0000] {logging_mixin.py:188} INFO - [2026-04-26T07:59:11.790+0000] {dagbag.py:540} INFO - Filling up the DagBag from /usr/local/python/3.12.1/lib/python3.12/site-packages/airflow/example_dags/example_dynamic_task_mapping.py
[2026-04-26T07:59:11.795+0000] {processor.py:840} INFO - DAG(s) 'example_dynamic_task_mapping' retrieved from /usr/local/python/3.12.1/lib/python3.12/site-packages/airflow/example_dags/example_dynamic_task_mapping.py
[2026-04-26T07:59:11.801+0000] {logging_mixin.py:188} INFO - [2026-04-26T07:59:11.800+0000] {dag.py:3096} INFO - Sync 1 DAGs
[2026-04-26T07:59:11.816+0000] {logging_mixin.py:188} INFO - [2026-04-26T07:59:11.816+0000] {dag.py:3954} INFO - Setting next_dagrun for example_dynamic_task_mapping to 2022-03-04 00:00:00+00:00, run_after=2022-03-05 00:00:00+00:00
[2026-04-26T07:59:11.833+0000] {processor.py:183} INFO - Processing /usr/local/python/3.12.1/lib/python3.12/site-packages/airflow/example_dags/example_dynamic_task_mapping.py took 0.049 seconds
[2026-04-26T08:00:03.161+0000] {processor.py:161} INFO - Started process (PID=55922) to work on /usr/local/python/3.12.1/lib/python3.12/site-packages/airflow/example_dags/example_dynamic_task_mapping.py
[2026-04-26T08:00:03.162+0000] {processor.py:830} INFO - Processing file /usr/local/python/3.12.1/lib/python3.12/site-packages/airflow/example_dags/example_dynamic_task_mapping.py for tasks to queue
[2026-04-26T08:00:03.162+0000] {logging_mixin.py:188} INFO - [2026-04-26T08:00:03.162+0000] {dagbag.py:540} INFO - Filling up the DagBag from /usr/local/python/3.12.1/lib/python3.12/site-packages/airflow/example_dags/example_dynamic_task_mapping.py
[2026-04-26T08:00:03.169+0000] {processor.py:840} INFO - DAG(s) 'example_dynamic_task_mapping' retrieved from /usr/local/python/3.12.1/lib/python3.12/site-packages/airflow/example_dags/example_dynamic_task_mapping.py
[2026-04-26T08:00:03.186+0000] {logging_mixin.py:188} INFO - [2026-04-26T08:00:03.186+0000] {dag.py:3096} INFO - Sync 1 DAGs
[2026-04-26T08:00:03.201+0000] {logging_mixin.py:188} INFO - [2026-04-26T08:00:03.201+0000] {dag.py:3954} INFO - Setting next_dagrun for example_dynamic_task_mapping to 2022-03-04 00:00:00+00:00, run_after=2022-03-05 00:00:00+00:00
[2026-04-26T08:00:03.216+0000] {processor.py:183} INFO - Processing /usr/local/python/3.12.1/lib/python3.12/site-packages/airflow/example_dags/example_dynamic_task_mapping.py took 0.060 seconds
[2026-04-26T08:00:13.301+0000] {processor.py:161} INFO - Started process (PID=56074) to work on /usr/local/python/3.12.1/lib/python3.12/site-packages/airflow/example_dags/example_dynamic_task_mapping.py
[2026-04-26T08:00:13.302+0000] {processor.py:830} INFO - Processing file /usr/local/python/3.12.1/lib/python3.12/site-packages/airflow/example_dags/example_dynamic_task_mapping.py for tasks to queue
[2026-04-26T08:00:13.303+0000] {logging_mixin.py:188} INFO - [2026-04-26T08:00:13.303+0000] {dagbag.py:540} INFO - Filling up the DagBag from /usr/local/python/3.12.1/lib/python3.12/site-packages/airflow/example_dags/example_dynamic_task_mapping.py
[2026-04-26T08:00:13.309+0000] {processor.py:840} INFO - DAG(s) 'example_dynamic_task_mapping' retrieved from /usr/local/python/3.12.1/lib/python3.12/site-packages/airflow/example_dags/example_dynamic_task_mapping.py
[2026-04-26T08:00:13.323+0000] {logging_mixin.py:188} INFO - [2026-04-26T08:00:13.323+0000] {dag.py:3096} INFO - Sync 1 DAGs
[2026-04-26T08:00:13.343+0000] {logging_mixin.py:188} INFO - [2026-04-26T08:00:13.343+0000] {dag.py:3954} INFO - Setting next_dagrun for example_dynamic_task_mapping to 2022-03-04 00:00:00+00:00, run_after=2022-03-05 00:00:00+00:00
[2026-04-26T08:00:13.363+0000] {processor.py:183} INFO - Processing /usr/local/python/3.12.1/lib/python3.12/site-packages/airflow/example_dags/example_dynamic_task_mapping.py took 0.066 seconds
[2026-04-26T08:00:17.444+0000] {processor.py:161} INFO - Started process (PID=56103) to work on /usr/local/python/3.12.1/lib/python3.12/site-packages/airflow/example_dags/example_dynamic_task_mapping.py
[2026-04-26T08:00:17.445+0000] {processor.py:830} INFO - Processing file /usr/local/python/3.12.1/lib/python3.12/site-packages/airflow/example_dags/example_dynamic_task_mapping.py for tasks to queue
[2026-04-26T08:00:17.445+0000] {logging_mixin.py:188} INFO - [2026-04-26T08:00:17.445+0000] {dagbag.py:540} INFO - Filling up the DagBag from /usr/local/python/3.12.1/lib/python3.12/site-packages/airflow/example_dags/example_dynamic_task_mapping.py
[2026-04-26T08:00:17.451+0000] {processor.py:840} INFO - DAG(s) 'example_dynamic_task_mapping' retrieved from /usr/local/python/3.12.1/lib/python3.12/site-packages/airflow/example_dags/example_dynamic_task_mapping.py
[2026-04-26T08:00:17.463+0000] {logging_mixin.py:188} INFO - [2026-04-26T08:00:17.463+0000] {dag.py:3096} INFO - Sync 1 DAGs
[2026-04-26T08:00:17.481+0000] {logging_mixin.py:188} INFO - [2026-04-26T08:00:17.481+0000] {dag.py:3954} INFO - Setting next_dagrun for example_dynamic_task_mapping to 2022-03-04 00:00:00+00:00, run_after=2022-03-05 00:00:00+00:00
[2026-04-26T08:00:17.497+0000] {processor.py:183} INFO - Processing /usr/local/python/3.12.1/lib/python3.12/site-packages/airflow/example_dags/example_dynamic_task_mapping.py took 0.059 seconds
[2026-04-26T08:01:11.803+0000] {processor.py:161} INFO - Started process (PID=56694) to work on /usr/local/python/3.12.1/lib/python3.12/site-packages/airflow/example_dags/example_dynamic_task_mapping.py
[2026-04-26T08:01:11.804+0000] {processor.py:830} INFO - Processing file /usr/local/python/3.12.1/lib/python3.12/site-packages/airflow/example_dags/example_dynamic_task_mapping.py for tasks to queue
[2026-04-26T08:01:11.805+0000] {logging_mixin.py:188} INFO - [2026-04-26T08:01:11.804+0000] {dagbag.py:540} INFO - Filling up the DagBag from /usr/local/python/3.12.1/lib/python3.12/site-packages/airflow/example_dags/example_dynamic_task_mapping.py
[2026-04-26T08:01:11.812+0000] {processor.py:840} INFO - DAG(s) 'example_dynamic_task_mapping' retrieved from /usr/local/python/3.12.1/lib/python3.12/site-packages/airflow/example_dags/example_dynamic_task_mapping.py
[2026-04-26T08:01:11.830+0000] {logging_mixin.py:188} INFO - [2026-04-26T08:01:11.829+0000] {dag.py:3096} INFO - Sync 1 DAGs
[2026-04-26T08:01:11.853+0000] {logging_mixin.py:188} INFO - [2026-04-26T08:01:11.853+0000] {dag.py:3954} INFO - Setting next_dagrun for example_dynamic_task_mapping to 2022-03-04 00:00:00+00:00, run_after=2022-03-05 00:00:00+00:00
[2026-04-26T08:01:11.883+0000] {processor.py:183} INFO - Processing /usr/local/python/3.12.1/lib/python3.12/site-packages/airflow/example_dags/example_dynamic_task_mapping.py took 0.095 seconds
[2026-04-26T08:01:17.115+0000] {processor.py:161} INFO - Started process (PID=56752) to work on /usr/local/python/3.12.1/lib/python3.12/site-packages/airflow/example_dags/example_dynamic_task_mapping.py
[2026-04-26T08:01:17.122+0000] {processor.py:830} INFO - Processing file /usr/local/python/3.12.1/lib/python3.12/site-packages/airflow/example_dags/example_dynamic_task_mapping.py for tasks to queue
[2026-04-26T08:01:17.123+0000] {logging_mixin.py:188} INFO - [2026-04-26T08:01:17.123+0000] {dagbag.py:540} INFO - Filling up the DagBag from /usr/local/python/3.12.1/lib/python3.12/site-packages/airflow/example_dags/example_dynamic_task_mapping.py
[2026-04-26T08:01:17.157+0000] {processor.py:840} INFO - DAG(s) 'example_dynamic_task_mapping' retrieved from /usr/local/python/3.12.1/lib/python3.12/site-packages/airflow/example_dags/example_dynamic_task_mapping.py
[2026-04-26T08:01:17.221+0000] {logging_mixin.py:188} INFO - [2026-04-26T08:01:17.217+0000] {dag.py:3096} INFO - Sync 1 DAGs
[2026-04-26T08:01:17.251+0000] {logging_mixin.py:188} INFO - [2026-04-26T08:01:17.251+0000] {dag.py:3954} INFO - Setting next_dagrun for example_dynamic_task_mapping to 2022-03-04 00:00:00+00:00, run_after=2022-03-05 00:00:00+00:00
[2026-04-26T08:01:17.289+0000] {processor.py:183} INFO - Processing /usr/local/python/3.12.1/lib/python3.12/site-packages/airflow/example_dags/example_dynamic_task_mapping.py took 0.199 seconds
[2026-04-26T08:01:29.817+0000] {processor.py:161} INFO - Started process (PID=57181) to work on /usr/local/python/3.12.1/lib/python3.12/site-packages/airflow/example_dags/example_dynamic_task_mapping.py
[2026-04-26T08:01:29.818+0000] {processor.py:830} INFO - Processing file /usr/local/python/3.12.1/lib/python3.12/site-packages/airflow/example_dags/example_dynamic_task_mapping.py for tasks to queue
[2026-04-26T08:01:29.819+0000] {logging_mixin.py:188} INFO - [2026-04-26T08:01:29.819+0000] {dagbag.py:540} INFO - Filling up the DagBag from /usr/local/python/3.12.1/lib/python3.12/site-packages/airflow/example_dags/example_dynamic_task_mapping.py
[2026-04-26T08:01:29.827+0000] {processor.py:840} INFO - DAG(s) 'example_dynamic_task_mapping' retrieved from /usr/local/python/3.12.1/lib/python3.12/site-packages/airflow/example_dags/example_dynamic_task_mapping.py
[2026-04-26T08:01:29.952+0000] {logging_mixin.py:188} INFO - [2026-04-26T08:01:29.951+0000] {dag.py:3096} INFO - Sync 1 DAGs
[2026-04-26T08:01:29.974+0000] {logging_mixin.py:188} INFO - [2026-04-26T08:01:29.974+0000] {dag.py:3954} INFO - Setting next_dagrun for example_dynamic_task_mapping to 2022-03-04 00:00:00+00:00, run_after=2022-03-05 00:00:00+00:00
[2026-04-26T08:01:30.025+0000] {processor.py:183} INFO - Processing /usr/local/python/3.12.1/lib/python3.12/site-packages/airflow/example_dags/example_dynamic_task_mapping.py took 0.215 seconds
[2026-04-26T08:02:09.471+0000] {processor.py:161} INFO - Started process (PID=57791) to work on /usr/local/python/3.12.1/lib/python3.12/site-packages/airflow/example_dags/example_dynamic_task_mapping.py
[2026-04-26T08:02:09.472+0000] {processor.py:830} INFO - Processing file /usr/local/python/3.12.1/lib/python3.12/site-packages/airflow/example_dags/example_dynamic_task_mapping.py for tasks to queue
[2026-04-26T08:02:09.473+0000] {logging_mixin.py:188} INFO - [2026-04-26T08:02:09.472+0000] {dagbag.py:540} INFO - Filling up the DagBag from /usr/local/python/3.12.1/lib/python3.12/site-packages/airflow/example_dags/example_dynamic_task_mapping.py
[2026-04-26T08:02:09.479+0000] {processor.py:840} INFO - DAG(s) 'example_dynamic_task_mapping' retrieved from /usr/local/python/3.12.1/lib/python3.12/site-packages/airflow/example_dags/example_dynamic_task_mapping.py
[2026-04-26T08:02:09.490+0000] {logging_mixin.py:188} INFO - [2026-04-26T08:02:09.490+0000] {dag.py:3096} INFO - Sync 1 DAGs
[2026-04-26T08:02:09.505+0000] {logging_mixin.py:188} INFO - [2026-04-26T08:02:09.505+0000] {dag.py:3954} INFO - Setting next_dagrun for example_dynamic_task_mapping to 2022-03-04 00:00:00+00:00, run_after=2022-03-05 00:00:00+00:00
[2026-04-26T08:02:09.520+0000] {processor.py:183} INFO - Processing /usr/local/python/3.12.1/lib/python3.12/site-packages/airflow/example_dags/example_dynamic_task_mapping.py took 0.055 seconds
[2026-04-26T08:02:24.274+0000] {processor.py:161} INFO - Started process (PID=57936) to work on /usr/local/python/3.12.1/lib/python3.12/site-packages/airflow/example_dags/example_dynamic_task_mapping.py
[2026-04-26T08:02:24.275+0000] {processor.py:830} INFO - Processing file /usr/local/python/3.12.1/lib/python3.12/site-packages/airflow/example_dags/example_dynamic_task_mapping.py for tasks to queue
[2026-04-26T08:02:24.276+0000] {logging_mixin.py:188} INFO - [2026-04-26T08:02:24.276+0000] {dagbag.py:540} INFO - Filling up the DagBag from /usr/local/python/3.12.1/lib/python3.12/site-packages/airflow/example_dags/example_dynamic_task_mapping.py
[2026-04-26T08:02:24.282+0000] {processor.py:840} INFO - DAG(s) 'example_dynamic_task_mapping' retrieved from /usr/local/python/3.12.1/lib/python3.12/site-packages/airflow/example_dags/example_dynamic_task_mapping.py
[2026-04-26T08:02:24.293+0000] {logging_mixin.py:188} INFO - [2026-04-26T08:02:24.293+0000] {dag.py:3096} INFO - Sync 1 DAGs
[2026-04-26T08:02:24.310+0000] {logging_mixin.py:188} INFO - [2026-04-26T08:02:24.310+0000] {dag.py:3954} INFO - Setting next_dagrun for example_dynamic_task_mapping to 2022-03-04 00:00:00+00:00, run_after=2022-03-05 00:00:00+00:00
[2026-04-26T08:02:24.330+0000] {processor.py:183} INFO - Processing /usr/local/python/3.12.1/lib/python3.12/site-packages/airflow/example_dags/example_dynamic_task_mapping.py took 0.062 seconds
[2026-04-26T08:02:41.033+0000] {processor.py:161} INFO - Started process (PID=58212) to work on /usr/local/python/3.12.1/lib/python3.12/site-packages/airflow/example_dags/example_dynamic_task_mapping.py
[2026-04-26T08:02:41.033+0000] {processor.py:830} INFO - Processing file /usr/local/python/3.12.1/lib/python3.12/site-packages/airflow/example_dags/example_dynamic_task_mapping.py for tasks to queue
[2026-04-26T08:02:41.034+0000] {logging_mixin.py:188} INFO - [2026-04-26T08:02:41.034+0000] {dagbag.py:540} INFO - Filling up the DagBag from /usr/local/python/3.12.1/lib/python3.12/site-packages/airflow/example_dags/example_dynamic_task_mapping.py
[2026-04-26T08:02:41.041+0000] {processor.py:840} INFO - DAG(s) 'example_dynamic_task_mapping' retrieved from /usr/local/python/3.12.1/lib/python3.12/site-packages/airflow/example_dags/example_dynamic_task_mapping.py
[2026-04-26T08:02:41.062+0000] {logging_mixin.py:188} INFO - [2026-04-26T08:02:41.062+0000] {dag.py:3096} INFO - Sync 1 DAGs
[2026-04-26T08:02:41.091+0000] {logging_mixin.py:188} INFO - [2026-04-26T08:02:41.091+0000] {dag.py:3954} INFO - Setting next_dagrun for example_dynamic_task_mapping to 2022-03-04 00:00:00+00:00, run_after=2022-03-05 00:00:00+00:00
[2026-04-26T08:02:41.112+0000] {processor.py:183} INFO - Processing /usr/local/python/3.12.1/lib/python3.12/site-packages/airflow/example_dags/example_dynamic_task_mapping.py took 0.086 seconds
[2026-04-26T08:03:14.703+0000] {processor.py:161} INFO - Started process (PID=58764) to work on /usr/local/python/3.12.1/lib/python3.12/site-packages/airflow/example_dags/example_dynamic_task_mapping.py
[2026-04-26T08:03:14.704+0000] {processor.py:830} INFO - Processing file /usr/local/python/3.12.1/lib/python3.12/site-packages/airflow/example_dags/example_dynamic_task_mapping.py for tasks to queue
[2026-04-26T08:03:14.705+0000] {logging_mixin.py:188} INFO - [2026-04-26T08:03:14.704+0000] {dagbag.py:540} INFO - Filling up the DagBag from /usr/local/python/3.12.1/lib/python3.12/site-packages/airflow/example_dags/example_dynamic_task_mapping.py
[2026-04-26T08:03:14.710+0000] {processor.py:840} INFO - DAG(s) 'example_dynamic_task_mapping' retrieved from /usr/local/python/3.12.1/lib/python3.12/site-packages/airflow/example_dags/example_dynamic_task_mapping.py
[2026-04-26T08:03:14.721+0000] {logging_mixin.py:188} INFO - [2026-04-26T08:03:14.721+0000] {dag.py:3096} INFO - Sync 1 DAGs
[2026-04-26T08:03:14.736+0000] {logging_mixin.py:188} INFO - [2026-04-26T08:03:14.735+0000] {dag.py:3954} INFO - Setting next_dagrun for example_dynamic_task_mapping to 2022-03-04 00:00:00+00:00, run_after=2022-03-05 00:00:00+00:00
[2026-04-26T08:03:14.756+0000] {processor.py:183} INFO - Processing /usr/local/python/3.12.1/lib/python3.12/site-packages/airflow/example_dags/example_dynamic_task_mapping.py took 0.057 seconds
[2026-04-26T08:03:32.907+0000] {processor.py:161} INFO - Started process (PID=58910) to work on /usr/local/python/3.12.1/lib/python3.12/site-packages/airflow/example_dags/example_dynamic_task_mapping.py
[2026-04-26T08:03:32.908+0000] {processor.py:830} INFO - Processing file /usr/local/python/3.12.1/lib/python3.12/site-packages/airflow/example_dags/example_dynamic_task_mapping.py for tasks to queue
[2026-04-26T08:03:32.909+0000] {logging_mixin.py:188} INFO - [2026-04-26T08:03:32.909+0000] {dagbag.py:540} INFO - Filling up the DagBag from /usr/local/python/3.12.1/lib/python3.12/site-packages/airflow/example_dags/example_dynamic_task_mapping.py
[2026-04-26T08:03:32.917+0000] {processor.py:840} INFO - DAG(s) 'example_dynamic_task_mapping' retrieved from /usr/local/python/3.12.1/lib/python3.12/site-packages/airflow/example_dags/example_dynamic_task_mapping.py
[2026-04-26T08:03:32.938+0000] {logging_mixin.py:188} INFO - [2026-04-26T08:03:32.937+0000] {dag.py:3096} INFO - Sync 1 DAGs
[2026-04-26T08:03:32.967+0000] {logging_mixin.py:188} INFO - [2026-04-26T08:03:32.966+0000] {dag.py:3954} INFO - Setting next_dagrun for example_dynamic_task_mapping to 2022-03-04 00:00:00+00:00, run_after=2022-03-05 00:00:00+00:00
[2026-04-26T08:03:32.998+0000] {processor.py:183} INFO - Processing /usr/local/python/3.12.1/lib/python3.12/site-packages/airflow/example_dags/example_dynamic_task_mapping.py took 0.096 seconds
[2026-04-26T08:03:53.270+0000] {processor.py:161} INFO - Started process (PID=59139) to work on /usr/local/python/3.12.1/lib/python3.12/site-packages/airflow/example_dags/example_dynamic_task_mapping.py
[2026-04-26T08:03:53.274+0000] {processor.py:830} INFO - Processing file /usr/local/python/3.12.1/lib/python3.12/site-packages/airflow/example_dags/example_dynamic_task_mapping.py for tasks to queue
[2026-04-26T08:03:53.275+0000] {logging_mixin.py:188} INFO - [2026-04-26T08:03:53.274+0000] {dagbag.py:540} INFO - Filling up the DagBag from /usr/local/python/3.12.1/lib/python3.12/site-packages/airflow/example_dags/example_dynamic_task_mapping.py
[2026-04-26T08:03:53.293+0000] {processor.py:840} INFO - DAG(s) 'example_dynamic_task_mapping' retrieved from /usr/local/python/3.12.1/lib/python3.12/site-packages/airflow/example_dags/example_dynamic_task_mapping.py
[2026-04-26T08:03:53.327+0000] {logging_mixin.py:188} INFO - [2026-04-26T08:03:53.326+0000] {dag.py:3096} INFO - Sync 1 DAGs
[2026-04-26T08:03:53.379+0000] {logging_mixin.py:188} INFO - [2026-04-26T08:03:53.378+0000] {dag.py:3954} INFO - Setting next_dagrun for example_dynamic_task_mapping to 2022-03-04 00:00:00+00:00, run_after=2022-03-05 00:00:00+00:00
[2026-04-26T08:03:53.416+0000] {processor.py:183} INFO - Processing /usr/local/python/3.12.1/lib/python3.12/site-packages/airflow/example_dags/example_dynamic_task_mapping.py took 0.161 seconds
[2026-04-26T08:04:17.855+0000] {processor.py:161} INFO - Started process (PID=59361) to work on /usr/local/python/3.12.1/lib/python3.12/site-packages/airflow/example_dags/example_dynamic_task_mapping.py
[2026-04-26T08:04:17.855+0000] {processor.py:830} INFO - Processing file /usr/local/python/3.12.1/lib/python3.12/site-packages/airflow/example_dags/example_dynamic_task_mapping.py for tasks to queue
[2026-04-26T08:04:17.856+0000] {logging_mixin.py:188} INFO - [2026-04-26T08:04:17.856+0000] {dagbag.py:540} INFO - Filling up the DagBag from /usr/local/python/3.12.1/lib/python3.12/site-packages/airflow/example_dags/example_dynamic_task_mapping.py
[2026-04-26T08:04:17.863+0000] {processor.py:840} INFO - DAG(s) 'example_dynamic_task_mapping' retrieved from /usr/local/python/3.12.1/lib/python3.12/site-packages/airflow/example_dags/example_dynamic_task_mapping.py
[2026-04-26T08:04:17.877+0000] {logging_mixin.py:188} INFO - [2026-04-26T08:04:17.877+0000] {dag.py:3096} INFO - Sync 1 DAGs
[2026-04-26T08:04:17.894+0000] {logging_mixin.py:188} INFO - [2026-04-26T08:04:17.893+0000] {dag.py:3954} INFO - Setting next_dagrun for example_dynamic_task_mapping to 2022-03-04 00:00:00+00:00, run_after=2022-03-05 00:00:00+00:00
[2026-04-26T08:04:17.908+0000] {processor.py:183} INFO - Processing /usr/local/python/3.12.1/lib/python3.12/site-packages/airflow/example_dags/example_dynamic_task_mapping.py took 0.058 seconds
[2026-04-26T08:04:37.078+0000] {processor.py:161} INFO - Started process (PID=59581) to work on /usr/local/python/3.12.1/lib/python3.12/site-packages/airflow/example_dags/example_dynamic_task_mapping.py
[2026-04-26T08:04:37.079+0000] {processor.py:830} INFO - Processing file /usr/local/python/3.12.1/lib/python3.12/site-packages/airflow/example_dags/example_dynamic_task_mapping.py for tasks to queue
[2026-04-26T08:04:37.079+0000] {logging_mixin.py:188} INFO - [2026-04-26T08:04:37.079+0000] {dagbag.py:540} INFO - Filling up the DagBag from /usr/local/python/3.12.1/lib/python3.12/site-packages/airflow/example_dags/example_dynamic_task_mapping.py
[2026-04-26T08:04:37.086+0000] {processor.py:840} INFO - DAG(s) 'example_dynamic_task_mapping' retrieved from /usr/local/python/3.12.1/lib/python3.12/site-packages/airflow/example_dags/example_dynamic_task_mapping.py
[2026-04-26T08:04:37.097+0000] {logging_mixin.py:188} INFO - [2026-04-26T08:04:37.097+0000] {dag.py:3096} INFO - Sync 1 DAGs
[2026-04-26T08:04:37.112+0000] {logging_mixin.py:188} INFO - [2026-04-26T08:04:37.112+0000] {dag.py:3954} INFO - Setting next_dagrun for example_dynamic_task_mapping to 2022-03-04 00:00:00+00:00, run_after=2022-03-05 00:00:00+00:00
[2026-04-26T08:04:37.128+0000] {processor.py:183} INFO - Processing /usr/local/python/3.12.1/lib/python3.12/site-packages/airflow/example_dags/example_dynamic_task_mapping.py took 0.056 seconds
[2026-04-26T08:05:00.916+0000] {processor.py:161} INFO - Started process (PID=59780) to work on /usr/local/python/3.12.1/lib/python3.12/site-packages/airflow/example_dags/example_dynamic_task_mapping.py
[2026-04-26T08:05:00.916+0000] {processor.py:830} INFO - Processing file /usr/local/python/3.12.1/lib/python3.12/site-packages/airflow/example_dags/example_dynamic_task_mapping.py for tasks to queue
[2026-04-26T08:05:00.917+0000] {logging_mixin.py:188} INFO - [2026-04-26T08:05:00.917+0000] {dagbag.py:540} INFO - Filling up the DagBag from /usr/local/python/3.12.1/lib/python3.12/site-packages/airflow/example_dags/example_dynamic_task_mapping.py
[2026-04-26T08:05:00.923+0000] {processor.py:840} INFO - DAG(s) 'example_dynamic_task_mapping' retrieved from /usr/local/python/3.12.1/lib/python3.12/site-packages/airflow/example_dags/example_dynamic_task_mapping.py
[2026-04-26T08:05:00.937+0000] {logging_mixin.py:188} INFO - [2026-04-26T08:05:00.937+0000] {dag.py:3096} INFO - Sync 1 DAGs
[2026-04-26T08:05:00.996+0000] {logging_mixin.py:188} INFO - [2026-04-26T08:05:00.996+0000] {dag.py:3954} INFO - Setting next_dagrun for example_dynamic_task_mapping to 2022-03-04 00:00:00+00:00, run_after=2022-03-05 00:00:00+00:00
[2026-04-26T08:05:01.039+0000] {processor.py:183} INFO - Processing /usr/local/python/3.12.1/lib/python3.12/site-packages/airflow/example_dags/example_dynamic_task_mapping.py took 0.128 seconds
[2026-04-26T08:05:24.622+0000] {processor.py:161} INFO - Started process (PID=60072) to work on /usr/local/python/3.12.1/lib/python3.12/site-packages/airflow/example_dags/example_dynamic_task_mapping.py
[2026-04-26T08:05:24.623+0000] {processor.py:830} INFO - Processing file /usr/local/python/3.12.1/lib/python3.12/site-packages/airflow/example_dags/example_dynamic_task_mapping.py for tasks to queue
[2026-04-26T08:05:24.624+0000] {logging_mixin.py:188} INFO - [2026-04-26T08:05:24.623+0000] {dagbag.py:540} INFO - Filling up the DagBag from /usr/local/python/3.12.1/lib/python3.12/site-packages/airflow/example_dags/example_dynamic_task_mapping.py
[2026-04-26T08:05:24.629+0000] {processor.py:840} INFO - DAG(s) 'example_dynamic_task_mapping' retrieved from /usr/local/python/3.12.1/lib/python3.12/site-packages/airflow/example_dags/example_dynamic_task_mapping.py
[2026-04-26T08:05:24.640+0000] {logging_mixin.py:188} INFO - [2026-04-26T08:05:24.639+0000] {dag.py:3096} INFO - Sync 1 DAGs
[2026-04-26T08:05:24.654+0000] {logging_mixin.py:188} INFO - [2026-04-26T08:05:24.654+0000] {dag.py:3954} INFO - Setting next_dagrun for example_dynamic_task_mapping to 2022-03-04 00:00:00+00:00, run_after=2022-03-05 00:00:00+00:00
[2026-04-26T08:05:24.671+0000] {processor.py:183} INFO - Processing /usr/local/python/3.12.1/lib/python3.12/site-packages/airflow/example_dags/example_dynamic_task_mapping.py took 0.053 seconds
[2026-04-26T08:05:35.633+0000] {processor.py:161} INFO - Started process (PID=60174) to work on /usr/local/python/3.12.1/lib/python3.12/site-packages/airflow/example_dags/example_dynamic_task_mapping.py
[2026-04-26T08:05:35.634+0000] {processor.py:830} INFO - Processing file /usr/local/python/3.12.1/lib/python3.12/site-packages/airflow/example_dags/example_dynamic_task_mapping.py for tasks to queue
[2026-04-26T08:05:35.635+0000] {logging_mixin.py:188} INFO - [2026-04-26T08:05:35.634+0000] {dagbag.py:540} INFO - Filling up the DagBag from /usr/local/python/3.12.1/lib/python3.12/site-packages/airflow/example_dags/example_dynamic_task_mapping.py
[2026-04-26T08:05:35.640+0000] {processor.py:840} INFO - DAG(s) 'example_dynamic_task_mapping' retrieved from /usr/local/python/3.12.1/lib/python3.12/site-packages/airflow/example_dags/example_dynamic_task_mapping.py
[2026-04-26T08:05:35.651+0000] {logging_mixin.py:188} INFO - [2026-04-26T08:05:35.651+0000] {dag.py:3096} INFO - Sync 1 DAGs
[2026-04-26T08:05:35.669+0000] {logging_mixin.py:188} INFO - [2026-04-26T08:05:35.668+0000] {dag.py:3954} INFO - Setting next_dagrun for example_dynamic_task_mapping to 2022-03-04 00:00:00+00:00, run_after=2022-03-05 00:00:00+00:00
[2026-04-26T08:05:35.686+0000] {processor.py:183} INFO - Processing /usr/local/python/3.12.1/lib/python3.12/site-packages/airflow/example_dags/example_dynamic_task_mapping.py took 0.057 seconds
