[2026-04-26T06:55:22.828+0000] {processor.py:161} INFO - Started process (PID=10155) to work on /usr/local/python/3.12.1/lib/python3.12/site-packages/airflow/example_dags/example_short_circuit_operator.py
[2026-04-26T06:55:22.829+0000] {processor.py:830} INFO - Processing file /usr/local/python/3.12.1/lib/python3.12/site-packages/airflow/example_dags/example_short_circuit_operator.py for tasks to queue
[2026-04-26T06:55:22.832+0000] {logging_mixin.py:188} INFO - [2026-04-26T06:55:22.831+0000] {dagbag.py:540} INFO - Filling up the DagBag from /usr/local/python/3.12.1/lib/python3.12/site-packages/airflow/example_dags/example_short_circuit_operator.py
[2026-04-26T06:55:22.843+0000] {processor.py:840} INFO - DAG(s) 'example_short_circuit_operator' retrieved from /usr/local/python/3.12.1/lib/python3.12/site-packages/airflow/example_dags/example_short_circuit_operator.py
[2026-04-26T06:55:22.947+0000] {logging_mixin.py:188} INFO - [2026-04-26T06:55:22.946+0000] {dag.py:3096} INFO - Sync 1 DAGs
[2026-04-26T06:55:22.971+0000] {logging_mixin.py:188} INFO - [2026-04-26T06:55:22.970+0000] {dag.py:3954} INFO - Setting next_dagrun for example_short_circuit_operator to 2026-04-25 00:00:00+00:00, run_after=2026-04-26 00:00:00+00:00
[2026-04-26T06:55:23.002+0000] {processor.py:183} INFO - Processing /usr/local/python/3.12.1/lib/python3.12/site-packages/airflow/example_dags/example_short_circuit_operator.py took 0.178 seconds
[2026-04-26T06:56:15.434+0000] {processor.py:161} INFO - Started process (PID=10605) to work on /usr/local/python/3.12.1/lib/python3.12/site-packages/airflow/example_dags/example_short_circuit_operator.py
[2026-04-26T06:56:15.435+0000] {processor.py:830} INFO - Processing file /usr/local/python/3.12.1/lib/python3.12/site-packages/airflow/example_dags/example_short_circuit_operator.py for tasks to queue
[2026-04-26T06:56:15.435+0000] {logging_mixin.py:188} INFO - [2026-04-26T06:56:15.435+0000] {dagbag.py:540} INFO - Filling up the DagBag from /usr/local/python/3.12.1/lib/python3.12/site-packages/airflow/example_dags/example_short_circuit_operator.py
[2026-04-26T06:56:15.441+0000] {processor.py:840} INFO - DAG(s) 'example_short_circuit_operator' retrieved from /usr/local/python/3.12.1/lib/python3.12/site-packages/airflow/example_dags/example_short_circuit_operator.py
[2026-04-26T06:56:15.454+0000] {logging_mixin.py:188} INFO - [2026-04-26T06:56:15.454+0000] {dag.py:3096} INFO - Sync 1 DAGs
[2026-04-26T06:56:15.469+0000] {logging_mixin.py:188} INFO - [2026-04-26T06:56:15.468+0000] {dag.py:3954} INFO - Setting next_dagrun for example_short_circuit_operator to 2026-04-25 00:00:00+00:00, run_after=2026-04-26 00:00:00+00:00
[2026-04-26T06:56:15.489+0000] {processor.py:183} INFO - Processing /usr/local/python/3.12.1/lib/python3.12/site-packages/airflow/example_dags/example_short_circuit_operator.py took 0.059 seconds
[2026-04-26T06:57:05.665+0000] {processor.py:161} INFO - Started process (PID=11134) to work on /usr/local/python/3.12.1/lib/python3.12/site-packages/airflow/example_dags/example_short_circuit_operator.py
[2026-04-26T06:57:05.666+0000] {processor.py:830} INFO - Processing file /usr/local/python/3.12.1/lib/python3.12/site-packages/airflow/example_dags/example_short_circuit_operator.py for tasks to queue
[2026-04-26T06:57:05.667+0000] {logging_mixin.py:188} INFO - [2026-04-26T06:57:05.666+0000] {dagbag.py:540} INFO - Filling up the DagBag from /usr/local/python/3.12.1/lib/python3.12/site-packages/airflow/example_dags/example_short_circuit_operator.py
[2026-04-26T06:57:05.672+0000] {processor.py:840} INFO - DAG(s) 'example_short_circuit_operator' retrieved from /usr/local/python/3.12.1/lib/python3.12/site-packages/airflow/example_dags/example_short_circuit_operator.py
[2026-04-26T06:57:05.685+0000] {logging_mixin.py:188} INFO - [2026-04-26T06:57:05.685+0000] {dag.py:3096} INFO - Sync 1 DAGs
[2026-04-26T06:57:05.703+0000] {logging_mixin.py:188} INFO - [2026-04-26T06:57:05.703+0000] {dag.py:3954} INFO - Setting next_dagrun for example_short_circuit_operator to 2026-04-25 00:00:00+00:00, run_after=2026-04-26 00:00:00+00:00
[2026-04-26T06:57:05.719+0000] {processor.py:183} INFO - Processing /usr/local/python/3.12.1/lib/python3.12/site-packages/airflow/example_dags/example_short_circuit_operator.py took 0.058 seconds
[2026-04-26T06:57:49.056+0000] {processor.py:161} INFO - Started process (PID=11583) to work on /usr/local/python/3.12.1/lib/python3.12/site-packages/airflow/example_dags/example_short_circuit_operator.py
[2026-04-26T06:57:49.057+0000] {processor.py:830} INFO - Processing file /usr/local/python/3.12.1/lib/python3.12/site-packages/airflow/example_dags/example_short_circuit_operator.py for tasks to queue
[2026-04-26T06:57:49.058+0000] {logging_mixin.py:188} INFO - [2026-04-26T06:57:49.058+0000] {dagbag.py:540} INFO - Filling up the DagBag from /usr/local/python/3.12.1/lib/python3.12/site-packages/airflow/example_dags/example_short_circuit_operator.py
[2026-04-26T06:57:49.064+0000] {processor.py:840} INFO - DAG(s) 'example_short_circuit_operator' retrieved from /usr/local/python/3.12.1/lib/python3.12/site-packages/airflow/example_dags/example_short_circuit_operator.py
[2026-04-26T06:57:49.077+0000] {logging_mixin.py:188} INFO - [2026-04-26T06:57:49.077+0000] {dag.py:3096} INFO - Sync 1 DAGs
[2026-04-26T06:57:49.092+0000] {logging_mixin.py:188} INFO - [2026-04-26T06:57:49.092+0000] {dag.py:3954} INFO - Setting next_dagrun for example_short_circuit_operator to 2026-04-25 00:00:00+00:00, run_after=2026-04-26 00:00:00+00:00
[2026-04-26T06:57:49.108+0000] {processor.py:183} INFO - Processing /usr/local/python/3.12.1/lib/python3.12/site-packages/airflow/example_dags/example_short_circuit_operator.py took 0.055 seconds
[2026-04-26T06:58:32.771+0000] {processor.py:161} INFO - Started process (PID=12180) to work on /usr/local/python/3.12.1/lib/python3.12/site-packages/airflow/example_dags/example_short_circuit_operator.py
[2026-04-26T06:58:32.771+0000] {processor.py:830} INFO - Processing file /usr/local/python/3.12.1/lib/python3.12/site-packages/airflow/example_dags/example_short_circuit_operator.py for tasks to queue
[2026-04-26T06:58:32.772+0000] {logging_mixin.py:188} INFO - [2026-04-26T06:58:32.772+0000] {dagbag.py:540} INFO - Filling up the DagBag from /usr/local/python/3.12.1/lib/python3.12/site-packages/airflow/example_dags/example_short_circuit_operator.py
[2026-04-26T06:58:32.778+0000] {processor.py:840} INFO - DAG(s) 'example_short_circuit_operator' retrieved from /usr/local/python/3.12.1/lib/python3.12/site-packages/airflow/example_dags/example_short_circuit_operator.py
[2026-04-26T06:58:32.792+0000] {logging_mixin.py:188} INFO - [2026-04-26T06:58:32.792+0000] {dag.py:3096} INFO - Sync 1 DAGs
[2026-04-26T06:58:32.807+0000] {logging_mixin.py:188} INFO - [2026-04-26T06:58:32.807+0000] {dag.py:3954} INFO - Setting next_dagrun for example_short_circuit_operator to 2026-04-25 00:00:00+00:00, run_after=2026-04-26 00:00:00+00:00
[2026-04-26T06:58:32.824+0000] {processor.py:183} INFO - Processing /usr/local/python/3.12.1/lib/python3.12/site-packages/airflow/example_dags/example_short_circuit_operator.py took 0.058 seconds
[2026-04-26T06:59:12.672+0000] {processor.py:161} INFO - Started process (PID=12587) to work on /usr/local/python/3.12.1/lib/python3.12/site-packages/airflow/example_dags/example_short_circuit_operator.py
[2026-04-26T06:59:12.672+0000] {processor.py:830} INFO - Processing file /usr/local/python/3.12.1/lib/python3.12/site-packages/airflow/example_dags/example_short_circuit_operator.py for tasks to queue
[2026-04-26T06:59:12.673+0000] {logging_mixin.py:188} INFO - [2026-04-26T06:59:12.673+0000] {dagbag.py:540} INFO - Filling up the DagBag from /usr/local/python/3.12.1/lib/python3.12/site-packages/airflow/example_dags/example_short_circuit_operator.py
[2026-04-26T06:59:12.679+0000] {processor.py:840} INFO - DAG(s) 'example_short_circuit_operator' retrieved from /usr/local/python/3.12.1/lib/python3.12/site-packages/airflow/example_dags/example_short_circuit_operator.py
[2026-04-26T06:59:12.692+0000] {logging_mixin.py:188} INFO - [2026-04-26T06:59:12.691+0000] {dag.py:3096} INFO - Sync 1 DAGs
[2026-04-26T06:59:12.705+0000] {logging_mixin.py:188} INFO - [2026-04-26T06:59:12.705+0000] {dag.py:3954} INFO - Setting next_dagrun for example_short_circuit_operator to 2026-04-25 00:00:00+00:00, run_after=2026-04-26 00:00:00+00:00
[2026-04-26T06:59:12.720+0000] {processor.py:183} INFO - Processing /usr/local/python/3.12.1/lib/python3.12/site-packages/airflow/example_dags/example_short_circuit_operator.py took 0.052 seconds
[2026-04-26T06:59:52.315+0000] {processor.py:161} INFO - Started process (PID=12929) to work on /usr/local/python/3.12.1/lib/python3.12/site-packages/airflow/example_dags/example_short_circuit_operator.py
[2026-04-26T06:59:52.315+0000] {processor.py:830} INFO - Processing file /usr/local/python/3.12.1/lib/python3.12/site-packages/airflow/example_dags/example_short_circuit_operator.py for tasks to queue
[2026-04-26T06:59:52.316+0000] {logging_mixin.py:188} INFO - [2026-04-26T06:59:52.316+0000] {dagbag.py:540} INFO - Filling up the DagBag from /usr/local/python/3.12.1/lib/python3.12/site-packages/airflow/example_dags/example_short_circuit_operator.py
[2026-04-26T06:59:52.322+0000] {processor.py:840} INFO - DAG(s) 'example_short_circuit_operator' retrieved from /usr/local/python/3.12.1/lib/python3.12/site-packages/airflow/example_dags/example_short_circuit_operator.py
[2026-04-26T06:59:52.336+0000] {logging_mixin.py:188} INFO - [2026-04-26T06:59:52.336+0000] {dag.py:3096} INFO - Sync 1 DAGs
[2026-04-26T06:59:52.350+0000] {logging_mixin.py:188} INFO - [2026-04-26T06:59:52.350+0000] {dag.py:3954} INFO - Setting next_dagrun for example_short_circuit_operator to 2026-04-25 00:00:00+00:00, run_after=2026-04-26 00:00:00+00:00
[2026-04-26T06:59:52.366+0000] {processor.py:183} INFO - Processing /usr/local/python/3.12.1/lib/python3.12/site-packages/airflow/example_dags/example_short_circuit_operator.py took 0.055 seconds
[2026-04-26T07:00:35.688+0000] {processor.py:161} INFO - Started process (PID=13344) to work on /usr/local/python/3.12.1/lib/python3.12/site-packages/airflow/example_dags/example_short_circuit_operator.py
[2026-04-26T07:00:35.688+0000] {processor.py:830} INFO - Processing file /usr/local/python/3.12.1/lib/python3.12/site-packages/airflow/example_dags/example_short_circuit_operator.py for tasks to queue
[2026-04-26T07:00:35.689+0000] {logging_mixin.py:188} INFO - [2026-04-26T07:00:35.689+0000] {dagbag.py:540} INFO - Filling up the DagBag from /usr/local/python/3.12.1/lib/python3.12/site-packages/airflow/example_dags/example_short_circuit_operator.py
[2026-04-26T07:00:35.695+0000] {processor.py:840} INFO - DAG(s) 'example_short_circuit_operator' retrieved from /usr/local/python/3.12.1/lib/python3.12/site-packages/airflow/example_dags/example_short_circuit_operator.py
[2026-04-26T07:00:35.708+0000] {logging_mixin.py:188} INFO - [2026-04-26T07:00:35.708+0000] {dag.py:3096} INFO - Sync 1 DAGs
[2026-04-26T07:00:35.723+0000] {logging_mixin.py:188} INFO - [2026-04-26T07:00:35.723+0000] {dag.py:3954} INFO - Setting next_dagrun for example_short_circuit_operator to 2026-04-25 00:00:00+00:00, run_after=2026-04-26 00:00:00+00:00
[2026-04-26T07:00:35.755+0000] {processor.py:183} INFO - Processing /usr/local/python/3.12.1/lib/python3.12/site-packages/airflow/example_dags/example_short_circuit_operator.py took 0.072 seconds
[2026-04-26T07:01:20.857+0000] {processor.py:161} INFO - Started process (PID=13742) to work on /usr/local/python/3.12.1/lib/python3.12/site-packages/airflow/example_dags/example_short_circuit_operator.py
[2026-04-26T07:01:20.858+0000] {processor.py:830} INFO - Processing file /usr/local/python/3.12.1/lib/python3.12/site-packages/airflow/example_dags/example_short_circuit_operator.py for tasks to queue
[2026-04-26T07:01:20.859+0000] {logging_mixin.py:188} INFO - [2026-04-26T07:01:20.858+0000] {dagbag.py:540} INFO - Filling up the DagBag from /usr/local/python/3.12.1/lib/python3.12/site-packages/airflow/example_dags/example_short_circuit_operator.py
[2026-04-26T07:01:20.864+0000] {processor.py:840} INFO - DAG(s) 'example_short_circuit_operator' retrieved from /usr/local/python/3.12.1/lib/python3.12/site-packages/airflow/example_dags/example_short_circuit_operator.py
[2026-04-26T07:01:20.880+0000] {logging_mixin.py:188} INFO - [2026-04-26T07:01:20.880+0000] {dag.py:3096} INFO - Sync 1 DAGs
[2026-04-26T07:01:20.894+0000] {logging_mixin.py:188} INFO - [2026-04-26T07:01:20.894+0000] {dag.py:3954} INFO - Setting next_dagrun for example_short_circuit_operator to 2026-04-25 00:00:00+00:00, run_after=2026-04-26 00:00:00+00:00
[2026-04-26T07:01:20.911+0000] {processor.py:183} INFO - Processing /usr/local/python/3.12.1/lib/python3.12/site-packages/airflow/example_dags/example_short_circuit_operator.py took 0.058 seconds
[2026-04-26T07:02:05.844+0000] {processor.py:161} INFO - Started process (PID=14121) to work on /usr/local/python/3.12.1/lib/python3.12/site-packages/airflow/example_dags/example_short_circuit_operator.py
[2026-04-26T07:02:05.845+0000] {processor.py:830} INFO - Processing file /usr/local/python/3.12.1/lib/python3.12/site-packages/airflow/example_dags/example_short_circuit_operator.py for tasks to queue
[2026-04-26T07:02:05.846+0000] {logging_mixin.py:188} INFO - [2026-04-26T07:02:05.845+0000] {dagbag.py:540} INFO - Filling up the DagBag from /usr/local/python/3.12.1/lib/python3.12/site-packages/airflow/example_dags/example_short_circuit_operator.py
[2026-04-26T07:02:05.855+0000] {processor.py:840} INFO - DAG(s) 'example_short_circuit_operator' retrieved from /usr/local/python/3.12.1/lib/python3.12/site-packages/airflow/example_dags/example_short_circuit_operator.py
[2026-04-26T07:02:05.880+0000] {logging_mixin.py:188} INFO - [2026-04-26T07:02:05.880+0000] {dag.py:3096} INFO - Sync 1 DAGs
[2026-04-26T07:02:05.911+0000] {logging_mixin.py:188} INFO - [2026-04-26T07:02:05.910+0000] {dag.py:3954} INFO - Setting next_dagrun for example_short_circuit_operator to 2026-04-25 00:00:00+00:00, run_after=2026-04-26 00:00:00+00:00
[2026-04-26T07:02:05.942+0000] {processor.py:183} INFO - Processing /usr/local/python/3.12.1/lib/python3.12/site-packages/airflow/example_dags/example_short_circuit_operator.py took 0.104 seconds
[2026-04-26T07:02:51.942+0000] {processor.py:161} INFO - Started process (PID=14511) to work on /usr/local/python/3.12.1/lib/python3.12/site-packages/airflow/example_dags/example_short_circuit_operator.py
[2026-04-26T07:02:51.942+0000] {processor.py:830} INFO - Processing file /usr/local/python/3.12.1/lib/python3.12/site-packages/airflow/example_dags/example_short_circuit_operator.py for tasks to queue
[2026-04-26T07:02:51.946+0000] {logging_mixin.py:188} INFO - [2026-04-26T07:02:51.944+0000] {dagbag.py:540} INFO - Filling up the DagBag from /usr/local/python/3.12.1/lib/python3.12/site-packages/airflow/example_dags/example_short_circuit_operator.py
[2026-04-26T07:02:51.957+0000] {processor.py:840} INFO - DAG(s) 'example_short_circuit_operator' retrieved from /usr/local/python/3.12.1/lib/python3.12/site-packages/airflow/example_dags/example_short_circuit_operator.py
[2026-04-26T07:02:51.980+0000] {logging_mixin.py:188} INFO - [2026-04-26T07:02:51.980+0000] {dag.py:3096} INFO - Sync 1 DAGs
[2026-04-26T07:02:52.005+0000] {logging_mixin.py:188} INFO - [2026-04-26T07:02:52.004+0000] {dag.py:3954} INFO - Setting next_dagrun for example_short_circuit_operator to 2026-04-25 00:00:00+00:00, run_after=2026-04-26 00:00:00+00:00
[2026-04-26T07:02:52.033+0000] {processor.py:183} INFO - Processing /usr/local/python/3.12.1/lib/python3.12/site-packages/airflow/example_dags/example_short_circuit_operator.py took 0.100 seconds
[2026-04-26T07:03:36.852+0000] {processor.py:161} INFO - Started process (PID=14857) to work on /usr/local/python/3.12.1/lib/python3.12/site-packages/airflow/example_dags/example_short_circuit_operator.py
[2026-04-26T07:03:36.852+0000] {processor.py:830} INFO - Processing file /usr/local/python/3.12.1/lib/python3.12/site-packages/airflow/example_dags/example_short_circuit_operator.py for tasks to queue
[2026-04-26T07:03:36.853+0000] {logging_mixin.py:188} INFO - [2026-04-26T07:03:36.853+0000] {dagbag.py:540} INFO - Filling up the DagBag from /usr/local/python/3.12.1/lib/python3.12/site-packages/airflow/example_dags/example_short_circuit_operator.py
[2026-04-26T07:03:36.859+0000] {processor.py:840} INFO - DAG(s) 'example_short_circuit_operator' retrieved from /usr/local/python/3.12.1/lib/python3.12/site-packages/airflow/example_dags/example_short_circuit_operator.py
[2026-04-26T07:03:36.874+0000] {logging_mixin.py:188} INFO - [2026-04-26T07:03:36.873+0000] {dag.py:3096} INFO - Sync 1 DAGs
[2026-04-26T07:03:36.889+0000] {logging_mixin.py:188} INFO - [2026-04-26T07:03:36.888+0000] {dag.py:3954} INFO - Setting next_dagrun for example_short_circuit_operator to 2026-04-25 00:00:00+00:00, run_after=2026-04-26 00:00:00+00:00
[2026-04-26T07:03:36.904+0000] {processor.py:183} INFO - Processing /usr/local/python/3.12.1/lib/python3.12/site-packages/airflow/example_dags/example_short_circuit_operator.py took 0.056 seconds
[2026-04-26T07:04:14.832+0000] {processor.py:161} INFO - Started process (PID=15271) to work on /usr/local/python/3.12.1/lib/python3.12/site-packages/airflow/example_dags/example_short_circuit_operator.py
[2026-04-26T07:04:14.833+0000] {processor.py:830} INFO - Processing file /usr/local/python/3.12.1/lib/python3.12/site-packages/airflow/example_dags/example_short_circuit_operator.py for tasks to queue
[2026-04-26T07:04:14.834+0000] {logging_mixin.py:188} INFO - [2026-04-26T07:04:14.833+0000] {dagbag.py:540} INFO - Filling up the DagBag from /usr/local/python/3.12.1/lib/python3.12/site-packages/airflow/example_dags/example_short_circuit_operator.py
[2026-04-26T07:04:14.844+0000] {processor.py:840} INFO - DAG(s) 'example_short_circuit_operator' retrieved from /usr/local/python/3.12.1/lib/python3.12/site-packages/airflow/example_dags/example_short_circuit_operator.py
[2026-04-26T07:04:14.870+0000] {logging_mixin.py:188} INFO - [2026-04-26T07:04:14.870+0000] {dag.py:3096} INFO - Sync 1 DAGs
[2026-04-26T07:04:14.899+0000] {logging_mixin.py:188} INFO - [2026-04-26T07:04:14.899+0000] {dag.py:3954} INFO - Setting next_dagrun for example_short_circuit_operator to 2026-04-25 00:00:00+00:00, run_after=2026-04-26 00:00:00+00:00
[2026-04-26T07:04:14.929+0000] {processor.py:183} INFO - Processing /usr/local/python/3.12.1/lib/python3.12/site-packages/airflow/example_dags/example_short_circuit_operator.py took 0.105 seconds
[2026-04-26T07:04:55.477+0000] {processor.py:161} INFO - Started process (PID=15701) to work on /usr/local/python/3.12.1/lib/python3.12/site-packages/airflow/example_dags/example_short_circuit_operator.py
[2026-04-26T07:04:55.477+0000] {processor.py:830} INFO - Processing file /usr/local/python/3.12.1/lib/python3.12/site-packages/airflow/example_dags/example_short_circuit_operator.py for tasks to queue
[2026-04-26T07:04:55.478+0000] {logging_mixin.py:188} INFO - [2026-04-26T07:04:55.478+0000] {dagbag.py:540} INFO - Filling up the DagBag from /usr/local/python/3.12.1/lib/python3.12/site-packages/airflow/example_dags/example_short_circuit_operator.py
[2026-04-26T07:04:55.484+0000] {processor.py:840} INFO - DAG(s) 'example_short_circuit_operator' retrieved from /usr/local/python/3.12.1/lib/python3.12/site-packages/airflow/example_dags/example_short_circuit_operator.py
[2026-04-26T07:04:55.498+0000] {logging_mixin.py:188} INFO - [2026-04-26T07:04:55.498+0000] {dag.py:3096} INFO - Sync 1 DAGs
[2026-04-26T07:04:55.512+0000] {logging_mixin.py:188} INFO - [2026-04-26T07:04:55.512+0000] {dag.py:3954} INFO - Setting next_dagrun for example_short_circuit_operator to 2026-04-25 00:00:00+00:00, run_after=2026-04-26 00:00:00+00:00
[2026-04-26T07:04:55.528+0000] {processor.py:183} INFO - Processing /usr/local/python/3.12.1/lib/python3.12/site-packages/airflow/example_dags/example_short_circuit_operator.py took 0.056 seconds
[2026-04-26T07:05:50.554+0000] {processor.py:161} INFO - Started process (PID=16346) to work on /usr/local/python/3.12.1/lib/python3.12/site-packages/airflow/example_dags/example_short_circuit_operator.py
[2026-04-26T07:05:50.555+0000] {processor.py:830} INFO - Processing file /usr/local/python/3.12.1/lib/python3.12/site-packages/airflow/example_dags/example_short_circuit_operator.py for tasks to queue
[2026-04-26T07:05:50.556+0000] {logging_mixin.py:188} INFO - [2026-04-26T07:05:50.555+0000] {dagbag.py:540} INFO - Filling up the DagBag from /usr/local/python/3.12.1/lib/python3.12/site-packages/airflow/example_dags/example_short_circuit_operator.py
[2026-04-26T07:05:50.561+0000] {processor.py:840} INFO - DAG(s) 'example_short_circuit_operator' retrieved from /usr/local/python/3.12.1/lib/python3.12/site-packages/airflow/example_dags/example_short_circuit_operator.py
[2026-04-26T07:05:50.581+0000] {logging_mixin.py:188} INFO - [2026-04-26T07:05:50.581+0000] {dag.py:3096} INFO - Sync 1 DAGs
[2026-04-26T07:05:50.598+0000] {logging_mixin.py:188} INFO - [2026-04-26T07:05:50.597+0000] {dag.py:3954} INFO - Setting next_dagrun for example_short_circuit_operator to 2026-04-25 00:00:00+00:00, run_after=2026-04-26 00:00:00+00:00
[2026-04-26T07:05:50.616+0000] {processor.py:183} INFO - Processing /usr/local/python/3.12.1/lib/python3.12/site-packages/airflow/example_dags/example_short_circuit_operator.py took 0.067 seconds
[2026-04-26T07:06:31.217+0000] {processor.py:161} INFO - Started process (PID=16662) to work on /usr/local/python/3.12.1/lib/python3.12/site-packages/airflow/example_dags/example_short_circuit_operator.py
[2026-04-26T07:06:31.218+0000] {processor.py:830} INFO - Processing file /usr/local/python/3.12.1/lib/python3.12/site-packages/airflow/example_dags/example_short_circuit_operator.py for tasks to queue
[2026-04-26T07:06:31.218+0000] {logging_mixin.py:188} INFO - [2026-04-26T07:06:31.218+0000] {dagbag.py:540} INFO - Filling up the DagBag from /usr/local/python/3.12.1/lib/python3.12/site-packages/airflow/example_dags/example_short_circuit_operator.py
[2026-04-26T07:06:31.224+0000] {processor.py:840} INFO - DAG(s) 'example_short_circuit_operator' retrieved from /usr/local/python/3.12.1/lib/python3.12/site-packages/airflow/example_dags/example_short_circuit_operator.py
[2026-04-26T07:06:31.237+0000] {logging_mixin.py:188} INFO - [2026-04-26T07:06:31.237+0000] {dag.py:3096} INFO - Sync 1 DAGs
[2026-04-26T07:06:31.252+0000] {logging_mixin.py:188} INFO - [2026-04-26T07:06:31.252+0000] {dag.py:3954} INFO - Setting next_dagrun for example_short_circuit_operator to 2026-04-25 00:00:00+00:00, run_after=2026-04-26 00:00:00+00:00
[2026-04-26T07:06:31.268+0000] {processor.py:183} INFO - Processing /usr/local/python/3.12.1/lib/python3.12/site-packages/airflow/example_dags/example_short_circuit_operator.py took 0.055 seconds
[2026-04-26T07:07:12.343+0000] {processor.py:161} INFO - Started process (PID=16995) to work on /usr/local/python/3.12.1/lib/python3.12/site-packages/airflow/example_dags/example_short_circuit_operator.py
[2026-04-26T07:07:12.344+0000] {processor.py:830} INFO - Processing file /usr/local/python/3.12.1/lib/python3.12/site-packages/airflow/example_dags/example_short_circuit_operator.py for tasks to queue
[2026-04-26T07:07:12.345+0000] {logging_mixin.py:188} INFO - [2026-04-26T07:07:12.345+0000] {dagbag.py:540} INFO - Filling up the DagBag from /usr/local/python/3.12.1/lib/python3.12/site-packages/airflow/example_dags/example_short_circuit_operator.py
[2026-04-26T07:07:12.354+0000] {processor.py:840} INFO - DAG(s) 'example_short_circuit_operator' retrieved from /usr/local/python/3.12.1/lib/python3.12/site-packages/airflow/example_dags/example_short_circuit_operator.py
[2026-04-26T07:07:12.375+0000] {logging_mixin.py:188} INFO - [2026-04-26T07:07:12.375+0000] {dag.py:3096} INFO - Sync 1 DAGs
[2026-04-26T07:07:12.420+0000] {logging_mixin.py:188} INFO - [2026-04-26T07:07:12.420+0000] {dag.py:3954} INFO - Setting next_dagrun for example_short_circuit_operator to 2026-04-25 00:00:00+00:00, run_after=2026-04-26 00:00:00+00:00
[2026-04-26T07:07:12.455+0000] {processor.py:183} INFO - Processing /usr/local/python/3.12.1/lib/python3.12/site-packages/airflow/example_dags/example_short_circuit_operator.py took 0.118 seconds
[2026-04-26T07:07:54.175+0000] {processor.py:161} INFO - Started process (PID=17347) to work on /usr/local/python/3.12.1/lib/python3.12/site-packages/airflow/example_dags/example_short_circuit_operator.py
[2026-04-26T07:07:54.176+0000] {processor.py:830} INFO - Processing file /usr/local/python/3.12.1/lib/python3.12/site-packages/airflow/example_dags/example_short_circuit_operator.py for tasks to queue
[2026-04-26T07:07:54.179+0000] {logging_mixin.py:188} INFO - [2026-04-26T07:07:54.179+0000] {dagbag.py:540} INFO - Filling up the DagBag from /usr/local/python/3.12.1/lib/python3.12/site-packages/airflow/example_dags/example_short_circuit_operator.py
[2026-04-26T07:07:54.191+0000] {processor.py:840} INFO - DAG(s) 'example_short_circuit_operator' retrieved from /usr/local/python/3.12.1/lib/python3.12/site-packages/airflow/example_dags/example_short_circuit_operator.py
[2026-04-26T07:07:54.221+0000] {logging_mixin.py:188} INFO - [2026-04-26T07:07:54.220+0000] {dag.py:3096} INFO - Sync 1 DAGs
[2026-04-26T07:07:54.247+0000] {logging_mixin.py:188} INFO - [2026-04-26T07:07:54.246+0000] {dag.py:3954} INFO - Setting next_dagrun for example_short_circuit_operator to 2026-04-25 00:00:00+00:00, run_after=2026-04-26 00:00:00+00:00
[2026-04-26T07:07:54.283+0000] {processor.py:183} INFO - Processing /usr/local/python/3.12.1/lib/python3.12/site-packages/airflow/example_dags/example_short_circuit_operator.py took 0.122 seconds
[2026-04-26T07:08:37.511+0000] {processor.py:161} INFO - Started process (PID=17794) to work on /usr/local/python/3.12.1/lib/python3.12/site-packages/airflow/example_dags/example_short_circuit_operator.py
[2026-04-26T07:08:37.514+0000] {processor.py:830} INFO - Processing file /usr/local/python/3.12.1/lib/python3.12/site-packages/airflow/example_dags/example_short_circuit_operator.py for tasks to queue
[2026-04-26T07:08:37.516+0000] {logging_mixin.py:188} INFO - [2026-04-26T07:08:37.516+0000] {dagbag.py:540} INFO - Filling up the DagBag from /usr/local/python/3.12.1/lib/python3.12/site-packages/airflow/example_dags/example_short_circuit_operator.py
[2026-04-26T07:08:37.551+0000] {processor.py:840} INFO - DAG(s) 'example_short_circuit_operator' retrieved from /usr/local/python/3.12.1/lib/python3.12/site-packages/airflow/example_dags/example_short_circuit_operator.py
[2026-04-26T07:08:37.631+0000] {logging_mixin.py:188} INFO - [2026-04-26T07:08:37.631+0000] {dag.py:3096} INFO - Sync 1 DAGs
[2026-04-26T07:08:37.792+0000] {logging_mixin.py:188} INFO - [2026-04-26T07:08:37.785+0000] {dag.py:3954} INFO - Setting next_dagrun for example_short_circuit_operator to 2026-04-25 00:00:00+00:00, run_after=2026-04-26 00:00:00+00:00
[2026-04-26T07:08:37.905+0000] {processor.py:183} INFO - Processing /usr/local/python/3.12.1/lib/python3.12/site-packages/airflow/example_dags/example_short_circuit_operator.py took 0.410 seconds
[2026-04-26T07:09:28.110+0000] {processor.py:161} INFO - Started process (PID=18298) to work on /usr/local/python/3.12.1/lib/python3.12/site-packages/airflow/example_dags/example_short_circuit_operator.py
[2026-04-26T07:09:28.112+0000] {processor.py:830} INFO - Processing file /usr/local/python/3.12.1/lib/python3.12/site-packages/airflow/example_dags/example_short_circuit_operator.py for tasks to queue
[2026-04-26T07:09:28.113+0000] {logging_mixin.py:188} INFO - [2026-04-26T07:09:28.112+0000] {dagbag.py:540} INFO - Filling up the DagBag from /usr/local/python/3.12.1/lib/python3.12/site-packages/airflow/example_dags/example_short_circuit_operator.py
[2026-04-26T07:09:28.122+0000] {processor.py:840} INFO - DAG(s) 'example_short_circuit_operator' retrieved from /usr/local/python/3.12.1/lib/python3.12/site-packages/airflow/example_dags/example_short_circuit_operator.py
[2026-04-26T07:09:28.143+0000] {logging_mixin.py:188} INFO - [2026-04-26T07:09:28.143+0000] {dag.py:3096} INFO - Sync 1 DAGs
[2026-04-26T07:09:28.163+0000] {logging_mixin.py:188} INFO - [2026-04-26T07:09:28.163+0000] {dag.py:3954} INFO - Setting next_dagrun for example_short_circuit_operator to 2026-04-25 00:00:00+00:00, run_after=2026-04-26 00:00:00+00:00
[2026-04-26T07:09:28.189+0000] {processor.py:183} INFO - Processing /usr/local/python/3.12.1/lib/python3.12/site-packages/airflow/example_dags/example_short_circuit_operator.py took 0.084 seconds
[2026-04-26T07:09:46.354+0000] {processor.py:161} INFO - Started process (PID=18625) to work on /usr/local/python/3.12.1/lib/python3.12/site-packages/airflow/example_dags/example_short_circuit_operator.py
[2026-04-26T07:09:46.354+0000] {processor.py:830} INFO - Processing file /usr/local/python/3.12.1/lib/python3.12/site-packages/airflow/example_dags/example_short_circuit_operator.py for tasks to queue
[2026-04-26T07:09:46.355+0000] {logging_mixin.py:188} INFO - [2026-04-26T07:09:46.355+0000] {dagbag.py:540} INFO - Filling up the DagBag from /usr/local/python/3.12.1/lib/python3.12/site-packages/airflow/example_dags/example_short_circuit_operator.py
[2026-04-26T07:09:46.364+0000] {processor.py:840} INFO - DAG(s) 'example_short_circuit_operator' retrieved from /usr/local/python/3.12.1/lib/python3.12/site-packages/airflow/example_dags/example_short_circuit_operator.py
[2026-04-26T07:09:46.378+0000] {logging_mixin.py:188} INFO - [2026-04-26T07:09:46.378+0000] {dag.py:3096} INFO - Sync 1 DAGs
[2026-04-26T07:09:46.392+0000] {logging_mixin.py:188} INFO - [2026-04-26T07:09:46.392+0000] {dag.py:3954} INFO - Setting next_dagrun for example_short_circuit_operator to 2026-04-25 00:00:00+00:00, run_after=2026-04-26 00:00:00+00:00
[2026-04-26T07:09:46.409+0000] {processor.py:183} INFO - Processing /usr/local/python/3.12.1/lib/python3.12/site-packages/airflow/example_dags/example_short_circuit_operator.py took 0.059 seconds
[2026-04-26T07:10:18.314+0000] {processor.py:161} INFO - Started process (PID=18952) to work on /usr/local/python/3.12.1/lib/python3.12/site-packages/airflow/example_dags/example_short_circuit_operator.py
[2026-04-26T07:10:18.315+0000] {processor.py:830} INFO - Processing file /usr/local/python/3.12.1/lib/python3.12/site-packages/airflow/example_dags/example_short_circuit_operator.py for tasks to queue
[2026-04-26T07:10:18.315+0000] {logging_mixin.py:188} INFO - [2026-04-26T07:10:18.315+0000] {dagbag.py:540} INFO - Filling up the DagBag from /usr/local/python/3.12.1/lib/python3.12/site-packages/airflow/example_dags/example_short_circuit_operator.py
[2026-04-26T07:10:18.321+0000] {processor.py:840} INFO - DAG(s) 'example_short_circuit_operator' retrieved from /usr/local/python/3.12.1/lib/python3.12/site-packages/airflow/example_dags/example_short_circuit_operator.py
[2026-04-26T07:10:18.334+0000] {logging_mixin.py:188} INFO - [2026-04-26T07:10:18.334+0000] {dag.py:3096} INFO - Sync 1 DAGs
[2026-04-26T07:10:18.349+0000] {logging_mixin.py:188} INFO - [2026-04-26T07:10:18.349+0000] {dag.py:3954} INFO - Setting next_dagrun for example_short_circuit_operator to 2026-04-25 00:00:00+00:00, run_after=2026-04-26 00:00:00+00:00
[2026-04-26T07:10:18.365+0000] {processor.py:183} INFO - Processing /usr/local/python/3.12.1/lib/python3.12/site-packages/airflow/example_dags/example_short_circuit_operator.py took 0.055 seconds
[2026-04-26T07:10:36.163+0000] {processor.py:161} INFO - Started process (PID=19101) to work on /usr/local/python/3.12.1/lib/python3.12/site-packages/airflow/example_dags/example_short_circuit_operator.py
[2026-04-26T07:10:36.163+0000] {processor.py:830} INFO - Processing file /usr/local/python/3.12.1/lib/python3.12/site-packages/airflow/example_dags/example_short_circuit_operator.py for tasks to queue
[2026-04-26T07:10:36.164+0000] {logging_mixin.py:188} INFO - [2026-04-26T07:10:36.164+0000] {dagbag.py:540} INFO - Filling up the DagBag from /usr/local/python/3.12.1/lib/python3.12/site-packages/airflow/example_dags/example_short_circuit_operator.py
[2026-04-26T07:10:36.170+0000] {processor.py:840} INFO - DAG(s) 'example_short_circuit_operator' retrieved from /usr/local/python/3.12.1/lib/python3.12/site-packages/airflow/example_dags/example_short_circuit_operator.py
[2026-04-26T07:10:36.183+0000] {logging_mixin.py:188} INFO - [2026-04-26T07:10:36.183+0000] {dag.py:3096} INFO - Sync 1 DAGs
[2026-04-26T07:10:36.198+0000] {logging_mixin.py:188} INFO - [2026-04-26T07:10:36.198+0000] {dag.py:3954} INFO - Setting next_dagrun for example_short_circuit_operator to 2026-04-25 00:00:00+00:00, run_after=2026-04-26 00:00:00+00:00
[2026-04-26T07:10:36.214+0000] {processor.py:183} INFO - Processing /usr/local/python/3.12.1/lib/python3.12/site-packages/airflow/example_dags/example_short_circuit_operator.py took 0.056 seconds
[2026-04-26T07:11:00.025+0000] {processor.py:161} INFO - Started process (PID=19353) to work on /usr/local/python/3.12.1/lib/python3.12/site-packages/airflow/example_dags/example_short_circuit_operator.py
[2026-04-26T07:11:00.026+0000] {processor.py:830} INFO - Processing file /usr/local/python/3.12.1/lib/python3.12/site-packages/airflow/example_dags/example_short_circuit_operator.py for tasks to queue
[2026-04-26T07:11:00.027+0000] {logging_mixin.py:188} INFO - [2026-04-26T07:11:00.027+0000] {dagbag.py:540} INFO - Filling up the DagBag from /usr/local/python/3.12.1/lib/python3.12/site-packages/airflow/example_dags/example_short_circuit_operator.py
[2026-04-26T07:11:00.035+0000] {processor.py:840} INFO - DAG(s) 'example_short_circuit_operator' retrieved from /usr/local/python/3.12.1/lib/python3.12/site-packages/airflow/example_dags/example_short_circuit_operator.py
[2026-04-26T07:11:00.057+0000] {logging_mixin.py:188} INFO - [2026-04-26T07:11:00.057+0000] {dag.py:3096} INFO - Sync 1 DAGs
[2026-04-26T07:11:00.082+0000] {logging_mixin.py:188} INFO - [2026-04-26T07:11:00.082+0000] {dag.py:3954} INFO - Setting next_dagrun for example_short_circuit_operator to 2026-04-25 00:00:00+00:00, run_after=2026-04-26 00:00:00+00:00
[2026-04-26T07:11:00.104+0000] {processor.py:183} INFO - Processing /usr/local/python/3.12.1/lib/python3.12/site-packages/airflow/example_dags/example_short_circuit_operator.py took 0.085 seconds
[2026-04-26T07:11:26.977+0000] {processor.py:161} INFO - Started process (PID=19798) to work on /usr/local/python/3.12.1/lib/python3.12/site-packages/airflow/example_dags/example_short_circuit_operator.py
[2026-04-26T07:11:26.977+0000] {processor.py:830} INFO - Processing file /usr/local/python/3.12.1/lib/python3.12/site-packages/airflow/example_dags/example_short_circuit_operator.py for tasks to queue
[2026-04-26T07:11:26.978+0000] {logging_mixin.py:188} INFO - [2026-04-26T07:11:26.978+0000] {dagbag.py:540} INFO - Filling up the DagBag from /usr/local/python/3.12.1/lib/python3.12/site-packages/airflow/example_dags/example_short_circuit_operator.py
[2026-04-26T07:11:26.984+0000] {processor.py:840} INFO - DAG(s) 'example_short_circuit_operator' retrieved from /usr/local/python/3.12.1/lib/python3.12/site-packages/airflow/example_dags/example_short_circuit_operator.py
[2026-04-26T07:11:26.999+0000] {logging_mixin.py:188} INFO - [2026-04-26T07:11:26.999+0000] {dag.py:3096} INFO - Sync 1 DAGs
[2026-04-26T07:11:27.029+0000] {logging_mixin.py:188} INFO - [2026-04-26T07:11:27.028+0000] {dag.py:3954} INFO - Setting next_dagrun for example_short_circuit_operator to 2026-04-25 00:00:00+00:00, run_after=2026-04-26 00:00:00+00:00
[2026-04-26T07:11:27.071+0000] {processor.py:183} INFO - Processing /usr/local/python/3.12.1/lib/python3.12/site-packages/airflow/example_dags/example_short_circuit_operator.py took 0.099 seconds
[2026-04-26T07:11:44.307+0000] {processor.py:161} INFO - Started process (PID=19940) to work on /usr/local/python/3.12.1/lib/python3.12/site-packages/airflow/example_dags/example_short_circuit_operator.py
[2026-04-26T07:11:44.307+0000] {processor.py:830} INFO - Processing file /usr/local/python/3.12.1/lib/python3.12/site-packages/airflow/example_dags/example_short_circuit_operator.py for tasks to queue
[2026-04-26T07:11:44.308+0000] {logging_mixin.py:188} INFO - [2026-04-26T07:11:44.308+0000] {dagbag.py:540} INFO - Filling up the DagBag from /usr/local/python/3.12.1/lib/python3.12/site-packages/airflow/example_dags/example_short_circuit_operator.py
[2026-04-26T07:11:44.314+0000] {processor.py:840} INFO - DAG(s) 'example_short_circuit_operator' retrieved from /usr/local/python/3.12.1/lib/python3.12/site-packages/airflow/example_dags/example_short_circuit_operator.py
[2026-04-26T07:11:44.333+0000] {logging_mixin.py:188} INFO - [2026-04-26T07:11:44.332+0000] {dag.py:3096} INFO - Sync 1 DAGs
[2026-04-26T07:11:44.368+0000] {logging_mixin.py:188} INFO - [2026-04-26T07:11:44.367+0000] {dag.py:3954} INFO - Setting next_dagrun for example_short_circuit_operator to 2026-04-25 00:00:00+00:00, run_after=2026-04-26 00:00:00+00:00
[2026-04-26T07:11:44.398+0000] {processor.py:183} INFO - Processing /usr/local/python/3.12.1/lib/python3.12/site-packages/airflow/example_dags/example_short_circuit_operator.py took 0.095 seconds
[2026-04-26T07:12:12.128+0000] {processor.py:161} INFO - Started process (PID=20166) to work on /usr/local/python/3.12.1/lib/python3.12/site-packages/airflow/example_dags/example_short_circuit_operator.py
[2026-04-26T07:12:12.129+0000] {processor.py:830} INFO - Processing file /usr/local/python/3.12.1/lib/python3.12/site-packages/airflow/example_dags/example_short_circuit_operator.py for tasks to queue
[2026-04-26T07:12:12.130+0000] {logging_mixin.py:188} INFO - [2026-04-26T07:12:12.129+0000] {dagbag.py:540} INFO - Filling up the DagBag from /usr/local/python/3.12.1/lib/python3.12/site-packages/airflow/example_dags/example_short_circuit_operator.py
[2026-04-26T07:12:12.136+0000] {processor.py:840} INFO - DAG(s) 'example_short_circuit_operator' retrieved from /usr/local/python/3.12.1/lib/python3.12/site-packages/airflow/example_dags/example_short_circuit_operator.py
[2026-04-26T07:12:12.151+0000] {logging_mixin.py:188} INFO - [2026-04-26T07:12:12.151+0000] {dag.py:3096} INFO - Sync 1 DAGs
[2026-04-26T07:12:12.166+0000] {logging_mixin.py:188} INFO - [2026-04-26T07:12:12.166+0000] {dag.py:3954} INFO - Setting next_dagrun for example_short_circuit_operator to 2026-04-25 00:00:00+00:00, run_after=2026-04-26 00:00:00+00:00
[2026-04-26T07:12:12.182+0000] {processor.py:183} INFO - Processing /usr/local/python/3.12.1/lib/python3.12/site-packages/airflow/example_dags/example_short_circuit_operator.py took 0.058 seconds
[2026-04-26T07:12:29.284+0000] {processor.py:161} INFO - Started process (PID=20312) to work on /usr/local/python/3.12.1/lib/python3.12/site-packages/airflow/example_dags/example_short_circuit_operator.py
[2026-04-26T07:12:29.285+0000] {processor.py:830} INFO - Processing file /usr/local/python/3.12.1/lib/python3.12/site-packages/airflow/example_dags/example_short_circuit_operator.py for tasks to queue
[2026-04-26T07:12:29.286+0000] {logging_mixin.py:188} INFO - [2026-04-26T07:12:29.286+0000] {dagbag.py:540} INFO - Filling up the DagBag from /usr/local/python/3.12.1/lib/python3.12/site-packages/airflow/example_dags/example_short_circuit_operator.py
[2026-04-26T07:12:29.293+0000] {processor.py:840} INFO - DAG(s) 'example_short_circuit_operator' retrieved from /usr/local/python/3.12.1/lib/python3.12/site-packages/airflow/example_dags/example_short_circuit_operator.py
[2026-04-26T07:12:29.309+0000] {logging_mixin.py:188} INFO - [2026-04-26T07:12:29.309+0000] {dag.py:3096} INFO - Sync 1 DAGs
[2026-04-26T07:12:29.324+0000] {logging_mixin.py:188} INFO - [2026-04-26T07:12:29.324+0000] {dag.py:3954} INFO - Setting next_dagrun for example_short_circuit_operator to 2026-04-25 00:00:00+00:00, run_after=2026-04-26 00:00:00+00:00
[2026-04-26T07:12:29.484+0000] {processor.py:183} INFO - Processing /usr/local/python/3.12.1/lib/python3.12/site-packages/airflow/example_dags/example_short_circuit_operator.py took 0.204 seconds
[2026-04-26T07:12:50.764+0000] {processor.py:161} INFO - Started process (PID=20540) to work on /usr/local/python/3.12.1/lib/python3.12/site-packages/airflow/example_dags/example_short_circuit_operator.py
[2026-04-26T07:12:50.765+0000] {processor.py:830} INFO - Processing file /usr/local/python/3.12.1/lib/python3.12/site-packages/airflow/example_dags/example_short_circuit_operator.py for tasks to queue
[2026-04-26T07:12:50.765+0000] {logging_mixin.py:188} INFO - [2026-04-26T07:12:50.765+0000] {dagbag.py:540} INFO - Filling up the DagBag from /usr/local/python/3.12.1/lib/python3.12/site-packages/airflow/example_dags/example_short_circuit_operator.py
[2026-04-26T07:12:50.771+0000] {processor.py:840} INFO - DAG(s) 'example_short_circuit_operator' retrieved from /usr/local/python/3.12.1/lib/python3.12/site-packages/airflow/example_dags/example_short_circuit_operator.py
[2026-04-26T07:12:50.785+0000] {logging_mixin.py:188} INFO - [2026-04-26T07:12:50.784+0000] {dag.py:3096} INFO - Sync 1 DAGs
[2026-04-26T07:12:50.799+0000] {logging_mixin.py:188} INFO - [2026-04-26T07:12:50.799+0000] {dag.py:3954} INFO - Setting next_dagrun for example_short_circuit_operator to 2026-04-25 00:00:00+00:00, run_after=2026-04-26 00:00:00+00:00
[2026-04-26T07:12:50.814+0000] {processor.py:183} INFO - Processing /usr/local/python/3.12.1/lib/python3.12/site-packages/airflow/example_dags/example_short_circuit_operator.py took 0.054 seconds
[2026-04-26T07:13:15.168+0000] {processor.py:161} INFO - Started process (PID=20790) to work on /usr/local/python/3.12.1/lib/python3.12/site-packages/airflow/example_dags/example_short_circuit_operator.py
[2026-04-26T07:13:15.169+0000] {processor.py:830} INFO - Processing file /usr/local/python/3.12.1/lib/python3.12/site-packages/airflow/example_dags/example_short_circuit_operator.py for tasks to queue
[2026-04-26T07:13:15.170+0000] {logging_mixin.py:188} INFO - [2026-04-26T07:13:15.169+0000] {dagbag.py:540} INFO - Filling up the DagBag from /usr/local/python/3.12.1/lib/python3.12/site-packages/airflow/example_dags/example_short_circuit_operator.py
[2026-04-26T07:13:15.175+0000] {processor.py:840} INFO - DAG(s) 'example_short_circuit_operator' retrieved from /usr/local/python/3.12.1/lib/python3.12/site-packages/airflow/example_dags/example_short_circuit_operator.py
[2026-04-26T07:13:15.188+0000] {logging_mixin.py:188} INFO - [2026-04-26T07:13:15.188+0000] {dag.py:3096} INFO - Sync 1 DAGs
[2026-04-26T07:13:15.202+0000] {logging_mixin.py:188} INFO - [2026-04-26T07:13:15.202+0000] {dag.py:3954} INFO - Setting next_dagrun for example_short_circuit_operator to 2026-04-25 00:00:00+00:00, run_after=2026-04-26 00:00:00+00:00
[2026-04-26T07:13:15.218+0000] {processor.py:183} INFO - Processing /usr/local/python/3.12.1/lib/python3.12/site-packages/airflow/example_dags/example_short_circuit_operator.py took 0.054 seconds
[2026-04-26T07:13:30.136+0000] {processor.py:161} INFO - Started process (PID=21168) to work on /usr/local/python/3.12.1/lib/python3.12/site-packages/airflow/example_dags/example_short_circuit_operator.py
[2026-04-26T07:13:30.137+0000] {processor.py:830} INFO - Processing file /usr/local/python/3.12.1/lib/python3.12/site-packages/airflow/example_dags/example_short_circuit_operator.py for tasks to queue
[2026-04-26T07:13:30.138+0000] {logging_mixin.py:188} INFO - [2026-04-26T07:13:30.138+0000] {dagbag.py:540} INFO - Filling up the DagBag from /usr/local/python/3.12.1/lib/python3.12/site-packages/airflow/example_dags/example_short_circuit_operator.py
[2026-04-26T07:13:30.144+0000] {processor.py:840} INFO - DAG(s) 'example_short_circuit_operator' retrieved from /usr/local/python/3.12.1/lib/python3.12/site-packages/airflow/example_dags/example_short_circuit_operator.py
[2026-04-26T07:13:30.157+0000] {logging_mixin.py:188} INFO - [2026-04-26T07:13:30.157+0000] {dag.py:3096} INFO - Sync 1 DAGs
[2026-04-26T07:13:30.171+0000] {logging_mixin.py:188} INFO - [2026-04-26T07:13:30.171+0000] {dag.py:3954} INFO - Setting next_dagrun for example_short_circuit_operator to 2026-04-25 00:00:00+00:00, run_after=2026-04-26 00:00:00+00:00
[2026-04-26T07:13:30.188+0000] {processor.py:183} INFO - Processing /usr/local/python/3.12.1/lib/python3.12/site-packages/airflow/example_dags/example_short_circuit_operator.py took 0.056 seconds
[2026-04-26T07:14:01.186+0000] {processor.py:161} INFO - Started process (PID=21822) to work on /usr/local/python/3.12.1/lib/python3.12/site-packages/airflow/example_dags/example_short_circuit_operator.py
[2026-04-26T07:14:01.187+0000] {processor.py:830} INFO - Processing file /usr/local/python/3.12.1/lib/python3.12/site-packages/airflow/example_dags/example_short_circuit_operator.py for tasks to queue
[2026-04-26T07:14:01.188+0000] {logging_mixin.py:188} INFO - [2026-04-26T07:14:01.187+0000] {dagbag.py:540} INFO - Filling up the DagBag from /usr/local/python/3.12.1/lib/python3.12/site-packages/airflow/example_dags/example_short_circuit_operator.py
[2026-04-26T07:14:01.205+0000] {processor.py:840} INFO - DAG(s) 'example_short_circuit_operator' retrieved from /usr/local/python/3.12.1/lib/python3.12/site-packages/airflow/example_dags/example_short_circuit_operator.py
[2026-04-26T07:14:01.233+0000] {logging_mixin.py:188} INFO - [2026-04-26T07:14:01.233+0000] {dag.py:3096} INFO - Sync 1 DAGs
[2026-04-26T07:14:01.250+0000] {logging_mixin.py:188} INFO - [2026-04-26T07:14:01.249+0000] {dag.py:3954} INFO - Setting next_dagrun for example_short_circuit_operator to 2026-04-25 00:00:00+00:00, run_after=2026-04-26 00:00:00+00:00
[2026-04-26T07:14:01.267+0000] {processor.py:183} INFO - Processing /usr/local/python/3.12.1/lib/python3.12/site-packages/airflow/example_dags/example_short_circuit_operator.py took 0.089 seconds
[2026-04-26T07:14:06.684+0000] {processor.py:161} INFO - Started process (PID=21868) to work on /usr/local/python/3.12.1/lib/python3.12/site-packages/airflow/example_dags/example_short_circuit_operator.py
[2026-04-26T07:14:06.685+0000] {processor.py:830} INFO - Processing file /usr/local/python/3.12.1/lib/python3.12/site-packages/airflow/example_dags/example_short_circuit_operator.py for tasks to queue
[2026-04-26T07:14:06.686+0000] {logging_mixin.py:188} INFO - [2026-04-26T07:14:06.685+0000] {dagbag.py:540} INFO - Filling up the DagBag from /usr/local/python/3.12.1/lib/python3.12/site-packages/airflow/example_dags/example_short_circuit_operator.py
[2026-04-26T07:14:06.704+0000] {processor.py:840} INFO - DAG(s) 'example_short_circuit_operator' retrieved from /usr/local/python/3.12.1/lib/python3.12/site-packages/airflow/example_dags/example_short_circuit_operator.py
[2026-04-26T07:14:06.753+0000] {logging_mixin.py:188} INFO - [2026-04-26T07:14:06.749+0000] {dag.py:3096} INFO - Sync 1 DAGs
[2026-04-26T07:14:06.791+0000] {logging_mixin.py:188} INFO - [2026-04-26T07:14:06.791+0000] {dag.py:3954} INFO - Setting next_dagrun for example_short_circuit_operator to 2026-04-25 00:00:00+00:00, run_after=2026-04-26 00:00:00+00:00
[2026-04-26T07:14:06.821+0000] {processor.py:183} INFO - Processing /usr/local/python/3.12.1/lib/python3.12/site-packages/airflow/example_dags/example_short_circuit_operator.py took 0.155 seconds
[2026-04-26T07:14:15.616+0000] {processor.py:161} INFO - Started process (PID=21948) to work on /usr/local/python/3.12.1/lib/python3.12/site-packages/airflow/example_dags/example_short_circuit_operator.py
[2026-04-26T07:14:15.617+0000] {processor.py:830} INFO - Processing file /usr/local/python/3.12.1/lib/python3.12/site-packages/airflow/example_dags/example_short_circuit_operator.py for tasks to queue
[2026-04-26T07:14:15.617+0000] {logging_mixin.py:188} INFO - [2026-04-26T07:14:15.617+0000] {dagbag.py:540} INFO - Filling up the DagBag from /usr/local/python/3.12.1/lib/python3.12/site-packages/airflow/example_dags/example_short_circuit_operator.py
[2026-04-26T07:14:15.623+0000] {processor.py:840} INFO - DAG(s) 'example_short_circuit_operator' retrieved from /usr/local/python/3.12.1/lib/python3.12/site-packages/airflow/example_dags/example_short_circuit_operator.py
[2026-04-26T07:14:15.637+0000] {logging_mixin.py:188} INFO - [2026-04-26T07:14:15.637+0000] {dag.py:3096} INFO - Sync 1 DAGs
[2026-04-26T07:14:15.666+0000] {logging_mixin.py:188} INFO - [2026-04-26T07:14:15.665+0000] {dag.py:3954} INFO - Setting next_dagrun for example_short_circuit_operator to 2026-04-25 00:00:00+00:00, run_after=2026-04-26 00:00:00+00:00
[2026-04-26T07:14:15.694+0000] {processor.py:183} INFO - Processing /usr/local/python/3.12.1/lib/python3.12/site-packages/airflow/example_dags/example_short_circuit_operator.py took 0.086 seconds
[2026-04-26T07:14:50.318+0000] {processor.py:161} INFO - Started process (PID=22369) to work on /usr/local/python/3.12.1/lib/python3.12/site-packages/airflow/example_dags/example_short_circuit_operator.py
[2026-04-26T07:14:50.319+0000] {processor.py:830} INFO - Processing file /usr/local/python/3.12.1/lib/python3.12/site-packages/airflow/example_dags/example_short_circuit_operator.py for tasks to queue
[2026-04-26T07:14:50.319+0000] {logging_mixin.py:188} INFO - [2026-04-26T07:14:50.319+0000] {dagbag.py:540} INFO - Filling up the DagBag from /usr/local/python/3.12.1/lib/python3.12/site-packages/airflow/example_dags/example_short_circuit_operator.py
[2026-04-26T07:14:50.325+0000] {processor.py:840} INFO - DAG(s) 'example_short_circuit_operator' retrieved from /usr/local/python/3.12.1/lib/python3.12/site-packages/airflow/example_dags/example_short_circuit_operator.py
[2026-04-26T07:14:50.339+0000] {logging_mixin.py:188} INFO - [2026-04-26T07:14:50.339+0000] {dag.py:3096} INFO - Sync 1 DAGs
[2026-04-26T07:14:50.354+0000] {logging_mixin.py:188} INFO - [2026-04-26T07:14:50.354+0000] {dag.py:3954} INFO - Setting next_dagrun for example_short_circuit_operator to 2026-04-25 00:00:00+00:00, run_after=2026-04-26 00:00:00+00:00
[2026-04-26T07:14:50.371+0000] {processor.py:183} INFO - Processing /usr/local/python/3.12.1/lib/python3.12/site-packages/airflow/example_dags/example_short_circuit_operator.py took 0.057 seconds
[2026-04-26T07:14:59.811+0000] {processor.py:161} INFO - Started process (PID=22475) to work on /usr/local/python/3.12.1/lib/python3.12/site-packages/airflow/example_dags/example_short_circuit_operator.py
[2026-04-26T07:14:59.812+0000] {processor.py:830} INFO - Processing file /usr/local/python/3.12.1/lib/python3.12/site-packages/airflow/example_dags/example_short_circuit_operator.py for tasks to queue
[2026-04-26T07:14:59.813+0000] {logging_mixin.py:188} INFO - [2026-04-26T07:14:59.812+0000] {dagbag.py:540} INFO - Filling up the DagBag from /usr/local/python/3.12.1/lib/python3.12/site-packages/airflow/example_dags/example_short_circuit_operator.py
[2026-04-26T07:14:59.822+0000] {processor.py:840} INFO - DAG(s) 'example_short_circuit_operator' retrieved from /usr/local/python/3.12.1/lib/python3.12/site-packages/airflow/example_dags/example_short_circuit_operator.py
[2026-04-26T07:14:59.843+0000] {logging_mixin.py:188} INFO - [2026-04-26T07:14:59.843+0000] {dag.py:3096} INFO - Sync 1 DAGs
[2026-04-26T07:14:59.865+0000] {logging_mixin.py:188} INFO - [2026-04-26T07:14:59.865+0000] {dag.py:3954} INFO - Setting next_dagrun for example_short_circuit_operator to 2026-04-25 00:00:00+00:00, run_after=2026-04-26 00:00:00+00:00
[2026-04-26T07:14:59.894+0000] {processor.py:183} INFO - Processing /usr/local/python/3.12.1/lib/python3.12/site-packages/airflow/example_dags/example_short_circuit_operator.py took 0.090 seconds
[2026-04-26T07:15:00.054+0000] {processor.py:161} INFO - Started process (PID=22476) to work on /usr/local/python/3.12.1/lib/python3.12/site-packages/airflow/example_dags/example_short_circuit_operator.py
[2026-04-26T07:15:00.055+0000] {processor.py:830} INFO - Processing file /usr/local/python/3.12.1/lib/python3.12/site-packages/airflow/example_dags/example_short_circuit_operator.py for tasks to queue
[2026-04-26T07:15:00.056+0000] {logging_mixin.py:188} INFO - [2026-04-26T07:15:00.056+0000] {dagbag.py:540} INFO - Filling up the DagBag from /usr/local/python/3.12.1/lib/python3.12/site-packages/airflow/example_dags/example_short_circuit_operator.py
[2026-04-26T07:15:00.065+0000] {processor.py:840} INFO - DAG(s) 'example_short_circuit_operator' retrieved from /usr/local/python/3.12.1/lib/python3.12/site-packages/airflow/example_dags/example_short_circuit_operator.py
[2026-04-26T07:15:00.086+0000] {logging_mixin.py:188} INFO - [2026-04-26T07:15:00.086+0000] {dag.py:3096} INFO - Sync 1 DAGs
[2026-04-26T07:15:00.958+0000] {logging_mixin.py:188} INFO - [2026-04-26T07:15:00.923+0000] {dag.py:3954} INFO - Setting next_dagrun for example_short_circuit_operator to 2026-04-25 00:00:00+00:00, run_after=2026-04-26 00:00:00+00:00
[2026-04-26T07:15:01.119+0000] {processor.py:183} INFO - Processing /usr/local/python/3.12.1/lib/python3.12/site-packages/airflow/example_dags/example_short_circuit_operator.py took 1.071 seconds
[2026-04-26T07:15:43.992+0000] {processor.py:161} INFO - Started process (PID=23216) to work on /usr/local/python/3.12.1/lib/python3.12/site-packages/airflow/example_dags/example_short_circuit_operator.py
[2026-04-26T07:15:43.992+0000] {processor.py:830} INFO - Processing file /usr/local/python/3.12.1/lib/python3.12/site-packages/airflow/example_dags/example_short_circuit_operator.py for tasks to queue
[2026-04-26T07:15:43.993+0000] {logging_mixin.py:188} INFO - [2026-04-26T07:15:43.993+0000] {dagbag.py:540} INFO - Filling up the DagBag from /usr/local/python/3.12.1/lib/python3.12/site-packages/airflow/example_dags/example_short_circuit_operator.py
[2026-04-26T07:15:44.002+0000] {processor.py:840} INFO - DAG(s) 'example_short_circuit_operator' retrieved from /usr/local/python/3.12.1/lib/python3.12/site-packages/airflow/example_dags/example_short_circuit_operator.py
[2026-04-26T07:15:44.023+0000] {logging_mixin.py:188} INFO - [2026-04-26T07:15:44.023+0000] {dag.py:3096} INFO - Sync 1 DAGs
[2026-04-26T07:15:44.046+0000] {logging_mixin.py:188} INFO - [2026-04-26T07:15:44.046+0000] {dag.py:3954} INFO - Setting next_dagrun for example_short_circuit_operator to 2026-04-25 00:00:00+00:00, run_after=2026-04-26 00:00:00+00:00
[2026-04-26T07:15:44.069+0000] {processor.py:183} INFO - Processing /usr/local/python/3.12.1/lib/python3.12/site-packages/airflow/example_dags/example_short_circuit_operator.py took 0.082 seconds
[2026-04-26T07:15:47.840+0000] {processor.py:161} INFO - Started process (PID=23284) to work on /usr/local/python/3.12.1/lib/python3.12/site-packages/airflow/example_dags/example_short_circuit_operator.py
[2026-04-26T07:15:47.841+0000] {processor.py:830} INFO - Processing file /usr/local/python/3.12.1/lib/python3.12/site-packages/airflow/example_dags/example_short_circuit_operator.py for tasks to queue
[2026-04-26T07:15:47.845+0000] {logging_mixin.py:188} INFO - [2026-04-26T07:15:47.843+0000] {dagbag.py:540} INFO - Filling up the DagBag from /usr/local/python/3.12.1/lib/python3.12/site-packages/airflow/example_dags/example_short_circuit_operator.py
[2026-04-26T07:15:47.865+0000] {processor.py:840} INFO - DAG(s) 'example_short_circuit_operator' retrieved from /usr/local/python/3.12.1/lib/python3.12/site-packages/airflow/example_dags/example_short_circuit_operator.py
[2026-04-26T07:15:47.929+0000] {logging_mixin.py:188} INFO - [2026-04-26T07:15:47.928+0000] {dag.py:3096} INFO - Sync 1 DAGs
[2026-04-26T07:15:47.956+0000] {logging_mixin.py:188} INFO - [2026-04-26T07:15:47.956+0000] {dag.py:3954} INFO - Setting next_dagrun for example_short_circuit_operator to 2026-04-25 00:00:00+00:00, run_after=2026-04-26 00:00:00+00:00
[2026-04-26T07:15:47.983+0000] {processor.py:183} INFO - Processing /usr/local/python/3.12.1/lib/python3.12/site-packages/airflow/example_dags/example_short_circuit_operator.py took 0.161 seconds
[2026-04-26T07:15:53.695+0000] {processor.py:161} INFO - Started process (PID=23408) to work on /usr/local/python/3.12.1/lib/python3.12/site-packages/airflow/example_dags/example_short_circuit_operator.py
[2026-04-26T07:15:53.696+0000] {processor.py:830} INFO - Processing file /usr/local/python/3.12.1/lib/python3.12/site-packages/airflow/example_dags/example_short_circuit_operator.py for tasks to queue
[2026-04-26T07:15:53.696+0000] {logging_mixin.py:188} INFO - [2026-04-26T07:15:53.696+0000] {dagbag.py:540} INFO - Filling up the DagBag from /usr/local/python/3.12.1/lib/python3.12/site-packages/airflow/example_dags/example_short_circuit_operator.py
[2026-04-26T07:15:53.702+0000] {processor.py:840} INFO - DAG(s) 'example_short_circuit_operator' retrieved from /usr/local/python/3.12.1/lib/python3.12/site-packages/airflow/example_dags/example_short_circuit_operator.py
[2026-04-26T07:15:53.716+0000] {logging_mixin.py:188} INFO - [2026-04-26T07:15:53.716+0000] {dag.py:3096} INFO - Sync 1 DAGs
[2026-04-26T07:15:53.731+0000] {logging_mixin.py:188} INFO - [2026-04-26T07:15:53.731+0000] {dag.py:3954} INFO - Setting next_dagrun for example_short_circuit_operator to 2026-04-25 00:00:00+00:00, run_after=2026-04-26 00:00:00+00:00
[2026-04-26T07:15:53.749+0000] {processor.py:183} INFO - Processing /usr/local/python/3.12.1/lib/python3.12/site-packages/airflow/example_dags/example_short_circuit_operator.py took 0.057 seconds
[2026-04-26T07:16:28.131+0000] {processor.py:161} INFO - Started process (PID=23834) to work on /usr/local/python/3.12.1/lib/python3.12/site-packages/airflow/example_dags/example_short_circuit_operator.py
[2026-04-26T07:16:28.132+0000] {processor.py:830} INFO - Processing file /usr/local/python/3.12.1/lib/python3.12/site-packages/airflow/example_dags/example_short_circuit_operator.py for tasks to queue
[2026-04-26T07:16:28.133+0000] {logging_mixin.py:188} INFO - [2026-04-26T07:16:28.133+0000] {dagbag.py:540} INFO - Filling up the DagBag from /usr/local/python/3.12.1/lib/python3.12/site-packages/airflow/example_dags/example_short_circuit_operator.py
[2026-04-26T07:16:28.142+0000] {processor.py:840} INFO - DAG(s) 'example_short_circuit_operator' retrieved from /usr/local/python/3.12.1/lib/python3.12/site-packages/airflow/example_dags/example_short_circuit_operator.py
[2026-04-26T07:16:28.156+0000] {logging_mixin.py:188} INFO - [2026-04-26T07:16:28.156+0000] {dag.py:3096} INFO - Sync 1 DAGs
[2026-04-26T07:16:28.171+0000] {logging_mixin.py:188} INFO - [2026-04-26T07:16:28.170+0000] {dag.py:3954} INFO - Setting next_dagrun for example_short_circuit_operator to 2026-04-25 00:00:00+00:00, run_after=2026-04-26 00:00:00+00:00
[2026-04-26T07:16:28.186+0000] {processor.py:183} INFO - Processing /usr/local/python/3.12.1/lib/python3.12/site-packages/airflow/example_dags/example_short_circuit_operator.py took 0.059 seconds
[2026-04-26T07:16:31.736+0000] {processor.py:161} INFO - Started process (PID=23885) to work on /usr/local/python/3.12.1/lib/python3.12/site-packages/airflow/example_dags/example_short_circuit_operator.py
[2026-04-26T07:16:31.737+0000] {processor.py:830} INFO - Processing file /usr/local/python/3.12.1/lib/python3.12/site-packages/airflow/example_dags/example_short_circuit_operator.py for tasks to queue
[2026-04-26T07:16:31.738+0000] {logging_mixin.py:188} INFO - [2026-04-26T07:16:31.737+0000] {dagbag.py:540} INFO - Filling up the DagBag from /usr/local/python/3.12.1/lib/python3.12/site-packages/airflow/example_dags/example_short_circuit_operator.py
[2026-04-26T07:16:31.746+0000] {processor.py:840} INFO - DAG(s) 'example_short_circuit_operator' retrieved from /usr/local/python/3.12.1/lib/python3.12/site-packages/airflow/example_dags/example_short_circuit_operator.py
[2026-04-26T07:16:31.768+0000] {logging_mixin.py:188} INFO - [2026-04-26T07:16:31.768+0000] {dag.py:3096} INFO - Sync 1 DAGs
[2026-04-26T07:16:31.790+0000] {logging_mixin.py:188} INFO - [2026-04-26T07:16:31.790+0000] {dag.py:3954} INFO - Setting next_dagrun for example_short_circuit_operator to 2026-04-25 00:00:00+00:00, run_after=2026-04-26 00:00:00+00:00
[2026-04-26T07:16:31.814+0000] {processor.py:183} INFO - Processing /usr/local/python/3.12.1/lib/python3.12/site-packages/airflow/example_dags/example_short_circuit_operator.py took 0.084 seconds
[2026-04-26T07:16:38.551+0000] {processor.py:161} INFO - Started process (PID=23938) to work on /usr/local/python/3.12.1/lib/python3.12/site-packages/airflow/example_dags/example_short_circuit_operator.py
[2026-04-26T07:16:38.552+0000] {processor.py:830} INFO - Processing file /usr/local/python/3.12.1/lib/python3.12/site-packages/airflow/example_dags/example_short_circuit_operator.py for tasks to queue
[2026-04-26T07:16:38.553+0000] {logging_mixin.py:188} INFO - [2026-04-26T07:16:38.553+0000] {dagbag.py:540} INFO - Filling up the DagBag from /usr/local/python/3.12.1/lib/python3.12/site-packages/airflow/example_dags/example_short_circuit_operator.py
[2026-04-26T07:16:38.562+0000] {processor.py:840} INFO - DAG(s) 'example_short_circuit_operator' retrieved from /usr/local/python/3.12.1/lib/python3.12/site-packages/airflow/example_dags/example_short_circuit_operator.py
[2026-04-26T07:16:38.581+0000] {logging_mixin.py:188} INFO - [2026-04-26T07:16:38.580+0000] {dag.py:3096} INFO - Sync 1 DAGs
[2026-04-26T07:16:38.605+0000] {logging_mixin.py:188} INFO - [2026-04-26T07:16:38.605+0000] {dag.py:3954} INFO - Setting next_dagrun for example_short_circuit_operator to 2026-04-25 00:00:00+00:00, run_after=2026-04-26 00:00:00+00:00
[2026-04-26T07:16:38.623+0000] {processor.py:183} INFO - Processing /usr/local/python/3.12.1/lib/python3.12/site-packages/airflow/example_dags/example_short_circuit_operator.py took 0.079 seconds
[2026-04-26T07:17:11.762+0000] {processor.py:161} INFO - Started process (PID=24365) to work on /usr/local/python/3.12.1/lib/python3.12/site-packages/airflow/example_dags/example_short_circuit_operator.py
[2026-04-26T07:17:11.762+0000] {processor.py:830} INFO - Processing file /usr/local/python/3.12.1/lib/python3.12/site-packages/airflow/example_dags/example_short_circuit_operator.py for tasks to queue
[2026-04-26T07:17:11.763+0000] {logging_mixin.py:188} INFO - [2026-04-26T07:17:11.763+0000] {dagbag.py:540} INFO - Filling up the DagBag from /usr/local/python/3.12.1/lib/python3.12/site-packages/airflow/example_dags/example_short_circuit_operator.py
[2026-04-26T07:17:11.769+0000] {processor.py:840} INFO - DAG(s) 'example_short_circuit_operator' retrieved from /usr/local/python/3.12.1/lib/python3.12/site-packages/airflow/example_dags/example_short_circuit_operator.py
[2026-04-26T07:17:11.783+0000] {logging_mixin.py:188} INFO - [2026-04-26T07:17:11.783+0000] {dag.py:3096} INFO - Sync 1 DAGs
[2026-04-26T07:17:11.799+0000] {logging_mixin.py:188} INFO - [2026-04-26T07:17:11.798+0000] {dag.py:3954} INFO - Setting next_dagrun for example_short_circuit_operator to 2026-04-25 00:00:00+00:00, run_after=2026-04-26 00:00:00+00:00
[2026-04-26T07:17:11.816+0000] {processor.py:183} INFO - Processing /usr/local/python/3.12.1/lib/python3.12/site-packages/airflow/example_dags/example_short_circuit_operator.py took 0.059 seconds
[2026-04-26T07:17:12.616+0000] {processor.py:161} INFO - Started process (PID=24405) to work on /usr/local/python/3.12.1/lib/python3.12/site-packages/airflow/example_dags/example_short_circuit_operator.py
[2026-04-26T07:17:12.617+0000] {processor.py:830} INFO - Processing file /usr/local/python/3.12.1/lib/python3.12/site-packages/airflow/example_dags/example_short_circuit_operator.py for tasks to queue
[2026-04-26T07:17:12.618+0000] {logging_mixin.py:188} INFO - [2026-04-26T07:17:12.617+0000] {dagbag.py:540} INFO - Filling up the DagBag from /usr/local/python/3.12.1/lib/python3.12/site-packages/airflow/example_dags/example_short_circuit_operator.py
[2026-04-26T07:17:12.624+0000] {processor.py:840} INFO - DAG(s) 'example_short_circuit_operator' retrieved from /usr/local/python/3.12.1/lib/python3.12/site-packages/airflow/example_dags/example_short_circuit_operator.py
[2026-04-26T07:17:12.638+0000] {logging_mixin.py:188} INFO - [2026-04-26T07:17:12.637+0000] {dag.py:3096} INFO - Sync 1 DAGs
[2026-04-26T07:17:12.652+0000] {logging_mixin.py:188} INFO - [2026-04-26T07:17:12.652+0000] {dag.py:3954} INFO - Setting next_dagrun for example_short_circuit_operator to 2026-04-25 00:00:00+00:00, run_after=2026-04-26 00:00:00+00:00
[2026-04-26T07:17:12.668+0000] {processor.py:183} INFO - Processing /usr/local/python/3.12.1/lib/python3.12/site-packages/airflow/example_dags/example_short_circuit_operator.py took 0.058 seconds
[2026-04-26T07:17:21.083+0000] {processor.py:161} INFO - Started process (PID=24488) to work on /usr/local/python/3.12.1/lib/python3.12/site-packages/airflow/example_dags/example_short_circuit_operator.py
[2026-04-26T07:17:21.083+0000] {processor.py:830} INFO - Processing file /usr/local/python/3.12.1/lib/python3.12/site-packages/airflow/example_dags/example_short_circuit_operator.py for tasks to queue
[2026-04-26T07:17:21.084+0000] {logging_mixin.py:188} INFO - [2026-04-26T07:17:21.084+0000] {dagbag.py:540} INFO - Filling up the DagBag from /usr/local/python/3.12.1/lib/python3.12/site-packages/airflow/example_dags/example_short_circuit_operator.py
[2026-04-26T07:17:21.090+0000] {processor.py:840} INFO - DAG(s) 'example_short_circuit_operator' retrieved from /usr/local/python/3.12.1/lib/python3.12/site-packages/airflow/example_dags/example_short_circuit_operator.py
[2026-04-26T07:17:21.104+0000] {logging_mixin.py:188} INFO - [2026-04-26T07:17:21.104+0000] {dag.py:3096} INFO - Sync 1 DAGs
[2026-04-26T07:17:21.119+0000] {logging_mixin.py:188} INFO - [2026-04-26T07:17:21.119+0000] {dag.py:3954} INFO - Setting next_dagrun for example_short_circuit_operator to 2026-04-25 00:00:00+00:00, run_after=2026-04-26 00:00:00+00:00
[2026-04-26T07:17:21.136+0000] {processor.py:183} INFO - Processing /usr/local/python/3.12.1/lib/python3.12/site-packages/airflow/example_dags/example_short_circuit_operator.py took 0.058 seconds
[2026-04-26T07:17:53.832+0000] {processor.py:161} INFO - Started process (PID=24782) to work on /usr/local/python/3.12.1/lib/python3.12/site-packages/airflow/example_dags/example_short_circuit_operator.py
[2026-04-26T07:17:53.832+0000] {processor.py:830} INFO - Processing file /usr/local/python/3.12.1/lib/python3.12/site-packages/airflow/example_dags/example_short_circuit_operator.py for tasks to queue
[2026-04-26T07:17:53.833+0000] {logging_mixin.py:188} INFO - [2026-04-26T07:17:53.833+0000] {dagbag.py:540} INFO - Filling up the DagBag from /usr/local/python/3.12.1/lib/python3.12/site-packages/airflow/example_dags/example_short_circuit_operator.py
[2026-04-26T07:17:53.839+0000] {processor.py:840} INFO - DAG(s) 'example_short_circuit_operator' retrieved from /usr/local/python/3.12.1/lib/python3.12/site-packages/airflow/example_dags/example_short_circuit_operator.py
[2026-04-26T07:17:53.857+0000] {logging_mixin.py:188} INFO - [2026-04-26T07:17:53.857+0000] {dag.py:3096} INFO - Sync 1 DAGs
[2026-04-26T07:17:53.872+0000] {logging_mixin.py:188} INFO - [2026-04-26T07:17:53.871+0000] {dag.py:3954} INFO - Setting next_dagrun for example_short_circuit_operator to 2026-04-25 00:00:00+00:00, run_after=2026-04-26 00:00:00+00:00
[2026-04-26T07:17:53.891+0000] {processor.py:183} INFO - Processing /usr/local/python/3.12.1/lib/python3.12/site-packages/airflow/example_dags/example_short_circuit_operator.py took 0.067 seconds
[2026-04-26T07:17:55.354+0000] {processor.py:161} INFO - Started process (PID=24793) to work on /usr/local/python/3.12.1/lib/python3.12/site-packages/airflow/example_dags/example_short_circuit_operator.py
[2026-04-26T07:17:55.354+0000] {processor.py:830} INFO - Processing file /usr/local/python/3.12.1/lib/python3.12/site-packages/airflow/example_dags/example_short_circuit_operator.py for tasks to queue
[2026-04-26T07:17:55.355+0000] {logging_mixin.py:188} INFO - [2026-04-26T07:17:55.355+0000] {dagbag.py:540} INFO - Filling up the DagBag from /usr/local/python/3.12.1/lib/python3.12/site-packages/airflow/example_dags/example_short_circuit_operator.py
[2026-04-26T07:17:55.361+0000] {processor.py:840} INFO - DAG(s) 'example_short_circuit_operator' retrieved from /usr/local/python/3.12.1/lib/python3.12/site-packages/airflow/example_dags/example_short_circuit_operator.py
[2026-04-26T07:17:55.375+0000] {logging_mixin.py:188} INFO - [2026-04-26T07:17:55.375+0000] {dag.py:3096} INFO - Sync 1 DAGs
[2026-04-26T07:17:55.390+0000] {logging_mixin.py:188} INFO - [2026-04-26T07:17:55.390+0000] {dag.py:3954} INFO - Setting next_dagrun for example_short_circuit_operator to 2026-04-25 00:00:00+00:00, run_after=2026-04-26 00:00:00+00:00
[2026-04-26T07:17:55.410+0000] {processor.py:183} INFO - Processing /usr/local/python/3.12.1/lib/python3.12/site-packages/airflow/example_dags/example_short_circuit_operator.py took 0.060 seconds
[2026-04-26T07:18:00.692+0000] {processor.py:161} INFO - Started process (PID=24835) to work on /usr/local/python/3.12.1/lib/python3.12/site-packages/airflow/example_dags/example_short_circuit_operator.py
[2026-04-26T07:18:00.693+0000] {processor.py:830} INFO - Processing file /usr/local/python/3.12.1/lib/python3.12/site-packages/airflow/example_dags/example_short_circuit_operator.py for tasks to queue
[2026-04-26T07:18:00.693+0000] {logging_mixin.py:188} INFO - [2026-04-26T07:18:00.693+0000] {dagbag.py:540} INFO - Filling up the DagBag from /usr/local/python/3.12.1/lib/python3.12/site-packages/airflow/example_dags/example_short_circuit_operator.py
[2026-04-26T07:18:00.699+0000] {processor.py:840} INFO - DAG(s) 'example_short_circuit_operator' retrieved from /usr/local/python/3.12.1/lib/python3.12/site-packages/airflow/example_dags/example_short_circuit_operator.py
[2026-04-26T07:18:00.713+0000] {logging_mixin.py:188} INFO - [2026-04-26T07:18:00.713+0000] {dag.py:3096} INFO - Sync 1 DAGs
[2026-04-26T07:18:00.728+0000] {logging_mixin.py:188} INFO - [2026-04-26T07:18:00.728+0000] {dag.py:3954} INFO - Setting next_dagrun for example_short_circuit_operator to 2026-04-25 00:00:00+00:00, run_after=2026-04-26 00:00:00+00:00
[2026-04-26T07:18:00.745+0000] {processor.py:183} INFO - Processing /usr/local/python/3.12.1/lib/python3.12/site-packages/airflow/example_dags/example_short_circuit_operator.py took 0.057 seconds
[2026-04-26T07:18:39.323+0000] {processor.py:161} INFO - Started process (PID=25222) to work on /usr/local/python/3.12.1/lib/python3.12/site-packages/airflow/example_dags/example_short_circuit_operator.py
[2026-04-26T07:18:39.326+0000] {processor.py:830} INFO - Processing file /usr/local/python/3.12.1/lib/python3.12/site-packages/airflow/example_dags/example_short_circuit_operator.py for tasks to queue
[2026-04-26T07:18:39.328+0000] {logging_mixin.py:188} INFO - [2026-04-26T07:18:39.326+0000] {dagbag.py:540} INFO - Filling up the DagBag from /usr/local/python/3.12.1/lib/python3.12/site-packages/airflow/example_dags/example_short_circuit_operator.py
[2026-04-26T07:18:39.352+0000] {processor.py:840} INFO - DAG(s) 'example_short_circuit_operator' retrieved from /usr/local/python/3.12.1/lib/python3.12/site-packages/airflow/example_dags/example_short_circuit_operator.py
[2026-04-26T07:18:39.384+0000] {logging_mixin.py:188} INFO - [2026-04-26T07:18:39.384+0000] {dag.py:3096} INFO - Sync 1 DAGs
[2026-04-26T07:18:39.402+0000] {logging_mixin.py:188} INFO - [2026-04-26T07:18:39.402+0000] {dag.py:3954} INFO - Setting next_dagrun for example_short_circuit_operator to 2026-04-25 00:00:00+00:00, run_after=2026-04-26 00:00:00+00:00
[2026-04-26T07:18:39.433+0000] {processor.py:183} INFO - Processing /usr/local/python/3.12.1/lib/python3.12/site-packages/airflow/example_dags/example_short_circuit_operator.py took 0.125 seconds
[2026-04-26T07:18:41.232+0000] {processor.py:161} INFO - Started process (PID=25236) to work on /usr/local/python/3.12.1/lib/python3.12/site-packages/airflow/example_dags/example_short_circuit_operator.py
[2026-04-26T07:18:41.234+0000] {processor.py:830} INFO - Processing file /usr/local/python/3.12.1/lib/python3.12/site-packages/airflow/example_dags/example_short_circuit_operator.py for tasks to queue
[2026-04-26T07:18:41.237+0000] {logging_mixin.py:188} INFO - [2026-04-26T07:18:41.235+0000] {dagbag.py:540} INFO - Filling up the DagBag from /usr/local/python/3.12.1/lib/python3.12/site-packages/airflow/example_dags/example_short_circuit_operator.py
[2026-04-26T07:18:41.259+0000] {processor.py:840} INFO - DAG(s) 'example_short_circuit_operator' retrieved from /usr/local/python/3.12.1/lib/python3.12/site-packages/airflow/example_dags/example_short_circuit_operator.py
[2026-04-26T07:18:41.305+0000] {logging_mixin.py:188} INFO - [2026-04-26T07:18:41.301+0000] {dag.py:3096} INFO - Sync 1 DAGs
[2026-04-26T07:18:41.334+0000] {logging_mixin.py:188} INFO - [2026-04-26T07:18:41.334+0000] {dag.py:3954} INFO - Setting next_dagrun for example_short_circuit_operator to 2026-04-25 00:00:00+00:00, run_after=2026-04-26 00:00:00+00:00
[2026-04-26T07:18:41.359+0000] {processor.py:183} INFO - Processing /usr/local/python/3.12.1/lib/python3.12/site-packages/airflow/example_dags/example_short_circuit_operator.py took 0.145 seconds
[2026-04-26T07:18:50.991+0000] {processor.py:161} INFO - Started process (PID=25398) to work on /usr/local/python/3.12.1/lib/python3.12/site-packages/airflow/example_dags/example_short_circuit_operator.py
[2026-04-26T07:18:50.998+0000] {processor.py:830} INFO - Processing file /usr/local/python/3.12.1/lib/python3.12/site-packages/airflow/example_dags/example_short_circuit_operator.py for tasks to queue
[2026-04-26T07:18:50.999+0000] {logging_mixin.py:188} INFO - [2026-04-26T07:18:50.999+0000] {dagbag.py:540} INFO - Filling up the DagBag from /usr/local/python/3.12.1/lib/python3.12/site-packages/airflow/example_dags/example_short_circuit_operator.py
[2026-04-26T07:18:51.019+0000] {processor.py:840} INFO - DAG(s) 'example_short_circuit_operator' retrieved from /usr/local/python/3.12.1/lib/python3.12/site-packages/airflow/example_dags/example_short_circuit_operator.py
[2026-04-26T07:18:51.068+0000] {logging_mixin.py:188} INFO - [2026-04-26T07:18:51.068+0000] {dag.py:3096} INFO - Sync 1 DAGs
[2026-04-26T07:18:51.096+0000] {logging_mixin.py:188} INFO - [2026-04-26T07:18:51.095+0000] {dag.py:3954} INFO - Setting next_dagrun for example_short_circuit_operator to 2026-04-25 00:00:00+00:00, run_after=2026-04-26 00:00:00+00:00
[2026-04-26T07:18:51.132+0000] {processor.py:183} INFO - Processing /usr/local/python/3.12.1/lib/python3.12/site-packages/airflow/example_dags/example_short_circuit_operator.py took 0.162 seconds
[2026-04-26T07:19:37.029+0000] {processor.py:161} INFO - Started process (PID=26084) to work on /usr/local/python/3.12.1/lib/python3.12/site-packages/airflow/example_dags/example_short_circuit_operator.py
[2026-04-26T07:19:37.033+0000] {processor.py:830} INFO - Processing file /usr/local/python/3.12.1/lib/python3.12/site-packages/airflow/example_dags/example_short_circuit_operator.py for tasks to queue
[2026-04-26T07:19:37.036+0000] {logging_mixin.py:188} INFO - [2026-04-26T07:19:37.036+0000] {dagbag.py:540} INFO - Filling up the DagBag from /usr/local/python/3.12.1/lib/python3.12/site-packages/airflow/example_dags/example_short_circuit_operator.py
[2026-04-26T07:19:37.063+0000] {processor.py:840} INFO - DAG(s) 'example_short_circuit_operator' retrieved from /usr/local/python/3.12.1/lib/python3.12/site-packages/airflow/example_dags/example_short_circuit_operator.py
[2026-04-26T07:19:37.116+0000] {logging_mixin.py:188} INFO - [2026-04-26T07:19:37.115+0000] {dag.py:3096} INFO - Sync 1 DAGs
[2026-04-26T07:19:37.174+0000] {logging_mixin.py:188} INFO - [2026-04-26T07:19:37.174+0000] {dag.py:3954} INFO - Setting next_dagrun for example_short_circuit_operator to 2026-04-25 00:00:00+00:00, run_after=2026-04-26 00:00:00+00:00
[2026-04-26T07:19:37.202+0000] {processor.py:183} INFO - Processing /usr/local/python/3.12.1/lib/python3.12/site-packages/airflow/example_dags/example_short_circuit_operator.py took 0.195 seconds
[2026-04-26T07:19:40.082+0000] {processor.py:161} INFO - Started process (PID=26173) to work on /usr/local/python/3.12.1/lib/python3.12/site-packages/airflow/example_dags/example_short_circuit_operator.py
[2026-04-26T07:19:40.085+0000] {processor.py:830} INFO - Processing file /usr/local/python/3.12.1/lib/python3.12/site-packages/airflow/example_dags/example_short_circuit_operator.py for tasks to queue
[2026-04-26T07:19:40.088+0000] {logging_mixin.py:188} INFO - [2026-04-26T07:19:40.088+0000] {dagbag.py:540} INFO - Filling up the DagBag from /usr/local/python/3.12.1/lib/python3.12/site-packages/airflow/example_dags/example_short_circuit_operator.py
[2026-04-26T07:19:40.098+0000] {processor.py:840} INFO - DAG(s) 'example_short_circuit_operator' retrieved from /usr/local/python/3.12.1/lib/python3.12/site-packages/airflow/example_dags/example_short_circuit_operator.py
[2026-04-26T07:19:40.155+0000] {logging_mixin.py:188} INFO - [2026-04-26T07:19:40.155+0000] {dag.py:3096} INFO - Sync 1 DAGs
[2026-04-26T07:19:40.175+0000] {logging_mixin.py:188} INFO - [2026-04-26T07:19:40.175+0000] {dag.py:3954} INFO - Setting next_dagrun for example_short_circuit_operator to 2026-04-25 00:00:00+00:00, run_after=2026-04-26 00:00:00+00:00
[2026-04-26T07:19:40.224+0000] {processor.py:183} INFO - Processing /usr/local/python/3.12.1/lib/python3.12/site-packages/airflow/example_dags/example_short_circuit_operator.py took 0.164 seconds
[2026-04-26T07:19:43.900+0000] {processor.py:161} INFO - Started process (PID=26202) to work on /usr/local/python/3.12.1/lib/python3.12/site-packages/airflow/example_dags/example_short_circuit_operator.py
[2026-04-26T07:19:43.900+0000] {processor.py:830} INFO - Processing file /usr/local/python/3.12.1/lib/python3.12/site-packages/airflow/example_dags/example_short_circuit_operator.py for tasks to queue
[2026-04-26T07:19:43.901+0000] {logging_mixin.py:188} INFO - [2026-04-26T07:19:43.901+0000] {dagbag.py:540} INFO - Filling up the DagBag from /usr/local/python/3.12.1/lib/python3.12/site-packages/airflow/example_dags/example_short_circuit_operator.py
[2026-04-26T07:19:43.907+0000] {processor.py:840} INFO - DAG(s) 'example_short_circuit_operator' retrieved from /usr/local/python/3.12.1/lib/python3.12/site-packages/airflow/example_dags/example_short_circuit_operator.py
[2026-04-26T07:19:43.921+0000] {logging_mixin.py:188} INFO - [2026-04-26T07:19:43.921+0000] {dag.py:3096} INFO - Sync 1 DAGs
[2026-04-26T07:19:43.937+0000] {logging_mixin.py:188} INFO - [2026-04-26T07:19:43.937+0000] {dag.py:3954} INFO - Setting next_dagrun for example_short_circuit_operator to 2026-04-25 00:00:00+00:00, run_after=2026-04-26 00:00:00+00:00
[2026-04-26T07:19:43.968+0000] {processor.py:183} INFO - Processing /usr/local/python/3.12.1/lib/python3.12/site-packages/airflow/example_dags/example_short_circuit_operator.py took 0.072 seconds
[2026-04-26T07:20:20.986+0000] {processor.py:161} INFO - Started process (PID=26622) to work on /usr/local/python/3.12.1/lib/python3.12/site-packages/airflow/example_dags/example_short_circuit_operator.py
[2026-04-26T07:20:20.987+0000] {processor.py:830} INFO - Processing file /usr/local/python/3.12.1/lib/python3.12/site-packages/airflow/example_dags/example_short_circuit_operator.py for tasks to queue
[2026-04-26T07:20:20.987+0000] {logging_mixin.py:188} INFO - [2026-04-26T07:20:20.987+0000] {dagbag.py:540} INFO - Filling up the DagBag from /usr/local/python/3.12.1/lib/python3.12/site-packages/airflow/example_dags/example_short_circuit_operator.py
[2026-04-26T07:20:20.993+0000] {processor.py:840} INFO - DAG(s) 'example_short_circuit_operator' retrieved from /usr/local/python/3.12.1/lib/python3.12/site-packages/airflow/example_dags/example_short_circuit_operator.py
[2026-04-26T07:20:21.007+0000] {logging_mixin.py:188} INFO - [2026-04-26T07:20:21.007+0000] {dag.py:3096} INFO - Sync 1 DAGs
[2026-04-26T07:20:21.022+0000] {logging_mixin.py:188} INFO - [2026-04-26T07:20:21.022+0000] {dag.py:3954} INFO - Setting next_dagrun for example_short_circuit_operator to 2026-04-25 00:00:00+00:00, run_after=2026-04-26 00:00:00+00:00
[2026-04-26T07:20:21.038+0000] {processor.py:183} INFO - Processing /usr/local/python/3.12.1/lib/python3.12/site-packages/airflow/example_dags/example_short_circuit_operator.py took 0.056 seconds
[2026-04-26T07:20:30.613+0000] {processor.py:161} INFO - Started process (PID=26708) to work on /usr/local/python/3.12.1/lib/python3.12/site-packages/airflow/example_dags/example_short_circuit_operator.py
[2026-04-26T07:20:30.614+0000] {processor.py:830} INFO - Processing file /usr/local/python/3.12.1/lib/python3.12/site-packages/airflow/example_dags/example_short_circuit_operator.py for tasks to queue
[2026-04-26T07:20:30.615+0000] {logging_mixin.py:188} INFO - [2026-04-26T07:20:30.614+0000] {dagbag.py:540} INFO - Filling up the DagBag from /usr/local/python/3.12.1/lib/python3.12/site-packages/airflow/example_dags/example_short_circuit_operator.py
[2026-04-26T07:20:30.621+0000] {processor.py:840} INFO - DAG(s) 'example_short_circuit_operator' retrieved from /usr/local/python/3.12.1/lib/python3.12/site-packages/airflow/example_dags/example_short_circuit_operator.py
[2026-04-26T07:20:30.638+0000] {logging_mixin.py:188} INFO - [2026-04-26T07:20:30.637+0000] {dag.py:3096} INFO - Sync 1 DAGs
[2026-04-26T07:20:30.656+0000] {logging_mixin.py:188} INFO - [2026-04-26T07:20:30.656+0000] {dag.py:3954} INFO - Setting next_dagrun for example_short_circuit_operator to 2026-04-25 00:00:00+00:00, run_after=2026-04-26 00:00:00+00:00
[2026-04-26T07:20:30.673+0000] {processor.py:183} INFO - Processing /usr/local/python/3.12.1/lib/python3.12/site-packages/airflow/example_dags/example_short_circuit_operator.py took 0.065 seconds
[2026-04-26T07:20:33.975+0000] {processor.py:161} INFO - Started process (PID=26728) to work on /usr/local/python/3.12.1/lib/python3.12/site-packages/airflow/example_dags/example_short_circuit_operator.py
[2026-04-26T07:20:33.976+0000] {processor.py:830} INFO - Processing file /usr/local/python/3.12.1/lib/python3.12/site-packages/airflow/example_dags/example_short_circuit_operator.py for tasks to queue
[2026-04-26T07:20:33.977+0000] {logging_mixin.py:188} INFO - [2026-04-26T07:20:33.976+0000] {dagbag.py:540} INFO - Filling up the DagBag from /usr/local/python/3.12.1/lib/python3.12/site-packages/airflow/example_dags/example_short_circuit_operator.py
[2026-04-26T07:20:33.985+0000] {processor.py:840} INFO - DAG(s) 'example_short_circuit_operator' retrieved from /usr/local/python/3.12.1/lib/python3.12/site-packages/airflow/example_dags/example_short_circuit_operator.py
[2026-04-26T07:20:33.999+0000] {logging_mixin.py:188} INFO - [2026-04-26T07:20:33.999+0000] {dag.py:3096} INFO - Sync 1 DAGs
[2026-04-26T07:20:34.017+0000] {logging_mixin.py:188} INFO - [2026-04-26T07:20:34.017+0000] {dag.py:3954} INFO - Setting next_dagrun for example_short_circuit_operator to 2026-04-25 00:00:00+00:00, run_after=2026-04-26 00:00:00+00:00
[2026-04-26T07:20:34.039+0000] {processor.py:183} INFO - Processing /usr/local/python/3.12.1/lib/python3.12/site-packages/airflow/example_dags/example_short_circuit_operator.py took 0.070 seconds
[2026-04-26T07:21:00.498+0000] {processor.py:161} INFO - Started process (PID=26970) to work on /usr/local/python/3.12.1/lib/python3.12/site-packages/airflow/example_dags/example_short_circuit_operator.py
[2026-04-26T07:21:00.499+0000] {processor.py:830} INFO - Processing file /usr/local/python/3.12.1/lib/python3.12/site-packages/airflow/example_dags/example_short_circuit_operator.py for tasks to queue
[2026-04-26T07:21:00.499+0000] {logging_mixin.py:188} INFO - [2026-04-26T07:21:00.499+0000] {dagbag.py:540} INFO - Filling up the DagBag from /usr/local/python/3.12.1/lib/python3.12/site-packages/airflow/example_dags/example_short_circuit_operator.py
[2026-04-26T07:21:00.505+0000] {processor.py:840} INFO - DAG(s) 'example_short_circuit_operator' retrieved from /usr/local/python/3.12.1/lib/python3.12/site-packages/airflow/example_dags/example_short_circuit_operator.py
[2026-04-26T07:21:00.519+0000] {logging_mixin.py:188} INFO - [2026-04-26T07:21:00.519+0000] {dag.py:3096} INFO - Sync 1 DAGs
[2026-04-26T07:21:00.541+0000] {logging_mixin.py:188} INFO - [2026-04-26T07:21:00.540+0000] {dag.py:3954} INFO - Setting next_dagrun for example_short_circuit_operator to 2026-04-25 00:00:00+00:00, run_after=2026-04-26 00:00:00+00:00
[2026-04-26T07:21:00.563+0000] {processor.py:183} INFO - Processing /usr/local/python/3.12.1/lib/python3.12/site-packages/airflow/example_dags/example_short_circuit_operator.py took 0.070 seconds
[2026-04-26T07:21:13.020+0000] {processor.py:161} INFO - Started process (PID=27072) to work on /usr/local/python/3.12.1/lib/python3.12/site-packages/airflow/example_dags/example_short_circuit_operator.py
[2026-04-26T07:21:13.021+0000] {processor.py:830} INFO - Processing file /usr/local/python/3.12.1/lib/python3.12/site-packages/airflow/example_dags/example_short_circuit_operator.py for tasks to queue
[2026-04-26T07:21:13.022+0000] {logging_mixin.py:188} INFO - [2026-04-26T07:21:13.021+0000] {dagbag.py:540} INFO - Filling up the DagBag from /usr/local/python/3.12.1/lib/python3.12/site-packages/airflow/example_dags/example_short_circuit_operator.py
[2026-04-26T07:21:13.030+0000] {processor.py:840} INFO - DAG(s) 'example_short_circuit_operator' retrieved from /usr/local/python/3.12.1/lib/python3.12/site-packages/airflow/example_dags/example_short_circuit_operator.py
[2026-04-26T07:21:13.060+0000] {logging_mixin.py:188} INFO - [2026-04-26T07:21:13.060+0000] {dag.py:3096} INFO - Sync 1 DAGs
[2026-04-26T07:21:13.089+0000] {logging_mixin.py:188} INFO - [2026-04-26T07:21:13.089+0000] {dag.py:3954} INFO - Setting next_dagrun for example_short_circuit_operator to 2026-04-25 00:00:00+00:00, run_after=2026-04-26 00:00:00+00:00
[2026-04-26T07:21:13.115+0000] {processor.py:183} INFO - Processing /usr/local/python/3.12.1/lib/python3.12/site-packages/airflow/example_dags/example_short_circuit_operator.py took 0.103 seconds
[2026-04-26T07:21:15.814+0000] {processor.py:161} INFO - Started process (PID=27096) to work on /usr/local/python/3.12.1/lib/python3.12/site-packages/airflow/example_dags/example_short_circuit_operator.py
[2026-04-26T07:21:15.814+0000] {processor.py:830} INFO - Processing file /usr/local/python/3.12.1/lib/python3.12/site-packages/airflow/example_dags/example_short_circuit_operator.py for tasks to queue
[2026-04-26T07:21:15.815+0000] {logging_mixin.py:188} INFO - [2026-04-26T07:21:15.815+0000] {dagbag.py:540} INFO - Filling up the DagBag from /usr/local/python/3.12.1/lib/python3.12/site-packages/airflow/example_dags/example_short_circuit_operator.py
[2026-04-26T07:21:15.821+0000] {processor.py:840} INFO - DAG(s) 'example_short_circuit_operator' retrieved from /usr/local/python/3.12.1/lib/python3.12/site-packages/airflow/example_dags/example_short_circuit_operator.py
[2026-04-26T07:21:15.834+0000] {logging_mixin.py:188} INFO - [2026-04-26T07:21:15.834+0000] {dag.py:3096} INFO - Sync 1 DAGs
[2026-04-26T07:21:15.854+0000] {logging_mixin.py:188} INFO - [2026-04-26T07:21:15.854+0000] {dag.py:3954} INFO - Setting next_dagrun for example_short_circuit_operator to 2026-04-25 00:00:00+00:00, run_after=2026-04-26 00:00:00+00:00
[2026-04-26T07:21:15.878+0000] {processor.py:183} INFO - Processing /usr/local/python/3.12.1/lib/python3.12/site-packages/airflow/example_dags/example_short_circuit_operator.py took 0.068 seconds
[2026-04-26T07:21:44.280+0000] {processor.py:161} INFO - Started process (PID=27348) to work on /usr/local/python/3.12.1/lib/python3.12/site-packages/airflow/example_dags/example_short_circuit_operator.py
[2026-04-26T07:21:44.281+0000] {processor.py:830} INFO - Processing file /usr/local/python/3.12.1/lib/python3.12/site-packages/airflow/example_dags/example_short_circuit_operator.py for tasks to queue
[2026-04-26T07:21:44.281+0000] {logging_mixin.py:188} INFO - [2026-04-26T07:21:44.281+0000] {dagbag.py:540} INFO - Filling up the DagBag from /usr/local/python/3.12.1/lib/python3.12/site-packages/airflow/example_dags/example_short_circuit_operator.py
[2026-04-26T07:21:44.287+0000] {processor.py:840} INFO - DAG(s) 'example_short_circuit_operator' retrieved from /usr/local/python/3.12.1/lib/python3.12/site-packages/airflow/example_dags/example_short_circuit_operator.py
[2026-04-26T07:21:44.301+0000] {logging_mixin.py:188} INFO - [2026-04-26T07:21:44.301+0000] {dag.py:3096} INFO - Sync 1 DAGs
[2026-04-26T07:21:44.315+0000] {logging_mixin.py:188} INFO - [2026-04-26T07:21:44.315+0000] {dag.py:3954} INFO - Setting next_dagrun for example_short_circuit_operator to 2026-04-25 00:00:00+00:00, run_after=2026-04-26 00:00:00+00:00
[2026-04-26T07:21:44.332+0000] {processor.py:183} INFO - Processing /usr/local/python/3.12.1/lib/python3.12/site-packages/airflow/example_dags/example_short_circuit_operator.py took 0.056 seconds
[2026-04-26T07:21:53.401+0000] {processor.py:161} INFO - Started process (PID=27433) to work on /usr/local/python/3.12.1/lib/python3.12/site-packages/airflow/example_dags/example_short_circuit_operator.py
[2026-04-26T07:21:53.402+0000] {processor.py:830} INFO - Processing file /usr/local/python/3.12.1/lib/python3.12/site-packages/airflow/example_dags/example_short_circuit_operator.py for tasks to queue
[2026-04-26T07:21:53.402+0000] {logging_mixin.py:188} INFO - [2026-04-26T07:21:53.402+0000] {dagbag.py:540} INFO - Filling up the DagBag from /usr/local/python/3.12.1/lib/python3.12/site-packages/airflow/example_dags/example_short_circuit_operator.py
[2026-04-26T07:21:53.409+0000] {processor.py:840} INFO - DAG(s) 'example_short_circuit_operator' retrieved from /usr/local/python/3.12.1/lib/python3.12/site-packages/airflow/example_dags/example_short_circuit_operator.py
[2026-04-26T07:21:53.423+0000] {logging_mixin.py:188} INFO - [2026-04-26T07:21:53.422+0000] {dag.py:3096} INFO - Sync 1 DAGs
[2026-04-26T07:21:53.439+0000] {logging_mixin.py:188} INFO - [2026-04-26T07:21:53.438+0000] {dag.py:3954} INFO - Setting next_dagrun for example_short_circuit_operator to 2026-04-25 00:00:00+00:00, run_after=2026-04-26 00:00:00+00:00
[2026-04-26T07:21:53.458+0000] {processor.py:183} INFO - Processing /usr/local/python/3.12.1/lib/python3.12/site-packages/airflow/example_dags/example_short_circuit_operator.py took 0.062 seconds
[2026-04-26T07:21:57.244+0000] {processor.py:161} INFO - Started process (PID=27461) to work on /usr/local/python/3.12.1/lib/python3.12/site-packages/airflow/example_dags/example_short_circuit_operator.py
[2026-04-26T07:21:57.244+0000] {processor.py:830} INFO - Processing file /usr/local/python/3.12.1/lib/python3.12/site-packages/airflow/example_dags/example_short_circuit_operator.py for tasks to queue
[2026-04-26T07:21:57.245+0000] {logging_mixin.py:188} INFO - [2026-04-26T07:21:57.245+0000] {dagbag.py:540} INFO - Filling up the DagBag from /usr/local/python/3.12.1/lib/python3.12/site-packages/airflow/example_dags/example_short_circuit_operator.py
[2026-04-26T07:21:57.254+0000] {processor.py:840} INFO - DAG(s) 'example_short_circuit_operator' retrieved from /usr/local/python/3.12.1/lib/python3.12/site-packages/airflow/example_dags/example_short_circuit_operator.py
[2026-04-26T07:21:57.269+0000] {logging_mixin.py:188} INFO - [2026-04-26T07:21:57.269+0000] {dag.py:3096} INFO - Sync 1 DAGs
[2026-04-26T07:21:57.284+0000] {logging_mixin.py:188} INFO - [2026-04-26T07:21:57.284+0000] {dag.py:3954} INFO - Setting next_dagrun for example_short_circuit_operator to 2026-04-25 00:00:00+00:00, run_after=2026-04-26 00:00:00+00:00
[2026-04-26T07:21:57.305+0000] {processor.py:183} INFO - Processing /usr/local/python/3.12.1/lib/python3.12/site-packages/airflow/example_dags/example_short_circuit_operator.py took 0.065 seconds
[2026-04-26T07:22:23.309+0000] {processor.py:161} INFO - Started process (PID=27695) to work on /usr/local/python/3.12.1/lib/python3.12/site-packages/airflow/example_dags/example_short_circuit_operator.py
[2026-04-26T07:22:23.310+0000] {processor.py:830} INFO - Processing file /usr/local/python/3.12.1/lib/python3.12/site-packages/airflow/example_dags/example_short_circuit_operator.py for tasks to queue
[2026-04-26T07:22:23.310+0000] {logging_mixin.py:188} INFO - [2026-04-26T07:22:23.310+0000] {dagbag.py:540} INFO - Filling up the DagBag from /usr/local/python/3.12.1/lib/python3.12/site-packages/airflow/example_dags/example_short_circuit_operator.py
[2026-04-26T07:22:23.317+0000] {processor.py:840} INFO - DAG(s) 'example_short_circuit_operator' retrieved from /usr/local/python/3.12.1/lib/python3.12/site-packages/airflow/example_dags/example_short_circuit_operator.py
[2026-04-26T07:22:23.335+0000] {logging_mixin.py:188} INFO - [2026-04-26T07:22:23.334+0000] {dag.py:3096} INFO - Sync 1 DAGs
[2026-04-26T07:22:23.387+0000] {logging_mixin.py:188} INFO - [2026-04-26T07:22:23.387+0000] {dag.py:3954} INFO - Setting next_dagrun for example_short_circuit_operator to 2026-04-25 00:00:00+00:00, run_after=2026-04-26 00:00:00+00:00
[2026-04-26T07:22:23.408+0000] {processor.py:183} INFO - Processing /usr/local/python/3.12.1/lib/python3.12/site-packages/airflow/example_dags/example_short_circuit_operator.py took 0.103 seconds
[2026-04-26T07:22:35.468+0000] {processor.py:161} INFO - Started process (PID=27805) to work on /usr/local/python/3.12.1/lib/python3.12/site-packages/airflow/example_dags/example_short_circuit_operator.py
[2026-04-26T07:22:35.469+0000] {processor.py:830} INFO - Processing file /usr/local/python/3.12.1/lib/python3.12/site-packages/airflow/example_dags/example_short_circuit_operator.py for tasks to queue
[2026-04-26T07:22:35.470+0000] {logging_mixin.py:188} INFO - [2026-04-26T07:22:35.470+0000] {dagbag.py:540} INFO - Filling up the DagBag from /usr/local/python/3.12.1/lib/python3.12/site-packages/airflow/example_dags/example_short_circuit_operator.py
[2026-04-26T07:22:35.476+0000] {processor.py:840} INFO - DAG(s) 'example_short_circuit_operator' retrieved from /usr/local/python/3.12.1/lib/python3.12/site-packages/airflow/example_dags/example_short_circuit_operator.py
[2026-04-26T07:22:35.490+0000] {logging_mixin.py:188} INFO - [2026-04-26T07:22:35.489+0000] {dag.py:3096} INFO - Sync 1 DAGs
[2026-04-26T07:22:35.504+0000] {logging_mixin.py:188} INFO - [2026-04-26T07:22:35.504+0000] {dag.py:3954} INFO - Setting next_dagrun for example_short_circuit_operator to 2026-04-25 00:00:00+00:00, run_after=2026-04-26 00:00:00+00:00
[2026-04-26T07:22:35.521+0000] {processor.py:183} INFO - Processing /usr/local/python/3.12.1/lib/python3.12/site-packages/airflow/example_dags/example_short_circuit_operator.py took 0.057 seconds
[2026-04-26T07:22:38.631+0000] {processor.py:161} INFO - Started process (PID=27843) to work on /usr/local/python/3.12.1/lib/python3.12/site-packages/airflow/example_dags/example_short_circuit_operator.py
[2026-04-26T07:22:38.633+0000] {processor.py:830} INFO - Processing file /usr/local/python/3.12.1/lib/python3.12/site-packages/airflow/example_dags/example_short_circuit_operator.py for tasks to queue
[2026-04-26T07:22:38.634+0000] {logging_mixin.py:188} INFO - [2026-04-26T07:22:38.634+0000] {dagbag.py:540} INFO - Filling up the DagBag from /usr/local/python/3.12.1/lib/python3.12/site-packages/airflow/example_dags/example_short_circuit_operator.py
[2026-04-26T07:22:38.645+0000] {processor.py:840} INFO - DAG(s) 'example_short_circuit_operator' retrieved from /usr/local/python/3.12.1/lib/python3.12/site-packages/airflow/example_dags/example_short_circuit_operator.py
[2026-04-26T07:22:38.674+0000] {logging_mixin.py:188} INFO - [2026-04-26T07:22:38.674+0000] {dag.py:3096} INFO - Sync 1 DAGs
[2026-04-26T07:22:38.709+0000] {logging_mixin.py:188} INFO - [2026-04-26T07:22:38.709+0000] {dag.py:3954} INFO - Setting next_dagrun for example_short_circuit_operator to 2026-04-25 00:00:00+00:00, run_after=2026-04-26 00:00:00+00:00
[2026-04-26T07:22:38.740+0000] {processor.py:183} INFO - Processing /usr/local/python/3.12.1/lib/python3.12/site-packages/airflow/example_dags/example_short_circuit_operator.py took 0.117 seconds
[2026-04-26T07:23:05.420+0000] {processor.py:161} INFO - Started process (PID=28072) to work on /usr/local/python/3.12.1/lib/python3.12/site-packages/airflow/example_dags/example_short_circuit_operator.py
[2026-04-26T07:23:05.421+0000] {processor.py:830} INFO - Processing file /usr/local/python/3.12.1/lib/python3.12/site-packages/airflow/example_dags/example_short_circuit_operator.py for tasks to queue
[2026-04-26T07:23:05.422+0000] {logging_mixin.py:188} INFO - [2026-04-26T07:23:05.422+0000] {dagbag.py:540} INFO - Filling up the DagBag from /usr/local/python/3.12.1/lib/python3.12/site-packages/airflow/example_dags/example_short_circuit_operator.py
[2026-04-26T07:23:05.427+0000] {processor.py:840} INFO - DAG(s) 'example_short_circuit_operator' retrieved from /usr/local/python/3.12.1/lib/python3.12/site-packages/airflow/example_dags/example_short_circuit_operator.py
[2026-04-26T07:23:05.441+0000] {logging_mixin.py:188} INFO - [2026-04-26T07:23:05.440+0000] {dag.py:3096} INFO - Sync 1 DAGs
[2026-04-26T07:23:05.456+0000] {logging_mixin.py:188} INFO - [2026-04-26T07:23:05.456+0000] {dag.py:3954} INFO - Setting next_dagrun for example_short_circuit_operator to 2026-04-25 00:00:00+00:00, run_after=2026-04-26 00:00:00+00:00
[2026-04-26T07:23:05.472+0000] {processor.py:183} INFO - Processing /usr/local/python/3.12.1/lib/python3.12/site-packages/airflow/example_dags/example_short_circuit_operator.py took 0.055 seconds
[2026-04-26T07:23:18.529+0000] {processor.py:161} INFO - Started process (PID=28176) to work on /usr/local/python/3.12.1/lib/python3.12/site-packages/airflow/example_dags/example_short_circuit_operator.py
[2026-04-26T07:23:18.530+0000] {processor.py:830} INFO - Processing file /usr/local/python/3.12.1/lib/python3.12/site-packages/airflow/example_dags/example_short_circuit_operator.py for tasks to queue
[2026-04-26T07:23:18.531+0000] {logging_mixin.py:188} INFO - [2026-04-26T07:23:18.530+0000] {dagbag.py:540} INFO - Filling up the DagBag from /usr/local/python/3.12.1/lib/python3.12/site-packages/airflow/example_dags/example_short_circuit_operator.py
[2026-04-26T07:23:18.537+0000] {processor.py:840} INFO - DAG(s) 'example_short_circuit_operator' retrieved from /usr/local/python/3.12.1/lib/python3.12/site-packages/airflow/example_dags/example_short_circuit_operator.py
[2026-04-26T07:23:18.551+0000] {logging_mixin.py:188} INFO - [2026-04-26T07:23:18.550+0000] {dag.py:3096} INFO - Sync 1 DAGs
[2026-04-26T07:23:18.565+0000] {logging_mixin.py:188} INFO - [2026-04-26T07:23:18.565+0000] {dag.py:3954} INFO - Setting next_dagrun for example_short_circuit_operator to 2026-04-25 00:00:00+00:00, run_after=2026-04-26 00:00:00+00:00
[2026-04-26T07:23:18.581+0000] {processor.py:183} INFO - Processing /usr/local/python/3.12.1/lib/python3.12/site-packages/airflow/example_dags/example_short_circuit_operator.py took 0.056 seconds
[2026-04-26T07:23:22.990+0000] {processor.py:161} INFO - Started process (PID=28230) to work on /usr/local/python/3.12.1/lib/python3.12/site-packages/airflow/example_dags/example_short_circuit_operator.py
[2026-04-26T07:23:22.991+0000] {processor.py:830} INFO - Processing file /usr/local/python/3.12.1/lib/python3.12/site-packages/airflow/example_dags/example_short_circuit_operator.py for tasks to queue
[2026-04-26T07:23:22.991+0000] {logging_mixin.py:188} INFO - [2026-04-26T07:23:22.991+0000] {dagbag.py:540} INFO - Filling up the DagBag from /usr/local/python/3.12.1/lib/python3.12/site-packages/airflow/example_dags/example_short_circuit_operator.py
[2026-04-26T07:23:22.997+0000] {processor.py:840} INFO - DAG(s) 'example_short_circuit_operator' retrieved from /usr/local/python/3.12.1/lib/python3.12/site-packages/airflow/example_dags/example_short_circuit_operator.py
[2026-04-26T07:23:23.011+0000] {logging_mixin.py:188} INFO - [2026-04-26T07:23:23.011+0000] {dag.py:3096} INFO - Sync 1 DAGs
[2026-04-26T07:23:23.026+0000] {logging_mixin.py:188} INFO - [2026-04-26T07:23:23.026+0000] {dag.py:3954} INFO - Setting next_dagrun for example_short_circuit_operator to 2026-04-25 00:00:00+00:00, run_after=2026-04-26 00:00:00+00:00
[2026-04-26T07:23:23.043+0000] {processor.py:183} INFO - Processing /usr/local/python/3.12.1/lib/python3.12/site-packages/airflow/example_dags/example_short_circuit_operator.py took 0.057 seconds
[2026-04-26T07:23:45.830+0000] {processor.py:161} INFO - Started process (PID=28491) to work on /usr/local/python/3.12.1/lib/python3.12/site-packages/airflow/example_dags/example_short_circuit_operator.py
[2026-04-26T07:23:45.831+0000] {processor.py:830} INFO - Processing file /usr/local/python/3.12.1/lib/python3.12/site-packages/airflow/example_dags/example_short_circuit_operator.py for tasks to queue
[2026-04-26T07:23:45.831+0000] {logging_mixin.py:188} INFO - [2026-04-26T07:23:45.831+0000] {dagbag.py:540} INFO - Filling up the DagBag from /usr/local/python/3.12.1/lib/python3.12/site-packages/airflow/example_dags/example_short_circuit_operator.py
[2026-04-26T07:23:45.837+0000] {processor.py:840} INFO - DAG(s) 'example_short_circuit_operator' retrieved from /usr/local/python/3.12.1/lib/python3.12/site-packages/airflow/example_dags/example_short_circuit_operator.py
[2026-04-26T07:23:45.854+0000] {logging_mixin.py:188} INFO - [2026-04-26T07:23:45.854+0000] {dag.py:3096} INFO - Sync 1 DAGs
[2026-04-26T07:23:45.871+0000] {logging_mixin.py:188} INFO - [2026-04-26T07:23:45.871+0000] {dag.py:3954} INFO - Setting next_dagrun for example_short_circuit_operator to 2026-04-25 00:00:00+00:00, run_after=2026-04-26 00:00:00+00:00
[2026-04-26T07:23:45.894+0000] {processor.py:183} INFO - Processing /usr/local/python/3.12.1/lib/python3.12/site-packages/airflow/example_dags/example_short_circuit_operator.py took 0.069 seconds
[2026-04-26T07:24:00.317+0000] {processor.py:161} INFO - Started process (PID=28633) to work on /usr/local/python/3.12.1/lib/python3.12/site-packages/airflow/example_dags/example_short_circuit_operator.py
[2026-04-26T07:24:00.317+0000] {processor.py:830} INFO - Processing file /usr/local/python/3.12.1/lib/python3.12/site-packages/airflow/example_dags/example_short_circuit_operator.py for tasks to queue
[2026-04-26T07:24:00.318+0000] {logging_mixin.py:188} INFO - [2026-04-26T07:24:00.318+0000] {dagbag.py:540} INFO - Filling up the DagBag from /usr/local/python/3.12.1/lib/python3.12/site-packages/airflow/example_dags/example_short_circuit_operator.py
[2026-04-26T07:24:00.324+0000] {processor.py:840} INFO - DAG(s) 'example_short_circuit_operator' retrieved from /usr/local/python/3.12.1/lib/python3.12/site-packages/airflow/example_dags/example_short_circuit_operator.py
[2026-04-26T07:24:00.338+0000] {logging_mixin.py:188} INFO - [2026-04-26T07:24:00.337+0000] {dag.py:3096} INFO - Sync 1 DAGs
[2026-04-26T07:24:00.356+0000] {logging_mixin.py:188} INFO - [2026-04-26T07:24:00.356+0000] {dag.py:3954} INFO - Setting next_dagrun for example_short_circuit_operator to 2026-04-25 00:00:00+00:00, run_after=2026-04-26 00:00:00+00:00
[2026-04-26T07:24:00.379+0000] {processor.py:183} INFO - Processing /usr/local/python/3.12.1/lib/python3.12/site-packages/airflow/example_dags/example_short_circuit_operator.py took 0.066 seconds
[2026-04-26T07:24:01.952+0000] {processor.py:161} INFO - Started process (PID=28646) to work on /usr/local/python/3.12.1/lib/python3.12/site-packages/airflow/example_dags/example_short_circuit_operator.py
[2026-04-26T07:24:01.952+0000] {processor.py:830} INFO - Processing file /usr/local/python/3.12.1/lib/python3.12/site-packages/airflow/example_dags/example_short_circuit_operator.py for tasks to queue
[2026-04-26T07:24:01.953+0000] {logging_mixin.py:188} INFO - [2026-04-26T07:24:01.953+0000] {dagbag.py:540} INFO - Filling up the DagBag from /usr/local/python/3.12.1/lib/python3.12/site-packages/airflow/example_dags/example_short_circuit_operator.py
[2026-04-26T07:24:01.959+0000] {processor.py:840} INFO - DAG(s) 'example_short_circuit_operator' retrieved from /usr/local/python/3.12.1/lib/python3.12/site-packages/airflow/example_dags/example_short_circuit_operator.py
[2026-04-26T07:24:01.976+0000] {logging_mixin.py:188} INFO - [2026-04-26T07:24:01.976+0000] {dag.py:3096} INFO - Sync 1 DAGs
[2026-04-26T07:24:01.999+0000] {logging_mixin.py:188} INFO - [2026-04-26T07:24:01.999+0000] {dag.py:3954} INFO - Setting next_dagrun for example_short_circuit_operator to 2026-04-25 00:00:00+00:00, run_after=2026-04-26 00:00:00+00:00
[2026-04-26T07:24:02.023+0000] {processor.py:183} INFO - Processing /usr/local/python/3.12.1/lib/python3.12/site-packages/airflow/example_dags/example_short_circuit_operator.py took 0.075 seconds
[2026-04-26T07:24:25.714+0000] {processor.py:161} INFO - Started process (PID=28848) to work on /usr/local/python/3.12.1/lib/python3.12/site-packages/airflow/example_dags/example_short_circuit_operator.py
[2026-04-26T07:24:25.715+0000] {processor.py:830} INFO - Processing file /usr/local/python/3.12.1/lib/python3.12/site-packages/airflow/example_dags/example_short_circuit_operator.py for tasks to queue
[2026-04-26T07:24:25.716+0000] {logging_mixin.py:188} INFO - [2026-04-26T07:24:25.716+0000] {dagbag.py:540} INFO - Filling up the DagBag from /usr/local/python/3.12.1/lib/python3.12/site-packages/airflow/example_dags/example_short_circuit_operator.py
[2026-04-26T07:24:25.724+0000] {processor.py:840} INFO - DAG(s) 'example_short_circuit_operator' retrieved from /usr/local/python/3.12.1/lib/python3.12/site-packages/airflow/example_dags/example_short_circuit_operator.py
[2026-04-26T07:24:25.746+0000] {logging_mixin.py:188} INFO - [2026-04-26T07:24:25.745+0000] {dag.py:3096} INFO - Sync 1 DAGs
[2026-04-26T07:24:25.767+0000] {logging_mixin.py:188} INFO - [2026-04-26T07:24:25.767+0000] {dag.py:3954} INFO - Setting next_dagrun for example_short_circuit_operator to 2026-04-25 00:00:00+00:00, run_after=2026-04-26 00:00:00+00:00
[2026-04-26T07:24:25.790+0000] {processor.py:183} INFO - Processing /usr/local/python/3.12.1/lib/python3.12/site-packages/airflow/example_dags/example_short_circuit_operator.py took 0.082 seconds
[2026-04-26T07:24:41.985+0000] {processor.py:161} INFO - Started process (PID=29066) to work on /usr/local/python/3.12.1/lib/python3.12/site-packages/airflow/example_dags/example_short_circuit_operator.py
[2026-04-26T07:24:41.986+0000] {processor.py:830} INFO - Processing file /usr/local/python/3.12.1/lib/python3.12/site-packages/airflow/example_dags/example_short_circuit_operator.py for tasks to queue
[2026-04-26T07:24:41.987+0000] {logging_mixin.py:188} INFO - [2026-04-26T07:24:41.986+0000] {dagbag.py:540} INFO - Filling up the DagBag from /usr/local/python/3.12.1/lib/python3.12/site-packages/airflow/example_dags/example_short_circuit_operator.py
[2026-04-26T07:24:41.992+0000] {processor.py:840} INFO - DAG(s) 'example_short_circuit_operator' retrieved from /usr/local/python/3.12.1/lib/python3.12/site-packages/airflow/example_dags/example_short_circuit_operator.py
[2026-04-26T07:24:42.006+0000] {logging_mixin.py:188} INFO - [2026-04-26T07:24:42.005+0000] {dag.py:3096} INFO - Sync 1 DAGs
[2026-04-26T07:24:42.020+0000] {logging_mixin.py:188} INFO - [2026-04-26T07:24:42.020+0000] {dag.py:3954} INFO - Setting next_dagrun for example_short_circuit_operator to 2026-04-25 00:00:00+00:00, run_after=2026-04-26 00:00:00+00:00
[2026-04-26T07:24:42.039+0000] {processor.py:183} INFO - Processing /usr/local/python/3.12.1/lib/python3.12/site-packages/airflow/example_dags/example_short_circuit_operator.py took 0.058 seconds
[2026-04-26T07:24:56.520+0000] {processor.py:161} INFO - Started process (PID=29192) to work on /usr/local/python/3.12.1/lib/python3.12/site-packages/airflow/example_dags/example_short_circuit_operator.py
[2026-04-26T07:24:56.520+0000] {processor.py:830} INFO - Processing file /usr/local/python/3.12.1/lib/python3.12/site-packages/airflow/example_dags/example_short_circuit_operator.py for tasks to queue
[2026-04-26T07:24:56.521+0000] {logging_mixin.py:188} INFO - [2026-04-26T07:24:56.521+0000] {dagbag.py:540} INFO - Filling up the DagBag from /usr/local/python/3.12.1/lib/python3.12/site-packages/airflow/example_dags/example_short_circuit_operator.py
[2026-04-26T07:24:56.527+0000] {processor.py:840} INFO - DAG(s) 'example_short_circuit_operator' retrieved from /usr/local/python/3.12.1/lib/python3.12/site-packages/airflow/example_dags/example_short_circuit_operator.py
[2026-04-26T07:24:56.542+0000] {logging_mixin.py:188} INFO - [2026-04-26T07:24:56.541+0000] {dag.py:3096} INFO - Sync 1 DAGs
[2026-04-26T07:24:56.557+0000] {logging_mixin.py:188} INFO - [2026-04-26T07:24:56.557+0000] {dag.py:3954} INFO - Setting next_dagrun for example_short_circuit_operator to 2026-04-25 00:00:00+00:00, run_after=2026-04-26 00:00:00+00:00
[2026-04-26T07:24:56.575+0000] {processor.py:183} INFO - Processing /usr/local/python/3.12.1/lib/python3.12/site-packages/airflow/example_dags/example_short_circuit_operator.py took 0.059 seconds
[2026-04-26T07:25:06.585+0000] {processor.py:161} INFO - Started process (PID=29280) to work on /usr/local/python/3.12.1/lib/python3.12/site-packages/airflow/example_dags/example_short_circuit_operator.py
[2026-04-26T07:25:06.586+0000] {processor.py:830} INFO - Processing file /usr/local/python/3.12.1/lib/python3.12/site-packages/airflow/example_dags/example_short_circuit_operator.py for tasks to queue
[2026-04-26T07:25:06.587+0000] {logging_mixin.py:188} INFO - [2026-04-26T07:25:06.587+0000] {dagbag.py:540} INFO - Filling up the DagBag from /usr/local/python/3.12.1/lib/python3.12/site-packages/airflow/example_dags/example_short_circuit_operator.py
[2026-04-26T07:25:06.593+0000] {processor.py:840} INFO - DAG(s) 'example_short_circuit_operator' retrieved from /usr/local/python/3.12.1/lib/python3.12/site-packages/airflow/example_dags/example_short_circuit_operator.py
[2026-04-26T07:25:06.607+0000] {logging_mixin.py:188} INFO - [2026-04-26T07:25:06.606+0000] {dag.py:3096} INFO - Sync 1 DAGs
[2026-04-26T07:25:06.621+0000] {logging_mixin.py:188} INFO - [2026-04-26T07:25:06.621+0000] {dag.py:3954} INFO - Setting next_dagrun for example_short_circuit_operator to 2026-04-25 00:00:00+00:00, run_after=2026-04-26 00:00:00+00:00
[2026-04-26T07:25:06.637+0000] {processor.py:183} INFO - Processing /usr/local/python/3.12.1/lib/python3.12/site-packages/airflow/example_dags/example_short_circuit_operator.py took 0.056 seconds
[2026-04-26T07:25:23.094+0000] {processor.py:161} INFO - Started process (PID=29500) to work on /usr/local/python/3.12.1/lib/python3.12/site-packages/airflow/example_dags/example_short_circuit_operator.py
[2026-04-26T07:25:23.094+0000] {processor.py:830} INFO - Processing file /usr/local/python/3.12.1/lib/python3.12/site-packages/airflow/example_dags/example_short_circuit_operator.py for tasks to queue
[2026-04-26T07:25:23.095+0000] {logging_mixin.py:188} INFO - [2026-04-26T07:25:23.095+0000] {dagbag.py:540} INFO - Filling up the DagBag from /usr/local/python/3.12.1/lib/python3.12/site-packages/airflow/example_dags/example_short_circuit_operator.py
[2026-04-26T07:25:23.101+0000] {processor.py:840} INFO - DAG(s) 'example_short_circuit_operator' retrieved from /usr/local/python/3.12.1/lib/python3.12/site-packages/airflow/example_dags/example_short_circuit_operator.py
[2026-04-26T07:25:23.116+0000] {logging_mixin.py:188} INFO - [2026-04-26T07:25:23.115+0000] {dag.py:3096} INFO - Sync 1 DAGs
[2026-04-26T07:25:23.130+0000] {logging_mixin.py:188} INFO - [2026-04-26T07:25:23.130+0000] {dag.py:3954} INFO - Setting next_dagrun for example_short_circuit_operator to 2026-04-25 00:00:00+00:00, run_after=2026-04-26 00:00:00+00:00
[2026-04-26T07:25:23.150+0000] {processor.py:183} INFO - Processing /usr/local/python/3.12.1/lib/python3.12/site-packages/airflow/example_dags/example_short_circuit_operator.py took 0.060 seconds
[2026-04-26T07:25:37.528+0000] {processor.py:161} INFO - Started process (PID=29618) to work on /usr/local/python/3.12.1/lib/python3.12/site-packages/airflow/example_dags/example_short_circuit_operator.py
[2026-04-26T07:25:37.529+0000] {processor.py:830} INFO - Processing file /usr/local/python/3.12.1/lib/python3.12/site-packages/airflow/example_dags/example_short_circuit_operator.py for tasks to queue
[2026-04-26T07:25:37.530+0000] {logging_mixin.py:188} INFO - [2026-04-26T07:25:37.529+0000] {dagbag.py:540} INFO - Filling up the DagBag from /usr/local/python/3.12.1/lib/python3.12/site-packages/airflow/example_dags/example_short_circuit_operator.py
[2026-04-26T07:25:37.536+0000] {processor.py:840} INFO - DAG(s) 'example_short_circuit_operator' retrieved from /usr/local/python/3.12.1/lib/python3.12/site-packages/airflow/example_dags/example_short_circuit_operator.py
[2026-04-26T07:25:37.550+0000] {logging_mixin.py:188} INFO - [2026-04-26T07:25:37.550+0000] {dag.py:3096} INFO - Sync 1 DAGs
[2026-04-26T07:25:37.565+0000] {logging_mixin.py:188} INFO - [2026-04-26T07:25:37.565+0000] {dag.py:3954} INFO - Setting next_dagrun for example_short_circuit_operator to 2026-04-25 00:00:00+00:00, run_after=2026-04-26 00:00:00+00:00
[2026-04-26T07:25:37.581+0000] {processor.py:183} INFO - Processing /usr/local/python/3.12.1/lib/python3.12/site-packages/airflow/example_dags/example_short_circuit_operator.py took 0.057 seconds
[2026-04-26T07:25:46.204+0000] {processor.py:161} INFO - Started process (PID=29701) to work on /usr/local/python/3.12.1/lib/python3.12/site-packages/airflow/example_dags/example_short_circuit_operator.py
[2026-04-26T07:25:46.211+0000] {processor.py:830} INFO - Processing file /usr/local/python/3.12.1/lib/python3.12/site-packages/airflow/example_dags/example_short_circuit_operator.py for tasks to queue
[2026-04-26T07:25:46.212+0000] {logging_mixin.py:188} INFO - [2026-04-26T07:25:46.211+0000] {dagbag.py:540} INFO - Filling up the DagBag from /usr/local/python/3.12.1/lib/python3.12/site-packages/airflow/example_dags/example_short_circuit_operator.py
[2026-04-26T07:25:46.222+0000] {processor.py:840} INFO - DAG(s) 'example_short_circuit_operator' retrieved from /usr/local/python/3.12.1/lib/python3.12/site-packages/airflow/example_dags/example_short_circuit_operator.py
[2026-04-26T07:25:46.243+0000] {logging_mixin.py:188} INFO - [2026-04-26T07:25:46.242+0000] {dag.py:3096} INFO - Sync 1 DAGs
[2026-04-26T07:25:46.257+0000] {logging_mixin.py:188} INFO - [2026-04-26T07:25:46.257+0000] {dag.py:3954} INFO - Setting next_dagrun for example_short_circuit_operator to 2026-04-25 00:00:00+00:00, run_after=2026-04-26 00:00:00+00:00
[2026-04-26T07:25:46.273+0000] {processor.py:183} INFO - Processing /usr/local/python/3.12.1/lib/python3.12/site-packages/airflow/example_dags/example_short_circuit_operator.py took 0.075 seconds
[2026-04-26T07:26:04.199+0000] {processor.py:161} INFO - Started process (PID=29864) to work on /usr/local/python/3.12.1/lib/python3.12/site-packages/airflow/example_dags/example_short_circuit_operator.py
[2026-04-26T07:26:04.200+0000] {processor.py:830} INFO - Processing file /usr/local/python/3.12.1/lib/python3.12/site-packages/airflow/example_dags/example_short_circuit_operator.py for tasks to queue
[2026-04-26T07:26:04.201+0000] {logging_mixin.py:188} INFO - [2026-04-26T07:26:04.201+0000] {dagbag.py:540} INFO - Filling up the DagBag from /usr/local/python/3.12.1/lib/python3.12/site-packages/airflow/example_dags/example_short_circuit_operator.py
[2026-04-26T07:26:04.210+0000] {processor.py:840} INFO - DAG(s) 'example_short_circuit_operator' retrieved from /usr/local/python/3.12.1/lib/python3.12/site-packages/airflow/example_dags/example_short_circuit_operator.py
[2026-04-26T07:26:04.233+0000] {logging_mixin.py:188} INFO - [2026-04-26T07:26:04.233+0000] {dag.py:3096} INFO - Sync 1 DAGs
[2026-04-26T07:26:04.254+0000] {logging_mixin.py:188} INFO - [2026-04-26T07:26:04.253+0000] {dag.py:3954} INFO - Setting next_dagrun for example_short_circuit_operator to 2026-04-25 00:00:00+00:00, run_after=2026-04-26 00:00:00+00:00
[2026-04-26T07:26:04.272+0000] {processor.py:183} INFO - Processing /usr/local/python/3.12.1/lib/python3.12/site-packages/airflow/example_dags/example_short_circuit_operator.py took 0.079 seconds
[2026-04-26T07:26:20.631+0000] {processor.py:161} INFO - Started process (PID=30000) to work on /usr/local/python/3.12.1/lib/python3.12/site-packages/airflow/example_dags/example_short_circuit_operator.py
[2026-04-26T07:26:20.632+0000] {processor.py:830} INFO - Processing file /usr/local/python/3.12.1/lib/python3.12/site-packages/airflow/example_dags/example_short_circuit_operator.py for tasks to queue
[2026-04-26T07:26:20.632+0000] {logging_mixin.py:188} INFO - [2026-04-26T07:26:20.632+0000] {dagbag.py:540} INFO - Filling up the DagBag from /usr/local/python/3.12.1/lib/python3.12/site-packages/airflow/example_dags/example_short_circuit_operator.py
[2026-04-26T07:26:20.638+0000] {processor.py:840} INFO - DAG(s) 'example_short_circuit_operator' retrieved from /usr/local/python/3.12.1/lib/python3.12/site-packages/airflow/example_dags/example_short_circuit_operator.py
[2026-04-26T07:26:20.652+0000] {logging_mixin.py:188} INFO - [2026-04-26T07:26:20.651+0000] {dag.py:3096} INFO - Sync 1 DAGs
[2026-04-26T07:26:20.666+0000] {logging_mixin.py:188} INFO - [2026-04-26T07:26:20.666+0000] {dag.py:3954} INFO - Setting next_dagrun for example_short_circuit_operator to 2026-04-25 00:00:00+00:00, run_after=2026-04-26 00:00:00+00:00
[2026-04-26T07:26:20.682+0000] {processor.py:183} INFO - Processing /usr/local/python/3.12.1/lib/python3.12/site-packages/airflow/example_dags/example_short_circuit_operator.py took 0.055 seconds
[2026-04-26T07:26:27.262+0000] {processor.py:161} INFO - Started process (PID=30062) to work on /usr/local/python/3.12.1/lib/python3.12/site-packages/airflow/example_dags/example_short_circuit_operator.py
[2026-04-26T07:26:27.263+0000] {processor.py:830} INFO - Processing file /usr/local/python/3.12.1/lib/python3.12/site-packages/airflow/example_dags/example_short_circuit_operator.py for tasks to queue
[2026-04-26T07:26:27.264+0000] {logging_mixin.py:188} INFO - [2026-04-26T07:26:27.263+0000] {dagbag.py:540} INFO - Filling up the DagBag from /usr/local/python/3.12.1/lib/python3.12/site-packages/airflow/example_dags/example_short_circuit_operator.py
[2026-04-26T07:26:27.272+0000] {processor.py:840} INFO - DAG(s) 'example_short_circuit_operator' retrieved from /usr/local/python/3.12.1/lib/python3.12/site-packages/airflow/example_dags/example_short_circuit_operator.py
[2026-04-26T07:26:27.291+0000] {logging_mixin.py:188} INFO - [2026-04-26T07:26:27.291+0000] {dag.py:3096} INFO - Sync 1 DAGs
[2026-04-26T07:26:27.305+0000] {logging_mixin.py:188} INFO - [2026-04-26T07:26:27.305+0000] {dag.py:3954} INFO - Setting next_dagrun for example_short_circuit_operator to 2026-04-25 00:00:00+00:00, run_after=2026-04-26 00:00:00+00:00
[2026-04-26T07:26:27.326+0000] {processor.py:183} INFO - Processing /usr/local/python/3.12.1/lib/python3.12/site-packages/airflow/example_dags/example_short_circuit_operator.py took 0.070 seconds
[2026-04-26T07:26:47.174+0000] {processor.py:161} INFO - Started process (PID=30242) to work on /usr/local/python/3.12.1/lib/python3.12/site-packages/airflow/example_dags/example_short_circuit_operator.py
[2026-04-26T07:26:47.174+0000] {processor.py:830} INFO - Processing file /usr/local/python/3.12.1/lib/python3.12/site-packages/airflow/example_dags/example_short_circuit_operator.py for tasks to queue
[2026-04-26T07:26:47.175+0000] {logging_mixin.py:188} INFO - [2026-04-26T07:26:47.175+0000] {dagbag.py:540} INFO - Filling up the DagBag from /usr/local/python/3.12.1/lib/python3.12/site-packages/airflow/example_dags/example_short_circuit_operator.py
[2026-04-26T07:26:47.181+0000] {processor.py:840} INFO - DAG(s) 'example_short_circuit_operator' retrieved from /usr/local/python/3.12.1/lib/python3.12/site-packages/airflow/example_dags/example_short_circuit_operator.py
[2026-04-26T07:26:47.196+0000] {logging_mixin.py:188} INFO - [2026-04-26T07:26:47.195+0000] {dag.py:3096} INFO - Sync 1 DAGs
[2026-04-26T07:26:47.211+0000] {logging_mixin.py:188} INFO - [2026-04-26T07:26:47.210+0000] {dag.py:3954} INFO - Setting next_dagrun for example_short_circuit_operator to 2026-04-25 00:00:00+00:00, run_after=2026-04-26 00:00:00+00:00
[2026-04-26T07:26:47.415+0000] {processor.py:183} INFO - Processing /usr/local/python/3.12.1/lib/python3.12/site-packages/airflow/example_dags/example_short_circuit_operator.py took 0.246 seconds
[2026-04-26T07:27:01.707+0000] {processor.py:161} INFO - Started process (PID=30367) to work on /usr/local/python/3.12.1/lib/python3.12/site-packages/airflow/example_dags/example_short_circuit_operator.py
[2026-04-26T07:27:01.707+0000] {processor.py:830} INFO - Processing file /usr/local/python/3.12.1/lib/python3.12/site-packages/airflow/example_dags/example_short_circuit_operator.py for tasks to queue
[2026-04-26T07:27:01.708+0000] {logging_mixin.py:188} INFO - [2026-04-26T07:27:01.708+0000] {dagbag.py:540} INFO - Filling up the DagBag from /usr/local/python/3.12.1/lib/python3.12/site-packages/airflow/example_dags/example_short_circuit_operator.py
[2026-04-26T07:27:01.715+0000] {processor.py:840} INFO - DAG(s) 'example_short_circuit_operator' retrieved from /usr/local/python/3.12.1/lib/python3.12/site-packages/airflow/example_dags/example_short_circuit_operator.py
[2026-04-26T07:27:01.735+0000] {logging_mixin.py:188} INFO - [2026-04-26T07:27:01.735+0000] {dag.py:3096} INFO - Sync 1 DAGs
[2026-04-26T07:27:01.750+0000] {logging_mixin.py:188} INFO - [2026-04-26T07:27:01.750+0000] {dag.py:3954} INFO - Setting next_dagrun for example_short_circuit_operator to 2026-04-25 00:00:00+00:00, run_after=2026-04-26 00:00:00+00:00
[2026-04-26T07:27:01.770+0000] {processor.py:183} INFO - Processing /usr/local/python/3.12.1/lib/python3.12/site-packages/airflow/example_dags/example_short_circuit_operator.py took 0.068 seconds
[2026-04-26T07:27:07.943+0000] {processor.py:161} INFO - Started process (PID=30427) to work on /usr/local/python/3.12.1/lib/python3.12/site-packages/airflow/example_dags/example_short_circuit_operator.py
[2026-04-26T07:27:07.944+0000] {processor.py:830} INFO - Processing file /usr/local/python/3.12.1/lib/python3.12/site-packages/airflow/example_dags/example_short_circuit_operator.py for tasks to queue
[2026-04-26T07:27:07.945+0000] {logging_mixin.py:188} INFO - [2026-04-26T07:27:07.944+0000] {dagbag.py:540} INFO - Filling up the DagBag from /usr/local/python/3.12.1/lib/python3.12/site-packages/airflow/example_dags/example_short_circuit_operator.py
[2026-04-26T07:27:07.950+0000] {processor.py:840} INFO - DAG(s) 'example_short_circuit_operator' retrieved from /usr/local/python/3.12.1/lib/python3.12/site-packages/airflow/example_dags/example_short_circuit_operator.py
[2026-04-26T07:27:07.964+0000] {logging_mixin.py:188} INFO - [2026-04-26T07:27:07.964+0000] {dag.py:3096} INFO - Sync 1 DAGs
[2026-04-26T07:27:07.979+0000] {logging_mixin.py:188} INFO - [2026-04-26T07:27:07.979+0000] {dag.py:3954} INFO - Setting next_dagrun for example_short_circuit_operator to 2026-04-25 00:00:00+00:00, run_after=2026-04-26 00:00:00+00:00
[2026-04-26T07:27:07.995+0000] {processor.py:183} INFO - Processing /usr/local/python/3.12.1/lib/python3.12/site-packages/airflow/example_dags/example_short_circuit_operator.py took 0.057 seconds
[2026-04-26T07:27:29.715+0000] {processor.py:161} INFO - Started process (PID=30624) to work on /usr/local/python/3.12.1/lib/python3.12/site-packages/airflow/example_dags/example_short_circuit_operator.py
[2026-04-26T07:27:29.717+0000] {processor.py:830} INFO - Processing file /usr/local/python/3.12.1/lib/python3.12/site-packages/airflow/example_dags/example_short_circuit_operator.py for tasks to queue
[2026-04-26T07:27:29.717+0000] {logging_mixin.py:188} INFO - [2026-04-26T07:27:29.717+0000] {dagbag.py:540} INFO - Filling up the DagBag from /usr/local/python/3.12.1/lib/python3.12/site-packages/airflow/example_dags/example_short_circuit_operator.py
[2026-04-26T07:27:29.726+0000] {processor.py:840} INFO - DAG(s) 'example_short_circuit_operator' retrieved from /usr/local/python/3.12.1/lib/python3.12/site-packages/airflow/example_dags/example_short_circuit_operator.py
[2026-04-26T07:27:29.747+0000] {logging_mixin.py:188} INFO - [2026-04-26T07:27:29.747+0000] {dag.py:3096} INFO - Sync 1 DAGs
[2026-04-26T07:27:29.769+0000] {logging_mixin.py:188} INFO - [2026-04-26T07:27:29.769+0000] {dag.py:3954} INFO - Setting next_dagrun for example_short_circuit_operator to 2026-04-25 00:00:00+00:00, run_after=2026-04-26 00:00:00+00:00
[2026-04-26T07:27:29.790+0000] {processor.py:183} INFO - Processing /usr/local/python/3.12.1/lib/python3.12/site-packages/airflow/example_dags/example_short_circuit_operator.py took 0.081 seconds
[2026-04-26T07:27:47.820+0000] {processor.py:161} INFO - Started process (PID=30786) to work on /usr/local/python/3.12.1/lib/python3.12/site-packages/airflow/example_dags/example_short_circuit_operator.py
[2026-04-26T07:27:47.821+0000] {processor.py:830} INFO - Processing file /usr/local/python/3.12.1/lib/python3.12/site-packages/airflow/example_dags/example_short_circuit_operator.py for tasks to queue
[2026-04-26T07:27:47.822+0000] {logging_mixin.py:188} INFO - [2026-04-26T07:27:47.821+0000] {dagbag.py:540} INFO - Filling up the DagBag from /usr/local/python/3.12.1/lib/python3.12/site-packages/airflow/example_dags/example_short_circuit_operator.py
[2026-04-26T07:27:47.827+0000] {processor.py:840} INFO - DAG(s) 'example_short_circuit_operator' retrieved from /usr/local/python/3.12.1/lib/python3.12/site-packages/airflow/example_dags/example_short_circuit_operator.py
[2026-04-26T07:27:47.841+0000] {logging_mixin.py:188} INFO - [2026-04-26T07:27:47.841+0000] {dag.py:3096} INFO - Sync 1 DAGs
[2026-04-26T07:27:47.855+0000] {logging_mixin.py:188} INFO - [2026-04-26T07:27:47.855+0000] {dag.py:3954} INFO - Setting next_dagrun for example_short_circuit_operator to 2026-04-25 00:00:00+00:00, run_after=2026-04-26 00:00:00+00:00
[2026-04-26T07:27:47.872+0000] {processor.py:183} INFO - Processing /usr/local/python/3.12.1/lib/python3.12/site-packages/airflow/example_dags/example_short_circuit_operator.py took 0.056 seconds
[2026-04-26T07:27:58.306+0000] {processor.py:161} INFO - Started process (PID=30883) to work on /usr/local/python/3.12.1/lib/python3.12/site-packages/airflow/example_dags/example_short_circuit_operator.py
[2026-04-26T07:27:58.306+0000] {processor.py:830} INFO - Processing file /usr/local/python/3.12.1/lib/python3.12/site-packages/airflow/example_dags/example_short_circuit_operator.py for tasks to queue
[2026-04-26T07:27:58.307+0000] {logging_mixin.py:188} INFO - [2026-04-26T07:27:58.307+0000] {dagbag.py:540} INFO - Filling up the DagBag from /usr/local/python/3.12.1/lib/python3.12/site-packages/airflow/example_dags/example_short_circuit_operator.py
[2026-04-26T07:27:58.313+0000] {processor.py:840} INFO - DAG(s) 'example_short_circuit_operator' retrieved from /usr/local/python/3.12.1/lib/python3.12/site-packages/airflow/example_dags/example_short_circuit_operator.py
[2026-04-26T07:27:58.327+0000] {logging_mixin.py:188} INFO - [2026-04-26T07:27:58.327+0000] {dag.py:3096} INFO - Sync 1 DAGs
[2026-04-26T07:27:58.341+0000] {logging_mixin.py:188} INFO - [2026-04-26T07:27:58.341+0000] {dag.py:3954} INFO - Setting next_dagrun for example_short_circuit_operator to 2026-04-25 00:00:00+00:00, run_after=2026-04-26 00:00:00+00:00
[2026-04-26T07:27:58.360+0000] {processor.py:183} INFO - Processing /usr/local/python/3.12.1/lib/python3.12/site-packages/airflow/example_dags/example_short_circuit_operator.py took 0.059 seconds
[2026-04-26T07:28:09.998+0000] {processor.py:161} INFO - Started process (PID=30983) to work on /usr/local/python/3.12.1/lib/python3.12/site-packages/airflow/example_dags/example_short_circuit_operator.py
[2026-04-26T07:28:09.999+0000] {processor.py:830} INFO - Processing file /usr/local/python/3.12.1/lib/python3.12/site-packages/airflow/example_dags/example_short_circuit_operator.py for tasks to queue
[2026-04-26T07:28:10.000+0000] {logging_mixin.py:188} INFO - [2026-04-26T07:28:09.999+0000] {dagbag.py:540} INFO - Filling up the DagBag from /usr/local/python/3.12.1/lib/python3.12/site-packages/airflow/example_dags/example_short_circuit_operator.py
[2026-04-26T07:28:10.006+0000] {processor.py:840} INFO - DAG(s) 'example_short_circuit_operator' retrieved from /usr/local/python/3.12.1/lib/python3.12/site-packages/airflow/example_dags/example_short_circuit_operator.py
[2026-04-26T07:28:10.020+0000] {logging_mixin.py:188} INFO - [2026-04-26T07:28:10.020+0000] {dag.py:3096} INFO - Sync 1 DAGs
[2026-04-26T07:28:10.042+0000] {logging_mixin.py:188} INFO - [2026-04-26T07:28:10.042+0000] {dag.py:3954} INFO - Setting next_dagrun for example_short_circuit_operator to 2026-04-25 00:00:00+00:00, run_after=2026-04-26 00:00:00+00:00
[2026-04-26T07:28:10.258+0000] {processor.py:183} INFO - Processing /usr/local/python/3.12.1/lib/python3.12/site-packages/airflow/example_dags/example_short_circuit_operator.py took 0.264 seconds
[2026-04-26T07:28:27.595+0000] {processor.py:161} INFO - Started process (PID=31145) to work on /usr/local/python/3.12.1/lib/python3.12/site-packages/airflow/example_dags/example_short_circuit_operator.py
[2026-04-26T07:28:27.596+0000] {processor.py:830} INFO - Processing file /usr/local/python/3.12.1/lib/python3.12/site-packages/airflow/example_dags/example_short_circuit_operator.py for tasks to queue
[2026-04-26T07:28:27.597+0000] {logging_mixin.py:188} INFO - [2026-04-26T07:28:27.596+0000] {dagbag.py:540} INFO - Filling up the DagBag from /usr/local/python/3.12.1/lib/python3.12/site-packages/airflow/example_dags/example_short_circuit_operator.py
[2026-04-26T07:28:27.602+0000] {processor.py:840} INFO - DAG(s) 'example_short_circuit_operator' retrieved from /usr/local/python/3.12.1/lib/python3.12/site-packages/airflow/example_dags/example_short_circuit_operator.py
[2026-04-26T07:28:27.616+0000] {logging_mixin.py:188} INFO - [2026-04-26T07:28:27.616+0000] {dag.py:3096} INFO - Sync 1 DAGs
[2026-04-26T07:28:27.634+0000] {logging_mixin.py:188} INFO - [2026-04-26T07:28:27.634+0000] {dag.py:3954} INFO - Setting next_dagrun for example_short_circuit_operator to 2026-04-25 00:00:00+00:00, run_after=2026-04-26 00:00:00+00:00
[2026-04-26T07:28:27.651+0000] {processor.py:183} INFO - Processing /usr/local/python/3.12.1/lib/python3.12/site-packages/airflow/example_dags/example_short_circuit_operator.py took 0.060 seconds
[2026-04-26T07:28:38.362+0000] {processor.py:161} INFO - Started process (PID=31242) to work on /usr/local/python/3.12.1/lib/python3.12/site-packages/airflow/example_dags/example_short_circuit_operator.py
[2026-04-26T07:28:38.363+0000] {processor.py:830} INFO - Processing file /usr/local/python/3.12.1/lib/python3.12/site-packages/airflow/example_dags/example_short_circuit_operator.py for tasks to queue
[2026-04-26T07:28:38.364+0000] {logging_mixin.py:188} INFO - [2026-04-26T07:28:38.363+0000] {dagbag.py:540} INFO - Filling up the DagBag from /usr/local/python/3.12.1/lib/python3.12/site-packages/airflow/example_dags/example_short_circuit_operator.py
[2026-04-26T07:28:38.370+0000] {processor.py:840} INFO - DAG(s) 'example_short_circuit_operator' retrieved from /usr/local/python/3.12.1/lib/python3.12/site-packages/airflow/example_dags/example_short_circuit_operator.py
[2026-04-26T07:28:38.384+0000] {logging_mixin.py:188} INFO - [2026-04-26T07:28:38.384+0000] {dag.py:3096} INFO - Sync 1 DAGs
[2026-04-26T07:28:38.400+0000] {logging_mixin.py:188} INFO - [2026-04-26T07:28:38.399+0000] {dag.py:3954} INFO - Setting next_dagrun for example_short_circuit_operator to 2026-04-25 00:00:00+00:00, run_after=2026-04-26 00:00:00+00:00
[2026-04-26T07:28:38.416+0000] {processor.py:183} INFO - Processing /usr/local/python/3.12.1/lib/python3.12/site-packages/airflow/example_dags/example_short_circuit_operator.py took 0.059 seconds
[2026-04-26T07:28:53.304+0000] {processor.py:161} INFO - Started process (PID=31429) to work on /usr/local/python/3.12.1/lib/python3.12/site-packages/airflow/example_dags/example_short_circuit_operator.py
[2026-04-26T07:28:53.304+0000] {processor.py:830} INFO - Processing file /usr/local/python/3.12.1/lib/python3.12/site-packages/airflow/example_dags/example_short_circuit_operator.py for tasks to queue
[2026-04-26T07:28:53.305+0000] {logging_mixin.py:188} INFO - [2026-04-26T07:28:53.305+0000] {dagbag.py:540} INFO - Filling up the DagBag from /usr/local/python/3.12.1/lib/python3.12/site-packages/airflow/example_dags/example_short_circuit_operator.py
[2026-04-26T07:28:53.310+0000] {processor.py:840} INFO - DAG(s) 'example_short_circuit_operator' retrieved from /usr/local/python/3.12.1/lib/python3.12/site-packages/airflow/example_dags/example_short_circuit_operator.py
[2026-04-26T07:28:53.324+0000] {logging_mixin.py:188} INFO - [2026-04-26T07:28:53.323+0000] {dag.py:3096} INFO - Sync 1 DAGs
[2026-04-26T07:28:53.337+0000] {logging_mixin.py:188} INFO - [2026-04-26T07:28:53.337+0000] {dag.py:3954} INFO - Setting next_dagrun for example_short_circuit_operator to 2026-04-25 00:00:00+00:00, run_after=2026-04-26 00:00:00+00:00
[2026-04-26T07:28:53.353+0000] {processor.py:183} INFO - Processing /usr/local/python/3.12.1/lib/python3.12/site-packages/airflow/example_dags/example_short_circuit_operator.py took 0.053 seconds
[2026-04-26T07:29:10.252+0000] {processor.py:161} INFO - Started process (PID=31587) to work on /usr/local/python/3.12.1/lib/python3.12/site-packages/airflow/example_dags/example_short_circuit_operator.py
[2026-04-26T07:29:10.252+0000] {processor.py:830} INFO - Processing file /usr/local/python/3.12.1/lib/python3.12/site-packages/airflow/example_dags/example_short_circuit_operator.py for tasks to queue
[2026-04-26T07:29:10.253+0000] {logging_mixin.py:188} INFO - [2026-04-26T07:29:10.253+0000] {dagbag.py:540} INFO - Filling up the DagBag from /usr/local/python/3.12.1/lib/python3.12/site-packages/airflow/example_dags/example_short_circuit_operator.py
[2026-04-26T07:29:10.259+0000] {processor.py:840} INFO - DAG(s) 'example_short_circuit_operator' retrieved from /usr/local/python/3.12.1/lib/python3.12/site-packages/airflow/example_dags/example_short_circuit_operator.py
[2026-04-26T07:29:10.274+0000] {logging_mixin.py:188} INFO - [2026-04-26T07:29:10.273+0000] {dag.py:3096} INFO - Sync 1 DAGs
[2026-04-26T07:29:10.291+0000] {logging_mixin.py:188} INFO - [2026-04-26T07:29:10.291+0000] {dag.py:3954} INFO - Setting next_dagrun for example_short_circuit_operator to 2026-04-25 00:00:00+00:00, run_after=2026-04-26 00:00:00+00:00
[2026-04-26T07:29:10.314+0000] {processor.py:183} INFO - Processing /usr/local/python/3.12.1/lib/python3.12/site-packages/airflow/example_dags/example_short_circuit_operator.py took 0.067 seconds
[2026-04-26T07:29:16.725+0000] {processor.py:161} INFO - Started process (PID=31651) to work on /usr/local/python/3.12.1/lib/python3.12/site-packages/airflow/example_dags/example_short_circuit_operator.py
[2026-04-26T07:29:16.726+0000] {processor.py:830} INFO - Processing file /usr/local/python/3.12.1/lib/python3.12/site-packages/airflow/example_dags/example_short_circuit_operator.py for tasks to queue
[2026-04-26T07:29:16.727+0000] {logging_mixin.py:188} INFO - [2026-04-26T07:29:16.726+0000] {dagbag.py:540} INFO - Filling up the DagBag from /usr/local/python/3.12.1/lib/python3.12/site-packages/airflow/example_dags/example_short_circuit_operator.py
[2026-04-26T07:29:16.736+0000] {processor.py:840} INFO - DAG(s) 'example_short_circuit_operator' retrieved from /usr/local/python/3.12.1/lib/python3.12/site-packages/airflow/example_dags/example_short_circuit_operator.py
[2026-04-26T07:29:16.760+0000] {logging_mixin.py:188} INFO - [2026-04-26T07:29:16.759+0000] {dag.py:3096} INFO - Sync 1 DAGs
[2026-04-26T07:29:16.784+0000] {logging_mixin.py:188} INFO - [2026-04-26T07:29:16.783+0000] {dag.py:3954} INFO - Setting next_dagrun for example_short_circuit_operator to 2026-04-25 00:00:00+00:00, run_after=2026-04-26 00:00:00+00:00
[2026-04-26T07:29:16.983+0000] {processor.py:183} INFO - Processing /usr/local/python/3.12.1/lib/python3.12/site-packages/airflow/example_dags/example_short_circuit_operator.py took 0.265 seconds
[2026-04-26T07:29:36.740+0000] {processor.py:161} INFO - Started process (PID=31892) to work on /usr/local/python/3.12.1/lib/python3.12/site-packages/airflow/example_dags/example_short_circuit_operator.py
[2026-04-26T07:29:36.741+0000] {processor.py:830} INFO - Processing file /usr/local/python/3.12.1/lib/python3.12/site-packages/airflow/example_dags/example_short_circuit_operator.py for tasks to queue
[2026-04-26T07:29:36.742+0000] {logging_mixin.py:188} INFO - [2026-04-26T07:29:36.741+0000] {dagbag.py:540} INFO - Filling up the DagBag from /usr/local/python/3.12.1/lib/python3.12/site-packages/airflow/example_dags/example_short_circuit_operator.py
[2026-04-26T07:29:36.747+0000] {processor.py:840} INFO - DAG(s) 'example_short_circuit_operator' retrieved from /usr/local/python/3.12.1/lib/python3.12/site-packages/airflow/example_dags/example_short_circuit_operator.py
[2026-04-26T07:29:36.761+0000] {logging_mixin.py:188} INFO - [2026-04-26T07:29:36.760+0000] {dag.py:3096} INFO - Sync 1 DAGs
[2026-04-26T07:29:36.781+0000] {logging_mixin.py:188} INFO - [2026-04-26T07:29:36.781+0000] {dag.py:3954} INFO - Setting next_dagrun for example_short_circuit_operator to 2026-04-25 00:00:00+00:00, run_after=2026-04-26 00:00:00+00:00
[2026-04-26T07:29:36.797+0000] {processor.py:183} INFO - Processing /usr/local/python/3.12.1/lib/python3.12/site-packages/airflow/example_dags/example_short_circuit_operator.py took 0.061 seconds
[2026-04-26T07:29:52.523+0000] {processor.py:161} INFO - Started process (PID=32030) to work on /usr/local/python/3.12.1/lib/python3.12/site-packages/airflow/example_dags/example_short_circuit_operator.py
[2026-04-26T07:29:52.524+0000] {processor.py:830} INFO - Processing file /usr/local/python/3.12.1/lib/python3.12/site-packages/airflow/example_dags/example_short_circuit_operator.py for tasks to queue
[2026-04-26T07:29:52.525+0000] {logging_mixin.py:188} INFO - [2026-04-26T07:29:52.525+0000] {dagbag.py:540} INFO - Filling up the DagBag from /usr/local/python/3.12.1/lib/python3.12/site-packages/airflow/example_dags/example_short_circuit_operator.py
[2026-04-26T07:29:52.535+0000] {processor.py:840} INFO - DAG(s) 'example_short_circuit_operator' retrieved from /usr/local/python/3.12.1/lib/python3.12/site-packages/airflow/example_dags/example_short_circuit_operator.py
[2026-04-26T07:29:52.558+0000] {logging_mixin.py:188} INFO - [2026-04-26T07:29:52.558+0000] {dag.py:3096} INFO - Sync 1 DAGs
[2026-04-26T07:29:52.582+0000] {logging_mixin.py:188} INFO - [2026-04-26T07:29:52.582+0000] {dag.py:3954} INFO - Setting next_dagrun for example_short_circuit_operator to 2026-04-25 00:00:00+00:00, run_after=2026-04-26 00:00:00+00:00
[2026-04-26T07:29:52.602+0000] {processor.py:183} INFO - Processing /usr/local/python/3.12.1/lib/python3.12/site-packages/airflow/example_dags/example_short_circuit_operator.py took 0.086 seconds
[2026-04-26T07:30:13.351+0000] {processor.py:161} INFO - Started process (PID=32277) to work on /usr/local/python/3.12.1/lib/python3.12/site-packages/airflow/example_dags/example_short_circuit_operator.py
[2026-04-26T07:30:13.352+0000] {processor.py:830} INFO - Processing file /usr/local/python/3.12.1/lib/python3.12/site-packages/airflow/example_dags/example_short_circuit_operator.py for tasks to queue
[2026-04-26T07:30:13.353+0000] {logging_mixin.py:188} INFO - [2026-04-26T07:30:13.352+0000] {dagbag.py:540} INFO - Filling up the DagBag from /usr/local/python/3.12.1/lib/python3.12/site-packages/airflow/example_dags/example_short_circuit_operator.py
[2026-04-26T07:30:13.359+0000] {processor.py:840} INFO - DAG(s) 'example_short_circuit_operator' retrieved from /usr/local/python/3.12.1/lib/python3.12/site-packages/airflow/example_dags/example_short_circuit_operator.py
[2026-04-26T07:30:13.373+0000] {logging_mixin.py:188} INFO - [2026-04-26T07:30:13.373+0000] {dag.py:3096} INFO - Sync 1 DAGs
[2026-04-26T07:30:13.388+0000] {logging_mixin.py:188} INFO - [2026-04-26T07:30:13.388+0000] {dag.py:3954} INFO - Setting next_dagrun for example_short_circuit_operator to 2026-04-25 00:00:00+00:00, run_after=2026-04-26 00:00:00+00:00
[2026-04-26T07:30:13.404+0000] {processor.py:183} INFO - Processing /usr/local/python/3.12.1/lib/python3.12/site-packages/airflow/example_dags/example_short_circuit_operator.py took 0.057 seconds
[2026-04-26T07:30:22.384+0000] {processor.py:161} INFO - Started process (PID=32352) to work on /usr/local/python/3.12.1/lib/python3.12/site-packages/airflow/example_dags/example_short_circuit_operator.py
[2026-04-26T07:30:22.385+0000] {processor.py:830} INFO - Processing file /usr/local/python/3.12.1/lib/python3.12/site-packages/airflow/example_dags/example_short_circuit_operator.py for tasks to queue
[2026-04-26T07:30:22.386+0000] {logging_mixin.py:188} INFO - [2026-04-26T07:30:22.385+0000] {dagbag.py:540} INFO - Filling up the DagBag from /usr/local/python/3.12.1/lib/python3.12/site-packages/airflow/example_dags/example_short_circuit_operator.py
[2026-04-26T07:30:22.394+0000] {processor.py:840} INFO - DAG(s) 'example_short_circuit_operator' retrieved from /usr/local/python/3.12.1/lib/python3.12/site-packages/airflow/example_dags/example_short_circuit_operator.py
[2026-04-26T07:30:22.411+0000] {logging_mixin.py:188} INFO - [2026-04-26T07:30:22.410+0000] {dag.py:3096} INFO - Sync 1 DAGs
[2026-04-26T07:30:22.425+0000] {logging_mixin.py:188} INFO - [2026-04-26T07:30:22.424+0000] {dag.py:3954} INFO - Setting next_dagrun for example_short_circuit_operator to 2026-04-25 00:00:00+00:00, run_after=2026-04-26 00:00:00+00:00
[2026-04-26T07:30:22.441+0000] {processor.py:183} INFO - Processing /usr/local/python/3.12.1/lib/python3.12/site-packages/airflow/example_dags/example_short_circuit_operator.py took 0.060 seconds
[2026-04-26T07:30:35.579+0000] {processor.py:161} INFO - Started process (PID=32470) to work on /usr/local/python/3.12.1/lib/python3.12/site-packages/airflow/example_dags/example_short_circuit_operator.py
[2026-04-26T07:30:35.580+0000] {processor.py:830} INFO - Processing file /usr/local/python/3.12.1/lib/python3.12/site-packages/airflow/example_dags/example_short_circuit_operator.py for tasks to queue
[2026-04-26T07:30:35.580+0000] {logging_mixin.py:188} INFO - [2026-04-26T07:30:35.580+0000] {dagbag.py:540} INFO - Filling up the DagBag from /usr/local/python/3.12.1/lib/python3.12/site-packages/airflow/example_dags/example_short_circuit_operator.py
[2026-04-26T07:30:35.589+0000] {processor.py:840} INFO - DAG(s) 'example_short_circuit_operator' retrieved from /usr/local/python/3.12.1/lib/python3.12/site-packages/airflow/example_dags/example_short_circuit_operator.py
[2026-04-26T07:30:35.606+0000] {logging_mixin.py:188} INFO - [2026-04-26T07:30:35.606+0000] {dag.py:3096} INFO - Sync 1 DAGs
[2026-04-26T07:30:35.621+0000] {logging_mixin.py:188} INFO - [2026-04-26T07:30:35.621+0000] {dag.py:3954} INFO - Setting next_dagrun for example_short_circuit_operator to 2026-04-25 00:00:00+00:00, run_after=2026-04-26 00:00:00+00:00
[2026-04-26T07:30:35.775+0000] {processor.py:183} INFO - Processing /usr/local/python/3.12.1/lib/python3.12/site-packages/airflow/example_dags/example_short_circuit_operator.py took 0.200 seconds
[2026-04-26T07:30:54.482+0000] {processor.py:161} INFO - Started process (PID=32639) to work on /usr/local/python/3.12.1/lib/python3.12/site-packages/airflow/example_dags/example_short_circuit_operator.py
[2026-04-26T07:30:54.483+0000] {processor.py:830} INFO - Processing file /usr/local/python/3.12.1/lib/python3.12/site-packages/airflow/example_dags/example_short_circuit_operator.py for tasks to queue
[2026-04-26T07:30:54.483+0000] {logging_mixin.py:188} INFO - [2026-04-26T07:30:54.483+0000] {dagbag.py:540} INFO - Filling up the DagBag from /usr/local/python/3.12.1/lib/python3.12/site-packages/airflow/example_dags/example_short_circuit_operator.py
[2026-04-26T07:30:54.491+0000] {processor.py:840} INFO - DAG(s) 'example_short_circuit_operator' retrieved from /usr/local/python/3.12.1/lib/python3.12/site-packages/airflow/example_dags/example_short_circuit_operator.py
[2026-04-26T07:30:54.505+0000] {logging_mixin.py:188} INFO - [2026-04-26T07:30:54.505+0000] {dag.py:3096} INFO - Sync 1 DAGs
[2026-04-26T07:30:54.520+0000] {logging_mixin.py:188} INFO - [2026-04-26T07:30:54.519+0000] {dag.py:3954} INFO - Setting next_dagrun for example_short_circuit_operator to 2026-04-25 00:00:00+00:00, run_after=2026-04-26 00:00:00+00:00
[2026-04-26T07:30:54.536+0000] {processor.py:183} INFO - Processing /usr/local/python/3.12.1/lib/python3.12/site-packages/airflow/example_dags/example_short_circuit_operator.py took 0.059 seconds
[2026-04-26T07:31:08.078+0000] {processor.py:161} INFO - Started process (PID=32771) to work on /usr/local/python/3.12.1/lib/python3.12/site-packages/airflow/example_dags/example_short_circuit_operator.py
[2026-04-26T07:31:08.079+0000] {processor.py:830} INFO - Processing file /usr/local/python/3.12.1/lib/python3.12/site-packages/airflow/example_dags/example_short_circuit_operator.py for tasks to queue
[2026-04-26T07:31:08.080+0000] {logging_mixin.py:188} INFO - [2026-04-26T07:31:08.079+0000] {dagbag.py:540} INFO - Filling up the DagBag from /usr/local/python/3.12.1/lib/python3.12/site-packages/airflow/example_dags/example_short_circuit_operator.py
[2026-04-26T07:31:08.086+0000] {processor.py:840} INFO - DAG(s) 'example_short_circuit_operator' retrieved from /usr/local/python/3.12.1/lib/python3.12/site-packages/airflow/example_dags/example_short_circuit_operator.py
[2026-04-26T07:31:08.243+0000] {logging_mixin.py:188} INFO - [2026-04-26T07:31:08.243+0000] {dag.py:3096} INFO - Sync 1 DAGs
[2026-04-26T07:31:08.272+0000] {logging_mixin.py:188} INFO - [2026-04-26T07:31:08.272+0000] {dag.py:3954} INFO - Setting next_dagrun for example_short_circuit_operator to 2026-04-25 00:00:00+00:00, run_after=2026-04-26 00:00:00+00:00
[2026-04-26T07:31:08.303+0000] {processor.py:183} INFO - Processing /usr/local/python/3.12.1/lib/python3.12/site-packages/airflow/example_dags/example_short_circuit_operator.py took 0.229 seconds
[2026-04-26T07:31:21.677+0000] {processor.py:161} INFO - Started process (PID=32886) to work on /usr/local/python/3.12.1/lib/python3.12/site-packages/airflow/example_dags/example_short_circuit_operator.py
[2026-04-26T07:31:21.678+0000] {processor.py:830} INFO - Processing file /usr/local/python/3.12.1/lib/python3.12/site-packages/airflow/example_dags/example_short_circuit_operator.py for tasks to queue
[2026-04-26T07:31:21.679+0000] {logging_mixin.py:188} INFO - [2026-04-26T07:31:21.678+0000] {dagbag.py:540} INFO - Filling up the DagBag from /usr/local/python/3.12.1/lib/python3.12/site-packages/airflow/example_dags/example_short_circuit_operator.py
[2026-04-26T07:31:21.684+0000] {processor.py:840} INFO - DAG(s) 'example_short_circuit_operator' retrieved from /usr/local/python/3.12.1/lib/python3.12/site-packages/airflow/example_dags/example_short_circuit_operator.py
[2026-04-26T07:31:21.698+0000] {logging_mixin.py:188} INFO - [2026-04-26T07:31:21.697+0000] {dag.py:3096} INFO - Sync 1 DAGs
[2026-04-26T07:31:21.716+0000] {logging_mixin.py:188} INFO - [2026-04-26T07:31:21.716+0000] {dag.py:3954} INFO - Setting next_dagrun for example_short_circuit_operator to 2026-04-25 00:00:00+00:00, run_after=2026-04-26 00:00:00+00:00
[2026-04-26T07:31:21.734+0000] {processor.py:183} INFO - Processing /usr/local/python/3.12.1/lib/python3.12/site-packages/airflow/example_dags/example_short_circuit_operator.py took 0.062 seconds
[2026-04-26T07:31:32.704+0000] {processor.py:161} INFO - Started process (PID=32982) to work on /usr/local/python/3.12.1/lib/python3.12/site-packages/airflow/example_dags/example_short_circuit_operator.py
[2026-04-26T07:31:32.705+0000] {processor.py:830} INFO - Processing file /usr/local/python/3.12.1/lib/python3.12/site-packages/airflow/example_dags/example_short_circuit_operator.py for tasks to queue
[2026-04-26T07:31:32.706+0000] {logging_mixin.py:188} INFO - [2026-04-26T07:31:32.706+0000] {dagbag.py:540} INFO - Filling up the DagBag from /usr/local/python/3.12.1/lib/python3.12/site-packages/airflow/example_dags/example_short_circuit_operator.py
[2026-04-26T07:31:32.712+0000] {processor.py:840} INFO - DAG(s) 'example_short_circuit_operator' retrieved from /usr/local/python/3.12.1/lib/python3.12/site-packages/airflow/example_dags/example_short_circuit_operator.py
[2026-04-26T07:31:32.726+0000] {logging_mixin.py:188} INFO - [2026-04-26T07:31:32.726+0000] {dag.py:3096} INFO - Sync 1 DAGs
[2026-04-26T07:31:32.741+0000] {logging_mixin.py:188} INFO - [2026-04-26T07:31:32.741+0000] {dag.py:3954} INFO - Setting next_dagrun for example_short_circuit_operator to 2026-04-25 00:00:00+00:00, run_after=2026-04-26 00:00:00+00:00
[2026-04-26T07:31:32.757+0000] {processor.py:183} INFO - Processing /usr/local/python/3.12.1/lib/python3.12/site-packages/airflow/example_dags/example_short_circuit_operator.py took 0.058 seconds
[2026-04-26T07:31:58.962+0000] {processor.py:161} INFO - Started process (PID=33223) to work on /usr/local/python/3.12.1/lib/python3.12/site-packages/airflow/example_dags/example_short_circuit_operator.py
[2026-04-26T07:31:58.963+0000] {processor.py:830} INFO - Processing file /usr/local/python/3.12.1/lib/python3.12/site-packages/airflow/example_dags/example_short_circuit_operator.py for tasks to queue
[2026-04-26T07:31:58.964+0000] {logging_mixin.py:188} INFO - [2026-04-26T07:31:58.964+0000] {dagbag.py:540} INFO - Filling up the DagBag from /usr/local/python/3.12.1/lib/python3.12/site-packages/airflow/example_dags/example_short_circuit_operator.py
[2026-04-26T07:31:58.973+0000] {processor.py:840} INFO - DAG(s) 'example_short_circuit_operator' retrieved from /usr/local/python/3.12.1/lib/python3.12/site-packages/airflow/example_dags/example_short_circuit_operator.py
[2026-04-26T07:31:58.989+0000] {logging_mixin.py:188} INFO - [2026-04-26T07:31:58.989+0000] {dag.py:3096} INFO - Sync 1 DAGs
[2026-04-26T07:31:59.011+0000] {logging_mixin.py:188} INFO - [2026-04-26T07:31:59.010+0000] {dag.py:3954} INFO - Setting next_dagrun for example_short_circuit_operator to 2026-04-25 00:00:00+00:00, run_after=2026-04-26 00:00:00+00:00
[2026-04-26T07:31:59.029+0000] {processor.py:183} INFO - Processing /usr/local/python/3.12.1/lib/python3.12/site-packages/airflow/example_dags/example_short_circuit_operator.py took 0.073 seconds
[2026-04-26T07:32:04.471+0000] {processor.py:161} INFO - Started process (PID=33264) to work on /usr/local/python/3.12.1/lib/python3.12/site-packages/airflow/example_dags/example_short_circuit_operator.py
[2026-04-26T07:32:04.472+0000] {processor.py:830} INFO - Processing file /usr/local/python/3.12.1/lib/python3.12/site-packages/airflow/example_dags/example_short_circuit_operator.py for tasks to queue
[2026-04-26T07:32:04.473+0000] {logging_mixin.py:188} INFO - [2026-04-26T07:32:04.472+0000] {dagbag.py:540} INFO - Filling up the DagBag from /usr/local/python/3.12.1/lib/python3.12/site-packages/airflow/example_dags/example_short_circuit_operator.py
[2026-04-26T07:32:04.481+0000] {processor.py:840} INFO - DAG(s) 'example_short_circuit_operator' retrieved from /usr/local/python/3.12.1/lib/python3.12/site-packages/airflow/example_dags/example_short_circuit_operator.py
[2026-04-26T07:32:04.503+0000] {logging_mixin.py:188} INFO - [2026-04-26T07:32:04.502+0000] {dag.py:3096} INFO - Sync 1 DAGs
[2026-04-26T07:32:04.524+0000] {logging_mixin.py:188} INFO - [2026-04-26T07:32:04.524+0000] {dag.py:3954} INFO - Setting next_dagrun for example_short_circuit_operator to 2026-04-25 00:00:00+00:00, run_after=2026-04-26 00:00:00+00:00
[2026-04-26T07:32:04.546+0000] {processor.py:183} INFO - Processing /usr/local/python/3.12.1/lib/python3.12/site-packages/airflow/example_dags/example_short_circuit_operator.py took 0.081 seconds
[2026-04-26T07:32:13.295+0000] {processor.py:161} INFO - Started process (PID=33346) to work on /usr/local/python/3.12.1/lib/python3.12/site-packages/airflow/example_dags/example_short_circuit_operator.py
[2026-04-26T07:32:13.296+0000] {processor.py:830} INFO - Processing file /usr/local/python/3.12.1/lib/python3.12/site-packages/airflow/example_dags/example_short_circuit_operator.py for tasks to queue
[2026-04-26T07:32:13.297+0000] {logging_mixin.py:188} INFO - [2026-04-26T07:32:13.297+0000] {dagbag.py:540} INFO - Filling up the DagBag from /usr/local/python/3.12.1/lib/python3.12/site-packages/airflow/example_dags/example_short_circuit_operator.py
[2026-04-26T07:32:13.305+0000] {processor.py:840} INFO - DAG(s) 'example_short_circuit_operator' retrieved from /usr/local/python/3.12.1/lib/python3.12/site-packages/airflow/example_dags/example_short_circuit_operator.py
[2026-04-26T07:32:13.324+0000] {logging_mixin.py:188} INFO - [2026-04-26T07:32:13.324+0000] {dag.py:3096} INFO - Sync 1 DAGs
[2026-04-26T07:32:13.344+0000] {logging_mixin.py:188} INFO - [2026-04-26T07:32:13.344+0000] {dag.py:3954} INFO - Setting next_dagrun for example_short_circuit_operator to 2026-04-25 00:00:00+00:00, run_after=2026-04-26 00:00:00+00:00
[2026-04-26T07:32:13.370+0000] {processor.py:183} INFO - Processing /usr/local/python/3.12.1/lib/python3.12/site-packages/airflow/example_dags/example_short_circuit_operator.py took 0.081 seconds
[2026-04-26T07:32:48.552+0000] {processor.py:161} INFO - Started process (PID=33651) to work on /usr/local/python/3.12.1/lib/python3.12/site-packages/airflow/example_dags/example_short_circuit_operator.py
[2026-04-26T07:32:48.552+0000] {processor.py:830} INFO - Processing file /usr/local/python/3.12.1/lib/python3.12/site-packages/airflow/example_dags/example_short_circuit_operator.py for tasks to queue
[2026-04-26T07:32:48.553+0000] {logging_mixin.py:188} INFO - [2026-04-26T07:32:48.553+0000] {dagbag.py:540} INFO - Filling up the DagBag from /usr/local/python/3.12.1/lib/python3.12/site-packages/airflow/example_dags/example_short_circuit_operator.py
[2026-04-26T07:32:48.676+0000] {processor.py:161} INFO - Started process (PID=33652) to work on /usr/local/python/3.12.1/lib/python3.12/site-packages/airflow/example_dags/example_short_circuit_operator.py
[2026-04-26T07:32:48.677+0000] {processor.py:830} INFO - Processing file /usr/local/python/3.12.1/lib/python3.12/site-packages/airflow/example_dags/example_short_circuit_operator.py for tasks to queue
[2026-04-26T07:32:48.678+0000] {logging_mixin.py:188} INFO - [2026-04-26T07:32:48.678+0000] {dagbag.py:540} INFO - Filling up the DagBag from /usr/local/python/3.12.1/lib/python3.12/site-packages/airflow/example_dags/example_short_circuit_operator.py
[2026-04-26T07:32:48.685+0000] {processor.py:840} INFO - DAG(s) 'example_short_circuit_operator' retrieved from /usr/local/python/3.12.1/lib/python3.12/site-packages/airflow/example_dags/example_short_circuit_operator.py
[2026-04-26T07:32:48.702+0000] {logging_mixin.py:188} INFO - [2026-04-26T07:32:48.702+0000] {dag.py:3096} INFO - Sync 1 DAGs
[2026-04-26T07:32:48.714+0000] {processor.py:840} INFO - DAG(s) 'example_short_circuit_operator' retrieved from /usr/local/python/3.12.1/lib/python3.12/site-packages/airflow/example_dags/example_short_circuit_operator.py
[2026-04-26T07:32:48.722+0000] {logging_mixin.py:188} INFO - [2026-04-26T07:32:48.722+0000] {dag.py:3954} INFO - Setting next_dagrun for example_short_circuit_operator to 2026-04-25 00:00:00+00:00, run_after=2026-04-26 00:00:00+00:00
[2026-04-26T07:32:48.746+0000] {logging_mixin.py:188} INFO - [2026-04-26T07:32:48.745+0000] {dag.py:3096} INFO - Sync 1 DAGs
[2026-04-26T07:32:48.756+0000] {processor.py:183} INFO - Processing /usr/local/python/3.12.1/lib/python3.12/site-packages/airflow/example_dags/example_short_circuit_operator.py took 0.085 seconds
[2026-04-26T07:32:48.777+0000] {logging_mixin.py:188} INFO - [2026-04-26T07:32:48.777+0000] {dag.py:3954} INFO - Setting next_dagrun for example_short_circuit_operator to 2026-04-25 00:00:00+00:00, run_after=2026-04-26 00:00:00+00:00
[2026-04-26T07:32:48.801+0000] {processor.py:183} INFO - Processing /usr/local/python/3.12.1/lib/python3.12/site-packages/airflow/example_dags/example_short_circuit_operator.py took 0.254 seconds
[2026-04-26T07:32:52.199+0000] {processor.py:161} INFO - Started process (PID=33686) to work on /usr/local/python/3.12.1/lib/python3.12/site-packages/airflow/example_dags/example_short_circuit_operator.py
[2026-04-26T07:32:52.200+0000] {processor.py:830} INFO - Processing file /usr/local/python/3.12.1/lib/python3.12/site-packages/airflow/example_dags/example_short_circuit_operator.py for tasks to queue
[2026-04-26T07:32:52.200+0000] {logging_mixin.py:188} INFO - [2026-04-26T07:32:52.200+0000] {dagbag.py:540} INFO - Filling up the DagBag from /usr/local/python/3.12.1/lib/python3.12/site-packages/airflow/example_dags/example_short_circuit_operator.py
[2026-04-26T07:32:52.206+0000] {processor.py:840} INFO - DAG(s) 'example_short_circuit_operator' retrieved from /usr/local/python/3.12.1/lib/python3.12/site-packages/airflow/example_dags/example_short_circuit_operator.py
[2026-04-26T07:32:52.224+0000] {logging_mixin.py:188} INFO - [2026-04-26T07:32:52.224+0000] {dag.py:3096} INFO - Sync 1 DAGs
[2026-04-26T07:32:52.269+0000] {logging_mixin.py:188} INFO - [2026-04-26T07:32:52.269+0000] {dag.py:3954} INFO - Setting next_dagrun for example_short_circuit_operator to 2026-04-25 00:00:00+00:00, run_after=2026-04-26 00:00:00+00:00
[2026-04-26T07:32:52.297+0000] {processor.py:183} INFO - Processing /usr/local/python/3.12.1/lib/python3.12/site-packages/airflow/example_dags/example_short_circuit_operator.py took 0.102 seconds
[2026-04-26T07:33:34.502+0000] {processor.py:161} INFO - Started process (PID=34062) to work on /usr/local/python/3.12.1/lib/python3.12/site-packages/airflow/example_dags/example_short_circuit_operator.py
[2026-04-26T07:33:34.503+0000] {processor.py:830} INFO - Processing file /usr/local/python/3.12.1/lib/python3.12/site-packages/airflow/example_dags/example_short_circuit_operator.py for tasks to queue
[2026-04-26T07:33:34.504+0000] {logging_mixin.py:188} INFO - [2026-04-26T07:33:34.504+0000] {dagbag.py:540} INFO - Filling up the DagBag from /usr/local/python/3.12.1/lib/python3.12/site-packages/airflow/example_dags/example_short_circuit_operator.py
[2026-04-26T07:33:34.510+0000] {processor.py:840} INFO - DAG(s) 'example_short_circuit_operator' retrieved from /usr/local/python/3.12.1/lib/python3.12/site-packages/airflow/example_dags/example_short_circuit_operator.py
[2026-04-26T07:33:34.525+0000] {logging_mixin.py:188} INFO - [2026-04-26T07:33:34.525+0000] {dag.py:3096} INFO - Sync 1 DAGs
[2026-04-26T07:33:34.547+0000] {logging_mixin.py:188} INFO - [2026-04-26T07:33:34.547+0000] {dag.py:3954} INFO - Setting next_dagrun for example_short_circuit_operator to 2026-04-25 00:00:00+00:00, run_after=2026-04-26 00:00:00+00:00
[2026-04-26T07:33:34.609+0000] {processor.py:183} INFO - Processing /usr/local/python/3.12.1/lib/python3.12/site-packages/airflow/example_dags/example_short_circuit_operator.py took 0.111 seconds
[2026-04-26T07:33:37.919+0000] {processor.py:161} INFO - Started process (PID=34094) to work on /usr/local/python/3.12.1/lib/python3.12/site-packages/airflow/example_dags/example_short_circuit_operator.py
[2026-04-26T07:33:37.920+0000] {processor.py:830} INFO - Processing file /usr/local/python/3.12.1/lib/python3.12/site-packages/airflow/example_dags/example_short_circuit_operator.py for tasks to queue
[2026-04-26T07:33:37.921+0000] {logging_mixin.py:188} INFO - [2026-04-26T07:33:37.920+0000] {dagbag.py:540} INFO - Filling up the DagBag from /usr/local/python/3.12.1/lib/python3.12/site-packages/airflow/example_dags/example_short_circuit_operator.py
[2026-04-26T07:33:37.927+0000] {processor.py:840} INFO - DAG(s) 'example_short_circuit_operator' retrieved from /usr/local/python/3.12.1/lib/python3.12/site-packages/airflow/example_dags/example_short_circuit_operator.py
[2026-04-26T07:33:37.941+0000] {logging_mixin.py:188} INFO - [2026-04-26T07:33:37.941+0000] {dag.py:3096} INFO - Sync 1 DAGs
[2026-04-26T07:33:37.956+0000] {logging_mixin.py:188} INFO - [2026-04-26T07:33:37.956+0000] {dag.py:3954} INFO - Setting next_dagrun for example_short_circuit_operator to 2026-04-25 00:00:00+00:00, run_after=2026-04-26 00:00:00+00:00
[2026-04-26T07:33:37.972+0000] {processor.py:183} INFO - Processing /usr/local/python/3.12.1/lib/python3.12/site-packages/airflow/example_dags/example_short_circuit_operator.py took 0.057 seconds
[2026-04-26T07:33:38.353+0000] {processor.py:161} INFO - Started process (PID=34096) to work on /usr/local/python/3.12.1/lib/python3.12/site-packages/airflow/example_dags/example_short_circuit_operator.py
[2026-04-26T07:33:38.354+0000] {processor.py:830} INFO - Processing file /usr/local/python/3.12.1/lib/python3.12/site-packages/airflow/example_dags/example_short_circuit_operator.py for tasks to queue
[2026-04-26T07:33:38.355+0000] {logging_mixin.py:188} INFO - [2026-04-26T07:33:38.354+0000] {dagbag.py:540} INFO - Filling up the DagBag from /usr/local/python/3.12.1/lib/python3.12/site-packages/airflow/example_dags/example_short_circuit_operator.py
[2026-04-26T07:33:38.361+0000] {processor.py:840} INFO - DAG(s) 'example_short_circuit_operator' retrieved from /usr/local/python/3.12.1/lib/python3.12/site-packages/airflow/example_dags/example_short_circuit_operator.py
[2026-04-26T07:33:38.381+0000] {logging_mixin.py:188} INFO - [2026-04-26T07:33:38.381+0000] {dag.py:3096} INFO - Sync 1 DAGs
[2026-04-26T07:33:38.398+0000] {logging_mixin.py:188} INFO - [2026-04-26T07:33:38.398+0000] {dag.py:3954} INFO - Setting next_dagrun for example_short_circuit_operator to 2026-04-25 00:00:00+00:00, run_after=2026-04-26 00:00:00+00:00
[2026-04-26T07:33:38.414+0000] {processor.py:183} INFO - Processing /usr/local/python/3.12.1/lib/python3.12/site-packages/airflow/example_dags/example_short_circuit_operator.py took 0.065 seconds
[2026-04-26T07:34:14.387+0000] {processor.py:161} INFO - Started process (PID=34485) to work on /usr/local/python/3.12.1/lib/python3.12/site-packages/airflow/example_dags/example_short_circuit_operator.py
[2026-04-26T07:34:14.387+0000] {processor.py:830} INFO - Processing file /usr/local/python/3.12.1/lib/python3.12/site-packages/airflow/example_dags/example_short_circuit_operator.py for tasks to queue
[2026-04-26T07:34:14.388+0000] {logging_mixin.py:188} INFO - [2026-04-26T07:34:14.388+0000] {dagbag.py:540} INFO - Filling up the DagBag from /usr/local/python/3.12.1/lib/python3.12/site-packages/airflow/example_dags/example_short_circuit_operator.py
[2026-04-26T07:34:14.394+0000] {processor.py:840} INFO - DAG(s) 'example_short_circuit_operator' retrieved from /usr/local/python/3.12.1/lib/python3.12/site-packages/airflow/example_dags/example_short_circuit_operator.py
[2026-04-26T07:34:14.409+0000] {logging_mixin.py:188} INFO - [2026-04-26T07:34:14.408+0000] {dag.py:3096} INFO - Sync 1 DAGs
[2026-04-26T07:34:14.423+0000] {logging_mixin.py:188} INFO - [2026-04-26T07:34:14.423+0000] {dag.py:3954} INFO - Setting next_dagrun for example_short_circuit_operator to 2026-04-25 00:00:00+00:00, run_after=2026-04-26 00:00:00+00:00
[2026-04-26T07:34:14.439+0000] {processor.py:183} INFO - Processing /usr/local/python/3.12.1/lib/python3.12/site-packages/airflow/example_dags/example_short_circuit_operator.py took 0.056 seconds
[2026-04-26T07:34:16.045+0000] {processor.py:161} INFO - Started process (PID=34500) to work on /usr/local/python/3.12.1/lib/python3.12/site-packages/airflow/example_dags/example_short_circuit_operator.py
[2026-04-26T07:34:16.045+0000] {processor.py:830} INFO - Processing file /usr/local/python/3.12.1/lib/python3.12/site-packages/airflow/example_dags/example_short_circuit_operator.py for tasks to queue
[2026-04-26T07:34:16.047+0000] {logging_mixin.py:188} INFO - [2026-04-26T07:34:16.046+0000] {dagbag.py:540} INFO - Filling up the DagBag from /usr/local/python/3.12.1/lib/python3.12/site-packages/airflow/example_dags/example_short_circuit_operator.py
[2026-04-26T07:34:16.052+0000] {processor.py:840} INFO - DAG(s) 'example_short_circuit_operator' retrieved from /usr/local/python/3.12.1/lib/python3.12/site-packages/airflow/example_dags/example_short_circuit_operator.py
[2026-04-26T07:34:16.067+0000] {logging_mixin.py:188} INFO - [2026-04-26T07:34:16.067+0000] {dag.py:3096} INFO - Sync 1 DAGs
[2026-04-26T07:34:16.083+0000] {logging_mixin.py:188} INFO - [2026-04-26T07:34:16.083+0000] {dag.py:3954} INFO - Setting next_dagrun for example_short_circuit_operator to 2026-04-25 00:00:00+00:00, run_after=2026-04-26 00:00:00+00:00
[2026-04-26T07:34:16.099+0000] {processor.py:183} INFO - Processing /usr/local/python/3.12.1/lib/python3.12/site-packages/airflow/example_dags/example_short_circuit_operator.py took 0.059 seconds
[2026-04-26T07:34:21.812+0000] {processor.py:161} INFO - Started process (PID=34558) to work on /usr/local/python/3.12.1/lib/python3.12/site-packages/airflow/example_dags/example_short_circuit_operator.py
[2026-04-26T07:34:21.813+0000] {processor.py:830} INFO - Processing file /usr/local/python/3.12.1/lib/python3.12/site-packages/airflow/example_dags/example_short_circuit_operator.py for tasks to queue
[2026-04-26T07:34:21.813+0000] {logging_mixin.py:188} INFO - [2026-04-26T07:34:21.813+0000] {dagbag.py:540} INFO - Filling up the DagBag from /usr/local/python/3.12.1/lib/python3.12/site-packages/airflow/example_dags/example_short_circuit_operator.py
[2026-04-26T07:34:21.822+0000] {processor.py:840} INFO - DAG(s) 'example_short_circuit_operator' retrieved from /usr/local/python/3.12.1/lib/python3.12/site-packages/airflow/example_dags/example_short_circuit_operator.py
[2026-04-26T07:34:21.843+0000] {logging_mixin.py:188} INFO - [2026-04-26T07:34:21.843+0000] {dag.py:3096} INFO - Sync 1 DAGs
[2026-04-26T07:34:21.866+0000] {logging_mixin.py:188} INFO - [2026-04-26T07:34:21.866+0000] {dag.py:3954} INFO - Setting next_dagrun for example_short_circuit_operator to 2026-04-25 00:00:00+00:00, run_after=2026-04-26 00:00:00+00:00
[2026-04-26T07:34:22.116+0000] {processor.py:183} INFO - Processing /usr/local/python/3.12.1/lib/python3.12/site-packages/airflow/example_dags/example_short_circuit_operator.py took 0.310 seconds
[2026-04-26T07:34:55.544+0000] {processor.py:161} INFO - Started process (PID=34918) to work on /usr/local/python/3.12.1/lib/python3.12/site-packages/airflow/example_dags/example_short_circuit_operator.py
[2026-04-26T07:34:55.545+0000] {processor.py:830} INFO - Processing file /usr/local/python/3.12.1/lib/python3.12/site-packages/airflow/example_dags/example_short_circuit_operator.py for tasks to queue
[2026-04-26T07:34:55.545+0000] {logging_mixin.py:188} INFO - [2026-04-26T07:34:55.545+0000] {dagbag.py:540} INFO - Filling up the DagBag from /usr/local/python/3.12.1/lib/python3.12/site-packages/airflow/example_dags/example_short_circuit_operator.py
[2026-04-26T07:34:55.554+0000] {processor.py:840} INFO - DAG(s) 'example_short_circuit_operator' retrieved from /usr/local/python/3.12.1/lib/python3.12/site-packages/airflow/example_dags/example_short_circuit_operator.py
[2026-04-26T07:34:55.583+0000] {logging_mixin.py:188} INFO - [2026-04-26T07:34:55.583+0000] {dag.py:3096} INFO - Sync 1 DAGs
[2026-04-26T07:34:55.598+0000] {logging_mixin.py:188} INFO - [2026-04-26T07:34:55.598+0000] {dag.py:3954} INFO - Setting next_dagrun for example_short_circuit_operator to 2026-04-25 00:00:00+00:00, run_after=2026-04-26 00:00:00+00:00
[2026-04-26T07:34:55.614+0000] {processor.py:183} INFO - Processing /usr/local/python/3.12.1/lib/python3.12/site-packages/airflow/example_dags/example_short_circuit_operator.py took 0.083 seconds
[2026-04-26T07:35:08.248+0000] {processor.py:161} INFO - Started process (PID=35070) to work on /usr/local/python/3.12.1/lib/python3.12/site-packages/airflow/example_dags/example_short_circuit_operator.py
[2026-04-26T07:35:08.248+0000] {processor.py:830} INFO - Processing file /usr/local/python/3.12.1/lib/python3.12/site-packages/airflow/example_dags/example_short_circuit_operator.py for tasks to queue
[2026-04-26T07:35:08.252+0000] {logging_mixin.py:188} INFO - [2026-04-26T07:35:08.249+0000] {dagbag.py:540} INFO - Filling up the DagBag from /usr/local/python/3.12.1/lib/python3.12/site-packages/airflow/example_dags/example_short_circuit_operator.py
[2026-04-26T07:35:08.268+0000] {processor.py:840} INFO - DAG(s) 'example_short_circuit_operator' retrieved from /usr/local/python/3.12.1/lib/python3.12/site-packages/airflow/example_dags/example_short_circuit_operator.py
[2026-04-26T07:35:08.292+0000] {logging_mixin.py:188} INFO - [2026-04-26T07:35:08.292+0000] {dag.py:3096} INFO - Sync 1 DAGs
[2026-04-26T07:35:08.307+0000] {logging_mixin.py:188} INFO - [2026-04-26T07:35:08.307+0000] {dag.py:3954} INFO - Setting next_dagrun for example_short_circuit_operator to 2026-04-25 00:00:00+00:00, run_after=2026-04-26 00:00:00+00:00
[2026-04-26T07:35:08.324+0000] {processor.py:183} INFO - Processing /usr/local/python/3.12.1/lib/python3.12/site-packages/airflow/example_dags/example_short_circuit_operator.py took 0.089 seconds
[2026-04-26T07:35:11.640+0000] {processor.py:161} INFO - Started process (PID=35118) to work on /usr/local/python/3.12.1/lib/python3.12/site-packages/airflow/example_dags/example_short_circuit_operator.py
[2026-04-26T07:35:11.641+0000] {processor.py:830} INFO - Processing file /usr/local/python/3.12.1/lib/python3.12/site-packages/airflow/example_dags/example_short_circuit_operator.py for tasks to queue
[2026-04-26T07:35:11.642+0000] {logging_mixin.py:188} INFO - [2026-04-26T07:35:11.641+0000] {dagbag.py:540} INFO - Filling up the DagBag from /usr/local/python/3.12.1/lib/python3.12/site-packages/airflow/example_dags/example_short_circuit_operator.py
[2026-04-26T07:35:11.647+0000] {processor.py:840} INFO - DAG(s) 'example_short_circuit_operator' retrieved from /usr/local/python/3.12.1/lib/python3.12/site-packages/airflow/example_dags/example_short_circuit_operator.py
[2026-04-26T07:35:11.662+0000] {logging_mixin.py:188} INFO - [2026-04-26T07:35:11.661+0000] {dag.py:3096} INFO - Sync 1 DAGs
[2026-04-26T07:35:11.677+0000] {logging_mixin.py:188} INFO - [2026-04-26T07:35:11.677+0000] {dag.py:3954} INFO - Setting next_dagrun for example_short_circuit_operator to 2026-04-25 00:00:00+00:00, run_after=2026-04-26 00:00:00+00:00
[2026-04-26T07:35:11.693+0000] {processor.py:183} INFO - Processing /usr/local/python/3.12.1/lib/python3.12/site-packages/airflow/example_dags/example_short_circuit_operator.py took 0.057 seconds
[2026-04-26T07:35:33.914+0000] {processor.py:161} INFO - Started process (PID=35334) to work on /usr/local/python/3.12.1/lib/python3.12/site-packages/airflow/example_dags/example_short_circuit_operator.py
[2026-04-26T07:35:33.915+0000] {processor.py:830} INFO - Processing file /usr/local/python/3.12.1/lib/python3.12/site-packages/airflow/example_dags/example_short_circuit_operator.py for tasks to queue
[2026-04-26T07:35:33.916+0000] {logging_mixin.py:188} INFO - [2026-04-26T07:35:33.916+0000] {dagbag.py:540} INFO - Filling up the DagBag from /usr/local/python/3.12.1/lib/python3.12/site-packages/airflow/example_dags/example_short_circuit_operator.py
[2026-04-26T07:35:33.925+0000] {processor.py:840} INFO - DAG(s) 'example_short_circuit_operator' retrieved from /usr/local/python/3.12.1/lib/python3.12/site-packages/airflow/example_dags/example_short_circuit_operator.py
[2026-04-26T07:35:33.950+0000] {logging_mixin.py:188} INFO - [2026-04-26T07:35:33.950+0000] {dag.py:3096} INFO - Sync 1 DAGs
[2026-04-26T07:35:33.972+0000] {logging_mixin.py:188} INFO - [2026-04-26T07:35:33.972+0000] {dag.py:3954} INFO - Setting next_dagrun for example_short_circuit_operator to 2026-04-25 00:00:00+00:00, run_after=2026-04-26 00:00:00+00:00
[2026-04-26T07:35:33.991+0000] {processor.py:183} INFO - Processing /usr/local/python/3.12.1/lib/python3.12/site-packages/airflow/example_dags/example_short_circuit_operator.py took 0.083 seconds
[2026-04-26T07:35:48.049+0000] {processor.py:161} INFO - Started process (PID=35454) to work on /usr/local/python/3.12.1/lib/python3.12/site-packages/airflow/example_dags/example_short_circuit_operator.py
[2026-04-26T07:35:48.050+0000] {processor.py:830} INFO - Processing file /usr/local/python/3.12.1/lib/python3.12/site-packages/airflow/example_dags/example_short_circuit_operator.py for tasks to queue
[2026-04-26T07:35:48.050+0000] {logging_mixin.py:188} INFO - [2026-04-26T07:35:48.050+0000] {dagbag.py:540} INFO - Filling up the DagBag from /usr/local/python/3.12.1/lib/python3.12/site-packages/airflow/example_dags/example_short_circuit_operator.py
[2026-04-26T07:35:48.057+0000] {processor.py:840} INFO - DAG(s) 'example_short_circuit_operator' retrieved from /usr/local/python/3.12.1/lib/python3.12/site-packages/airflow/example_dags/example_short_circuit_operator.py
[2026-04-26T07:35:48.071+0000] {logging_mixin.py:188} INFO - [2026-04-26T07:35:48.071+0000] {dag.py:3096} INFO - Sync 1 DAGs
[2026-04-26T07:35:48.086+0000] {logging_mixin.py:188} INFO - [2026-04-26T07:35:48.086+0000] {dag.py:3954} INFO - Setting next_dagrun for example_short_circuit_operator to 2026-04-25 00:00:00+00:00, run_after=2026-04-26 00:00:00+00:00
[2026-04-26T07:35:48.102+0000] {processor.py:183} INFO - Processing /usr/local/python/3.12.1/lib/python3.12/site-packages/airflow/example_dags/example_short_circuit_operator.py took 0.058 seconds
[2026-04-26T07:35:53.832+0000] {processor.py:161} INFO - Started process (PID=35516) to work on /usr/local/python/3.12.1/lib/python3.12/site-packages/airflow/example_dags/example_short_circuit_operator.py
[2026-04-26T07:35:53.833+0000] {processor.py:830} INFO - Processing file /usr/local/python/3.12.1/lib/python3.12/site-packages/airflow/example_dags/example_short_circuit_operator.py for tasks to queue
[2026-04-26T07:35:53.833+0000] {logging_mixin.py:188} INFO - [2026-04-26T07:35:53.833+0000] {dagbag.py:540} INFO - Filling up the DagBag from /usr/local/python/3.12.1/lib/python3.12/site-packages/airflow/example_dags/example_short_circuit_operator.py
[2026-04-26T07:35:53.840+0000] {processor.py:840} INFO - DAG(s) 'example_short_circuit_operator' retrieved from /usr/local/python/3.12.1/lib/python3.12/site-packages/airflow/example_dags/example_short_circuit_operator.py
[2026-04-26T07:35:53.854+0000] {logging_mixin.py:188} INFO - [2026-04-26T07:35:53.853+0000] {dag.py:3096} INFO - Sync 1 DAGs
[2026-04-26T07:35:53.869+0000] {logging_mixin.py:188} INFO - [2026-04-26T07:35:53.869+0000] {dag.py:3954} INFO - Setting next_dagrun for example_short_circuit_operator to 2026-04-25 00:00:00+00:00, run_after=2026-04-26 00:00:00+00:00
[2026-04-26T07:35:53.898+0000] {processor.py:183} INFO - Processing /usr/local/python/3.12.1/lib/python3.12/site-packages/airflow/example_dags/example_short_circuit_operator.py took 0.070 seconds
[2026-04-26T07:36:13.830+0000] {processor.py:161} INFO - Started process (PID=35698) to work on /usr/local/python/3.12.1/lib/python3.12/site-packages/airflow/example_dags/example_short_circuit_operator.py
[2026-04-26T07:36:13.831+0000] {processor.py:830} INFO - Processing file /usr/local/python/3.12.1/lib/python3.12/site-packages/airflow/example_dags/example_short_circuit_operator.py for tasks to queue
[2026-04-26T07:36:13.831+0000] {logging_mixin.py:188} INFO - [2026-04-26T07:36:13.831+0000] {dagbag.py:540} INFO - Filling up the DagBag from /usr/local/python/3.12.1/lib/python3.12/site-packages/airflow/example_dags/example_short_circuit_operator.py
[2026-04-26T07:36:13.837+0000] {processor.py:840} INFO - DAG(s) 'example_short_circuit_operator' retrieved from /usr/local/python/3.12.1/lib/python3.12/site-packages/airflow/example_dags/example_short_circuit_operator.py
[2026-04-26T07:36:13.851+0000] {logging_mixin.py:188} INFO - [2026-04-26T07:36:13.851+0000] {dag.py:3096} INFO - Sync 1 DAGs
[2026-04-26T07:36:13.866+0000] {logging_mixin.py:188} INFO - [2026-04-26T07:36:13.865+0000] {dag.py:3954} INFO - Setting next_dagrun for example_short_circuit_operator to 2026-04-25 00:00:00+00:00, run_after=2026-04-26 00:00:00+00:00
[2026-04-26T07:36:13.881+0000] {processor.py:183} INFO - Processing /usr/local/python/3.12.1/lib/python3.12/site-packages/airflow/example_dags/example_short_circuit_operator.py took 0.056 seconds
[2026-04-26T07:36:27.639+0000] {processor.py:161} INFO - Started process (PID=35820) to work on /usr/local/python/3.12.1/lib/python3.12/site-packages/airflow/example_dags/example_short_circuit_operator.py
[2026-04-26T07:36:27.639+0000] {processor.py:830} INFO - Processing file /usr/local/python/3.12.1/lib/python3.12/site-packages/airflow/example_dags/example_short_circuit_operator.py for tasks to queue
[2026-04-26T07:36:27.640+0000] {logging_mixin.py:188} INFO - [2026-04-26T07:36:27.640+0000] {dagbag.py:540} INFO - Filling up the DagBag from /usr/local/python/3.12.1/lib/python3.12/site-packages/airflow/example_dags/example_short_circuit_operator.py
[2026-04-26T07:36:27.648+0000] {processor.py:840} INFO - DAG(s) 'example_short_circuit_operator' retrieved from /usr/local/python/3.12.1/lib/python3.12/site-packages/airflow/example_dags/example_short_circuit_operator.py
[2026-04-26T07:36:27.669+0000] {logging_mixin.py:188} INFO - [2026-04-26T07:36:27.669+0000] {dag.py:3096} INFO - Sync 1 DAGs
[2026-04-26T07:36:27.692+0000] {logging_mixin.py:188} INFO - [2026-04-26T07:36:27.692+0000] {dag.py:3954} INFO - Setting next_dagrun for example_short_circuit_operator to 2026-04-25 00:00:00+00:00, run_after=2026-04-26 00:00:00+00:00
[2026-04-26T07:36:27.715+0000] {processor.py:183} INFO - Processing /usr/local/python/3.12.1/lib/python3.12/site-packages/airflow/example_dags/example_short_circuit_operator.py took 0.080 seconds
[2026-04-26T07:36:33.438+0000] {processor.py:161} INFO - Started process (PID=35863) to work on /usr/local/python/3.12.1/lib/python3.12/site-packages/airflow/example_dags/example_short_circuit_operator.py
[2026-04-26T07:36:33.439+0000] {processor.py:830} INFO - Processing file /usr/local/python/3.12.1/lib/python3.12/site-packages/airflow/example_dags/example_short_circuit_operator.py for tasks to queue
[2026-04-26T07:36:33.440+0000] {logging_mixin.py:188} INFO - [2026-04-26T07:36:33.440+0000] {dagbag.py:540} INFO - Filling up the DagBag from /usr/local/python/3.12.1/lib/python3.12/site-packages/airflow/example_dags/example_short_circuit_operator.py
[2026-04-26T07:36:33.450+0000] {processor.py:840} INFO - DAG(s) 'example_short_circuit_operator' retrieved from /usr/local/python/3.12.1/lib/python3.12/site-packages/airflow/example_dags/example_short_circuit_operator.py
[2026-04-26T07:36:33.472+0000] {logging_mixin.py:188} INFO - [2026-04-26T07:36:33.471+0000] {dag.py:3096} INFO - Sync 1 DAGs
[2026-04-26T07:36:33.490+0000] {logging_mixin.py:188} INFO - [2026-04-26T07:36:33.490+0000] {dag.py:3954} INFO - Setting next_dagrun for example_short_circuit_operator to 2026-04-25 00:00:00+00:00, run_after=2026-04-26 00:00:00+00:00
[2026-04-26T07:36:33.521+0000] {processor.py:183} INFO - Processing /usr/local/python/3.12.1/lib/python3.12/site-packages/airflow/example_dags/example_short_circuit_operator.py took 0.089 seconds
[2026-04-26T07:36:53.676+0000] {processor.py:161} INFO - Started process (PID=36045) to work on /usr/local/python/3.12.1/lib/python3.12/site-packages/airflow/example_dags/example_short_circuit_operator.py
[2026-04-26T07:36:53.676+0000] {processor.py:830} INFO - Processing file /usr/local/python/3.12.1/lib/python3.12/site-packages/airflow/example_dags/example_short_circuit_operator.py for tasks to queue
[2026-04-26T07:36:53.677+0000] {logging_mixin.py:188} INFO - [2026-04-26T07:36:53.677+0000] {dagbag.py:540} INFO - Filling up the DagBag from /usr/local/python/3.12.1/lib/python3.12/site-packages/airflow/example_dags/example_short_circuit_operator.py
[2026-04-26T07:36:53.683+0000] {processor.py:840} INFO - DAG(s) 'example_short_circuit_operator' retrieved from /usr/local/python/3.12.1/lib/python3.12/site-packages/airflow/example_dags/example_short_circuit_operator.py
[2026-04-26T07:36:53.696+0000] {logging_mixin.py:188} INFO - [2026-04-26T07:36:53.696+0000] {dag.py:3096} INFO - Sync 1 DAGs
[2026-04-26T07:36:53.711+0000] {logging_mixin.py:188} INFO - [2026-04-26T07:36:53.711+0000] {dag.py:3954} INFO - Setting next_dagrun for example_short_circuit_operator to 2026-04-25 00:00:00+00:00, run_after=2026-04-26 00:00:00+00:00
[2026-04-26T07:36:53.726+0000] {processor.py:183} INFO - Processing /usr/local/python/3.12.1/lib/python3.12/site-packages/airflow/example_dags/example_short_circuit_operator.py took 0.055 seconds
[2026-04-26T07:37:06.058+0000] {processor.py:161} INFO - Started process (PID=36178) to work on /usr/local/python/3.12.1/lib/python3.12/site-packages/airflow/example_dags/example_short_circuit_operator.py
[2026-04-26T07:37:06.058+0000] {processor.py:830} INFO - Processing file /usr/local/python/3.12.1/lib/python3.12/site-packages/airflow/example_dags/example_short_circuit_operator.py for tasks to queue
[2026-04-26T07:37:06.059+0000] {logging_mixin.py:188} INFO - [2026-04-26T07:37:06.059+0000] {dagbag.py:540} INFO - Filling up the DagBag from /usr/local/python/3.12.1/lib/python3.12/site-packages/airflow/example_dags/example_short_circuit_operator.py
[2026-04-26T07:37:06.065+0000] {processor.py:840} INFO - DAG(s) 'example_short_circuit_operator' retrieved from /usr/local/python/3.12.1/lib/python3.12/site-packages/airflow/example_dags/example_short_circuit_operator.py
[2026-04-26T07:37:06.079+0000] {logging_mixin.py:188} INFO - [2026-04-26T07:37:06.079+0000] {dag.py:3096} INFO - Sync 1 DAGs
[2026-04-26T07:37:06.094+0000] {logging_mixin.py:188} INFO - [2026-04-26T07:37:06.094+0000] {dag.py:3954} INFO - Setting next_dagrun for example_short_circuit_operator to 2026-04-25 00:00:00+00:00, run_after=2026-04-26 00:00:00+00:00
[2026-04-26T07:37:06.111+0000] {processor.py:183} INFO - Processing /usr/local/python/3.12.1/lib/python3.12/site-packages/airflow/example_dags/example_short_circuit_operator.py took 0.058 seconds
[2026-04-26T07:37:11.502+0000] {processor.py:161} INFO - Started process (PID=36218) to work on /usr/local/python/3.12.1/lib/python3.12/site-packages/airflow/example_dags/example_short_circuit_operator.py
[2026-04-26T07:37:11.503+0000] {processor.py:830} INFO - Processing file /usr/local/python/3.12.1/lib/python3.12/site-packages/airflow/example_dags/example_short_circuit_operator.py for tasks to queue
[2026-04-26T07:37:11.503+0000] {logging_mixin.py:188} INFO - [2026-04-26T07:37:11.503+0000] {dagbag.py:540} INFO - Filling up the DagBag from /usr/local/python/3.12.1/lib/python3.12/site-packages/airflow/example_dags/example_short_circuit_operator.py
[2026-04-26T07:37:11.511+0000] {processor.py:840} INFO - DAG(s) 'example_short_circuit_operator' retrieved from /usr/local/python/3.12.1/lib/python3.12/site-packages/airflow/example_dags/example_short_circuit_operator.py
[2026-04-26T07:37:11.533+0000] {logging_mixin.py:188} INFO - [2026-04-26T07:37:11.533+0000] {dag.py:3096} INFO - Sync 1 DAGs
[2026-04-26T07:37:11.555+0000] {logging_mixin.py:188} INFO - [2026-04-26T07:37:11.555+0000] {dag.py:3954} INFO - Setting next_dagrun for example_short_circuit_operator to 2026-04-25 00:00:00+00:00, run_after=2026-04-26 00:00:00+00:00
[2026-04-26T07:37:11.580+0000] {processor.py:183} INFO - Processing /usr/local/python/3.12.1/lib/python3.12/site-packages/airflow/example_dags/example_short_circuit_operator.py took 0.084 seconds
[2026-04-26T07:37:44.932+0000] {processor.py:161} INFO - Started process (PID=36515) to work on /usr/local/python/3.12.1/lib/python3.12/site-packages/airflow/example_dags/example_short_circuit_operator.py
[2026-04-26T07:37:44.933+0000] {processor.py:830} INFO - Processing file /usr/local/python/3.12.1/lib/python3.12/site-packages/airflow/example_dags/example_short_circuit_operator.py for tasks to queue
[2026-04-26T07:37:44.934+0000] {logging_mixin.py:188} INFO - [2026-04-26T07:37:44.934+0000] {dagbag.py:540} INFO - Filling up the DagBag from /usr/local/python/3.12.1/lib/python3.12/site-packages/airflow/example_dags/example_short_circuit_operator.py
[2026-04-26T07:37:44.940+0000] {processor.py:840} INFO - DAG(s) 'example_short_circuit_operator' retrieved from /usr/local/python/3.12.1/lib/python3.12/site-packages/airflow/example_dags/example_short_circuit_operator.py
[2026-04-26T07:37:44.954+0000] {logging_mixin.py:188} INFO - [2026-04-26T07:37:44.953+0000] {dag.py:3096} INFO - Sync 1 DAGs
[2026-04-26T07:37:44.969+0000] {logging_mixin.py:188} INFO - [2026-04-26T07:37:44.969+0000] {dag.py:3954} INFO - Setting next_dagrun for example_short_circuit_operator to 2026-04-25 00:00:00+00:00, run_after=2026-04-26 00:00:00+00:00
[2026-04-26T07:37:44.986+0000] {processor.py:183} INFO - Processing /usr/local/python/3.12.1/lib/python3.12/site-packages/airflow/example_dags/example_short_circuit_operator.py took 0.058 seconds
[2026-04-26T07:37:47.845+0000] {processor.py:161} INFO - Started process (PID=36551) to work on /usr/local/python/3.12.1/lib/python3.12/site-packages/airflow/example_dags/example_short_circuit_operator.py
[2026-04-26T07:37:47.845+0000] {processor.py:830} INFO - Processing file /usr/local/python/3.12.1/lib/python3.12/site-packages/airflow/example_dags/example_short_circuit_operator.py for tasks to queue
[2026-04-26T07:37:47.846+0000] {logging_mixin.py:188} INFO - [2026-04-26T07:37:47.846+0000] {dagbag.py:540} INFO - Filling up the DagBag from /usr/local/python/3.12.1/lib/python3.12/site-packages/airflow/example_dags/example_short_circuit_operator.py
[2026-04-26T07:37:47.852+0000] {processor.py:840} INFO - DAG(s) 'example_short_circuit_operator' retrieved from /usr/local/python/3.12.1/lib/python3.12/site-packages/airflow/example_dags/example_short_circuit_operator.py
[2026-04-26T07:37:47.866+0000] {logging_mixin.py:188} INFO - [2026-04-26T07:37:47.866+0000] {dag.py:3096} INFO - Sync 1 DAGs
[2026-04-26T07:37:47.882+0000] {logging_mixin.py:188} INFO - [2026-04-26T07:37:47.882+0000] {dag.py:3954} INFO - Setting next_dagrun for example_short_circuit_operator to 2026-04-25 00:00:00+00:00, run_after=2026-04-26 00:00:00+00:00
[2026-04-26T07:37:47.898+0000] {processor.py:183} INFO - Processing /usr/local/python/3.12.1/lib/python3.12/site-packages/airflow/example_dags/example_short_circuit_operator.py took 0.058 seconds
[2026-04-26T07:37:50.328+0000] {processor.py:161} INFO - Started process (PID=36574) to work on /usr/local/python/3.12.1/lib/python3.12/site-packages/airflow/example_dags/example_short_circuit_operator.py
[2026-04-26T07:37:50.329+0000] {processor.py:830} INFO - Processing file /usr/local/python/3.12.1/lib/python3.12/site-packages/airflow/example_dags/example_short_circuit_operator.py for tasks to queue
[2026-04-26T07:37:50.330+0000] {logging_mixin.py:188} INFO - [2026-04-26T07:37:50.329+0000] {dagbag.py:540} INFO - Filling up the DagBag from /usr/local/python/3.12.1/lib/python3.12/site-packages/airflow/example_dags/example_short_circuit_operator.py
[2026-04-26T07:37:50.338+0000] {processor.py:840} INFO - DAG(s) 'example_short_circuit_operator' retrieved from /usr/local/python/3.12.1/lib/python3.12/site-packages/airflow/example_dags/example_short_circuit_operator.py
[2026-04-26T07:37:50.358+0000] {logging_mixin.py:188} INFO - [2026-04-26T07:37:50.358+0000] {dag.py:3096} INFO - Sync 1 DAGs
[2026-04-26T07:37:50.387+0000] {logging_mixin.py:188} INFO - [2026-04-26T07:37:50.385+0000] {dag.py:3954} INFO - Setting next_dagrun for example_short_circuit_operator to 2026-04-25 00:00:00+00:00, run_after=2026-04-26 00:00:00+00:00
[2026-04-26T07:37:50.422+0000] {processor.py:183} INFO - Processing /usr/local/python/3.12.1/lib/python3.12/site-packages/airflow/example_dags/example_short_circuit_operator.py took 0.097 seconds
[2026-04-26T07:38:24.252+0000] {processor.py:161} INFO - Started process (PID=36872) to work on /usr/local/python/3.12.1/lib/python3.12/site-packages/airflow/example_dags/example_short_circuit_operator.py
[2026-04-26T07:38:24.253+0000] {processor.py:830} INFO - Processing file /usr/local/python/3.12.1/lib/python3.12/site-packages/airflow/example_dags/example_short_circuit_operator.py for tasks to queue
[2026-04-26T07:38:24.254+0000] {logging_mixin.py:188} INFO - [2026-04-26T07:38:24.254+0000] {dagbag.py:540} INFO - Filling up the DagBag from /usr/local/python/3.12.1/lib/python3.12/site-packages/airflow/example_dags/example_short_circuit_operator.py
[2026-04-26T07:38:24.260+0000] {processor.py:840} INFO - DAG(s) 'example_short_circuit_operator' retrieved from /usr/local/python/3.12.1/lib/python3.12/site-packages/airflow/example_dags/example_short_circuit_operator.py
[2026-04-26T07:38:24.274+0000] {logging_mixin.py:188} INFO - [2026-04-26T07:38:24.274+0000] {dag.py:3096} INFO - Sync 1 DAGs
[2026-04-26T07:38:24.291+0000] {logging_mixin.py:188} INFO - [2026-04-26T07:38:24.290+0000] {dag.py:3954} INFO - Setting next_dagrun for example_short_circuit_operator to 2026-04-25 00:00:00+00:00, run_after=2026-04-26 00:00:00+00:00
[2026-04-26T07:38:24.307+0000] {processor.py:183} INFO - Processing /usr/local/python/3.12.1/lib/python3.12/site-packages/airflow/example_dags/example_short_circuit_operator.py took 0.059 seconds
[2026-04-26T07:38:27.476+0000] {processor.py:161} INFO - Started process (PID=36910) to work on /usr/local/python/3.12.1/lib/python3.12/site-packages/airflow/example_dags/example_short_circuit_operator.py
[2026-04-26T07:38:27.477+0000] {processor.py:830} INFO - Processing file /usr/local/python/3.12.1/lib/python3.12/site-packages/airflow/example_dags/example_short_circuit_operator.py for tasks to queue
[2026-04-26T07:38:27.477+0000] {logging_mixin.py:188} INFO - [2026-04-26T07:38:27.477+0000] {dagbag.py:540} INFO - Filling up the DagBag from /usr/local/python/3.12.1/lib/python3.12/site-packages/airflow/example_dags/example_short_circuit_operator.py
[2026-04-26T07:38:27.483+0000] {processor.py:840} INFO - DAG(s) 'example_short_circuit_operator' retrieved from /usr/local/python/3.12.1/lib/python3.12/site-packages/airflow/example_dags/example_short_circuit_operator.py
[2026-04-26T07:38:27.498+0000] {logging_mixin.py:188} INFO - [2026-04-26T07:38:27.498+0000] {dag.py:3096} INFO - Sync 1 DAGs
[2026-04-26T07:38:27.513+0000] {logging_mixin.py:188} INFO - [2026-04-26T07:38:27.513+0000] {dag.py:3954} INFO - Setting next_dagrun for example_short_circuit_operator to 2026-04-25 00:00:00+00:00, run_after=2026-04-26 00:00:00+00:00
[2026-04-26T07:38:27.529+0000] {processor.py:183} INFO - Processing /usr/local/python/3.12.1/lib/python3.12/site-packages/airflow/example_dags/example_short_circuit_operator.py took 0.057 seconds
[2026-04-26T07:38:30.492+0000] {processor.py:161} INFO - Started process (PID=36934) to work on /usr/local/python/3.12.1/lib/python3.12/site-packages/airflow/example_dags/example_short_circuit_operator.py
[2026-04-26T07:38:30.493+0000] {processor.py:830} INFO - Processing file /usr/local/python/3.12.1/lib/python3.12/site-packages/airflow/example_dags/example_short_circuit_operator.py for tasks to queue
[2026-04-26T07:38:30.494+0000] {logging_mixin.py:188} INFO - [2026-04-26T07:38:30.493+0000] {dagbag.py:540} INFO - Filling up the DagBag from /usr/local/python/3.12.1/lib/python3.12/site-packages/airflow/example_dags/example_short_circuit_operator.py
[2026-04-26T07:38:30.499+0000] {processor.py:840} INFO - DAG(s) 'example_short_circuit_operator' retrieved from /usr/local/python/3.12.1/lib/python3.12/site-packages/airflow/example_dags/example_short_circuit_operator.py
[2026-04-26T07:38:30.513+0000] {logging_mixin.py:188} INFO - [2026-04-26T07:38:30.513+0000] {dag.py:3096} INFO - Sync 1 DAGs
[2026-04-26T07:38:30.528+0000] {logging_mixin.py:188} INFO - [2026-04-26T07:38:30.528+0000] {dag.py:3954} INFO - Setting next_dagrun for example_short_circuit_operator to 2026-04-25 00:00:00+00:00, run_after=2026-04-26 00:00:00+00:00
[2026-04-26T07:38:30.545+0000] {processor.py:183} INFO - Processing /usr/local/python/3.12.1/lib/python3.12/site-packages/airflow/example_dags/example_short_circuit_operator.py took 0.057 seconds
[2026-04-26T07:39:03.990+0000] {processor.py:161} INFO - Started process (PID=37378) to work on /usr/local/python/3.12.1/lib/python3.12/site-packages/airflow/example_dags/example_short_circuit_operator.py
[2026-04-26T07:39:03.991+0000] {processor.py:830} INFO - Processing file /usr/local/python/3.12.1/lib/python3.12/site-packages/airflow/example_dags/example_short_circuit_operator.py for tasks to queue
[2026-04-26T07:39:03.992+0000] {logging_mixin.py:188} INFO - [2026-04-26T07:39:03.992+0000] {dagbag.py:540} INFO - Filling up the DagBag from /usr/local/python/3.12.1/lib/python3.12/site-packages/airflow/example_dags/example_short_circuit_operator.py
[2026-04-26T07:39:03.998+0000] {processor.py:840} INFO - DAG(s) 'example_short_circuit_operator' retrieved from /usr/local/python/3.12.1/lib/python3.12/site-packages/airflow/example_dags/example_short_circuit_operator.py
[2026-04-26T07:39:04.017+0000] {logging_mixin.py:188} INFO - [2026-04-26T07:39:04.016+0000] {dag.py:3096} INFO - Sync 1 DAGs
[2026-04-26T07:39:04.062+0000] {logging_mixin.py:188} INFO - [2026-04-26T07:39:04.062+0000] {dag.py:3954} INFO - Setting next_dagrun for example_short_circuit_operator to 2026-04-25 00:00:00+00:00, run_after=2026-04-26 00:00:00+00:00
[2026-04-26T07:39:04.102+0000] {processor.py:183} INFO - Processing /usr/local/python/3.12.1/lib/python3.12/site-packages/airflow/example_dags/example_short_circuit_operator.py took 0.118 seconds
[2026-04-26T07:39:11.378+0000] {processor.py:161} INFO - Started process (PID=37485) to work on /usr/local/python/3.12.1/lib/python3.12/site-packages/airflow/example_dags/example_short_circuit_operator.py
[2026-04-26T07:39:11.379+0000] {processor.py:830} INFO - Processing file /usr/local/python/3.12.1/lib/python3.12/site-packages/airflow/example_dags/example_short_circuit_operator.py for tasks to queue
[2026-04-26T07:39:11.380+0000] {logging_mixin.py:188} INFO - [2026-04-26T07:39:11.379+0000] {dagbag.py:540} INFO - Filling up the DagBag from /usr/local/python/3.12.1/lib/python3.12/site-packages/airflow/example_dags/example_short_circuit_operator.py
[2026-04-26T07:39:11.389+0000] {processor.py:840} INFO - DAG(s) 'example_short_circuit_operator' retrieved from /usr/local/python/3.12.1/lib/python3.12/site-packages/airflow/example_dags/example_short_circuit_operator.py
[2026-04-26T07:39:11.412+0000] {logging_mixin.py:188} INFO - [2026-04-26T07:39:11.411+0000] {dag.py:3096} INFO - Sync 1 DAGs
[2026-04-26T07:39:11.435+0000] {logging_mixin.py:188} INFO - [2026-04-26T07:39:11.435+0000] {dag.py:3954} INFO - Setting next_dagrun for example_short_circuit_operator to 2026-04-25 00:00:00+00:00, run_after=2026-04-26 00:00:00+00:00
[2026-04-26T07:39:11.461+0000] {processor.py:183} INFO - Processing /usr/local/python/3.12.1/lib/python3.12/site-packages/airflow/example_dags/example_short_circuit_operator.py took 0.089 seconds
[2026-04-26T07:39:13.388+0000] {processor.py:161} INFO - Started process (PID=37568) to work on /usr/local/python/3.12.1/lib/python3.12/site-packages/airflow/example_dags/example_short_circuit_operator.py
[2026-04-26T07:39:13.389+0000] {processor.py:830} INFO - Processing file /usr/local/python/3.12.1/lib/python3.12/site-packages/airflow/example_dags/example_short_circuit_operator.py for tasks to queue
[2026-04-26T07:39:13.390+0000] {logging_mixin.py:188} INFO - [2026-04-26T07:39:13.389+0000] {dagbag.py:540} INFO - Filling up the DagBag from /usr/local/python/3.12.1/lib/python3.12/site-packages/airflow/example_dags/example_short_circuit_operator.py
[2026-04-26T07:39:13.396+0000] {processor.py:840} INFO - DAG(s) 'example_short_circuit_operator' retrieved from /usr/local/python/3.12.1/lib/python3.12/site-packages/airflow/example_dags/example_short_circuit_operator.py
[2026-04-26T07:39:13.411+0000] {logging_mixin.py:188} INFO - [2026-04-26T07:39:13.410+0000] {dag.py:3096} INFO - Sync 1 DAGs
[2026-04-26T07:39:13.427+0000] {logging_mixin.py:188} INFO - [2026-04-26T07:39:13.427+0000] {dag.py:3954} INFO - Setting next_dagrun for example_short_circuit_operator to 2026-04-25 00:00:00+00:00, run_after=2026-04-26 00:00:00+00:00
[2026-04-26T07:39:13.444+0000] {processor.py:183} INFO - Processing /usr/local/python/3.12.1/lib/python3.12/site-packages/airflow/example_dags/example_short_circuit_operator.py took 0.060 seconds
[2026-04-26T07:39:47.202+0000] {processor.py:161} INFO - Started process (PID=38122) to work on /usr/local/python/3.12.1/lib/python3.12/site-packages/airflow/example_dags/example_short_circuit_operator.py
[2026-04-26T07:39:47.203+0000] {processor.py:830} INFO - Processing file /usr/local/python/3.12.1/lib/python3.12/site-packages/airflow/example_dags/example_short_circuit_operator.py for tasks to queue
[2026-04-26T07:39:47.203+0000] {logging_mixin.py:188} INFO - [2026-04-26T07:39:47.203+0000] {dagbag.py:540} INFO - Filling up the DagBag from /usr/local/python/3.12.1/lib/python3.12/site-packages/airflow/example_dags/example_short_circuit_operator.py
[2026-04-26T07:39:47.209+0000] {processor.py:840} INFO - DAG(s) 'example_short_circuit_operator' retrieved from /usr/local/python/3.12.1/lib/python3.12/site-packages/airflow/example_dags/example_short_circuit_operator.py
[2026-04-26T07:39:47.226+0000] {logging_mixin.py:188} INFO - [2026-04-26T07:39:47.226+0000] {dag.py:3096} INFO - Sync 1 DAGs
[2026-04-26T07:39:47.248+0000] {logging_mixin.py:188} INFO - [2026-04-26T07:39:47.248+0000] {dag.py:3954} INFO - Setting next_dagrun for example_short_circuit_operator to 2026-04-25 00:00:00+00:00, run_after=2026-04-26 00:00:00+00:00
[2026-04-26T07:39:47.265+0000] {processor.py:183} INFO - Processing /usr/local/python/3.12.1/lib/python3.12/site-packages/airflow/example_dags/example_short_circuit_operator.py took 0.067 seconds
[2026-04-26T07:39:53.143+0000] {processor.py:161} INFO - Started process (PID=38208) to work on /usr/local/python/3.12.1/lib/python3.12/site-packages/airflow/example_dags/example_short_circuit_operator.py
[2026-04-26T07:39:53.144+0000] {processor.py:830} INFO - Processing file /usr/local/python/3.12.1/lib/python3.12/site-packages/airflow/example_dags/example_short_circuit_operator.py for tasks to queue
[2026-04-26T07:39:53.145+0000] {logging_mixin.py:188} INFO - [2026-04-26T07:39:53.144+0000] {dagbag.py:540} INFO - Filling up the DagBag from /usr/local/python/3.12.1/lib/python3.12/site-packages/airflow/example_dags/example_short_circuit_operator.py
[2026-04-26T07:39:53.151+0000] {processor.py:840} INFO - DAG(s) 'example_short_circuit_operator' retrieved from /usr/local/python/3.12.1/lib/python3.12/site-packages/airflow/example_dags/example_short_circuit_operator.py
[2026-04-26T07:39:53.165+0000] {logging_mixin.py:188} INFO - [2026-04-26T07:39:53.164+0000] {dag.py:3096} INFO - Sync 1 DAGs
[2026-04-26T07:39:53.180+0000] {logging_mixin.py:188} INFO - [2026-04-26T07:39:53.180+0000] {dag.py:3954} INFO - Setting next_dagrun for example_short_circuit_operator to 2026-04-25 00:00:00+00:00, run_after=2026-04-26 00:00:00+00:00
[2026-04-26T07:39:53.197+0000] {processor.py:183} INFO - Processing /usr/local/python/3.12.1/lib/python3.12/site-packages/airflow/example_dags/example_short_circuit_operator.py took 0.058 seconds
[2026-04-26T07:39:56.438+0000] {processor.py:161} INFO - Started process (PID=38269) to work on /usr/local/python/3.12.1/lib/python3.12/site-packages/airflow/example_dags/example_short_circuit_operator.py
[2026-04-26T07:39:56.438+0000] {processor.py:830} INFO - Processing file /usr/local/python/3.12.1/lib/python3.12/site-packages/airflow/example_dags/example_short_circuit_operator.py for tasks to queue
[2026-04-26T07:39:56.439+0000] {logging_mixin.py:188} INFO - [2026-04-26T07:39:56.439+0000] {dagbag.py:540} INFO - Filling up the DagBag from /usr/local/python/3.12.1/lib/python3.12/site-packages/airflow/example_dags/example_short_circuit_operator.py
[2026-04-26T07:39:56.445+0000] {processor.py:840} INFO - DAG(s) 'example_short_circuit_operator' retrieved from /usr/local/python/3.12.1/lib/python3.12/site-packages/airflow/example_dags/example_short_circuit_operator.py
[2026-04-26T07:39:56.459+0000] {logging_mixin.py:188} INFO - [2026-04-26T07:39:56.458+0000] {dag.py:3096} INFO - Sync 1 DAGs
[2026-04-26T07:39:56.473+0000] {logging_mixin.py:188} INFO - [2026-04-26T07:39:56.473+0000] {dag.py:3954} INFO - Setting next_dagrun for example_short_circuit_operator to 2026-04-25 00:00:00+00:00, run_after=2026-04-26 00:00:00+00:00
[2026-04-26T07:39:56.489+0000] {processor.py:183} INFO - Processing /usr/local/python/3.12.1/lib/python3.12/site-packages/airflow/example_dags/example_short_circuit_operator.py took 0.055 seconds
[2026-04-26T07:40:26.049+0000] {processor.py:161} INFO - Started process (PID=38734) to work on /usr/local/python/3.12.1/lib/python3.12/site-packages/airflow/example_dags/example_short_circuit_operator.py
[2026-04-26T07:40:26.050+0000] {processor.py:830} INFO - Processing file /usr/local/python/3.12.1/lib/python3.12/site-packages/airflow/example_dags/example_short_circuit_operator.py for tasks to queue
[2026-04-26T07:40:26.051+0000] {logging_mixin.py:188} INFO - [2026-04-26T07:40:26.050+0000] {dagbag.py:540} INFO - Filling up the DagBag from /usr/local/python/3.12.1/lib/python3.12/site-packages/airflow/example_dags/example_short_circuit_operator.py
[2026-04-26T07:40:26.057+0000] {processor.py:840} INFO - DAG(s) 'example_short_circuit_operator' retrieved from /usr/local/python/3.12.1/lib/python3.12/site-packages/airflow/example_dags/example_short_circuit_operator.py
[2026-04-26T07:40:26.070+0000] {logging_mixin.py:188} INFO - [2026-04-26T07:40:26.070+0000] {dag.py:3096} INFO - Sync 1 DAGs
[2026-04-26T07:40:26.085+0000] {logging_mixin.py:188} INFO - [2026-04-26T07:40:26.085+0000] {dag.py:3954} INFO - Setting next_dagrun for example_short_circuit_operator to 2026-04-25 00:00:00+00:00, run_after=2026-04-26 00:00:00+00:00
[2026-04-26T07:40:26.101+0000] {processor.py:183} INFO - Processing /usr/local/python/3.12.1/lib/python3.12/site-packages/airflow/example_dags/example_short_circuit_operator.py took 0.056 seconds
[2026-04-26T07:40:34.672+0000] {processor.py:161} INFO - Started process (PID=38874) to work on /usr/local/python/3.12.1/lib/python3.12/site-packages/airflow/example_dags/example_short_circuit_operator.py
[2026-04-26T07:40:34.672+0000] {processor.py:830} INFO - Processing file /usr/local/python/3.12.1/lib/python3.12/site-packages/airflow/example_dags/example_short_circuit_operator.py for tasks to queue
[2026-04-26T07:40:34.673+0000] {logging_mixin.py:188} INFO - [2026-04-26T07:40:34.673+0000] {dagbag.py:540} INFO - Filling up the DagBag from /usr/local/python/3.12.1/lib/python3.12/site-packages/airflow/example_dags/example_short_circuit_operator.py
[2026-04-26T07:40:34.679+0000] {processor.py:840} INFO - DAG(s) 'example_short_circuit_operator' retrieved from /usr/local/python/3.12.1/lib/python3.12/site-packages/airflow/example_dags/example_short_circuit_operator.py
[2026-04-26T07:40:34.693+0000] {logging_mixin.py:188} INFO - [2026-04-26T07:40:34.693+0000] {dag.py:3096} INFO - Sync 1 DAGs
[2026-04-26T07:40:34.708+0000] {logging_mixin.py:188} INFO - [2026-04-26T07:40:34.708+0000] {dag.py:3954} INFO - Setting next_dagrun for example_short_circuit_operator to 2026-04-25 00:00:00+00:00, run_after=2026-04-26 00:00:00+00:00
[2026-04-26T07:40:34.725+0000] {processor.py:183} INFO - Processing /usr/local/python/3.12.1/lib/python3.12/site-packages/airflow/example_dags/example_short_circuit_operator.py took 0.058 seconds
[2026-04-26T07:40:36.217+0000] {processor.py:161} INFO - Started process (PID=38893) to work on /usr/local/python/3.12.1/lib/python3.12/site-packages/airflow/example_dags/example_short_circuit_operator.py
[2026-04-26T07:40:36.218+0000] {processor.py:830} INFO - Processing file /usr/local/python/3.12.1/lib/python3.12/site-packages/airflow/example_dags/example_short_circuit_operator.py for tasks to queue
[2026-04-26T07:40:36.219+0000] {logging_mixin.py:188} INFO - [2026-04-26T07:40:36.218+0000] {dagbag.py:540} INFO - Filling up the DagBag from /usr/local/python/3.12.1/lib/python3.12/site-packages/airflow/example_dags/example_short_circuit_operator.py
[2026-04-26T07:40:36.225+0000] {processor.py:840} INFO - DAG(s) 'example_short_circuit_operator' retrieved from /usr/local/python/3.12.1/lib/python3.12/site-packages/airflow/example_dags/example_short_circuit_operator.py
[2026-04-26T07:40:36.239+0000] {logging_mixin.py:188} INFO - [2026-04-26T07:40:36.238+0000] {dag.py:3096} INFO - Sync 1 DAGs
[2026-04-26T07:40:36.254+0000] {logging_mixin.py:188} INFO - [2026-04-26T07:40:36.254+0000] {dag.py:3954} INFO - Setting next_dagrun for example_short_circuit_operator to 2026-04-25 00:00:00+00:00, run_after=2026-04-26 00:00:00+00:00
[2026-04-26T07:40:36.270+0000] {processor.py:183} INFO - Processing /usr/local/python/3.12.1/lib/python3.12/site-packages/airflow/example_dags/example_short_circuit_operator.py took 0.057 seconds
[2026-04-26T07:41:05.133+0000] {processor.py:161} INFO - Started process (PID=39312) to work on /usr/local/python/3.12.1/lib/python3.12/site-packages/airflow/example_dags/example_short_circuit_operator.py
[2026-04-26T07:41:05.134+0000] {processor.py:830} INFO - Processing file /usr/local/python/3.12.1/lib/python3.12/site-packages/airflow/example_dags/example_short_circuit_operator.py for tasks to queue
[2026-04-26T07:41:05.135+0000] {logging_mixin.py:188} INFO - [2026-04-26T07:41:05.135+0000] {dagbag.py:540} INFO - Filling up the DagBag from /usr/local/python/3.12.1/lib/python3.12/site-packages/airflow/example_dags/example_short_circuit_operator.py
[2026-04-26T07:41:05.141+0000] {processor.py:840} INFO - DAG(s) 'example_short_circuit_operator' retrieved from /usr/local/python/3.12.1/lib/python3.12/site-packages/airflow/example_dags/example_short_circuit_operator.py
[2026-04-26T07:41:05.161+0000] {logging_mixin.py:188} INFO - [2026-04-26T07:41:05.161+0000] {dag.py:3096} INFO - Sync 1 DAGs
[2026-04-26T07:41:05.180+0000] {logging_mixin.py:188} INFO - [2026-04-26T07:41:05.180+0000] {dag.py:3954} INFO - Setting next_dagrun for example_short_circuit_operator to 2026-04-25 00:00:00+00:00, run_after=2026-04-26 00:00:00+00:00
[2026-04-26T07:41:05.196+0000] {processor.py:183} INFO - Processing /usr/local/python/3.12.1/lib/python3.12/site-packages/airflow/example_dags/example_short_circuit_operator.py took 0.068 seconds
[2026-04-26T07:41:13.489+0000] {processor.py:161} INFO - Started process (PID=39450) to work on /usr/local/python/3.12.1/lib/python3.12/site-packages/airflow/example_dags/example_short_circuit_operator.py
[2026-04-26T07:41:13.490+0000] {processor.py:830} INFO - Processing file /usr/local/python/3.12.1/lib/python3.12/site-packages/airflow/example_dags/example_short_circuit_operator.py for tasks to queue
[2026-04-26T07:41:13.491+0000] {logging_mixin.py:188} INFO - [2026-04-26T07:41:13.490+0000] {dagbag.py:540} INFO - Filling up the DagBag from /usr/local/python/3.12.1/lib/python3.12/site-packages/airflow/example_dags/example_short_circuit_operator.py
[2026-04-26T07:41:13.499+0000] {processor.py:840} INFO - DAG(s) 'example_short_circuit_operator' retrieved from /usr/local/python/3.12.1/lib/python3.12/site-packages/airflow/example_dags/example_short_circuit_operator.py
[2026-04-26T07:41:13.513+0000] {logging_mixin.py:188} INFO - [2026-04-26T07:41:13.513+0000] {dag.py:3096} INFO - Sync 1 DAGs
[2026-04-26T07:41:13.528+0000] {logging_mixin.py:188} INFO - [2026-04-26T07:41:13.528+0000] {dag.py:3954} INFO - Setting next_dagrun for example_short_circuit_operator to 2026-04-25 00:00:00+00:00, run_after=2026-04-26 00:00:00+00:00
[2026-04-26T07:41:13.543+0000] {processor.py:183} INFO - Processing /usr/local/python/3.12.1/lib/python3.12/site-packages/airflow/example_dags/example_short_circuit_operator.py took 0.060 seconds
[2026-04-26T07:41:17.435+0000] {processor.py:161} INFO - Started process (PID=39483) to work on /usr/local/python/3.12.1/lib/python3.12/site-packages/airflow/example_dags/example_short_circuit_operator.py
[2026-04-26T07:41:17.436+0000] {processor.py:830} INFO - Processing file /usr/local/python/3.12.1/lib/python3.12/site-packages/airflow/example_dags/example_short_circuit_operator.py for tasks to queue
[2026-04-26T07:41:17.436+0000] {logging_mixin.py:188} INFO - [2026-04-26T07:41:17.436+0000] {dagbag.py:540} INFO - Filling up the DagBag from /usr/local/python/3.12.1/lib/python3.12/site-packages/airflow/example_dags/example_short_circuit_operator.py
[2026-04-26T07:41:17.443+0000] {processor.py:840} INFO - DAG(s) 'example_short_circuit_operator' retrieved from /usr/local/python/3.12.1/lib/python3.12/site-packages/airflow/example_dags/example_short_circuit_operator.py
[2026-04-26T07:41:17.456+0000] {logging_mixin.py:188} INFO - [2026-04-26T07:41:17.456+0000] {dag.py:3096} INFO - Sync 1 DAGs
[2026-04-26T07:41:17.472+0000] {logging_mixin.py:188} INFO - [2026-04-26T07:41:17.472+0000] {dag.py:3954} INFO - Setting next_dagrun for example_short_circuit_operator to 2026-04-25 00:00:00+00:00, run_after=2026-04-26 00:00:00+00:00
[2026-04-26T07:41:17.490+0000] {processor.py:183} INFO - Processing /usr/local/python/3.12.1/lib/python3.12/site-packages/airflow/example_dags/example_short_circuit_operator.py took 0.059 seconds
[2026-04-26T07:41:43.574+0000] {processor.py:161} INFO - Started process (PID=39728) to work on /usr/local/python/3.12.1/lib/python3.12/site-packages/airflow/example_dags/example_short_circuit_operator.py
[2026-04-26T07:41:43.575+0000] {processor.py:830} INFO - Processing file /usr/local/python/3.12.1/lib/python3.12/site-packages/airflow/example_dags/example_short_circuit_operator.py for tasks to queue
[2026-04-26T07:41:43.577+0000] {logging_mixin.py:188} INFO - [2026-04-26T07:41:43.576+0000] {dagbag.py:540} INFO - Filling up the DagBag from /usr/local/python/3.12.1/lib/python3.12/site-packages/airflow/example_dags/example_short_circuit_operator.py
[2026-04-26T07:41:43.585+0000] {processor.py:840} INFO - DAG(s) 'example_short_circuit_operator' retrieved from /usr/local/python/3.12.1/lib/python3.12/site-packages/airflow/example_dags/example_short_circuit_operator.py
[2026-04-26T07:41:43.607+0000] {logging_mixin.py:188} INFO - [2026-04-26T07:41:43.607+0000] {dag.py:3096} INFO - Sync 1 DAGs
[2026-04-26T07:41:43.634+0000] {logging_mixin.py:188} INFO - [2026-04-26T07:41:43.634+0000] {dag.py:3954} INFO - Setting next_dagrun for example_short_circuit_operator to 2026-04-25 00:00:00+00:00, run_after=2026-04-26 00:00:00+00:00
[2026-04-26T07:41:43.653+0000] {processor.py:183} INFO - Processing /usr/local/python/3.12.1/lib/python3.12/site-packages/airflow/example_dags/example_short_circuit_operator.py took 0.085 seconds
[2026-04-26T07:41:54.845+0000] {processor.py:161} INFO - Started process (PID=39825) to work on /usr/local/python/3.12.1/lib/python3.12/site-packages/airflow/example_dags/example_short_circuit_operator.py
[2026-04-26T07:41:54.846+0000] {processor.py:830} INFO - Processing file /usr/local/python/3.12.1/lib/python3.12/site-packages/airflow/example_dags/example_short_circuit_operator.py for tasks to queue
[2026-04-26T07:41:54.847+0000] {logging_mixin.py:188} INFO - [2026-04-26T07:41:54.847+0000] {dagbag.py:540} INFO - Filling up the DagBag from /usr/local/python/3.12.1/lib/python3.12/site-packages/airflow/example_dags/example_short_circuit_operator.py
[2026-04-26T07:41:54.855+0000] {processor.py:840} INFO - DAG(s) 'example_short_circuit_operator' retrieved from /usr/local/python/3.12.1/lib/python3.12/site-packages/airflow/example_dags/example_short_circuit_operator.py
[2026-04-26T07:41:54.877+0000] {logging_mixin.py:188} INFO - [2026-04-26T07:41:54.876+0000] {dag.py:3096} INFO - Sync 1 DAGs
[2026-04-26T07:41:54.898+0000] {logging_mixin.py:188} INFO - [2026-04-26T07:41:54.898+0000] {dag.py:3954} INFO - Setting next_dagrun for example_short_circuit_operator to 2026-04-25 00:00:00+00:00, run_after=2026-04-26 00:00:00+00:00
[2026-04-26T07:41:54.919+0000] {processor.py:183} INFO - Processing /usr/local/python/3.12.1/lib/python3.12/site-packages/airflow/example_dags/example_short_circuit_operator.py took 0.080 seconds
[2026-04-26T07:41:58.653+0000] {processor.py:161} INFO - Started process (PID=39889) to work on /usr/local/python/3.12.1/lib/python3.12/site-packages/airflow/example_dags/example_short_circuit_operator.py
[2026-04-26T07:41:58.654+0000] {processor.py:830} INFO - Processing file /usr/local/python/3.12.1/lib/python3.12/site-packages/airflow/example_dags/example_short_circuit_operator.py for tasks to queue
[2026-04-26T07:41:58.655+0000] {logging_mixin.py:188} INFO - [2026-04-26T07:41:58.654+0000] {dagbag.py:540} INFO - Filling up the DagBag from /usr/local/python/3.12.1/lib/python3.12/site-packages/airflow/example_dags/example_short_circuit_operator.py
[2026-04-26T07:41:58.663+0000] {processor.py:840} INFO - DAG(s) 'example_short_circuit_operator' retrieved from /usr/local/python/3.12.1/lib/python3.12/site-packages/airflow/example_dags/example_short_circuit_operator.py
[2026-04-26T07:41:58.688+0000] {logging_mixin.py:188} INFO - [2026-04-26T07:41:58.688+0000] {dag.py:3096} INFO - Sync 1 DAGs
[2026-04-26T07:41:58.705+0000] {logging_mixin.py:188} INFO - [2026-04-26T07:41:58.705+0000] {dag.py:3954} INFO - Setting next_dagrun for example_short_circuit_operator to 2026-04-25 00:00:00+00:00, run_after=2026-04-26 00:00:00+00:00
[2026-04-26T07:41:58.722+0000] {processor.py:183} INFO - Processing /usr/local/python/3.12.1/lib/python3.12/site-packages/airflow/example_dags/example_short_circuit_operator.py took 0.075 seconds
[2026-04-26T07:42:25.317+0000] {processor.py:161} INFO - Started process (PID=40138) to work on /usr/local/python/3.12.1/lib/python3.12/site-packages/airflow/example_dags/example_short_circuit_operator.py
[2026-04-26T07:42:25.319+0000] {processor.py:830} INFO - Processing file /usr/local/python/3.12.1/lib/python3.12/site-packages/airflow/example_dags/example_short_circuit_operator.py for tasks to queue
[2026-04-26T07:42:25.321+0000] {logging_mixin.py:188} INFO - [2026-04-26T07:42:25.321+0000] {dagbag.py:540} INFO - Filling up the DagBag from /usr/local/python/3.12.1/lib/python3.12/site-packages/airflow/example_dags/example_short_circuit_operator.py
[2026-04-26T07:42:25.338+0000] {processor.py:840} INFO - DAG(s) 'example_short_circuit_operator' retrieved from /usr/local/python/3.12.1/lib/python3.12/site-packages/airflow/example_dags/example_short_circuit_operator.py
[2026-04-26T07:42:25.360+0000] {logging_mixin.py:188} INFO - [2026-04-26T07:42:25.360+0000] {dag.py:3096} INFO - Sync 1 DAGs
[2026-04-26T07:42:25.393+0000] {logging_mixin.py:188} INFO - [2026-04-26T07:42:25.393+0000] {dag.py:3954} INFO - Setting next_dagrun for example_short_circuit_operator to 2026-04-25 00:00:00+00:00, run_after=2026-04-26 00:00:00+00:00
[2026-04-26T07:42:25.413+0000] {processor.py:183} INFO - Processing /usr/local/python/3.12.1/lib/python3.12/site-packages/airflow/example_dags/example_short_circuit_operator.py took 0.110 seconds
[2026-04-26T07:42:37.430+0000] {processor.py:161} INFO - Started process (PID=40243) to work on /usr/local/python/3.12.1/lib/python3.12/site-packages/airflow/example_dags/example_short_circuit_operator.py
[2026-04-26T07:42:37.431+0000] {processor.py:830} INFO - Processing file /usr/local/python/3.12.1/lib/python3.12/site-packages/airflow/example_dags/example_short_circuit_operator.py for tasks to queue
[2026-04-26T07:42:37.432+0000] {logging_mixin.py:188} INFO - [2026-04-26T07:42:37.431+0000] {dagbag.py:540} INFO - Filling up the DagBag from /usr/local/python/3.12.1/lib/python3.12/site-packages/airflow/example_dags/example_short_circuit_operator.py
[2026-04-26T07:42:37.438+0000] {processor.py:840} INFO - DAG(s) 'example_short_circuit_operator' retrieved from /usr/local/python/3.12.1/lib/python3.12/site-packages/airflow/example_dags/example_short_circuit_operator.py
[2026-04-26T07:42:37.451+0000] {logging_mixin.py:188} INFO - [2026-04-26T07:42:37.451+0000] {dag.py:3096} INFO - Sync 1 DAGs
[2026-04-26T07:42:37.470+0000] {logging_mixin.py:188} INFO - [2026-04-26T07:42:37.470+0000] {dag.py:3954} INFO - Setting next_dagrun for example_short_circuit_operator to 2026-04-25 00:00:00+00:00, run_after=2026-04-26 00:00:00+00:00
[2026-04-26T07:42:37.494+0000] {processor.py:183} INFO - Processing /usr/local/python/3.12.1/lib/python3.12/site-packages/airflow/example_dags/example_short_circuit_operator.py took 0.068 seconds
[2026-04-26T07:42:42.737+0000] {processor.py:161} INFO - Started process (PID=40299) to work on /usr/local/python/3.12.1/lib/python3.12/site-packages/airflow/example_dags/example_short_circuit_operator.py
[2026-04-26T07:42:42.738+0000] {processor.py:830} INFO - Processing file /usr/local/python/3.12.1/lib/python3.12/site-packages/airflow/example_dags/example_short_circuit_operator.py for tasks to queue
[2026-04-26T07:42:42.739+0000] {logging_mixin.py:188} INFO - [2026-04-26T07:42:42.739+0000] {dagbag.py:540} INFO - Filling up the DagBag from /usr/local/python/3.12.1/lib/python3.12/site-packages/airflow/example_dags/example_short_circuit_operator.py
[2026-04-26T07:42:42.748+0000] {processor.py:840} INFO - DAG(s) 'example_short_circuit_operator' retrieved from /usr/local/python/3.12.1/lib/python3.12/site-packages/airflow/example_dags/example_short_circuit_operator.py
[2026-04-26T07:42:42.770+0000] {logging_mixin.py:188} INFO - [2026-04-26T07:42:42.770+0000] {dag.py:3096} INFO - Sync 1 DAGs
[2026-04-26T07:42:42.790+0000] {logging_mixin.py:188} INFO - [2026-04-26T07:42:42.790+0000] {dag.py:3954} INFO - Setting next_dagrun for example_short_circuit_operator to 2026-04-25 00:00:00+00:00, run_after=2026-04-26 00:00:00+00:00
[2026-04-26T07:42:42.809+0000] {processor.py:183} INFO - Processing /usr/local/python/3.12.1/lib/python3.12/site-packages/airflow/example_dags/example_short_circuit_operator.py took 0.078 seconds
[2026-04-26T07:43:07.577+0000] {processor.py:161} INFO - Started process (PID=40514) to work on /usr/local/python/3.12.1/lib/python3.12/site-packages/airflow/example_dags/example_short_circuit_operator.py
[2026-04-26T07:43:07.578+0000] {processor.py:830} INFO - Processing file /usr/local/python/3.12.1/lib/python3.12/site-packages/airflow/example_dags/example_short_circuit_operator.py for tasks to queue
[2026-04-26T07:43:07.578+0000] {logging_mixin.py:188} INFO - [2026-04-26T07:43:07.578+0000] {dagbag.py:540} INFO - Filling up the DagBag from /usr/local/python/3.12.1/lib/python3.12/site-packages/airflow/example_dags/example_short_circuit_operator.py
[2026-04-26T07:43:07.585+0000] {processor.py:840} INFO - DAG(s) 'example_short_circuit_operator' retrieved from /usr/local/python/3.12.1/lib/python3.12/site-packages/airflow/example_dags/example_short_circuit_operator.py
[2026-04-26T07:43:07.599+0000] {logging_mixin.py:188} INFO - [2026-04-26T07:43:07.599+0000] {dag.py:3096} INFO - Sync 1 DAGs
[2026-04-26T07:43:07.614+0000] {logging_mixin.py:188} INFO - [2026-04-26T07:43:07.614+0000] {dag.py:3954} INFO - Setting next_dagrun for example_short_circuit_operator to 2026-04-25 00:00:00+00:00, run_after=2026-04-26 00:00:00+00:00
[2026-04-26T07:43:07.631+0000] {processor.py:183} INFO - Processing /usr/local/python/3.12.1/lib/python3.12/site-packages/airflow/example_dags/example_short_circuit_operator.py took 0.059 seconds
[2026-04-26T07:43:16.249+0000] {processor.py:161} INFO - Started process (PID=40597) to work on /usr/local/python/3.12.1/lib/python3.12/site-packages/airflow/example_dags/example_short_circuit_operator.py
[2026-04-26T07:43:16.249+0000] {processor.py:830} INFO - Processing file /usr/local/python/3.12.1/lib/python3.12/site-packages/airflow/example_dags/example_short_circuit_operator.py for tasks to queue
[2026-04-26T07:43:16.250+0000] {logging_mixin.py:188} INFO - [2026-04-26T07:43:16.250+0000] {dagbag.py:540} INFO - Filling up the DagBag from /usr/local/python/3.12.1/lib/python3.12/site-packages/airflow/example_dags/example_short_circuit_operator.py
[2026-04-26T07:43:16.256+0000] {processor.py:840} INFO - DAG(s) 'example_short_circuit_operator' retrieved from /usr/local/python/3.12.1/lib/python3.12/site-packages/airflow/example_dags/example_short_circuit_operator.py
[2026-04-26T07:43:16.276+0000] {logging_mixin.py:188} INFO - [2026-04-26T07:43:16.276+0000] {dag.py:3096} INFO - Sync 1 DAGs
[2026-04-26T07:43:16.292+0000] {logging_mixin.py:188} INFO - [2026-04-26T07:43:16.292+0000] {dag.py:3954} INFO - Setting next_dagrun for example_short_circuit_operator to 2026-04-25 00:00:00+00:00, run_after=2026-04-26 00:00:00+00:00
[2026-04-26T07:43:16.310+0000] {processor.py:183} INFO - Processing /usr/local/python/3.12.1/lib/python3.12/site-packages/airflow/example_dags/example_short_circuit_operator.py took 0.065 seconds
[2026-04-26T07:43:24.110+0000] {processor.py:161} INFO - Started process (PID=40668) to work on /usr/local/python/3.12.1/lib/python3.12/site-packages/airflow/example_dags/example_short_circuit_operator.py
[2026-04-26T07:43:24.111+0000] {processor.py:830} INFO - Processing file /usr/local/python/3.12.1/lib/python3.12/site-packages/airflow/example_dags/example_short_circuit_operator.py for tasks to queue
[2026-04-26T07:43:24.113+0000] {logging_mixin.py:188} INFO - [2026-04-26T07:43:24.112+0000] {dagbag.py:540} INFO - Filling up the DagBag from /usr/local/python/3.12.1/lib/python3.12/site-packages/airflow/example_dags/example_short_circuit_operator.py
[2026-04-26T07:43:24.129+0000] {processor.py:840} INFO - DAG(s) 'example_short_circuit_operator' retrieved from /usr/local/python/3.12.1/lib/python3.12/site-packages/airflow/example_dags/example_short_circuit_operator.py
[2026-04-26T07:43:24.157+0000] {logging_mixin.py:188} INFO - [2026-04-26T07:43:24.156+0000] {dag.py:3096} INFO - Sync 1 DAGs
[2026-04-26T07:43:24.179+0000] {logging_mixin.py:188} INFO - [2026-04-26T07:43:24.179+0000] {dag.py:3954} INFO - Setting next_dagrun for example_short_circuit_operator to 2026-04-25 00:00:00+00:00, run_after=2026-04-26 00:00:00+00:00
[2026-04-26T07:43:24.212+0000] {processor.py:183} INFO - Processing /usr/local/python/3.12.1/lib/python3.12/site-packages/airflow/example_dags/example_short_circuit_operator.py took 0.118 seconds
[2026-04-26T07:43:56.418+0000] {processor.py:161} INFO - Started process (PID=42081) to work on /usr/local/python/3.12.1/lib/python3.12/site-packages/airflow/example_dags/example_short_circuit_operator.py
[2026-04-26T07:43:56.421+0000] {processor.py:830} INFO - Processing file /usr/local/python/3.12.1/lib/python3.12/site-packages/airflow/example_dags/example_short_circuit_operator.py for tasks to queue
[2026-04-26T07:43:56.424+0000] {logging_mixin.py:188} INFO - [2026-04-26T07:43:56.423+0000] {dagbag.py:540} INFO - Filling up the DagBag from /usr/local/python/3.12.1/lib/python3.12/site-packages/airflow/example_dags/example_short_circuit_operator.py
[2026-04-26T07:43:56.454+0000] {processor.py:840} INFO - DAG(s) 'example_short_circuit_operator' retrieved from /usr/local/python/3.12.1/lib/python3.12/site-packages/airflow/example_dags/example_short_circuit_operator.py
[2026-04-26T07:43:56.493+0000] {logging_mixin.py:188} INFO - [2026-04-26T07:43:56.492+0000] {dag.py:3096} INFO - Sync 1 DAGs
[2026-04-26T07:43:56.540+0000] {logging_mixin.py:188} INFO - [2026-04-26T07:43:56.539+0000] {dag.py:3954} INFO - Setting next_dagrun for example_short_circuit_operator to 2026-04-25 00:00:00+00:00, run_after=2026-04-26 00:00:00+00:00
[2026-04-26T07:43:56.736+0000] {processor.py:183} INFO - Processing /usr/local/python/3.12.1/lib/python3.12/site-packages/airflow/example_dags/example_short_circuit_operator.py took 0.343 seconds
[2026-04-26T07:44:17.924+0000] {processor.py:161} INFO - Started process (PID=43158) to work on /usr/local/python/3.12.1/lib/python3.12/site-packages/airflow/example_dags/example_short_circuit_operator.py
[2026-04-26T07:44:17.942+0000] {processor.py:830} INFO - Processing file /usr/local/python/3.12.1/lib/python3.12/site-packages/airflow/example_dags/example_short_circuit_operator.py for tasks to queue
[2026-04-26T07:44:17.964+0000] {logging_mixin.py:188} INFO - [2026-04-26T07:44:17.963+0000] {dagbag.py:540} INFO - Filling up the DagBag from /usr/local/python/3.12.1/lib/python3.12/site-packages/airflow/example_dags/example_short_circuit_operator.py
[2026-04-26T07:44:18.141+0000] {processor.py:840} INFO - DAG(s) 'example_short_circuit_operator' retrieved from /usr/local/python/3.12.1/lib/python3.12/site-packages/airflow/example_dags/example_short_circuit_operator.py
[2026-04-26T07:44:18.512+0000] {logging_mixin.py:188} INFO - [2026-04-26T07:44:18.512+0000] {dag.py:3096} INFO - Sync 1 DAGs
[2026-04-26T07:44:19.231+0000] {logging_mixin.py:188} INFO - [2026-04-26T07:44:19.231+0000] {dag.py:3954} INFO - Setting next_dagrun for example_short_circuit_operator to 2026-04-25 00:00:00+00:00, run_after=2026-04-26 00:00:00+00:00
[2026-04-26T07:44:19.833+0000] {processor.py:183} INFO - Processing /usr/local/python/3.12.1/lib/python3.12/site-packages/airflow/example_dags/example_short_circuit_operator.py took 1.973 seconds
[2026-04-26T07:44:51.576+0000] {processor.py:161} INFO - Started process (PID=43839) to work on /usr/local/python/3.12.1/lib/python3.12/site-packages/airflow/example_dags/example_short_circuit_operator.py
[2026-04-26T07:44:51.579+0000] {processor.py:830} INFO - Processing file /usr/local/python/3.12.1/lib/python3.12/site-packages/airflow/example_dags/example_short_circuit_operator.py for tasks to queue
[2026-04-26T07:44:51.580+0000] {logging_mixin.py:188} INFO - [2026-04-26T07:44:51.580+0000] {dagbag.py:540} INFO - Filling up the DagBag from /usr/local/python/3.12.1/lib/python3.12/site-packages/airflow/example_dags/example_short_circuit_operator.py
[2026-04-26T07:44:51.586+0000] {processor.py:840} INFO - DAG(s) 'example_short_circuit_operator' retrieved from /usr/local/python/3.12.1/lib/python3.12/site-packages/airflow/example_dags/example_short_circuit_operator.py
[2026-04-26T07:44:51.599+0000] {logging_mixin.py:188} INFO - [2026-04-26T07:44:51.599+0000] {dag.py:3096} INFO - Sync 1 DAGs
[2026-04-26T07:44:51.614+0000] {logging_mixin.py:188} INFO - [2026-04-26T07:44:51.614+0000] {dag.py:3954} INFO - Setting next_dagrun for example_short_circuit_operator to 2026-04-25 00:00:00+00:00, run_after=2026-04-26 00:00:00+00:00
[2026-04-26T07:44:51.630+0000] {processor.py:183} INFO - Processing /usr/local/python/3.12.1/lib/python3.12/site-packages/airflow/example_dags/example_short_circuit_operator.py took 0.059 seconds
[2026-04-26T07:44:55.810+0000] {processor.py:161} INFO - Started process (PID=43866) to work on /usr/local/python/3.12.1/lib/python3.12/site-packages/airflow/example_dags/example_short_circuit_operator.py
[2026-04-26T07:44:55.813+0000] {processor.py:830} INFO - Processing file /usr/local/python/3.12.1/lib/python3.12/site-packages/airflow/example_dags/example_short_circuit_operator.py for tasks to queue
[2026-04-26T07:44:55.816+0000] {logging_mixin.py:188} INFO - [2026-04-26T07:44:55.813+0000] {dagbag.py:540} INFO - Filling up the DagBag from /usr/local/python/3.12.1/lib/python3.12/site-packages/airflow/example_dags/example_short_circuit_operator.py
[2026-04-26T07:44:55.827+0000] {processor.py:840} INFO - DAG(s) 'example_short_circuit_operator' retrieved from /usr/local/python/3.12.1/lib/python3.12/site-packages/airflow/example_dags/example_short_circuit_operator.py
[2026-04-26T07:44:55.850+0000] {logging_mixin.py:188} INFO - [2026-04-26T07:44:55.848+0000] {dag.py:3096} INFO - Sync 1 DAGs
[2026-04-26T07:44:55.894+0000] {logging_mixin.py:188} INFO - [2026-04-26T07:44:55.893+0000] {dag.py:3954} INFO - Setting next_dagrun for example_short_circuit_operator to 2026-04-25 00:00:00+00:00, run_after=2026-04-26 00:00:00+00:00
[2026-04-26T07:44:55.915+0000] {processor.py:183} INFO - Processing /usr/local/python/3.12.1/lib/python3.12/site-packages/airflow/example_dags/example_short_circuit_operator.py took 0.119 seconds
[2026-04-26T07:45:08.812+0000] {processor.py:161} INFO - Started process (PID=44190) to work on /usr/local/python/3.12.1/lib/python3.12/site-packages/airflow/example_dags/example_short_circuit_operator.py
[2026-04-26T07:45:08.814+0000] {processor.py:830} INFO - Processing file /usr/local/python/3.12.1/lib/python3.12/site-packages/airflow/example_dags/example_short_circuit_operator.py for tasks to queue
[2026-04-26T07:45:08.817+0000] {logging_mixin.py:188} INFO - [2026-04-26T07:45:08.815+0000] {dagbag.py:540} INFO - Filling up the DagBag from /usr/local/python/3.12.1/lib/python3.12/site-packages/airflow/example_dags/example_short_circuit_operator.py
[2026-04-26T07:45:08.830+0000] {processor.py:840} INFO - DAG(s) 'example_short_circuit_operator' retrieved from /usr/local/python/3.12.1/lib/python3.12/site-packages/airflow/example_dags/example_short_circuit_operator.py
[2026-04-26T07:45:08.896+0000] {logging_mixin.py:188} INFO - [2026-04-26T07:45:08.896+0000] {dag.py:3096} INFO - Sync 1 DAGs
[2026-04-26T07:45:08.930+0000] {logging_mixin.py:188} INFO - [2026-04-26T07:45:08.930+0000] {dag.py:3954} INFO - Setting next_dagrun for example_short_circuit_operator to 2026-04-25 00:00:00+00:00, run_after=2026-04-26 00:00:00+00:00
[2026-04-26T07:45:08.960+0000] {processor.py:183} INFO - Processing /usr/local/python/3.12.1/lib/python3.12/site-packages/airflow/example_dags/example_short_circuit_operator.py took 0.167 seconds
[2026-04-26T07:45:45.157+0000] {processor.py:161} INFO - Started process (PID=44609) to work on /usr/local/python/3.12.1/lib/python3.12/site-packages/airflow/example_dags/example_short_circuit_operator.py
[2026-04-26T07:45:45.169+0000] {processor.py:830} INFO - Processing file /usr/local/python/3.12.1/lib/python3.12/site-packages/airflow/example_dags/example_short_circuit_operator.py for tasks to queue
[2026-04-26T07:45:45.173+0000] {logging_mixin.py:188} INFO - [2026-04-26T07:45:45.173+0000] {dagbag.py:540} INFO - Filling up the DagBag from /usr/local/python/3.12.1/lib/python3.12/site-packages/airflow/example_dags/example_short_circuit_operator.py
[2026-04-26T07:45:45.218+0000] {processor.py:840} INFO - DAG(s) 'example_short_circuit_operator' retrieved from /usr/local/python/3.12.1/lib/python3.12/site-packages/airflow/example_dags/example_short_circuit_operator.py
[2026-04-26T07:45:45.304+0000] {logging_mixin.py:188} INFO - [2026-04-26T07:45:45.301+0000] {dag.py:3096} INFO - Sync 1 DAGs
[2026-04-26T07:45:45.359+0000] {logging_mixin.py:188} INFO - [2026-04-26T07:45:45.358+0000] {dag.py:3954} INFO - Setting next_dagrun for example_short_circuit_operator to 2026-04-25 00:00:00+00:00, run_after=2026-04-26 00:00:00+00:00
[2026-04-26T07:45:45.385+0000] {processor.py:183} INFO - Processing /usr/local/python/3.12.1/lib/python3.12/site-packages/airflow/example_dags/example_short_circuit_operator.py took 0.257 seconds
[2026-04-26T07:45:48.843+0000] {processor.py:161} INFO - Started process (PID=44665) to work on /usr/local/python/3.12.1/lib/python3.12/site-packages/airflow/example_dags/example_short_circuit_operator.py
[2026-04-26T07:45:48.844+0000] {processor.py:830} INFO - Processing file /usr/local/python/3.12.1/lib/python3.12/site-packages/airflow/example_dags/example_short_circuit_operator.py for tasks to queue
[2026-04-26T07:45:48.845+0000] {logging_mixin.py:188} INFO - [2026-04-26T07:45:48.845+0000] {dagbag.py:540} INFO - Filling up the DagBag from /usr/local/python/3.12.1/lib/python3.12/site-packages/airflow/example_dags/example_short_circuit_operator.py
[2026-04-26T07:45:48.859+0000] {processor.py:840} INFO - DAG(s) 'example_short_circuit_operator' retrieved from /usr/local/python/3.12.1/lib/python3.12/site-packages/airflow/example_dags/example_short_circuit_operator.py
[2026-04-26T07:45:48.882+0000] {logging_mixin.py:188} INFO - [2026-04-26T07:45:48.881+0000] {dag.py:3096} INFO - Sync 1 DAGs
[2026-04-26T07:45:48.923+0000] {logging_mixin.py:188} INFO - [2026-04-26T07:45:48.921+0000] {dag.py:3954} INFO - Setting next_dagrun for example_short_circuit_operator to 2026-04-25 00:00:00+00:00, run_after=2026-04-26 00:00:00+00:00
[2026-04-26T07:45:48.984+0000] {processor.py:183} INFO - Processing /usr/local/python/3.12.1/lib/python3.12/site-packages/airflow/example_dags/example_short_circuit_operator.py took 0.151 seconds
[2026-04-26T07:46:03.645+0000] {processor.py:161} INFO - Started process (PID=44984) to work on /usr/local/python/3.12.1/lib/python3.12/site-packages/airflow/example_dags/example_short_circuit_operator.py
[2026-04-26T07:46:03.646+0000] {processor.py:830} INFO - Processing file /usr/local/python/3.12.1/lib/python3.12/site-packages/airflow/example_dags/example_short_circuit_operator.py for tasks to queue
[2026-04-26T07:46:03.648+0000] {logging_mixin.py:188} INFO - [2026-04-26T07:46:03.647+0000] {dagbag.py:540} INFO - Filling up the DagBag from /usr/local/python/3.12.1/lib/python3.12/site-packages/airflow/example_dags/example_short_circuit_operator.py
[2026-04-26T07:46:03.657+0000] {processor.py:840} INFO - DAG(s) 'example_short_circuit_operator' retrieved from /usr/local/python/3.12.1/lib/python3.12/site-packages/airflow/example_dags/example_short_circuit_operator.py
[2026-04-26T07:46:03.929+0000] {logging_mixin.py:188} INFO - [2026-04-26T07:46:03.928+0000] {dag.py:3096} INFO - Sync 1 DAGs
[2026-04-26T07:46:03.950+0000] {logging_mixin.py:188} INFO - [2026-04-26T07:46:03.950+0000] {dag.py:3954} INFO - Setting next_dagrun for example_short_circuit_operator to 2026-04-25 00:00:00+00:00, run_after=2026-04-26 00:00:00+00:00
[2026-04-26T07:46:03.982+0000] {processor.py:183} INFO - Processing /usr/local/python/3.12.1/lib/python3.12/site-packages/airflow/example_dags/example_short_circuit_operator.py took 0.347 seconds
[2026-04-26T07:46:39.170+0000] {processor.py:161} INFO - Started process (PID=45388) to work on /usr/local/python/3.12.1/lib/python3.12/site-packages/airflow/example_dags/example_short_circuit_operator.py
[2026-04-26T07:46:39.173+0000] {processor.py:830} INFO - Processing file /usr/local/python/3.12.1/lib/python3.12/site-packages/airflow/example_dags/example_short_circuit_operator.py for tasks to queue
[2026-04-26T07:46:39.174+0000] {logging_mixin.py:188} INFO - [2026-04-26T07:46:39.174+0000] {dagbag.py:540} INFO - Filling up the DagBag from /usr/local/python/3.12.1/lib/python3.12/site-packages/airflow/example_dags/example_short_circuit_operator.py
[2026-04-26T07:46:39.184+0000] {processor.py:840} INFO - DAG(s) 'example_short_circuit_operator' retrieved from /usr/local/python/3.12.1/lib/python3.12/site-packages/airflow/example_dags/example_short_circuit_operator.py
[2026-04-26T07:46:39.201+0000] {logging_mixin.py:188} INFO - [2026-04-26T07:46:39.201+0000] {dag.py:3096} INFO - Sync 1 DAGs
[2026-04-26T07:46:39.216+0000] {logging_mixin.py:188} INFO - [2026-04-26T07:46:39.216+0000] {dag.py:3954} INFO - Setting next_dagrun for example_short_circuit_operator to 2026-04-25 00:00:00+00:00, run_after=2026-04-26 00:00:00+00:00
[2026-04-26T07:46:39.234+0000] {processor.py:183} INFO - Processing /usr/local/python/3.12.1/lib/python3.12/site-packages/airflow/example_dags/example_short_circuit_operator.py took 0.069 seconds
[2026-04-26T07:46:39.644+0000] {processor.py:161} INFO - Started process (PID=45390) to work on /usr/local/python/3.12.1/lib/python3.12/site-packages/airflow/example_dags/example_short_circuit_operator.py
[2026-04-26T07:46:39.644+0000] {processor.py:830} INFO - Processing file /usr/local/python/3.12.1/lib/python3.12/site-packages/airflow/example_dags/example_short_circuit_operator.py for tasks to queue
[2026-04-26T07:46:39.645+0000] {logging_mixin.py:188} INFO - [2026-04-26T07:46:39.645+0000] {dagbag.py:540} INFO - Filling up the DagBag from /usr/local/python/3.12.1/lib/python3.12/site-packages/airflow/example_dags/example_short_circuit_operator.py
[2026-04-26T07:46:39.654+0000] {processor.py:840} INFO - DAG(s) 'example_short_circuit_operator' retrieved from /usr/local/python/3.12.1/lib/python3.12/site-packages/airflow/example_dags/example_short_circuit_operator.py
[2026-04-26T07:46:39.675+0000] {logging_mixin.py:188} INFO - [2026-04-26T07:46:39.675+0000] {dag.py:3096} INFO - Sync 1 DAGs
[2026-04-26T07:46:39.693+0000] {logging_mixin.py:188} INFO - [2026-04-26T07:46:39.693+0000] {dag.py:3954} INFO - Setting next_dagrun for example_short_circuit_operator to 2026-04-25 00:00:00+00:00, run_after=2026-04-26 00:00:00+00:00
[2026-04-26T07:46:39.710+0000] {processor.py:183} INFO - Processing /usr/local/python/3.12.1/lib/python3.12/site-packages/airflow/example_dags/example_short_circuit_operator.py took 0.071 seconds
[2026-04-26T07:46:54.639+0000] {processor.py:161} INFO - Started process (PID=45703) to work on /usr/local/python/3.12.1/lib/python3.12/site-packages/airflow/example_dags/example_short_circuit_operator.py
[2026-04-26T07:46:54.640+0000] {processor.py:830} INFO - Processing file /usr/local/python/3.12.1/lib/python3.12/site-packages/airflow/example_dags/example_short_circuit_operator.py for tasks to queue
[2026-04-26T07:46:54.641+0000] {logging_mixin.py:188} INFO - [2026-04-26T07:46:54.640+0000] {dagbag.py:540} INFO - Filling up the DagBag from /usr/local/python/3.12.1/lib/python3.12/site-packages/airflow/example_dags/example_short_circuit_operator.py
[2026-04-26T07:46:54.646+0000] {processor.py:840} INFO - DAG(s) 'example_short_circuit_operator' retrieved from /usr/local/python/3.12.1/lib/python3.12/site-packages/airflow/example_dags/example_short_circuit_operator.py
[2026-04-26T07:46:54.661+0000] {logging_mixin.py:188} INFO - [2026-04-26T07:46:54.661+0000] {dag.py:3096} INFO - Sync 1 DAGs
[2026-04-26T07:46:54.680+0000] {logging_mixin.py:188} INFO - [2026-04-26T07:46:54.679+0000] {dag.py:3954} INFO - Setting next_dagrun for example_short_circuit_operator to 2026-04-25 00:00:00+00:00, run_after=2026-04-26 00:00:00+00:00
[2026-04-26T07:46:54.697+0000] {processor.py:183} INFO - Processing /usr/local/python/3.12.1/lib/python3.12/site-packages/airflow/example_dags/example_short_circuit_operator.py took 0.062 seconds
[2026-04-26T07:47:23.080+0000] {processor.py:161} INFO - Started process (PID=46001) to work on /usr/local/python/3.12.1/lib/python3.12/site-packages/airflow/example_dags/example_short_circuit_operator.py
[2026-04-26T07:47:23.081+0000] {processor.py:830} INFO - Processing file /usr/local/python/3.12.1/lib/python3.12/site-packages/airflow/example_dags/example_short_circuit_operator.py for tasks to queue
[2026-04-26T07:47:23.082+0000] {logging_mixin.py:188} INFO - [2026-04-26T07:47:23.081+0000] {dagbag.py:540} INFO - Filling up the DagBag from /usr/local/python/3.12.1/lib/python3.12/site-packages/airflow/example_dags/example_short_circuit_operator.py
[2026-04-26T07:47:23.088+0000] {processor.py:840} INFO - DAG(s) 'example_short_circuit_operator' retrieved from /usr/local/python/3.12.1/lib/python3.12/site-packages/airflow/example_dags/example_short_circuit_operator.py
[2026-04-26T07:47:23.102+0000] {logging_mixin.py:188} INFO - [2026-04-26T07:47:23.102+0000] {dag.py:3096} INFO - Sync 1 DAGs
[2026-04-26T07:47:23.118+0000] {logging_mixin.py:188} INFO - [2026-04-26T07:47:23.118+0000] {dag.py:3954} INFO - Setting next_dagrun for example_short_circuit_operator to 2026-04-25 00:00:00+00:00, run_after=2026-04-26 00:00:00+00:00
[2026-04-26T07:47:23.139+0000] {processor.py:183} INFO - Processing /usr/local/python/3.12.1/lib/python3.12/site-packages/airflow/example_dags/example_short_circuit_operator.py took 0.063 seconds
[2026-04-26T07:47:26.684+0000] {processor.py:161} INFO - Started process (PID=46028) to work on /usr/local/python/3.12.1/lib/python3.12/site-packages/airflow/example_dags/example_short_circuit_operator.py
[2026-04-26T07:47:26.684+0000] {processor.py:830} INFO - Processing file /usr/local/python/3.12.1/lib/python3.12/site-packages/airflow/example_dags/example_short_circuit_operator.py for tasks to queue
[2026-04-26T07:47:26.685+0000] {logging_mixin.py:188} INFO - [2026-04-26T07:47:26.685+0000] {dagbag.py:540} INFO - Filling up the DagBag from /usr/local/python/3.12.1/lib/python3.12/site-packages/airflow/example_dags/example_short_circuit_operator.py
[2026-04-26T07:47:26.692+0000] {processor.py:840} INFO - DAG(s) 'example_short_circuit_operator' retrieved from /usr/local/python/3.12.1/lib/python3.12/site-packages/airflow/example_dags/example_short_circuit_operator.py
[2026-04-26T07:47:26.711+0000] {logging_mixin.py:188} INFO - [2026-04-26T07:47:26.710+0000] {dag.py:3096} INFO - Sync 1 DAGs
[2026-04-26T07:47:26.748+0000] {logging_mixin.py:188} INFO - [2026-04-26T07:47:26.747+0000] {dag.py:3954} INFO - Setting next_dagrun for example_short_circuit_operator to 2026-04-25 00:00:00+00:00, run_after=2026-04-26 00:00:00+00:00
[2026-04-26T07:47:26.785+0000] {processor.py:183} INFO - Processing /usr/local/python/3.12.1/lib/python3.12/site-packages/airflow/example_dags/example_short_circuit_operator.py took 0.105 seconds
[2026-04-26T07:47:38.878+0000] {processor.py:161} INFO - Started process (PID=46130) to work on /usr/local/python/3.12.1/lib/python3.12/site-packages/airflow/example_dags/example_short_circuit_operator.py
[2026-04-26T07:47:38.879+0000] {processor.py:830} INFO - Processing file /usr/local/python/3.12.1/lib/python3.12/site-packages/airflow/example_dags/example_short_circuit_operator.py for tasks to queue
[2026-04-26T07:47:38.880+0000] {logging_mixin.py:188} INFO - [2026-04-26T07:47:38.880+0000] {dagbag.py:540} INFO - Filling up the DagBag from /usr/local/python/3.12.1/lib/python3.12/site-packages/airflow/example_dags/example_short_circuit_operator.py
[2026-04-26T07:47:38.889+0000] {processor.py:840} INFO - DAG(s) 'example_short_circuit_operator' retrieved from /usr/local/python/3.12.1/lib/python3.12/site-packages/airflow/example_dags/example_short_circuit_operator.py
[2026-04-26T07:47:38.906+0000] {logging_mixin.py:188} INFO - [2026-04-26T07:47:38.905+0000] {dag.py:3096} INFO - Sync 1 DAGs
[2026-04-26T07:47:38.922+0000] {logging_mixin.py:188} INFO - [2026-04-26T07:47:38.922+0000] {dag.py:3954} INFO - Setting next_dagrun for example_short_circuit_operator to 2026-04-25 00:00:00+00:00, run_after=2026-04-26 00:00:00+00:00
[2026-04-26T07:47:38.939+0000] {processor.py:183} INFO - Processing /usr/local/python/3.12.1/lib/python3.12/site-packages/airflow/example_dags/example_short_circuit_operator.py took 0.066 seconds
[2026-04-26T07:48:05.333+0000] {processor.py:161} INFO - Started process (PID=46488) to work on /usr/local/python/3.12.1/lib/python3.12/site-packages/airflow/example_dags/example_short_circuit_operator.py
[2026-04-26T07:48:05.334+0000] {processor.py:830} INFO - Processing file /usr/local/python/3.12.1/lib/python3.12/site-packages/airflow/example_dags/example_short_circuit_operator.py for tasks to queue
[2026-04-26T07:48:05.335+0000] {logging_mixin.py:188} INFO - [2026-04-26T07:48:05.335+0000] {dagbag.py:540} INFO - Filling up the DagBag from /usr/local/python/3.12.1/lib/python3.12/site-packages/airflow/example_dags/example_short_circuit_operator.py
[2026-04-26T07:48:05.341+0000] {processor.py:840} INFO - DAG(s) 'example_short_circuit_operator' retrieved from /usr/local/python/3.12.1/lib/python3.12/site-packages/airflow/example_dags/example_short_circuit_operator.py
[2026-04-26T07:48:05.355+0000] {logging_mixin.py:188} INFO - [2026-04-26T07:48:05.355+0000] {dag.py:3096} INFO - Sync 1 DAGs
[2026-04-26T07:48:05.375+0000] {logging_mixin.py:188} INFO - [2026-04-26T07:48:05.374+0000] {dag.py:3954} INFO - Setting next_dagrun for example_short_circuit_operator to 2026-04-25 00:00:00+00:00, run_after=2026-04-26 00:00:00+00:00
[2026-04-26T07:48:05.392+0000] {processor.py:183} INFO - Processing /usr/local/python/3.12.1/lib/python3.12/site-packages/airflow/example_dags/example_short_circuit_operator.py took 0.063 seconds
[2026-04-26T07:48:11.054+0000] {processor.py:161} INFO - Started process (PID=46523) to work on /usr/local/python/3.12.1/lib/python3.12/site-packages/airflow/example_dags/example_short_circuit_operator.py
[2026-04-26T07:48:11.055+0000] {processor.py:830} INFO - Processing file /usr/local/python/3.12.1/lib/python3.12/site-packages/airflow/example_dags/example_short_circuit_operator.py for tasks to queue
[2026-04-26T07:48:11.056+0000] {logging_mixin.py:188} INFO - [2026-04-26T07:48:11.055+0000] {dagbag.py:540} INFO - Filling up the DagBag from /usr/local/python/3.12.1/lib/python3.12/site-packages/airflow/example_dags/example_short_circuit_operator.py
[2026-04-26T07:48:11.063+0000] {processor.py:840} INFO - DAG(s) 'example_short_circuit_operator' retrieved from /usr/local/python/3.12.1/lib/python3.12/site-packages/airflow/example_dags/example_short_circuit_operator.py
[2026-04-26T07:48:11.083+0000] {logging_mixin.py:188} INFO - [2026-04-26T07:48:11.083+0000] {dag.py:3096} INFO - Sync 1 DAGs
[2026-04-26T07:48:11.108+0000] {logging_mixin.py:188} INFO - [2026-04-26T07:48:11.107+0000] {dag.py:3954} INFO - Setting next_dagrun for example_short_circuit_operator to 2026-04-25 00:00:00+00:00, run_after=2026-04-26 00:00:00+00:00
[2026-04-26T07:48:11.127+0000] {processor.py:183} INFO - Processing /usr/local/python/3.12.1/lib/python3.12/site-packages/airflow/example_dags/example_short_circuit_operator.py took 0.077 seconds
[2026-04-26T07:48:26.418+0000] {processor.py:161} INFO - Started process (PID=46666) to work on /usr/local/python/3.12.1/lib/python3.12/site-packages/airflow/example_dags/example_short_circuit_operator.py
[2026-04-26T07:48:26.418+0000] {processor.py:830} INFO - Processing file /usr/local/python/3.12.1/lib/python3.12/site-packages/airflow/example_dags/example_short_circuit_operator.py for tasks to queue
[2026-04-26T07:48:26.419+0000] {logging_mixin.py:188} INFO - [2026-04-26T07:48:26.419+0000] {dagbag.py:540} INFO - Filling up the DagBag from /usr/local/python/3.12.1/lib/python3.12/site-packages/airflow/example_dags/example_short_circuit_operator.py
[2026-04-26T07:48:26.425+0000] {processor.py:840} INFO - DAG(s) 'example_short_circuit_operator' retrieved from /usr/local/python/3.12.1/lib/python3.12/site-packages/airflow/example_dags/example_short_circuit_operator.py
[2026-04-26T07:48:26.440+0000] {logging_mixin.py:188} INFO - [2026-04-26T07:48:26.440+0000] {dag.py:3096} INFO - Sync 1 DAGs
[2026-04-26T07:48:26.457+0000] {logging_mixin.py:188} INFO - [2026-04-26T07:48:26.457+0000] {dag.py:3954} INFO - Setting next_dagrun for example_short_circuit_operator to 2026-04-25 00:00:00+00:00, run_after=2026-04-26 00:00:00+00:00
[2026-04-26T07:48:26.477+0000] {processor.py:183} INFO - Processing /usr/local/python/3.12.1/lib/python3.12/site-packages/airflow/example_dags/example_short_circuit_operator.py took 0.064 seconds
[2026-04-26T07:48:51.480+0000] {processor.py:161} INFO - Started process (PID=46932) to work on /usr/local/python/3.12.1/lib/python3.12/site-packages/airflow/example_dags/example_short_circuit_operator.py
[2026-04-26T07:48:51.481+0000] {processor.py:830} INFO - Processing file /usr/local/python/3.12.1/lib/python3.12/site-packages/airflow/example_dags/example_short_circuit_operator.py for tasks to queue
[2026-04-26T07:48:51.482+0000] {logging_mixin.py:188} INFO - [2026-04-26T07:48:51.482+0000] {dagbag.py:540} INFO - Filling up the DagBag from /usr/local/python/3.12.1/lib/python3.12/site-packages/airflow/example_dags/example_short_circuit_operator.py
[2026-04-26T07:48:51.488+0000] {processor.py:840} INFO - DAG(s) 'example_short_circuit_operator' retrieved from /usr/local/python/3.12.1/lib/python3.12/site-packages/airflow/example_dags/example_short_circuit_operator.py
[2026-04-26T07:48:51.503+0000] {logging_mixin.py:188} INFO - [2026-04-26T07:48:51.503+0000] {dag.py:3096} INFO - Sync 1 DAGs
[2026-04-26T07:48:51.523+0000] {logging_mixin.py:188} INFO - [2026-04-26T07:48:51.523+0000] {dag.py:3954} INFO - Setting next_dagrun for example_short_circuit_operator to 2026-04-25 00:00:00+00:00, run_after=2026-04-26 00:00:00+00:00
[2026-04-26T07:48:51.542+0000] {processor.py:183} INFO - Processing /usr/local/python/3.12.1/lib/python3.12/site-packages/airflow/example_dags/example_short_circuit_operator.py took 0.068 seconds
[2026-04-26T07:48:52.059+0000] {processor.py:161} INFO - Started process (PID=46933) to work on /usr/local/python/3.12.1/lib/python3.12/site-packages/airflow/example_dags/example_short_circuit_operator.py
[2026-04-26T07:48:52.059+0000] {processor.py:830} INFO - Processing file /usr/local/python/3.12.1/lib/python3.12/site-packages/airflow/example_dags/example_short_circuit_operator.py for tasks to queue
[2026-04-26T07:48:52.060+0000] {logging_mixin.py:188} INFO - [2026-04-26T07:48:52.060+0000] {dagbag.py:540} INFO - Filling up the DagBag from /usr/local/python/3.12.1/lib/python3.12/site-packages/airflow/example_dags/example_short_circuit_operator.py
[2026-04-26T07:48:52.068+0000] {processor.py:840} INFO - DAG(s) 'example_short_circuit_operator' retrieved from /usr/local/python/3.12.1/lib/python3.12/site-packages/airflow/example_dags/example_short_circuit_operator.py
[2026-04-26T07:48:52.083+0000] {logging_mixin.py:188} INFO - [2026-04-26T07:48:52.083+0000] {dag.py:3096} INFO - Sync 1 DAGs
[2026-04-26T07:48:52.099+0000] {logging_mixin.py:188} INFO - [2026-04-26T07:48:52.098+0000] {dag.py:3954} INFO - Setting next_dagrun for example_short_circuit_operator to 2026-04-25 00:00:00+00:00, run_after=2026-04-26 00:00:00+00:00
[2026-04-26T07:48:52.116+0000] {processor.py:183} INFO - Processing /usr/local/python/3.12.1/lib/python3.12/site-packages/airflow/example_dags/example_short_circuit_operator.py took 0.063 seconds
[2026-04-26T07:49:10.293+0000] {processor.py:161} INFO - Started process (PID=47090) to work on /usr/local/python/3.12.1/lib/python3.12/site-packages/airflow/example_dags/example_short_circuit_operator.py
[2026-04-26T07:49:10.294+0000] {processor.py:830} INFO - Processing file /usr/local/python/3.12.1/lib/python3.12/site-packages/airflow/example_dags/example_short_circuit_operator.py for tasks to queue
[2026-04-26T07:49:10.297+0000] {logging_mixin.py:188} INFO - [2026-04-26T07:49:10.296+0000] {dagbag.py:540} INFO - Filling up the DagBag from /usr/local/python/3.12.1/lib/python3.12/site-packages/airflow/example_dags/example_short_circuit_operator.py
[2026-04-26T07:49:10.312+0000] {processor.py:840} INFO - DAG(s) 'example_short_circuit_operator' retrieved from /usr/local/python/3.12.1/lib/python3.12/site-packages/airflow/example_dags/example_short_circuit_operator.py
[2026-04-26T07:49:10.349+0000] {logging_mixin.py:188} INFO - [2026-04-26T07:49:10.349+0000] {dag.py:3096} INFO - Sync 1 DAGs
[2026-04-26T07:49:10.381+0000] {logging_mixin.py:188} INFO - [2026-04-26T07:49:10.381+0000] {dag.py:3954} INFO - Setting next_dagrun for example_short_circuit_operator to 2026-04-25 00:00:00+00:00, run_after=2026-04-26 00:00:00+00:00
[2026-04-26T07:49:10.401+0000] {processor.py:183} INFO - Processing /usr/local/python/3.12.1/lib/python3.12/site-packages/airflow/example_dags/example_short_circuit_operator.py took 0.119 seconds
[2026-04-26T07:49:29.887+0000] {processor.py:161} INFO - Started process (PID=47265) to work on /usr/local/python/3.12.1/lib/python3.12/site-packages/airflow/example_dags/example_short_circuit_operator.py
[2026-04-26T07:49:29.888+0000] {processor.py:830} INFO - Processing file /usr/local/python/3.12.1/lib/python3.12/site-packages/airflow/example_dags/example_short_circuit_operator.py for tasks to queue
[2026-04-26T07:49:29.889+0000] {logging_mixin.py:188} INFO - [2026-04-26T07:49:29.889+0000] {dagbag.py:540} INFO - Filling up the DagBag from /usr/local/python/3.12.1/lib/python3.12/site-packages/airflow/example_dags/example_short_circuit_operator.py
[2026-04-26T07:49:29.919+0000] {processor.py:840} INFO - DAG(s) 'example_short_circuit_operator' retrieved from /usr/local/python/3.12.1/lib/python3.12/site-packages/airflow/example_dags/example_short_circuit_operator.py
[2026-04-26T07:49:29.961+0000] {logging_mixin.py:188} INFO - [2026-04-26T07:49:29.961+0000] {dag.py:3096} INFO - Sync 1 DAGs
[2026-04-26T07:49:29.984+0000] {logging_mixin.py:188} INFO - [2026-04-26T07:49:29.984+0000] {dag.py:3954} INFO - Setting next_dagrun for example_short_circuit_operator to 2026-04-25 00:00:00+00:00, run_after=2026-04-26 00:00:00+00:00
[2026-04-26T07:49:30.013+0000] {processor.py:183} INFO - Processing /usr/local/python/3.12.1/lib/python3.12/site-packages/airflow/example_dags/example_short_circuit_operator.py took 0.133 seconds
[2026-04-26T07:49:36.750+0000] {processor.py:161} INFO - Started process (PID=47391) to work on /usr/local/python/3.12.1/lib/python3.12/site-packages/airflow/example_dags/example_short_circuit_operator.py
[2026-04-26T07:49:36.751+0000] {processor.py:830} INFO - Processing file /usr/local/python/3.12.1/lib/python3.12/site-packages/airflow/example_dags/example_short_circuit_operator.py for tasks to queue
[2026-04-26T07:49:36.751+0000] {logging_mixin.py:188} INFO - [2026-04-26T07:49:36.751+0000] {dagbag.py:540} INFO - Filling up the DagBag from /usr/local/python/3.12.1/lib/python3.12/site-packages/airflow/example_dags/example_short_circuit_operator.py
[2026-04-26T07:49:36.757+0000] {processor.py:840} INFO - DAG(s) 'example_short_circuit_operator' retrieved from /usr/local/python/3.12.1/lib/python3.12/site-packages/airflow/example_dags/example_short_circuit_operator.py
[2026-04-26T07:49:36.776+0000] {logging_mixin.py:188} INFO - [2026-04-26T07:49:36.776+0000] {dag.py:3096} INFO - Sync 1 DAGs
[2026-04-26T07:49:36.792+0000] {logging_mixin.py:188} INFO - [2026-04-26T07:49:36.792+0000] {dag.py:3954} INFO - Setting next_dagrun for example_short_circuit_operator to 2026-04-25 00:00:00+00:00, run_after=2026-04-26 00:00:00+00:00
[2026-04-26T07:49:36.809+0000] {processor.py:183} INFO - Processing /usr/local/python/3.12.1/lib/python3.12/site-packages/airflow/example_dags/example_short_circuit_operator.py took 0.064 seconds
[2026-04-26T07:49:53.830+0000] {processor.py:161} INFO - Started process (PID=47525) to work on /usr/local/python/3.12.1/lib/python3.12/site-packages/airflow/example_dags/example_short_circuit_operator.py
[2026-04-26T07:49:53.831+0000] {processor.py:830} INFO - Processing file /usr/local/python/3.12.1/lib/python3.12/site-packages/airflow/example_dags/example_short_circuit_operator.py for tasks to queue
[2026-04-26T07:49:53.832+0000] {logging_mixin.py:188} INFO - [2026-04-26T07:49:53.832+0000] {dagbag.py:540} INFO - Filling up the DagBag from /usr/local/python/3.12.1/lib/python3.12/site-packages/airflow/example_dags/example_short_circuit_operator.py
[2026-04-26T07:49:53.842+0000] {processor.py:840} INFO - DAG(s) 'example_short_circuit_operator' retrieved from /usr/local/python/3.12.1/lib/python3.12/site-packages/airflow/example_dags/example_short_circuit_operator.py
[2026-04-26T07:49:53.863+0000] {logging_mixin.py:188} INFO - [2026-04-26T07:49:53.863+0000] {dag.py:3096} INFO - Sync 1 DAGs
[2026-04-26T07:49:53.886+0000] {logging_mixin.py:188} INFO - [2026-04-26T07:49:53.886+0000] {dag.py:3954} INFO - Setting next_dagrun for example_short_circuit_operator to 2026-04-25 00:00:00+00:00, run_after=2026-04-26 00:00:00+00:00
[2026-04-26T07:49:53.908+0000] {processor.py:183} INFO - Processing /usr/local/python/3.12.1/lib/python3.12/site-packages/airflow/example_dags/example_short_circuit_operator.py took 0.084 seconds
[2026-04-26T07:50:11.798+0000] {processor.py:161} INFO - Started process (PID=47752) to work on /usr/local/python/3.12.1/lib/python3.12/site-packages/airflow/example_dags/example_short_circuit_operator.py
[2026-04-26T07:50:11.799+0000] {processor.py:830} INFO - Processing file /usr/local/python/3.12.1/lib/python3.12/site-packages/airflow/example_dags/example_short_circuit_operator.py for tasks to queue
[2026-04-26T07:50:11.800+0000] {logging_mixin.py:188} INFO - [2026-04-26T07:50:11.799+0000] {dagbag.py:540} INFO - Filling up the DagBag from /usr/local/python/3.12.1/lib/python3.12/site-packages/airflow/example_dags/example_short_circuit_operator.py
[2026-04-26T07:50:11.806+0000] {processor.py:840} INFO - DAG(s) 'example_short_circuit_operator' retrieved from /usr/local/python/3.12.1/lib/python3.12/site-packages/airflow/example_dags/example_short_circuit_operator.py
[2026-04-26T07:50:11.826+0000] {logging_mixin.py:188} INFO - [2026-04-26T07:50:11.826+0000] {dag.py:3096} INFO - Sync 1 DAGs
[2026-04-26T07:50:11.842+0000] {logging_mixin.py:188} INFO - [2026-04-26T07:50:11.841+0000] {dag.py:3954} INFO - Setting next_dagrun for example_short_circuit_operator to 2026-04-25 00:00:00+00:00, run_after=2026-04-26 00:00:00+00:00
[2026-04-26T07:50:11.858+0000] {processor.py:183} INFO - Processing /usr/local/python/3.12.1/lib/python3.12/site-packages/airflow/example_dags/example_short_circuit_operator.py took 0.065 seconds
[2026-04-26T07:50:16.852+0000] {processor.py:161} INFO - Started process (PID=47801) to work on /usr/local/python/3.12.1/lib/python3.12/site-packages/airflow/example_dags/example_short_circuit_operator.py
[2026-04-26T07:50:16.852+0000] {processor.py:830} INFO - Processing file /usr/local/python/3.12.1/lib/python3.12/site-packages/airflow/example_dags/example_short_circuit_operator.py for tasks to queue
[2026-04-26T07:50:16.853+0000] {logging_mixin.py:188} INFO - [2026-04-26T07:50:16.853+0000] {dagbag.py:540} INFO - Filling up the DagBag from /usr/local/python/3.12.1/lib/python3.12/site-packages/airflow/example_dags/example_short_circuit_operator.py
[2026-04-26T07:50:16.860+0000] {processor.py:840} INFO - DAG(s) 'example_short_circuit_operator' retrieved from /usr/local/python/3.12.1/lib/python3.12/site-packages/airflow/example_dags/example_short_circuit_operator.py
[2026-04-26T07:50:16.881+0000] {logging_mixin.py:188} INFO - [2026-04-26T07:50:16.880+0000] {dag.py:3096} INFO - Sync 1 DAGs
[2026-04-26T07:50:16.896+0000] {logging_mixin.py:188} INFO - [2026-04-26T07:50:16.895+0000] {dag.py:3954} INFO - Setting next_dagrun for example_short_circuit_operator to 2026-04-25 00:00:00+00:00, run_after=2026-04-26 00:00:00+00:00
[2026-04-26T07:50:16.912+0000] {processor.py:183} INFO - Processing /usr/local/python/3.12.1/lib/python3.12/site-packages/airflow/example_dags/example_short_circuit_operator.py took 0.065 seconds
[2026-04-26T07:50:37.532+0000] {processor.py:161} INFO - Started process (PID=47974) to work on /usr/local/python/3.12.1/lib/python3.12/site-packages/airflow/example_dags/example_short_circuit_operator.py
[2026-04-26T07:50:37.532+0000] {processor.py:830} INFO - Processing file /usr/local/python/3.12.1/lib/python3.12/site-packages/airflow/example_dags/example_short_circuit_operator.py for tasks to queue
[2026-04-26T07:50:37.533+0000] {logging_mixin.py:188} INFO - [2026-04-26T07:50:37.533+0000] {dagbag.py:540} INFO - Filling up the DagBag from /usr/local/python/3.12.1/lib/python3.12/site-packages/airflow/example_dags/example_short_circuit_operator.py
[2026-04-26T07:50:37.539+0000] {processor.py:840} INFO - DAG(s) 'example_short_circuit_operator' retrieved from /usr/local/python/3.12.1/lib/python3.12/site-packages/airflow/example_dags/example_short_circuit_operator.py
[2026-04-26T07:50:37.552+0000] {logging_mixin.py:188} INFO - [2026-04-26T07:50:37.552+0000] {dag.py:3096} INFO - Sync 1 DAGs
[2026-04-26T07:50:37.570+0000] {logging_mixin.py:188} INFO - [2026-04-26T07:50:37.570+0000] {dag.py:3954} INFO - Setting next_dagrun for example_short_circuit_operator to 2026-04-25 00:00:00+00:00, run_after=2026-04-26 00:00:00+00:00
[2026-04-26T07:50:37.595+0000] {processor.py:183} INFO - Processing /usr/local/python/3.12.1/lib/python3.12/site-packages/airflow/example_dags/example_short_circuit_operator.py took 0.068 seconds
[2026-04-26T07:50:54.477+0000] {processor.py:161} INFO - Started process (PID=48377) to work on /usr/local/python/3.12.1/lib/python3.12/site-packages/airflow/example_dags/example_short_circuit_operator.py
[2026-04-26T07:50:54.478+0000] {processor.py:830} INFO - Processing file /usr/local/python/3.12.1/lib/python3.12/site-packages/airflow/example_dags/example_short_circuit_operator.py for tasks to queue
[2026-04-26T07:50:54.479+0000] {logging_mixin.py:188} INFO - [2026-04-26T07:50:54.479+0000] {dagbag.py:540} INFO - Filling up the DagBag from /usr/local/python/3.12.1/lib/python3.12/site-packages/airflow/example_dags/example_short_circuit_operator.py
[2026-04-26T07:50:54.487+0000] {processor.py:840} INFO - DAG(s) 'example_short_circuit_operator' retrieved from /usr/local/python/3.12.1/lib/python3.12/site-packages/airflow/example_dags/example_short_circuit_operator.py
[2026-04-26T07:50:54.502+0000] {logging_mixin.py:188} INFO - [2026-04-26T07:50:54.502+0000] {dag.py:3096} INFO - Sync 1 DAGs
[2026-04-26T07:50:54.518+0000] {logging_mixin.py:188} INFO - [2026-04-26T07:50:54.518+0000] {dag.py:3954} INFO - Setting next_dagrun for example_short_circuit_operator to 2026-04-25 00:00:00+00:00, run_after=2026-04-26 00:00:00+00:00
[2026-04-26T07:50:54.534+0000] {processor.py:183} INFO - Processing /usr/local/python/3.12.1/lib/python3.12/site-packages/airflow/example_dags/example_short_circuit_operator.py took 0.062 seconds
[2026-04-26T07:51:00.822+0000] {processor.py:161} INFO - Started process (PID=48440) to work on /usr/local/python/3.12.1/lib/python3.12/site-packages/airflow/example_dags/example_short_circuit_operator.py
[2026-04-26T07:51:00.822+0000] {processor.py:830} INFO - Processing file /usr/local/python/3.12.1/lib/python3.12/site-packages/airflow/example_dags/example_short_circuit_operator.py for tasks to queue
[2026-04-26T07:51:00.823+0000] {logging_mixin.py:188} INFO - [2026-04-26T07:51:00.823+0000] {dagbag.py:540} INFO - Filling up the DagBag from /usr/local/python/3.12.1/lib/python3.12/site-packages/airflow/example_dags/example_short_circuit_operator.py
[2026-04-26T07:51:00.829+0000] {processor.py:840} INFO - DAG(s) 'example_short_circuit_operator' retrieved from /usr/local/python/3.12.1/lib/python3.12/site-packages/airflow/example_dags/example_short_circuit_operator.py
[2026-04-26T07:51:00.843+0000] {logging_mixin.py:188} INFO - [2026-04-26T07:51:00.843+0000] {dag.py:3096} INFO - Sync 1 DAGs
[2026-04-26T07:51:00.866+0000] {logging_mixin.py:188} INFO - [2026-04-26T07:51:00.866+0000] {dag.py:3954} INFO - Setting next_dagrun for example_short_circuit_operator to 2026-04-25 00:00:00+00:00, run_after=2026-04-26 00:00:00+00:00
[2026-04-26T07:51:00.888+0000] {processor.py:183} INFO - Processing /usr/local/python/3.12.1/lib/python3.12/site-packages/airflow/example_dags/example_short_circuit_operator.py took 0.072 seconds
[2026-04-26T07:51:21.781+0000] {processor.py:161} INFO - Started process (PID=48632) to work on /usr/local/python/3.12.1/lib/python3.12/site-packages/airflow/example_dags/example_short_circuit_operator.py
[2026-04-26T07:51:21.782+0000] {processor.py:830} INFO - Processing file /usr/local/python/3.12.1/lib/python3.12/site-packages/airflow/example_dags/example_short_circuit_operator.py for tasks to queue
[2026-04-26T07:51:21.783+0000] {logging_mixin.py:188} INFO - [2026-04-26T07:51:21.783+0000] {dagbag.py:540} INFO - Filling up the DagBag from /usr/local/python/3.12.1/lib/python3.12/site-packages/airflow/example_dags/example_short_circuit_operator.py
[2026-04-26T07:51:21.791+0000] {processor.py:840} INFO - DAG(s) 'example_short_circuit_operator' retrieved from /usr/local/python/3.12.1/lib/python3.12/site-packages/airflow/example_dags/example_short_circuit_operator.py
[2026-04-26T07:51:21.805+0000] {logging_mixin.py:188} INFO - [2026-04-26T07:51:21.805+0000] {dag.py:3096} INFO - Sync 1 DAGs
[2026-04-26T07:51:21.820+0000] {logging_mixin.py:188} INFO - [2026-04-26T07:51:21.820+0000] {dag.py:3954} INFO - Setting next_dagrun for example_short_circuit_operator to 2026-04-25 00:00:00+00:00, run_after=2026-04-26 00:00:00+00:00
[2026-04-26T07:51:21.837+0000] {processor.py:183} INFO - Processing /usr/local/python/3.12.1/lib/python3.12/site-packages/airflow/example_dags/example_short_circuit_operator.py took 0.062 seconds
[2026-04-26T07:51:41.128+0000] {processor.py:161} INFO - Started process (PID=48900) to work on /usr/local/python/3.12.1/lib/python3.12/site-packages/airflow/example_dags/example_short_circuit_operator.py
[2026-04-26T07:51:41.129+0000] {processor.py:830} INFO - Processing file /usr/local/python/3.12.1/lib/python3.12/site-packages/airflow/example_dags/example_short_circuit_operator.py for tasks to queue
[2026-04-26T07:51:41.130+0000] {logging_mixin.py:188} INFO - [2026-04-26T07:51:41.129+0000] {dagbag.py:540} INFO - Filling up the DagBag from /usr/local/python/3.12.1/lib/python3.12/site-packages/airflow/example_dags/example_short_circuit_operator.py
[2026-04-26T07:51:41.137+0000] {processor.py:840} INFO - DAG(s) 'example_short_circuit_operator' retrieved from /usr/local/python/3.12.1/lib/python3.12/site-packages/airflow/example_dags/example_short_circuit_operator.py
[2026-04-26T07:51:41.159+0000] {logging_mixin.py:188} INFO - [2026-04-26T07:51:41.159+0000] {dag.py:3096} INFO - Sync 1 DAGs
[2026-04-26T07:51:41.182+0000] {logging_mixin.py:188} INFO - [2026-04-26T07:51:41.182+0000] {dag.py:3954} INFO - Setting next_dagrun for example_short_circuit_operator to 2026-04-25 00:00:00+00:00, run_after=2026-04-26 00:00:00+00:00
[2026-04-26T07:51:41.207+0000] {processor.py:183} INFO - Processing /usr/local/python/3.12.1/lib/python3.12/site-packages/airflow/example_dags/example_short_circuit_operator.py took 0.085 seconds
[2026-04-26T07:51:43.626+0000] {processor.py:161} INFO - Started process (PID=48962) to work on /usr/local/python/3.12.1/lib/python3.12/site-packages/airflow/example_dags/example_short_circuit_operator.py
[2026-04-26T07:51:43.626+0000] {processor.py:830} INFO - Processing file /usr/local/python/3.12.1/lib/python3.12/site-packages/airflow/example_dags/example_short_circuit_operator.py for tasks to queue
[2026-04-26T07:51:43.627+0000] {logging_mixin.py:188} INFO - [2026-04-26T07:51:43.627+0000] {dagbag.py:540} INFO - Filling up the DagBag from /usr/local/python/3.12.1/lib/python3.12/site-packages/airflow/example_dags/example_short_circuit_operator.py
[2026-04-26T07:51:43.633+0000] {processor.py:840} INFO - DAG(s) 'example_short_circuit_operator' retrieved from /usr/local/python/3.12.1/lib/python3.12/site-packages/airflow/example_dags/example_short_circuit_operator.py
[2026-04-26T07:51:43.647+0000] {logging_mixin.py:188} INFO - [2026-04-26T07:51:43.647+0000] {dag.py:3096} INFO - Sync 1 DAGs
[2026-04-26T07:51:43.664+0000] {logging_mixin.py:188} INFO - [2026-04-26T07:51:43.663+0000] {dag.py:3954} INFO - Setting next_dagrun for example_short_circuit_operator to 2026-04-25 00:00:00+00:00, run_after=2026-04-26 00:00:00+00:00
[2026-04-26T07:51:43.682+0000] {processor.py:183} INFO - Processing /usr/local/python/3.12.1/lib/python3.12/site-packages/airflow/example_dags/example_short_circuit_operator.py took 0.061 seconds
[2026-04-26T07:52:06.535+0000] {processor.py:161} INFO - Started process (PID=49150) to work on /usr/local/python/3.12.1/lib/python3.12/site-packages/airflow/example_dags/example_short_circuit_operator.py
[2026-04-26T07:52:06.536+0000] {processor.py:830} INFO - Processing file /usr/local/python/3.12.1/lib/python3.12/site-packages/airflow/example_dags/example_short_circuit_operator.py for tasks to queue
[2026-04-26T07:52:06.537+0000] {logging_mixin.py:188} INFO - [2026-04-26T07:52:06.536+0000] {dagbag.py:540} INFO - Filling up the DagBag from /usr/local/python/3.12.1/lib/python3.12/site-packages/airflow/example_dags/example_short_circuit_operator.py
[2026-04-26T07:52:06.543+0000] {processor.py:840} INFO - DAG(s) 'example_short_circuit_operator' retrieved from /usr/local/python/3.12.1/lib/python3.12/site-packages/airflow/example_dags/example_short_circuit_operator.py
[2026-04-26T07:52:06.559+0000] {logging_mixin.py:188} INFO - [2026-04-26T07:52:06.558+0000] {dag.py:3096} INFO - Sync 1 DAGs
[2026-04-26T07:52:06.582+0000] {logging_mixin.py:188} INFO - [2026-04-26T07:52:06.582+0000] {dag.py:3954} INFO - Setting next_dagrun for example_short_circuit_operator to 2026-04-25 00:00:00+00:00, run_after=2026-04-26 00:00:00+00:00
[2026-04-26T07:52:06.601+0000] {processor.py:183} INFO - Processing /usr/local/python/3.12.1/lib/python3.12/site-packages/airflow/example_dags/example_short_circuit_operator.py took 0.071 seconds
[2026-04-26T07:52:23.071+0000] {processor.py:161} INFO - Started process (PID=49311) to work on /usr/local/python/3.12.1/lib/python3.12/site-packages/airflow/example_dags/example_short_circuit_operator.py
[2026-04-26T07:52:23.072+0000] {processor.py:830} INFO - Processing file /usr/local/python/3.12.1/lib/python3.12/site-packages/airflow/example_dags/example_short_circuit_operator.py for tasks to queue
[2026-04-26T07:52:23.073+0000] {logging_mixin.py:188} INFO - [2026-04-26T07:52:23.072+0000] {dagbag.py:540} INFO - Filling up the DagBag from /usr/local/python/3.12.1/lib/python3.12/site-packages/airflow/example_dags/example_short_circuit_operator.py
[2026-04-26T07:52:23.080+0000] {processor.py:840} INFO - DAG(s) 'example_short_circuit_operator' retrieved from /usr/local/python/3.12.1/lib/python3.12/site-packages/airflow/example_dags/example_short_circuit_operator.py
[2026-04-26T07:52:23.093+0000] {logging_mixin.py:188} INFO - [2026-04-26T07:52:23.093+0000] {dag.py:3096} INFO - Sync 1 DAGs
[2026-04-26T07:52:23.109+0000] {logging_mixin.py:188} INFO - [2026-04-26T07:52:23.108+0000] {dag.py:3954} INFO - Setting next_dagrun for example_short_circuit_operator to 2026-04-25 00:00:00+00:00, run_after=2026-04-26 00:00:00+00:00
[2026-04-26T07:52:23.126+0000] {processor.py:183} INFO - Processing /usr/local/python/3.12.1/lib/python3.12/site-packages/airflow/example_dags/example_short_circuit_operator.py took 0.060 seconds
[2026-04-26T07:52:23.600+0000] {processor.py:161} INFO - Started process (PID=49318) to work on /usr/local/python/3.12.1/lib/python3.12/site-packages/airflow/example_dags/example_short_circuit_operator.py
[2026-04-26T07:52:23.601+0000] {processor.py:830} INFO - Processing file /usr/local/python/3.12.1/lib/python3.12/site-packages/airflow/example_dags/example_short_circuit_operator.py for tasks to queue
[2026-04-26T07:52:23.602+0000] {logging_mixin.py:188} INFO - [2026-04-26T07:52:23.601+0000] {dagbag.py:540} INFO - Filling up the DagBag from /usr/local/python/3.12.1/lib/python3.12/site-packages/airflow/example_dags/example_short_circuit_operator.py
[2026-04-26T07:52:23.608+0000] {processor.py:840} INFO - DAG(s) 'example_short_circuit_operator' retrieved from /usr/local/python/3.12.1/lib/python3.12/site-packages/airflow/example_dags/example_short_circuit_operator.py
[2026-04-26T07:52:23.624+0000] {logging_mixin.py:188} INFO - [2026-04-26T07:52:23.624+0000] {dag.py:3096} INFO - Sync 1 DAGs
[2026-04-26T07:52:23.639+0000] {logging_mixin.py:188} INFO - [2026-04-26T07:52:23.638+0000] {dag.py:3954} INFO - Setting next_dagrun for example_short_circuit_operator to 2026-04-25 00:00:00+00:00, run_after=2026-04-26 00:00:00+00:00
[2026-04-26T07:52:23.655+0000] {processor.py:183} INFO - Processing /usr/local/python/3.12.1/lib/python3.12/site-packages/airflow/example_dags/example_short_circuit_operator.py took 0.059 seconds
[2026-04-26T07:52:59.583+0000] {processor.py:161} INFO - Started process (PID=50093) to work on /usr/local/python/3.12.1/lib/python3.12/site-packages/airflow/example_dags/example_short_circuit_operator.py
[2026-04-26T07:52:59.584+0000] {processor.py:830} INFO - Processing file /usr/local/python/3.12.1/lib/python3.12/site-packages/airflow/example_dags/example_short_circuit_operator.py for tasks to queue
[2026-04-26T07:52:59.585+0000] {logging_mixin.py:188} INFO - [2026-04-26T07:52:59.584+0000] {dagbag.py:540} INFO - Filling up the DagBag from /usr/local/python/3.12.1/lib/python3.12/site-packages/airflow/example_dags/example_short_circuit_operator.py
[2026-04-26T07:52:59.597+0000] {processor.py:840} INFO - DAG(s) 'example_short_circuit_operator' retrieved from /usr/local/python/3.12.1/lib/python3.12/site-packages/airflow/example_dags/example_short_circuit_operator.py
[2026-04-26T07:52:59.641+0000] {logging_mixin.py:188} INFO - [2026-04-26T07:52:59.640+0000] {dag.py:3096} INFO - Sync 1 DAGs
[2026-04-26T07:52:59.666+0000] {logging_mixin.py:188} INFO - [2026-04-26T07:52:59.665+0000] {dag.py:3954} INFO - Setting next_dagrun for example_short_circuit_operator to 2026-04-25 00:00:00+00:00, run_after=2026-04-26 00:00:00+00:00
[2026-04-26T07:52:59.687+0000] {processor.py:183} INFO - Processing /usr/local/python/3.12.1/lib/python3.12/site-packages/airflow/example_dags/example_short_circuit_operator.py took 0.117 seconds
[2026-04-26T07:53:04.082+0000] {processor.py:161} INFO - Started process (PID=50124) to work on /usr/local/python/3.12.1/lib/python3.12/site-packages/airflow/example_dags/example_short_circuit_operator.py
[2026-04-26T07:53:04.083+0000] {processor.py:830} INFO - Processing file /usr/local/python/3.12.1/lib/python3.12/site-packages/airflow/example_dags/example_short_circuit_operator.py for tasks to queue
[2026-04-26T07:53:04.084+0000] {logging_mixin.py:188} INFO - [2026-04-26T07:53:04.084+0000] {dagbag.py:540} INFO - Filling up the DagBag from /usr/local/python/3.12.1/lib/python3.12/site-packages/airflow/example_dags/example_short_circuit_operator.py
[2026-04-26T07:53:04.090+0000] {processor.py:840} INFO - DAG(s) 'example_short_circuit_operator' retrieved from /usr/local/python/3.12.1/lib/python3.12/site-packages/airflow/example_dags/example_short_circuit_operator.py
[2026-04-26T07:53:04.105+0000] {logging_mixin.py:188} INFO - [2026-04-26T07:53:04.105+0000] {dag.py:3096} INFO - Sync 1 DAGs
[2026-04-26T07:53:04.121+0000] {logging_mixin.py:188} INFO - [2026-04-26T07:53:04.120+0000] {dag.py:3954} INFO - Setting next_dagrun for example_short_circuit_operator to 2026-04-25 00:00:00+00:00, run_after=2026-04-26 00:00:00+00:00
[2026-04-26T07:53:04.137+0000] {processor.py:183} INFO - Processing /usr/local/python/3.12.1/lib/python3.12/site-packages/airflow/example_dags/example_short_circuit_operator.py took 0.060 seconds
[2026-04-26T07:53:07.078+0000] {processor.py:161} INFO - Started process (PID=50142) to work on /usr/local/python/3.12.1/lib/python3.12/site-packages/airflow/example_dags/example_short_circuit_operator.py
[2026-04-26T07:53:07.079+0000] {processor.py:830} INFO - Processing file /usr/local/python/3.12.1/lib/python3.12/site-packages/airflow/example_dags/example_short_circuit_operator.py for tasks to queue
[2026-04-26T07:53:07.080+0000] {logging_mixin.py:188} INFO - [2026-04-26T07:53:07.079+0000] {dagbag.py:540} INFO - Filling up the DagBag from /usr/local/python/3.12.1/lib/python3.12/site-packages/airflow/example_dags/example_short_circuit_operator.py
[2026-04-26T07:53:07.087+0000] {processor.py:840} INFO - DAG(s) 'example_short_circuit_operator' retrieved from /usr/local/python/3.12.1/lib/python3.12/site-packages/airflow/example_dags/example_short_circuit_operator.py
[2026-04-26T07:53:07.100+0000] {logging_mixin.py:188} INFO - [2026-04-26T07:53:07.100+0000] {dag.py:3096} INFO - Sync 1 DAGs
[2026-04-26T07:53:07.116+0000] {logging_mixin.py:188} INFO - [2026-04-26T07:53:07.115+0000] {dag.py:3954} INFO - Setting next_dagrun for example_short_circuit_operator to 2026-04-25 00:00:00+00:00, run_after=2026-04-26 00:00:00+00:00
[2026-04-26T07:53:07.132+0000] {processor.py:183} INFO - Processing /usr/local/python/3.12.1/lib/python3.12/site-packages/airflow/example_dags/example_short_circuit_operator.py took 0.061 seconds
[2026-04-26T07:53:42.374+0000] {processor.py:161} INFO - Started process (PID=50622) to work on /usr/local/python/3.12.1/lib/python3.12/site-packages/airflow/example_dags/example_short_circuit_operator.py
[2026-04-26T07:53:42.375+0000] {processor.py:830} INFO - Processing file /usr/local/python/3.12.1/lib/python3.12/site-packages/airflow/example_dags/example_short_circuit_operator.py for tasks to queue
[2026-04-26T07:53:42.376+0000] {logging_mixin.py:188} INFO - [2026-04-26T07:53:42.375+0000] {dagbag.py:540} INFO - Filling up the DagBag from /usr/local/python/3.12.1/lib/python3.12/site-packages/airflow/example_dags/example_short_circuit_operator.py
[2026-04-26T07:53:42.382+0000] {processor.py:840} INFO - DAG(s) 'example_short_circuit_operator' retrieved from /usr/local/python/3.12.1/lib/python3.12/site-packages/airflow/example_dags/example_short_circuit_operator.py
[2026-04-26T07:53:42.395+0000] {logging_mixin.py:188} INFO - [2026-04-26T07:53:42.395+0000] {dag.py:3096} INFO - Sync 1 DAGs
[2026-04-26T07:53:42.410+0000] {logging_mixin.py:188} INFO - [2026-04-26T07:53:42.410+0000] {dag.py:3954} INFO - Setting next_dagrun for example_short_circuit_operator to 2026-04-25 00:00:00+00:00, run_after=2026-04-26 00:00:00+00:00
[2026-04-26T07:53:42.426+0000] {processor.py:183} INFO - Processing /usr/local/python/3.12.1/lib/python3.12/site-packages/airflow/example_dags/example_short_circuit_operator.py took 0.058 seconds
[2026-04-26T07:53:51.004+0000] {processor.py:161} INFO - Started process (PID=50759) to work on /usr/local/python/3.12.1/lib/python3.12/site-packages/airflow/example_dags/example_short_circuit_operator.py
[2026-04-26T07:53:51.005+0000] {processor.py:830} INFO - Processing file /usr/local/python/3.12.1/lib/python3.12/site-packages/airflow/example_dags/example_short_circuit_operator.py for tasks to queue
[2026-04-26T07:53:51.006+0000] {logging_mixin.py:188} INFO - [2026-04-26T07:53:51.005+0000] {dagbag.py:540} INFO - Filling up the DagBag from /usr/local/python/3.12.1/lib/python3.12/site-packages/airflow/example_dags/example_short_circuit_operator.py
[2026-04-26T07:53:51.012+0000] {processor.py:840} INFO - DAG(s) 'example_short_circuit_operator' retrieved from /usr/local/python/3.12.1/lib/python3.12/site-packages/airflow/example_dags/example_short_circuit_operator.py
[2026-04-26T07:53:51.026+0000] {logging_mixin.py:188} INFO - [2026-04-26T07:53:51.025+0000] {dag.py:3096} INFO - Sync 1 DAGs
[2026-04-26T07:53:51.043+0000] {logging_mixin.py:188} INFO - [2026-04-26T07:53:51.043+0000] {dag.py:3954} INFO - Setting next_dagrun for example_short_circuit_operator to 2026-04-25 00:00:00+00:00, run_after=2026-04-26 00:00:00+00:00
[2026-04-26T07:53:51.066+0000] {processor.py:183} INFO - Processing /usr/local/python/3.12.1/lib/python3.12/site-packages/airflow/example_dags/example_short_circuit_operator.py took 0.066 seconds
[2026-04-26T07:53:52.439+0000] {processor.py:161} INFO - Started process (PID=50803) to work on /usr/local/python/3.12.1/lib/python3.12/site-packages/airflow/example_dags/example_short_circuit_operator.py
[2026-04-26T07:53:52.439+0000] {processor.py:830} INFO - Processing file /usr/local/python/3.12.1/lib/python3.12/site-packages/airflow/example_dags/example_short_circuit_operator.py for tasks to queue
[2026-04-26T07:53:52.440+0000] {logging_mixin.py:188} INFO - [2026-04-26T07:53:52.440+0000] {dagbag.py:540} INFO - Filling up the DagBag from /usr/local/python/3.12.1/lib/python3.12/site-packages/airflow/example_dags/example_short_circuit_operator.py
[2026-04-26T07:53:52.446+0000] {processor.py:840} INFO - DAG(s) 'example_short_circuit_operator' retrieved from /usr/local/python/3.12.1/lib/python3.12/site-packages/airflow/example_dags/example_short_circuit_operator.py
[2026-04-26T07:53:52.461+0000] {logging_mixin.py:188} INFO - [2026-04-26T07:53:52.461+0000] {dag.py:3096} INFO - Sync 1 DAGs
[2026-04-26T07:53:52.481+0000] {logging_mixin.py:188} INFO - [2026-04-26T07:53:52.480+0000] {dag.py:3954} INFO - Setting next_dagrun for example_short_circuit_operator to 2026-04-25 00:00:00+00:00, run_after=2026-04-26 00:00:00+00:00
[2026-04-26T07:53:52.499+0000] {processor.py:183} INFO - Processing /usr/local/python/3.12.1/lib/python3.12/site-packages/airflow/example_dags/example_short_circuit_operator.py took 0.065 seconds
[2026-04-26T07:54:25.794+0000] {processor.py:161} INFO - Started process (PID=51097) to work on /usr/local/python/3.12.1/lib/python3.12/site-packages/airflow/example_dags/example_short_circuit_operator.py
[2026-04-26T07:54:25.795+0000] {processor.py:830} INFO - Processing file /usr/local/python/3.12.1/lib/python3.12/site-packages/airflow/example_dags/example_short_circuit_operator.py for tasks to queue
[2026-04-26T07:54:25.796+0000] {logging_mixin.py:188} INFO - [2026-04-26T07:54:25.795+0000] {dagbag.py:540} INFO - Filling up the DagBag from /usr/local/python/3.12.1/lib/python3.12/site-packages/airflow/example_dags/example_short_circuit_operator.py
[2026-04-26T07:54:25.806+0000] {processor.py:840} INFO - DAG(s) 'example_short_circuit_operator' retrieved from /usr/local/python/3.12.1/lib/python3.12/site-packages/airflow/example_dags/example_short_circuit_operator.py
[2026-04-26T07:54:25.853+0000] {logging_mixin.py:188} INFO - [2026-04-26T07:54:25.853+0000] {dag.py:3096} INFO - Sync 1 DAGs
[2026-04-26T07:54:25.879+0000] {logging_mixin.py:188} INFO - [2026-04-26T07:54:25.879+0000] {dag.py:3954} INFO - Setting next_dagrun for example_short_circuit_operator to 2026-04-25 00:00:00+00:00, run_after=2026-04-26 00:00:00+00:00
[2026-04-26T07:54:25.922+0000] {processor.py:183} INFO - Processing /usr/local/python/3.12.1/lib/python3.12/site-packages/airflow/example_dags/example_short_circuit_operator.py took 0.133 seconds
[2026-04-26T07:54:34.499+0000] {processor.py:161} INFO - Started process (PID=51189) to work on /usr/local/python/3.12.1/lib/python3.12/site-packages/airflow/example_dags/example_short_circuit_operator.py
[2026-04-26T07:54:34.499+0000] {processor.py:830} INFO - Processing file /usr/local/python/3.12.1/lib/python3.12/site-packages/airflow/example_dags/example_short_circuit_operator.py for tasks to queue
[2026-04-26T07:54:34.500+0000] {logging_mixin.py:188} INFO - [2026-04-26T07:54:34.500+0000] {dagbag.py:540} INFO - Filling up the DagBag from /usr/local/python/3.12.1/lib/python3.12/site-packages/airflow/example_dags/example_short_circuit_operator.py
[2026-04-26T07:54:34.506+0000] {processor.py:840} INFO - DAG(s) 'example_short_circuit_operator' retrieved from /usr/local/python/3.12.1/lib/python3.12/site-packages/airflow/example_dags/example_short_circuit_operator.py
[2026-04-26T07:54:34.520+0000] {logging_mixin.py:188} INFO - [2026-04-26T07:54:34.520+0000] {dag.py:3096} INFO - Sync 1 DAGs
[2026-04-26T07:54:34.535+0000] {logging_mixin.py:188} INFO - [2026-04-26T07:54:34.535+0000] {dag.py:3954} INFO - Setting next_dagrun for example_short_circuit_operator to 2026-04-25 00:00:00+00:00, run_after=2026-04-26 00:00:00+00:00
[2026-04-26T07:54:34.551+0000] {processor.py:183} INFO - Processing /usr/local/python/3.12.1/lib/python3.12/site-packages/airflow/example_dags/example_short_circuit_operator.py took 0.056 seconds
[2026-04-26T07:54:35.222+0000] {processor.py:161} INFO - Started process (PID=51217) to work on /usr/local/python/3.12.1/lib/python3.12/site-packages/airflow/example_dags/example_short_circuit_operator.py
[2026-04-26T07:54:35.222+0000] {processor.py:830} INFO - Processing file /usr/local/python/3.12.1/lib/python3.12/site-packages/airflow/example_dags/example_short_circuit_operator.py for tasks to queue
[2026-04-26T07:54:35.223+0000] {logging_mixin.py:188} INFO - [2026-04-26T07:54:35.223+0000] {dagbag.py:540} INFO - Filling up the DagBag from /usr/local/python/3.12.1/lib/python3.12/site-packages/airflow/example_dags/example_short_circuit_operator.py
[2026-04-26T07:54:35.229+0000] {processor.py:840} INFO - DAG(s) 'example_short_circuit_operator' retrieved from /usr/local/python/3.12.1/lib/python3.12/site-packages/airflow/example_dags/example_short_circuit_operator.py
[2026-04-26T07:54:35.243+0000] {logging_mixin.py:188} INFO - [2026-04-26T07:54:35.243+0000] {dag.py:3096} INFO - Sync 1 DAGs
[2026-04-26T07:54:35.259+0000] {logging_mixin.py:188} INFO - [2026-04-26T07:54:35.259+0000] {dag.py:3954} INFO - Setting next_dagrun for example_short_circuit_operator to 2026-04-25 00:00:00+00:00, run_after=2026-04-26 00:00:00+00:00
[2026-04-26T07:54:35.278+0000] {processor.py:183} INFO - Processing /usr/local/python/3.12.1/lib/python3.12/site-packages/airflow/example_dags/example_short_circuit_operator.py took 0.061 seconds
[2026-04-26T07:55:05.724+0000] {processor.py:161} INFO - Started process (PID=51801) to work on /usr/local/python/3.12.1/lib/python3.12/site-packages/airflow/example_dags/example_short_circuit_operator.py
[2026-04-26T07:55:05.725+0000] {processor.py:830} INFO - Processing file /usr/local/python/3.12.1/lib/python3.12/site-packages/airflow/example_dags/example_short_circuit_operator.py for tasks to queue
[2026-04-26T07:55:05.726+0000] {logging_mixin.py:188} INFO - [2026-04-26T07:55:05.725+0000] {dagbag.py:540} INFO - Filling up the DagBag from /usr/local/python/3.12.1/lib/python3.12/site-packages/airflow/example_dags/example_short_circuit_operator.py
[2026-04-26T07:55:05.732+0000] {processor.py:840} INFO - DAG(s) 'example_short_circuit_operator' retrieved from /usr/local/python/3.12.1/lib/python3.12/site-packages/airflow/example_dags/example_short_circuit_operator.py
[2026-04-26T07:55:05.747+0000] {logging_mixin.py:188} INFO - [2026-04-26T07:55:05.747+0000] {dag.py:3096} INFO - Sync 1 DAGs
[2026-04-26T07:55:05.767+0000] {logging_mixin.py:188} INFO - [2026-04-26T07:55:05.766+0000] {dag.py:3954} INFO - Setting next_dagrun for example_short_circuit_operator to 2026-04-25 00:00:00+00:00, run_after=2026-04-26 00:00:00+00:00
[2026-04-26T07:55:05.786+0000] {processor.py:183} INFO - Processing /usr/local/python/3.12.1/lib/python3.12/site-packages/airflow/example_dags/example_short_circuit_operator.py took 0.068 seconds
[2026-04-26T07:55:13.947+0000] {processor.py:161} INFO - Started process (PID=51915) to work on /usr/local/python/3.12.1/lib/python3.12/site-packages/airflow/example_dags/example_short_circuit_operator.py
[2026-04-26T07:55:13.948+0000] {processor.py:830} INFO - Processing file /usr/local/python/3.12.1/lib/python3.12/site-packages/airflow/example_dags/example_short_circuit_operator.py for tasks to queue
[2026-04-26T07:55:13.949+0000] {logging_mixin.py:188} INFO - [2026-04-26T07:55:13.949+0000] {dagbag.py:540} INFO - Filling up the DagBag from /usr/local/python/3.12.1/lib/python3.12/site-packages/airflow/example_dags/example_short_circuit_operator.py
[2026-04-26T07:55:13.960+0000] {processor.py:840} INFO - DAG(s) 'example_short_circuit_operator' retrieved from /usr/local/python/3.12.1/lib/python3.12/site-packages/airflow/example_dags/example_short_circuit_operator.py
[2026-04-26T07:55:13.981+0000] {logging_mixin.py:188} INFO - [2026-04-26T07:55:13.981+0000] {dag.py:3096} INFO - Sync 1 DAGs
[2026-04-26T07:55:14.000+0000] {logging_mixin.py:188} INFO - [2026-04-26T07:55:14.000+0000] {dag.py:3954} INFO - Setting next_dagrun for example_short_circuit_operator to 2026-04-25 00:00:00+00:00, run_after=2026-04-26 00:00:00+00:00
[2026-04-26T07:55:14.018+0000] {processor.py:183} INFO - Processing /usr/local/python/3.12.1/lib/python3.12/site-packages/airflow/example_dags/example_short_circuit_operator.py took 0.077 seconds
[2026-04-26T07:55:17.650+0000] {processor.py:161} INFO - Started process (PID=51943) to work on /usr/local/python/3.12.1/lib/python3.12/site-packages/airflow/example_dags/example_short_circuit_operator.py
[2026-04-26T07:55:17.651+0000] {processor.py:830} INFO - Processing file /usr/local/python/3.12.1/lib/python3.12/site-packages/airflow/example_dags/example_short_circuit_operator.py for tasks to queue
[2026-04-26T07:55:17.652+0000] {logging_mixin.py:188} INFO - [2026-04-26T07:55:17.652+0000] {dagbag.py:540} INFO - Filling up the DagBag from /usr/local/python/3.12.1/lib/python3.12/site-packages/airflow/example_dags/example_short_circuit_operator.py
[2026-04-26T07:55:17.661+0000] {processor.py:840} INFO - DAG(s) 'example_short_circuit_operator' retrieved from /usr/local/python/3.12.1/lib/python3.12/site-packages/airflow/example_dags/example_short_circuit_operator.py
[2026-04-26T07:55:17.682+0000] {logging_mixin.py:188} INFO - [2026-04-26T07:55:17.681+0000] {dag.py:3096} INFO - Sync 1 DAGs
[2026-04-26T07:55:17.700+0000] {logging_mixin.py:188} INFO - [2026-04-26T07:55:17.700+0000] {dag.py:3954} INFO - Setting next_dagrun for example_short_circuit_operator to 2026-04-25 00:00:00+00:00, run_after=2026-04-26 00:00:00+00:00
[2026-04-26T07:55:17.717+0000] {processor.py:183} INFO - Processing /usr/local/python/3.12.1/lib/python3.12/site-packages/airflow/example_dags/example_short_circuit_operator.py took 0.071 seconds
[2026-04-26T07:55:44.747+0000] {processor.py:161} INFO - Started process (PID=52433) to work on /usr/local/python/3.12.1/lib/python3.12/site-packages/airflow/example_dags/example_short_circuit_operator.py
[2026-04-26T07:55:44.747+0000] {processor.py:830} INFO - Processing file /usr/local/python/3.12.1/lib/python3.12/site-packages/airflow/example_dags/example_short_circuit_operator.py for tasks to queue
[2026-04-26T07:55:44.748+0000] {logging_mixin.py:188} INFO - [2026-04-26T07:55:44.748+0000] {dagbag.py:540} INFO - Filling up the DagBag from /usr/local/python/3.12.1/lib/python3.12/site-packages/airflow/example_dags/example_short_circuit_operator.py
[2026-04-26T07:55:44.754+0000] {processor.py:840} INFO - DAG(s) 'example_short_circuit_operator' retrieved from /usr/local/python/3.12.1/lib/python3.12/site-packages/airflow/example_dags/example_short_circuit_operator.py
[2026-04-26T07:55:44.772+0000] {logging_mixin.py:188} INFO - [2026-04-26T07:55:44.772+0000] {dag.py:3096} INFO - Sync 1 DAGs
[2026-04-26T07:55:44.787+0000] {logging_mixin.py:188} INFO - [2026-04-26T07:55:44.787+0000] {dag.py:3954} INFO - Setting next_dagrun for example_short_circuit_operator to 2026-04-25 00:00:00+00:00, run_after=2026-04-26 00:00:00+00:00
[2026-04-26T07:55:44.804+0000] {processor.py:183} INFO - Processing /usr/local/python/3.12.1/lib/python3.12/site-packages/airflow/example_dags/example_short_circuit_operator.py took 0.062 seconds
[2026-04-26T07:55:56.359+0000] {processor.py:161} INFO - Started process (PID=52573) to work on /usr/local/python/3.12.1/lib/python3.12/site-packages/airflow/example_dags/example_short_circuit_operator.py
[2026-04-26T07:55:56.359+0000] {processor.py:830} INFO - Processing file /usr/local/python/3.12.1/lib/python3.12/site-packages/airflow/example_dags/example_short_circuit_operator.py for tasks to queue
[2026-04-26T07:55:56.361+0000] {logging_mixin.py:188} INFO - [2026-04-26T07:55:56.360+0000] {dagbag.py:540} INFO - Filling up the DagBag from /usr/local/python/3.12.1/lib/python3.12/site-packages/airflow/example_dags/example_short_circuit_operator.py
[2026-04-26T07:55:56.371+0000] {processor.py:840} INFO - DAG(s) 'example_short_circuit_operator' retrieved from /usr/local/python/3.12.1/lib/python3.12/site-packages/airflow/example_dags/example_short_circuit_operator.py
[2026-04-26T07:55:56.395+0000] {logging_mixin.py:188} INFO - [2026-04-26T07:55:56.395+0000] {dag.py:3096} INFO - Sync 1 DAGs
[2026-04-26T07:55:56.443+0000] {logging_mixin.py:188} INFO - [2026-04-26T07:55:56.443+0000] {dag.py:3954} INFO - Setting next_dagrun for example_short_circuit_operator to 2026-04-25 00:00:00+00:00, run_after=2026-04-26 00:00:00+00:00
[2026-04-26T07:55:56.483+0000] {processor.py:183} INFO - Processing /usr/local/python/3.12.1/lib/python3.12/site-packages/airflow/example_dags/example_short_circuit_operator.py took 0.130 seconds
[2026-04-26T07:55:56.897+0000] {processor.py:161} INFO - Started process (PID=52576) to work on /usr/local/python/3.12.1/lib/python3.12/site-packages/airflow/example_dags/example_short_circuit_operator.py
[2026-04-26T07:55:56.897+0000] {processor.py:830} INFO - Processing file /usr/local/python/3.12.1/lib/python3.12/site-packages/airflow/example_dags/example_short_circuit_operator.py for tasks to queue
[2026-04-26T07:55:56.898+0000] {logging_mixin.py:188} INFO - [2026-04-26T07:55:56.898+0000] {dagbag.py:540} INFO - Filling up the DagBag from /usr/local/python/3.12.1/lib/python3.12/site-packages/airflow/example_dags/example_short_circuit_operator.py
[2026-04-26T07:55:56.904+0000] {processor.py:840} INFO - DAG(s) 'example_short_circuit_operator' retrieved from /usr/local/python/3.12.1/lib/python3.12/site-packages/airflow/example_dags/example_short_circuit_operator.py
[2026-04-26T07:55:56.918+0000] {logging_mixin.py:188} INFO - [2026-04-26T07:55:56.918+0000] {dag.py:3096} INFO - Sync 1 DAGs
[2026-04-26T07:55:56.934+0000] {logging_mixin.py:188} INFO - [2026-04-26T07:55:56.934+0000] {dag.py:3954} INFO - Setting next_dagrun for example_short_circuit_operator to 2026-04-25 00:00:00+00:00, run_after=2026-04-26 00:00:00+00:00
[2026-04-26T07:55:56.951+0000] {processor.py:183} INFO - Processing /usr/local/python/3.12.1/lib/python3.12/site-packages/airflow/example_dags/example_short_circuit_operator.py took 0.058 seconds
[2026-04-26T07:56:25.548+0000] {processor.py:161} INFO - Started process (PID=53025) to work on /usr/local/python/3.12.1/lib/python3.12/site-packages/airflow/example_dags/example_short_circuit_operator.py
[2026-04-26T07:56:25.549+0000] {processor.py:830} INFO - Processing file /usr/local/python/3.12.1/lib/python3.12/site-packages/airflow/example_dags/example_short_circuit_operator.py for tasks to queue
[2026-04-26T07:56:25.550+0000] {logging_mixin.py:188} INFO - [2026-04-26T07:56:25.549+0000] {dagbag.py:540} INFO - Filling up the DagBag from /usr/local/python/3.12.1/lib/python3.12/site-packages/airflow/example_dags/example_short_circuit_operator.py
[2026-04-26T07:56:25.556+0000] {processor.py:840} INFO - DAG(s) 'example_short_circuit_operator' retrieved from /usr/local/python/3.12.1/lib/python3.12/site-packages/airflow/example_dags/example_short_circuit_operator.py
[2026-04-26T07:56:25.574+0000] {logging_mixin.py:188} INFO - [2026-04-26T07:56:25.574+0000] {dag.py:3096} INFO - Sync 1 DAGs
[2026-04-26T07:56:25.589+0000] {logging_mixin.py:188} INFO - [2026-04-26T07:56:25.589+0000] {dag.py:3954} INFO - Setting next_dagrun for example_short_circuit_operator to 2026-04-25 00:00:00+00:00, run_after=2026-04-26 00:00:00+00:00
[2026-04-26T07:56:25.606+0000] {processor.py:183} INFO - Processing /usr/local/python/3.12.1/lib/python3.12/site-packages/airflow/example_dags/example_short_circuit_operator.py took 0.062 seconds
[2026-04-26T07:56:40.488+0000] {processor.py:161} INFO - Started process (PID=53438) to work on /usr/local/python/3.12.1/lib/python3.12/site-packages/airflow/example_dags/example_short_circuit_operator.py
[2026-04-26T07:56:40.489+0000] {processor.py:830} INFO - Processing file /usr/local/python/3.12.1/lib/python3.12/site-packages/airflow/example_dags/example_short_circuit_operator.py for tasks to queue
[2026-04-26T07:56:40.489+0000] {logging_mixin.py:188} INFO - [2026-04-26T07:56:40.489+0000] {dagbag.py:540} INFO - Filling up the DagBag from /usr/local/python/3.12.1/lib/python3.12/site-packages/airflow/example_dags/example_short_circuit_operator.py
[2026-04-26T07:56:40.497+0000] {processor.py:840} INFO - DAG(s) 'example_short_circuit_operator' retrieved from /usr/local/python/3.12.1/lib/python3.12/site-packages/airflow/example_dags/example_short_circuit_operator.py
[2026-04-26T07:56:40.624+0000] {logging_mixin.py:188} INFO - [2026-04-26T07:56:40.622+0000] {dag.py:3096} INFO - Sync 1 DAGs
[2026-04-26T07:56:40.659+0000] {logging_mixin.py:188} INFO - [2026-04-26T07:56:40.659+0000] {dag.py:3954} INFO - Setting next_dagrun for example_short_circuit_operator to 2026-04-25 00:00:00+00:00, run_after=2026-04-26 00:00:00+00:00
[2026-04-26T07:56:40.690+0000] {processor.py:183} INFO - Processing /usr/local/python/3.12.1/lib/python3.12/site-packages/airflow/example_dags/example_short_circuit_operator.py took 0.209 seconds
[2026-04-26T07:56:42.533+0000] {processor.py:161} INFO - Started process (PID=53446) to work on /usr/local/python/3.12.1/lib/python3.12/site-packages/airflow/example_dags/example_short_circuit_operator.py
[2026-04-26T07:56:42.542+0000] {processor.py:830} INFO - Processing file /usr/local/python/3.12.1/lib/python3.12/site-packages/airflow/example_dags/example_short_circuit_operator.py for tasks to queue
[2026-04-26T07:56:42.543+0000] {logging_mixin.py:188} INFO - [2026-04-26T07:56:42.543+0000] {dagbag.py:540} INFO - Filling up the DagBag from /usr/local/python/3.12.1/lib/python3.12/site-packages/airflow/example_dags/example_short_circuit_operator.py
[2026-04-26T07:56:42.581+0000] {processor.py:840} INFO - DAG(s) 'example_short_circuit_operator' retrieved from /usr/local/python/3.12.1/lib/python3.12/site-packages/airflow/example_dags/example_short_circuit_operator.py
[2026-04-26T07:56:42.616+0000] {logging_mixin.py:188} INFO - [2026-04-26T07:56:42.616+0000] {dag.py:3096} INFO - Sync 1 DAGs
[2026-04-26T07:56:42.663+0000] {logging_mixin.py:188} INFO - [2026-04-26T07:56:42.662+0000] {dag.py:3954} INFO - Setting next_dagrun for example_short_circuit_operator to 2026-04-25 00:00:00+00:00, run_after=2026-04-26 00:00:00+00:00
[2026-04-26T07:56:42.707+0000] {processor.py:183} INFO - Processing /usr/local/python/3.12.1/lib/python3.12/site-packages/airflow/example_dags/example_short_circuit_operator.py took 0.209 seconds
[2026-04-26T07:57:09.680+0000] {processor.py:161} INFO - Started process (PID=53791) to work on /usr/local/python/3.12.1/lib/python3.12/site-packages/airflow/example_dags/example_short_circuit_operator.py
[2026-04-26T07:57:09.681+0000] {processor.py:830} INFO - Processing file /usr/local/python/3.12.1/lib/python3.12/site-packages/airflow/example_dags/example_short_circuit_operator.py for tasks to queue
[2026-04-26T07:57:09.682+0000] {logging_mixin.py:188} INFO - [2026-04-26T07:57:09.681+0000] {dagbag.py:540} INFO - Filling up the DagBag from /usr/local/python/3.12.1/lib/python3.12/site-packages/airflow/example_dags/example_short_circuit_operator.py
[2026-04-26T07:57:09.688+0000] {processor.py:840} INFO - DAG(s) 'example_short_circuit_operator' retrieved from /usr/local/python/3.12.1/lib/python3.12/site-packages/airflow/example_dags/example_short_circuit_operator.py
[2026-04-26T07:57:09.693+0000] {logging_mixin.py:188} INFO - [2026-04-26T07:57:09.693+0000] {dag.py:3096} INFO - Sync 1 DAGs
[2026-04-26T07:57:09.709+0000] {logging_mixin.py:188} INFO - [2026-04-26T07:57:09.708+0000] {dag.py:3954} INFO - Setting next_dagrun for example_short_circuit_operator to 2026-04-25 00:00:00+00:00, run_after=2026-04-26 00:00:00+00:00
[2026-04-26T07:57:09.726+0000] {processor.py:183} INFO - Processing /usr/local/python/3.12.1/lib/python3.12/site-packages/airflow/example_dags/example_short_circuit_operator.py took 0.051 seconds
[2026-04-26T07:57:32.340+0000] {processor.py:161} INFO - Started process (PID=53984) to work on /usr/local/python/3.12.1/lib/python3.12/site-packages/airflow/example_dags/example_short_circuit_operator.py
[2026-04-26T07:57:32.340+0000] {processor.py:830} INFO - Processing file /usr/local/python/3.12.1/lib/python3.12/site-packages/airflow/example_dags/example_short_circuit_operator.py for tasks to queue
[2026-04-26T07:57:32.341+0000] {logging_mixin.py:188} INFO - [2026-04-26T07:57:32.341+0000] {dagbag.py:540} INFO - Filling up the DagBag from /usr/local/python/3.12.1/lib/python3.12/site-packages/airflow/example_dags/example_short_circuit_operator.py
[2026-04-26T07:57:32.347+0000] {processor.py:840} INFO - DAG(s) 'example_short_circuit_operator' retrieved from /usr/local/python/3.12.1/lib/python3.12/site-packages/airflow/example_dags/example_short_circuit_operator.py
[2026-04-26T07:57:32.363+0000] {logging_mixin.py:188} INFO - [2026-04-26T07:57:32.362+0000] {dag.py:3096} INFO - Sync 1 DAGs
[2026-04-26T07:57:32.380+0000] {logging_mixin.py:188} INFO - [2026-04-26T07:57:32.380+0000] {dag.py:3954} INFO - Setting next_dagrun for example_short_circuit_operator to 2026-04-25 00:00:00+00:00, run_after=2026-04-26 00:00:00+00:00
[2026-04-26T07:57:32.397+0000] {processor.py:183} INFO - Processing /usr/local/python/3.12.1/lib/python3.12/site-packages/airflow/example_dags/example_short_circuit_operator.py took 0.062 seconds
[2026-04-26T07:57:33.632+0000] {processor.py:161} INFO - Started process (PID=53990) to work on /usr/local/python/3.12.1/lib/python3.12/site-packages/airflow/example_dags/example_short_circuit_operator.py
[2026-04-26T07:57:33.633+0000] {processor.py:830} INFO - Processing file /usr/local/python/3.12.1/lib/python3.12/site-packages/airflow/example_dags/example_short_circuit_operator.py for tasks to queue
[2026-04-26T07:57:33.634+0000] {logging_mixin.py:188} INFO - [2026-04-26T07:57:33.634+0000] {dagbag.py:540} INFO - Filling up the DagBag from /usr/local/python/3.12.1/lib/python3.12/site-packages/airflow/example_dags/example_short_circuit_operator.py
[2026-04-26T07:57:33.643+0000] {processor.py:840} INFO - DAG(s) 'example_short_circuit_operator' retrieved from /usr/local/python/3.12.1/lib/python3.12/site-packages/airflow/example_dags/example_short_circuit_operator.py
[2026-04-26T07:57:33.668+0000] {logging_mixin.py:188} INFO - [2026-04-26T07:57:33.668+0000] {dag.py:3096} INFO - Sync 1 DAGs
[2026-04-26T07:57:33.690+0000] {logging_mixin.py:188} INFO - [2026-04-26T07:57:33.690+0000] {dag.py:3954} INFO - Setting next_dagrun for example_short_circuit_operator to 2026-04-25 00:00:00+00:00, run_after=2026-04-26 00:00:00+00:00
[2026-04-26T07:57:33.727+0000] {processor.py:183} INFO - Processing /usr/local/python/3.12.1/lib/python3.12/site-packages/airflow/example_dags/example_short_circuit_operator.py took 0.102 seconds
[2026-04-26T07:57:52.694+0000] {processor.py:161} INFO - Started process (PID=54276) to work on /usr/local/python/3.12.1/lib/python3.12/site-packages/airflow/example_dags/example_short_circuit_operator.py
[2026-04-26T07:57:52.695+0000] {processor.py:830} INFO - Processing file /usr/local/python/3.12.1/lib/python3.12/site-packages/airflow/example_dags/example_short_circuit_operator.py for tasks to queue
[2026-04-26T07:57:52.696+0000] {logging_mixin.py:188} INFO - [2026-04-26T07:57:52.696+0000] {dagbag.py:540} INFO - Filling up the DagBag from /usr/local/python/3.12.1/lib/python3.12/site-packages/airflow/example_dags/example_short_circuit_operator.py
[2026-04-26T07:57:52.702+0000] {processor.py:840} INFO - DAG(s) 'example_short_circuit_operator' retrieved from /usr/local/python/3.12.1/lib/python3.12/site-packages/airflow/example_dags/example_short_circuit_operator.py
[2026-04-26T07:57:52.719+0000] {logging_mixin.py:188} INFO - [2026-04-26T07:57:52.719+0000] {dag.py:3096} INFO - Sync 1 DAGs
[2026-04-26T07:57:52.741+0000] {logging_mixin.py:188} INFO - [2026-04-26T07:57:52.740+0000] {dag.py:3954} INFO - Setting next_dagrun for example_short_circuit_operator to 2026-04-25 00:00:00+00:00, run_after=2026-04-26 00:00:00+00:00
[2026-04-26T07:57:52.757+0000] {processor.py:183} INFO - Processing /usr/local/python/3.12.1/lib/python3.12/site-packages/airflow/example_dags/example_short_circuit_operator.py took 0.066 seconds
[2026-04-26T07:58:15.176+0000] {processor.py:161} INFO - Started process (PID=54464) to work on /usr/local/python/3.12.1/lib/python3.12/site-packages/airflow/example_dags/example_short_circuit_operator.py
[2026-04-26T07:58:15.177+0000] {processor.py:830} INFO - Processing file /usr/local/python/3.12.1/lib/python3.12/site-packages/airflow/example_dags/example_short_circuit_operator.py for tasks to queue
[2026-04-26T07:58:15.177+0000] {logging_mixin.py:188} INFO - [2026-04-26T07:58:15.177+0000] {dagbag.py:540} INFO - Filling up the DagBag from /usr/local/python/3.12.1/lib/python3.12/site-packages/airflow/example_dags/example_short_circuit_operator.py
[2026-04-26T07:58:15.183+0000] {processor.py:840} INFO - DAG(s) 'example_short_circuit_operator' retrieved from /usr/local/python/3.12.1/lib/python3.12/site-packages/airflow/example_dags/example_short_circuit_operator.py
[2026-04-26T07:58:15.197+0000] {logging_mixin.py:188} INFO - [2026-04-26T07:58:15.197+0000] {dag.py:3096} INFO - Sync 1 DAGs
[2026-04-26T07:58:15.214+0000] {logging_mixin.py:188} INFO - [2026-04-26T07:58:15.214+0000] {dag.py:3954} INFO - Setting next_dagrun for example_short_circuit_operator to 2026-04-25 00:00:00+00:00, run_after=2026-04-26 00:00:00+00:00
[2026-04-26T07:58:15.232+0000] {processor.py:183} INFO - Processing /usr/local/python/3.12.1/lib/python3.12/site-packages/airflow/example_dags/example_short_circuit_operator.py took 0.061 seconds
[2026-04-26T07:58:16.430+0000] {processor.py:161} INFO - Started process (PID=54494) to work on /usr/local/python/3.12.1/lib/python3.12/site-packages/airflow/example_dags/example_short_circuit_operator.py
[2026-04-26T07:58:16.439+0000] {processor.py:830} INFO - Processing file /usr/local/python/3.12.1/lib/python3.12/site-packages/airflow/example_dags/example_short_circuit_operator.py for tasks to queue
[2026-04-26T07:58:16.441+0000] {logging_mixin.py:188} INFO - [2026-04-26T07:58:16.440+0000] {dagbag.py:540} INFO - Filling up the DagBag from /usr/local/python/3.12.1/lib/python3.12/site-packages/airflow/example_dags/example_short_circuit_operator.py
[2026-04-26T07:58:16.465+0000] {processor.py:840} INFO - DAG(s) 'example_short_circuit_operator' retrieved from /usr/local/python/3.12.1/lib/python3.12/site-packages/airflow/example_dags/example_short_circuit_operator.py
[2026-04-26T07:58:16.492+0000] {logging_mixin.py:188} INFO - [2026-04-26T07:58:16.492+0000] {dag.py:3096} INFO - Sync 1 DAGs
[2026-04-26T07:58:16.513+0000] {logging_mixin.py:188} INFO - [2026-04-26T07:58:16.512+0000] {dag.py:3954} INFO - Setting next_dagrun for example_short_circuit_operator to 2026-04-25 00:00:00+00:00, run_after=2026-04-26 00:00:00+00:00
[2026-04-26T07:58:16.569+0000] {processor.py:183} INFO - Processing /usr/local/python/3.12.1/lib/python3.12/site-packages/airflow/example_dags/example_short_circuit_operator.py took 0.153 seconds
[2026-04-26T07:58:36.072+0000] {processor.py:161} INFO - Started process (PID=54965) to work on /usr/local/python/3.12.1/lib/python3.12/site-packages/airflow/example_dags/example_short_circuit_operator.py
[2026-04-26T07:58:36.073+0000] {processor.py:830} INFO - Processing file /usr/local/python/3.12.1/lib/python3.12/site-packages/airflow/example_dags/example_short_circuit_operator.py for tasks to queue
[2026-04-26T07:58:36.074+0000] {logging_mixin.py:188} INFO - [2026-04-26T07:58:36.074+0000] {dagbag.py:540} INFO - Filling up the DagBag from /usr/local/python/3.12.1/lib/python3.12/site-packages/airflow/example_dags/example_short_circuit_operator.py
[2026-04-26T07:58:36.089+0000] {processor.py:840} INFO - DAG(s) 'example_short_circuit_operator' retrieved from /usr/local/python/3.12.1/lib/python3.12/site-packages/airflow/example_dags/example_short_circuit_operator.py
[2026-04-26T07:58:36.101+0000] {logging_mixin.py:188} INFO - [2026-04-26T07:58:36.100+0000] {dag.py:3096} INFO - Sync 1 DAGs
[2026-04-26T07:58:36.127+0000] {logging_mixin.py:188} INFO - [2026-04-26T07:58:36.127+0000] {dag.py:3954} INFO - Setting next_dagrun for example_short_circuit_operator to 2026-04-25 00:00:00+00:00, run_after=2026-04-26 00:00:00+00:00
[2026-04-26T07:58:36.172+0000] {processor.py:183} INFO - Processing /usr/local/python/3.12.1/lib/python3.12/site-packages/airflow/example_dags/example_short_circuit_operator.py took 0.112 seconds
[2026-04-26T07:58:58.444+0000] {processor.py:161} INFO - Started process (PID=55276) to work on /usr/local/python/3.12.1/lib/python3.12/site-packages/airflow/example_dags/example_short_circuit_operator.py
[2026-04-26T07:58:58.445+0000] {processor.py:830} INFO - Processing file /usr/local/python/3.12.1/lib/python3.12/site-packages/airflow/example_dags/example_short_circuit_operator.py for tasks to queue
[2026-04-26T07:58:58.445+0000] {logging_mixin.py:188} INFO - [2026-04-26T07:58:58.445+0000] {dagbag.py:540} INFO - Filling up the DagBag from /usr/local/python/3.12.1/lib/python3.12/site-packages/airflow/example_dags/example_short_circuit_operator.py
[2026-04-26T07:58:58.454+0000] {processor.py:840} INFO - DAG(s) 'example_short_circuit_operator' retrieved from /usr/local/python/3.12.1/lib/python3.12/site-packages/airflow/example_dags/example_short_circuit_operator.py
[2026-04-26T07:58:58.462+0000] {logging_mixin.py:188} INFO - [2026-04-26T07:58:58.462+0000] {dag.py:3096} INFO - Sync 1 DAGs
[2026-04-26T07:58:58.483+0000] {logging_mixin.py:188} INFO - [2026-04-26T07:58:58.482+0000] {dag.py:3954} INFO - Setting next_dagrun for example_short_circuit_operator to 2026-04-25 00:00:00+00:00, run_after=2026-04-26 00:00:00+00:00
[2026-04-26T07:58:58.500+0000] {processor.py:183} INFO - Processing /usr/local/python/3.12.1/lib/python3.12/site-packages/airflow/example_dags/example_short_circuit_operator.py took 0.060 seconds
[2026-04-26T07:59:04.171+0000] {processor.py:161} INFO - Started process (PID=55317) to work on /usr/local/python/3.12.1/lib/python3.12/site-packages/airflow/example_dags/example_short_circuit_operator.py
[2026-04-26T07:59:04.172+0000] {processor.py:830} INFO - Processing file /usr/local/python/3.12.1/lib/python3.12/site-packages/airflow/example_dags/example_short_circuit_operator.py for tasks to queue
[2026-04-26T07:59:04.173+0000] {logging_mixin.py:188} INFO - [2026-04-26T07:59:04.172+0000] {dagbag.py:540} INFO - Filling up the DagBag from /usr/local/python/3.12.1/lib/python3.12/site-packages/airflow/example_dags/example_short_circuit_operator.py
[2026-04-26T07:59:04.180+0000] {processor.py:840} INFO - DAG(s) 'example_short_circuit_operator' retrieved from /usr/local/python/3.12.1/lib/python3.12/site-packages/airflow/example_dags/example_short_circuit_operator.py
[2026-04-26T07:59:04.333+0000] {logging_mixin.py:188} INFO - [2026-04-26T07:59:04.332+0000] {dag.py:3096} INFO - Sync 1 DAGs
[2026-04-26T07:59:04.353+0000] {logging_mixin.py:188} INFO - [2026-04-26T07:59:04.352+0000] {dag.py:3954} INFO - Setting next_dagrun for example_short_circuit_operator to 2026-04-25 00:00:00+00:00, run_after=2026-04-26 00:00:00+00:00
[2026-04-26T07:59:04.377+0000] {processor.py:183} INFO - Processing /usr/local/python/3.12.1/lib/python3.12/site-packages/airflow/example_dags/example_short_circuit_operator.py took 0.212 seconds
[2026-04-26T07:59:22.409+0000] {processor.py:161} INFO - Started process (PID=55519) to work on /usr/local/python/3.12.1/lib/python3.12/site-packages/airflow/example_dags/example_short_circuit_operator.py
[2026-04-26T07:59:22.410+0000] {processor.py:830} INFO - Processing file /usr/local/python/3.12.1/lib/python3.12/site-packages/airflow/example_dags/example_short_circuit_operator.py for tasks to queue
[2026-04-26T07:59:22.410+0000] {logging_mixin.py:188} INFO - [2026-04-26T07:59:22.410+0000] {dagbag.py:540} INFO - Filling up the DagBag from /usr/local/python/3.12.1/lib/python3.12/site-packages/airflow/example_dags/example_short_circuit_operator.py
[2026-04-26T07:59:22.416+0000] {processor.py:840} INFO - DAG(s) 'example_short_circuit_operator' retrieved from /usr/local/python/3.12.1/lib/python3.12/site-packages/airflow/example_dags/example_short_circuit_operator.py
[2026-04-26T07:59:22.422+0000] {logging_mixin.py:188} INFO - [2026-04-26T07:59:22.422+0000] {dag.py:3096} INFO - Sync 1 DAGs
[2026-04-26T07:59:22.438+0000] {logging_mixin.py:188} INFO - [2026-04-26T07:59:22.437+0000] {dag.py:3954} INFO - Setting next_dagrun for example_short_circuit_operator to 2026-04-25 00:00:00+00:00, run_after=2026-04-26 00:00:00+00:00
[2026-04-26T07:59:22.455+0000] {processor.py:183} INFO - Processing /usr/local/python/3.12.1/lib/python3.12/site-packages/airflow/example_dags/example_short_circuit_operator.py took 0.050 seconds
[2026-04-26T07:59:44.545+0000] {processor.py:161} INFO - Started process (PID=55760) to work on /usr/local/python/3.12.1/lib/python3.12/site-packages/airflow/example_dags/example_short_circuit_operator.py
[2026-04-26T07:59:44.546+0000] {processor.py:830} INFO - Processing file /usr/local/python/3.12.1/lib/python3.12/site-packages/airflow/example_dags/example_short_circuit_operator.py for tasks to queue
[2026-04-26T07:59:44.547+0000] {logging_mixin.py:188} INFO - [2026-04-26T07:59:44.546+0000] {dagbag.py:540} INFO - Filling up the DagBag from /usr/local/python/3.12.1/lib/python3.12/site-packages/airflow/example_dags/example_short_circuit_operator.py
[2026-04-26T07:59:44.553+0000] {processor.py:840} INFO - DAG(s) 'example_short_circuit_operator' retrieved from /usr/local/python/3.12.1/lib/python3.12/site-packages/airflow/example_dags/example_short_circuit_operator.py
[2026-04-26T07:59:44.576+0000] {logging_mixin.py:188} INFO - [2026-04-26T07:59:44.576+0000] {dag.py:3096} INFO - Sync 1 DAGs
[2026-04-26T07:59:44.614+0000] {logging_mixin.py:188} INFO - [2026-04-26T07:59:44.614+0000] {dag.py:3954} INFO - Setting next_dagrun for example_short_circuit_operator to 2026-04-25 00:00:00+00:00, run_after=2026-04-26 00:00:00+00:00
[2026-04-26T07:59:44.689+0000] {processor.py:183} INFO - Processing /usr/local/python/3.12.1/lib/python3.12/site-packages/airflow/example_dags/example_short_circuit_operator.py took 0.148 seconds
[2026-04-26T07:59:51.937+0000] {processor.py:161} INFO - Started process (PID=55831) to work on /usr/local/python/3.12.1/lib/python3.12/site-packages/airflow/example_dags/example_short_circuit_operator.py
[2026-04-26T07:59:51.938+0000] {processor.py:830} INFO - Processing file /usr/local/python/3.12.1/lib/python3.12/site-packages/airflow/example_dags/example_short_circuit_operator.py for tasks to queue
[2026-04-26T07:59:51.939+0000] {logging_mixin.py:188} INFO - [2026-04-26T07:59:51.939+0000] {dagbag.py:540} INFO - Filling up the DagBag from /usr/local/python/3.12.1/lib/python3.12/site-packages/airflow/example_dags/example_short_circuit_operator.py
[2026-04-26T07:59:51.945+0000] {processor.py:840} INFO - DAG(s) 'example_short_circuit_operator' retrieved from /usr/local/python/3.12.1/lib/python3.12/site-packages/airflow/example_dags/example_short_circuit_operator.py
[2026-04-26T07:59:51.961+0000] {logging_mixin.py:188} INFO - [2026-04-26T07:59:51.961+0000] {dag.py:3096} INFO - Sync 1 DAGs
[2026-04-26T07:59:51.981+0000] {logging_mixin.py:188} INFO - [2026-04-26T07:59:51.981+0000] {dag.py:3954} INFO - Setting next_dagrun for example_short_circuit_operator to 2026-04-25 00:00:00+00:00, run_after=2026-04-26 00:00:00+00:00
[2026-04-26T07:59:51.997+0000] {processor.py:183} INFO - Processing /usr/local/python/3.12.1/lib/python3.12/site-packages/airflow/example_dags/example_short_circuit_operator.py took 0.064 seconds
[2026-04-26T08:00:06.350+0000] {processor.py:161} INFO - Started process (PID=55957) to work on /usr/local/python/3.12.1/lib/python3.12/site-packages/airflow/example_dags/example_short_circuit_operator.py
[2026-04-26T08:00:06.353+0000] {processor.py:830} INFO - Processing file /usr/local/python/3.12.1/lib/python3.12/site-packages/airflow/example_dags/example_short_circuit_operator.py for tasks to queue
[2026-04-26T08:00:06.355+0000] {logging_mixin.py:188} INFO - [2026-04-26T08:00:06.354+0000] {dagbag.py:540} INFO - Filling up the DagBag from /usr/local/python/3.12.1/lib/python3.12/site-packages/airflow/example_dags/example_short_circuit_operator.py
[2026-04-26T08:00:06.372+0000] {processor.py:840} INFO - DAG(s) 'example_short_circuit_operator' retrieved from /usr/local/python/3.12.1/lib/python3.12/site-packages/airflow/example_dags/example_short_circuit_operator.py
[2026-04-26T08:00:06.404+0000] {logging_mixin.py:188} INFO - [2026-04-26T08:00:06.403+0000] {dag.py:3096} INFO - Sync 1 DAGs
[2026-04-26T08:00:06.434+0000] {logging_mixin.py:188} INFO - [2026-04-26T08:00:06.433+0000] {dag.py:3954} INFO - Setting next_dagrun for example_short_circuit_operator to 2026-04-25 00:00:00+00:00, run_after=2026-04-26 00:00:00+00:00
[2026-04-26T08:00:06.465+0000] {processor.py:183} INFO - Processing /usr/local/python/3.12.1/lib/python3.12/site-packages/airflow/example_dags/example_short_circuit_operator.py took 0.125 seconds
[2026-04-26T08:00:28.752+0000] {processor.py:161} INFO - Started process (PID=56198) to work on /usr/local/python/3.12.1/lib/python3.12/site-packages/airflow/example_dags/example_short_circuit_operator.py
[2026-04-26T08:00:28.753+0000] {processor.py:830} INFO - Processing file /usr/local/python/3.12.1/lib/python3.12/site-packages/airflow/example_dags/example_short_circuit_operator.py for tasks to queue
[2026-04-26T08:00:28.753+0000] {logging_mixin.py:188} INFO - [2026-04-26T08:00:28.753+0000] {dagbag.py:540} INFO - Filling up the DagBag from /usr/local/python/3.12.1/lib/python3.12/site-packages/airflow/example_dags/example_short_circuit_operator.py
[2026-04-26T08:00:28.761+0000] {processor.py:840} INFO - DAG(s) 'example_short_circuit_operator' retrieved from /usr/local/python/3.12.1/lib/python3.12/site-packages/airflow/example_dags/example_short_circuit_operator.py
[2026-04-26T08:00:28.779+0000] {logging_mixin.py:188} INFO - [2026-04-26T08:00:28.779+0000] {dag.py:3096} INFO - Sync 1 DAGs
[2026-04-26T08:00:28.794+0000] {logging_mixin.py:188} INFO - [2026-04-26T08:00:28.794+0000] {dag.py:3954} INFO - Setting next_dagrun for example_short_circuit_operator to 2026-04-25 00:00:00+00:00, run_after=2026-04-26 00:00:00+00:00
[2026-04-26T08:00:28.811+0000] {processor.py:183} INFO - Processing /usr/local/python/3.12.1/lib/python3.12/site-packages/airflow/example_dags/example_short_circuit_operator.py took 0.063 seconds
[2026-04-26T08:00:38.734+0000] {processor.py:161} INFO - Started process (PID=56297) to work on /usr/local/python/3.12.1/lib/python3.12/site-packages/airflow/example_dags/example_short_circuit_operator.py
[2026-04-26T08:00:38.738+0000] {processor.py:830} INFO - Processing file /usr/local/python/3.12.1/lib/python3.12/site-packages/airflow/example_dags/example_short_circuit_operator.py for tasks to queue
[2026-04-26T08:00:38.740+0000] {logging_mixin.py:188} INFO - [2026-04-26T08:00:38.739+0000] {dagbag.py:540} INFO - Filling up the DagBag from /usr/local/python/3.12.1/lib/python3.12/site-packages/airflow/example_dags/example_short_circuit_operator.py
[2026-04-26T08:00:38.768+0000] {processor.py:840} INFO - DAG(s) 'example_short_circuit_operator' retrieved from /usr/local/python/3.12.1/lib/python3.12/site-packages/airflow/example_dags/example_short_circuit_operator.py
[2026-04-26T08:00:38.863+0000] {logging_mixin.py:188} INFO - [2026-04-26T08:00:38.862+0000] {dag.py:3096} INFO - Sync 1 DAGs
[2026-04-26T08:00:38.895+0000] {logging_mixin.py:188} INFO - [2026-04-26T08:00:38.895+0000] {dag.py:3954} INFO - Setting next_dagrun for example_short_circuit_operator to 2026-04-25 00:00:00+00:00, run_after=2026-04-26 00:00:00+00:00
[2026-04-26T08:00:38.927+0000] {processor.py:183} INFO - Processing /usr/local/python/3.12.1/lib/python3.12/site-packages/airflow/example_dags/example_short_circuit_operator.py took 0.234 seconds
[2026-04-26T08:00:49.676+0000] {processor.py:161} INFO - Started process (PID=56395) to work on /usr/local/python/3.12.1/lib/python3.12/site-packages/airflow/example_dags/example_short_circuit_operator.py
[2026-04-26T08:00:49.677+0000] {processor.py:830} INFO - Processing file /usr/local/python/3.12.1/lib/python3.12/site-packages/airflow/example_dags/example_short_circuit_operator.py for tasks to queue
[2026-04-26T08:00:49.678+0000] {logging_mixin.py:188} INFO - [2026-04-26T08:00:49.677+0000] {dagbag.py:540} INFO - Filling up the DagBag from /usr/local/python/3.12.1/lib/python3.12/site-packages/airflow/example_dags/example_short_circuit_operator.py
[2026-04-26T08:00:49.687+0000] {processor.py:840} INFO - DAG(s) 'example_short_circuit_operator' retrieved from /usr/local/python/3.12.1/lib/python3.12/site-packages/airflow/example_dags/example_short_circuit_operator.py
[2026-04-26T08:00:49.702+0000] {logging_mixin.py:188} INFO - [2026-04-26T08:00:49.702+0000] {dag.py:3096} INFO - Sync 1 DAGs
[2026-04-26T08:00:49.720+0000] {logging_mixin.py:188} INFO - [2026-04-26T08:00:49.720+0000] {dag.py:3954} INFO - Setting next_dagrun for example_short_circuit_operator to 2026-04-25 00:00:00+00:00, run_after=2026-04-26 00:00:00+00:00
[2026-04-26T08:00:49.737+0000] {processor.py:183} INFO - Processing /usr/local/python/3.12.1/lib/python3.12/site-packages/airflow/example_dags/example_short_circuit_operator.py took 0.066 seconds
[2026-04-26T08:01:15.396+0000] {processor.py:161} INFO - Started process (PID=56713) to work on /usr/local/python/3.12.1/lib/python3.12/site-packages/airflow/example_dags/example_short_circuit_operator.py
[2026-04-26T08:01:15.396+0000] {processor.py:830} INFO - Processing file /usr/local/python/3.12.1/lib/python3.12/site-packages/airflow/example_dags/example_short_circuit_operator.py for tasks to queue
[2026-04-26T08:01:15.399+0000] {logging_mixin.py:188} INFO - [2026-04-26T08:01:15.397+0000] {dagbag.py:540} INFO - Filling up the DagBag from /usr/local/python/3.12.1/lib/python3.12/site-packages/airflow/example_dags/example_short_circuit_operator.py
[2026-04-26T08:01:15.414+0000] {processor.py:840} INFO - DAG(s) 'example_short_circuit_operator' retrieved from /usr/local/python/3.12.1/lib/python3.12/site-packages/airflow/example_dags/example_short_circuit_operator.py
[2026-04-26T08:01:15.441+0000] {logging_mixin.py:188} INFO - [2026-04-26T08:01:15.440+0000] {dag.py:3096} INFO - Sync 1 DAGs
[2026-04-26T08:01:15.471+0000] {logging_mixin.py:188} INFO - [2026-04-26T08:01:15.471+0000] {dag.py:3954} INFO - Setting next_dagrun for example_short_circuit_operator to 2026-04-25 00:00:00+00:00, run_after=2026-04-26 00:00:00+00:00
[2026-04-26T08:01:15.515+0000] {processor.py:183} INFO - Processing /usr/local/python/3.12.1/lib/python3.12/site-packages/airflow/example_dags/example_short_circuit_operator.py took 0.127 seconds
[2026-04-26T08:01:25.888+0000] {processor.py:161} INFO - Started process (PID=57091) to work on /usr/local/python/3.12.1/lib/python3.12/site-packages/airflow/example_dags/example_short_circuit_operator.py
[2026-04-26T08:01:25.891+0000] {processor.py:830} INFO - Processing file /usr/local/python/3.12.1/lib/python3.12/site-packages/airflow/example_dags/example_short_circuit_operator.py for tasks to queue
[2026-04-26T08:01:25.893+0000] {logging_mixin.py:188} INFO - [2026-04-26T08:01:25.892+0000] {dagbag.py:540} INFO - Filling up the DagBag from /usr/local/python/3.12.1/lib/python3.12/site-packages/airflow/example_dags/example_short_circuit_operator.py
[2026-04-26T08:01:25.925+0000] {processor.py:840} INFO - DAG(s) 'example_short_circuit_operator' retrieved from /usr/local/python/3.12.1/lib/python3.12/site-packages/airflow/example_dags/example_short_circuit_operator.py
[2026-04-26T08:01:26.278+0000] {logging_mixin.py:188} INFO - [2026-04-26T08:01:26.278+0000] {dag.py:3096} INFO - Sync 1 DAGs
[2026-04-26T08:01:26.305+0000] {logging_mixin.py:188} INFO - [2026-04-26T08:01:26.305+0000] {dag.py:3954} INFO - Setting next_dagrun for example_short_circuit_operator to 2026-04-25 00:00:00+00:00, run_after=2026-04-26 00:00:00+00:00
[2026-04-26T08:01:26.341+0000] {processor.py:183} INFO - Processing /usr/local/python/3.12.1/lib/python3.12/site-packages/airflow/example_dags/example_short_circuit_operator.py took 0.476 seconds
[2026-04-26T08:01:35.728+0000] {processor.py:161} INFO - Started process (PID=57296) to work on /usr/local/python/3.12.1/lib/python3.12/site-packages/airflow/example_dags/example_short_circuit_operator.py
[2026-04-26T08:01:35.729+0000] {processor.py:830} INFO - Processing file /usr/local/python/3.12.1/lib/python3.12/site-packages/airflow/example_dags/example_short_circuit_operator.py for tasks to queue
[2026-04-26T08:01:35.730+0000] {logging_mixin.py:188} INFO - [2026-04-26T08:01:35.730+0000] {dagbag.py:540} INFO - Filling up the DagBag from /usr/local/python/3.12.1/lib/python3.12/site-packages/airflow/example_dags/example_short_circuit_operator.py
[2026-04-26T08:01:35.746+0000] {processor.py:840} INFO - DAG(s) 'example_short_circuit_operator' retrieved from /usr/local/python/3.12.1/lib/python3.12/site-packages/airflow/example_dags/example_short_circuit_operator.py
[2026-04-26T08:01:35.754+0000] {logging_mixin.py:188} INFO - [2026-04-26T08:01:35.754+0000] {dag.py:3096} INFO - Sync 1 DAGs
[2026-04-26T08:01:35.784+0000] {logging_mixin.py:188} INFO - [2026-04-26T08:01:35.784+0000] {dag.py:3954} INFO - Setting next_dagrun for example_short_circuit_operator to 2026-04-25 00:00:00+00:00, run_after=2026-04-26 00:00:00+00:00
[2026-04-26T08:01:35.802+0000] {processor.py:183} INFO - Processing /usr/local/python/3.12.1/lib/python3.12/site-packages/airflow/example_dags/example_short_circuit_operator.py took 0.086 seconds
[2026-04-26T08:02:06.070+0000] {processor.py:161} INFO - Started process (PID=57772) to work on /usr/local/python/3.12.1/lib/python3.12/site-packages/airflow/example_dags/example_short_circuit_operator.py
[2026-04-26T08:02:06.071+0000] {processor.py:830} INFO - Processing file /usr/local/python/3.12.1/lib/python3.12/site-packages/airflow/example_dags/example_short_circuit_operator.py for tasks to queue
[2026-04-26T08:02:06.072+0000] {logging_mixin.py:188} INFO - [2026-04-26T08:02:06.072+0000] {dagbag.py:540} INFO - Filling up the DagBag from /usr/local/python/3.12.1/lib/python3.12/site-packages/airflow/example_dags/example_short_circuit_operator.py
[2026-04-26T08:02:06.081+0000] {processor.py:840} INFO - DAG(s) 'example_short_circuit_operator' retrieved from /usr/local/python/3.12.1/lib/python3.12/site-packages/airflow/example_dags/example_short_circuit_operator.py
[2026-04-26T08:02:06.099+0000] {logging_mixin.py:188} INFO - [2026-04-26T08:02:06.098+0000] {dag.py:3096} INFO - Sync 1 DAGs
[2026-04-26T08:02:06.115+0000] {logging_mixin.py:188} INFO - [2026-04-26T08:02:06.115+0000] {dag.py:3954} INFO - Setting next_dagrun for example_short_circuit_operator to 2026-04-25 00:00:00+00:00, run_after=2026-04-26 00:00:00+00:00
[2026-04-26T08:02:06.132+0000] {processor.py:183} INFO - Processing /usr/local/python/3.12.1/lib/python3.12/site-packages/airflow/example_dags/example_short_circuit_operator.py took 0.068 seconds
[2026-04-26T08:02:14.730+0000] {processor.py:161} INFO - Started process (PID=57849) to work on /usr/local/python/3.12.1/lib/python3.12/site-packages/airflow/example_dags/example_short_circuit_operator.py
[2026-04-26T08:02:14.730+0000] {processor.py:830} INFO - Processing file /usr/local/python/3.12.1/lib/python3.12/site-packages/airflow/example_dags/example_short_circuit_operator.py for tasks to queue
[2026-04-26T08:02:14.731+0000] {logging_mixin.py:188} INFO - [2026-04-26T08:02:14.731+0000] {dagbag.py:540} INFO - Filling up the DagBag from /usr/local/python/3.12.1/lib/python3.12/site-packages/airflow/example_dags/example_short_circuit_operator.py
[2026-04-26T08:02:14.737+0000] {processor.py:840} INFO - DAG(s) 'example_short_circuit_operator' retrieved from /usr/local/python/3.12.1/lib/python3.12/site-packages/airflow/example_dags/example_short_circuit_operator.py
[2026-04-26T08:02:14.752+0000] {logging_mixin.py:188} INFO - [2026-04-26T08:02:14.751+0000] {dag.py:3096} INFO - Sync 1 DAGs
[2026-04-26T08:02:14.770+0000] {logging_mixin.py:188} INFO - [2026-04-26T08:02:14.770+0000] {dag.py:3954} INFO - Setting next_dagrun for example_short_circuit_operator to 2026-04-25 00:00:00+00:00, run_after=2026-04-26 00:00:00+00:00
[2026-04-26T08:02:14.789+0000] {processor.py:183} INFO - Processing /usr/local/python/3.12.1/lib/python3.12/site-packages/airflow/example_dags/example_short_circuit_operator.py took 0.063 seconds
[2026-04-26T08:02:21.387+0000] {processor.py:161} INFO - Started process (PID=57894) to work on /usr/local/python/3.12.1/lib/python3.12/site-packages/airflow/example_dags/example_short_circuit_operator.py
[2026-04-26T08:02:21.388+0000] {processor.py:830} INFO - Processing file /usr/local/python/3.12.1/lib/python3.12/site-packages/airflow/example_dags/example_short_circuit_operator.py for tasks to queue
[2026-04-26T08:02:21.389+0000] {logging_mixin.py:188} INFO - [2026-04-26T08:02:21.388+0000] {dagbag.py:540} INFO - Filling up the DagBag from /usr/local/python/3.12.1/lib/python3.12/site-packages/airflow/example_dags/example_short_circuit_operator.py
[2026-04-26T08:02:21.395+0000] {processor.py:840} INFO - DAG(s) 'example_short_circuit_operator' retrieved from /usr/local/python/3.12.1/lib/python3.12/site-packages/airflow/example_dags/example_short_circuit_operator.py
[2026-04-26T08:02:21.409+0000] {logging_mixin.py:188} INFO - [2026-04-26T08:02:21.409+0000] {dag.py:3096} INFO - Sync 1 DAGs
[2026-04-26T08:02:21.425+0000] {logging_mixin.py:188} INFO - [2026-04-26T08:02:21.424+0000] {dag.py:3954} INFO - Setting next_dagrun for example_short_circuit_operator to 2026-04-25 00:00:00+00:00, run_after=2026-04-26 00:00:00+00:00
[2026-04-26T08:02:21.441+0000] {processor.py:183} INFO - Processing /usr/local/python/3.12.1/lib/python3.12/site-packages/airflow/example_dags/example_short_circuit_operator.py took 0.058 seconds
[2026-04-26T08:02:51.435+0000] {processor.py:161} INFO - Started process (PID=58325) to work on /usr/local/python/3.12.1/lib/python3.12/site-packages/airflow/example_dags/example_short_circuit_operator.py
[2026-04-26T08:02:51.436+0000] {processor.py:830} INFO - Processing file /usr/local/python/3.12.1/lib/python3.12/site-packages/airflow/example_dags/example_short_circuit_operator.py for tasks to queue
[2026-04-26T08:02:51.437+0000] {logging_mixin.py:188} INFO - [2026-04-26T08:02:51.436+0000] {dagbag.py:540} INFO - Filling up the DagBag from /usr/local/python/3.12.1/lib/python3.12/site-packages/airflow/example_dags/example_short_circuit_operator.py
[2026-04-26T08:02:51.443+0000] {processor.py:840} INFO - DAG(s) 'example_short_circuit_operator' retrieved from /usr/local/python/3.12.1/lib/python3.12/site-packages/airflow/example_dags/example_short_circuit_operator.py
[2026-04-26T08:02:51.458+0000] {logging_mixin.py:188} INFO - [2026-04-26T08:02:51.458+0000] {dag.py:3096} INFO - Sync 1 DAGs
[2026-04-26T08:02:51.478+0000] {logging_mixin.py:188} INFO - [2026-04-26T08:02:51.478+0000] {dag.py:3954} INFO - Setting next_dagrun for example_short_circuit_operator to 2026-04-25 00:00:00+00:00, run_after=2026-04-26 00:00:00+00:00
[2026-04-26T08:02:51.498+0000] {processor.py:183} INFO - Processing /usr/local/python/3.12.1/lib/python3.12/site-packages/airflow/example_dags/example_short_circuit_operator.py took 0.067 seconds
[2026-04-26T08:02:58.543+0000] {processor.py:161} INFO - Started process (PID=58390) to work on /usr/local/python/3.12.1/lib/python3.12/site-packages/airflow/example_dags/example_short_circuit_operator.py
[2026-04-26T08:02:58.543+0000] {processor.py:830} INFO - Processing file /usr/local/python/3.12.1/lib/python3.12/site-packages/airflow/example_dags/example_short_circuit_operator.py for tasks to queue
[2026-04-26T08:02:58.544+0000] {logging_mixin.py:188} INFO - [2026-04-26T08:02:58.544+0000] {dagbag.py:540} INFO - Filling up the DagBag from /usr/local/python/3.12.1/lib/python3.12/site-packages/airflow/example_dags/example_short_circuit_operator.py
[2026-04-26T08:02:58.550+0000] {processor.py:840} INFO - DAG(s) 'example_short_circuit_operator' retrieved from /usr/local/python/3.12.1/lib/python3.12/site-packages/airflow/example_dags/example_short_circuit_operator.py
[2026-04-26T08:02:58.567+0000] {logging_mixin.py:188} INFO - [2026-04-26T08:02:58.567+0000] {dag.py:3096} INFO - Sync 1 DAGs
[2026-04-26T08:02:58.585+0000] {logging_mixin.py:188} INFO - [2026-04-26T08:02:58.584+0000] {dag.py:3954} INFO - Setting next_dagrun for example_short_circuit_operator to 2026-04-25 00:00:00+00:00, run_after=2026-04-26 00:00:00+00:00
[2026-04-26T08:02:58.602+0000] {processor.py:183} INFO - Processing /usr/local/python/3.12.1/lib/python3.12/site-packages/airflow/example_dags/example_short_circuit_operator.py took 0.064 seconds
[2026-04-26T08:03:04.562+0000] {processor.py:161} INFO - Started process (PID=58575) to work on /usr/local/python/3.12.1/lib/python3.12/site-packages/airflow/example_dags/example_short_circuit_operator.py
[2026-04-26T08:03:04.563+0000] {processor.py:830} INFO - Processing file /usr/local/python/3.12.1/lib/python3.12/site-packages/airflow/example_dags/example_short_circuit_operator.py for tasks to queue
[2026-04-26T08:03:04.564+0000] {logging_mixin.py:188} INFO - [2026-04-26T08:03:04.564+0000] {dagbag.py:540} INFO - Filling up the DagBag from /usr/local/python/3.12.1/lib/python3.12/site-packages/airflow/example_dags/example_short_circuit_operator.py
[2026-04-26T08:03:04.575+0000] {processor.py:840} INFO - DAG(s) 'example_short_circuit_operator' retrieved from /usr/local/python/3.12.1/lib/python3.12/site-packages/airflow/example_dags/example_short_circuit_operator.py
[2026-04-26T08:03:04.597+0000] {logging_mixin.py:188} INFO - [2026-04-26T08:03:04.596+0000] {dag.py:3096} INFO - Sync 1 DAGs
[2026-04-26T08:03:04.624+0000] {logging_mixin.py:188} INFO - [2026-04-26T08:03:04.624+0000] {dag.py:3954} INFO - Setting next_dagrun for example_short_circuit_operator to 2026-04-25 00:00:00+00:00, run_after=2026-04-26 00:00:00+00:00
[2026-04-26T08:03:04.646+0000] {processor.py:183} INFO - Processing /usr/local/python/3.12.1/lib/python3.12/site-packages/airflow/example_dags/example_short_circuit_operator.py took 0.092 seconds
[2026-04-26T08:03:39.713+0000] {processor.py:161} INFO - Started process (PID=58974) to work on /usr/local/python/3.12.1/lib/python3.12/site-packages/airflow/example_dags/example_short_circuit_operator.py
[2026-04-26T08:03:39.714+0000] {processor.py:830} INFO - Processing file /usr/local/python/3.12.1/lib/python3.12/site-packages/airflow/example_dags/example_short_circuit_operator.py for tasks to queue
[2026-04-26T08:03:39.715+0000] {logging_mixin.py:188} INFO - [2026-04-26T08:03:39.714+0000] {dagbag.py:540} INFO - Filling up the DagBag from /usr/local/python/3.12.1/lib/python3.12/site-packages/airflow/example_dags/example_short_circuit_operator.py
[2026-04-26T08:03:39.721+0000] {processor.py:840} INFO - DAG(s) 'example_short_circuit_operator' retrieved from /usr/local/python/3.12.1/lib/python3.12/site-packages/airflow/example_dags/example_short_circuit_operator.py
[2026-04-26T08:03:39.734+0000] {logging_mixin.py:188} INFO - [2026-04-26T08:03:39.734+0000] {dag.py:3096} INFO - Sync 1 DAGs
[2026-04-26T08:03:39.749+0000] {logging_mixin.py:188} INFO - [2026-04-26T08:03:39.749+0000] {dag.py:3954} INFO - Setting next_dagrun for example_short_circuit_operator to 2026-04-25 00:00:00+00:00, run_after=2026-04-26 00:00:00+00:00
[2026-04-26T08:03:39.766+0000] {processor.py:183} INFO - Processing /usr/local/python/3.12.1/lib/python3.12/site-packages/airflow/example_dags/example_short_circuit_operator.py took 0.057 seconds
[2026-04-26T08:03:44.999+0000] {processor.py:161} INFO - Started process (PID=59015) to work on /usr/local/python/3.12.1/lib/python3.12/site-packages/airflow/example_dags/example_short_circuit_operator.py
[2026-04-26T08:03:44.999+0000] {processor.py:830} INFO - Processing file /usr/local/python/3.12.1/lib/python3.12/site-packages/airflow/example_dags/example_short_circuit_operator.py for tasks to queue
[2026-04-26T08:03:45.000+0000] {logging_mixin.py:188} INFO - [2026-04-26T08:03:45.000+0000] {dagbag.py:540} INFO - Filling up the DagBag from /usr/local/python/3.12.1/lib/python3.12/site-packages/airflow/example_dags/example_short_circuit_operator.py
[2026-04-26T08:03:45.009+0000] {processor.py:840} INFO - DAG(s) 'example_short_circuit_operator' retrieved from /usr/local/python/3.12.1/lib/python3.12/site-packages/airflow/example_dags/example_short_circuit_operator.py
[2026-04-26T08:03:45.032+0000] {logging_mixin.py:188} INFO - [2026-04-26T08:03:45.031+0000] {dag.py:3096} INFO - Sync 1 DAGs
[2026-04-26T08:03:45.060+0000] {logging_mixin.py:188} INFO - [2026-04-26T08:03:45.060+0000] {dag.py:3954} INFO - Setting next_dagrun for example_short_circuit_operator to 2026-04-25 00:00:00+00:00, run_after=2026-04-26 00:00:00+00:00
[2026-04-26T08:03:45.106+0000] {processor.py:183} INFO - Processing /usr/local/python/3.12.1/lib/python3.12/site-packages/airflow/example_dags/example_short_circuit_operator.py took 0.114 seconds
[2026-04-26T08:03:48.472+0000] {processor.py:161} INFO - Started process (PID=59104) to work on /usr/local/python/3.12.1/lib/python3.12/site-packages/airflow/example_dags/example_short_circuit_operator.py
[2026-04-26T08:03:48.473+0000] {processor.py:830} INFO - Processing file /usr/local/python/3.12.1/lib/python3.12/site-packages/airflow/example_dags/example_short_circuit_operator.py for tasks to queue
[2026-04-26T08:03:48.474+0000] {logging_mixin.py:188} INFO - [2026-04-26T08:03:48.473+0000] {dagbag.py:540} INFO - Filling up the DagBag from /usr/local/python/3.12.1/lib/python3.12/site-packages/airflow/example_dags/example_short_circuit_operator.py
[2026-04-26T08:03:48.483+0000] {processor.py:840} INFO - DAG(s) 'example_short_circuit_operator' retrieved from /usr/local/python/3.12.1/lib/python3.12/site-packages/airflow/example_dags/example_short_circuit_operator.py
[2026-04-26T08:03:48.522+0000] {logging_mixin.py:188} INFO - [2026-04-26T08:03:48.522+0000] {dag.py:3096} INFO - Sync 1 DAGs
[2026-04-26T08:03:48.557+0000] {logging_mixin.py:188} INFO - [2026-04-26T08:03:48.556+0000] {dag.py:3954} INFO - Setting next_dagrun for example_short_circuit_operator to 2026-04-25 00:00:00+00:00, run_after=2026-04-26 00:00:00+00:00
[2026-04-26T08:03:48.581+0000] {processor.py:183} INFO - Processing /usr/local/python/3.12.1/lib/python3.12/site-packages/airflow/example_dags/example_short_circuit_operator.py took 0.115 seconds
[2026-04-26T08:04:25.057+0000] {processor.py:161} INFO - Started process (PID=59415) to work on /usr/local/python/3.12.1/lib/python3.12/site-packages/airflow/example_dags/example_short_circuit_operator.py
[2026-04-26T08:04:25.059+0000] {processor.py:830} INFO - Processing file /usr/local/python/3.12.1/lib/python3.12/site-packages/airflow/example_dags/example_short_circuit_operator.py for tasks to queue
[2026-04-26T08:04:25.059+0000] {logging_mixin.py:188} INFO - [2026-04-26T08:04:25.059+0000] {dagbag.py:540} INFO - Filling up the DagBag from /usr/local/python/3.12.1/lib/python3.12/site-packages/airflow/example_dags/example_short_circuit_operator.py
[2026-04-26T08:04:25.068+0000] {processor.py:840} INFO - DAG(s) 'example_short_circuit_operator' retrieved from /usr/local/python/3.12.1/lib/python3.12/site-packages/airflow/example_dags/example_short_circuit_operator.py
[2026-04-26T08:04:25.096+0000] {logging_mixin.py:188} INFO - [2026-04-26T08:04:25.094+0000] {dag.py:3096} INFO - Sync 1 DAGs
[2026-04-26T08:04:25.120+0000] {logging_mixin.py:188} INFO - [2026-04-26T08:04:25.120+0000] {dag.py:3954} INFO - Setting next_dagrun for example_short_circuit_operator to 2026-04-25 00:00:00+00:00, run_after=2026-04-26 00:00:00+00:00
[2026-04-26T08:04:25.145+0000] {processor.py:183} INFO - Processing /usr/local/python/3.12.1/lib/python3.12/site-packages/airflow/example_dags/example_short_circuit_operator.py took 0.095 seconds
[2026-04-26T08:04:26.961+0000] {processor.py:161} INFO - Started process (PID=59443) to work on /usr/local/python/3.12.1/lib/python3.12/site-packages/airflow/example_dags/example_short_circuit_operator.py
[2026-04-26T08:04:26.962+0000] {processor.py:830} INFO - Processing file /usr/local/python/3.12.1/lib/python3.12/site-packages/airflow/example_dags/example_short_circuit_operator.py for tasks to queue
[2026-04-26T08:04:26.963+0000] {logging_mixin.py:188} INFO - [2026-04-26T08:04:26.963+0000] {dagbag.py:540} INFO - Filling up the DagBag from /usr/local/python/3.12.1/lib/python3.12/site-packages/airflow/example_dags/example_short_circuit_operator.py
[2026-04-26T08:04:26.971+0000] {processor.py:840} INFO - DAG(s) 'example_short_circuit_operator' retrieved from /usr/local/python/3.12.1/lib/python3.12/site-packages/airflow/example_dags/example_short_circuit_operator.py
[2026-04-26T08:04:27.000+0000] {logging_mixin.py:188} INFO - [2026-04-26T08:04:26.997+0000] {dag.py:3096} INFO - Sync 1 DAGs
[2026-04-26T08:04:27.025+0000] {logging_mixin.py:188} INFO - [2026-04-26T08:04:27.025+0000] {dag.py:3954} INFO - Setting next_dagrun for example_short_circuit_operator to 2026-04-25 00:00:00+00:00, run_after=2026-04-26 00:00:00+00:00
[2026-04-26T08:04:27.042+0000] {processor.py:183} INFO - Processing /usr/local/python/3.12.1/lib/python3.12/site-packages/airflow/example_dags/example_short_circuit_operator.py took 0.088 seconds
[2026-04-26T08:04:30.262+0000] {processor.py:161} INFO - Started process (PID=59473) to work on /usr/local/python/3.12.1/lib/python3.12/site-packages/airflow/example_dags/example_short_circuit_operator.py
[2026-04-26T08:04:30.264+0000] {processor.py:830} INFO - Processing file /usr/local/python/3.12.1/lib/python3.12/site-packages/airflow/example_dags/example_short_circuit_operator.py for tasks to queue
[2026-04-26T08:04:30.265+0000] {logging_mixin.py:188} INFO - [2026-04-26T08:04:30.265+0000] {dagbag.py:540} INFO - Filling up the DagBag from /usr/local/python/3.12.1/lib/python3.12/site-packages/airflow/example_dags/example_short_circuit_operator.py
[2026-04-26T08:04:30.281+0000] {processor.py:840} INFO - DAG(s) 'example_short_circuit_operator' retrieved from /usr/local/python/3.12.1/lib/python3.12/site-packages/airflow/example_dags/example_short_circuit_operator.py
[2026-04-26T08:04:30.321+0000] {logging_mixin.py:188} INFO - [2026-04-26T08:04:30.321+0000] {dag.py:3096} INFO - Sync 1 DAGs
[2026-04-26T08:04:30.346+0000] {logging_mixin.py:188} INFO - [2026-04-26T08:04:30.346+0000] {dag.py:3954} INFO - Setting next_dagrun for example_short_circuit_operator to 2026-04-25 00:00:00+00:00, run_after=2026-04-26 00:00:00+00:00
[2026-04-26T08:04:30.363+0000] {processor.py:183} INFO - Processing /usr/local/python/3.12.1/lib/python3.12/site-packages/airflow/example_dags/example_short_circuit_operator.py took 0.112 seconds
[2026-04-26T08:05:08.906+0000] {processor.py:161} INFO - Started process (PID=59880) to work on /usr/local/python/3.12.1/lib/python3.12/site-packages/airflow/example_dags/example_short_circuit_operator.py
[2026-04-26T08:05:08.907+0000] {processor.py:830} INFO - Processing file /usr/local/python/3.12.1/lib/python3.12/site-packages/airflow/example_dags/example_short_circuit_operator.py for tasks to queue
[2026-04-26T08:05:08.909+0000] {logging_mixin.py:188} INFO - [2026-04-26T08:05:08.908+0000] {dagbag.py:540} INFO - Filling up the DagBag from /usr/local/python/3.12.1/lib/python3.12/site-packages/airflow/example_dags/example_short_circuit_operator.py
[2026-04-26T08:05:08.943+0000] {processor.py:840} INFO - DAG(s) 'example_short_circuit_operator' retrieved from /usr/local/python/3.12.1/lib/python3.12/site-packages/airflow/example_dags/example_short_circuit_operator.py
[2026-04-26T08:05:08.979+0000] {logging_mixin.py:188} INFO - [2026-04-26T08:05:08.978+0000] {dag.py:3096} INFO - Sync 1 DAGs
[2026-04-26T08:05:09.005+0000] {logging_mixin.py:188} INFO - [2026-04-26T08:05:09.005+0000] {dag.py:3954} INFO - Setting next_dagrun for example_short_circuit_operator to 2026-04-25 00:00:00+00:00, run_after=2026-04-26 00:00:00+00:00
[2026-04-26T08:05:09.041+0000] {processor.py:183} INFO - Processing /usr/local/python/3.12.1/lib/python3.12/site-packages/airflow/example_dags/example_short_circuit_operator.py took 0.149 seconds
[2026-04-26T08:05:10.285+0000] {processor.py:161} INFO - Started process (PID=59914) to work on /usr/local/python/3.12.1/lib/python3.12/site-packages/airflow/example_dags/example_short_circuit_operator.py
[2026-04-26T08:05:10.286+0000] {processor.py:830} INFO - Processing file /usr/local/python/3.12.1/lib/python3.12/site-packages/airflow/example_dags/example_short_circuit_operator.py for tasks to queue
[2026-04-26T08:05:10.287+0000] {logging_mixin.py:188} INFO - [2026-04-26T08:05:10.287+0000] {dagbag.py:540} INFO - Filling up the DagBag from /usr/local/python/3.12.1/lib/python3.12/site-packages/airflow/example_dags/example_short_circuit_operator.py
[2026-04-26T08:05:10.299+0000] {processor.py:840} INFO - DAG(s) 'example_short_circuit_operator' retrieved from /usr/local/python/3.12.1/lib/python3.12/site-packages/airflow/example_dags/example_short_circuit_operator.py
[2026-04-26T08:05:10.321+0000] {logging_mixin.py:188} INFO - [2026-04-26T08:05:10.321+0000] {dag.py:3096} INFO - Sync 1 DAGs
[2026-04-26T08:05:10.350+0000] {logging_mixin.py:188} INFO - [2026-04-26T08:05:10.350+0000] {dag.py:3954} INFO - Setting next_dagrun for example_short_circuit_operator to 2026-04-25 00:00:00+00:00, run_after=2026-04-26 00:00:00+00:00
[2026-04-26T08:05:10.370+0000] {processor.py:183} INFO - Processing /usr/local/python/3.12.1/lib/python3.12/site-packages/airflow/example_dags/example_short_circuit_operator.py took 0.097 seconds
[2026-04-26T08:05:15.280+0000] {processor.py:161} INFO - Started process (PID=59994) to work on /usr/local/python/3.12.1/lib/python3.12/site-packages/airflow/example_dags/example_short_circuit_operator.py
[2026-04-26T08:05:15.281+0000] {processor.py:830} INFO - Processing file /usr/local/python/3.12.1/lib/python3.12/site-packages/airflow/example_dags/example_short_circuit_operator.py for tasks to queue
[2026-04-26T08:05:15.282+0000] {logging_mixin.py:188} INFO - [2026-04-26T08:05:15.282+0000] {dagbag.py:540} INFO - Filling up the DagBag from /usr/local/python/3.12.1/lib/python3.12/site-packages/airflow/example_dags/example_short_circuit_operator.py
[2026-04-26T08:05:15.288+0000] {processor.py:840} INFO - DAG(s) 'example_short_circuit_operator' retrieved from /usr/local/python/3.12.1/lib/python3.12/site-packages/airflow/example_dags/example_short_circuit_operator.py
[2026-04-26T08:05:15.301+0000] {logging_mixin.py:188} INFO - [2026-04-26T08:05:15.301+0000] {dag.py:3096} INFO - Sync 1 DAGs
[2026-04-26T08:05:15.316+0000] {logging_mixin.py:188} INFO - [2026-04-26T08:05:15.316+0000] {dag.py:3954} INFO - Setting next_dagrun for example_short_circuit_operator to 2026-04-25 00:00:00+00:00, run_after=2026-04-26 00:00:00+00:00
[2026-04-26T08:05:15.332+0000] {processor.py:183} INFO - Processing /usr/local/python/3.12.1/lib/python3.12/site-packages/airflow/example_dags/example_short_circuit_operator.py took 0.056 seconds
