[2026-04-26T06:55:14.292+0000] {processor.py:161} INFO - Started process (PID=10052) to work on /usr/local/python/3.12.1/lib/python3.12/site-packages/airflow/example_dags/tutorial.py
[2026-04-26T06:55:14.293+0000] {processor.py:830} INFO - Processing file /usr/local/python/3.12.1/lib/python3.12/site-packages/airflow/example_dags/tutorial.py for tasks to queue
[2026-04-26T06:55:14.293+0000] {logging_mixin.py:188} INFO - [2026-04-26T06:55:14.293+0000] {dagbag.py:540} INFO - Filling up the DagBag from /usr/local/python/3.12.1/lib/python3.12/site-packages/airflow/example_dags/tutorial.py
[2026-04-26T06:55:14.300+0000] {processor.py:840} INFO - DAG(s) 'tutorial' retrieved from /usr/local/python/3.12.1/lib/python3.12/site-packages/airflow/example_dags/tutorial.py
[2026-04-26T06:55:14.306+0000] {logging_mixin.py:188} INFO - [2026-04-26T06:55:14.306+0000] {dag.py:3096} INFO - Sync 1 DAGs
[2026-04-26T06:55:14.323+0000] {logging_mixin.py:188} INFO - [2026-04-26T06:55:14.323+0000] {dag.py:3954} INFO - Setting next_dagrun for tutorial to 2026-04-25 00:00:00+00:00, run_after=2026-04-26 00:00:00+00:00
[2026-04-26T06:55:14.339+0000] {processor.py:183} INFO - Processing /usr/local/python/3.12.1/lib/python3.12/site-packages/airflow/example_dags/tutorial.py took 0.050 seconds
[2026-04-26T06:56:07.542+0000] {processor.py:161} INFO - Started process (PID=10543) to work on /usr/local/python/3.12.1/lib/python3.12/site-packages/airflow/example_dags/tutorial.py
[2026-04-26T06:56:07.542+0000] {processor.py:830} INFO - Processing file /usr/local/python/3.12.1/lib/python3.12/site-packages/airflow/example_dags/tutorial.py for tasks to queue
[2026-04-26T06:56:07.543+0000] {logging_mixin.py:188} INFO - [2026-04-26T06:56:07.543+0000] {dagbag.py:540} INFO - Filling up the DagBag from /usr/local/python/3.12.1/lib/python3.12/site-packages/airflow/example_dags/tutorial.py
[2026-04-26T06:56:07.548+0000] {processor.py:840} INFO - DAG(s) 'tutorial' retrieved from /usr/local/python/3.12.1/lib/python3.12/site-packages/airflow/example_dags/tutorial.py
[2026-04-26T06:56:07.625+0000] {logging_mixin.py:188} INFO - [2026-04-26T06:56:07.624+0000] {dag.py:3096} INFO - Sync 1 DAGs
[2026-04-26T06:56:07.637+0000] {logging_mixin.py:188} INFO - [2026-04-26T06:56:07.637+0000] {dag.py:3954} INFO - Setting next_dagrun for tutorial to 2026-04-25 00:00:00+00:00, run_after=2026-04-26 00:00:00+00:00
[2026-04-26T06:56:07.653+0000] {processor.py:183} INFO - Processing /usr/local/python/3.12.1/lib/python3.12/site-packages/airflow/example_dags/tutorial.py took 0.116 seconds
[2026-04-26T06:56:51.664+0000] {processor.py:161} INFO - Started process (PID=10937) to work on /usr/local/python/3.12.1/lib/python3.12/site-packages/airflow/example_dags/tutorial.py
[2026-04-26T06:56:51.664+0000] {processor.py:830} INFO - Processing file /usr/local/python/3.12.1/lib/python3.12/site-packages/airflow/example_dags/tutorial.py for tasks to queue
[2026-04-26T06:56:51.665+0000] {logging_mixin.py:188} INFO - [2026-04-26T06:56:51.665+0000] {dagbag.py:540} INFO - Filling up the DagBag from /usr/local/python/3.12.1/lib/python3.12/site-packages/airflow/example_dags/tutorial.py
[2026-04-26T06:56:51.670+0000] {processor.py:840} INFO - DAG(s) 'tutorial' retrieved from /usr/local/python/3.12.1/lib/python3.12/site-packages/airflow/example_dags/tutorial.py
[2026-04-26T06:56:51.684+0000] {logging_mixin.py:188} INFO - [2026-04-26T06:56:51.684+0000] {dag.py:3096} INFO - Sync 1 DAGs
[2026-04-26T06:56:51.699+0000] {logging_mixin.py:188} INFO - [2026-04-26T06:56:51.698+0000] {dag.py:3954} INFO - Setting next_dagrun for tutorial to 2026-04-25 00:00:00+00:00, run_after=2026-04-26 00:00:00+00:00
[2026-04-26T06:56:51.714+0000] {processor.py:183} INFO - Processing /usr/local/python/3.12.1/lib/python3.12/site-packages/airflow/example_dags/tutorial.py took 0.055 seconds
[2026-04-26T06:57:34.446+0000] {processor.py:161} INFO - Started process (PID=11368) to work on /usr/local/python/3.12.1/lib/python3.12/site-packages/airflow/example_dags/tutorial.py
[2026-04-26T06:57:34.447+0000] {processor.py:830} INFO - Processing file /usr/local/python/3.12.1/lib/python3.12/site-packages/airflow/example_dags/tutorial.py for tasks to queue
[2026-04-26T06:57:34.448+0000] {logging_mixin.py:188} INFO - [2026-04-26T06:57:34.447+0000] {dagbag.py:540} INFO - Filling up the DagBag from /usr/local/python/3.12.1/lib/python3.12/site-packages/airflow/example_dags/tutorial.py
[2026-04-26T06:57:34.452+0000] {processor.py:840} INFO - DAG(s) 'tutorial' retrieved from /usr/local/python/3.12.1/lib/python3.12/site-packages/airflow/example_dags/tutorial.py
[2026-04-26T06:57:34.463+0000] {logging_mixin.py:188} INFO - [2026-04-26T06:57:34.463+0000] {dag.py:3096} INFO - Sync 1 DAGs
[2026-04-26T06:57:34.477+0000] {logging_mixin.py:188} INFO - [2026-04-26T06:57:34.477+0000] {dag.py:3954} INFO - Setting next_dagrun for tutorial to 2026-04-25 00:00:00+00:00, run_after=2026-04-26 00:00:00+00:00
[2026-04-26T06:57:34.493+0000] {processor.py:183} INFO - Processing /usr/local/python/3.12.1/lib/python3.12/site-packages/airflow/example_dags/tutorial.py took 0.051 seconds
[2026-04-26T06:58:14.967+0000] {processor.py:161} INFO - Started process (PID=11974) to work on /usr/local/python/3.12.1/lib/python3.12/site-packages/airflow/example_dags/tutorial.py
[2026-04-26T06:58:14.967+0000] {processor.py:830} INFO - Processing file /usr/local/python/3.12.1/lib/python3.12/site-packages/airflow/example_dags/tutorial.py for tasks to queue
[2026-04-26T06:58:14.968+0000] {logging_mixin.py:188} INFO - [2026-04-26T06:58:14.968+0000] {dagbag.py:540} INFO - Filling up the DagBag from /usr/local/python/3.12.1/lib/python3.12/site-packages/airflow/example_dags/tutorial.py
[2026-04-26T06:58:14.973+0000] {processor.py:840} INFO - DAG(s) 'tutorial' retrieved from /usr/local/python/3.12.1/lib/python3.12/site-packages/airflow/example_dags/tutorial.py
[2026-04-26T06:58:14.986+0000] {logging_mixin.py:188} INFO - [2026-04-26T06:58:14.985+0000] {dag.py:3096} INFO - Sync 1 DAGs
[2026-04-26T06:58:14.999+0000] {logging_mixin.py:188} INFO - [2026-04-26T06:58:14.999+0000] {dag.py:3954} INFO - Setting next_dagrun for tutorial to 2026-04-25 00:00:00+00:00, run_after=2026-04-26 00:00:00+00:00
[2026-04-26T06:58:15.015+0000] {processor.py:183} INFO - Processing /usr/local/python/3.12.1/lib/python3.12/site-packages/airflow/example_dags/tutorial.py took 0.053 seconds
[2026-04-26T06:58:56.749+0000] {processor.py:161} INFO - Started process (PID=12368) to work on /usr/local/python/3.12.1/lib/python3.12/site-packages/airflow/example_dags/tutorial.py
[2026-04-26T06:58:56.750+0000] {processor.py:830} INFO - Processing file /usr/local/python/3.12.1/lib/python3.12/site-packages/airflow/example_dags/tutorial.py for tasks to queue
[2026-04-26T06:58:56.750+0000] {logging_mixin.py:188} INFO - [2026-04-26T06:58:56.750+0000] {dagbag.py:540} INFO - Filling up the DagBag from /usr/local/python/3.12.1/lib/python3.12/site-packages/airflow/example_dags/tutorial.py
[2026-04-26T06:58:56.755+0000] {processor.py:840} INFO - DAG(s) 'tutorial' retrieved from /usr/local/python/3.12.1/lib/python3.12/site-packages/airflow/example_dags/tutorial.py
[2026-04-26T06:58:56.766+0000] {logging_mixin.py:188} INFO - [2026-04-26T06:58:56.766+0000] {dag.py:3096} INFO - Sync 1 DAGs
[2026-04-26T06:58:56.779+0000] {logging_mixin.py:188} INFO - [2026-04-26T06:58:56.779+0000] {dag.py:3954} INFO - Setting next_dagrun for tutorial to 2026-04-25 00:00:00+00:00, run_after=2026-04-26 00:00:00+00:00
[2026-04-26T06:58:56.795+0000] {processor.py:183} INFO - Processing /usr/local/python/3.12.1/lib/python3.12/site-packages/airflow/example_dags/tutorial.py took 0.050 seconds
[2026-04-26T06:59:45.746+0000] {processor.py:161} INFO - Started process (PID=12867) to work on /usr/local/python/3.12.1/lib/python3.12/site-packages/airflow/example_dags/tutorial.py
[2026-04-26T06:59:45.747+0000] {processor.py:830} INFO - Processing file /usr/local/python/3.12.1/lib/python3.12/site-packages/airflow/example_dags/tutorial.py for tasks to queue
[2026-04-26T06:59:45.748+0000] {logging_mixin.py:188} INFO - [2026-04-26T06:59:45.748+0000] {dagbag.py:540} INFO - Filling up the DagBag from /usr/local/python/3.12.1/lib/python3.12/site-packages/airflow/example_dags/tutorial.py
[2026-04-26T06:59:45.753+0000] {processor.py:840} INFO - DAG(s) 'tutorial' retrieved from /usr/local/python/3.12.1/lib/python3.12/site-packages/airflow/example_dags/tutorial.py
[2026-04-26T06:59:45.763+0000] {logging_mixin.py:188} INFO - [2026-04-26T06:59:45.763+0000] {dag.py:3096} INFO - Sync 1 DAGs
[2026-04-26T06:59:45.777+0000] {logging_mixin.py:188} INFO - [2026-04-26T06:59:45.777+0000] {dag.py:3954} INFO - Setting next_dagrun for tutorial to 2026-04-25 00:00:00+00:00, run_after=2026-04-26 00:00:00+00:00
[2026-04-26T06:59:45.793+0000] {processor.py:183} INFO - Processing /usr/local/python/3.12.1/lib/python3.12/site-packages/airflow/example_dags/tutorial.py took 0.050 seconds
[2026-04-26T07:00:27.769+0000] {processor.py:161} INFO - Started process (PID=13281) to work on /usr/local/python/3.12.1/lib/python3.12/site-packages/airflow/example_dags/tutorial.py
[2026-04-26T07:00:27.770+0000] {processor.py:830} INFO - Processing file /usr/local/python/3.12.1/lib/python3.12/site-packages/airflow/example_dags/tutorial.py for tasks to queue
[2026-04-26T07:00:27.771+0000] {logging_mixin.py:188} INFO - [2026-04-26T07:00:27.771+0000] {dagbag.py:540} INFO - Filling up the DagBag from /usr/local/python/3.12.1/lib/python3.12/site-packages/airflow/example_dags/tutorial.py
[2026-04-26T07:00:27.776+0000] {processor.py:840} INFO - DAG(s) 'tutorial' retrieved from /usr/local/python/3.12.1/lib/python3.12/site-packages/airflow/example_dags/tutorial.py
[2026-04-26T07:00:27.787+0000] {logging_mixin.py:188} INFO - [2026-04-26T07:00:27.787+0000] {dag.py:3096} INFO - Sync 1 DAGs
[2026-04-26T07:00:27.802+0000] {logging_mixin.py:188} INFO - [2026-04-26T07:00:27.802+0000] {dag.py:3954} INFO - Setting next_dagrun for tutorial to 2026-04-25 00:00:00+00:00, run_after=2026-04-26 00:00:00+00:00
[2026-04-26T07:00:27.818+0000] {processor.py:183} INFO - Processing /usr/local/python/3.12.1/lib/python3.12/site-packages/airflow/example_dags/tutorial.py took 0.053 seconds
[2026-04-26T07:01:12.857+0000] {processor.py:161} INFO - Started process (PID=13673) to work on /usr/local/python/3.12.1/lib/python3.12/site-packages/airflow/example_dags/tutorial.py
[2026-04-26T07:01:12.858+0000] {processor.py:830} INFO - Processing file /usr/local/python/3.12.1/lib/python3.12/site-packages/airflow/example_dags/tutorial.py for tasks to queue
[2026-04-26T07:01:12.858+0000] {logging_mixin.py:188} INFO - [2026-04-26T07:01:12.858+0000] {dagbag.py:540} INFO - Filling up the DagBag from /usr/local/python/3.12.1/lib/python3.12/site-packages/airflow/example_dags/tutorial.py
[2026-04-26T07:01:12.863+0000] {processor.py:840} INFO - DAG(s) 'tutorial' retrieved from /usr/local/python/3.12.1/lib/python3.12/site-packages/airflow/example_dags/tutorial.py
[2026-04-26T07:01:12.876+0000] {logging_mixin.py:188} INFO - [2026-04-26T07:01:12.875+0000] {dag.py:3096} INFO - Sync 1 DAGs
[2026-04-26T07:01:12.891+0000] {logging_mixin.py:188} INFO - [2026-04-26T07:01:12.890+0000] {dag.py:3954} INFO - Setting next_dagrun for tutorial to 2026-04-25 00:00:00+00:00, run_after=2026-04-26 00:00:00+00:00
[2026-04-26T07:01:12.909+0000] {processor.py:183} INFO - Processing /usr/local/python/3.12.1/lib/python3.12/site-packages/airflow/example_dags/tutorial.py took 0.056 seconds
[2026-04-26T07:01:57.023+0000] {processor.py:161} INFO - Started process (PID=14040) to work on /usr/local/python/3.12.1/lib/python3.12/site-packages/airflow/example_dags/tutorial.py
[2026-04-26T07:01:57.031+0000] {processor.py:830} INFO - Processing file /usr/local/python/3.12.1/lib/python3.12/site-packages/airflow/example_dags/tutorial.py for tasks to queue
[2026-04-26T07:01:57.032+0000] {logging_mixin.py:188} INFO - [2026-04-26T07:01:57.032+0000] {dagbag.py:540} INFO - Filling up the DagBag from /usr/local/python/3.12.1/lib/python3.12/site-packages/airflow/example_dags/tutorial.py
[2026-04-26T07:01:57.062+0000] {processor.py:840} INFO - DAG(s) 'tutorial' retrieved from /usr/local/python/3.12.1/lib/python3.12/site-packages/airflow/example_dags/tutorial.py
[2026-04-26T07:01:57.116+0000] {logging_mixin.py:188} INFO - [2026-04-26T07:01:57.116+0000] {dag.py:3096} INFO - Sync 1 DAGs
[2026-04-26T07:01:57.169+0000] {logging_mixin.py:188} INFO - [2026-04-26T07:01:57.169+0000] {dag.py:3954} INFO - Setting next_dagrun for tutorial to 2026-04-25 00:00:00+00:00, run_after=2026-04-26 00:00:00+00:00
[2026-04-26T07:01:57.233+0000] {processor.py:183} INFO - Processing /usr/local/python/3.12.1/lib/python3.12/site-packages/airflow/example_dags/tutorial.py took 0.234 seconds
[2026-04-26T07:02:44.266+0000] {processor.py:161} INFO - Started process (PID=14461) to work on /usr/local/python/3.12.1/lib/python3.12/site-packages/airflow/example_dags/tutorial.py
[2026-04-26T07:02:44.267+0000] {processor.py:830} INFO - Processing file /usr/local/python/3.12.1/lib/python3.12/site-packages/airflow/example_dags/tutorial.py for tasks to queue
[2026-04-26T07:02:44.267+0000] {logging_mixin.py:188} INFO - [2026-04-26T07:02:44.267+0000] {dagbag.py:540} INFO - Filling up the DagBag from /usr/local/python/3.12.1/lib/python3.12/site-packages/airflow/example_dags/tutorial.py
[2026-04-26T07:02:44.272+0000] {processor.py:840} INFO - DAG(s) 'tutorial' retrieved from /usr/local/python/3.12.1/lib/python3.12/site-packages/airflow/example_dags/tutorial.py
[2026-04-26T07:02:44.283+0000] {logging_mixin.py:188} INFO - [2026-04-26T07:02:44.283+0000] {dag.py:3096} INFO - Sync 1 DAGs
[2026-04-26T07:02:44.297+0000] {logging_mixin.py:188} INFO - [2026-04-26T07:02:44.297+0000] {dag.py:3954} INFO - Setting next_dagrun for tutorial to 2026-04-25 00:00:00+00:00, run_after=2026-04-26 00:00:00+00:00
[2026-04-26T07:02:44.313+0000] {processor.py:183} INFO - Processing /usr/local/python/3.12.1/lib/python3.12/site-packages/airflow/example_dags/tutorial.py took 0.051 seconds
[2026-04-26T07:03:29.974+0000] {processor.py:161} INFO - Started process (PID=14800) to work on /usr/local/python/3.12.1/lib/python3.12/site-packages/airflow/example_dags/tutorial.py
[2026-04-26T07:03:29.975+0000] {processor.py:830} INFO - Processing file /usr/local/python/3.12.1/lib/python3.12/site-packages/airflow/example_dags/tutorial.py for tasks to queue
[2026-04-26T07:03:29.976+0000] {logging_mixin.py:188} INFO - [2026-04-26T07:03:29.975+0000] {dagbag.py:540} INFO - Filling up the DagBag from /usr/local/python/3.12.1/lib/python3.12/site-packages/airflow/example_dags/tutorial.py
[2026-04-26T07:03:29.980+0000] {processor.py:840} INFO - DAG(s) 'tutorial' retrieved from /usr/local/python/3.12.1/lib/python3.12/site-packages/airflow/example_dags/tutorial.py
[2026-04-26T07:03:29.991+0000] {logging_mixin.py:188} INFO - [2026-04-26T07:03:29.991+0000] {dag.py:3096} INFO - Sync 1 DAGs
[2026-04-26T07:03:30.005+0000] {logging_mixin.py:188} INFO - [2026-04-26T07:03:30.004+0000] {dag.py:3954} INFO - Setting next_dagrun for tutorial to 2026-04-25 00:00:00+00:00, run_after=2026-04-26 00:00:00+00:00
[2026-04-26T07:03:30.020+0000] {processor.py:183} INFO - Processing /usr/local/python/3.12.1/lib/python3.12/site-packages/airflow/example_dags/tutorial.py took 0.050 seconds
[2026-04-26T07:04:07.364+0000] {processor.py:161} INFO - Started process (PID=15111) to work on /usr/local/python/3.12.1/lib/python3.12/site-packages/airflow/example_dags/tutorial.py
[2026-04-26T07:04:07.365+0000] {processor.py:830} INFO - Processing file /usr/local/python/3.12.1/lib/python3.12/site-packages/airflow/example_dags/tutorial.py for tasks to queue
[2026-04-26T07:04:07.366+0000] {logging_mixin.py:188} INFO - [2026-04-26T07:04:07.365+0000] {dagbag.py:540} INFO - Filling up the DagBag from /usr/local/python/3.12.1/lib/python3.12/site-packages/airflow/example_dags/tutorial.py
[2026-04-26T07:04:07.372+0000] {processor.py:840} INFO - DAG(s) 'tutorial' retrieved from /usr/local/python/3.12.1/lib/python3.12/site-packages/airflow/example_dags/tutorial.py
[2026-04-26T07:04:07.388+0000] {logging_mixin.py:188} INFO - [2026-04-26T07:04:07.388+0000] {dag.py:3096} INFO - Sync 1 DAGs
[2026-04-26T07:04:07.403+0000] {logging_mixin.py:188} INFO - [2026-04-26T07:04:07.403+0000] {dag.py:3954} INFO - Setting next_dagrun for tutorial to 2026-04-25 00:00:00+00:00, run_after=2026-04-26 00:00:00+00:00
[2026-04-26T07:04:07.419+0000] {processor.py:183} INFO - Processing /usr/local/python/3.12.1/lib/python3.12/site-packages/airflow/example_dags/tutorial.py took 0.059 seconds
[2026-04-26T07:04:47.718+0000] {processor.py:161} INFO - Started process (PID=15585) to work on /usr/local/python/3.12.1/lib/python3.12/site-packages/airflow/example_dags/tutorial.py
[2026-04-26T07:04:47.718+0000] {processor.py:830} INFO - Processing file /usr/local/python/3.12.1/lib/python3.12/site-packages/airflow/example_dags/tutorial.py for tasks to queue
[2026-04-26T07:04:47.719+0000] {logging_mixin.py:188} INFO - [2026-04-26T07:04:47.719+0000] {dagbag.py:540} INFO - Filling up the DagBag from /usr/local/python/3.12.1/lib/python3.12/site-packages/airflow/example_dags/tutorial.py
[2026-04-26T07:04:47.723+0000] {processor.py:840} INFO - DAG(s) 'tutorial' retrieved from /usr/local/python/3.12.1/lib/python3.12/site-packages/airflow/example_dags/tutorial.py
[2026-04-26T07:04:47.734+0000] {logging_mixin.py:188} INFO - [2026-04-26T07:04:47.734+0000] {dag.py:3096} INFO - Sync 1 DAGs
[2026-04-26T07:04:47.748+0000] {logging_mixin.py:188} INFO - [2026-04-26T07:04:47.747+0000] {dag.py:3954} INFO - Setting next_dagrun for tutorial to 2026-04-25 00:00:00+00:00, run_after=2026-04-26 00:00:00+00:00
[2026-04-26T07:04:47.763+0000] {processor.py:183} INFO - Processing /usr/local/python/3.12.1/lib/python3.12/site-packages/airflow/example_dags/tutorial.py took 0.049 seconds
[2026-04-26T07:05:25.672+0000] {processor.py:161} INFO - Started process (PID=16001) to work on /usr/local/python/3.12.1/lib/python3.12/site-packages/airflow/example_dags/tutorial.py
[2026-04-26T07:05:25.673+0000] {processor.py:830} INFO - Processing file /usr/local/python/3.12.1/lib/python3.12/site-packages/airflow/example_dags/tutorial.py for tasks to queue
[2026-04-26T07:05:25.673+0000] {logging_mixin.py:188} INFO - [2026-04-26T07:05:25.673+0000] {dagbag.py:540} INFO - Filling up the DagBag from /usr/local/python/3.12.1/lib/python3.12/site-packages/airflow/example_dags/tutorial.py
[2026-04-26T07:05:25.678+0000] {processor.py:840} INFO - DAG(s) 'tutorial' retrieved from /usr/local/python/3.12.1/lib/python3.12/site-packages/airflow/example_dags/tutorial.py
[2026-04-26T07:05:25.694+0000] {logging_mixin.py:188} INFO - [2026-04-26T07:05:25.693+0000] {dag.py:3096} INFO - Sync 1 DAGs
[2026-04-26T07:05:25.717+0000] {logging_mixin.py:188} INFO - [2026-04-26T07:05:25.717+0000] {dag.py:3954} INFO - Setting next_dagrun for tutorial to 2026-04-25 00:00:00+00:00, run_after=2026-04-26 00:00:00+00:00
[2026-04-26T07:05:25.743+0000] {processor.py:183} INFO - Processing /usr/local/python/3.12.1/lib/python3.12/site-packages/airflow/example_dags/tutorial.py took 0.075 seconds
[2026-04-26T07:06:04.240+0000] {processor.py:161} INFO - Started process (PID=16451) to work on /usr/local/python/3.12.1/lib/python3.12/site-packages/airflow/example_dags/tutorial.py
[2026-04-26T07:06:04.241+0000] {processor.py:830} INFO - Processing file /usr/local/python/3.12.1/lib/python3.12/site-packages/airflow/example_dags/tutorial.py for tasks to queue
[2026-04-26T07:06:04.242+0000] {logging_mixin.py:188} INFO - [2026-04-26T07:06:04.242+0000] {dagbag.py:540} INFO - Filling up the DagBag from /usr/local/python/3.12.1/lib/python3.12/site-packages/airflow/example_dags/tutorial.py
[2026-04-26T07:06:04.247+0000] {processor.py:840} INFO - DAG(s) 'tutorial' retrieved from /usr/local/python/3.12.1/lib/python3.12/site-packages/airflow/example_dags/tutorial.py
[2026-04-26T07:06:04.258+0000] {logging_mixin.py:188} INFO - [2026-04-26T07:06:04.258+0000] {dag.py:3096} INFO - Sync 1 DAGs
[2026-04-26T07:06:04.273+0000] {logging_mixin.py:188} INFO - [2026-04-26T07:06:04.273+0000] {dag.py:3954} INFO - Setting next_dagrun for tutorial to 2026-04-25 00:00:00+00:00, run_after=2026-04-26 00:00:00+00:00
[2026-04-26T07:06:04.289+0000] {processor.py:183} INFO - Processing /usr/local/python/3.12.1/lib/python3.12/site-packages/airflow/example_dags/tutorial.py took 0.053 seconds
[2026-04-26T07:06:44.318+0000] {processor.py:161} INFO - Started process (PID=16752) to work on /usr/local/python/3.12.1/lib/python3.12/site-packages/airflow/example_dags/tutorial.py
[2026-04-26T07:06:44.319+0000] {processor.py:830} INFO - Processing file /usr/local/python/3.12.1/lib/python3.12/site-packages/airflow/example_dags/tutorial.py for tasks to queue
[2026-04-26T07:06:44.319+0000] {logging_mixin.py:188} INFO - [2026-04-26T07:06:44.319+0000] {dagbag.py:540} INFO - Filling up the DagBag from /usr/local/python/3.12.1/lib/python3.12/site-packages/airflow/example_dags/tutorial.py
[2026-04-26T07:06:44.324+0000] {processor.py:840} INFO - DAG(s) 'tutorial' retrieved from /usr/local/python/3.12.1/lib/python3.12/site-packages/airflow/example_dags/tutorial.py
[2026-04-26T07:06:44.336+0000] {logging_mixin.py:188} INFO - [2026-04-26T07:06:44.336+0000] {dag.py:3096} INFO - Sync 1 DAGs
[2026-04-26T07:06:44.350+0000] {logging_mixin.py:188} INFO - [2026-04-26T07:06:44.350+0000] {dag.py:3954} INFO - Setting next_dagrun for tutorial to 2026-04-25 00:00:00+00:00, run_after=2026-04-26 00:00:00+00:00
[2026-04-26T07:06:44.366+0000] {processor.py:183} INFO - Processing /usr/local/python/3.12.1/lib/python3.12/site-packages/airflow/example_dags/tutorial.py took 0.052 seconds
[2026-04-26T07:07:25.458+0000] {processor.py:161} INFO - Started process (PID=17106) to work on /usr/local/python/3.12.1/lib/python3.12/site-packages/airflow/example_dags/tutorial.py
[2026-04-26T07:07:25.458+0000] {processor.py:830} INFO - Processing file /usr/local/python/3.12.1/lib/python3.12/site-packages/airflow/example_dags/tutorial.py for tasks to queue
[2026-04-26T07:07:25.459+0000] {logging_mixin.py:188} INFO - [2026-04-26T07:07:25.459+0000] {dagbag.py:540} INFO - Filling up the DagBag from /usr/local/python/3.12.1/lib/python3.12/site-packages/airflow/example_dags/tutorial.py
[2026-04-26T07:07:25.464+0000] {processor.py:840} INFO - DAG(s) 'tutorial' retrieved from /usr/local/python/3.12.1/lib/python3.12/site-packages/airflow/example_dags/tutorial.py
[2026-04-26T07:07:25.475+0000] {logging_mixin.py:188} INFO - [2026-04-26T07:07:25.475+0000] {dag.py:3096} INFO - Sync 1 DAGs
[2026-04-26T07:07:25.488+0000] {logging_mixin.py:188} INFO - [2026-04-26T07:07:25.488+0000] {dag.py:3954} INFO - Setting next_dagrun for tutorial to 2026-04-25 00:00:00+00:00, run_after=2026-04-26 00:00:00+00:00
[2026-04-26T07:07:25.504+0000] {processor.py:183} INFO - Processing /usr/local/python/3.12.1/lib/python3.12/site-packages/airflow/example_dags/tutorial.py took 0.050 seconds
[2026-04-26T07:08:07.020+0000] {processor.py:161} INFO - Started process (PID=17449) to work on /usr/local/python/3.12.1/lib/python3.12/site-packages/airflow/example_dags/tutorial.py
[2026-04-26T07:08:07.020+0000] {processor.py:830} INFO - Processing file /usr/local/python/3.12.1/lib/python3.12/site-packages/airflow/example_dags/tutorial.py for tasks to queue
[2026-04-26T07:08:07.021+0000] {logging_mixin.py:188} INFO - [2026-04-26T07:08:07.021+0000] {dagbag.py:540} INFO - Filling up the DagBag from /usr/local/python/3.12.1/lib/python3.12/site-packages/airflow/example_dags/tutorial.py
[2026-04-26T07:08:07.026+0000] {processor.py:840} INFO - DAG(s) 'tutorial' retrieved from /usr/local/python/3.12.1/lib/python3.12/site-packages/airflow/example_dags/tutorial.py
[2026-04-26T07:08:07.037+0000] {logging_mixin.py:188} INFO - [2026-04-26T07:08:07.037+0000] {dag.py:3096} INFO - Sync 1 DAGs
[2026-04-26T07:08:07.051+0000] {logging_mixin.py:188} INFO - [2026-04-26T07:08:07.050+0000] {dag.py:3954} INFO - Setting next_dagrun for tutorial to 2026-04-25 00:00:00+00:00, run_after=2026-04-26 00:00:00+00:00
[2026-04-26T07:08:07.066+0000] {processor.py:183} INFO - Processing /usr/local/python/3.12.1/lib/python3.12/site-packages/airflow/example_dags/tutorial.py took 0.050 seconds
[2026-04-26T07:08:52.359+0000] {processor.py:161} INFO - Started process (PID=17935) to work on /usr/local/python/3.12.1/lib/python3.12/site-packages/airflow/example_dags/tutorial.py
[2026-04-26T07:08:52.360+0000] {processor.py:830} INFO - Processing file /usr/local/python/3.12.1/lib/python3.12/site-packages/airflow/example_dags/tutorial.py for tasks to queue
[2026-04-26T07:08:52.360+0000] {logging_mixin.py:188} INFO - [2026-04-26T07:08:52.360+0000] {dagbag.py:540} INFO - Filling up the DagBag from /usr/local/python/3.12.1/lib/python3.12/site-packages/airflow/example_dags/tutorial.py
[2026-04-26T07:08:52.365+0000] {processor.py:840} INFO - DAG(s) 'tutorial' retrieved from /usr/local/python/3.12.1/lib/python3.12/site-packages/airflow/example_dags/tutorial.py
[2026-04-26T07:08:52.376+0000] {logging_mixin.py:188} INFO - [2026-04-26T07:08:52.376+0000] {dag.py:3096} INFO - Sync 1 DAGs
[2026-04-26T07:08:52.390+0000] {logging_mixin.py:188} INFO - [2026-04-26T07:08:52.390+0000] {dag.py:3954} INFO - Setting next_dagrun for tutorial to 2026-04-25 00:00:00+00:00, run_after=2026-04-26 00:00:00+00:00
[2026-04-26T07:08:52.578+0000] {processor.py:183} INFO - Processing /usr/local/python/3.12.1/lib/python3.12/site-packages/airflow/example_dags/tutorial.py took 0.225 seconds
[2026-04-26T07:09:39.937+0000] {processor.py:161} INFO - Started process (PID=18533) to work on /usr/local/python/3.12.1/lib/python3.12/site-packages/airflow/example_dags/tutorial.py
[2026-04-26T07:09:39.937+0000] {processor.py:830} INFO - Processing file /usr/local/python/3.12.1/lib/python3.12/site-packages/airflow/example_dags/tutorial.py for tasks to queue
[2026-04-26T07:09:39.938+0000] {logging_mixin.py:188} INFO - [2026-04-26T07:09:39.938+0000] {dagbag.py:540} INFO - Filling up the DagBag from /usr/local/python/3.12.1/lib/python3.12/site-packages/airflow/example_dags/tutorial.py
[2026-04-26T07:09:39.946+0000] {processor.py:840} INFO - DAG(s) 'tutorial' retrieved from /usr/local/python/3.12.1/lib/python3.12/site-packages/airflow/example_dags/tutorial.py
[2026-04-26T07:09:39.964+0000] {logging_mixin.py:188} INFO - [2026-04-26T07:09:39.964+0000] {dag.py:3096} INFO - Sync 1 DAGs
[2026-04-26T07:09:39.978+0000] {logging_mixin.py:188} INFO - [2026-04-26T07:09:39.978+0000] {dag.py:3954} INFO - Setting next_dagrun for tutorial to 2026-04-25 00:00:00+00:00, run_after=2026-04-26 00:00:00+00:00
[2026-04-26T07:09:39.994+0000] {processor.py:183} INFO - Processing /usr/local/python/3.12.1/lib/python3.12/site-packages/airflow/example_dags/tutorial.py took 0.062 seconds
[2026-04-26T07:09:46.553+0000] {processor.py:161} INFO - Started process (PID=18626) to work on /usr/local/python/3.12.1/lib/python3.12/site-packages/airflow/example_dags/tutorial.py
[2026-04-26T07:09:46.554+0000] {processor.py:830} INFO - Processing file /usr/local/python/3.12.1/lib/python3.12/site-packages/airflow/example_dags/tutorial.py for tasks to queue
[2026-04-26T07:09:46.555+0000] {logging_mixin.py:188} INFO - [2026-04-26T07:09:46.555+0000] {dagbag.py:540} INFO - Filling up the DagBag from /usr/local/python/3.12.1/lib/python3.12/site-packages/airflow/example_dags/tutorial.py
[2026-04-26T07:09:46.560+0000] {processor.py:840} INFO - DAG(s) 'tutorial' retrieved from /usr/local/python/3.12.1/lib/python3.12/site-packages/airflow/example_dags/tutorial.py
[2026-04-26T07:09:46.571+0000] {logging_mixin.py:188} INFO - [2026-04-26T07:09:46.571+0000] {dag.py:3096} INFO - Sync 1 DAGs
[2026-04-26T07:09:46.585+0000] {logging_mixin.py:188} INFO - [2026-04-26T07:09:46.585+0000] {dag.py:3954} INFO - Setting next_dagrun for tutorial to 2026-04-25 00:00:00+00:00, run_after=2026-04-26 00:00:00+00:00
[2026-04-26T07:09:46.601+0000] {processor.py:183} INFO - Processing /usr/local/python/3.12.1/lib/python3.12/site-packages/airflow/example_dags/tutorial.py took 0.053 seconds
[2026-04-26T07:10:28.701+0000] {processor.py:161} INFO - Started process (PID=19035) to work on /usr/local/python/3.12.1/lib/python3.12/site-packages/airflow/example_dags/tutorial.py
[2026-04-26T07:10:28.702+0000] {processor.py:830} INFO - Processing file /usr/local/python/3.12.1/lib/python3.12/site-packages/airflow/example_dags/tutorial.py for tasks to queue
[2026-04-26T07:10:28.703+0000] {logging_mixin.py:188} INFO - [2026-04-26T07:10:28.703+0000] {dagbag.py:540} INFO - Filling up the DagBag from /usr/local/python/3.12.1/lib/python3.12/site-packages/airflow/example_dags/tutorial.py
[2026-04-26T07:10:28.708+0000] {processor.py:840} INFO - DAG(s) 'tutorial' retrieved from /usr/local/python/3.12.1/lib/python3.12/site-packages/airflow/example_dags/tutorial.py
[2026-04-26T07:10:28.720+0000] {logging_mixin.py:188} INFO - [2026-04-26T07:10:28.720+0000] {dag.py:3096} INFO - Sync 1 DAGs
[2026-04-26T07:10:28.737+0000] {logging_mixin.py:188} INFO - [2026-04-26T07:10:28.736+0000] {dag.py:3954} INFO - Setting next_dagrun for tutorial to 2026-04-25 00:00:00+00:00, run_after=2026-04-26 00:00:00+00:00
[2026-04-26T07:10:28.759+0000] {processor.py:183} INFO - Processing /usr/local/python/3.12.1/lib/python3.12/site-packages/airflow/example_dags/tutorial.py took 0.063 seconds
[2026-04-26T07:10:31.142+0000] {processor.py:161} INFO - Started process (PID=19051) to work on /usr/local/python/3.12.1/lib/python3.12/site-packages/airflow/example_dags/tutorial.py
[2026-04-26T07:10:31.143+0000] {processor.py:830} INFO - Processing file /usr/local/python/3.12.1/lib/python3.12/site-packages/airflow/example_dags/tutorial.py for tasks to queue
[2026-04-26T07:10:31.144+0000] {logging_mixin.py:188} INFO - [2026-04-26T07:10:31.143+0000] {dagbag.py:540} INFO - Filling up the DagBag from /usr/local/python/3.12.1/lib/python3.12/site-packages/airflow/example_dags/tutorial.py
[2026-04-26T07:10:31.148+0000] {processor.py:840} INFO - DAG(s) 'tutorial' retrieved from /usr/local/python/3.12.1/lib/python3.12/site-packages/airflow/example_dags/tutorial.py
[2026-04-26T07:10:31.160+0000] {logging_mixin.py:188} INFO - [2026-04-26T07:10:31.160+0000] {dag.py:3096} INFO - Sync 1 DAGs
[2026-04-26T07:10:31.174+0000] {logging_mixin.py:188} INFO - [2026-04-26T07:10:31.174+0000] {dag.py:3954} INFO - Setting next_dagrun for tutorial to 2026-04-25 00:00:00+00:00, run_after=2026-04-26 00:00:00+00:00
[2026-04-26T07:10:31.190+0000] {processor.py:183} INFO - Processing /usr/local/python/3.12.1/lib/python3.12/site-packages/airflow/example_dags/tutorial.py took 0.052 seconds
[2026-04-26T07:11:08.859+0000] {processor.py:161} INFO - Started process (PID=19481) to work on /usr/local/python/3.12.1/lib/python3.12/site-packages/airflow/example_dags/tutorial.py
[2026-04-26T07:11:08.860+0000] {processor.py:830} INFO - Processing file /usr/local/python/3.12.1/lib/python3.12/site-packages/airflow/example_dags/tutorial.py for tasks to queue
[2026-04-26T07:11:08.861+0000] {logging_mixin.py:188} INFO - [2026-04-26T07:11:08.860+0000] {dagbag.py:540} INFO - Filling up the DagBag from /usr/local/python/3.12.1/lib/python3.12/site-packages/airflow/example_dags/tutorial.py
[2026-04-26T07:11:08.866+0000] {processor.py:840} INFO - DAG(s) 'tutorial' retrieved from /usr/local/python/3.12.1/lib/python3.12/site-packages/airflow/example_dags/tutorial.py
[2026-04-26T07:11:08.878+0000] {logging_mixin.py:188} INFO - [2026-04-26T07:11:08.878+0000] {dag.py:3096} INFO - Sync 1 DAGs
[2026-04-26T07:11:08.893+0000] {logging_mixin.py:188} INFO - [2026-04-26T07:11:08.892+0000] {dag.py:3954} INFO - Setting next_dagrun for tutorial to 2026-04-25 00:00:00+00:00, run_after=2026-04-26 00:00:00+00:00
[2026-04-26T07:11:08.909+0000] {processor.py:183} INFO - Processing /usr/local/python/3.12.1/lib/python3.12/site-packages/airflow/example_dags/tutorial.py took 0.054 seconds
[2026-04-26T07:11:11.490+0000] {processor.py:161} INFO - Started process (PID=19502) to work on /usr/local/python/3.12.1/lib/python3.12/site-packages/airflow/example_dags/tutorial.py
[2026-04-26T07:11:11.491+0000] {processor.py:830} INFO - Processing file /usr/local/python/3.12.1/lib/python3.12/site-packages/airflow/example_dags/tutorial.py for tasks to queue
[2026-04-26T07:11:11.492+0000] {logging_mixin.py:188} INFO - [2026-04-26T07:11:11.491+0000] {dagbag.py:540} INFO - Filling up the DagBag from /usr/local/python/3.12.1/lib/python3.12/site-packages/airflow/example_dags/tutorial.py
[2026-04-26T07:11:11.498+0000] {processor.py:840} INFO - DAG(s) 'tutorial' retrieved from /usr/local/python/3.12.1/lib/python3.12/site-packages/airflow/example_dags/tutorial.py
[2026-04-26T07:11:11.513+0000] {logging_mixin.py:188} INFO - [2026-04-26T07:11:11.513+0000] {dag.py:3096} INFO - Sync 1 DAGs
[2026-04-26T07:11:11.527+0000] {logging_mixin.py:188} INFO - [2026-04-26T07:11:11.527+0000] {dag.py:3954} INFO - Setting next_dagrun for tutorial to 2026-04-25 00:00:00+00:00, run_after=2026-04-26 00:00:00+00:00
[2026-04-26T07:11:11.712+0000] {processor.py:183} INFO - Processing /usr/local/python/3.12.1/lib/python3.12/site-packages/airflow/example_dags/tutorial.py took 0.226 seconds
[2026-04-26T07:11:51.573+0000] {processor.py:161} INFO - Started process (PID=19992) to work on /usr/local/python/3.12.1/lib/python3.12/site-packages/airflow/example_dags/tutorial.py
[2026-04-26T07:11:51.574+0000] {processor.py:830} INFO - Processing file /usr/local/python/3.12.1/lib/python3.12/site-packages/airflow/example_dags/tutorial.py for tasks to queue
[2026-04-26T07:11:51.574+0000] {logging_mixin.py:188} INFO - [2026-04-26T07:11:51.574+0000] {dagbag.py:540} INFO - Filling up the DagBag from /usr/local/python/3.12.1/lib/python3.12/site-packages/airflow/example_dags/tutorial.py
[2026-04-26T07:11:51.579+0000] {processor.py:840} INFO - DAG(s) 'tutorial' retrieved from /usr/local/python/3.12.1/lib/python3.12/site-packages/airflow/example_dags/tutorial.py
[2026-04-26T07:11:51.590+0000] {logging_mixin.py:188} INFO - [2026-04-26T07:11:51.590+0000] {dag.py:3096} INFO - Sync 1 DAGs
[2026-04-26T07:11:51.604+0000] {logging_mixin.py:188} INFO - [2026-04-26T07:11:51.604+0000] {dag.py:3954} INFO - Setting next_dagrun for tutorial to 2026-04-25 00:00:00+00:00, run_after=2026-04-26 00:00:00+00:00
[2026-04-26T07:11:51.620+0000] {processor.py:183} INFO - Processing /usr/local/python/3.12.1/lib/python3.12/site-packages/airflow/example_dags/tutorial.py took 0.051 seconds
[2026-04-26T07:12:00.564+0000] {processor.py:161} INFO - Started process (PID=20078) to work on /usr/local/python/3.12.1/lib/python3.12/site-packages/airflow/example_dags/tutorial.py
[2026-04-26T07:12:00.564+0000] {processor.py:830} INFO - Processing file /usr/local/python/3.12.1/lib/python3.12/site-packages/airflow/example_dags/tutorial.py for tasks to queue
[2026-04-26T07:12:00.565+0000] {logging_mixin.py:188} INFO - [2026-04-26T07:12:00.565+0000] {dagbag.py:540} INFO - Filling up the DagBag from /usr/local/python/3.12.1/lib/python3.12/site-packages/airflow/example_dags/tutorial.py
[2026-04-26T07:12:00.570+0000] {processor.py:840} INFO - DAG(s) 'tutorial' retrieved from /usr/local/python/3.12.1/lib/python3.12/site-packages/airflow/example_dags/tutorial.py
[2026-04-26T07:12:00.585+0000] {logging_mixin.py:188} INFO - [2026-04-26T07:12:00.585+0000] {dag.py:3096} INFO - Sync 1 DAGs
[2026-04-26T07:12:00.602+0000] {logging_mixin.py:188} INFO - [2026-04-26T07:12:00.602+0000] {dag.py:3954} INFO - Setting next_dagrun for tutorial to 2026-04-25 00:00:00+00:00, run_after=2026-04-26 00:00:00+00:00
[2026-04-26T07:12:00.617+0000] {processor.py:183} INFO - Processing /usr/local/python/3.12.1/lib/python3.12/site-packages/airflow/example_dags/tutorial.py took 0.058 seconds
[2026-04-26T07:12:33.975+0000] {processor.py:161} INFO - Started process (PID=20345) to work on /usr/local/python/3.12.1/lib/python3.12/site-packages/airflow/example_dags/tutorial.py
[2026-04-26T07:12:33.976+0000] {processor.py:830} INFO - Processing file /usr/local/python/3.12.1/lib/python3.12/site-packages/airflow/example_dags/tutorial.py for tasks to queue
[2026-04-26T07:12:33.976+0000] {logging_mixin.py:188} INFO - [2026-04-26T07:12:33.976+0000] {dagbag.py:540} INFO - Filling up the DagBag from /usr/local/python/3.12.1/lib/python3.12/site-packages/airflow/example_dags/tutorial.py
[2026-04-26T07:12:33.981+0000] {processor.py:840} INFO - DAG(s) 'tutorial' retrieved from /usr/local/python/3.12.1/lib/python3.12/site-packages/airflow/example_dags/tutorial.py
[2026-04-26T07:12:33.993+0000] {logging_mixin.py:188} INFO - [2026-04-26T07:12:33.993+0000] {dag.py:3096} INFO - Sync 1 DAGs
[2026-04-26T07:12:34.020+0000] {logging_mixin.py:188} INFO - [2026-04-26T07:12:34.020+0000] {dag.py:3954} INFO - Setting next_dagrun for tutorial to 2026-04-25 00:00:00+00:00, run_after=2026-04-26 00:00:00+00:00
[2026-04-26T07:12:34.040+0000] {processor.py:183} INFO - Processing /usr/local/python/3.12.1/lib/python3.12/site-packages/airflow/example_dags/tutorial.py took 0.070 seconds
[2026-04-26T07:12:43.424+0000] {processor.py:161} INFO - Started process (PID=20415) to work on /usr/local/python/3.12.1/lib/python3.12/site-packages/airflow/example_dags/tutorial.py
[2026-04-26T07:12:43.425+0000] {processor.py:830} INFO - Processing file /usr/local/python/3.12.1/lib/python3.12/site-packages/airflow/example_dags/tutorial.py for tasks to queue
[2026-04-26T07:12:43.425+0000] {logging_mixin.py:188} INFO - [2026-04-26T07:12:43.425+0000] {dagbag.py:540} INFO - Filling up the DagBag from /usr/local/python/3.12.1/lib/python3.12/site-packages/airflow/example_dags/tutorial.py
[2026-04-26T07:12:43.432+0000] {processor.py:840} INFO - DAG(s) 'tutorial' retrieved from /usr/local/python/3.12.1/lib/python3.12/site-packages/airflow/example_dags/tutorial.py
[2026-04-26T07:12:43.443+0000] {logging_mixin.py:188} INFO - [2026-04-26T07:12:43.443+0000] {dag.py:3096} INFO - Sync 1 DAGs
[2026-04-26T07:12:43.456+0000] {logging_mixin.py:188} INFO - [2026-04-26T07:12:43.456+0000] {dag.py:3954} INFO - Setting next_dagrun for tutorial to 2026-04-25 00:00:00+00:00, run_after=2026-04-26 00:00:00+00:00
[2026-04-26T07:12:43.472+0000] {processor.py:183} INFO - Processing /usr/local/python/3.12.1/lib/python3.12/site-packages/airflow/example_dags/tutorial.py took 0.052 seconds
[2026-04-26T07:13:13.334+0000] {processor.py:161} INFO - Started process (PID=20780) to work on /usr/local/python/3.12.1/lib/python3.12/site-packages/airflow/example_dags/tutorial.py
[2026-04-26T07:13:13.335+0000] {processor.py:830} INFO - Processing file /usr/local/python/3.12.1/lib/python3.12/site-packages/airflow/example_dags/tutorial.py for tasks to queue
[2026-04-26T07:13:13.335+0000] {logging_mixin.py:188} INFO - [2026-04-26T07:13:13.335+0000] {dagbag.py:540} INFO - Filling up the DagBag from /usr/local/python/3.12.1/lib/python3.12/site-packages/airflow/example_dags/tutorial.py
[2026-04-26T07:13:13.340+0000] {processor.py:840} INFO - DAG(s) 'tutorial' retrieved from /usr/local/python/3.12.1/lib/python3.12/site-packages/airflow/example_dags/tutorial.py
[2026-04-26T07:13:13.352+0000] {logging_mixin.py:188} INFO - [2026-04-26T07:13:13.352+0000] {dag.py:3096} INFO - Sync 1 DAGs
[2026-04-26T07:13:13.367+0000] {logging_mixin.py:188} INFO - [2026-04-26T07:13:13.367+0000] {dag.py:3954} INFO - Setting next_dagrun for tutorial to 2026-04-25 00:00:00+00:00, run_after=2026-04-26 00:00:00+00:00
[2026-04-26T07:13:13.383+0000] {processor.py:183} INFO - Processing /usr/local/python/3.12.1/lib/python3.12/site-packages/airflow/example_dags/tutorial.py took 0.053 seconds
[2026-04-26T07:13:31.113+0000] {processor.py:161} INFO - Started process (PID=21176) to work on /usr/local/python/3.12.1/lib/python3.12/site-packages/airflow/example_dags/tutorial.py
[2026-04-26T07:13:31.114+0000] {processor.py:830} INFO - Processing file /usr/local/python/3.12.1/lib/python3.12/site-packages/airflow/example_dags/tutorial.py for tasks to queue
[2026-04-26T07:13:31.115+0000] {logging_mixin.py:188} INFO - [2026-04-26T07:13:31.114+0000] {dagbag.py:540} INFO - Filling up the DagBag from /usr/local/python/3.12.1/lib/python3.12/site-packages/airflow/example_dags/tutorial.py
[2026-04-26T07:13:31.119+0000] {processor.py:840} INFO - DAG(s) 'tutorial' retrieved from /usr/local/python/3.12.1/lib/python3.12/site-packages/airflow/example_dags/tutorial.py
[2026-04-26T07:13:31.130+0000] {logging_mixin.py:188} INFO - [2026-04-26T07:13:31.130+0000] {dag.py:3096} INFO - Sync 1 DAGs
[2026-04-26T07:13:31.145+0000] {logging_mixin.py:188} INFO - [2026-04-26T07:13:31.145+0000] {dag.py:3954} INFO - Setting next_dagrun for tutorial to 2026-04-25 00:00:00+00:00, run_after=2026-04-26 00:00:00+00:00
[2026-04-26T07:13:31.322+0000] {processor.py:183} INFO - Processing /usr/local/python/3.12.1/lib/python3.12/site-packages/airflow/example_dags/tutorial.py took 0.215 seconds
[2026-04-26T07:13:52.776+0000] {processor.py:161} INFO - Started process (PID=21670) to work on /usr/local/python/3.12.1/lib/python3.12/site-packages/airflow/example_dags/tutorial.py
[2026-04-26T07:13:52.777+0000] {processor.py:830} INFO - Processing file /usr/local/python/3.12.1/lib/python3.12/site-packages/airflow/example_dags/tutorial.py for tasks to queue
[2026-04-26T07:13:52.778+0000] {logging_mixin.py:188} INFO - [2026-04-26T07:13:52.777+0000] {dagbag.py:540} INFO - Filling up the DagBag from /usr/local/python/3.12.1/lib/python3.12/site-packages/airflow/example_dags/tutorial.py
[2026-04-26T07:13:52.785+0000] {processor.py:840} INFO - DAG(s) 'tutorial' retrieved from /usr/local/python/3.12.1/lib/python3.12/site-packages/airflow/example_dags/tutorial.py
[2026-04-26T07:13:52.803+0000] {logging_mixin.py:188} INFO - [2026-04-26T07:13:52.802+0000] {dag.py:3096} INFO - Sync 1 DAGs
[2026-04-26T07:13:52.825+0000] {logging_mixin.py:188} INFO - [2026-04-26T07:13:52.825+0000] {dag.py:3954} INFO - Setting next_dagrun for tutorial to 2026-04-25 00:00:00+00:00, run_after=2026-04-26 00:00:00+00:00
[2026-04-26T07:13:52.841+0000] {processor.py:183} INFO - Processing /usr/local/python/3.12.1/lib/python3.12/site-packages/airflow/example_dags/tutorial.py took 0.070 seconds
[2026-04-26T07:13:55.301+0000] {processor.py:161} INFO - Started process (PID=21715) to work on /usr/local/python/3.12.1/lib/python3.12/site-packages/airflow/example_dags/tutorial.py
[2026-04-26T07:13:55.302+0000] {processor.py:830} INFO - Processing file /usr/local/python/3.12.1/lib/python3.12/site-packages/airflow/example_dags/tutorial.py for tasks to queue
[2026-04-26T07:13:55.303+0000] {logging_mixin.py:188} INFO - [2026-04-26T07:13:55.302+0000] {dagbag.py:540} INFO - Filling up the DagBag from /usr/local/python/3.12.1/lib/python3.12/site-packages/airflow/example_dags/tutorial.py
[2026-04-26T07:13:55.308+0000] {processor.py:840} INFO - DAG(s) 'tutorial' retrieved from /usr/local/python/3.12.1/lib/python3.12/site-packages/airflow/example_dags/tutorial.py
[2026-04-26T07:13:55.319+0000] {logging_mixin.py:188} INFO - [2026-04-26T07:13:55.319+0000] {dag.py:3096} INFO - Sync 1 DAGs
[2026-04-26T07:13:55.335+0000] {logging_mixin.py:188} INFO - [2026-04-26T07:13:55.335+0000] {dag.py:3954} INFO - Setting next_dagrun for tutorial to 2026-04-25 00:00:00+00:00, run_after=2026-04-26 00:00:00+00:00
[2026-04-26T07:13:55.351+0000] {processor.py:183} INFO - Processing /usr/local/python/3.12.1/lib/python3.12/site-packages/airflow/example_dags/tutorial.py took 0.054 seconds
[2026-04-26T07:14:28.133+0000] {processor.py:161} INFO - Started process (PID=22080) to work on /usr/local/python/3.12.1/lib/python3.12/site-packages/airflow/example_dags/tutorial.py
[2026-04-26T07:14:28.134+0000] {processor.py:830} INFO - Processing file /usr/local/python/3.12.1/lib/python3.12/site-packages/airflow/example_dags/tutorial.py for tasks to queue
[2026-04-26T07:14:28.135+0000] {logging_mixin.py:188} INFO - [2026-04-26T07:14:28.135+0000] {dagbag.py:540} INFO - Filling up the DagBag from /usr/local/python/3.12.1/lib/python3.12/site-packages/airflow/example_dags/tutorial.py
[2026-04-26T07:14:28.142+0000] {processor.py:840} INFO - DAG(s) 'tutorial' retrieved from /usr/local/python/3.12.1/lib/python3.12/site-packages/airflow/example_dags/tutorial.py
[2026-04-26T07:14:28.159+0000] {logging_mixin.py:188} INFO - [2026-04-26T07:14:28.159+0000] {dag.py:3096} INFO - Sync 1 DAGs
[2026-04-26T07:14:28.183+0000] {logging_mixin.py:188} INFO - [2026-04-26T07:14:28.183+0000] {dag.py:3954} INFO - Setting next_dagrun for tutorial to 2026-04-25 00:00:00+00:00, run_after=2026-04-26 00:00:00+00:00
[2026-04-26T07:14:28.202+0000] {processor.py:183} INFO - Processing /usr/local/python/3.12.1/lib/python3.12/site-packages/airflow/example_dags/tutorial.py took 0.079 seconds
[2026-04-26T07:14:39.447+0000] {processor.py:161} INFO - Started process (PID=22262) to work on /usr/local/python/3.12.1/lib/python3.12/site-packages/airflow/example_dags/tutorial.py
[2026-04-26T07:14:39.448+0000] {processor.py:830} INFO - Processing file /usr/local/python/3.12.1/lib/python3.12/site-packages/airflow/example_dags/tutorial.py for tasks to queue
[2026-04-26T07:14:39.449+0000] {logging_mixin.py:188} INFO - [2026-04-26T07:14:39.449+0000] {dagbag.py:540} INFO - Filling up the DagBag from /usr/local/python/3.12.1/lib/python3.12/site-packages/airflow/example_dags/tutorial.py
[2026-04-26T07:14:39.456+0000] {processor.py:840} INFO - DAG(s) 'tutorial' retrieved from /usr/local/python/3.12.1/lib/python3.12/site-packages/airflow/example_dags/tutorial.py
[2026-04-26T07:14:39.491+0000] {logging_mixin.py:188} INFO - [2026-04-26T07:14:39.490+0000] {dag.py:3096} INFO - Sync 1 DAGs
[2026-04-26T07:14:39.516+0000] {logging_mixin.py:188} INFO - [2026-04-26T07:14:39.516+0000] {dag.py:3954} INFO - Setting next_dagrun for tutorial to 2026-04-25 00:00:00+00:00, run_after=2026-04-26 00:00:00+00:00
[2026-04-26T07:14:39.532+0000] {processor.py:183} INFO - Processing /usr/local/python/3.12.1/lib/python3.12/site-packages/airflow/example_dags/tutorial.py took 0.096 seconds
[2026-04-26T07:14:43.322+0000] {processor.py:161} INFO - Started process (PID=22290) to work on /usr/local/python/3.12.1/lib/python3.12/site-packages/airflow/example_dags/tutorial.py
[2026-04-26T07:14:43.323+0000] {processor.py:830} INFO - Processing file /usr/local/python/3.12.1/lib/python3.12/site-packages/airflow/example_dags/tutorial.py for tasks to queue
[2026-04-26T07:14:43.324+0000] {logging_mixin.py:188} INFO - [2026-04-26T07:14:43.324+0000] {dagbag.py:540} INFO - Filling up the DagBag from /usr/local/python/3.12.1/lib/python3.12/site-packages/airflow/example_dags/tutorial.py
[2026-04-26T07:14:43.330+0000] {processor.py:840} INFO - DAG(s) 'tutorial' retrieved from /usr/local/python/3.12.1/lib/python3.12/site-packages/airflow/example_dags/tutorial.py
[2026-04-26T07:14:43.341+0000] {logging_mixin.py:188} INFO - [2026-04-26T07:14:43.341+0000] {dag.py:3096} INFO - Sync 1 DAGs
[2026-04-26T07:14:43.360+0000] {logging_mixin.py:188} INFO - [2026-04-26T07:14:43.360+0000] {dag.py:3954} INFO - Setting next_dagrun for tutorial to 2026-04-25 00:00:00+00:00, run_after=2026-04-26 00:00:00+00:00
[2026-04-26T07:14:43.380+0000] {processor.py:183} INFO - Processing /usr/local/python/3.12.1/lib/python3.12/site-packages/airflow/example_dags/tutorial.py took 0.064 seconds
[2026-04-26T07:15:16.800+0000] {processor.py:161} INFO - Started process (PID=22783) to work on /usr/local/python/3.12.1/lib/python3.12/site-packages/airflow/example_dags/tutorial.py
[2026-04-26T07:15:16.801+0000] {processor.py:830} INFO - Processing file /usr/local/python/3.12.1/lib/python3.12/site-packages/airflow/example_dags/tutorial.py for tasks to queue
[2026-04-26T07:15:16.802+0000] {logging_mixin.py:188} INFO - [2026-04-26T07:15:16.802+0000] {dagbag.py:540} INFO - Filling up the DagBag from /usr/local/python/3.12.1/lib/python3.12/site-packages/airflow/example_dags/tutorial.py
[2026-04-26T07:15:16.975+0000] {processor.py:840} INFO - DAG(s) 'tutorial' retrieved from /usr/local/python/3.12.1/lib/python3.12/site-packages/airflow/example_dags/tutorial.py
[2026-04-26T07:15:16.990+0000] {logging_mixin.py:188} INFO - [2026-04-26T07:15:16.990+0000] {dag.py:3096} INFO - Sync 1 DAGs
[2026-04-26T07:15:17.012+0000] {logging_mixin.py:188} INFO - [2026-04-26T07:15:17.012+0000] {dag.py:3954} INFO - Setting next_dagrun for tutorial to 2026-04-25 00:00:00+00:00, run_after=2026-04-26 00:00:00+00:00
[2026-04-26T07:15:17.043+0000] {processor.py:183} INFO - Processing /usr/local/python/3.12.1/lib/python3.12/site-packages/airflow/example_dags/tutorial.py took 0.249 seconds
[2026-04-26T07:15:24.225+0000] {processor.py:161} INFO - Started process (PID=22942) to work on /usr/local/python/3.12.1/lib/python3.12/site-packages/airflow/example_dags/tutorial.py
[2026-04-26T07:15:24.226+0000] {processor.py:830} INFO - Processing file /usr/local/python/3.12.1/lib/python3.12/site-packages/airflow/example_dags/tutorial.py for tasks to queue
[2026-04-26T07:15:24.226+0000] {logging_mixin.py:188} INFO - [2026-04-26T07:15:24.226+0000] {dagbag.py:540} INFO - Filling up the DagBag from /usr/local/python/3.12.1/lib/python3.12/site-packages/airflow/example_dags/tutorial.py
[2026-04-26T07:15:24.232+0000] {processor.py:840} INFO - DAG(s) 'tutorial' retrieved from /usr/local/python/3.12.1/lib/python3.12/site-packages/airflow/example_dags/tutorial.py
[2026-04-26T07:15:24.249+0000] {logging_mixin.py:188} INFO - [2026-04-26T07:15:24.249+0000] {dag.py:3096} INFO - Sync 1 DAGs
[2026-04-26T07:15:24.278+0000] {logging_mixin.py:188} INFO - [2026-04-26T07:15:24.277+0000] {dag.py:3954} INFO - Setting next_dagrun for tutorial to 2026-04-25 00:00:00+00:00, run_after=2026-04-26 00:00:00+00:00
[2026-04-26T07:15:24.320+0000] {processor.py:183} INFO - Processing /usr/local/python/3.12.1/lib/python3.12/site-packages/airflow/example_dags/tutorial.py took 0.100 seconds
[2026-04-26T07:15:24.503+0000] {processor.py:161} INFO - Started process (PID=22944) to work on /usr/local/python/3.12.1/lib/python3.12/site-packages/airflow/example_dags/tutorial.py
[2026-04-26T07:15:24.504+0000] {processor.py:830} INFO - Processing file /usr/local/python/3.12.1/lib/python3.12/site-packages/airflow/example_dags/tutorial.py for tasks to queue
[2026-04-26T07:15:24.505+0000] {logging_mixin.py:188} INFO - [2026-04-26T07:15:24.504+0000] {dagbag.py:540} INFO - Filling up the DagBag from /usr/local/python/3.12.1/lib/python3.12/site-packages/airflow/example_dags/tutorial.py
[2026-04-26T07:15:24.509+0000] {processor.py:840} INFO - DAG(s) 'tutorial' retrieved from /usr/local/python/3.12.1/lib/python3.12/site-packages/airflow/example_dags/tutorial.py
[2026-04-26T07:15:24.523+0000] {logging_mixin.py:188} INFO - [2026-04-26T07:15:24.523+0000] {dag.py:3096} INFO - Sync 1 DAGs
[2026-04-26T07:15:24.546+0000] {logging_mixin.py:188} INFO - [2026-04-26T07:15:24.546+0000] {dag.py:3954} INFO - Setting next_dagrun for tutorial to 2026-04-25 00:00:00+00:00, run_after=2026-04-26 00:00:00+00:00
[2026-04-26T07:15:24.573+0000] {processor.py:183} INFO - Processing /usr/local/python/3.12.1/lib/python3.12/site-packages/airflow/example_dags/tutorial.py took 0.074 seconds
[2026-04-26T07:16:08.008+0000] {processor.py:161} INFO - Started process (PID=23525) to work on /usr/local/python/3.12.1/lib/python3.12/site-packages/airflow/example_dags/tutorial.py
[2026-04-26T07:16:08.008+0000] {processor.py:830} INFO - Processing file /usr/local/python/3.12.1/lib/python3.12/site-packages/airflow/example_dags/tutorial.py for tasks to queue
[2026-04-26T07:16:08.009+0000] {logging_mixin.py:188} INFO - [2026-04-26T07:16:08.009+0000] {dagbag.py:540} INFO - Filling up the DagBag from /usr/local/python/3.12.1/lib/python3.12/site-packages/airflow/example_dags/tutorial.py
[2026-04-26T07:16:08.014+0000] {processor.py:840} INFO - DAG(s) 'tutorial' retrieved from /usr/local/python/3.12.1/lib/python3.12/site-packages/airflow/example_dags/tutorial.py
[2026-04-26T07:16:08.025+0000] {logging_mixin.py:188} INFO - [2026-04-26T07:16:08.025+0000] {dag.py:3096} INFO - Sync 1 DAGs
[2026-04-26T07:16:08.041+0000] {logging_mixin.py:188} INFO - [2026-04-26T07:16:08.041+0000] {dag.py:3954} INFO - Setting next_dagrun for tutorial to 2026-04-25 00:00:00+00:00, run_after=2026-04-26 00:00:00+00:00
[2026-04-26T07:16:08.058+0000] {processor.py:183} INFO - Processing /usr/local/python/3.12.1/lib/python3.12/site-packages/airflow/example_dags/tutorial.py took 0.055 seconds
[2026-04-26T07:16:12.381+0000] {processor.py:161} INFO - Started process (PID=23641) to work on /usr/local/python/3.12.1/lib/python3.12/site-packages/airflow/example_dags/tutorial.py
[2026-04-26T07:16:12.382+0000] {processor.py:830} INFO - Processing file /usr/local/python/3.12.1/lib/python3.12/site-packages/airflow/example_dags/tutorial.py for tasks to queue
[2026-04-26T07:16:12.384+0000] {logging_mixin.py:188} INFO - [2026-04-26T07:16:12.383+0000] {dagbag.py:540} INFO - Filling up the DagBag from /usr/local/python/3.12.1/lib/python3.12/site-packages/airflow/example_dags/tutorial.py
[2026-04-26T07:16:12.407+0000] {processor.py:840} INFO - DAG(s) 'tutorial' retrieved from /usr/local/python/3.12.1/lib/python3.12/site-packages/airflow/example_dags/tutorial.py
[2026-04-26T07:16:12.430+0000] {processor.py:161} INFO - Started process (PID=23643) to work on /usr/local/python/3.12.1/lib/python3.12/site-packages/airflow/example_dags/tutorial.py
[2026-04-26T07:16:12.431+0000] {processor.py:830} INFO - Processing file /usr/local/python/3.12.1/lib/python3.12/site-packages/airflow/example_dags/tutorial.py for tasks to queue
[2026-04-26T07:16:12.433+0000] {logging_mixin.py:188} INFO - [2026-04-26T07:16:12.432+0000] {dagbag.py:540} INFO - Filling up the DagBag from /usr/local/python/3.12.1/lib/python3.12/site-packages/airflow/example_dags/tutorial.py
[2026-04-26T07:16:12.447+0000] {processor.py:840} INFO - DAG(s) 'tutorial' retrieved from /usr/local/python/3.12.1/lib/python3.12/site-packages/airflow/example_dags/tutorial.py
[2026-04-26T07:16:12.469+0000] {logging_mixin.py:188} INFO - [2026-04-26T07:16:12.469+0000] {dag.py:3096} INFO - Sync 1 DAGs
[2026-04-26T07:16:12.472+0000] {logging_mixin.py:188} INFO - [2026-04-26T07:16:12.472+0000] {dag.py:3096} INFO - Sync 1 DAGs
[2026-04-26T07:16:12.528+0000] {logging_mixin.py:188} INFO - [2026-04-26T07:16:12.527+0000] {dag.py:3954} INFO - Setting next_dagrun for tutorial to 2026-04-25 00:00:00+00:00, run_after=2026-04-26 00:00:00+00:00
[2026-04-26T07:16:12.547+0000] {logging_mixin.py:188} INFO - [2026-04-26T07:16:12.541+0000] {dag.py:3954} INFO - Setting next_dagrun for tutorial to 2026-04-25 00:00:00+00:00, run_after=2026-04-26 00:00:00+00:00
[2026-04-26T07:16:12.617+0000] {processor.py:183} INFO - Processing /usr/local/python/3.12.1/lib/python3.12/site-packages/airflow/example_dags/tutorial.py took 0.251 seconds
[2026-04-26T07:16:12.654+0000] {processor.py:183} INFO - Processing /usr/local/python/3.12.1/lib/python3.12/site-packages/airflow/example_dags/tutorial.py took 0.236 seconds
[2026-04-26T07:16:53.238+0000] {processor.py:161} INFO - Started process (PID=24095) to work on /usr/local/python/3.12.1/lib/python3.12/site-packages/airflow/example_dags/tutorial.py
[2026-04-26T07:16:53.238+0000] {processor.py:830} INFO - Processing file /usr/local/python/3.12.1/lib/python3.12/site-packages/airflow/example_dags/tutorial.py for tasks to queue
[2026-04-26T07:16:53.239+0000] {logging_mixin.py:188} INFO - [2026-04-26T07:16:53.239+0000] {dagbag.py:540} INFO - Filling up the DagBag from /usr/local/python/3.12.1/lib/python3.12/site-packages/airflow/example_dags/tutorial.py
[2026-04-26T07:16:53.244+0000] {processor.py:840} INFO - DAG(s) 'tutorial' retrieved from /usr/local/python/3.12.1/lib/python3.12/site-packages/airflow/example_dags/tutorial.py
[2026-04-26T07:16:53.257+0000] {logging_mixin.py:188} INFO - [2026-04-26T07:16:53.257+0000] {dag.py:3096} INFO - Sync 1 DAGs
[2026-04-26T07:16:53.273+0000] {logging_mixin.py:188} INFO - [2026-04-26T07:16:53.273+0000] {dag.py:3954} INFO - Setting next_dagrun for tutorial to 2026-04-25 00:00:00+00:00, run_after=2026-04-26 00:00:00+00:00
[2026-04-26T07:16:53.290+0000] {processor.py:183} INFO - Processing /usr/local/python/3.12.1/lib/python3.12/site-packages/airflow/example_dags/tutorial.py took 0.057 seconds
[2026-04-26T07:16:53.945+0000] {processor.py:161} INFO - Started process (PID=24097) to work on /usr/local/python/3.12.1/lib/python3.12/site-packages/airflow/example_dags/tutorial.py
[2026-04-26T07:16:53.945+0000] {processor.py:830} INFO - Processing file /usr/local/python/3.12.1/lib/python3.12/site-packages/airflow/example_dags/tutorial.py for tasks to queue
[2026-04-26T07:16:53.946+0000] {logging_mixin.py:188} INFO - [2026-04-26T07:16:53.946+0000] {dagbag.py:540} INFO - Filling up the DagBag from /usr/local/python/3.12.1/lib/python3.12/site-packages/airflow/example_dags/tutorial.py
[2026-04-26T07:16:53.951+0000] {processor.py:840} INFO - DAG(s) 'tutorial' retrieved from /usr/local/python/3.12.1/lib/python3.12/site-packages/airflow/example_dags/tutorial.py
[2026-04-26T07:16:53.962+0000] {logging_mixin.py:188} INFO - [2026-04-26T07:16:53.962+0000] {dag.py:3096} INFO - Sync 1 DAGs
[2026-04-26T07:16:53.978+0000] {logging_mixin.py:188} INFO - [2026-04-26T07:16:53.978+0000] {dag.py:3954} INFO - Setting next_dagrun for tutorial to 2026-04-25 00:00:00+00:00, run_after=2026-04-26 00:00:00+00:00
[2026-04-26T07:16:53.995+0000] {processor.py:183} INFO - Processing /usr/local/python/3.12.1/lib/python3.12/site-packages/airflow/example_dags/tutorial.py took 0.055 seconds
[2026-04-26T07:16:54.205+0000] {processor.py:161} INFO - Started process (PID=24098) to work on /usr/local/python/3.12.1/lib/python3.12/site-packages/airflow/example_dags/tutorial.py
[2026-04-26T07:16:54.205+0000] {processor.py:830} INFO - Processing file /usr/local/python/3.12.1/lib/python3.12/site-packages/airflow/example_dags/tutorial.py for tasks to queue
[2026-04-26T07:16:54.206+0000] {logging_mixin.py:188} INFO - [2026-04-26T07:16:54.206+0000] {dagbag.py:540} INFO - Filling up the DagBag from /usr/local/python/3.12.1/lib/python3.12/site-packages/airflow/example_dags/tutorial.py
[2026-04-26T07:16:54.211+0000] {processor.py:840} INFO - DAG(s) 'tutorial' retrieved from /usr/local/python/3.12.1/lib/python3.12/site-packages/airflow/example_dags/tutorial.py
[2026-04-26T07:16:54.225+0000] {logging_mixin.py:188} INFO - [2026-04-26T07:16:54.225+0000] {dag.py:3096} INFO - Sync 1 DAGs
[2026-04-26T07:16:54.240+0000] {logging_mixin.py:188} INFO - [2026-04-26T07:16:54.240+0000] {dag.py:3954} INFO - Setting next_dagrun for tutorial to 2026-04-25 00:00:00+00:00, run_after=2026-04-26 00:00:00+00:00
[2026-04-26T07:16:54.257+0000] {processor.py:183} INFO - Processing /usr/local/python/3.12.1/lib/python3.12/site-packages/airflow/example_dags/tutorial.py took 0.057 seconds
[2026-04-26T07:17:31.874+0000] {processor.py:161} INFO - Started process (PID=24587) to work on /usr/local/python/3.12.1/lib/python3.12/site-packages/airflow/example_dags/tutorial.py
[2026-04-26T07:17:31.875+0000] {processor.py:830} INFO - Processing file /usr/local/python/3.12.1/lib/python3.12/site-packages/airflow/example_dags/tutorial.py for tasks to queue
[2026-04-26T07:17:31.875+0000] {logging_mixin.py:188} INFO - [2026-04-26T07:17:31.875+0000] {dagbag.py:540} INFO - Filling up the DagBag from /usr/local/python/3.12.1/lib/python3.12/site-packages/airflow/example_dags/tutorial.py
[2026-04-26T07:17:31.881+0000] {processor.py:840} INFO - DAG(s) 'tutorial' retrieved from /usr/local/python/3.12.1/lib/python3.12/site-packages/airflow/example_dags/tutorial.py
[2026-04-26T07:17:31.892+0000] {logging_mixin.py:188} INFO - [2026-04-26T07:17:31.892+0000] {dag.py:3096} INFO - Sync 1 DAGs
[2026-04-26T07:17:31.907+0000] {logging_mixin.py:188} INFO - [2026-04-26T07:17:31.907+0000] {dag.py:3954} INFO - Setting next_dagrun for tutorial to 2026-04-25 00:00:00+00:00, run_after=2026-04-26 00:00:00+00:00
[2026-04-26T07:17:31.924+0000] {processor.py:183} INFO - Processing /usr/local/python/3.12.1/lib/python3.12/site-packages/airflow/example_dags/tutorial.py took 0.055 seconds
[2026-04-26T07:17:34.511+0000] {processor.py:161} INFO - Started process (PID=24603) to work on /usr/local/python/3.12.1/lib/python3.12/site-packages/airflow/example_dags/tutorial.py
[2026-04-26T07:17:34.512+0000] {processor.py:830} INFO - Processing file /usr/local/python/3.12.1/lib/python3.12/site-packages/airflow/example_dags/tutorial.py for tasks to queue
[2026-04-26T07:17:34.512+0000] {logging_mixin.py:188} INFO - [2026-04-26T07:17:34.512+0000] {dagbag.py:540} INFO - Filling up the DagBag from /usr/local/python/3.12.1/lib/python3.12/site-packages/airflow/example_dags/tutorial.py
[2026-04-26T07:17:34.517+0000] {processor.py:840} INFO - DAG(s) 'tutorial' retrieved from /usr/local/python/3.12.1/lib/python3.12/site-packages/airflow/example_dags/tutorial.py
[2026-04-26T07:17:34.528+0000] {logging_mixin.py:188} INFO - [2026-04-26T07:17:34.528+0000] {dag.py:3096} INFO - Sync 1 DAGs
[2026-04-26T07:17:34.542+0000] {logging_mixin.py:188} INFO - [2026-04-26T07:17:34.542+0000] {dag.py:3954} INFO - Setting next_dagrun for tutorial to 2026-04-25 00:00:00+00:00, run_after=2026-04-26 00:00:00+00:00
[2026-04-26T07:17:34.559+0000] {processor.py:183} INFO - Processing /usr/local/python/3.12.1/lib/python3.12/site-packages/airflow/example_dags/tutorial.py took 0.052 seconds
[2026-04-26T07:17:37.609+0000] {processor.py:161} INFO - Started process (PID=24627) to work on /usr/local/python/3.12.1/lib/python3.12/site-packages/airflow/example_dags/tutorial.py
[2026-04-26T07:17:37.610+0000] {processor.py:830} INFO - Processing file /usr/local/python/3.12.1/lib/python3.12/site-packages/airflow/example_dags/tutorial.py for tasks to queue
[2026-04-26T07:17:37.610+0000] {logging_mixin.py:188} INFO - [2026-04-26T07:17:37.610+0000] {dagbag.py:540} INFO - Filling up the DagBag from /usr/local/python/3.12.1/lib/python3.12/site-packages/airflow/example_dags/tutorial.py
[2026-04-26T07:17:37.615+0000] {processor.py:840} INFO - DAG(s) 'tutorial' retrieved from /usr/local/python/3.12.1/lib/python3.12/site-packages/airflow/example_dags/tutorial.py
[2026-04-26T07:17:37.626+0000] {logging_mixin.py:188} INFO - [2026-04-26T07:17:37.626+0000] {dag.py:3096} INFO - Sync 1 DAGs
[2026-04-26T07:17:37.642+0000] {logging_mixin.py:188} INFO - [2026-04-26T07:17:37.642+0000] {dag.py:3954} INFO - Setting next_dagrun for tutorial to 2026-04-25 00:00:00+00:00, run_after=2026-04-26 00:00:00+00:00
[2026-04-26T07:17:37.658+0000] {processor.py:183} INFO - Processing /usr/local/python/3.12.1/lib/python3.12/site-packages/airflow/example_dags/tutorial.py took 0.053 seconds
[2026-04-26T07:18:15.576+0000] {processor.py:161} INFO - Started process (PID=24995) to work on /usr/local/python/3.12.1/lib/python3.12/site-packages/airflow/example_dags/tutorial.py
[2026-04-26T07:18:15.578+0000] {processor.py:830} INFO - Processing file /usr/local/python/3.12.1/lib/python3.12/site-packages/airflow/example_dags/tutorial.py for tasks to queue
[2026-04-26T07:18:15.580+0000] {logging_mixin.py:188} INFO - [2026-04-26T07:18:15.579+0000] {dagbag.py:540} INFO - Filling up the DagBag from /usr/local/python/3.12.1/lib/python3.12/site-packages/airflow/example_dags/tutorial.py
[2026-04-26T07:18:15.590+0000] {processor.py:840} INFO - DAG(s) 'tutorial' retrieved from /usr/local/python/3.12.1/lib/python3.12/site-packages/airflow/example_dags/tutorial.py
[2026-04-26T07:18:15.635+0000] {logging_mixin.py:188} INFO - [2026-04-26T07:18:15.635+0000] {dag.py:3096} INFO - Sync 1 DAGs
[2026-04-26T07:18:15.689+0000] {logging_mixin.py:188} INFO - [2026-04-26T07:18:15.689+0000] {dag.py:3954} INFO - Setting next_dagrun for tutorial to 2026-04-25 00:00:00+00:00, run_after=2026-04-26 00:00:00+00:00
[2026-04-26T07:18:15.731+0000] {processor.py:183} INFO - Processing /usr/local/python/3.12.1/lib/python3.12/site-packages/airflow/example_dags/tutorial.py took 0.181 seconds
[2026-04-26T07:18:16.967+0000] {processor.py:161} INFO - Started process (PID=25004) to work on /usr/local/python/3.12.1/lib/python3.12/site-packages/airflow/example_dags/tutorial.py
[2026-04-26T07:18:16.967+0000] {processor.py:830} INFO - Processing file /usr/local/python/3.12.1/lib/python3.12/site-packages/airflow/example_dags/tutorial.py for tasks to queue
[2026-04-26T07:18:16.968+0000] {logging_mixin.py:188} INFO - [2026-04-26T07:18:16.968+0000] {dagbag.py:540} INFO - Filling up the DagBag from /usr/local/python/3.12.1/lib/python3.12/site-packages/airflow/example_dags/tutorial.py
[2026-04-26T07:18:16.973+0000] {processor.py:840} INFO - DAG(s) 'tutorial' retrieved from /usr/local/python/3.12.1/lib/python3.12/site-packages/airflow/example_dags/tutorial.py
[2026-04-26T07:18:16.984+0000] {logging_mixin.py:188} INFO - [2026-04-26T07:18:16.984+0000] {dag.py:3096} INFO - Sync 1 DAGs
[2026-04-26T07:18:16.999+0000] {logging_mixin.py:188} INFO - [2026-04-26T07:18:16.998+0000] {dag.py:3954} INFO - Setting next_dagrun for tutorial to 2026-04-25 00:00:00+00:00, run_after=2026-04-26 00:00:00+00:00
[2026-04-26T07:18:17.014+0000] {processor.py:183} INFO - Processing /usr/local/python/3.12.1/lib/python3.12/site-packages/airflow/example_dags/tutorial.py took 0.052 seconds
[2026-04-26T07:18:22.018+0000] {processor.py:161} INFO - Started process (PID=25051) to work on /usr/local/python/3.12.1/lib/python3.12/site-packages/airflow/example_dags/tutorial.py
[2026-04-26T07:18:22.020+0000] {processor.py:830} INFO - Processing file /usr/local/python/3.12.1/lib/python3.12/site-packages/airflow/example_dags/tutorial.py for tasks to queue
[2026-04-26T07:18:22.022+0000] {logging_mixin.py:188} INFO - [2026-04-26T07:18:22.021+0000] {dagbag.py:540} INFO - Filling up the DagBag from /usr/local/python/3.12.1/lib/python3.12/site-packages/airflow/example_dags/tutorial.py
[2026-04-26T07:18:22.037+0000] {processor.py:840} INFO - DAG(s) 'tutorial' retrieved from /usr/local/python/3.12.1/lib/python3.12/site-packages/airflow/example_dags/tutorial.py
[2026-04-26T07:18:22.131+0000] {logging_mixin.py:188} INFO - [2026-04-26T07:18:22.128+0000] {dag.py:3096} INFO - Sync 1 DAGs
[2026-04-26T07:18:22.247+0000] {logging_mixin.py:188} INFO - [2026-04-26T07:18:22.240+0000] {dag.py:3954} INFO - Setting next_dagrun for tutorial to 2026-04-25 00:00:00+00:00, run_after=2026-04-26 00:00:00+00:00
[2026-04-26T07:18:22.583+0000] {processor.py:183} INFO - Processing /usr/local/python/3.12.1/lib/python3.12/site-packages/airflow/example_dags/tutorial.py took 0.579 seconds
[2026-04-26T07:19:10.224+0000] {processor.py:161} INFO - Started process (PID=25737) to work on /usr/local/python/3.12.1/lib/python3.12/site-packages/airflow/example_dags/tutorial.py
[2026-04-26T07:19:10.225+0000] {processor.py:830} INFO - Processing file /usr/local/python/3.12.1/lib/python3.12/site-packages/airflow/example_dags/tutorial.py for tasks to queue
[2026-04-26T07:19:10.226+0000] {logging_mixin.py:188} INFO - [2026-04-26T07:19:10.226+0000] {dagbag.py:540} INFO - Filling up the DagBag from /usr/local/python/3.12.1/lib/python3.12/site-packages/airflow/example_dags/tutorial.py
[2026-04-26T07:19:10.234+0000] {processor.py:840} INFO - DAG(s) 'tutorial' retrieved from /usr/local/python/3.12.1/lib/python3.12/site-packages/airflow/example_dags/tutorial.py
[2026-04-26T07:19:10.252+0000] {logging_mixin.py:188} INFO - [2026-04-26T07:19:10.252+0000] {dag.py:3096} INFO - Sync 1 DAGs
[2026-04-26T07:19:10.274+0000] {logging_mixin.py:188} INFO - [2026-04-26T07:19:10.274+0000] {dag.py:3954} INFO - Setting next_dagrun for tutorial to 2026-04-25 00:00:00+00:00, run_after=2026-04-26 00:00:00+00:00
[2026-04-26T07:19:10.298+0000] {processor.py:183} INFO - Processing /usr/local/python/3.12.1/lib/python3.12/site-packages/airflow/example_dags/tutorial.py took 0.080 seconds
[2026-04-26T07:19:12.746+0000] {processor.py:161} INFO - Started process (PID=25792) to work on /usr/local/python/3.12.1/lib/python3.12/site-packages/airflow/example_dags/tutorial.py
[2026-04-26T07:19:12.747+0000] {processor.py:830} INFO - Processing file /usr/local/python/3.12.1/lib/python3.12/site-packages/airflow/example_dags/tutorial.py for tasks to queue
[2026-04-26T07:19:12.749+0000] {logging_mixin.py:188} INFO - [2026-04-26T07:19:12.748+0000] {dagbag.py:540} INFO - Filling up the DagBag from /usr/local/python/3.12.1/lib/python3.12/site-packages/airflow/example_dags/tutorial.py
[2026-04-26T07:19:12.757+0000] {processor.py:840} INFO - DAG(s) 'tutorial' retrieved from /usr/local/python/3.12.1/lib/python3.12/site-packages/airflow/example_dags/tutorial.py
[2026-04-26T07:19:12.775+0000] {logging_mixin.py:188} INFO - [2026-04-26T07:19:12.775+0000] {dag.py:3096} INFO - Sync 1 DAGs
[2026-04-26T07:19:12.805+0000] {logging_mixin.py:188} INFO - [2026-04-26T07:19:12.805+0000] {dag.py:3954} INFO - Setting next_dagrun for tutorial to 2026-04-25 00:00:00+00:00, run_after=2026-04-26 00:00:00+00:00
[2026-04-26T07:19:12.835+0000] {processor.py:183} INFO - Processing /usr/local/python/3.12.1/lib/python3.12/site-packages/airflow/example_dags/tutorial.py took 0.095 seconds
[2026-04-26T07:19:14.393+0000] {processor.py:161} INFO - Started process (PID=25811) to work on /usr/local/python/3.12.1/lib/python3.12/site-packages/airflow/example_dags/tutorial.py
[2026-04-26T07:19:14.395+0000] {processor.py:830} INFO - Processing file /usr/local/python/3.12.1/lib/python3.12/site-packages/airflow/example_dags/tutorial.py for tasks to queue
[2026-04-26T07:19:14.396+0000] {logging_mixin.py:188} INFO - [2026-04-26T07:19:14.395+0000] {dagbag.py:540} INFO - Filling up the DagBag from /usr/local/python/3.12.1/lib/python3.12/site-packages/airflow/example_dags/tutorial.py
[2026-04-26T07:19:14.406+0000] {processor.py:840} INFO - DAG(s) 'tutorial' retrieved from /usr/local/python/3.12.1/lib/python3.12/site-packages/airflow/example_dags/tutorial.py
[2026-04-26T07:19:14.428+0000] {logging_mixin.py:188} INFO - [2026-04-26T07:19:14.427+0000] {dag.py:3096} INFO - Sync 1 DAGs
[2026-04-26T07:19:14.456+0000] {logging_mixin.py:188} INFO - [2026-04-26T07:19:14.455+0000] {dag.py:3954} INFO - Setting next_dagrun for tutorial to 2026-04-25 00:00:00+00:00, run_after=2026-04-26 00:00:00+00:00
[2026-04-26T07:19:14.481+0000] {processor.py:183} INFO - Processing /usr/local/python/3.12.1/lib/python3.12/site-packages/airflow/example_dags/tutorial.py took 0.095 seconds
[2026-04-26T07:19:58.319+0000] {processor.py:161} INFO - Started process (PID=26364) to work on /usr/local/python/3.12.1/lib/python3.12/site-packages/airflow/example_dags/tutorial.py
[2026-04-26T07:19:58.320+0000] {processor.py:830} INFO - Processing file /usr/local/python/3.12.1/lib/python3.12/site-packages/airflow/example_dags/tutorial.py for tasks to queue
[2026-04-26T07:19:58.321+0000] {logging_mixin.py:188} INFO - [2026-04-26T07:19:58.321+0000] {dagbag.py:540} INFO - Filling up the DagBag from /usr/local/python/3.12.1/lib/python3.12/site-packages/airflow/example_dags/tutorial.py
[2026-04-26T07:19:58.328+0000] {processor.py:840} INFO - DAG(s) 'tutorial' retrieved from /usr/local/python/3.12.1/lib/python3.12/site-packages/airflow/example_dags/tutorial.py
[2026-04-26T07:19:58.345+0000] {logging_mixin.py:188} INFO - [2026-04-26T07:19:58.344+0000] {dag.py:3096} INFO - Sync 1 DAGs
[2026-04-26T07:19:58.366+0000] {logging_mixin.py:188} INFO - [2026-04-26T07:19:58.366+0000] {dag.py:3954} INFO - Setting next_dagrun for tutorial to 2026-04-25 00:00:00+00:00, run_after=2026-04-26 00:00:00+00:00
[2026-04-26T07:19:58.382+0000] {processor.py:183} INFO - Processing /usr/local/python/3.12.1/lib/python3.12/site-packages/airflow/example_dags/tutorial.py took 0.069 seconds
[2026-04-26T07:20:03.105+0000] {processor.py:161} INFO - Started process (PID=26399) to work on /usr/local/python/3.12.1/lib/python3.12/site-packages/airflow/example_dags/tutorial.py
[2026-04-26T07:20:03.106+0000] {processor.py:830} INFO - Processing file /usr/local/python/3.12.1/lib/python3.12/site-packages/airflow/example_dags/tutorial.py for tasks to queue
[2026-04-26T07:20:03.107+0000] {logging_mixin.py:188} INFO - [2026-04-26T07:20:03.107+0000] {dagbag.py:540} INFO - Filling up the DagBag from /usr/local/python/3.12.1/lib/python3.12/site-packages/airflow/example_dags/tutorial.py
[2026-04-26T07:20:03.112+0000] {processor.py:840} INFO - DAG(s) 'tutorial' retrieved from /usr/local/python/3.12.1/lib/python3.12/site-packages/airflow/example_dags/tutorial.py
[2026-04-26T07:20:03.123+0000] {logging_mixin.py:188} INFO - [2026-04-26T07:20:03.123+0000] {dag.py:3096} INFO - Sync 1 DAGs
[2026-04-26T07:20:03.137+0000] {logging_mixin.py:188} INFO - [2026-04-26T07:20:03.137+0000] {dag.py:3954} INFO - Setting next_dagrun for tutorial to 2026-04-25 00:00:00+00:00, run_after=2026-04-26 00:00:00+00:00
[2026-04-26T07:20:03.154+0000] {processor.py:183} INFO - Processing /usr/local/python/3.12.1/lib/python3.12/site-packages/airflow/example_dags/tutorial.py took 0.053 seconds
[2026-04-26T07:20:09.632+0000] {processor.py:161} INFO - Started process (PID=26525) to work on /usr/local/python/3.12.1/lib/python3.12/site-packages/airflow/example_dags/tutorial.py
[2026-04-26T07:20:09.633+0000] {processor.py:830} INFO - Processing file /usr/local/python/3.12.1/lib/python3.12/site-packages/airflow/example_dags/tutorial.py for tasks to queue
[2026-04-26T07:20:09.634+0000] {logging_mixin.py:188} INFO - [2026-04-26T07:20:09.634+0000] {dagbag.py:540} INFO - Filling up the DagBag from /usr/local/python/3.12.1/lib/python3.12/site-packages/airflow/example_dags/tutorial.py
[2026-04-26T07:20:09.639+0000] {processor.py:840} INFO - DAG(s) 'tutorial' retrieved from /usr/local/python/3.12.1/lib/python3.12/site-packages/airflow/example_dags/tutorial.py
[2026-04-26T07:20:09.651+0000] {logging_mixin.py:188} INFO - [2026-04-26T07:20:09.650+0000] {dag.py:3096} INFO - Sync 1 DAGs
[2026-04-26T07:20:09.665+0000] {logging_mixin.py:188} INFO - [2026-04-26T07:20:09.665+0000] {dag.py:3954} INFO - Setting next_dagrun for tutorial to 2026-04-25 00:00:00+00:00, run_after=2026-04-26 00:00:00+00:00
[2026-04-26T07:20:09.681+0000] {processor.py:183} INFO - Processing /usr/local/python/3.12.1/lib/python3.12/site-packages/airflow/example_dags/tutorial.py took 0.053 seconds
[2026-04-26T07:20:44.019+0000] {processor.py:161} INFO - Started process (PID=26814) to work on /usr/local/python/3.12.1/lib/python3.12/site-packages/airflow/example_dags/tutorial.py
[2026-04-26T07:20:44.019+0000] {processor.py:830} INFO - Processing file /usr/local/python/3.12.1/lib/python3.12/site-packages/airflow/example_dags/tutorial.py for tasks to queue
[2026-04-26T07:20:44.020+0000] {logging_mixin.py:188} INFO - [2026-04-26T07:20:44.020+0000] {dagbag.py:540} INFO - Filling up the DagBag from /usr/local/python/3.12.1/lib/python3.12/site-packages/airflow/example_dags/tutorial.py
[2026-04-26T07:20:44.025+0000] {processor.py:840} INFO - DAG(s) 'tutorial' retrieved from /usr/local/python/3.12.1/lib/python3.12/site-packages/airflow/example_dags/tutorial.py
[2026-04-26T07:20:44.037+0000] {logging_mixin.py:188} INFO - [2026-04-26T07:20:44.037+0000] {dag.py:3096} INFO - Sync 1 DAGs
[2026-04-26T07:20:44.052+0000] {logging_mixin.py:188} INFO - [2026-04-26T07:20:44.052+0000] {dag.py:3954} INFO - Setting next_dagrun for tutorial to 2026-04-25 00:00:00+00:00, run_after=2026-04-26 00:00:00+00:00
[2026-04-26T07:20:44.070+0000] {processor.py:183} INFO - Processing /usr/local/python/3.12.1/lib/python3.12/site-packages/airflow/example_dags/tutorial.py took 0.056 seconds
[2026-04-26T07:20:44.308+0000] {processor.py:161} INFO - Started process (PID=26816) to work on /usr/local/python/3.12.1/lib/python3.12/site-packages/airflow/example_dags/tutorial.py
[2026-04-26T07:20:44.309+0000] {processor.py:830} INFO - Processing file /usr/local/python/3.12.1/lib/python3.12/site-packages/airflow/example_dags/tutorial.py for tasks to queue
[2026-04-26T07:20:44.310+0000] {logging_mixin.py:188} INFO - [2026-04-26T07:20:44.310+0000] {dagbag.py:540} INFO - Filling up the DagBag from /usr/local/python/3.12.1/lib/python3.12/site-packages/airflow/example_dags/tutorial.py
[2026-04-26T07:20:44.315+0000] {processor.py:840} INFO - DAG(s) 'tutorial' retrieved from /usr/local/python/3.12.1/lib/python3.12/site-packages/airflow/example_dags/tutorial.py
[2026-04-26T07:20:44.327+0000] {logging_mixin.py:188} INFO - [2026-04-26T07:20:44.327+0000] {dag.py:3096} INFO - Sync 1 DAGs
[2026-04-26T07:20:44.341+0000] {logging_mixin.py:188} INFO - [2026-04-26T07:20:44.341+0000] {dag.py:3954} INFO - Setting next_dagrun for tutorial to 2026-04-25 00:00:00+00:00, run_after=2026-04-26 00:00:00+00:00
[2026-04-26T07:20:44.360+0000] {processor.py:183} INFO - Processing /usr/local/python/3.12.1/lib/python3.12/site-packages/airflow/example_dags/tutorial.py took 0.056 seconds
[2026-04-26T07:20:57.424+0000] {processor.py:161} INFO - Started process (PID=26945) to work on /usr/local/python/3.12.1/lib/python3.12/site-packages/airflow/example_dags/tutorial.py
[2026-04-26T07:20:57.424+0000] {processor.py:830} INFO - Processing file /usr/local/python/3.12.1/lib/python3.12/site-packages/airflow/example_dags/tutorial.py for tasks to queue
[2026-04-26T07:20:57.425+0000] {logging_mixin.py:188} INFO - [2026-04-26T07:20:57.425+0000] {dagbag.py:540} INFO - Filling up the DagBag from /usr/local/python/3.12.1/lib/python3.12/site-packages/airflow/example_dags/tutorial.py
[2026-04-26T07:20:57.430+0000] {processor.py:840} INFO - DAG(s) 'tutorial' retrieved from /usr/local/python/3.12.1/lib/python3.12/site-packages/airflow/example_dags/tutorial.py
[2026-04-26T07:20:57.441+0000] {logging_mixin.py:188} INFO - [2026-04-26T07:20:57.441+0000] {dag.py:3096} INFO - Sync 1 DAGs
[2026-04-26T07:20:57.455+0000] {logging_mixin.py:188} INFO - [2026-04-26T07:20:57.455+0000] {dag.py:3954} INFO - Setting next_dagrun for tutorial to 2026-04-25 00:00:00+00:00, run_after=2026-04-26 00:00:00+00:00
[2026-04-26T07:20:57.471+0000] {processor.py:183} INFO - Processing /usr/local/python/3.12.1/lib/python3.12/site-packages/airflow/example_dags/tutorial.py took 0.052 seconds
[2026-04-26T07:21:25.322+0000] {processor.py:161} INFO - Started process (PID=27182) to work on /usr/local/python/3.12.1/lib/python3.12/site-packages/airflow/example_dags/tutorial.py
[2026-04-26T07:21:25.323+0000] {processor.py:830} INFO - Processing file /usr/local/python/3.12.1/lib/python3.12/site-packages/airflow/example_dags/tutorial.py for tasks to queue
[2026-04-26T07:21:25.324+0000] {logging_mixin.py:188} INFO - [2026-04-26T07:21:25.323+0000] {dagbag.py:540} INFO - Filling up the DagBag from /usr/local/python/3.12.1/lib/python3.12/site-packages/airflow/example_dags/tutorial.py
[2026-04-26T07:21:25.328+0000] {processor.py:840} INFO - DAG(s) 'tutorial' retrieved from /usr/local/python/3.12.1/lib/python3.12/site-packages/airflow/example_dags/tutorial.py
[2026-04-26T07:21:25.341+0000] {logging_mixin.py:188} INFO - [2026-04-26T07:21:25.340+0000] {dag.py:3096} INFO - Sync 1 DAGs
[2026-04-26T07:21:25.364+0000] {logging_mixin.py:188} INFO - [2026-04-26T07:21:25.363+0000] {dag.py:3954} INFO - Setting next_dagrun for tutorial to 2026-04-25 00:00:00+00:00, run_after=2026-04-26 00:00:00+00:00
[2026-04-26T07:21:25.389+0000] {processor.py:183} INFO - Processing /usr/local/python/3.12.1/lib/python3.12/site-packages/airflow/example_dags/tutorial.py took 0.070 seconds
[2026-04-26T07:21:25.673+0000] {processor.py:161} INFO - Started process (PID=27184) to work on /usr/local/python/3.12.1/lib/python3.12/site-packages/airflow/example_dags/tutorial.py
[2026-04-26T07:21:25.674+0000] {processor.py:830} INFO - Processing file /usr/local/python/3.12.1/lib/python3.12/site-packages/airflow/example_dags/tutorial.py for tasks to queue
[2026-04-26T07:21:25.675+0000] {logging_mixin.py:188} INFO - [2026-04-26T07:21:25.674+0000] {dagbag.py:540} INFO - Filling up the DagBag from /usr/local/python/3.12.1/lib/python3.12/site-packages/airflow/example_dags/tutorial.py
[2026-04-26T07:21:25.680+0000] {processor.py:840} INFO - DAG(s) 'tutorial' retrieved from /usr/local/python/3.12.1/lib/python3.12/site-packages/airflow/example_dags/tutorial.py
[2026-04-26T07:21:25.691+0000] {logging_mixin.py:188} INFO - [2026-04-26T07:21:25.691+0000] {dag.py:3096} INFO - Sync 1 DAGs
[2026-04-26T07:21:25.707+0000] {logging_mixin.py:188} INFO - [2026-04-26T07:21:25.706+0000] {dag.py:3954} INFO - Setting next_dagrun for tutorial to 2026-04-25 00:00:00+00:00, run_after=2026-04-26 00:00:00+00:00
[2026-04-26T07:21:25.724+0000] {processor.py:183} INFO - Processing /usr/local/python/3.12.1/lib/python3.12/site-packages/airflow/example_dags/tutorial.py took 0.055 seconds
[2026-04-26T07:21:38.070+0000] {processor.py:161} INFO - Started process (PID=27304) to work on /usr/local/python/3.12.1/lib/python3.12/site-packages/airflow/example_dags/tutorial.py
[2026-04-26T07:21:38.070+0000] {processor.py:830} INFO - Processing file /usr/local/python/3.12.1/lib/python3.12/site-packages/airflow/example_dags/tutorial.py for tasks to queue
[2026-04-26T07:21:38.071+0000] {logging_mixin.py:188} INFO - [2026-04-26T07:21:38.071+0000] {dagbag.py:540} INFO - Filling up the DagBag from /usr/local/python/3.12.1/lib/python3.12/site-packages/airflow/example_dags/tutorial.py
[2026-04-26T07:21:38.076+0000] {processor.py:840} INFO - DAG(s) 'tutorial' retrieved from /usr/local/python/3.12.1/lib/python3.12/site-packages/airflow/example_dags/tutorial.py
[2026-04-26T07:21:38.088+0000] {logging_mixin.py:188} INFO - [2026-04-26T07:21:38.088+0000] {dag.py:3096} INFO - Sync 1 DAGs
[2026-04-26T07:21:38.102+0000] {logging_mixin.py:188} INFO - [2026-04-26T07:21:38.102+0000] {dag.py:3954} INFO - Setting next_dagrun for tutorial to 2026-04-25 00:00:00+00:00, run_after=2026-04-26 00:00:00+00:00
[2026-04-26T07:21:38.118+0000] {processor.py:183} INFO - Processing /usr/local/python/3.12.1/lib/python3.12/site-packages/airflow/example_dags/tutorial.py took 0.053 seconds
[2026-04-26T07:22:06.253+0000] {processor.py:161} INFO - Started process (PID=27544) to work on /usr/local/python/3.12.1/lib/python3.12/site-packages/airflow/example_dags/tutorial.py
[2026-04-26T07:22:06.254+0000] {processor.py:830} INFO - Processing file /usr/local/python/3.12.1/lib/python3.12/site-packages/airflow/example_dags/tutorial.py for tasks to queue
[2026-04-26T07:22:06.255+0000] {logging_mixin.py:188} INFO - [2026-04-26T07:22:06.255+0000] {dagbag.py:540} INFO - Filling up the DagBag from /usr/local/python/3.12.1/lib/python3.12/site-packages/airflow/example_dags/tutorial.py
[2026-04-26T07:22:06.260+0000] {processor.py:840} INFO - DAG(s) 'tutorial' retrieved from /usr/local/python/3.12.1/lib/python3.12/site-packages/airflow/example_dags/tutorial.py
[2026-04-26T07:22:06.272+0000] {logging_mixin.py:188} INFO - [2026-04-26T07:22:06.271+0000] {dag.py:3096} INFO - Sync 1 DAGs
[2026-04-26T07:22:06.287+0000] {logging_mixin.py:188} INFO - [2026-04-26T07:22:06.286+0000] {dag.py:3954} INFO - Setting next_dagrun for tutorial to 2026-04-25 00:00:00+00:00, run_after=2026-04-26 00:00:00+00:00
[2026-04-26T07:22:06.303+0000] {processor.py:183} INFO - Processing /usr/local/python/3.12.1/lib/python3.12/site-packages/airflow/example_dags/tutorial.py took 0.054 seconds
[2026-04-26T07:22:07.767+0000] {processor.py:161} INFO - Started process (PID=27551) to work on /usr/local/python/3.12.1/lib/python3.12/site-packages/airflow/example_dags/tutorial.py
[2026-04-26T07:22:07.768+0000] {processor.py:830} INFO - Processing file /usr/local/python/3.12.1/lib/python3.12/site-packages/airflow/example_dags/tutorial.py for tasks to queue
[2026-04-26T07:22:07.769+0000] {logging_mixin.py:188} INFO - [2026-04-26T07:22:07.768+0000] {dagbag.py:540} INFO - Filling up the DagBag from /usr/local/python/3.12.1/lib/python3.12/site-packages/airflow/example_dags/tutorial.py
[2026-04-26T07:22:07.774+0000] {processor.py:840} INFO - DAG(s) 'tutorial' retrieved from /usr/local/python/3.12.1/lib/python3.12/site-packages/airflow/example_dags/tutorial.py
[2026-04-26T07:22:07.786+0000] {logging_mixin.py:188} INFO - [2026-04-26T07:22:07.786+0000] {dag.py:3096} INFO - Sync 1 DAGs
[2026-04-26T07:22:07.800+0000] {logging_mixin.py:188} INFO - [2026-04-26T07:22:07.800+0000] {dag.py:3954} INFO - Setting next_dagrun for tutorial to 2026-04-25 00:00:00+00:00, run_after=2026-04-26 00:00:00+00:00
[2026-04-26T07:22:07.817+0000] {processor.py:183} INFO - Processing /usr/local/python/3.12.1/lib/python3.12/site-packages/airflow/example_dags/tutorial.py took 0.054 seconds
[2026-04-26T07:22:21.042+0000] {processor.py:161} INFO - Started process (PID=27685) to work on /usr/local/python/3.12.1/lib/python3.12/site-packages/airflow/example_dags/tutorial.py
[2026-04-26T07:22:21.043+0000] {processor.py:830} INFO - Processing file /usr/local/python/3.12.1/lib/python3.12/site-packages/airflow/example_dags/tutorial.py for tasks to queue
[2026-04-26T07:22:21.043+0000] {logging_mixin.py:188} INFO - [2026-04-26T07:22:21.043+0000] {dagbag.py:540} INFO - Filling up the DagBag from /usr/local/python/3.12.1/lib/python3.12/site-packages/airflow/example_dags/tutorial.py
[2026-04-26T07:22:21.048+0000] {processor.py:840} INFO - DAG(s) 'tutorial' retrieved from /usr/local/python/3.12.1/lib/python3.12/site-packages/airflow/example_dags/tutorial.py
[2026-04-26T07:22:21.064+0000] {logging_mixin.py:188} INFO - [2026-04-26T07:22:21.063+0000] {dag.py:3096} INFO - Sync 1 DAGs
[2026-04-26T07:22:21.081+0000] {logging_mixin.py:188} INFO - [2026-04-26T07:22:21.081+0000] {dag.py:3954} INFO - Setting next_dagrun for tutorial to 2026-04-25 00:00:00+00:00, run_after=2026-04-26 00:00:00+00:00
[2026-04-26T07:22:21.102+0000] {processor.py:183} INFO - Processing /usr/local/python/3.12.1/lib/python3.12/site-packages/airflow/example_dags/tutorial.py took 0.064 seconds
[2026-04-26T07:22:49.675+0000] {processor.py:161} INFO - Started process (PID=27937) to work on /usr/local/python/3.12.1/lib/python3.12/site-packages/airflow/example_dags/tutorial.py
[2026-04-26T07:22:49.676+0000] {processor.py:830} INFO - Processing file /usr/local/python/3.12.1/lib/python3.12/site-packages/airflow/example_dags/tutorial.py for tasks to queue
[2026-04-26T07:22:49.677+0000] {logging_mixin.py:188} INFO - [2026-04-26T07:22:49.676+0000] {dagbag.py:540} INFO - Filling up the DagBag from /usr/local/python/3.12.1/lib/python3.12/site-packages/airflow/example_dags/tutorial.py
[2026-04-26T07:22:49.683+0000] {processor.py:840} INFO - DAG(s) 'tutorial' retrieved from /usr/local/python/3.12.1/lib/python3.12/site-packages/airflow/example_dags/tutorial.py
[2026-04-26T07:22:49.697+0000] {logging_mixin.py:188} INFO - [2026-04-26T07:22:49.697+0000] {dag.py:3096} INFO - Sync 1 DAGs
[2026-04-26T07:22:49.714+0000] {logging_mixin.py:188} INFO - [2026-04-26T07:22:49.714+0000] {dag.py:3954} INFO - Setting next_dagrun for tutorial to 2026-04-25 00:00:00+00:00, run_after=2026-04-26 00:00:00+00:00
[2026-04-26T07:22:49.729+0000] {processor.py:183} INFO - Processing /usr/local/python/3.12.1/lib/python3.12/site-packages/airflow/example_dags/tutorial.py took 0.061 seconds
[2026-04-26T07:22:57.688+0000] {processor.py:161} INFO - Started process (PID=27992) to work on /usr/local/python/3.12.1/lib/python3.12/site-packages/airflow/example_dags/tutorial.py
[2026-04-26T07:22:57.689+0000] {processor.py:830} INFO - Processing file /usr/local/python/3.12.1/lib/python3.12/site-packages/airflow/example_dags/tutorial.py for tasks to queue
[2026-04-26T07:22:57.690+0000] {logging_mixin.py:188} INFO - [2026-04-26T07:22:57.689+0000] {dagbag.py:540} INFO - Filling up the DagBag from /usr/local/python/3.12.1/lib/python3.12/site-packages/airflow/example_dags/tutorial.py
[2026-04-26T07:22:57.694+0000] {processor.py:840} INFO - DAG(s) 'tutorial' retrieved from /usr/local/python/3.12.1/lib/python3.12/site-packages/airflow/example_dags/tutorial.py
[2026-04-26T07:22:57.705+0000] {logging_mixin.py:188} INFO - [2026-04-26T07:22:57.705+0000] {dag.py:3096} INFO - Sync 1 DAGs
[2026-04-26T07:22:57.720+0000] {logging_mixin.py:188} INFO - [2026-04-26T07:22:57.720+0000] {dag.py:3954} INFO - Setting next_dagrun for tutorial to 2026-04-25 00:00:00+00:00, run_after=2026-04-26 00:00:00+00:00
[2026-04-26T07:22:57.737+0000] {processor.py:183} INFO - Processing /usr/local/python/3.12.1/lib/python3.12/site-packages/airflow/example_dags/tutorial.py took 0.052 seconds
[2026-04-26T07:23:04.077+0000] {processor.py:161} INFO - Started process (PID=28054) to work on /usr/local/python/3.12.1/lib/python3.12/site-packages/airflow/example_dags/tutorial.py
[2026-04-26T07:23:04.078+0000] {processor.py:830} INFO - Processing file /usr/local/python/3.12.1/lib/python3.12/site-packages/airflow/example_dags/tutorial.py for tasks to queue
[2026-04-26T07:23:04.079+0000] {logging_mixin.py:188} INFO - [2026-04-26T07:23:04.079+0000] {dagbag.py:540} INFO - Filling up the DagBag from /usr/local/python/3.12.1/lib/python3.12/site-packages/airflow/example_dags/tutorial.py
[2026-04-26T07:23:04.086+0000] {processor.py:840} INFO - DAG(s) 'tutorial' retrieved from /usr/local/python/3.12.1/lib/python3.12/site-packages/airflow/example_dags/tutorial.py
[2026-04-26T07:23:04.102+0000] {logging_mixin.py:188} INFO - [2026-04-26T07:23:04.102+0000] {dag.py:3096} INFO - Sync 1 DAGs
[2026-04-26T07:23:04.124+0000] {logging_mixin.py:188} INFO - [2026-04-26T07:23:04.123+0000] {dag.py:3954} INFO - Setting next_dagrun for tutorial to 2026-04-25 00:00:00+00:00, run_after=2026-04-26 00:00:00+00:00
[2026-04-26T07:23:04.149+0000] {processor.py:183} INFO - Processing /usr/local/python/3.12.1/lib/python3.12/site-packages/airflow/example_dags/tutorial.py took 0.077 seconds
[2026-04-26T07:23:32.197+0000] {processor.py:161} INFO - Started process (PID=28315) to work on /usr/local/python/3.12.1/lib/python3.12/site-packages/airflow/example_dags/tutorial.py
[2026-04-26T07:23:32.197+0000] {processor.py:830} INFO - Processing file /usr/local/python/3.12.1/lib/python3.12/site-packages/airflow/example_dags/tutorial.py for tasks to queue
[2026-04-26T07:23:32.198+0000] {logging_mixin.py:188} INFO - [2026-04-26T07:23:32.198+0000] {dagbag.py:540} INFO - Filling up the DagBag from /usr/local/python/3.12.1/lib/python3.12/site-packages/airflow/example_dags/tutorial.py
[2026-04-26T07:23:32.203+0000] {processor.py:840} INFO - DAG(s) 'tutorial' retrieved from /usr/local/python/3.12.1/lib/python3.12/site-packages/airflow/example_dags/tutorial.py
[2026-04-26T07:23:32.214+0000] {logging_mixin.py:188} INFO - [2026-04-26T07:23:32.214+0000] {dag.py:3096} INFO - Sync 1 DAGs
[2026-04-26T07:23:32.229+0000] {logging_mixin.py:188} INFO - [2026-04-26T07:23:32.229+0000] {dag.py:3954} INFO - Setting next_dagrun for tutorial to 2026-04-25 00:00:00+00:00, run_after=2026-04-26 00:00:00+00:00
[2026-04-26T07:23:32.245+0000] {processor.py:183} INFO - Processing /usr/local/python/3.12.1/lib/python3.12/site-packages/airflow/example_dags/tutorial.py took 0.053 seconds
[2026-04-26T07:23:39.151+0000] {processor.py:161} INFO - Started process (PID=28362) to work on /usr/local/python/3.12.1/lib/python3.12/site-packages/airflow/example_dags/tutorial.py
[2026-04-26T07:23:39.151+0000] {processor.py:830} INFO - Processing file /usr/local/python/3.12.1/lib/python3.12/site-packages/airflow/example_dags/tutorial.py for tasks to queue
[2026-04-26T07:23:39.152+0000] {logging_mixin.py:188} INFO - [2026-04-26T07:23:39.152+0000] {dagbag.py:540} INFO - Filling up the DagBag from /usr/local/python/3.12.1/lib/python3.12/site-packages/airflow/example_dags/tutorial.py
[2026-04-26T07:23:39.158+0000] {processor.py:840} INFO - DAG(s) 'tutorial' retrieved from /usr/local/python/3.12.1/lib/python3.12/site-packages/airflow/example_dags/tutorial.py
[2026-04-26T07:23:39.173+0000] {logging_mixin.py:188} INFO - [2026-04-26T07:23:39.173+0000] {dag.py:3096} INFO - Sync 1 DAGs
[2026-04-26T07:23:39.194+0000] {logging_mixin.py:188} INFO - [2026-04-26T07:23:39.193+0000] {dag.py:3954} INFO - Setting next_dagrun for tutorial to 2026-04-25 00:00:00+00:00, run_after=2026-04-26 00:00:00+00:00
[2026-04-26T07:23:39.210+0000] {processor.py:183} INFO - Processing /usr/local/python/3.12.1/lib/python3.12/site-packages/airflow/example_dags/tutorial.py took 0.063 seconds
[2026-04-26T07:23:45.297+0000] {processor.py:161} INFO - Started process (PID=28487) to work on /usr/local/python/3.12.1/lib/python3.12/site-packages/airflow/example_dags/tutorial.py
[2026-04-26T07:23:45.298+0000] {processor.py:830} INFO - Processing file /usr/local/python/3.12.1/lib/python3.12/site-packages/airflow/example_dags/tutorial.py for tasks to queue
[2026-04-26T07:23:45.299+0000] {logging_mixin.py:188} INFO - [2026-04-26T07:23:45.298+0000] {dagbag.py:540} INFO - Filling up the DagBag from /usr/local/python/3.12.1/lib/python3.12/site-packages/airflow/example_dags/tutorial.py
[2026-04-26T07:23:45.303+0000] {processor.py:840} INFO - DAG(s) 'tutorial' retrieved from /usr/local/python/3.12.1/lib/python3.12/site-packages/airflow/example_dags/tutorial.py
[2026-04-26T07:23:45.314+0000] {logging_mixin.py:188} INFO - [2026-04-26T07:23:45.314+0000] {dag.py:3096} INFO - Sync 1 DAGs
[2026-04-26T07:23:45.328+0000] {logging_mixin.py:188} INFO - [2026-04-26T07:23:45.328+0000] {dag.py:3954} INFO - Setting next_dagrun for tutorial to 2026-04-25 00:00:00+00:00, run_after=2026-04-26 00:00:00+00:00
[2026-04-26T07:23:45.346+0000] {processor.py:183} INFO - Processing /usr/local/python/3.12.1/lib/python3.12/site-packages/airflow/example_dags/tutorial.py took 0.053 seconds
[2026-04-26T07:24:09.856+0000] {processor.py:161} INFO - Started process (PID=28702) to work on /usr/local/python/3.12.1/lib/python3.12/site-packages/airflow/example_dags/tutorial.py
[2026-04-26T07:24:09.857+0000] {processor.py:830} INFO - Processing file /usr/local/python/3.12.1/lib/python3.12/site-packages/airflow/example_dags/tutorial.py for tasks to queue
[2026-04-26T07:24:09.858+0000] {logging_mixin.py:188} INFO - [2026-04-26T07:24:09.858+0000] {dagbag.py:540} INFO - Filling up the DagBag from /usr/local/python/3.12.1/lib/python3.12/site-packages/airflow/example_dags/tutorial.py
[2026-04-26T07:24:09.864+0000] {processor.py:840} INFO - DAG(s) 'tutorial' retrieved from /usr/local/python/3.12.1/lib/python3.12/site-packages/airflow/example_dags/tutorial.py
[2026-04-26T07:24:09.876+0000] {logging_mixin.py:188} INFO - [2026-04-26T07:24:09.876+0000] {dag.py:3096} INFO - Sync 1 DAGs
[2026-04-26T07:24:09.891+0000] {logging_mixin.py:188} INFO - [2026-04-26T07:24:09.891+0000] {dag.py:3954} INFO - Setting next_dagrun for tutorial to 2026-04-25 00:00:00+00:00, run_after=2026-04-26 00:00:00+00:00
[2026-04-26T07:24:09.908+0000] {processor.py:183} INFO - Processing /usr/local/python/3.12.1/lib/python3.12/site-packages/airflow/example_dags/tutorial.py took 0.058 seconds
[2026-04-26T07:24:17.998+0000] {processor.py:161} INFO - Started process (PID=28778) to work on /usr/local/python/3.12.1/lib/python3.12/site-packages/airflow/example_dags/tutorial.py
[2026-04-26T07:24:17.999+0000] {processor.py:830} INFO - Processing file /usr/local/python/3.12.1/lib/python3.12/site-packages/airflow/example_dags/tutorial.py for tasks to queue
[2026-04-26T07:24:18.000+0000] {logging_mixin.py:188} INFO - [2026-04-26T07:24:17.999+0000] {dagbag.py:540} INFO - Filling up the DagBag from /usr/local/python/3.12.1/lib/python3.12/site-packages/airflow/example_dags/tutorial.py
[2026-04-26T07:24:18.009+0000] {processor.py:840} INFO - DAG(s) 'tutorial' retrieved from /usr/local/python/3.12.1/lib/python3.12/site-packages/airflow/example_dags/tutorial.py
[2026-04-26T07:24:18.049+0000] {logging_mixin.py:188} INFO - [2026-04-26T07:24:18.049+0000] {dag.py:3096} INFO - Sync 1 DAGs
[2026-04-26T07:24:18.080+0000] {logging_mixin.py:188} INFO - [2026-04-26T07:24:18.080+0000] {dag.py:3954} INFO - Setting next_dagrun for tutorial to 2026-04-25 00:00:00+00:00, run_after=2026-04-26 00:00:00+00:00
[2026-04-26T07:24:18.104+0000] {processor.py:183} INFO - Processing /usr/local/python/3.12.1/lib/python3.12/site-packages/airflow/example_dags/tutorial.py took 0.116 seconds
[2026-04-26T07:24:22.643+0000] {processor.py:161} INFO - Started process (PID=28830) to work on /usr/local/python/3.12.1/lib/python3.12/site-packages/airflow/example_dags/tutorial.py
[2026-04-26T07:24:22.644+0000] {processor.py:830} INFO - Processing file /usr/local/python/3.12.1/lib/python3.12/site-packages/airflow/example_dags/tutorial.py for tasks to queue
[2026-04-26T07:24:22.645+0000] {logging_mixin.py:188} INFO - [2026-04-26T07:24:22.645+0000] {dagbag.py:540} INFO - Filling up the DagBag from /usr/local/python/3.12.1/lib/python3.12/site-packages/airflow/example_dags/tutorial.py
[2026-04-26T07:24:22.650+0000] {processor.py:840} INFO - DAG(s) 'tutorial' retrieved from /usr/local/python/3.12.1/lib/python3.12/site-packages/airflow/example_dags/tutorial.py
[2026-04-26T07:24:22.661+0000] {logging_mixin.py:188} INFO - [2026-04-26T07:24:22.661+0000] {dag.py:3096} INFO - Sync 1 DAGs
[2026-04-26T07:24:22.675+0000] {logging_mixin.py:188} INFO - [2026-04-26T07:24:22.675+0000] {dag.py:3954} INFO - Setting next_dagrun for tutorial to 2026-04-25 00:00:00+00:00, run_after=2026-04-26 00:00:00+00:00
[2026-04-26T07:24:22.693+0000] {processor.py:183} INFO - Processing /usr/local/python/3.12.1/lib/python3.12/site-packages/airflow/example_dags/tutorial.py took 0.053 seconds
[2026-04-26T07:24:49.738+0000] {processor.py:161} INFO - Started process (PID=29122) to work on /usr/local/python/3.12.1/lib/python3.12/site-packages/airflow/example_dags/tutorial.py
[2026-04-26T07:24:49.739+0000] {processor.py:830} INFO - Processing file /usr/local/python/3.12.1/lib/python3.12/site-packages/airflow/example_dags/tutorial.py for tasks to queue
[2026-04-26T07:24:49.739+0000] {logging_mixin.py:188} INFO - [2026-04-26T07:24:49.739+0000] {dagbag.py:540} INFO - Filling up the DagBag from /usr/local/python/3.12.1/lib/python3.12/site-packages/airflow/example_dags/tutorial.py
[2026-04-26T07:24:49.744+0000] {processor.py:840} INFO - DAG(s) 'tutorial' retrieved from /usr/local/python/3.12.1/lib/python3.12/site-packages/airflow/example_dags/tutorial.py
[2026-04-26T07:24:49.755+0000] {logging_mixin.py:188} INFO - [2026-04-26T07:24:49.755+0000] {dag.py:3096} INFO - Sync 1 DAGs
[2026-04-26T07:24:49.771+0000] {logging_mixin.py:188} INFO - [2026-04-26T07:24:49.770+0000] {dag.py:3954} INFO - Setting next_dagrun for tutorial to 2026-04-25 00:00:00+00:00, run_after=2026-04-26 00:00:00+00:00
[2026-04-26T07:24:49.787+0000] {processor.py:183} INFO - Processing /usr/local/python/3.12.1/lib/python3.12/site-packages/airflow/example_dags/tutorial.py took 0.054 seconds
[2026-04-26T07:24:58.868+0000] {processor.py:161} INFO - Started process (PID=29202) to work on /usr/local/python/3.12.1/lib/python3.12/site-packages/airflow/example_dags/tutorial.py
[2026-04-26T07:24:58.869+0000] {processor.py:830} INFO - Processing file /usr/local/python/3.12.1/lib/python3.12/site-packages/airflow/example_dags/tutorial.py for tasks to queue
[2026-04-26T07:24:58.870+0000] {logging_mixin.py:188} INFO - [2026-04-26T07:24:58.869+0000] {dagbag.py:540} INFO - Filling up the DagBag from /usr/local/python/3.12.1/lib/python3.12/site-packages/airflow/example_dags/tutorial.py
[2026-04-26T07:24:58.875+0000] {processor.py:840} INFO - DAG(s) 'tutorial' retrieved from /usr/local/python/3.12.1/lib/python3.12/site-packages/airflow/example_dags/tutorial.py
[2026-04-26T07:24:58.887+0000] {logging_mixin.py:188} INFO - [2026-04-26T07:24:58.887+0000] {dag.py:3096} INFO - Sync 1 DAGs
[2026-04-26T07:24:58.903+0000] {logging_mixin.py:188} INFO - [2026-04-26T07:24:58.903+0000] {dag.py:3954} INFO - Setting next_dagrun for tutorial to 2026-04-25 00:00:00+00:00, run_after=2026-04-26 00:00:00+00:00
[2026-04-26T07:24:58.923+0000] {processor.py:183} INFO - Processing /usr/local/python/3.12.1/lib/python3.12/site-packages/airflow/example_dags/tutorial.py took 0.061 seconds
[2026-04-26T07:25:01.934+0000] {processor.py:161} INFO - Started process (PID=29243) to work on /usr/local/python/3.12.1/lib/python3.12/site-packages/airflow/example_dags/tutorial.py
[2026-04-26T07:25:01.935+0000] {processor.py:830} INFO - Processing file /usr/local/python/3.12.1/lib/python3.12/site-packages/airflow/example_dags/tutorial.py for tasks to queue
[2026-04-26T07:25:01.935+0000] {logging_mixin.py:188} INFO - [2026-04-26T07:25:01.935+0000] {dagbag.py:540} INFO - Filling up the DagBag from /usr/local/python/3.12.1/lib/python3.12/site-packages/airflow/example_dags/tutorial.py
[2026-04-26T07:25:01.940+0000] {processor.py:840} INFO - DAG(s) 'tutorial' retrieved from /usr/local/python/3.12.1/lib/python3.12/site-packages/airflow/example_dags/tutorial.py
[2026-04-26T07:25:01.953+0000] {logging_mixin.py:188} INFO - [2026-04-26T07:25:01.952+0000] {dag.py:3096} INFO - Sync 1 DAGs
[2026-04-26T07:25:01.972+0000] {logging_mixin.py:188} INFO - [2026-04-26T07:25:01.972+0000] {dag.py:3954} INFO - Setting next_dagrun for tutorial to 2026-04-25 00:00:00+00:00, run_after=2026-04-26 00:00:00+00:00
[2026-04-26T07:25:02.030+0000] {processor.py:183} INFO - Processing /usr/local/python/3.12.1/lib/python3.12/site-packages/airflow/example_dags/tutorial.py took 0.100 seconds
[2026-04-26T07:25:29.667+0000] {processor.py:161} INFO - Started process (PID=29544) to work on /usr/local/python/3.12.1/lib/python3.12/site-packages/airflow/example_dags/tutorial.py
[2026-04-26T07:25:29.668+0000] {processor.py:830} INFO - Processing file /usr/local/python/3.12.1/lib/python3.12/site-packages/airflow/example_dags/tutorial.py for tasks to queue
[2026-04-26T07:25:29.669+0000] {logging_mixin.py:188} INFO - [2026-04-26T07:25:29.668+0000] {dagbag.py:540} INFO - Filling up the DagBag from /usr/local/python/3.12.1/lib/python3.12/site-packages/airflow/example_dags/tutorial.py
[2026-04-26T07:25:29.674+0000] {processor.py:840} INFO - DAG(s) 'tutorial' retrieved from /usr/local/python/3.12.1/lib/python3.12/site-packages/airflow/example_dags/tutorial.py
[2026-04-26T07:25:29.685+0000] {logging_mixin.py:188} INFO - [2026-04-26T07:25:29.685+0000] {dag.py:3096} INFO - Sync 1 DAGs
[2026-04-26T07:25:29.700+0000] {logging_mixin.py:188} INFO - [2026-04-26T07:25:29.699+0000] {dag.py:3954} INFO - Setting next_dagrun for tutorial to 2026-04-25 00:00:00+00:00, run_after=2026-04-26 00:00:00+00:00
[2026-04-26T07:25:29.716+0000] {processor.py:183} INFO - Processing /usr/local/python/3.12.1/lib/python3.12/site-packages/airflow/example_dags/tutorial.py took 0.053 seconds
[2026-04-26T07:25:39.055+0000] {processor.py:161} INFO - Started process (PID=29630) to work on /usr/local/python/3.12.1/lib/python3.12/site-packages/airflow/example_dags/tutorial.py
[2026-04-26T07:25:39.056+0000] {processor.py:830} INFO - Processing file /usr/local/python/3.12.1/lib/python3.12/site-packages/airflow/example_dags/tutorial.py for tasks to queue
[2026-04-26T07:25:39.057+0000] {logging_mixin.py:188} INFO - [2026-04-26T07:25:39.056+0000] {dagbag.py:540} INFO - Filling up the DagBag from /usr/local/python/3.12.1/lib/python3.12/site-packages/airflow/example_dags/tutorial.py
[2026-04-26T07:25:39.061+0000] {processor.py:840} INFO - DAG(s) 'tutorial' retrieved from /usr/local/python/3.12.1/lib/python3.12/site-packages/airflow/example_dags/tutorial.py
[2026-04-26T07:25:39.072+0000] {logging_mixin.py:188} INFO - [2026-04-26T07:25:39.072+0000] {dag.py:3096} INFO - Sync 1 DAGs
[2026-04-26T07:25:39.086+0000] {logging_mixin.py:188} INFO - [2026-04-26T07:25:39.086+0000] {dag.py:3954} INFO - Setting next_dagrun for tutorial to 2026-04-25 00:00:00+00:00, run_after=2026-04-26 00:00:00+00:00
[2026-04-26T07:25:39.101+0000] {processor.py:183} INFO - Processing /usr/local/python/3.12.1/lib/python3.12/site-packages/airflow/example_dags/tutorial.py took 0.050 seconds
[2026-04-26T07:25:43.629+0000] {processor.py:161} INFO - Started process (PID=29685) to work on /usr/local/python/3.12.1/lib/python3.12/site-packages/airflow/example_dags/tutorial.py
[2026-04-26T07:25:43.629+0000] {processor.py:830} INFO - Processing file /usr/local/python/3.12.1/lib/python3.12/site-packages/airflow/example_dags/tutorial.py for tasks to queue
[2026-04-26T07:25:43.630+0000] {logging_mixin.py:188} INFO - [2026-04-26T07:25:43.630+0000] {dagbag.py:540} INFO - Filling up the DagBag from /usr/local/python/3.12.1/lib/python3.12/site-packages/airflow/example_dags/tutorial.py
[2026-04-26T07:25:43.635+0000] {processor.py:840} INFO - DAG(s) 'tutorial' retrieved from /usr/local/python/3.12.1/lib/python3.12/site-packages/airflow/example_dags/tutorial.py
[2026-04-26T07:25:43.646+0000] {logging_mixin.py:188} INFO - [2026-04-26T07:25:43.646+0000] {dag.py:3096} INFO - Sync 1 DAGs
[2026-04-26T07:25:43.661+0000] {logging_mixin.py:188} INFO - [2026-04-26T07:25:43.661+0000] {dag.py:3954} INFO - Setting next_dagrun for tutorial to 2026-04-25 00:00:00+00:00, run_after=2026-04-26 00:00:00+00:00
[2026-04-26T07:25:43.676+0000] {processor.py:183} INFO - Processing /usr/local/python/3.12.1/lib/python3.12/site-packages/airflow/example_dags/tutorial.py took 0.051 seconds
[2026-04-26T07:26:12.066+0000] {processor.py:161} INFO - Started process (PID=29924) to work on /usr/local/python/3.12.1/lib/python3.12/site-packages/airflow/example_dags/tutorial.py
[2026-04-26T07:26:12.067+0000] {processor.py:830} INFO - Processing file /usr/local/python/3.12.1/lib/python3.12/site-packages/airflow/example_dags/tutorial.py for tasks to queue
[2026-04-26T07:26:12.068+0000] {logging_mixin.py:188} INFO - [2026-04-26T07:26:12.068+0000] {dagbag.py:540} INFO - Filling up the DagBag from /usr/local/python/3.12.1/lib/python3.12/site-packages/airflow/example_dags/tutorial.py
[2026-04-26T07:26:12.073+0000] {processor.py:840} INFO - DAG(s) 'tutorial' retrieved from /usr/local/python/3.12.1/lib/python3.12/site-packages/airflow/example_dags/tutorial.py
[2026-04-26T07:26:12.084+0000] {logging_mixin.py:188} INFO - [2026-04-26T07:26:12.084+0000] {dag.py:3096} INFO - Sync 1 DAGs
[2026-04-26T07:26:12.099+0000] {logging_mixin.py:188} INFO - [2026-04-26T07:26:12.098+0000] {dag.py:3954} INFO - Setting next_dagrun for tutorial to 2026-04-25 00:00:00+00:00, run_after=2026-04-26 00:00:00+00:00
[2026-04-26T07:26:12.114+0000] {processor.py:183} INFO - Processing /usr/local/python/3.12.1/lib/python3.12/site-packages/airflow/example_dags/tutorial.py took 0.052 seconds
[2026-04-26T07:26:19.120+0000] {processor.py:161} INFO - Started process (PID=29987) to work on /usr/local/python/3.12.1/lib/python3.12/site-packages/airflow/example_dags/tutorial.py
[2026-04-26T07:26:19.121+0000] {processor.py:830} INFO - Processing file /usr/local/python/3.12.1/lib/python3.12/site-packages/airflow/example_dags/tutorial.py for tasks to queue
[2026-04-26T07:26:19.121+0000] {logging_mixin.py:188} INFO - [2026-04-26T07:26:19.121+0000] {dagbag.py:540} INFO - Filling up the DagBag from /usr/local/python/3.12.1/lib/python3.12/site-packages/airflow/example_dags/tutorial.py
[2026-04-26T07:26:19.126+0000] {processor.py:840} INFO - DAG(s) 'tutorial' retrieved from /usr/local/python/3.12.1/lib/python3.12/site-packages/airflow/example_dags/tutorial.py
[2026-04-26T07:26:19.138+0000] {logging_mixin.py:188} INFO - [2026-04-26T07:26:19.137+0000] {dag.py:3096} INFO - Sync 1 DAGs
[2026-04-26T07:26:19.152+0000] {logging_mixin.py:188} INFO - [2026-04-26T07:26:19.151+0000] {dag.py:3954} INFO - Setting next_dagrun for tutorial to 2026-04-25 00:00:00+00:00, run_after=2026-04-26 00:00:00+00:00
[2026-04-26T07:26:19.168+0000] {processor.py:183} INFO - Processing /usr/local/python/3.12.1/lib/python3.12/site-packages/airflow/example_dags/tutorial.py took 0.052 seconds
[2026-04-26T07:26:25.063+0000] {processor.py:161} INFO - Started process (PID=30047) to work on /usr/local/python/3.12.1/lib/python3.12/site-packages/airflow/example_dags/tutorial.py
[2026-04-26T07:26:25.064+0000] {processor.py:830} INFO - Processing file /usr/local/python/3.12.1/lib/python3.12/site-packages/airflow/example_dags/tutorial.py for tasks to queue
[2026-04-26T07:26:25.064+0000] {logging_mixin.py:188} INFO - [2026-04-26T07:26:25.064+0000] {dagbag.py:540} INFO - Filling up the DagBag from /usr/local/python/3.12.1/lib/python3.12/site-packages/airflow/example_dags/tutorial.py
[2026-04-26T07:26:25.069+0000] {processor.py:840} INFO - DAG(s) 'tutorial' retrieved from /usr/local/python/3.12.1/lib/python3.12/site-packages/airflow/example_dags/tutorial.py
[2026-04-26T07:26:25.082+0000] {logging_mixin.py:188} INFO - [2026-04-26T07:26:25.082+0000] {dag.py:3096} INFO - Sync 1 DAGs
[2026-04-26T07:26:25.100+0000] {logging_mixin.py:188} INFO - [2026-04-26T07:26:25.100+0000] {dag.py:3954} INFO - Setting next_dagrun for tutorial to 2026-04-25 00:00:00+00:00, run_after=2026-04-26 00:00:00+00:00
[2026-04-26T07:26:25.117+0000] {processor.py:183} INFO - Processing /usr/local/python/3.12.1/lib/python3.12/site-packages/airflow/example_dags/tutorial.py took 0.058 seconds
[2026-04-26T07:26:54.889+0000] {processor.py:161} INFO - Started process (PID=30314) to work on /usr/local/python/3.12.1/lib/python3.12/site-packages/airflow/example_dags/tutorial.py
[2026-04-26T07:26:54.890+0000] {processor.py:830} INFO - Processing file /usr/local/python/3.12.1/lib/python3.12/site-packages/airflow/example_dags/tutorial.py for tasks to queue
[2026-04-26T07:26:54.891+0000] {logging_mixin.py:188} INFO - [2026-04-26T07:26:54.890+0000] {dagbag.py:540} INFO - Filling up the DagBag from /usr/local/python/3.12.1/lib/python3.12/site-packages/airflow/example_dags/tutorial.py
[2026-04-26T07:26:54.896+0000] {processor.py:840} INFO - DAG(s) 'tutorial' retrieved from /usr/local/python/3.12.1/lib/python3.12/site-packages/airflow/example_dags/tutorial.py
[2026-04-26T07:26:54.907+0000] {logging_mixin.py:188} INFO - [2026-04-26T07:26:54.907+0000] {dag.py:3096} INFO - Sync 1 DAGs
[2026-04-26T07:26:54.921+0000] {logging_mixin.py:188} INFO - [2026-04-26T07:26:54.921+0000] {dag.py:3954} INFO - Setting next_dagrun for tutorial to 2026-04-25 00:00:00+00:00, run_after=2026-04-26 00:00:00+00:00
[2026-04-26T07:26:54.937+0000] {processor.py:183} INFO - Processing /usr/local/python/3.12.1/lib/python3.12/site-packages/airflow/example_dags/tutorial.py took 0.052 seconds
[2026-04-26T07:27:00.207+0000] {processor.py:161} INFO - Started process (PID=30347) to work on /usr/local/python/3.12.1/lib/python3.12/site-packages/airflow/example_dags/tutorial.py
[2026-04-26T07:27:00.208+0000] {processor.py:830} INFO - Processing file /usr/local/python/3.12.1/lib/python3.12/site-packages/airflow/example_dags/tutorial.py for tasks to queue
[2026-04-26T07:27:00.209+0000] {logging_mixin.py:188} INFO - [2026-04-26T07:27:00.209+0000] {dagbag.py:540} INFO - Filling up the DagBag from /usr/local/python/3.12.1/lib/python3.12/site-packages/airflow/example_dags/tutorial.py
[2026-04-26T07:27:00.214+0000] {processor.py:840} INFO - DAG(s) 'tutorial' retrieved from /usr/local/python/3.12.1/lib/python3.12/site-packages/airflow/example_dags/tutorial.py
[2026-04-26T07:27:00.225+0000] {logging_mixin.py:188} INFO - [2026-04-26T07:27:00.225+0000] {dag.py:3096} INFO - Sync 1 DAGs
[2026-04-26T07:27:00.239+0000] {logging_mixin.py:188} INFO - [2026-04-26T07:27:00.238+0000] {dag.py:3954} INFO - Setting next_dagrun for tutorial to 2026-04-25 00:00:00+00:00, run_after=2026-04-26 00:00:00+00:00
[2026-04-26T07:27:00.255+0000] {processor.py:183} INFO - Processing /usr/local/python/3.12.1/lib/python3.12/site-packages/airflow/example_dags/tutorial.py took 0.052 seconds
[2026-04-26T07:27:08.061+0000] {processor.py:161} INFO - Started process (PID=30428) to work on /usr/local/python/3.12.1/lib/python3.12/site-packages/airflow/example_dags/tutorial.py
[2026-04-26T07:27:08.061+0000] {processor.py:830} INFO - Processing file /usr/local/python/3.12.1/lib/python3.12/site-packages/airflow/example_dags/tutorial.py for tasks to queue
[2026-04-26T07:27:08.062+0000] {logging_mixin.py:188} INFO - [2026-04-26T07:27:08.062+0000] {dagbag.py:540} INFO - Filling up the DagBag from /usr/local/python/3.12.1/lib/python3.12/site-packages/airflow/example_dags/tutorial.py
[2026-04-26T07:27:08.067+0000] {processor.py:840} INFO - DAG(s) 'tutorial' retrieved from /usr/local/python/3.12.1/lib/python3.12/site-packages/airflow/example_dags/tutorial.py
[2026-04-26T07:27:08.078+0000] {logging_mixin.py:188} INFO - [2026-04-26T07:27:08.078+0000] {dag.py:3096} INFO - Sync 1 DAGs
[2026-04-26T07:27:08.093+0000] {logging_mixin.py:188} INFO - [2026-04-26T07:27:08.093+0000] {dag.py:3954} INFO - Setting next_dagrun for tutorial to 2026-04-25 00:00:00+00:00, run_after=2026-04-26 00:00:00+00:00
[2026-04-26T07:27:08.109+0000] {processor.py:183} INFO - Processing /usr/local/python/3.12.1/lib/python3.12/site-packages/airflow/example_dags/tutorial.py took 0.053 seconds
[2026-04-26T07:27:31.535+0000] {processor.py:161} INFO - Started process (PID=30632) to work on /usr/local/python/3.12.1/lib/python3.12/site-packages/airflow/example_dags/tutorial.py
[2026-04-26T07:27:31.536+0000] {processor.py:830} INFO - Processing file /usr/local/python/3.12.1/lib/python3.12/site-packages/airflow/example_dags/tutorial.py for tasks to queue
[2026-04-26T07:27:31.537+0000] {logging_mixin.py:188} INFO - [2026-04-26T07:27:31.537+0000] {dagbag.py:540} INFO - Filling up the DagBag from /usr/local/python/3.12.1/lib/python3.12/site-packages/airflow/example_dags/tutorial.py
[2026-04-26T07:27:31.542+0000] {processor.py:840} INFO - DAG(s) 'tutorial' retrieved from /usr/local/python/3.12.1/lib/python3.12/site-packages/airflow/example_dags/tutorial.py
[2026-04-26T07:27:31.553+0000] {logging_mixin.py:188} INFO - [2026-04-26T07:27:31.553+0000] {dag.py:3096} INFO - Sync 1 DAGs
[2026-04-26T07:27:31.568+0000] {logging_mixin.py:188} INFO - [2026-04-26T07:27:31.568+0000] {dag.py:3954} INFO - Setting next_dagrun for tutorial to 2026-04-25 00:00:00+00:00, run_after=2026-04-26 00:00:00+00:00
[2026-04-26T07:27:31.584+0000] {processor.py:183} INFO - Processing /usr/local/python/3.12.1/lib/python3.12/site-packages/airflow/example_dags/tutorial.py took 0.053 seconds
[2026-04-26T07:27:40.558+0000] {processor.py:161} INFO - Started process (PID=30715) to work on /usr/local/python/3.12.1/lib/python3.12/site-packages/airflow/example_dags/tutorial.py
[2026-04-26T07:27:40.559+0000] {processor.py:830} INFO - Processing file /usr/local/python/3.12.1/lib/python3.12/site-packages/airflow/example_dags/tutorial.py for tasks to queue
[2026-04-26T07:27:40.560+0000] {logging_mixin.py:188} INFO - [2026-04-26T07:27:40.559+0000] {dagbag.py:540} INFO - Filling up the DagBag from /usr/local/python/3.12.1/lib/python3.12/site-packages/airflow/example_dags/tutorial.py
[2026-04-26T07:27:40.564+0000] {processor.py:840} INFO - DAG(s) 'tutorial' retrieved from /usr/local/python/3.12.1/lib/python3.12/site-packages/airflow/example_dags/tutorial.py
[2026-04-26T07:27:40.575+0000] {logging_mixin.py:188} INFO - [2026-04-26T07:27:40.575+0000] {dag.py:3096} INFO - Sync 1 DAGs
[2026-04-26T07:27:40.590+0000] {logging_mixin.py:188} INFO - [2026-04-26T07:27:40.589+0000] {dag.py:3954} INFO - Setting next_dagrun for tutorial to 2026-04-25 00:00:00+00:00, run_after=2026-04-26 00:00:00+00:00
[2026-04-26T07:27:40.607+0000] {processor.py:183} INFO - Processing /usr/local/python/3.12.1/lib/python3.12/site-packages/airflow/example_dags/tutorial.py took 0.053 seconds
[2026-04-26T07:27:48.065+0000] {processor.py:161} INFO - Started process (PID=30788) to work on /usr/local/python/3.12.1/lib/python3.12/site-packages/airflow/example_dags/tutorial.py
[2026-04-26T07:27:48.066+0000] {processor.py:830} INFO - Processing file /usr/local/python/3.12.1/lib/python3.12/site-packages/airflow/example_dags/tutorial.py for tasks to queue
[2026-04-26T07:27:48.067+0000] {logging_mixin.py:188} INFO - [2026-04-26T07:27:48.067+0000] {dagbag.py:540} INFO - Filling up the DagBag from /usr/local/python/3.12.1/lib/python3.12/site-packages/airflow/example_dags/tutorial.py
[2026-04-26T07:27:48.074+0000] {processor.py:840} INFO - DAG(s) 'tutorial' retrieved from /usr/local/python/3.12.1/lib/python3.12/site-packages/airflow/example_dags/tutorial.py
[2026-04-26T07:27:48.090+0000] {logging_mixin.py:188} INFO - [2026-04-26T07:27:48.090+0000] {dag.py:3096} INFO - Sync 1 DAGs
[2026-04-26T07:27:48.130+0000] {logging_mixin.py:188} INFO - [2026-04-26T07:27:48.130+0000] {dag.py:3954} INFO - Setting next_dagrun for tutorial to 2026-04-25 00:00:00+00:00, run_after=2026-04-26 00:00:00+00:00
[2026-04-26T07:27:48.155+0000] {processor.py:183} INFO - Processing /usr/local/python/3.12.1/lib/python3.12/site-packages/airflow/example_dags/tutorial.py took 0.096 seconds
[2026-04-26T07:28:11.683+0000] {processor.py:161} INFO - Started process (PID=30990) to work on /usr/local/python/3.12.1/lib/python3.12/site-packages/airflow/example_dags/tutorial.py
[2026-04-26T07:28:11.683+0000] {processor.py:830} INFO - Processing file /usr/local/python/3.12.1/lib/python3.12/site-packages/airflow/example_dags/tutorial.py for tasks to queue
[2026-04-26T07:28:11.684+0000] {logging_mixin.py:188} INFO - [2026-04-26T07:28:11.684+0000] {dagbag.py:540} INFO - Filling up the DagBag from /usr/local/python/3.12.1/lib/python3.12/site-packages/airflow/example_dags/tutorial.py
[2026-04-26T07:28:11.691+0000] {processor.py:840} INFO - DAG(s) 'tutorial' retrieved from /usr/local/python/3.12.1/lib/python3.12/site-packages/airflow/example_dags/tutorial.py
[2026-04-26T07:28:11.706+0000] {logging_mixin.py:188} INFO - [2026-04-26T07:28:11.706+0000] {dag.py:3096} INFO - Sync 1 DAGs
[2026-04-26T07:28:11.730+0000] {logging_mixin.py:188} INFO - [2026-04-26T07:28:11.729+0000] {dag.py:3954} INFO - Setting next_dagrun for tutorial to 2026-04-25 00:00:00+00:00, run_after=2026-04-26 00:00:00+00:00
[2026-04-26T07:28:11.752+0000] {processor.py:183} INFO - Processing /usr/local/python/3.12.1/lib/python3.12/site-packages/airflow/example_dags/tutorial.py took 0.073 seconds
[2026-04-26T07:28:21.063+0000] {processor.py:161} INFO - Started process (PID=31081) to work on /usr/local/python/3.12.1/lib/python3.12/site-packages/airflow/example_dags/tutorial.py
[2026-04-26T07:28:21.063+0000] {processor.py:830} INFO - Processing file /usr/local/python/3.12.1/lib/python3.12/site-packages/airflow/example_dags/tutorial.py for tasks to queue
[2026-04-26T07:28:21.064+0000] {logging_mixin.py:188} INFO - [2026-04-26T07:28:21.064+0000] {dagbag.py:540} INFO - Filling up the DagBag from /usr/local/python/3.12.1/lib/python3.12/site-packages/airflow/example_dags/tutorial.py
[2026-04-26T07:28:21.070+0000] {processor.py:840} INFO - DAG(s) 'tutorial' retrieved from /usr/local/python/3.12.1/lib/python3.12/site-packages/airflow/example_dags/tutorial.py
[2026-04-26T07:28:21.082+0000] {logging_mixin.py:188} INFO - [2026-04-26T07:28:21.082+0000] {dag.py:3096} INFO - Sync 1 DAGs
[2026-04-26T07:28:21.097+0000] {logging_mixin.py:188} INFO - [2026-04-26T07:28:21.097+0000] {dag.py:3954} INFO - Setting next_dagrun for tutorial to 2026-04-25 00:00:00+00:00, run_after=2026-04-26 00:00:00+00:00
[2026-04-26T07:28:21.113+0000] {processor.py:183} INFO - Processing /usr/local/python/3.12.1/lib/python3.12/site-packages/airflow/example_dags/tutorial.py took 0.055 seconds
[2026-04-26T07:28:29.635+0000] {processor.py:161} INFO - Started process (PID=31166) to work on /usr/local/python/3.12.1/lib/python3.12/site-packages/airflow/example_dags/tutorial.py
[2026-04-26T07:28:29.636+0000] {processor.py:830} INFO - Processing file /usr/local/python/3.12.1/lib/python3.12/site-packages/airflow/example_dags/tutorial.py for tasks to queue
[2026-04-26T07:28:29.637+0000] {logging_mixin.py:188} INFO - [2026-04-26T07:28:29.637+0000] {dagbag.py:540} INFO - Filling up the DagBag from /usr/local/python/3.12.1/lib/python3.12/site-packages/airflow/example_dags/tutorial.py
[2026-04-26T07:28:29.642+0000] {processor.py:840} INFO - DAG(s) 'tutorial' retrieved from /usr/local/python/3.12.1/lib/python3.12/site-packages/airflow/example_dags/tutorial.py
[2026-04-26T07:28:29.654+0000] {logging_mixin.py:188} INFO - [2026-04-26T07:28:29.654+0000] {dag.py:3096} INFO - Sync 1 DAGs
[2026-04-26T07:28:29.669+0000] {logging_mixin.py:188} INFO - [2026-04-26T07:28:29.669+0000] {dag.py:3954} INFO - Setting next_dagrun for tutorial to 2026-04-25 00:00:00+00:00, run_after=2026-04-26 00:00:00+00:00
[2026-04-26T07:28:29.693+0000] {processor.py:183} INFO - Processing /usr/local/python/3.12.1/lib/python3.12/site-packages/airflow/example_dags/tutorial.py took 0.064 seconds
[2026-04-26T07:28:50.643+0000] {processor.py:161} INFO - Started process (PID=31412) to work on /usr/local/python/3.12.1/lib/python3.12/site-packages/airflow/example_dags/tutorial.py
[2026-04-26T07:28:50.644+0000] {processor.py:830} INFO - Processing file /usr/local/python/3.12.1/lib/python3.12/site-packages/airflow/example_dags/tutorial.py for tasks to queue
[2026-04-26T07:28:50.644+0000] {logging_mixin.py:188} INFO - [2026-04-26T07:28:50.644+0000] {dagbag.py:540} INFO - Filling up the DagBag from /usr/local/python/3.12.1/lib/python3.12/site-packages/airflow/example_dags/tutorial.py
[2026-04-26T07:28:50.649+0000] {processor.py:840} INFO - DAG(s) 'tutorial' retrieved from /usr/local/python/3.12.1/lib/python3.12/site-packages/airflow/example_dags/tutorial.py
[2026-04-26T07:28:50.661+0000] {logging_mixin.py:188} INFO - [2026-04-26T07:28:50.661+0000] {dag.py:3096} INFO - Sync 1 DAGs
[2026-04-26T07:28:50.676+0000] {logging_mixin.py:188} INFO - [2026-04-26T07:28:50.676+0000] {dag.py:3954} INFO - Setting next_dagrun for tutorial to 2026-04-25 00:00:00+00:00, run_after=2026-04-26 00:00:00+00:00
[2026-04-26T07:28:50.692+0000] {processor.py:183} INFO - Processing /usr/local/python/3.12.1/lib/python3.12/site-packages/airflow/example_dags/tutorial.py took 0.054 seconds
[2026-04-26T07:29:02.284+0000] {processor.py:161} INFO - Started process (PID=31513) to work on /usr/local/python/3.12.1/lib/python3.12/site-packages/airflow/example_dags/tutorial.py
[2026-04-26T07:29:02.285+0000] {processor.py:830} INFO - Processing file /usr/local/python/3.12.1/lib/python3.12/site-packages/airflow/example_dags/tutorial.py for tasks to queue
[2026-04-26T07:29:02.286+0000] {logging_mixin.py:188} INFO - [2026-04-26T07:29:02.285+0000] {dagbag.py:540} INFO - Filling up the DagBag from /usr/local/python/3.12.1/lib/python3.12/site-packages/airflow/example_dags/tutorial.py
[2026-04-26T07:29:02.291+0000] {processor.py:840} INFO - DAG(s) 'tutorial' retrieved from /usr/local/python/3.12.1/lib/python3.12/site-packages/airflow/example_dags/tutorial.py
[2026-04-26T07:29:02.303+0000] {logging_mixin.py:188} INFO - [2026-04-26T07:29:02.303+0000] {dag.py:3096} INFO - Sync 1 DAGs
[2026-04-26T07:29:02.321+0000] {logging_mixin.py:188} INFO - [2026-04-26T07:29:02.320+0000] {dag.py:3954} INFO - Setting next_dagrun for tutorial to 2026-04-25 00:00:00+00:00, run_after=2026-04-26 00:00:00+00:00
[2026-04-26T07:29:02.342+0000] {processor.py:183} INFO - Processing /usr/local/python/3.12.1/lib/python3.12/site-packages/airflow/example_dags/tutorial.py took 0.062 seconds
[2026-04-26T07:29:13.669+0000] {processor.py:161} INFO - Started process (PID=31614) to work on /usr/local/python/3.12.1/lib/python3.12/site-packages/airflow/example_dags/tutorial.py
[2026-04-26T07:29:13.670+0000] {processor.py:830} INFO - Processing file /usr/local/python/3.12.1/lib/python3.12/site-packages/airflow/example_dags/tutorial.py for tasks to queue
[2026-04-26T07:29:13.671+0000] {logging_mixin.py:188} INFO - [2026-04-26T07:29:13.670+0000] {dagbag.py:540} INFO - Filling up the DagBag from /usr/local/python/3.12.1/lib/python3.12/site-packages/airflow/example_dags/tutorial.py
[2026-04-26T07:29:13.676+0000] {processor.py:840} INFO - DAG(s) 'tutorial' retrieved from /usr/local/python/3.12.1/lib/python3.12/site-packages/airflow/example_dags/tutorial.py
[2026-04-26T07:29:13.688+0000] {logging_mixin.py:188} INFO - [2026-04-26T07:29:13.687+0000] {dag.py:3096} INFO - Sync 1 DAGs
[2026-04-26T07:29:13.703+0000] {logging_mixin.py:188} INFO - [2026-04-26T07:29:13.702+0000] {dag.py:3954} INFO - Setting next_dagrun for tutorial to 2026-04-25 00:00:00+00:00, run_after=2026-04-26 00:00:00+00:00
[2026-04-26T07:29:13.938+0000] {processor.py:183} INFO - Processing /usr/local/python/3.12.1/lib/python3.12/site-packages/airflow/example_dags/tutorial.py took 0.273 seconds
[2026-04-26T07:29:29.731+0000] {processor.py:161} INFO - Started process (PID=31766) to work on /usr/local/python/3.12.1/lib/python3.12/site-packages/airflow/example_dags/tutorial.py
[2026-04-26T07:29:29.731+0000] {processor.py:830} INFO - Processing file /usr/local/python/3.12.1/lib/python3.12/site-packages/airflow/example_dags/tutorial.py for tasks to queue
[2026-04-26T07:29:29.732+0000] {logging_mixin.py:188} INFO - [2026-04-26T07:29:29.732+0000] {dagbag.py:540} INFO - Filling up the DagBag from /usr/local/python/3.12.1/lib/python3.12/site-packages/airflow/example_dags/tutorial.py
[2026-04-26T07:29:29.737+0000] {processor.py:840} INFO - DAG(s) 'tutorial' retrieved from /usr/local/python/3.12.1/lib/python3.12/site-packages/airflow/example_dags/tutorial.py
[2026-04-26T07:29:29.749+0000] {logging_mixin.py:188} INFO - [2026-04-26T07:29:29.749+0000] {dag.py:3096} INFO - Sync 1 DAGs
[2026-04-26T07:29:29.763+0000] {logging_mixin.py:188} INFO - [2026-04-26T07:29:29.763+0000] {dag.py:3954} INFO - Setting next_dagrun for tutorial to 2026-04-25 00:00:00+00:00, run_after=2026-04-26 00:00:00+00:00
[2026-04-26T07:29:29.779+0000] {processor.py:183} INFO - Processing /usr/local/python/3.12.1/lib/python3.12/site-packages/airflow/example_dags/tutorial.py took 0.053 seconds
[2026-04-26T07:29:45.085+0000] {processor.py:161} INFO - Started process (PID=31952) to work on /usr/local/python/3.12.1/lib/python3.12/site-packages/airflow/example_dags/tutorial.py
[2026-04-26T07:29:45.086+0000] {processor.py:830} INFO - Processing file /usr/local/python/3.12.1/lib/python3.12/site-packages/airflow/example_dags/tutorial.py for tasks to queue
[2026-04-26T07:29:45.086+0000] {logging_mixin.py:188} INFO - [2026-04-26T07:29:45.086+0000] {dagbag.py:540} INFO - Filling up the DagBag from /usr/local/python/3.12.1/lib/python3.12/site-packages/airflow/example_dags/tutorial.py
[2026-04-26T07:29:45.091+0000] {processor.py:840} INFO - DAG(s) 'tutorial' retrieved from /usr/local/python/3.12.1/lib/python3.12/site-packages/airflow/example_dags/tutorial.py
[2026-04-26T07:29:45.102+0000] {logging_mixin.py:188} INFO - [2026-04-26T07:29:45.102+0000] {dag.py:3096} INFO - Sync 1 DAGs
[2026-04-26T07:29:45.116+0000] {logging_mixin.py:188} INFO - [2026-04-26T07:29:45.116+0000] {dag.py:3954} INFO - Setting next_dagrun for tutorial to 2026-04-25 00:00:00+00:00, run_after=2026-04-26 00:00:00+00:00
[2026-04-26T07:29:45.132+0000] {processor.py:183} INFO - Processing /usr/local/python/3.12.1/lib/python3.12/site-packages/airflow/example_dags/tutorial.py took 0.051 seconds
[2026-04-26T07:30:01.767+0000] {processor.py:161} INFO - Started process (PID=32106) to work on /usr/local/python/3.12.1/lib/python3.12/site-packages/airflow/example_dags/tutorial.py
[2026-04-26T07:30:01.768+0000] {processor.py:830} INFO - Processing file /usr/local/python/3.12.1/lib/python3.12/site-packages/airflow/example_dags/tutorial.py for tasks to queue
[2026-04-26T07:30:01.769+0000] {logging_mixin.py:188} INFO - [2026-04-26T07:30:01.769+0000] {dagbag.py:540} INFO - Filling up the DagBag from /usr/local/python/3.12.1/lib/python3.12/site-packages/airflow/example_dags/tutorial.py
[2026-04-26T07:30:01.775+0000] {processor.py:840} INFO - DAG(s) 'tutorial' retrieved from /usr/local/python/3.12.1/lib/python3.12/site-packages/airflow/example_dags/tutorial.py
[2026-04-26T07:30:01.796+0000] {logging_mixin.py:188} INFO - [2026-04-26T07:30:01.796+0000] {dag.py:3096} INFO - Sync 1 DAGs
[2026-04-26T07:30:01.820+0000] {logging_mixin.py:188} INFO - [2026-04-26T07:30:01.819+0000] {dag.py:3954} INFO - Setting next_dagrun for tutorial to 2026-04-25 00:00:00+00:00, run_after=2026-04-26 00:00:00+00:00
[2026-04-26T07:30:01.843+0000] {processor.py:183} INFO - Processing /usr/local/python/3.12.1/lib/python3.12/site-packages/airflow/example_dags/tutorial.py took 0.081 seconds
[2026-04-26T07:30:09.344+0000] {processor.py:161} INFO - Started process (PID=32247) to work on /usr/local/python/3.12.1/lib/python3.12/site-packages/airflow/example_dags/tutorial.py
[2026-04-26T07:30:09.344+0000] {processor.py:830} INFO - Processing file /usr/local/python/3.12.1/lib/python3.12/site-packages/airflow/example_dags/tutorial.py for tasks to queue
[2026-04-26T07:30:09.345+0000] {logging_mixin.py:188} INFO - [2026-04-26T07:30:09.345+0000] {dagbag.py:540} INFO - Filling up the DagBag from /usr/local/python/3.12.1/lib/python3.12/site-packages/airflow/example_dags/tutorial.py
[2026-04-26T07:30:09.350+0000] {processor.py:840} INFO - DAG(s) 'tutorial' retrieved from /usr/local/python/3.12.1/lib/python3.12/site-packages/airflow/example_dags/tutorial.py
[2026-04-26T07:30:09.361+0000] {logging_mixin.py:188} INFO - [2026-04-26T07:30:09.361+0000] {dag.py:3096} INFO - Sync 1 DAGs
[2026-04-26T07:30:09.376+0000] {logging_mixin.py:188} INFO - [2026-04-26T07:30:09.375+0000] {dag.py:3954} INFO - Setting next_dagrun for tutorial to 2026-04-25 00:00:00+00:00, run_after=2026-04-26 00:00:00+00:00
[2026-04-26T07:30:09.392+0000] {processor.py:183} INFO - Processing /usr/local/python/3.12.1/lib/python3.12/site-packages/airflow/example_dags/tutorial.py took 0.053 seconds
[2026-04-26T07:30:26.603+0000] {processor.py:161} INFO - Started process (PID=32386) to work on /usr/local/python/3.12.1/lib/python3.12/site-packages/airflow/example_dags/tutorial.py
[2026-04-26T07:30:26.604+0000] {processor.py:830} INFO - Processing file /usr/local/python/3.12.1/lib/python3.12/site-packages/airflow/example_dags/tutorial.py for tasks to queue
[2026-04-26T07:30:26.605+0000] {logging_mixin.py:188} INFO - [2026-04-26T07:30:26.604+0000] {dagbag.py:540} INFO - Filling up the DagBag from /usr/local/python/3.12.1/lib/python3.12/site-packages/airflow/example_dags/tutorial.py
[2026-04-26T07:30:26.610+0000] {processor.py:840} INFO - DAG(s) 'tutorial' retrieved from /usr/local/python/3.12.1/lib/python3.12/site-packages/airflow/example_dags/tutorial.py
[2026-04-26T07:30:26.621+0000] {logging_mixin.py:188} INFO - [2026-04-26T07:30:26.621+0000] {dag.py:3096} INFO - Sync 1 DAGs
[2026-04-26T07:30:26.820+0000] {logging_mixin.py:188} INFO - [2026-04-26T07:30:26.819+0000] {dag.py:3954} INFO - Setting next_dagrun for tutorial to 2026-04-25 00:00:00+00:00, run_after=2026-04-26 00:00:00+00:00
[2026-04-26T07:30:26.848+0000] {processor.py:183} INFO - Processing /usr/local/python/3.12.1/lib/python3.12/site-packages/airflow/example_dags/tutorial.py took 0.248 seconds
[2026-04-26T07:30:43.622+0000] {processor.py:161} INFO - Started process (PID=32545) to work on /usr/local/python/3.12.1/lib/python3.12/site-packages/airflow/example_dags/tutorial.py
[2026-04-26T07:30:43.624+0000] {processor.py:830} INFO - Processing file /usr/local/python/3.12.1/lib/python3.12/site-packages/airflow/example_dags/tutorial.py for tasks to queue
[2026-04-26T07:30:43.625+0000] {logging_mixin.py:188} INFO - [2026-04-26T07:30:43.624+0000] {dagbag.py:540} INFO - Filling up the DagBag from /usr/local/python/3.12.1/lib/python3.12/site-packages/airflow/example_dags/tutorial.py
[2026-04-26T07:30:43.631+0000] {processor.py:840} INFO - DAG(s) 'tutorial' retrieved from /usr/local/python/3.12.1/lib/python3.12/site-packages/airflow/example_dags/tutorial.py
[2026-04-26T07:30:43.659+0000] {logging_mixin.py:188} INFO - [2026-04-26T07:30:43.656+0000] {dag.py:3096} INFO - Sync 1 DAGs
[2026-04-26T07:30:43.681+0000] {logging_mixin.py:188} INFO - [2026-04-26T07:30:43.681+0000] {dag.py:3954} INFO - Setting next_dagrun for tutorial to 2026-04-25 00:00:00+00:00, run_after=2026-04-26 00:00:00+00:00
[2026-04-26T07:30:43.886+0000] {processor.py:183} INFO - Processing /usr/local/python/3.12.1/lib/python3.12/site-packages/airflow/example_dags/tutorial.py took 0.274 seconds
[2026-04-26T07:30:48.196+0000] {processor.py:161} INFO - Started process (PID=32590) to work on /usr/local/python/3.12.1/lib/python3.12/site-packages/airflow/example_dags/tutorial.py
[2026-04-26T07:30:48.196+0000] {processor.py:830} INFO - Processing file /usr/local/python/3.12.1/lib/python3.12/site-packages/airflow/example_dags/tutorial.py for tasks to queue
[2026-04-26T07:30:48.197+0000] {logging_mixin.py:188} INFO - [2026-04-26T07:30:48.197+0000] {dagbag.py:540} INFO - Filling up the DagBag from /usr/local/python/3.12.1/lib/python3.12/site-packages/airflow/example_dags/tutorial.py
[2026-04-26T07:30:48.202+0000] {processor.py:840} INFO - DAG(s) 'tutorial' retrieved from /usr/local/python/3.12.1/lib/python3.12/site-packages/airflow/example_dags/tutorial.py
[2026-04-26T07:30:48.213+0000] {logging_mixin.py:188} INFO - [2026-04-26T07:30:48.213+0000] {dag.py:3096} INFO - Sync 1 DAGs
[2026-04-26T07:30:48.228+0000] {logging_mixin.py:188} INFO - [2026-04-26T07:30:48.228+0000] {dag.py:3954} INFO - Setting next_dagrun for tutorial to 2026-04-25 00:00:00+00:00, run_after=2026-04-26 00:00:00+00:00
[2026-04-26T07:30:48.256+0000] {processor.py:183} INFO - Processing /usr/local/python/3.12.1/lib/python3.12/site-packages/airflow/example_dags/tutorial.py took 0.065 seconds
[2026-04-26T07:31:13.600+0000] {processor.py:161} INFO - Started process (PID=32812) to work on /usr/local/python/3.12.1/lib/python3.12/site-packages/airflow/example_dags/tutorial.py
[2026-04-26T07:31:13.601+0000] {processor.py:830} INFO - Processing file /usr/local/python/3.12.1/lib/python3.12/site-packages/airflow/example_dags/tutorial.py for tasks to queue
[2026-04-26T07:31:13.602+0000] {logging_mixin.py:188} INFO - [2026-04-26T07:31:13.602+0000] {dagbag.py:540} INFO - Filling up the DagBag from /usr/local/python/3.12.1/lib/python3.12/site-packages/airflow/example_dags/tutorial.py
[2026-04-26T07:31:13.607+0000] {processor.py:840} INFO - DAG(s) 'tutorial' retrieved from /usr/local/python/3.12.1/lib/python3.12/site-packages/airflow/example_dags/tutorial.py
[2026-04-26T07:31:13.618+0000] {logging_mixin.py:188} INFO - [2026-04-26T07:31:13.618+0000] {dag.py:3096} INFO - Sync 1 DAGs
[2026-04-26T07:31:13.632+0000] {logging_mixin.py:188} INFO - [2026-04-26T07:31:13.632+0000] {dag.py:3954} INFO - Setting next_dagrun for tutorial to 2026-04-25 00:00:00+00:00, run_after=2026-04-26 00:00:00+00:00
[2026-04-26T07:31:13.647+0000] {processor.py:183} INFO - Processing /usr/local/python/3.12.1/lib/python3.12/site-packages/airflow/example_dags/tutorial.py took 0.051 seconds
[2026-04-26T07:31:26.916+0000] {processor.py:161} INFO - Started process (PID=32924) to work on /usr/local/python/3.12.1/lib/python3.12/site-packages/airflow/example_dags/tutorial.py
[2026-04-26T07:31:26.917+0000] {processor.py:830} INFO - Processing file /usr/local/python/3.12.1/lib/python3.12/site-packages/airflow/example_dags/tutorial.py for tasks to queue
[2026-04-26T07:31:26.918+0000] {logging_mixin.py:188} INFO - [2026-04-26T07:31:26.918+0000] {dagbag.py:540} INFO - Filling up the DagBag from /usr/local/python/3.12.1/lib/python3.12/site-packages/airflow/example_dags/tutorial.py
[2026-04-26T07:31:26.925+0000] {processor.py:840} INFO - DAG(s) 'tutorial' retrieved from /usr/local/python/3.12.1/lib/python3.12/site-packages/airflow/example_dags/tutorial.py
[2026-04-26T07:31:26.942+0000] {logging_mixin.py:188} INFO - [2026-04-26T07:31:26.942+0000] {dag.py:3096} INFO - Sync 1 DAGs
[2026-04-26T07:31:26.961+0000] {logging_mixin.py:188} INFO - [2026-04-26T07:31:26.961+0000] {dag.py:3954} INFO - Setting next_dagrun for tutorial to 2026-04-25 00:00:00+00:00, run_after=2026-04-26 00:00:00+00:00
[2026-04-26T07:31:26.976+0000] {processor.py:183} INFO - Processing /usr/local/python/3.12.1/lib/python3.12/site-packages/airflow/example_dags/tutorial.py took 0.066 seconds
[2026-04-26T07:31:33.237+0000] {processor.py:161} INFO - Started process (PID=32984) to work on /usr/local/python/3.12.1/lib/python3.12/site-packages/airflow/example_dags/tutorial.py
[2026-04-26T07:31:33.238+0000] {processor.py:830} INFO - Processing file /usr/local/python/3.12.1/lib/python3.12/site-packages/airflow/example_dags/tutorial.py for tasks to queue
[2026-04-26T07:31:33.239+0000] {logging_mixin.py:188} INFO - [2026-04-26T07:31:33.239+0000] {dagbag.py:540} INFO - Filling up the DagBag from /usr/local/python/3.12.1/lib/python3.12/site-packages/airflow/example_dags/tutorial.py
[2026-04-26T07:31:33.245+0000] {processor.py:840} INFO - DAG(s) 'tutorial' retrieved from /usr/local/python/3.12.1/lib/python3.12/site-packages/airflow/example_dags/tutorial.py
[2026-04-26T07:31:33.256+0000] {logging_mixin.py:188} INFO - [2026-04-26T07:31:33.256+0000] {dag.py:3096} INFO - Sync 1 DAGs
[2026-04-26T07:31:33.270+0000] {logging_mixin.py:188} INFO - [2026-04-26T07:31:33.270+0000] {dag.py:3954} INFO - Setting next_dagrun for tutorial to 2026-04-25 00:00:00+00:00, run_after=2026-04-26 00:00:00+00:00
[2026-04-26T07:31:33.286+0000] {processor.py:183} INFO - Processing /usr/local/python/3.12.1/lib/python3.12/site-packages/airflow/example_dags/tutorial.py took 0.054 seconds
[2026-04-26T07:31:55.934+0000] {processor.py:161} INFO - Started process (PID=33182) to work on /usr/local/python/3.12.1/lib/python3.12/site-packages/airflow/example_dags/tutorial.py
[2026-04-26T07:31:55.935+0000] {processor.py:830} INFO - Processing file /usr/local/python/3.12.1/lib/python3.12/site-packages/airflow/example_dags/tutorial.py for tasks to queue
[2026-04-26T07:31:55.936+0000] {logging_mixin.py:188} INFO - [2026-04-26T07:31:55.935+0000] {dagbag.py:540} INFO - Filling up the DagBag from /usr/local/python/3.12.1/lib/python3.12/site-packages/airflow/example_dags/tutorial.py
[2026-04-26T07:31:55.941+0000] {processor.py:840} INFO - DAG(s) 'tutorial' retrieved from /usr/local/python/3.12.1/lib/python3.12/site-packages/airflow/example_dags/tutorial.py
[2026-04-26T07:31:55.955+0000] {logging_mixin.py:188} INFO - [2026-04-26T07:31:55.954+0000] {dag.py:3096} INFO - Sync 1 DAGs
[2026-04-26T07:31:55.973+0000] {logging_mixin.py:188} INFO - [2026-04-26T07:31:55.973+0000] {dag.py:3954} INFO - Setting next_dagrun for tutorial to 2026-04-25 00:00:00+00:00, run_after=2026-04-26 00:00:00+00:00
[2026-04-26T07:31:55.989+0000] {processor.py:183} INFO - Processing /usr/local/python/3.12.1/lib/python3.12/site-packages/airflow/example_dags/tutorial.py took 0.059 seconds
[2026-04-26T07:32:07.000+0000] {processor.py:161} INFO - Started process (PID=33279) to work on /usr/local/python/3.12.1/lib/python3.12/site-packages/airflow/example_dags/tutorial.py
[2026-04-26T07:32:07.001+0000] {processor.py:830} INFO - Processing file /usr/local/python/3.12.1/lib/python3.12/site-packages/airflow/example_dags/tutorial.py for tasks to queue
[2026-04-26T07:32:07.001+0000] {logging_mixin.py:188} INFO - [2026-04-26T07:32:07.001+0000] {dagbag.py:540} INFO - Filling up the DagBag from /usr/local/python/3.12.1/lib/python3.12/site-packages/airflow/example_dags/tutorial.py
[2026-04-26T07:32:07.006+0000] {processor.py:840} INFO - DAG(s) 'tutorial' retrieved from /usr/local/python/3.12.1/lib/python3.12/site-packages/airflow/example_dags/tutorial.py
[2026-04-26T07:32:07.018+0000] {logging_mixin.py:188} INFO - [2026-04-26T07:32:07.017+0000] {dag.py:3096} INFO - Sync 1 DAGs
[2026-04-26T07:32:07.032+0000] {logging_mixin.py:188} INFO - [2026-04-26T07:32:07.032+0000] {dag.py:3954} INFO - Setting next_dagrun for tutorial to 2026-04-25 00:00:00+00:00, run_after=2026-04-26 00:00:00+00:00
[2026-04-26T07:32:07.048+0000] {processor.py:183} INFO - Processing /usr/local/python/3.12.1/lib/python3.12/site-packages/airflow/example_dags/tutorial.py took 0.052 seconds
[2026-04-26T07:32:22.289+0000] {processor.py:161} INFO - Started process (PID=33430) to work on /usr/local/python/3.12.1/lib/python3.12/site-packages/airflow/example_dags/tutorial.py
[2026-04-26T07:32:22.289+0000] {processor.py:830} INFO - Processing file /usr/local/python/3.12.1/lib/python3.12/site-packages/airflow/example_dags/tutorial.py for tasks to queue
[2026-04-26T07:32:22.290+0000] {logging_mixin.py:188} INFO - [2026-04-26T07:32:22.290+0000] {dagbag.py:540} INFO - Filling up the DagBag from /usr/local/python/3.12.1/lib/python3.12/site-packages/airflow/example_dags/tutorial.py
[2026-04-26T07:32:22.295+0000] {processor.py:840} INFO - DAG(s) 'tutorial' retrieved from /usr/local/python/3.12.1/lib/python3.12/site-packages/airflow/example_dags/tutorial.py
[2026-04-26T07:32:22.306+0000] {logging_mixin.py:188} INFO - [2026-04-26T07:32:22.306+0000] {dag.py:3096} INFO - Sync 1 DAGs
[2026-04-26T07:32:22.508+0000] {logging_mixin.py:188} INFO - [2026-04-26T07:32:22.508+0000] {dag.py:3954} INFO - Setting next_dagrun for tutorial to 2026-04-25 00:00:00+00:00, run_after=2026-04-26 00:00:00+00:00
[2026-04-26T07:32:22.524+0000] {processor.py:183} INFO - Processing /usr/local/python/3.12.1/lib/python3.12/site-packages/airflow/example_dags/tutorial.py took 0.239 seconds
[2026-04-26T07:32:41.263+0000] {processor.py:161} INFO - Started process (PID=33599) to work on /usr/local/python/3.12.1/lib/python3.12/site-packages/airflow/example_dags/tutorial.py
[2026-04-26T07:32:41.264+0000] {processor.py:830} INFO - Processing file /usr/local/python/3.12.1/lib/python3.12/site-packages/airflow/example_dags/tutorial.py for tasks to queue
[2026-04-26T07:32:41.265+0000] {logging_mixin.py:188} INFO - [2026-04-26T07:32:41.265+0000] {dagbag.py:540} INFO - Filling up the DagBag from /usr/local/python/3.12.1/lib/python3.12/site-packages/airflow/example_dags/tutorial.py
[2026-04-26T07:32:41.270+0000] {processor.py:840} INFO - DAG(s) 'tutorial' retrieved from /usr/local/python/3.12.1/lib/python3.12/site-packages/airflow/example_dags/tutorial.py
[2026-04-26T07:32:41.281+0000] {logging_mixin.py:188} INFO - [2026-04-26T07:32:41.281+0000] {dag.py:3096} INFO - Sync 1 DAGs
[2026-04-26T07:32:41.295+0000] {logging_mixin.py:188} INFO - [2026-04-26T07:32:41.295+0000] {dag.py:3954} INFO - Setting next_dagrun for tutorial to 2026-04-25 00:00:00+00:00, run_after=2026-04-26 00:00:00+00:00
[2026-04-26T07:32:41.312+0000] {processor.py:183} INFO - Processing /usr/local/python/3.12.1/lib/python3.12/site-packages/airflow/example_dags/tutorial.py took 0.053 seconds
[2026-04-26T07:32:45.922+0000] {processor.py:161} INFO - Started process (PID=33630) to work on /usr/local/python/3.12.1/lib/python3.12/site-packages/airflow/example_dags/tutorial.py
[2026-04-26T07:32:45.923+0000] {processor.py:830} INFO - Processing file /usr/local/python/3.12.1/lib/python3.12/site-packages/airflow/example_dags/tutorial.py for tasks to queue
[2026-04-26T07:32:45.924+0000] {logging_mixin.py:188} INFO - [2026-04-26T07:32:45.923+0000] {dagbag.py:540} INFO - Filling up the DagBag from /usr/local/python/3.12.1/lib/python3.12/site-packages/airflow/example_dags/tutorial.py
[2026-04-26T07:32:45.930+0000] {processor.py:840} INFO - DAG(s) 'tutorial' retrieved from /usr/local/python/3.12.1/lib/python3.12/site-packages/airflow/example_dags/tutorial.py
[2026-04-26T07:32:45.947+0000] {logging_mixin.py:188} INFO - [2026-04-26T07:32:45.947+0000] {dag.py:3096} INFO - Sync 1 DAGs
[2026-04-26T07:32:45.968+0000] {logging_mixin.py:188} INFO - [2026-04-26T07:32:45.968+0000] {dag.py:3954} INFO - Setting next_dagrun for tutorial to 2026-04-25 00:00:00+00:00, run_after=2026-04-26 00:00:00+00:00
[2026-04-26T07:32:45.989+0000] {processor.py:183} INFO - Processing /usr/local/python/3.12.1/lib/python3.12/site-packages/airflow/example_dags/tutorial.py took 0.072 seconds
[2026-04-26T07:33:15.506+0000] {processor.py:161} INFO - Started process (PID=33894) to work on /usr/local/python/3.12.1/lib/python3.12/site-packages/airflow/example_dags/tutorial.py
[2026-04-26T07:33:15.506+0000] {processor.py:830} INFO - Processing file /usr/local/python/3.12.1/lib/python3.12/site-packages/airflow/example_dags/tutorial.py for tasks to queue
[2026-04-26T07:33:15.507+0000] {logging_mixin.py:188} INFO - [2026-04-26T07:33:15.507+0000] {dagbag.py:540} INFO - Filling up the DagBag from /usr/local/python/3.12.1/lib/python3.12/site-packages/airflow/example_dags/tutorial.py
[2026-04-26T07:33:15.512+0000] {processor.py:840} INFO - DAG(s) 'tutorial' retrieved from /usr/local/python/3.12.1/lib/python3.12/site-packages/airflow/example_dags/tutorial.py
[2026-04-26T07:33:15.523+0000] {logging_mixin.py:188} INFO - [2026-04-26T07:33:15.523+0000] {dag.py:3096} INFO - Sync 1 DAGs
[2026-04-26T07:33:15.538+0000] {logging_mixin.py:188} INFO - [2026-04-26T07:33:15.537+0000] {dag.py:3954} INFO - Setting next_dagrun for tutorial to 2026-04-25 00:00:00+00:00, run_after=2026-04-26 00:00:00+00:00
[2026-04-26T07:33:15.556+0000] {processor.py:183} INFO - Processing /usr/local/python/3.12.1/lib/python3.12/site-packages/airflow/example_dags/tutorial.py took 0.054 seconds
[2026-04-26T07:33:29.132+0000] {processor.py:161} INFO - Started process (PID=34009) to work on /usr/local/python/3.12.1/lib/python3.12/site-packages/airflow/example_dags/tutorial.py
[2026-04-26T07:33:29.133+0000] {processor.py:830} INFO - Processing file /usr/local/python/3.12.1/lib/python3.12/site-packages/airflow/example_dags/tutorial.py for tasks to queue
[2026-04-26T07:33:29.134+0000] {logging_mixin.py:188} INFO - [2026-04-26T07:33:29.133+0000] {dagbag.py:540} INFO - Filling up the DagBag from /usr/local/python/3.12.1/lib/python3.12/site-packages/airflow/example_dags/tutorial.py
[2026-04-26T07:33:29.139+0000] {processor.py:840} INFO - DAG(s) 'tutorial' retrieved from /usr/local/python/3.12.1/lib/python3.12/site-packages/airflow/example_dags/tutorial.py
[2026-04-26T07:33:29.151+0000] {logging_mixin.py:188} INFO - [2026-04-26T07:33:29.151+0000] {dag.py:3096} INFO - Sync 1 DAGs
[2026-04-26T07:33:29.167+0000] {logging_mixin.py:188} INFO - [2026-04-26T07:33:29.167+0000] {dag.py:3954} INFO - Setting next_dagrun for tutorial to 2026-04-25 00:00:00+00:00, run_after=2026-04-26 00:00:00+00:00
[2026-04-26T07:33:29.183+0000] {processor.py:183} INFO - Processing /usr/local/python/3.12.1/lib/python3.12/site-packages/airflow/example_dags/tutorial.py took 0.057 seconds
[2026-04-26T07:33:30.365+0000] {processor.py:161} INFO - Started process (PID=34032) to work on /usr/local/python/3.12.1/lib/python3.12/site-packages/airflow/example_dags/tutorial.py
[2026-04-26T07:33:30.367+0000] {processor.py:830} INFO - Processing file /usr/local/python/3.12.1/lib/python3.12/site-packages/airflow/example_dags/tutorial.py for tasks to queue
[2026-04-26T07:33:30.368+0000] {logging_mixin.py:188} INFO - [2026-04-26T07:33:30.368+0000] {dagbag.py:540} INFO - Filling up the DagBag from /usr/local/python/3.12.1/lib/python3.12/site-packages/airflow/example_dags/tutorial.py
[2026-04-26T07:33:30.380+0000] {processor.py:840} INFO - DAG(s) 'tutorial' retrieved from /usr/local/python/3.12.1/lib/python3.12/site-packages/airflow/example_dags/tutorial.py
[2026-04-26T07:33:30.399+0000] {logging_mixin.py:188} INFO - [2026-04-26T07:33:30.399+0000] {dag.py:3096} INFO - Sync 1 DAGs
[2026-04-26T07:33:30.417+0000] {logging_mixin.py:188} INFO - [2026-04-26T07:33:30.417+0000] {dag.py:3954} INFO - Setting next_dagrun for tutorial to 2026-04-25 00:00:00+00:00, run_after=2026-04-26 00:00:00+00:00
[2026-04-26T07:33:30.432+0000] {processor.py:183} INFO - Processing /usr/local/python/3.12.1/lib/python3.12/site-packages/airflow/example_dags/tutorial.py took 0.074 seconds
[2026-04-26T07:33:57.029+0000] {processor.py:161} INFO - Started process (PID=34331) to work on /usr/local/python/3.12.1/lib/python3.12/site-packages/airflow/example_dags/tutorial.py
[2026-04-26T07:33:57.030+0000] {processor.py:830} INFO - Processing file /usr/local/python/3.12.1/lib/python3.12/site-packages/airflow/example_dags/tutorial.py for tasks to queue
[2026-04-26T07:33:57.030+0000] {logging_mixin.py:188} INFO - [2026-04-26T07:33:57.030+0000] {dagbag.py:540} INFO - Filling up the DagBag from /usr/local/python/3.12.1/lib/python3.12/site-packages/airflow/example_dags/tutorial.py
[2026-04-26T07:33:57.035+0000] {processor.py:840} INFO - DAG(s) 'tutorial' retrieved from /usr/local/python/3.12.1/lib/python3.12/site-packages/airflow/example_dags/tutorial.py
[2026-04-26T07:33:57.046+0000] {logging_mixin.py:188} INFO - [2026-04-26T07:33:57.046+0000] {dag.py:3096} INFO - Sync 1 DAGs
[2026-04-26T07:33:57.061+0000] {logging_mixin.py:188} INFO - [2026-04-26T07:33:57.061+0000] {dag.py:3954} INFO - Setting next_dagrun for tutorial to 2026-04-25 00:00:00+00:00, run_after=2026-04-26 00:00:00+00:00
[2026-04-26T07:33:57.078+0000] {processor.py:183} INFO - Processing /usr/local/python/3.12.1/lib/python3.12/site-packages/airflow/example_dags/tutorial.py took 0.053 seconds
[2026-04-26T07:34:08.107+0000] {processor.py:161} INFO - Started process (PID=34427) to work on /usr/local/python/3.12.1/lib/python3.12/site-packages/airflow/example_dags/tutorial.py
[2026-04-26T07:34:08.108+0000] {processor.py:830} INFO - Processing file /usr/local/python/3.12.1/lib/python3.12/site-packages/airflow/example_dags/tutorial.py for tasks to queue
[2026-04-26T07:34:08.108+0000] {logging_mixin.py:188} INFO - [2026-04-26T07:34:08.108+0000] {dagbag.py:540} INFO - Filling up the DagBag from /usr/local/python/3.12.1/lib/python3.12/site-packages/airflow/example_dags/tutorial.py
[2026-04-26T07:34:08.113+0000] {processor.py:840} INFO - DAG(s) 'tutorial' retrieved from /usr/local/python/3.12.1/lib/python3.12/site-packages/airflow/example_dags/tutorial.py
[2026-04-26T07:34:08.124+0000] {logging_mixin.py:188} INFO - [2026-04-26T07:34:08.124+0000] {dag.py:3096} INFO - Sync 1 DAGs
[2026-04-26T07:34:08.139+0000] {logging_mixin.py:188} INFO - [2026-04-26T07:34:08.139+0000] {dag.py:3954} INFO - Setting next_dagrun for tutorial to 2026-04-25 00:00:00+00:00, run_after=2026-04-26 00:00:00+00:00
[2026-04-26T07:34:08.155+0000] {processor.py:183} INFO - Processing /usr/local/python/3.12.1/lib/python3.12/site-packages/airflow/example_dags/tutorial.py took 0.052 seconds
[2026-04-26T07:34:14.039+0000] {processor.py:161} INFO - Started process (PID=34484) to work on /usr/local/python/3.12.1/lib/python3.12/site-packages/airflow/example_dags/tutorial.py
[2026-04-26T07:34:14.040+0000] {processor.py:830} INFO - Processing file /usr/local/python/3.12.1/lib/python3.12/site-packages/airflow/example_dags/tutorial.py for tasks to queue
[2026-04-26T07:34:14.041+0000] {logging_mixin.py:188} INFO - [2026-04-26T07:34:14.040+0000] {dagbag.py:540} INFO - Filling up the DagBag from /usr/local/python/3.12.1/lib/python3.12/site-packages/airflow/example_dags/tutorial.py
[2026-04-26T07:34:14.045+0000] {processor.py:840} INFO - DAG(s) 'tutorial' retrieved from /usr/local/python/3.12.1/lib/python3.12/site-packages/airflow/example_dags/tutorial.py
[2026-04-26T07:34:14.056+0000] {logging_mixin.py:188} INFO - [2026-04-26T07:34:14.056+0000] {dag.py:3096} INFO - Sync 1 DAGs
[2026-04-26T07:34:14.070+0000] {logging_mixin.py:188} INFO - [2026-04-26T07:34:14.070+0000] {dag.py:3954} INFO - Setting next_dagrun for tutorial to 2026-04-25 00:00:00+00:00, run_after=2026-04-26 00:00:00+00:00
[2026-04-26T07:34:14.213+0000] {processor.py:183} INFO - Processing /usr/local/python/3.12.1/lib/python3.12/site-packages/airflow/example_dags/tutorial.py took 0.178 seconds
[2026-04-26T07:34:33.748+0000] {processor.py:161} INFO - Started process (PID=34729) to work on /usr/local/python/3.12.1/lib/python3.12/site-packages/airflow/example_dags/tutorial.py
[2026-04-26T07:34:33.749+0000] {processor.py:830} INFO - Processing file /usr/local/python/3.12.1/lib/python3.12/site-packages/airflow/example_dags/tutorial.py for tasks to queue
[2026-04-26T07:34:33.750+0000] {logging_mixin.py:188} INFO - [2026-04-26T07:34:33.749+0000] {dagbag.py:540} INFO - Filling up the DagBag from /usr/local/python/3.12.1/lib/python3.12/site-packages/airflow/example_dags/tutorial.py
[2026-04-26T07:34:33.757+0000] {processor.py:840} INFO - DAG(s) 'tutorial' retrieved from /usr/local/python/3.12.1/lib/python3.12/site-packages/airflow/example_dags/tutorial.py
[2026-04-26T07:34:33.776+0000] {logging_mixin.py:188} INFO - [2026-04-26T07:34:33.776+0000] {dag.py:3096} INFO - Sync 1 DAGs
[2026-04-26T07:34:33.801+0000] {logging_mixin.py:188} INFO - [2026-04-26T07:34:33.801+0000] {dag.py:3954} INFO - Setting next_dagrun for tutorial to 2026-04-25 00:00:00+00:00, run_after=2026-04-26 00:00:00+00:00
[2026-04-26T07:34:33.822+0000] {processor.py:183} INFO - Processing /usr/local/python/3.12.1/lib/python3.12/site-packages/airflow/example_dags/tutorial.py took 0.080 seconds
[2026-04-26T07:34:49.207+0000] {processor.py:161} INFO - Started process (PID=34857) to work on /usr/local/python/3.12.1/lib/python3.12/site-packages/airflow/example_dags/tutorial.py
[2026-04-26T07:34:49.208+0000] {processor.py:830} INFO - Processing file /usr/local/python/3.12.1/lib/python3.12/site-packages/airflow/example_dags/tutorial.py for tasks to queue
[2026-04-26T07:34:49.209+0000] {logging_mixin.py:188} INFO - [2026-04-26T07:34:49.208+0000] {dagbag.py:540} INFO - Filling up the DagBag from /usr/local/python/3.12.1/lib/python3.12/site-packages/airflow/example_dags/tutorial.py
[2026-04-26T07:34:49.214+0000] {processor.py:840} INFO - DAG(s) 'tutorial' retrieved from /usr/local/python/3.12.1/lib/python3.12/site-packages/airflow/example_dags/tutorial.py
[2026-04-26T07:34:49.228+0000] {logging_mixin.py:188} INFO - [2026-04-26T07:34:49.228+0000] {dag.py:3096} INFO - Sync 1 DAGs
[2026-04-26T07:34:49.247+0000] {logging_mixin.py:188} INFO - [2026-04-26T07:34:49.247+0000] {dag.py:3954} INFO - Setting next_dagrun for tutorial to 2026-04-25 00:00:00+00:00, run_after=2026-04-26 00:00:00+00:00
[2026-04-26T07:34:49.265+0000] {processor.py:183} INFO - Processing /usr/local/python/3.12.1/lib/python3.12/site-packages/airflow/example_dags/tutorial.py took 0.064 seconds
[2026-04-26T07:35:03.155+0000] {processor.py:161} INFO - Started process (PID=34989) to work on /usr/local/python/3.12.1/lib/python3.12/site-packages/airflow/example_dags/tutorial.py
[2026-04-26T07:35:03.156+0000] {processor.py:830} INFO - Processing file /usr/local/python/3.12.1/lib/python3.12/site-packages/airflow/example_dags/tutorial.py for tasks to queue
[2026-04-26T07:35:03.156+0000] {logging_mixin.py:188} INFO - [2026-04-26T07:35:03.156+0000] {dagbag.py:540} INFO - Filling up the DagBag from /usr/local/python/3.12.1/lib/python3.12/site-packages/airflow/example_dags/tutorial.py
[2026-04-26T07:35:03.161+0000] {processor.py:840} INFO - DAG(s) 'tutorial' retrieved from /usr/local/python/3.12.1/lib/python3.12/site-packages/airflow/example_dags/tutorial.py
[2026-04-26T07:35:03.173+0000] {logging_mixin.py:188} INFO - [2026-04-26T07:35:03.173+0000] {dag.py:3096} INFO - Sync 1 DAGs
[2026-04-26T07:35:03.188+0000] {logging_mixin.py:188} INFO - [2026-04-26T07:35:03.188+0000] {dag.py:3954} INFO - Setting next_dagrun for tutorial to 2026-04-25 00:00:00+00:00, run_after=2026-04-26 00:00:00+00:00
[2026-04-26T07:35:03.205+0000] {processor.py:183} INFO - Processing /usr/local/python/3.12.1/lib/python3.12/site-packages/airflow/example_dags/tutorial.py took 0.055 seconds
[2026-04-26T07:35:24.638+0000] {processor.py:161} INFO - Started process (PID=35247) to work on /usr/local/python/3.12.1/lib/python3.12/site-packages/airflow/example_dags/tutorial.py
[2026-04-26T07:35:24.639+0000] {processor.py:830} INFO - Processing file /usr/local/python/3.12.1/lib/python3.12/site-packages/airflow/example_dags/tutorial.py for tasks to queue
[2026-04-26T07:35:24.641+0000] {logging_mixin.py:188} INFO - [2026-04-26T07:35:24.640+0000] {dagbag.py:540} INFO - Filling up the DagBag from /usr/local/python/3.12.1/lib/python3.12/site-packages/airflow/example_dags/tutorial.py
[2026-04-26T07:35:24.655+0000] {processor.py:840} INFO - DAG(s) 'tutorial' retrieved from /usr/local/python/3.12.1/lib/python3.12/site-packages/airflow/example_dags/tutorial.py
[2026-04-26T07:35:24.687+0000] {logging_mixin.py:188} INFO - [2026-04-26T07:35:24.686+0000] {dag.py:3096} INFO - Sync 1 DAGs
[2026-04-26T07:35:24.713+0000] {logging_mixin.py:188} INFO - [2026-04-26T07:35:24.712+0000] {dag.py:3954} INFO - Setting next_dagrun for tutorial to 2026-04-25 00:00:00+00:00, run_after=2026-04-26 00:00:00+00:00
[2026-04-26T07:35:24.733+0000] {processor.py:183} INFO - Processing /usr/local/python/3.12.1/lib/python3.12/site-packages/airflow/example_dags/tutorial.py took 0.103 seconds
[2026-04-26T07:35:28.362+0000] {processor.py:161} INFO - Started process (PID=35273) to work on /usr/local/python/3.12.1/lib/python3.12/site-packages/airflow/example_dags/tutorial.py
[2026-04-26T07:35:28.363+0000] {processor.py:830} INFO - Processing file /usr/local/python/3.12.1/lib/python3.12/site-packages/airflow/example_dags/tutorial.py for tasks to queue
[2026-04-26T07:35:28.364+0000] {logging_mixin.py:188} INFO - [2026-04-26T07:35:28.363+0000] {dagbag.py:540} INFO - Filling up the DagBag from /usr/local/python/3.12.1/lib/python3.12/site-packages/airflow/example_dags/tutorial.py
[2026-04-26T07:35:28.368+0000] {processor.py:840} INFO - DAG(s) 'tutorial' retrieved from /usr/local/python/3.12.1/lib/python3.12/site-packages/airflow/example_dags/tutorial.py
[2026-04-26T07:35:28.379+0000] {logging_mixin.py:188} INFO - [2026-04-26T07:35:28.379+0000] {dag.py:3096} INFO - Sync 1 DAGs
[2026-04-26T07:35:28.394+0000] {logging_mixin.py:188} INFO - [2026-04-26T07:35:28.394+0000] {dag.py:3954} INFO - Setting next_dagrun for tutorial to 2026-04-25 00:00:00+00:00, run_after=2026-04-26 00:00:00+00:00
[2026-04-26T07:35:28.411+0000] {processor.py:183} INFO - Processing /usr/local/python/3.12.1/lib/python3.12/site-packages/airflow/example_dags/tutorial.py took 0.052 seconds
[2026-04-26T07:35:46.563+0000] {processor.py:161} INFO - Started process (PID=35446) to work on /usr/local/python/3.12.1/lib/python3.12/site-packages/airflow/example_dags/tutorial.py
[2026-04-26T07:35:46.563+0000] {processor.py:830} INFO - Processing file /usr/local/python/3.12.1/lib/python3.12/site-packages/airflow/example_dags/tutorial.py for tasks to queue
[2026-04-26T07:35:46.564+0000] {logging_mixin.py:188} INFO - [2026-04-26T07:35:46.564+0000] {dagbag.py:540} INFO - Filling up the DagBag from /usr/local/python/3.12.1/lib/python3.12/site-packages/airflow/example_dags/tutorial.py
[2026-04-26T07:35:46.572+0000] {processor.py:840} INFO - DAG(s) 'tutorial' retrieved from /usr/local/python/3.12.1/lib/python3.12/site-packages/airflow/example_dags/tutorial.py
[2026-04-26T07:35:46.587+0000] {logging_mixin.py:188} INFO - [2026-04-26T07:35:46.587+0000] {dag.py:3096} INFO - Sync 1 DAGs
[2026-04-26T07:35:46.603+0000] {logging_mixin.py:188} INFO - [2026-04-26T07:35:46.603+0000] {dag.py:3954} INFO - Setting next_dagrun for tutorial to 2026-04-25 00:00:00+00:00, run_after=2026-04-26 00:00:00+00:00
[2026-04-26T07:35:46.619+0000] {processor.py:183} INFO - Processing /usr/local/python/3.12.1/lib/python3.12/site-packages/airflow/example_dags/tutorial.py took 0.061 seconds
[2026-04-26T07:36:03.261+0000] {processor.py:161} INFO - Started process (PID=35593) to work on /usr/local/python/3.12.1/lib/python3.12/site-packages/airflow/example_dags/tutorial.py
[2026-04-26T07:36:03.264+0000] {processor.py:830} INFO - Processing file /usr/local/python/3.12.1/lib/python3.12/site-packages/airflow/example_dags/tutorial.py for tasks to queue
[2026-04-26T07:36:03.266+0000] {logging_mixin.py:188} INFO - [2026-04-26T07:36:03.266+0000] {dagbag.py:540} INFO - Filling up the DagBag from /usr/local/python/3.12.1/lib/python3.12/site-packages/airflow/example_dags/tutorial.py
[2026-04-26T07:36:03.281+0000] {processor.py:840} INFO - DAG(s) 'tutorial' retrieved from /usr/local/python/3.12.1/lib/python3.12/site-packages/airflow/example_dags/tutorial.py
[2026-04-26T07:36:03.307+0000] {logging_mixin.py:188} INFO - [2026-04-26T07:36:03.307+0000] {dag.py:3096} INFO - Sync 1 DAGs
[2026-04-26T07:36:03.335+0000] {logging_mixin.py:188} INFO - [2026-04-26T07:36:03.334+0000] {dag.py:3954} INFO - Setting next_dagrun for tutorial to 2026-04-25 00:00:00+00:00, run_after=2026-04-26 00:00:00+00:00
[2026-04-26T07:36:03.372+0000] {processor.py:183} INFO - Processing /usr/local/python/3.12.1/lib/python3.12/site-packages/airflow/example_dags/tutorial.py took 0.126 seconds
[2026-04-26T07:36:07.787+0000] {processor.py:161} INFO - Started process (PID=35638) to work on /usr/local/python/3.12.1/lib/python3.12/site-packages/airflow/example_dags/tutorial.py
[2026-04-26T07:36:07.788+0000] {processor.py:830} INFO - Processing file /usr/local/python/3.12.1/lib/python3.12/site-packages/airflow/example_dags/tutorial.py for tasks to queue
[2026-04-26T07:36:07.788+0000] {logging_mixin.py:188} INFO - [2026-04-26T07:36:07.788+0000] {dagbag.py:540} INFO - Filling up the DagBag from /usr/local/python/3.12.1/lib/python3.12/site-packages/airflow/example_dags/tutorial.py
[2026-04-26T07:36:07.793+0000] {processor.py:840} INFO - DAG(s) 'tutorial' retrieved from /usr/local/python/3.12.1/lib/python3.12/site-packages/airflow/example_dags/tutorial.py
[2026-04-26T07:36:07.804+0000] {logging_mixin.py:188} INFO - [2026-04-26T07:36:07.804+0000] {dag.py:3096} INFO - Sync 1 DAGs
[2026-04-26T07:36:07.819+0000] {logging_mixin.py:188} INFO - [2026-04-26T07:36:07.819+0000] {dag.py:3954} INFO - Setting next_dagrun for tutorial to 2026-04-25 00:00:00+00:00, run_after=2026-04-26 00:00:00+00:00
[2026-04-26T07:36:07.835+0000] {processor.py:183} INFO - Processing /usr/local/python/3.12.1/lib/python3.12/site-packages/airflow/example_dags/tutorial.py took 0.052 seconds
[2026-04-26T07:36:25.378+0000] {processor.py:161} INFO - Started process (PID=35800) to work on /usr/local/python/3.12.1/lib/python3.12/site-packages/airflow/example_dags/tutorial.py
[2026-04-26T07:36:25.379+0000] {processor.py:830} INFO - Processing file /usr/local/python/3.12.1/lib/python3.12/site-packages/airflow/example_dags/tutorial.py for tasks to queue
[2026-04-26T07:36:25.379+0000] {logging_mixin.py:188} INFO - [2026-04-26T07:36:25.379+0000] {dagbag.py:540} INFO - Filling up the DagBag from /usr/local/python/3.12.1/lib/python3.12/site-packages/airflow/example_dags/tutorial.py
[2026-04-26T07:36:25.385+0000] {processor.py:840} INFO - DAG(s) 'tutorial' retrieved from /usr/local/python/3.12.1/lib/python3.12/site-packages/airflow/example_dags/tutorial.py
[2026-04-26T07:36:25.396+0000] {logging_mixin.py:188} INFO - [2026-04-26T07:36:25.396+0000] {dag.py:3096} INFO - Sync 1 DAGs
[2026-04-26T07:36:25.411+0000] {logging_mixin.py:188} INFO - [2026-04-26T07:36:25.411+0000] {dag.py:3954} INFO - Setting next_dagrun for tutorial to 2026-04-25 00:00:00+00:00, run_after=2026-04-26 00:00:00+00:00
[2026-04-26T07:36:25.434+0000] {processor.py:183} INFO - Processing /usr/local/python/3.12.1/lib/python3.12/site-packages/airflow/example_dags/tutorial.py took 0.060 seconds
[2026-04-26T07:36:41.917+0000] {processor.py:161} INFO - Started process (PID=35942) to work on /usr/local/python/3.12.1/lib/python3.12/site-packages/airflow/example_dags/tutorial.py
[2026-04-26T07:36:41.917+0000] {processor.py:830} INFO - Processing file /usr/local/python/3.12.1/lib/python3.12/site-packages/airflow/example_dags/tutorial.py for tasks to queue
[2026-04-26T07:36:41.918+0000] {logging_mixin.py:188} INFO - [2026-04-26T07:36:41.918+0000] {dagbag.py:540} INFO - Filling up the DagBag from /usr/local/python/3.12.1/lib/python3.12/site-packages/airflow/example_dags/tutorial.py
[2026-04-26T07:36:41.924+0000] {processor.py:840} INFO - DAG(s) 'tutorial' retrieved from /usr/local/python/3.12.1/lib/python3.12/site-packages/airflow/example_dags/tutorial.py
[2026-04-26T07:36:41.935+0000] {logging_mixin.py:188} INFO - [2026-04-26T07:36:41.935+0000] {dag.py:3096} INFO - Sync 1 DAGs
[2026-04-26T07:36:41.949+0000] {logging_mixin.py:188} INFO - [2026-04-26T07:36:41.949+0000] {dag.py:3954} INFO - Setting next_dagrun for tutorial to 2026-04-25 00:00:00+00:00, run_after=2026-04-26 00:00:00+00:00
[2026-04-26T07:36:41.967+0000] {processor.py:183} INFO - Processing /usr/local/python/3.12.1/lib/python3.12/site-packages/airflow/example_dags/tutorial.py took 0.055 seconds
[2026-04-26T07:36:47.393+0000] {processor.py:161} INFO - Started process (PID=36002) to work on /usr/local/python/3.12.1/lib/python3.12/site-packages/airflow/example_dags/tutorial.py
[2026-04-26T07:36:47.393+0000] {processor.py:830} INFO - Processing file /usr/local/python/3.12.1/lib/python3.12/site-packages/airflow/example_dags/tutorial.py for tasks to queue
[2026-04-26T07:36:47.394+0000] {logging_mixin.py:188} INFO - [2026-04-26T07:36:47.394+0000] {dagbag.py:540} INFO - Filling up the DagBag from /usr/local/python/3.12.1/lib/python3.12/site-packages/airflow/example_dags/tutorial.py
[2026-04-26T07:36:47.399+0000] {processor.py:840} INFO - DAG(s) 'tutorial' retrieved from /usr/local/python/3.12.1/lib/python3.12/site-packages/airflow/example_dags/tutorial.py
[2026-04-26T07:36:47.410+0000] {logging_mixin.py:188} INFO - [2026-04-26T07:36:47.410+0000] {dag.py:3096} INFO - Sync 1 DAGs
[2026-04-26T07:36:47.425+0000] {logging_mixin.py:188} INFO - [2026-04-26T07:36:47.425+0000] {dag.py:3954} INFO - Setting next_dagrun for tutorial to 2026-04-25 00:00:00+00:00, run_after=2026-04-26 00:00:00+00:00
[2026-04-26T07:36:47.441+0000] {processor.py:183} INFO - Processing /usr/local/python/3.12.1/lib/python3.12/site-packages/airflow/example_dags/tutorial.py took 0.052 seconds
[2026-04-26T07:37:04.717+0000] {processor.py:161} INFO - Started process (PID=36160) to work on /usr/local/python/3.12.1/lib/python3.12/site-packages/airflow/example_dags/tutorial.py
[2026-04-26T07:37:04.718+0000] {processor.py:830} INFO - Processing file /usr/local/python/3.12.1/lib/python3.12/site-packages/airflow/example_dags/tutorial.py for tasks to queue
[2026-04-26T07:37:04.718+0000] {logging_mixin.py:188} INFO - [2026-04-26T07:37:04.718+0000] {dagbag.py:540} INFO - Filling up the DagBag from /usr/local/python/3.12.1/lib/python3.12/site-packages/airflow/example_dags/tutorial.py
[2026-04-26T07:37:04.723+0000] {processor.py:840} INFO - DAG(s) 'tutorial' retrieved from /usr/local/python/3.12.1/lib/python3.12/site-packages/airflow/example_dags/tutorial.py
[2026-04-26T07:37:04.734+0000] {logging_mixin.py:188} INFO - [2026-04-26T07:37:04.734+0000] {dag.py:3096} INFO - Sync 1 DAGs
[2026-04-26T07:37:04.749+0000] {logging_mixin.py:188} INFO - [2026-04-26T07:37:04.749+0000] {dag.py:3954} INFO - Setting next_dagrun for tutorial to 2026-04-25 00:00:00+00:00, run_after=2026-04-26 00:00:00+00:00
[2026-04-26T07:37:04.765+0000] {processor.py:183} INFO - Processing /usr/local/python/3.12.1/lib/python3.12/site-packages/airflow/example_dags/tutorial.py took 0.052 seconds
[2026-04-26T07:37:19.224+0000] {processor.py:161} INFO - Started process (PID=36287) to work on /usr/local/python/3.12.1/lib/python3.12/site-packages/airflow/example_dags/tutorial.py
[2026-04-26T07:37:19.225+0000] {processor.py:830} INFO - Processing file /usr/local/python/3.12.1/lib/python3.12/site-packages/airflow/example_dags/tutorial.py for tasks to queue
[2026-04-26T07:37:19.226+0000] {logging_mixin.py:188} INFO - [2026-04-26T07:37:19.225+0000] {dagbag.py:540} INFO - Filling up the DagBag from /usr/local/python/3.12.1/lib/python3.12/site-packages/airflow/example_dags/tutorial.py
[2026-04-26T07:37:19.231+0000] {processor.py:840} INFO - DAG(s) 'tutorial' retrieved from /usr/local/python/3.12.1/lib/python3.12/site-packages/airflow/example_dags/tutorial.py
[2026-04-26T07:37:19.242+0000] {logging_mixin.py:188} INFO - [2026-04-26T07:37:19.242+0000] {dag.py:3096} INFO - Sync 1 DAGs
[2026-04-26T07:37:19.256+0000] {logging_mixin.py:188} INFO - [2026-04-26T07:37:19.256+0000] {dag.py:3954} INFO - Setting next_dagrun for tutorial to 2026-04-25 00:00:00+00:00, run_after=2026-04-26 00:00:00+00:00
[2026-04-26T07:37:19.271+0000] {processor.py:183} INFO - Processing /usr/local/python/3.12.1/lib/python3.12/site-packages/airflow/example_dags/tutorial.py took 0.051 seconds
[2026-04-26T07:37:23.465+0000] {processor.py:161} INFO - Started process (PID=36322) to work on /usr/local/python/3.12.1/lib/python3.12/site-packages/airflow/example_dags/tutorial.py
[2026-04-26T07:37:23.466+0000] {processor.py:830} INFO - Processing file /usr/local/python/3.12.1/lib/python3.12/site-packages/airflow/example_dags/tutorial.py for tasks to queue
[2026-04-26T07:37:23.467+0000] {logging_mixin.py:188} INFO - [2026-04-26T07:37:23.466+0000] {dagbag.py:540} INFO - Filling up the DagBag from /usr/local/python/3.12.1/lib/python3.12/site-packages/airflow/example_dags/tutorial.py
[2026-04-26T07:37:23.472+0000] {processor.py:840} INFO - DAG(s) 'tutorial' retrieved from /usr/local/python/3.12.1/lib/python3.12/site-packages/airflow/example_dags/tutorial.py
[2026-04-26T07:37:23.483+0000] {logging_mixin.py:188} INFO - [2026-04-26T07:37:23.483+0000] {dag.py:3096} INFO - Sync 1 DAGs
[2026-04-26T07:37:23.498+0000] {logging_mixin.py:188} INFO - [2026-04-26T07:37:23.498+0000] {dag.py:3954} INFO - Setting next_dagrun for tutorial to 2026-04-25 00:00:00+00:00, run_after=2026-04-26 00:00:00+00:00
[2026-04-26T07:37:23.514+0000] {processor.py:183} INFO - Processing /usr/local/python/3.12.1/lib/python3.12/site-packages/airflow/example_dags/tutorial.py took 0.053 seconds
[2026-04-26T07:37:43.689+0000] {processor.py:161} INFO - Started process (PID=36497) to work on /usr/local/python/3.12.1/lib/python3.12/site-packages/airflow/example_dags/tutorial.py
[2026-04-26T07:37:43.690+0000] {processor.py:830} INFO - Processing file /usr/local/python/3.12.1/lib/python3.12/site-packages/airflow/example_dags/tutorial.py for tasks to queue
[2026-04-26T07:37:43.691+0000] {logging_mixin.py:188} INFO - [2026-04-26T07:37:43.690+0000] {dagbag.py:540} INFO - Filling up the DagBag from /usr/local/python/3.12.1/lib/python3.12/site-packages/airflow/example_dags/tutorial.py
[2026-04-26T07:37:43.695+0000] {processor.py:840} INFO - DAG(s) 'tutorial' retrieved from /usr/local/python/3.12.1/lib/python3.12/site-packages/airflow/example_dags/tutorial.py
[2026-04-26T07:37:43.706+0000] {logging_mixin.py:188} INFO - [2026-04-26T07:37:43.706+0000] {dag.py:3096} INFO - Sync 1 DAGs
[2026-04-26T07:37:43.728+0000] {logging_mixin.py:188} INFO - [2026-04-26T07:37:43.727+0000] {dag.py:3954} INFO - Setting next_dagrun for tutorial to 2026-04-25 00:00:00+00:00, run_after=2026-04-26 00:00:00+00:00
[2026-04-26T07:37:43.745+0000] {processor.py:183} INFO - Processing /usr/local/python/3.12.1/lib/python3.12/site-packages/airflow/example_dags/tutorial.py took 0.060 seconds
[2026-04-26T07:38:00.335+0000] {processor.py:161} INFO - Started process (PID=36656) to work on /usr/local/python/3.12.1/lib/python3.12/site-packages/airflow/example_dags/tutorial.py
[2026-04-26T07:38:00.336+0000] {processor.py:830} INFO - Processing file /usr/local/python/3.12.1/lib/python3.12/site-packages/airflow/example_dags/tutorial.py for tasks to queue
[2026-04-26T07:38:00.338+0000] {logging_mixin.py:188} INFO - [2026-04-26T07:38:00.337+0000] {dagbag.py:540} INFO - Filling up the DagBag from /usr/local/python/3.12.1/lib/python3.12/site-packages/airflow/example_dags/tutorial.py
[2026-04-26T07:38:00.346+0000] {processor.py:840} INFO - DAG(s) 'tutorial' retrieved from /usr/local/python/3.12.1/lib/python3.12/site-packages/airflow/example_dags/tutorial.py
[2026-04-26T07:38:00.362+0000] {logging_mixin.py:188} INFO - [2026-04-26T07:38:00.362+0000] {dag.py:3096} INFO - Sync 1 DAGs
[2026-04-26T07:38:00.378+0000] {logging_mixin.py:188} INFO - [2026-04-26T07:38:00.378+0000] {dag.py:3954} INFO - Setting next_dagrun for tutorial to 2026-04-25 00:00:00+00:00, run_after=2026-04-26 00:00:00+00:00
[2026-04-26T07:38:00.395+0000] {processor.py:183} INFO - Processing /usr/local/python/3.12.1/lib/python3.12/site-packages/airflow/example_dags/tutorial.py took 0.067 seconds
[2026-04-26T07:38:02.937+0000] {processor.py:161} INFO - Started process (PID=36678) to work on /usr/local/python/3.12.1/lib/python3.12/site-packages/airflow/example_dags/tutorial.py
[2026-04-26T07:38:02.938+0000] {processor.py:830} INFO - Processing file /usr/local/python/3.12.1/lib/python3.12/site-packages/airflow/example_dags/tutorial.py for tasks to queue
[2026-04-26T07:38:02.939+0000] {logging_mixin.py:188} INFO - [2026-04-26T07:38:02.939+0000] {dagbag.py:540} INFO - Filling up the DagBag from /usr/local/python/3.12.1/lib/python3.12/site-packages/airflow/example_dags/tutorial.py
[2026-04-26T07:38:02.946+0000] {processor.py:840} INFO - DAG(s) 'tutorial' retrieved from /usr/local/python/3.12.1/lib/python3.12/site-packages/airflow/example_dags/tutorial.py
[2026-04-26T07:38:02.958+0000] {logging_mixin.py:188} INFO - [2026-04-26T07:38:02.958+0000] {dag.py:3096} INFO - Sync 1 DAGs
[2026-04-26T07:38:02.973+0000] {logging_mixin.py:188} INFO - [2026-04-26T07:38:02.973+0000] {dag.py:3954} INFO - Setting next_dagrun for tutorial to 2026-04-25 00:00:00+00:00, run_after=2026-04-26 00:00:00+00:00
[2026-04-26T07:38:02.992+0000] {processor.py:183} INFO - Processing /usr/local/python/3.12.1/lib/python3.12/site-packages/airflow/example_dags/tutorial.py took 0.061 seconds
[2026-04-26T07:38:22.538+0000] {processor.py:161} INFO - Started process (PID=36855) to work on /usr/local/python/3.12.1/lib/python3.12/site-packages/airflow/example_dags/tutorial.py
[2026-04-26T07:38:22.538+0000] {processor.py:830} INFO - Processing file /usr/local/python/3.12.1/lib/python3.12/site-packages/airflow/example_dags/tutorial.py for tasks to queue
[2026-04-26T07:38:22.539+0000] {logging_mixin.py:188} INFO - [2026-04-26T07:38:22.539+0000] {dagbag.py:540} INFO - Filling up the DagBag from /usr/local/python/3.12.1/lib/python3.12/site-packages/airflow/example_dags/tutorial.py
[2026-04-26T07:38:22.544+0000] {processor.py:840} INFO - DAG(s) 'tutorial' retrieved from /usr/local/python/3.12.1/lib/python3.12/site-packages/airflow/example_dags/tutorial.py
[2026-04-26T07:38:22.557+0000] {logging_mixin.py:188} INFO - [2026-04-26T07:38:22.557+0000] {dag.py:3096} INFO - Sync 1 DAGs
[2026-04-26T07:38:22.573+0000] {logging_mixin.py:188} INFO - [2026-04-26T07:38:22.572+0000] {dag.py:3954} INFO - Setting next_dagrun for tutorial to 2026-04-25 00:00:00+00:00, run_after=2026-04-26 00:00:00+00:00
[2026-04-26T07:38:22.590+0000] {processor.py:183} INFO - Processing /usr/local/python/3.12.1/lib/python3.12/site-packages/airflow/example_dags/tutorial.py took 0.057 seconds
[2026-04-26T07:38:38.638+0000] {processor.py:161} INFO - Started process (PID=37007) to work on /usr/local/python/3.12.1/lib/python3.12/site-packages/airflow/example_dags/tutorial.py
[2026-04-26T07:38:38.639+0000] {processor.py:830} INFO - Processing file /usr/local/python/3.12.1/lib/python3.12/site-packages/airflow/example_dags/tutorial.py for tasks to queue
[2026-04-26T07:38:38.640+0000] {logging_mixin.py:188} INFO - [2026-04-26T07:38:38.639+0000] {dagbag.py:540} INFO - Filling up the DagBag from /usr/local/python/3.12.1/lib/python3.12/site-packages/airflow/example_dags/tutorial.py
[2026-04-26T07:38:38.645+0000] {processor.py:840} INFO - DAG(s) 'tutorial' retrieved from /usr/local/python/3.12.1/lib/python3.12/site-packages/airflow/example_dags/tutorial.py
[2026-04-26T07:38:38.656+0000] {logging_mixin.py:188} INFO - [2026-04-26T07:38:38.656+0000] {dag.py:3096} INFO - Sync 1 DAGs
[2026-04-26T07:38:38.671+0000] {logging_mixin.py:188} INFO - [2026-04-26T07:38:38.671+0000] {dag.py:3954} INFO - Setting next_dagrun for tutorial to 2026-04-25 00:00:00+00:00, run_after=2026-04-26 00:00:00+00:00
[2026-04-26T07:38:38.692+0000] {processor.py:183} INFO - Processing /usr/local/python/3.12.1/lib/python3.12/site-packages/airflow/example_dags/tutorial.py took 0.058 seconds
[2026-04-26T07:38:44.166+0000] {processor.py:161} INFO - Started process (PID=37047) to work on /usr/local/python/3.12.1/lib/python3.12/site-packages/airflow/example_dags/tutorial.py
[2026-04-26T07:38:44.167+0000] {processor.py:830} INFO - Processing file /usr/local/python/3.12.1/lib/python3.12/site-packages/airflow/example_dags/tutorial.py for tasks to queue
[2026-04-26T07:38:44.168+0000] {logging_mixin.py:188} INFO - [2026-04-26T07:38:44.167+0000] {dagbag.py:540} INFO - Filling up the DagBag from /usr/local/python/3.12.1/lib/python3.12/site-packages/airflow/example_dags/tutorial.py
[2026-04-26T07:38:44.173+0000] {processor.py:840} INFO - DAG(s) 'tutorial' retrieved from /usr/local/python/3.12.1/lib/python3.12/site-packages/airflow/example_dags/tutorial.py
[2026-04-26T07:38:44.184+0000] {logging_mixin.py:188} INFO - [2026-04-26T07:38:44.184+0000] {dag.py:3096} INFO - Sync 1 DAGs
[2026-04-26T07:38:44.199+0000] {logging_mixin.py:188} INFO - [2026-04-26T07:38:44.199+0000] {dag.py:3954} INFO - Setting next_dagrun for tutorial to 2026-04-25 00:00:00+00:00, run_after=2026-04-26 00:00:00+00:00
[2026-04-26T07:38:44.216+0000] {processor.py:183} INFO - Processing /usr/local/python/3.12.1/lib/python3.12/site-packages/airflow/example_dags/tutorial.py took 0.054 seconds
[2026-04-26T07:39:04.843+0000] {processor.py:161} INFO - Started process (PID=37423) to work on /usr/local/python/3.12.1/lib/python3.12/site-packages/airflow/example_dags/tutorial.py
[2026-04-26T07:39:04.844+0000] {processor.py:830} INFO - Processing file /usr/local/python/3.12.1/lib/python3.12/site-packages/airflow/example_dags/tutorial.py for tasks to queue
[2026-04-26T07:39:04.844+0000] {logging_mixin.py:188} INFO - [2026-04-26T07:39:04.844+0000] {dagbag.py:540} INFO - Filling up the DagBag from /usr/local/python/3.12.1/lib/python3.12/site-packages/airflow/example_dags/tutorial.py
[2026-04-26T07:39:04.849+0000] {processor.py:840} INFO - DAG(s) 'tutorial' retrieved from /usr/local/python/3.12.1/lib/python3.12/site-packages/airflow/example_dags/tutorial.py
[2026-04-26T07:39:04.861+0000] {logging_mixin.py:188} INFO - [2026-04-26T07:39:04.860+0000] {dag.py:3096} INFO - Sync 1 DAGs
[2026-04-26T07:39:04.884+0000] {logging_mixin.py:188} INFO - [2026-04-26T07:39:04.884+0000] {dag.py:3954} INFO - Setting next_dagrun for tutorial to 2026-04-25 00:00:00+00:00, run_after=2026-04-26 00:00:00+00:00
[2026-04-26T07:39:04.905+0000] {processor.py:183} INFO - Processing /usr/local/python/3.12.1/lib/python3.12/site-packages/airflow/example_dags/tutorial.py took 0.067 seconds
[2026-04-26T07:39:21.454+0000] {processor.py:161} INFO - Started process (PID=37707) to work on /usr/local/python/3.12.1/lib/python3.12/site-packages/airflow/example_dags/tutorial.py
[2026-04-26T07:39:21.455+0000] {processor.py:830} INFO - Processing file /usr/local/python/3.12.1/lib/python3.12/site-packages/airflow/example_dags/tutorial.py for tasks to queue
[2026-04-26T07:39:21.456+0000] {logging_mixin.py:188} INFO - [2026-04-26T07:39:21.456+0000] {dagbag.py:540} INFO - Filling up the DagBag from /usr/local/python/3.12.1/lib/python3.12/site-packages/airflow/example_dags/tutorial.py
[2026-04-26T07:39:21.464+0000] {processor.py:840} INFO - DAG(s) 'tutorial' retrieved from /usr/local/python/3.12.1/lib/python3.12/site-packages/airflow/example_dags/tutorial.py
[2026-04-26T07:39:21.485+0000] {logging_mixin.py:188} INFO - [2026-04-26T07:39:21.484+0000] {dag.py:3096} INFO - Sync 1 DAGs
[2026-04-26T07:39:21.524+0000] {logging_mixin.py:188} INFO - [2026-04-26T07:39:21.524+0000] {dag.py:3954} INFO - Setting next_dagrun for tutorial to 2026-04-25 00:00:00+00:00, run_after=2026-04-26 00:00:00+00:00
[2026-04-26T07:39:21.548+0000] {processor.py:183} INFO - Processing /usr/local/python/3.12.1/lib/python3.12/site-packages/airflow/example_dags/tutorial.py took 0.100 seconds
[2026-04-26T07:39:27.240+0000] {processor.py:161} INFO - Started process (PID=37845) to work on /usr/local/python/3.12.1/lib/python3.12/site-packages/airflow/example_dags/tutorial.py
[2026-04-26T07:39:27.241+0000] {processor.py:830} INFO - Processing file /usr/local/python/3.12.1/lib/python3.12/site-packages/airflow/example_dags/tutorial.py for tasks to queue
[2026-04-26T07:39:27.242+0000] {logging_mixin.py:188} INFO - [2026-04-26T07:39:27.241+0000] {dagbag.py:540} INFO - Filling up the DagBag from /usr/local/python/3.12.1/lib/python3.12/site-packages/airflow/example_dags/tutorial.py
[2026-04-26T07:39:27.251+0000] {processor.py:840} INFO - DAG(s) 'tutorial' retrieved from /usr/local/python/3.12.1/lib/python3.12/site-packages/airflow/example_dags/tutorial.py
[2026-04-26T07:39:27.271+0000] {logging_mixin.py:188} INFO - [2026-04-26T07:39:27.271+0000] {dag.py:3096} INFO - Sync 1 DAGs
[2026-04-26T07:39:27.300+0000] {logging_mixin.py:188} INFO - [2026-04-26T07:39:27.300+0000] {dag.py:3954} INFO - Setting next_dagrun for tutorial to 2026-04-25 00:00:00+00:00, run_after=2026-04-26 00:00:00+00:00
[2026-04-26T07:39:27.328+0000] {processor.py:183} INFO - Processing /usr/local/python/3.12.1/lib/python3.12/site-packages/airflow/example_dags/tutorial.py took 0.095 seconds
[2026-04-26T07:39:48.278+0000] {processor.py:161} INFO - Started process (PID=38145) to work on /usr/local/python/3.12.1/lib/python3.12/site-packages/airflow/example_dags/tutorial.py
[2026-04-26T07:39:48.279+0000] {processor.py:830} INFO - Processing file /usr/local/python/3.12.1/lib/python3.12/site-packages/airflow/example_dags/tutorial.py for tasks to queue
[2026-04-26T07:39:48.280+0000] {logging_mixin.py:188} INFO - [2026-04-26T07:39:48.279+0000] {dagbag.py:540} INFO - Filling up the DagBag from /usr/local/python/3.12.1/lib/python3.12/site-packages/airflow/example_dags/tutorial.py
[2026-04-26T07:39:48.285+0000] {processor.py:840} INFO - DAG(s) 'tutorial' retrieved from /usr/local/python/3.12.1/lib/python3.12/site-packages/airflow/example_dags/tutorial.py
[2026-04-26T07:39:48.297+0000] {logging_mixin.py:188} INFO - [2026-04-26T07:39:48.297+0000] {dag.py:3096} INFO - Sync 1 DAGs
[2026-04-26T07:39:48.312+0000] {logging_mixin.py:188} INFO - [2026-04-26T07:39:48.312+0000] {dag.py:3954} INFO - Setting next_dagrun for tutorial to 2026-04-25 00:00:00+00:00, run_after=2026-04-26 00:00:00+00:00
[2026-04-26T07:39:48.330+0000] {processor.py:183} INFO - Processing /usr/local/python/3.12.1/lib/python3.12/site-packages/airflow/example_dags/tutorial.py took 0.056 seconds
[2026-04-26T07:40:03.131+0000] {processor.py:161} INFO - Started process (PID=38403) to work on /usr/local/python/3.12.1/lib/python3.12/site-packages/airflow/example_dags/tutorial.py
[2026-04-26T07:40:03.132+0000] {processor.py:830} INFO - Processing file /usr/local/python/3.12.1/lib/python3.12/site-packages/airflow/example_dags/tutorial.py for tasks to queue
[2026-04-26T07:40:03.134+0000] {logging_mixin.py:188} INFO - [2026-04-26T07:40:03.133+0000] {dagbag.py:540} INFO - Filling up the DagBag from /usr/local/python/3.12.1/lib/python3.12/site-packages/airflow/example_dags/tutorial.py
[2026-04-26T07:40:03.141+0000] {processor.py:840} INFO - DAG(s) 'tutorial' retrieved from /usr/local/python/3.12.1/lib/python3.12/site-packages/airflow/example_dags/tutorial.py
[2026-04-26T07:40:03.160+0000] {logging_mixin.py:188} INFO - [2026-04-26T07:40:03.160+0000] {dag.py:3096} INFO - Sync 1 DAGs
[2026-04-26T07:40:03.184+0000] {logging_mixin.py:188} INFO - [2026-04-26T07:40:03.184+0000] {dag.py:3954} INFO - Setting next_dagrun for tutorial to 2026-04-25 00:00:00+00:00, run_after=2026-04-26 00:00:00+00:00
[2026-04-26T07:40:03.200+0000] {processor.py:183} INFO - Processing /usr/local/python/3.12.1/lib/python3.12/site-packages/airflow/example_dags/tutorial.py took 0.076 seconds
[2026-04-26T07:40:09.675+0000] {processor.py:161} INFO - Started process (PID=38529) to work on /usr/local/python/3.12.1/lib/python3.12/site-packages/airflow/example_dags/tutorial.py
[2026-04-26T07:40:09.676+0000] {processor.py:830} INFO - Processing file /usr/local/python/3.12.1/lib/python3.12/site-packages/airflow/example_dags/tutorial.py for tasks to queue
[2026-04-26T07:40:09.677+0000] {logging_mixin.py:188} INFO - [2026-04-26T07:40:09.676+0000] {dagbag.py:540} INFO - Filling up the DagBag from /usr/local/python/3.12.1/lib/python3.12/site-packages/airflow/example_dags/tutorial.py
[2026-04-26T07:40:09.682+0000] {processor.py:840} INFO - DAG(s) 'tutorial' retrieved from /usr/local/python/3.12.1/lib/python3.12/site-packages/airflow/example_dags/tutorial.py
[2026-04-26T07:40:09.693+0000] {logging_mixin.py:188} INFO - [2026-04-26T07:40:09.693+0000] {dag.py:3096} INFO - Sync 1 DAGs
[2026-04-26T07:40:09.711+0000] {logging_mixin.py:188} INFO - [2026-04-26T07:40:09.710+0000] {dag.py:3954} INFO - Setting next_dagrun for tutorial to 2026-04-25 00:00:00+00:00, run_after=2026-04-26 00:00:00+00:00
[2026-04-26T07:40:09.727+0000] {processor.py:183} INFO - Processing /usr/local/python/3.12.1/lib/python3.12/site-packages/airflow/example_dags/tutorial.py took 0.056 seconds
[2026-04-26T07:40:27.786+0000] {processor.py:161} INFO - Started process (PID=38748) to work on /usr/local/python/3.12.1/lib/python3.12/site-packages/airflow/example_dags/tutorial.py
[2026-04-26T07:40:27.786+0000] {processor.py:830} INFO - Processing file /usr/local/python/3.12.1/lib/python3.12/site-packages/airflow/example_dags/tutorial.py for tasks to queue
[2026-04-26T07:40:27.787+0000] {logging_mixin.py:188} INFO - [2026-04-26T07:40:27.787+0000] {dagbag.py:540} INFO - Filling up the DagBag from /usr/local/python/3.12.1/lib/python3.12/site-packages/airflow/example_dags/tutorial.py
[2026-04-26T07:40:27.792+0000] {processor.py:840} INFO - DAG(s) 'tutorial' retrieved from /usr/local/python/3.12.1/lib/python3.12/site-packages/airflow/example_dags/tutorial.py
[2026-04-26T07:40:27.804+0000] {logging_mixin.py:188} INFO - [2026-04-26T07:40:27.803+0000] {dag.py:3096} INFO - Sync 1 DAGs
[2026-04-26T07:40:27.818+0000] {logging_mixin.py:188} INFO - [2026-04-26T07:40:27.818+0000] {dag.py:3954} INFO - Setting next_dagrun for tutorial to 2026-04-25 00:00:00+00:00, run_after=2026-04-26 00:00:00+00:00
[2026-04-26T07:40:27.834+0000] {processor.py:183} INFO - Processing /usr/local/python/3.12.1/lib/python3.12/site-packages/airflow/example_dags/tutorial.py took 0.053 seconds
[2026-04-26T07:40:41.480+0000] {processor.py:161} INFO - Started process (PID=38949) to work on /usr/local/python/3.12.1/lib/python3.12/site-packages/airflow/example_dags/tutorial.py
[2026-04-26T07:40:41.481+0000] {processor.py:830} INFO - Processing file /usr/local/python/3.12.1/lib/python3.12/site-packages/airflow/example_dags/tutorial.py for tasks to queue
[2026-04-26T07:40:41.481+0000] {logging_mixin.py:188} INFO - [2026-04-26T07:40:41.481+0000] {dagbag.py:540} INFO - Filling up the DagBag from /usr/local/python/3.12.1/lib/python3.12/site-packages/airflow/example_dags/tutorial.py
[2026-04-26T07:40:41.486+0000] {processor.py:840} INFO - DAG(s) 'tutorial' retrieved from /usr/local/python/3.12.1/lib/python3.12/site-packages/airflow/example_dags/tutorial.py
[2026-04-26T07:40:41.498+0000] {logging_mixin.py:188} INFO - [2026-04-26T07:40:41.498+0000] {dag.py:3096} INFO - Sync 1 DAGs
[2026-04-26T07:40:41.512+0000] {logging_mixin.py:188} INFO - [2026-04-26T07:40:41.512+0000] {dag.py:3954} INFO - Setting next_dagrun for tutorial to 2026-04-25 00:00:00+00:00, run_after=2026-04-26 00:00:00+00:00
[2026-04-26T07:40:41.529+0000] {processor.py:183} INFO - Processing /usr/local/python/3.12.1/lib/python3.12/site-packages/airflow/example_dags/tutorial.py took 0.054 seconds
[2026-04-26T07:40:49.807+0000] {processor.py:161} INFO - Started process (PID=39025) to work on /usr/local/python/3.12.1/lib/python3.12/site-packages/airflow/example_dags/tutorial.py
[2026-04-26T07:40:49.808+0000] {processor.py:830} INFO - Processing file /usr/local/python/3.12.1/lib/python3.12/site-packages/airflow/example_dags/tutorial.py for tasks to queue
[2026-04-26T07:40:49.808+0000] {logging_mixin.py:188} INFO - [2026-04-26T07:40:49.808+0000] {dagbag.py:540} INFO - Filling up the DagBag from /usr/local/python/3.12.1/lib/python3.12/site-packages/airflow/example_dags/tutorial.py
[2026-04-26T07:40:49.813+0000] {processor.py:840} INFO - DAG(s) 'tutorial' retrieved from /usr/local/python/3.12.1/lib/python3.12/site-packages/airflow/example_dags/tutorial.py
[2026-04-26T07:40:49.824+0000] {logging_mixin.py:188} INFO - [2026-04-26T07:40:49.824+0000] {dag.py:3096} INFO - Sync 1 DAGs
[2026-04-26T07:40:49.841+0000] {logging_mixin.py:188} INFO - [2026-04-26T07:40:49.840+0000] {dag.py:3954} INFO - Setting next_dagrun for tutorial to 2026-04-25 00:00:00+00:00, run_after=2026-04-26 00:00:00+00:00
[2026-04-26T07:40:49.858+0000] {processor.py:183} INFO - Processing /usr/local/python/3.12.1/lib/python3.12/site-packages/airflow/example_dags/tutorial.py took 0.055 seconds
[2026-04-26T07:41:09.556+0000] {processor.py:161} INFO - Started process (PID=39426) to work on /usr/local/python/3.12.1/lib/python3.12/site-packages/airflow/example_dags/tutorial.py
[2026-04-26T07:41:09.557+0000] {processor.py:830} INFO - Processing file /usr/local/python/3.12.1/lib/python3.12/site-packages/airflow/example_dags/tutorial.py for tasks to queue
[2026-04-26T07:41:09.558+0000] {logging_mixin.py:188} INFO - [2026-04-26T07:41:09.557+0000] {dagbag.py:540} INFO - Filling up the DagBag from /usr/local/python/3.12.1/lib/python3.12/site-packages/airflow/example_dags/tutorial.py
[2026-04-26T07:41:09.562+0000] {processor.py:840} INFO - DAG(s) 'tutorial' retrieved from /usr/local/python/3.12.1/lib/python3.12/site-packages/airflow/example_dags/tutorial.py
[2026-04-26T07:41:09.573+0000] {logging_mixin.py:188} INFO - [2026-04-26T07:41:09.573+0000] {dag.py:3096} INFO - Sync 1 DAGs
[2026-04-26T07:41:09.588+0000] {logging_mixin.py:188} INFO - [2026-04-26T07:41:09.588+0000] {dag.py:3954} INFO - Setting next_dagrun for tutorial to 2026-04-25 00:00:00+00:00, run_after=2026-04-26 00:00:00+00:00
[2026-04-26T07:41:09.605+0000] {processor.py:183} INFO - Processing /usr/local/python/3.12.1/lib/python3.12/site-packages/airflow/example_dags/tutorial.py took 0.053 seconds
[2026-04-26T07:41:20.270+0000] {processor.py:161} INFO - Started process (PID=39526) to work on /usr/local/python/3.12.1/lib/python3.12/site-packages/airflow/example_dags/tutorial.py
[2026-04-26T07:41:20.270+0000] {processor.py:830} INFO - Processing file /usr/local/python/3.12.1/lib/python3.12/site-packages/airflow/example_dags/tutorial.py for tasks to queue
[2026-04-26T07:41:20.271+0000] {logging_mixin.py:188} INFO - [2026-04-26T07:41:20.271+0000] {dagbag.py:540} INFO - Filling up the DagBag from /usr/local/python/3.12.1/lib/python3.12/site-packages/airflow/example_dags/tutorial.py
[2026-04-26T07:41:20.278+0000] {processor.py:840} INFO - DAG(s) 'tutorial' retrieved from /usr/local/python/3.12.1/lib/python3.12/site-packages/airflow/example_dags/tutorial.py
[2026-04-26T07:41:20.293+0000] {logging_mixin.py:188} INFO - [2026-04-26T07:41:20.293+0000] {dag.py:3096} INFO - Sync 1 DAGs
[2026-04-26T07:41:20.310+0000] {logging_mixin.py:188} INFO - [2026-04-26T07:41:20.309+0000] {dag.py:3954} INFO - Setting next_dagrun for tutorial to 2026-04-25 00:00:00+00:00, run_after=2026-04-26 00:00:00+00:00
[2026-04-26T07:41:20.326+0000] {processor.py:183} INFO - Processing /usr/local/python/3.12.1/lib/python3.12/site-packages/airflow/example_dags/tutorial.py took 0.061 seconds
[2026-04-26T07:41:30.301+0000] {processor.py:161} INFO - Started process (PID=39612) to work on /usr/local/python/3.12.1/lib/python3.12/site-packages/airflow/example_dags/tutorial.py
[2026-04-26T07:41:30.301+0000] {processor.py:830} INFO - Processing file /usr/local/python/3.12.1/lib/python3.12/site-packages/airflow/example_dags/tutorial.py for tasks to queue
[2026-04-26T07:41:30.302+0000] {logging_mixin.py:188} INFO - [2026-04-26T07:41:30.302+0000] {dagbag.py:540} INFO - Filling up the DagBag from /usr/local/python/3.12.1/lib/python3.12/site-packages/airflow/example_dags/tutorial.py
[2026-04-26T07:41:30.307+0000] {processor.py:840} INFO - DAG(s) 'tutorial' retrieved from /usr/local/python/3.12.1/lib/python3.12/site-packages/airflow/example_dags/tutorial.py
[2026-04-26T07:41:30.318+0000] {logging_mixin.py:188} INFO - [2026-04-26T07:41:30.318+0000] {dag.py:3096} INFO - Sync 1 DAGs
[2026-04-26T07:41:30.333+0000] {logging_mixin.py:188} INFO - [2026-04-26T07:41:30.332+0000] {dag.py:3954} INFO - Setting next_dagrun for tutorial to 2026-04-25 00:00:00+00:00, run_after=2026-04-26 00:00:00+00:00
[2026-04-26T07:41:30.348+0000] {processor.py:183} INFO - Processing /usr/local/python/3.12.1/lib/python3.12/site-packages/airflow/example_dags/tutorial.py took 0.052 seconds
[2026-04-26T07:41:50.115+0000] {processor.py:161} INFO - Started process (PID=39796) to work on /usr/local/python/3.12.1/lib/python3.12/site-packages/airflow/example_dags/tutorial.py
[2026-04-26T07:41:50.115+0000] {processor.py:830} INFO - Processing file /usr/local/python/3.12.1/lib/python3.12/site-packages/airflow/example_dags/tutorial.py for tasks to queue
[2026-04-26T07:41:50.116+0000] {logging_mixin.py:188} INFO - [2026-04-26T07:41:50.116+0000] {dagbag.py:540} INFO - Filling up the DagBag from /usr/local/python/3.12.1/lib/python3.12/site-packages/airflow/example_dags/tutorial.py
[2026-04-26T07:41:50.121+0000] {processor.py:840} INFO - DAG(s) 'tutorial' retrieved from /usr/local/python/3.12.1/lib/python3.12/site-packages/airflow/example_dags/tutorial.py
[2026-04-26T07:41:50.133+0000] {logging_mixin.py:188} INFO - [2026-04-26T07:41:50.133+0000] {dag.py:3096} INFO - Sync 1 DAGs
[2026-04-26T07:41:50.148+0000] {logging_mixin.py:188} INFO - [2026-04-26T07:41:50.148+0000] {dag.py:3954} INFO - Setting next_dagrun for tutorial to 2026-04-25 00:00:00+00:00, run_after=2026-04-26 00:00:00+00:00
[2026-04-26T07:41:50.164+0000] {processor.py:183} INFO - Processing /usr/local/python/3.12.1/lib/python3.12/site-packages/airflow/example_dags/tutorial.py took 0.053 seconds
[2026-04-26T07:41:59.018+0000] {processor.py:161} INFO - Started process (PID=39892) to work on /usr/local/python/3.12.1/lib/python3.12/site-packages/airflow/example_dags/tutorial.py
[2026-04-26T07:41:59.021+0000] {processor.py:830} INFO - Processing file /usr/local/python/3.12.1/lib/python3.12/site-packages/airflow/example_dags/tutorial.py for tasks to queue
[2026-04-26T07:41:59.022+0000] {logging_mixin.py:188} INFO - [2026-04-26T07:41:59.021+0000] {dagbag.py:540} INFO - Filling up the DagBag from /usr/local/python/3.12.1/lib/python3.12/site-packages/airflow/example_dags/tutorial.py
[2026-04-26T07:41:59.039+0000] {processor.py:840} INFO - DAG(s) 'tutorial' retrieved from /usr/local/python/3.12.1/lib/python3.12/site-packages/airflow/example_dags/tutorial.py
[2026-04-26T07:41:59.089+0000] {logging_mixin.py:188} INFO - [2026-04-26T07:41:59.088+0000] {dag.py:3096} INFO - Sync 1 DAGs
[2026-04-26T07:41:59.115+0000] {logging_mixin.py:188} INFO - [2026-04-26T07:41:59.115+0000] {dag.py:3954} INFO - Setting next_dagrun for tutorial to 2026-04-25 00:00:00+00:00, run_after=2026-04-26 00:00:00+00:00
[2026-04-26T07:41:59.176+0000] {processor.py:183} INFO - Processing /usr/local/python/3.12.1/lib/python3.12/site-packages/airflow/example_dags/tutorial.py took 0.175 seconds
[2026-04-26T07:42:11.803+0000] {processor.py:161} INFO - Started process (PID=40017) to work on /usr/local/python/3.12.1/lib/python3.12/site-packages/airflow/example_dags/tutorial.py
[2026-04-26T07:42:11.804+0000] {processor.py:830} INFO - Processing file /usr/local/python/3.12.1/lib/python3.12/site-packages/airflow/example_dags/tutorial.py for tasks to queue
[2026-04-26T07:42:11.804+0000] {logging_mixin.py:188} INFO - [2026-04-26T07:42:11.804+0000] {dagbag.py:540} INFO - Filling up the DagBag from /usr/local/python/3.12.1/lib/python3.12/site-packages/airflow/example_dags/tutorial.py
[2026-04-26T07:42:11.810+0000] {processor.py:840} INFO - DAG(s) 'tutorial' retrieved from /usr/local/python/3.12.1/lib/python3.12/site-packages/airflow/example_dags/tutorial.py
[2026-04-26T07:42:11.822+0000] {logging_mixin.py:188} INFO - [2026-04-26T07:42:11.821+0000] {dag.py:3096} INFO - Sync 1 DAGs
[2026-04-26T07:42:11.837+0000] {logging_mixin.py:188} INFO - [2026-04-26T07:42:11.837+0000] {dag.py:3954} INFO - Setting next_dagrun for tutorial to 2026-04-25 00:00:00+00:00, run_after=2026-04-26 00:00:00+00:00
[2026-04-26T07:42:11.854+0000] {processor.py:183} INFO - Processing /usr/local/python/3.12.1/lib/python3.12/site-packages/airflow/example_dags/tutorial.py took 0.055 seconds
[2026-04-26T07:42:35.209+0000] {processor.py:161} INFO - Started process (PID=40223) to work on /usr/local/python/3.12.1/lib/python3.12/site-packages/airflow/example_dags/tutorial.py
[2026-04-26T07:42:35.210+0000] {processor.py:830} INFO - Processing file /usr/local/python/3.12.1/lib/python3.12/site-packages/airflow/example_dags/tutorial.py for tasks to queue
[2026-04-26T07:42:35.210+0000] {logging_mixin.py:188} INFO - [2026-04-26T07:42:35.210+0000] {dagbag.py:540} INFO - Filling up the DagBag from /usr/local/python/3.12.1/lib/python3.12/site-packages/airflow/example_dags/tutorial.py
[2026-04-26T07:42:35.215+0000] {processor.py:840} INFO - DAG(s) 'tutorial' retrieved from /usr/local/python/3.12.1/lib/python3.12/site-packages/airflow/example_dags/tutorial.py
[2026-04-26T07:42:35.229+0000] {logging_mixin.py:188} INFO - [2026-04-26T07:42:35.229+0000] {dag.py:3096} INFO - Sync 1 DAGs
[2026-04-26T07:42:35.248+0000] {logging_mixin.py:188} INFO - [2026-04-26T07:42:35.248+0000] {dag.py:3954} INFO - Setting next_dagrun for tutorial to 2026-04-25 00:00:00+00:00, run_after=2026-04-26 00:00:00+00:00
[2026-04-26T07:42:35.268+0000] {processor.py:183} INFO - Processing /usr/local/python/3.12.1/lib/python3.12/site-packages/airflow/example_dags/tutorial.py took 0.064 seconds
[2026-04-26T07:42:43.002+0000] {processor.py:161} INFO - Started process (PID=40300) to work on /usr/local/python/3.12.1/lib/python3.12/site-packages/airflow/example_dags/tutorial.py
[2026-04-26T07:42:43.003+0000] {processor.py:830} INFO - Processing file /usr/local/python/3.12.1/lib/python3.12/site-packages/airflow/example_dags/tutorial.py for tasks to queue
[2026-04-26T07:42:43.003+0000] {logging_mixin.py:188} INFO - [2026-04-26T07:42:43.003+0000] {dagbag.py:540} INFO - Filling up the DagBag from /usr/local/python/3.12.1/lib/python3.12/site-packages/airflow/example_dags/tutorial.py
[2026-04-26T07:42:43.009+0000] {processor.py:840} INFO - DAG(s) 'tutorial' retrieved from /usr/local/python/3.12.1/lib/python3.12/site-packages/airflow/example_dags/tutorial.py
[2026-04-26T07:42:43.022+0000] {logging_mixin.py:188} INFO - [2026-04-26T07:42:43.022+0000] {dag.py:3096} INFO - Sync 1 DAGs
[2026-04-26T07:42:43.038+0000] {logging_mixin.py:188} INFO - [2026-04-26T07:42:43.037+0000] {dag.py:3954} INFO - Setting next_dagrun for tutorial to 2026-04-25 00:00:00+00:00, run_after=2026-04-26 00:00:00+00:00
[2026-04-26T07:42:43.073+0000] {processor.py:183} INFO - Processing /usr/local/python/3.12.1/lib/python3.12/site-packages/airflow/example_dags/tutorial.py took 0.076 seconds
[2026-04-26T07:42:52.564+0000] {processor.py:161} INFO - Started process (PID=40383) to work on /usr/local/python/3.12.1/lib/python3.12/site-packages/airflow/example_dags/tutorial.py
[2026-04-26T07:42:52.565+0000] {processor.py:830} INFO - Processing file /usr/local/python/3.12.1/lib/python3.12/site-packages/airflow/example_dags/tutorial.py for tasks to queue
[2026-04-26T07:42:52.565+0000] {logging_mixin.py:188} INFO - [2026-04-26T07:42:52.565+0000] {dagbag.py:540} INFO - Filling up the DagBag from /usr/local/python/3.12.1/lib/python3.12/site-packages/airflow/example_dags/tutorial.py
[2026-04-26T07:42:52.572+0000] {processor.py:840} INFO - DAG(s) 'tutorial' retrieved from /usr/local/python/3.12.1/lib/python3.12/site-packages/airflow/example_dags/tutorial.py
[2026-04-26T07:42:52.586+0000] {logging_mixin.py:188} INFO - [2026-04-26T07:42:52.586+0000] {dag.py:3096} INFO - Sync 1 DAGs
[2026-04-26T07:42:52.607+0000] {logging_mixin.py:188} INFO - [2026-04-26T07:42:52.606+0000] {dag.py:3954} INFO - Setting next_dagrun for tutorial to 2026-04-25 00:00:00+00:00, run_after=2026-04-26 00:00:00+00:00
[2026-04-26T07:42:52.624+0000] {processor.py:183} INFO - Processing /usr/local/python/3.12.1/lib/python3.12/site-packages/airflow/example_dags/tutorial.py took 0.065 seconds
[2026-04-26T07:43:15.986+0000] {processor.py:161} INFO - Started process (PID=40595) to work on /usr/local/python/3.12.1/lib/python3.12/site-packages/airflow/example_dags/tutorial.py
[2026-04-26T07:43:15.987+0000] {processor.py:830} INFO - Processing file /usr/local/python/3.12.1/lib/python3.12/site-packages/airflow/example_dags/tutorial.py for tasks to queue
[2026-04-26T07:43:15.987+0000] {logging_mixin.py:188} INFO - [2026-04-26T07:43:15.987+0000] {dagbag.py:540} INFO - Filling up the DagBag from /usr/local/python/3.12.1/lib/python3.12/site-packages/airflow/example_dags/tutorial.py
[2026-04-26T07:43:15.992+0000] {processor.py:840} INFO - DAG(s) 'tutorial' retrieved from /usr/local/python/3.12.1/lib/python3.12/site-packages/airflow/example_dags/tutorial.py
[2026-04-26T07:43:16.004+0000] {logging_mixin.py:188} INFO - [2026-04-26T07:43:16.003+0000] {dag.py:3096} INFO - Sync 1 DAGs
[2026-04-26T07:43:16.019+0000] {logging_mixin.py:188} INFO - [2026-04-26T07:43:16.019+0000] {dag.py:3954} INFO - Setting next_dagrun for tutorial to 2026-04-25 00:00:00+00:00, run_after=2026-04-26 00:00:00+00:00
[2026-04-26T07:43:16.035+0000] {processor.py:183} INFO - Processing /usr/local/python/3.12.1/lib/python3.12/site-packages/airflow/example_dags/tutorial.py took 0.053 seconds
[2026-04-26T07:43:22.871+0000] {processor.py:161} INFO - Started process (PID=40657) to work on /usr/local/python/3.12.1/lib/python3.12/site-packages/airflow/example_dags/tutorial.py
[2026-04-26T07:43:22.872+0000] {processor.py:830} INFO - Processing file /usr/local/python/3.12.1/lib/python3.12/site-packages/airflow/example_dags/tutorial.py for tasks to queue
[2026-04-26T07:43:22.873+0000] {logging_mixin.py:188} INFO - [2026-04-26T07:43:22.872+0000] {dagbag.py:540} INFO - Filling up the DagBag from /usr/local/python/3.12.1/lib/python3.12/site-packages/airflow/example_dags/tutorial.py
[2026-04-26T07:43:22.879+0000] {processor.py:840} INFO - DAG(s) 'tutorial' retrieved from /usr/local/python/3.12.1/lib/python3.12/site-packages/airflow/example_dags/tutorial.py
[2026-04-26T07:43:22.894+0000] {logging_mixin.py:188} INFO - [2026-04-26T07:43:22.894+0000] {dag.py:3096} INFO - Sync 1 DAGs
[2026-04-26T07:43:22.917+0000] {logging_mixin.py:188} INFO - [2026-04-26T07:43:22.917+0000] {dag.py:3954} INFO - Setting next_dagrun for tutorial to 2026-04-25 00:00:00+00:00, run_after=2026-04-26 00:00:00+00:00
[2026-04-26T07:43:22.965+0000] {processor.py:183} INFO - Processing /usr/local/python/3.12.1/lib/python3.12/site-packages/airflow/example_dags/tutorial.py took 0.100 seconds
[2026-04-26T07:43:36.800+0000] {processor.py:161} INFO - Started process (PID=41326) to work on /usr/local/python/3.12.1/lib/python3.12/site-packages/airflow/example_dags/tutorial.py
[2026-04-26T07:43:36.802+0000] {processor.py:830} INFO - Processing file /usr/local/python/3.12.1/lib/python3.12/site-packages/airflow/example_dags/tutorial.py for tasks to queue
[2026-04-26T07:43:36.806+0000] {logging_mixin.py:188} INFO - [2026-04-26T07:43:36.805+0000] {dagbag.py:540} INFO - Filling up the DagBag from /usr/local/python/3.12.1/lib/python3.12/site-packages/airflow/example_dags/tutorial.py
[2026-04-26T07:43:36.851+0000] {processor.py:840} INFO - DAG(s) 'tutorial' retrieved from /usr/local/python/3.12.1/lib/python3.12/site-packages/airflow/example_dags/tutorial.py
[2026-04-26T07:43:36.941+0000] {logging_mixin.py:188} INFO - [2026-04-26T07:43:36.939+0000] {dag.py:3096} INFO - Sync 1 DAGs
[2026-04-26T07:43:37.088+0000] {logging_mixin.py:188} INFO - [2026-04-26T07:43:37.088+0000] {dag.py:3954} INFO - Setting next_dagrun for tutorial to 2026-04-25 00:00:00+00:00, run_after=2026-04-26 00:00:00+00:00
[2026-04-26T07:43:37.187+0000] {processor.py:183} INFO - Processing /usr/local/python/3.12.1/lib/python3.12/site-packages/airflow/example_dags/tutorial.py took 0.403 seconds
[2026-04-26T07:44:43.107+0000] {processor.py:161} INFO - Started process (PID=43713) to work on /usr/local/python/3.12.1/lib/python3.12/site-packages/airflow/example_dags/tutorial.py
[2026-04-26T07:44:43.114+0000] {processor.py:830} INFO - Processing file /usr/local/python/3.12.1/lib/python3.12/site-packages/airflow/example_dags/tutorial.py for tasks to queue
[2026-04-26T07:44:43.115+0000] {logging_mixin.py:188} INFO - [2026-04-26T07:44:43.114+0000] {dagbag.py:540} INFO - Filling up the DagBag from /usr/local/python/3.12.1/lib/python3.12/site-packages/airflow/example_dags/tutorial.py
[2026-04-26T07:44:43.135+0000] {processor.py:840} INFO - DAG(s) 'tutorial' retrieved from /usr/local/python/3.12.1/lib/python3.12/site-packages/airflow/example_dags/tutorial.py
[2026-04-26T07:44:43.190+0000] {logging_mixin.py:188} INFO - [2026-04-26T07:44:43.189+0000] {dag.py:3096} INFO - Sync 1 DAGs
[2026-04-26T07:44:43.256+0000] {logging_mixin.py:188} INFO - [2026-04-26T07:44:43.256+0000] {dag.py:3954} INFO - Setting next_dagrun for tutorial to 2026-04-25 00:00:00+00:00, run_after=2026-04-26 00:00:00+00:00
[2026-04-26T07:44:43.291+0000] {processor.py:183} INFO - Processing /usr/local/python/3.12.1/lib/python3.12/site-packages/airflow/example_dags/tutorial.py took 0.204 seconds
[2026-04-26T07:44:48.102+0000] {processor.py:161} INFO - Started process (PID=43800) to work on /usr/local/python/3.12.1/lib/python3.12/site-packages/airflow/example_dags/tutorial.py
[2026-04-26T07:44:48.103+0000] {processor.py:830} INFO - Processing file /usr/local/python/3.12.1/lib/python3.12/site-packages/airflow/example_dags/tutorial.py for tasks to queue
[2026-04-26T07:44:48.108+0000] {logging_mixin.py:188} INFO - [2026-04-26T07:44:48.103+0000] {dagbag.py:540} INFO - Filling up the DagBag from /usr/local/python/3.12.1/lib/python3.12/site-packages/airflow/example_dags/tutorial.py
[2026-04-26T07:44:48.122+0000] {processor.py:840} INFO - DAG(s) 'tutorial' retrieved from /usr/local/python/3.12.1/lib/python3.12/site-packages/airflow/example_dags/tutorial.py
[2026-04-26T07:44:48.144+0000] {logging_mixin.py:188} INFO - [2026-04-26T07:44:48.143+0000] {dag.py:3096} INFO - Sync 1 DAGs
[2026-04-26T07:44:48.166+0000] {logging_mixin.py:188} INFO - [2026-04-26T07:44:48.166+0000] {dag.py:3954} INFO - Setting next_dagrun for tutorial to 2026-04-25 00:00:00+00:00, run_after=2026-04-26 00:00:00+00:00
[2026-04-26T07:44:48.211+0000] {processor.py:183} INFO - Processing /usr/local/python/3.12.1/lib/python3.12/site-packages/airflow/example_dags/tutorial.py took 0.137 seconds
[2026-04-26T07:45:00.189+0000] {processor.py:161} INFO - Started process (PID=43968) to work on /usr/local/python/3.12.1/lib/python3.12/site-packages/airflow/example_dags/tutorial.py
[2026-04-26T07:45:00.190+0000] {processor.py:830} INFO - Processing file /usr/local/python/3.12.1/lib/python3.12/site-packages/airflow/example_dags/tutorial.py for tasks to queue
[2026-04-26T07:45:00.191+0000] {logging_mixin.py:188} INFO - [2026-04-26T07:45:00.190+0000] {dagbag.py:540} INFO - Filling up the DagBag from /usr/local/python/3.12.1/lib/python3.12/site-packages/airflow/example_dags/tutorial.py
[2026-04-26T07:45:00.196+0000] {processor.py:840} INFO - DAG(s) 'tutorial' retrieved from /usr/local/python/3.12.1/lib/python3.12/site-packages/airflow/example_dags/tutorial.py
[2026-04-26T07:45:00.208+0000] {logging_mixin.py:188} INFO - [2026-04-26T07:45:00.207+0000] {dag.py:3096} INFO - Sync 1 DAGs
[2026-04-26T07:45:00.223+0000] {logging_mixin.py:188} INFO - [2026-04-26T07:45:00.222+0000] {dag.py:3954} INFO - Setting next_dagrun for tutorial to 2026-04-25 00:00:00+00:00, run_after=2026-04-26 00:00:00+00:00
[2026-04-26T07:45:00.240+0000] {processor.py:183} INFO - Processing /usr/local/python/3.12.1/lib/python3.12/site-packages/airflow/example_dags/tutorial.py took 0.057 seconds
[2026-04-26T07:45:28.926+0000] {processor.py:161} INFO - Started process (PID=44502) to work on /usr/local/python/3.12.1/lib/python3.12/site-packages/airflow/example_dags/tutorial.py
[2026-04-26T07:45:28.927+0000] {processor.py:830} INFO - Processing file /usr/local/python/3.12.1/lib/python3.12/site-packages/airflow/example_dags/tutorial.py for tasks to queue
[2026-04-26T07:45:28.927+0000] {logging_mixin.py:188} INFO - [2026-04-26T07:45:28.927+0000] {dagbag.py:540} INFO - Filling up the DagBag from /usr/local/python/3.12.1/lib/python3.12/site-packages/airflow/example_dags/tutorial.py
[2026-04-26T07:45:28.933+0000] {processor.py:840} INFO - DAG(s) 'tutorial' retrieved from /usr/local/python/3.12.1/lib/python3.12/site-packages/airflow/example_dags/tutorial.py
[2026-04-26T07:45:28.947+0000] {logging_mixin.py:188} INFO - [2026-04-26T07:45:28.947+0000] {dag.py:3096} INFO - Sync 1 DAGs
[2026-04-26T07:45:28.965+0000] {logging_mixin.py:188} INFO - [2026-04-26T07:45:28.965+0000] {dag.py:3954} INFO - Setting next_dagrun for tutorial to 2026-04-25 00:00:00+00:00, run_after=2026-04-26 00:00:00+00:00
[2026-04-26T07:45:28.988+0000] {processor.py:183} INFO - Processing /usr/local/python/3.12.1/lib/python3.12/site-packages/airflow/example_dags/tutorial.py took 0.066 seconds
[2026-04-26T07:45:37.171+0000] {processor.py:161} INFO - Started process (PID=44540) to work on /usr/local/python/3.12.1/lib/python3.12/site-packages/airflow/example_dags/tutorial.py
[2026-04-26T07:45:37.171+0000] {processor.py:830} INFO - Processing file /usr/local/python/3.12.1/lib/python3.12/site-packages/airflow/example_dags/tutorial.py for tasks to queue
[2026-04-26T07:45:37.173+0000] {logging_mixin.py:188} INFO - [2026-04-26T07:45:37.172+0000] {dagbag.py:540} INFO - Filling up the DagBag from /usr/local/python/3.12.1/lib/python3.12/site-packages/airflow/example_dags/tutorial.py
[2026-04-26T07:45:37.179+0000] {processor.py:840} INFO - DAG(s) 'tutorial' retrieved from /usr/local/python/3.12.1/lib/python3.12/site-packages/airflow/example_dags/tutorial.py
[2026-04-26T07:45:37.191+0000] {logging_mixin.py:188} INFO - [2026-04-26T07:45:37.190+0000] {dag.py:3096} INFO - Sync 1 DAGs
[2026-04-26T07:45:37.205+0000] {logging_mixin.py:188} INFO - [2026-04-26T07:45:37.205+0000] {dag.py:3954} INFO - Setting next_dagrun for tutorial to 2026-04-25 00:00:00+00:00, run_after=2026-04-26 00:00:00+00:00
[2026-04-26T07:45:37.221+0000] {processor.py:183} INFO - Processing /usr/local/python/3.12.1/lib/python3.12/site-packages/airflow/example_dags/tutorial.py took 0.057 seconds
[2026-04-26T07:45:53.659+0000] {processor.py:161} INFO - Started process (PID=44763) to work on /usr/local/python/3.12.1/lib/python3.12/site-packages/airflow/example_dags/tutorial.py
[2026-04-26T07:45:53.661+0000] {processor.py:830} INFO - Processing file /usr/local/python/3.12.1/lib/python3.12/site-packages/airflow/example_dags/tutorial.py for tasks to queue
[2026-04-26T07:45:53.663+0000] {logging_mixin.py:188} INFO - [2026-04-26T07:45:53.662+0000] {dagbag.py:540} INFO - Filling up the DagBag from /usr/local/python/3.12.1/lib/python3.12/site-packages/airflow/example_dags/tutorial.py
[2026-04-26T07:45:53.682+0000] {processor.py:840} INFO - DAG(s) 'tutorial' retrieved from /usr/local/python/3.12.1/lib/python3.12/site-packages/airflow/example_dags/tutorial.py
[2026-04-26T07:45:53.742+0000] {logging_mixin.py:188} INFO - [2026-04-26T07:45:53.740+0000] {dag.py:3096} INFO - Sync 1 DAGs
[2026-04-26T07:45:53.827+0000] {logging_mixin.py:188} INFO - [2026-04-26T07:45:53.827+0000] {dag.py:3954} INFO - Setting next_dagrun for tutorial to 2026-04-25 00:00:00+00:00, run_after=2026-04-26 00:00:00+00:00
[2026-04-26T07:45:53.918+0000] {processor.py:183} INFO - Processing /usr/local/python/3.12.1/lib/python3.12/site-packages/airflow/example_dags/tutorial.py took 0.266 seconds
[2026-04-26T07:46:16.147+0000] {processor.py:161} INFO - Started process (PID=45215) to work on /usr/local/python/3.12.1/lib/python3.12/site-packages/airflow/example_dags/tutorial.py
[2026-04-26T07:46:16.150+0000] {processor.py:830} INFO - Processing file /usr/local/python/3.12.1/lib/python3.12/site-packages/airflow/example_dags/tutorial.py for tasks to queue
[2026-04-26T07:46:16.151+0000] {logging_mixin.py:188} INFO - [2026-04-26T07:46:16.150+0000] {dagbag.py:540} INFO - Filling up the DagBag from /usr/local/python/3.12.1/lib/python3.12/site-packages/airflow/example_dags/tutorial.py
[2026-04-26T07:46:16.158+0000] {processor.py:840} INFO - DAG(s) 'tutorial' retrieved from /usr/local/python/3.12.1/lib/python3.12/site-packages/airflow/example_dags/tutorial.py
[2026-04-26T07:46:16.304+0000] {logging_mixin.py:188} INFO - [2026-04-26T07:46:16.304+0000] {dag.py:3096} INFO - Sync 1 DAGs
[2026-04-26T07:46:16.326+0000] {logging_mixin.py:188} INFO - [2026-04-26T07:46:16.326+0000] {dag.py:3954} INFO - Setting next_dagrun for tutorial to 2026-04-25 00:00:00+00:00, run_after=2026-04-26 00:00:00+00:00
[2026-04-26T07:46:16.349+0000] {processor.py:183} INFO - Processing /usr/local/python/3.12.1/lib/python3.12/site-packages/airflow/example_dags/tutorial.py took 0.214 seconds
[2026-04-26T07:46:30.888+0000] {processor.py:161} INFO - Started process (PID=45343) to work on /usr/local/python/3.12.1/lib/python3.12/site-packages/airflow/example_dags/tutorial.py
[2026-04-26T07:46:30.890+0000] {processor.py:830} INFO - Processing file /usr/local/python/3.12.1/lib/python3.12/site-packages/airflow/example_dags/tutorial.py for tasks to queue
[2026-04-26T07:46:30.891+0000] {logging_mixin.py:188} INFO - [2026-04-26T07:46:30.890+0000] {dagbag.py:540} INFO - Filling up the DagBag from /usr/local/python/3.12.1/lib/python3.12/site-packages/airflow/example_dags/tutorial.py
[2026-04-26T07:46:30.899+0000] {processor.py:840} INFO - DAG(s) 'tutorial' retrieved from /usr/local/python/3.12.1/lib/python3.12/site-packages/airflow/example_dags/tutorial.py
[2026-04-26T07:46:30.907+0000] {logging_mixin.py:188} INFO - [2026-04-26T07:46:30.907+0000] {dag.py:3096} INFO - Sync 1 DAGs
[2026-04-26T07:46:30.934+0000] {logging_mixin.py:188} INFO - [2026-04-26T07:46:30.933+0000] {dag.py:3954} INFO - Setting next_dagrun for tutorial to 2026-04-25 00:00:00+00:00, run_after=2026-04-26 00:00:00+00:00
[2026-04-26T07:46:30.951+0000] {processor.py:183} INFO - Processing /usr/local/python/3.12.1/lib/python3.12/site-packages/airflow/example_dags/tutorial.py took 0.072 seconds
[2026-04-26T07:46:46.101+0000] {processor.py:161} INFO - Started process (PID=45511) to work on /usr/local/python/3.12.1/lib/python3.12/site-packages/airflow/example_dags/tutorial.py
[2026-04-26T07:46:46.102+0000] {processor.py:830} INFO - Processing file /usr/local/python/3.12.1/lib/python3.12/site-packages/airflow/example_dags/tutorial.py for tasks to queue
[2026-04-26T07:46:46.103+0000] {logging_mixin.py:188} INFO - [2026-04-26T07:46:46.102+0000] {dagbag.py:540} INFO - Filling up the DagBag from /usr/local/python/3.12.1/lib/python3.12/site-packages/airflow/example_dags/tutorial.py
[2026-04-26T07:46:46.108+0000] {processor.py:840} INFO - DAG(s) 'tutorial' retrieved from /usr/local/python/3.12.1/lib/python3.12/site-packages/airflow/example_dags/tutorial.py
[2026-04-26T07:46:46.113+0000] {logging_mixin.py:188} INFO - [2026-04-26T07:46:46.113+0000] {dag.py:3096} INFO - Sync 1 DAGs
[2026-04-26T07:46:46.129+0000] {logging_mixin.py:188} INFO - [2026-04-26T07:46:46.129+0000] {dag.py:3954} INFO - Setting next_dagrun for tutorial to 2026-04-25 00:00:00+00:00, run_after=2026-04-26 00:00:00+00:00
[2026-04-26T07:46:46.146+0000] {processor.py:183} INFO - Processing /usr/local/python/3.12.1/lib/python3.12/site-packages/airflow/example_dags/tutorial.py took 0.054 seconds
[2026-04-26T07:47:03.956+0000] {processor.py:161} INFO - Started process (PID=45784) to work on /usr/local/python/3.12.1/lib/python3.12/site-packages/airflow/example_dags/tutorial.py
[2026-04-26T07:47:03.957+0000] {processor.py:830} INFO - Processing file /usr/local/python/3.12.1/lib/python3.12/site-packages/airflow/example_dags/tutorial.py for tasks to queue
[2026-04-26T07:47:03.958+0000] {logging_mixin.py:188} INFO - [2026-04-26T07:47:03.957+0000] {dagbag.py:540} INFO - Filling up the DagBag from /usr/local/python/3.12.1/lib/python3.12/site-packages/airflow/example_dags/tutorial.py
[2026-04-26T07:47:03.964+0000] {processor.py:840} INFO - DAG(s) 'tutorial' retrieved from /usr/local/python/3.12.1/lib/python3.12/site-packages/airflow/example_dags/tutorial.py
[2026-04-26T07:47:03.978+0000] {logging_mixin.py:188} INFO - [2026-04-26T07:47:03.978+0000] {dag.py:3096} INFO - Sync 1 DAGs
[2026-04-26T07:47:04.000+0000] {logging_mixin.py:188} INFO - [2026-04-26T07:47:04.000+0000] {dag.py:3954} INFO - Setting next_dagrun for tutorial to 2026-04-25 00:00:00+00:00, run_after=2026-04-26 00:00:00+00:00
[2026-04-26T07:47:04.017+0000] {processor.py:183} INFO - Processing /usr/local/python/3.12.1/lib/python3.12/site-packages/airflow/example_dags/tutorial.py took 0.066 seconds
[2026-04-26T07:47:17.945+0000] {processor.py:161} INFO - Started process (PID=45882) to work on /usr/local/python/3.12.1/lib/python3.12/site-packages/airflow/example_dags/tutorial.py
[2026-04-26T07:47:17.946+0000] {processor.py:830} INFO - Processing file /usr/local/python/3.12.1/lib/python3.12/site-packages/airflow/example_dags/tutorial.py for tasks to queue
[2026-04-26T07:47:17.947+0000] {logging_mixin.py:188} INFO - [2026-04-26T07:47:17.946+0000] {dagbag.py:540} INFO - Filling up the DagBag from /usr/local/python/3.12.1/lib/python3.12/site-packages/airflow/example_dags/tutorial.py
[2026-04-26T07:47:17.952+0000] {processor.py:840} INFO - DAG(s) 'tutorial' retrieved from /usr/local/python/3.12.1/lib/python3.12/site-packages/airflow/example_dags/tutorial.py
[2026-04-26T07:47:17.967+0000] {logging_mixin.py:188} INFO - [2026-04-26T07:47:17.967+0000] {dag.py:3096} INFO - Sync 1 DAGs
[2026-04-26T07:47:17.984+0000] {logging_mixin.py:188} INFO - [2026-04-26T07:47:17.984+0000] {dag.py:3954} INFO - Setting next_dagrun for tutorial to 2026-04-25 00:00:00+00:00, run_after=2026-04-26 00:00:00+00:00
[2026-04-26T07:47:18.001+0000] {processor.py:183} INFO - Processing /usr/local/python/3.12.1/lib/python3.12/site-packages/airflow/example_dags/tutorial.py took 0.061 seconds
[2026-04-26T07:47:30.816+0000] {processor.py:161} INFO - Started process (PID=46072) to work on /usr/local/python/3.12.1/lib/python3.12/site-packages/airflow/example_dags/tutorial.py
[2026-04-26T07:47:30.817+0000] {processor.py:830} INFO - Processing file /usr/local/python/3.12.1/lib/python3.12/site-packages/airflow/example_dags/tutorial.py for tasks to queue
[2026-04-26T07:47:30.826+0000] {logging_mixin.py:188} INFO - [2026-04-26T07:47:30.825+0000] {dagbag.py:540} INFO - Filling up the DagBag from /usr/local/python/3.12.1/lib/python3.12/site-packages/airflow/example_dags/tutorial.py
[2026-04-26T07:47:30.846+0000] {processor.py:840} INFO - DAG(s) 'tutorial' retrieved from /usr/local/python/3.12.1/lib/python3.12/site-packages/airflow/example_dags/tutorial.py
[2026-04-26T07:47:30.871+0000] {logging_mixin.py:188} INFO - [2026-04-26T07:47:30.870+0000] {dag.py:3096} INFO - Sync 1 DAGs
[2026-04-26T07:47:30.918+0000] {logging_mixin.py:188} INFO - [2026-04-26T07:47:30.918+0000] {dag.py:3954} INFO - Setting next_dagrun for tutorial to 2026-04-25 00:00:00+00:00, run_after=2026-04-26 00:00:00+00:00
[2026-04-26T07:47:30.935+0000] {processor.py:183} INFO - Processing /usr/local/python/3.12.1/lib/python3.12/site-packages/airflow/example_dags/tutorial.py took 0.133 seconds
[2026-04-26T07:47:45.237+0000] {processor.py:161} INFO - Started process (PID=46246) to work on /usr/local/python/3.12.1/lib/python3.12/site-packages/airflow/example_dags/tutorial.py
[2026-04-26T07:47:45.238+0000] {processor.py:830} INFO - Processing file /usr/local/python/3.12.1/lib/python3.12/site-packages/airflow/example_dags/tutorial.py for tasks to queue
[2026-04-26T07:47:45.238+0000] {logging_mixin.py:188} INFO - [2026-04-26T07:47:45.238+0000] {dagbag.py:540} INFO - Filling up the DagBag from /usr/local/python/3.12.1/lib/python3.12/site-packages/airflow/example_dags/tutorial.py
[2026-04-26T07:47:45.244+0000] {processor.py:840} INFO - DAG(s) 'tutorial' retrieved from /usr/local/python/3.12.1/lib/python3.12/site-packages/airflow/example_dags/tutorial.py
[2026-04-26T07:47:45.257+0000] {logging_mixin.py:188} INFO - [2026-04-26T07:47:45.256+0000] {dag.py:3096} INFO - Sync 1 DAGs
[2026-04-26T07:47:45.282+0000] {logging_mixin.py:188} INFO - [2026-04-26T07:47:45.281+0000] {dag.py:3954} INFO - Setting next_dagrun for tutorial to 2026-04-25 00:00:00+00:00, run_after=2026-04-26 00:00:00+00:00
[2026-04-26T07:47:45.308+0000] {processor.py:183} INFO - Processing /usr/local/python/3.12.1/lib/python3.12/site-packages/airflow/example_dags/tutorial.py took 0.076 seconds
[2026-04-26T07:48:03.513+0000] {processor.py:161} INFO - Started process (PID=46475) to work on /usr/local/python/3.12.1/lib/python3.12/site-packages/airflow/example_dags/tutorial.py
[2026-04-26T07:48:03.514+0000] {processor.py:830} INFO - Processing file /usr/local/python/3.12.1/lib/python3.12/site-packages/airflow/example_dags/tutorial.py for tasks to queue
[2026-04-26T07:48:03.515+0000] {logging_mixin.py:188} INFO - [2026-04-26T07:48:03.515+0000] {dagbag.py:540} INFO - Filling up the DagBag from /usr/local/python/3.12.1/lib/python3.12/site-packages/airflow/example_dags/tutorial.py
[2026-04-26T07:48:03.521+0000] {processor.py:840} INFO - DAG(s) 'tutorial' retrieved from /usr/local/python/3.12.1/lib/python3.12/site-packages/airflow/example_dags/tutorial.py
[2026-04-26T07:48:03.535+0000] {logging_mixin.py:188} INFO - [2026-04-26T07:48:03.535+0000] {dag.py:3096} INFO - Sync 1 DAGs
[2026-04-26T07:48:03.559+0000] {logging_mixin.py:188} INFO - [2026-04-26T07:48:03.557+0000] {dag.py:3954} INFO - Setting next_dagrun for tutorial to 2026-04-25 00:00:00+00:00, run_after=2026-04-26 00:00:00+00:00
[2026-04-26T07:48:03.582+0000] {processor.py:183} INFO - Processing /usr/local/python/3.12.1/lib/python3.12/site-packages/airflow/example_dags/tutorial.py took 0.074 seconds
[2026-04-26T07:48:18.965+0000] {processor.py:161} INFO - Started process (PID=46592) to work on /usr/local/python/3.12.1/lib/python3.12/site-packages/airflow/example_dags/tutorial.py
[2026-04-26T07:48:18.965+0000] {processor.py:830} INFO - Processing file /usr/local/python/3.12.1/lib/python3.12/site-packages/airflow/example_dags/tutorial.py for tasks to queue
[2026-04-26T07:48:18.966+0000] {logging_mixin.py:188} INFO - [2026-04-26T07:48:18.966+0000] {dagbag.py:540} INFO - Filling up the DagBag from /usr/local/python/3.12.1/lib/python3.12/site-packages/airflow/example_dags/tutorial.py
[2026-04-26T07:48:18.975+0000] {processor.py:840} INFO - DAG(s) 'tutorial' retrieved from /usr/local/python/3.12.1/lib/python3.12/site-packages/airflow/example_dags/tutorial.py
[2026-04-26T07:48:18.993+0000] {logging_mixin.py:188} INFO - [2026-04-26T07:48:18.993+0000] {dag.py:3096} INFO - Sync 1 DAGs
[2026-04-26T07:48:19.025+0000] {logging_mixin.py:188} INFO - [2026-04-26T07:48:19.025+0000] {dag.py:3954} INFO - Setting next_dagrun for tutorial to 2026-04-25 00:00:00+00:00, run_after=2026-04-26 00:00:00+00:00
[2026-04-26T07:48:19.051+0000] {processor.py:183} INFO - Processing /usr/local/python/3.12.1/lib/python3.12/site-packages/airflow/example_dags/tutorial.py took 0.092 seconds
[2026-04-26T07:48:29.419+0000] {processor.py:161} INFO - Started process (PID=46684) to work on /usr/local/python/3.12.1/lib/python3.12/site-packages/airflow/example_dags/tutorial.py
[2026-04-26T07:48:29.422+0000] {processor.py:830} INFO - Processing file /usr/local/python/3.12.1/lib/python3.12/site-packages/airflow/example_dags/tutorial.py for tasks to queue
[2026-04-26T07:48:29.426+0000] {logging_mixin.py:188} INFO - [2026-04-26T07:48:29.423+0000] {dagbag.py:540} INFO - Filling up the DagBag from /usr/local/python/3.12.1/lib/python3.12/site-packages/airflow/example_dags/tutorial.py
[2026-04-26T07:48:29.446+0000] {processor.py:840} INFO - DAG(s) 'tutorial' retrieved from /usr/local/python/3.12.1/lib/python3.12/site-packages/airflow/example_dags/tutorial.py
[2026-04-26T07:48:29.470+0000] {logging_mixin.py:188} INFO - [2026-04-26T07:48:29.470+0000] {dag.py:3096} INFO - Sync 1 DAGs
[2026-04-26T07:48:29.523+0000] {logging_mixin.py:188} INFO - [2026-04-26T07:48:29.522+0000] {dag.py:3954} INFO - Setting next_dagrun for tutorial to 2026-04-25 00:00:00+00:00, run_after=2026-04-26 00:00:00+00:00
[2026-04-26T07:48:29.559+0000] {processor.py:183} INFO - Processing /usr/local/python/3.12.1/lib/python3.12/site-packages/airflow/example_dags/tutorial.py took 0.165 seconds
[2026-04-26T07:48:43.820+0000] {processor.py:161} INFO - Started process (PID=46819) to work on /usr/local/python/3.12.1/lib/python3.12/site-packages/airflow/example_dags/tutorial.py
[2026-04-26T07:48:43.821+0000] {processor.py:830} INFO - Processing file /usr/local/python/3.12.1/lib/python3.12/site-packages/airflow/example_dags/tutorial.py for tasks to queue
[2026-04-26T07:48:43.821+0000] {logging_mixin.py:188} INFO - [2026-04-26T07:48:43.821+0000] {dagbag.py:540} INFO - Filling up the DagBag from /usr/local/python/3.12.1/lib/python3.12/site-packages/airflow/example_dags/tutorial.py
[2026-04-26T07:48:43.826+0000] {processor.py:840} INFO - DAG(s) 'tutorial' retrieved from /usr/local/python/3.12.1/lib/python3.12/site-packages/airflow/example_dags/tutorial.py
[2026-04-26T07:48:43.841+0000] {logging_mixin.py:188} INFO - [2026-04-26T07:48:43.841+0000] {dag.py:3096} INFO - Sync 1 DAGs
[2026-04-26T07:48:43.859+0000] {logging_mixin.py:188} INFO - [2026-04-26T07:48:43.859+0000] {dag.py:3954} INFO - Setting next_dagrun for tutorial to 2026-04-25 00:00:00+00:00, run_after=2026-04-26 00:00:00+00:00
[2026-04-26T07:48:43.881+0000] {processor.py:183} INFO - Processing /usr/local/python/3.12.1/lib/python3.12/site-packages/airflow/example_dags/tutorial.py took 0.066 seconds
[2026-04-26T07:49:01.667+0000] {processor.py:161} INFO - Started process (PID=47016) to work on /usr/local/python/3.12.1/lib/python3.12/site-packages/airflow/example_dags/tutorial.py
[2026-04-26T07:49:01.668+0000] {processor.py:830} INFO - Processing file /usr/local/python/3.12.1/lib/python3.12/site-packages/airflow/example_dags/tutorial.py for tasks to queue
[2026-04-26T07:49:01.669+0000] {logging_mixin.py:188} INFO - [2026-04-26T07:49:01.669+0000] {dagbag.py:540} INFO - Filling up the DagBag from /usr/local/python/3.12.1/lib/python3.12/site-packages/airflow/example_dags/tutorial.py
[2026-04-26T07:49:01.676+0000] {processor.py:840} INFO - DAG(s) 'tutorial' retrieved from /usr/local/python/3.12.1/lib/python3.12/site-packages/airflow/example_dags/tutorial.py
[2026-04-26T07:49:01.688+0000] {logging_mixin.py:188} INFO - [2026-04-26T07:49:01.687+0000] {dag.py:3096} INFO - Sync 1 DAGs
[2026-04-26T07:49:01.702+0000] {logging_mixin.py:188} INFO - [2026-04-26T07:49:01.702+0000] {dag.py:3954} INFO - Setting next_dagrun for tutorial to 2026-04-25 00:00:00+00:00, run_after=2026-04-26 00:00:00+00:00
[2026-04-26T07:49:01.718+0000] {processor.py:183} INFO - Processing /usr/local/python/3.12.1/lib/python3.12/site-packages/airflow/example_dags/tutorial.py took 0.057 seconds
[2026-04-26T07:49:17.531+0000] {processor.py:161} INFO - Started process (PID=47166) to work on /usr/local/python/3.12.1/lib/python3.12/site-packages/airflow/example_dags/tutorial.py
[2026-04-26T07:49:17.531+0000] {processor.py:830} INFO - Processing file /usr/local/python/3.12.1/lib/python3.12/site-packages/airflow/example_dags/tutorial.py for tasks to queue
[2026-04-26T07:49:17.532+0000] {logging_mixin.py:188} INFO - [2026-04-26T07:49:17.532+0000] {dagbag.py:540} INFO - Filling up the DagBag from /usr/local/python/3.12.1/lib/python3.12/site-packages/airflow/example_dags/tutorial.py
[2026-04-26T07:49:17.537+0000] {processor.py:840} INFO - DAG(s) 'tutorial' retrieved from /usr/local/python/3.12.1/lib/python3.12/site-packages/airflow/example_dags/tutorial.py
[2026-04-26T07:49:17.548+0000] {logging_mixin.py:188} INFO - [2026-04-26T07:49:17.548+0000] {dag.py:3096} INFO - Sync 1 DAGs
[2026-04-26T07:49:17.564+0000] {logging_mixin.py:188} INFO - [2026-04-26T07:49:17.564+0000] {dag.py:3954} INFO - Setting next_dagrun for tutorial to 2026-04-25 00:00:00+00:00, run_after=2026-04-26 00:00:00+00:00
[2026-04-26T07:49:17.580+0000] {processor.py:183} INFO - Processing /usr/local/python/3.12.1/lib/python3.12/site-packages/airflow/example_dags/tutorial.py took 0.054 seconds
[2026-04-26T07:49:22.876+0000] {processor.py:161} INFO - Started process (PID=47207) to work on /usr/local/python/3.12.1/lib/python3.12/site-packages/airflow/example_dags/tutorial.py
[2026-04-26T07:49:22.879+0000] {processor.py:830} INFO - Processing file /usr/local/python/3.12.1/lib/python3.12/site-packages/airflow/example_dags/tutorial.py for tasks to queue
[2026-04-26T07:49:22.882+0000] {logging_mixin.py:188} INFO - [2026-04-26T07:49:22.881+0000] {dagbag.py:540} INFO - Filling up the DagBag from /usr/local/python/3.12.1/lib/python3.12/site-packages/airflow/example_dags/tutorial.py
[2026-04-26T07:49:22.910+0000] {processor.py:840} INFO - DAG(s) 'tutorial' retrieved from /usr/local/python/3.12.1/lib/python3.12/site-packages/airflow/example_dags/tutorial.py
[2026-04-26T07:49:22.977+0000] {logging_mixin.py:188} INFO - [2026-04-26T07:49:22.977+0000] {dag.py:3096} INFO - Sync 1 DAGs
[2026-04-26T07:49:23.003+0000] {logging_mixin.py:188} INFO - [2026-04-26T07:49:23.003+0000] {dag.py:3954} INFO - Setting next_dagrun for tutorial to 2026-04-25 00:00:00+00:00, run_after=2026-04-26 00:00:00+00:00
[2026-04-26T07:49:23.024+0000] {processor.py:183} INFO - Processing /usr/local/python/3.12.1/lib/python3.12/site-packages/airflow/example_dags/tutorial.py took 0.165 seconds
[2026-04-26T07:49:45.407+0000] {processor.py:161} INFO - Started process (PID=47471) to work on /usr/local/python/3.12.1/lib/python3.12/site-packages/airflow/example_dags/tutorial.py
[2026-04-26T07:49:45.408+0000] {processor.py:830} INFO - Processing file /usr/local/python/3.12.1/lib/python3.12/site-packages/airflow/example_dags/tutorial.py for tasks to queue
[2026-04-26T07:49:45.409+0000] {logging_mixin.py:188} INFO - [2026-04-26T07:49:45.408+0000] {dagbag.py:540} INFO - Filling up the DagBag from /usr/local/python/3.12.1/lib/python3.12/site-packages/airflow/example_dags/tutorial.py
[2026-04-26T07:49:45.416+0000] {processor.py:840} INFO - DAG(s) 'tutorial' retrieved from /usr/local/python/3.12.1/lib/python3.12/site-packages/airflow/example_dags/tutorial.py
[2026-04-26T07:49:45.432+0000] {logging_mixin.py:188} INFO - [2026-04-26T07:49:45.432+0000] {dag.py:3096} INFO - Sync 1 DAGs
[2026-04-26T07:49:45.447+0000] {logging_mixin.py:188} INFO - [2026-04-26T07:49:45.447+0000] {dag.py:3954} INFO - Setting next_dagrun for tutorial to 2026-04-25 00:00:00+00:00, run_after=2026-04-26 00:00:00+00:00
[2026-04-26T07:49:45.466+0000] {processor.py:183} INFO - Processing /usr/local/python/3.12.1/lib/python3.12/site-packages/airflow/example_dags/tutorial.py took 0.066 seconds
[2026-04-26T07:49:59.569+0000] {processor.py:161} INFO - Started process (PID=47577) to work on /usr/local/python/3.12.1/lib/python3.12/site-packages/airflow/example_dags/tutorial.py
[2026-04-26T07:49:59.570+0000] {processor.py:830} INFO - Processing file /usr/local/python/3.12.1/lib/python3.12/site-packages/airflow/example_dags/tutorial.py for tasks to queue
[2026-04-26T07:49:59.571+0000] {logging_mixin.py:188} INFO - [2026-04-26T07:49:59.571+0000] {dagbag.py:540} INFO - Filling up the DagBag from /usr/local/python/3.12.1/lib/python3.12/site-packages/airflow/example_dags/tutorial.py
[2026-04-26T07:49:59.577+0000] {processor.py:840} INFO - DAG(s) 'tutorial' retrieved from /usr/local/python/3.12.1/lib/python3.12/site-packages/airflow/example_dags/tutorial.py
[2026-04-26T07:49:59.588+0000] {logging_mixin.py:188} INFO - [2026-04-26T07:49:59.588+0000] {dag.py:3096} INFO - Sync 1 DAGs
[2026-04-26T07:49:59.603+0000] {logging_mixin.py:188} INFO - [2026-04-26T07:49:59.603+0000] {dag.py:3954} INFO - Setting next_dagrun for tutorial to 2026-04-25 00:00:00+00:00, run_after=2026-04-26 00:00:00+00:00
[2026-04-26T07:49:59.620+0000] {processor.py:183} INFO - Processing /usr/local/python/3.12.1/lib/python3.12/site-packages/airflow/example_dags/tutorial.py took 0.056 seconds
[2026-04-26T07:50:04.175+0000] {processor.py:161} INFO - Started process (PID=47615) to work on /usr/local/python/3.12.1/lib/python3.12/site-packages/airflow/example_dags/tutorial.py
[2026-04-26T07:50:04.175+0000] {processor.py:830} INFO - Processing file /usr/local/python/3.12.1/lib/python3.12/site-packages/airflow/example_dags/tutorial.py for tasks to queue
[2026-04-26T07:50:04.176+0000] {logging_mixin.py:188} INFO - [2026-04-26T07:50:04.176+0000] {dagbag.py:540} INFO - Filling up the DagBag from /usr/local/python/3.12.1/lib/python3.12/site-packages/airflow/example_dags/tutorial.py
[2026-04-26T07:50:04.181+0000] {processor.py:840} INFO - DAG(s) 'tutorial' retrieved from /usr/local/python/3.12.1/lib/python3.12/site-packages/airflow/example_dags/tutorial.py
[2026-04-26T07:50:04.193+0000] {logging_mixin.py:188} INFO - [2026-04-26T07:50:04.192+0000] {dag.py:3096} INFO - Sync 1 DAGs
[2026-04-26T07:50:04.208+0000] {logging_mixin.py:188} INFO - [2026-04-26T07:50:04.208+0000] {dag.py:3954} INFO - Setting next_dagrun for tutorial to 2026-04-25 00:00:00+00:00, run_after=2026-04-26 00:00:00+00:00
[2026-04-26T07:50:04.225+0000] {processor.py:183} INFO - Processing /usr/local/python/3.12.1/lib/python3.12/site-packages/airflow/example_dags/tutorial.py took 0.056 seconds
[2026-04-26T07:50:28.945+0000] {processor.py:161} INFO - Started process (PID=47898) to work on /usr/local/python/3.12.1/lib/python3.12/site-packages/airflow/example_dags/tutorial.py
[2026-04-26T07:50:28.946+0000] {processor.py:830} INFO - Processing file /usr/local/python/3.12.1/lib/python3.12/site-packages/airflow/example_dags/tutorial.py for tasks to queue
[2026-04-26T07:50:28.946+0000] {logging_mixin.py:188} INFO - [2026-04-26T07:50:28.946+0000] {dagbag.py:540} INFO - Filling up the DagBag from /usr/local/python/3.12.1/lib/python3.12/site-packages/airflow/example_dags/tutorial.py
[2026-04-26T07:50:28.951+0000] {processor.py:840} INFO - DAG(s) 'tutorial' retrieved from /usr/local/python/3.12.1/lib/python3.12/site-packages/airflow/example_dags/tutorial.py
[2026-04-26T07:50:28.965+0000] {logging_mixin.py:188} INFO - [2026-04-26T07:50:28.964+0000] {dag.py:3096} INFO - Sync 1 DAGs
[2026-04-26T07:50:28.989+0000] {logging_mixin.py:188} INFO - [2026-04-26T07:50:28.988+0000] {dag.py:3954} INFO - Setting next_dagrun for tutorial to 2026-04-25 00:00:00+00:00, run_after=2026-04-26 00:00:00+00:00
[2026-04-26T07:50:29.011+0000] {processor.py:183} INFO - Processing /usr/local/python/3.12.1/lib/python3.12/site-packages/airflow/example_dags/tutorial.py took 0.071 seconds
[2026-04-26T07:50:40.530+0000] {processor.py:161} INFO - Started process (PID=48025) to work on /usr/local/python/3.12.1/lib/python3.12/site-packages/airflow/example_dags/tutorial.py
[2026-04-26T07:50:40.531+0000] {processor.py:830} INFO - Processing file /usr/local/python/3.12.1/lib/python3.12/site-packages/airflow/example_dags/tutorial.py for tasks to queue
[2026-04-26T07:50:40.531+0000] {logging_mixin.py:188} INFO - [2026-04-26T07:50:40.531+0000] {dagbag.py:540} INFO - Filling up the DagBag from /usr/local/python/3.12.1/lib/python3.12/site-packages/airflow/example_dags/tutorial.py
[2026-04-26T07:50:40.536+0000] {processor.py:840} INFO - DAG(s) 'tutorial' retrieved from /usr/local/python/3.12.1/lib/python3.12/site-packages/airflow/example_dags/tutorial.py
[2026-04-26T07:50:40.547+0000] {logging_mixin.py:188} INFO - [2026-04-26T07:50:40.547+0000] {dag.py:3096} INFO - Sync 1 DAGs
[2026-04-26T07:50:40.564+0000] {logging_mixin.py:188} INFO - [2026-04-26T07:50:40.564+0000] {dag.py:3954} INFO - Setting next_dagrun for tutorial to 2026-04-25 00:00:00+00:00, run_after=2026-04-26 00:00:00+00:00
[2026-04-26T07:50:40.582+0000] {processor.py:183} INFO - Processing /usr/local/python/3.12.1/lib/python3.12/site-packages/airflow/example_dags/tutorial.py took 0.057 seconds
[2026-04-26T07:50:46.879+0000] {processor.py:161} INFO - Started process (PID=48208) to work on /usr/local/python/3.12.1/lib/python3.12/site-packages/airflow/example_dags/tutorial.py
[2026-04-26T07:50:46.888+0000] {processor.py:830} INFO - Processing file /usr/local/python/3.12.1/lib/python3.12/site-packages/airflow/example_dags/tutorial.py for tasks to queue
[2026-04-26T07:50:46.895+0000] {logging_mixin.py:188} INFO - [2026-04-26T07:50:46.894+0000] {dagbag.py:540} INFO - Filling up the DagBag from /usr/local/python/3.12.1/lib/python3.12/site-packages/airflow/example_dags/tutorial.py
[2026-04-26T07:50:46.970+0000] {processor.py:840} INFO - DAG(s) 'tutorial' retrieved from /usr/local/python/3.12.1/lib/python3.12/site-packages/airflow/example_dags/tutorial.py
[2026-04-26T07:50:47.131+0000] {logging_mixin.py:188} INFO - [2026-04-26T07:50:47.130+0000] {dag.py:3096} INFO - Sync 1 DAGs
[2026-04-26T07:50:47.218+0000] {logging_mixin.py:188} INFO - [2026-04-26T07:50:47.217+0000] {dag.py:3954} INFO - Setting next_dagrun for tutorial to 2026-04-25 00:00:00+00:00, run_after=2026-04-26 00:00:00+00:00
[2026-04-26T07:50:47.309+0000] {processor.py:183} INFO - Processing /usr/local/python/3.12.1/lib/python3.12/site-packages/airflow/example_dags/tutorial.py took 0.517 seconds
[2026-04-26T07:51:14.384+0000] {processor.py:161} INFO - Started process (PID=48561) to work on /usr/local/python/3.12.1/lib/python3.12/site-packages/airflow/example_dags/tutorial.py
[2026-04-26T07:51:14.386+0000] {processor.py:830} INFO - Processing file /usr/local/python/3.12.1/lib/python3.12/site-packages/airflow/example_dags/tutorial.py for tasks to queue
[2026-04-26T07:51:14.387+0000] {logging_mixin.py:188} INFO - [2026-04-26T07:51:14.387+0000] {dagbag.py:540} INFO - Filling up the DagBag from /usr/local/python/3.12.1/lib/python3.12/site-packages/airflow/example_dags/tutorial.py
[2026-04-26T07:51:14.395+0000] {processor.py:840} INFO - DAG(s) 'tutorial' retrieved from /usr/local/python/3.12.1/lib/python3.12/site-packages/airflow/example_dags/tutorial.py
[2026-04-26T07:51:14.411+0000] {logging_mixin.py:188} INFO - [2026-04-26T07:51:14.410+0000] {dag.py:3096} INFO - Sync 1 DAGs
[2026-04-26T07:51:14.426+0000] {logging_mixin.py:188} INFO - [2026-04-26T07:51:14.426+0000] {dag.py:3954} INFO - Setting next_dagrun for tutorial to 2026-04-25 00:00:00+00:00, run_after=2026-04-26 00:00:00+00:00
[2026-04-26T07:51:14.445+0000] {processor.py:183} INFO - Processing /usr/local/python/3.12.1/lib/python3.12/site-packages/airflow/example_dags/tutorial.py took 0.068 seconds
[2026-04-26T07:51:24.236+0000] {processor.py:161} INFO - Started process (PID=48647) to work on /usr/local/python/3.12.1/lib/python3.12/site-packages/airflow/example_dags/tutorial.py
[2026-04-26T07:51:24.237+0000] {processor.py:830} INFO - Processing file /usr/local/python/3.12.1/lib/python3.12/site-packages/airflow/example_dags/tutorial.py for tasks to queue
[2026-04-26T07:51:24.238+0000] {logging_mixin.py:188} INFO - [2026-04-26T07:51:24.238+0000] {dagbag.py:540} INFO - Filling up the DagBag from /usr/local/python/3.12.1/lib/python3.12/site-packages/airflow/example_dags/tutorial.py
[2026-04-26T07:51:24.245+0000] {processor.py:840} INFO - DAG(s) 'tutorial' retrieved from /usr/local/python/3.12.1/lib/python3.12/site-packages/airflow/example_dags/tutorial.py
[2026-04-26T07:51:24.263+0000] {logging_mixin.py:188} INFO - [2026-04-26T07:51:24.263+0000] {dag.py:3096} INFO - Sync 1 DAGs
[2026-04-26T07:51:24.284+0000] {logging_mixin.py:188} INFO - [2026-04-26T07:51:24.284+0000] {dag.py:3954} INFO - Setting next_dagrun for tutorial to 2026-04-25 00:00:00+00:00, run_after=2026-04-26 00:00:00+00:00
[2026-04-26T07:51:24.304+0000] {processor.py:183} INFO - Processing /usr/local/python/3.12.1/lib/python3.12/site-packages/airflow/example_dags/tutorial.py took 0.076 seconds
[2026-04-26T07:51:32.577+0000] {processor.py:161} INFO - Started process (PID=48721) to work on /usr/local/python/3.12.1/lib/python3.12/site-packages/airflow/example_dags/tutorial.py
[2026-04-26T07:51:32.578+0000] {processor.py:830} INFO - Processing file /usr/local/python/3.12.1/lib/python3.12/site-packages/airflow/example_dags/tutorial.py for tasks to queue
[2026-04-26T07:51:32.578+0000] {logging_mixin.py:188} INFO - [2026-04-26T07:51:32.578+0000] {dagbag.py:540} INFO - Filling up the DagBag from /usr/local/python/3.12.1/lib/python3.12/site-packages/airflow/example_dags/tutorial.py
[2026-04-26T07:51:32.583+0000] {processor.py:840} INFO - DAG(s) 'tutorial' retrieved from /usr/local/python/3.12.1/lib/python3.12/site-packages/airflow/example_dags/tutorial.py
[2026-04-26T07:51:32.595+0000] {logging_mixin.py:188} INFO - [2026-04-26T07:51:32.595+0000] {dag.py:3096} INFO - Sync 1 DAGs
[2026-04-26T07:51:32.610+0000] {logging_mixin.py:188} INFO - [2026-04-26T07:51:32.610+0000] {dag.py:3954} INFO - Setting next_dagrun for tutorial to 2026-04-25 00:00:00+00:00, run_after=2026-04-26 00:00:00+00:00
[2026-04-26T07:51:32.631+0000] {processor.py:183} INFO - Processing /usr/local/python/3.12.1/lib/python3.12/site-packages/airflow/example_dags/tutorial.py took 0.059 seconds
[2026-04-26T07:51:57.892+0000] {processor.py:161} INFO - Started process (PID=49098) to work on /usr/local/python/3.12.1/lib/python3.12/site-packages/airflow/example_dags/tutorial.py
[2026-04-26T07:51:57.893+0000] {processor.py:830} INFO - Processing file /usr/local/python/3.12.1/lib/python3.12/site-packages/airflow/example_dags/tutorial.py for tasks to queue
[2026-04-26T07:51:57.894+0000] {logging_mixin.py:188} INFO - [2026-04-26T07:51:57.893+0000] {dagbag.py:540} INFO - Filling up the DagBag from /usr/local/python/3.12.1/lib/python3.12/site-packages/airflow/example_dags/tutorial.py
[2026-04-26T07:51:57.899+0000] {processor.py:840} INFO - DAG(s) 'tutorial' retrieved from /usr/local/python/3.12.1/lib/python3.12/site-packages/airflow/example_dags/tutorial.py
[2026-04-26T07:51:57.910+0000] {logging_mixin.py:188} INFO - [2026-04-26T07:51:57.910+0000] {dag.py:3096} INFO - Sync 1 DAGs
[2026-04-26T07:51:57.925+0000] {logging_mixin.py:188} INFO - [2026-04-26T07:51:57.924+0000] {dag.py:3954} INFO - Setting next_dagrun for tutorial to 2026-04-25 00:00:00+00:00, run_after=2026-04-26 00:00:00+00:00
[2026-04-26T07:51:57.941+0000] {processor.py:183} INFO - Processing /usr/local/python/3.12.1/lib/python3.12/site-packages/airflow/example_dags/tutorial.py took 0.052 seconds
[2026-04-26T07:52:05.329+0000] {processor.py:161} INFO - Started process (PID=49145) to work on /usr/local/python/3.12.1/lib/python3.12/site-packages/airflow/example_dags/tutorial.py
[2026-04-26T07:52:05.330+0000] {processor.py:830} INFO - Processing file /usr/local/python/3.12.1/lib/python3.12/site-packages/airflow/example_dags/tutorial.py for tasks to queue
[2026-04-26T07:52:05.330+0000] {logging_mixin.py:188} INFO - [2026-04-26T07:52:05.330+0000] {dagbag.py:540} INFO - Filling up the DagBag from /usr/local/python/3.12.1/lib/python3.12/site-packages/airflow/example_dags/tutorial.py
[2026-04-26T07:52:05.335+0000] {processor.py:840} INFO - DAG(s) 'tutorial' retrieved from /usr/local/python/3.12.1/lib/python3.12/site-packages/airflow/example_dags/tutorial.py
[2026-04-26T07:52:05.347+0000] {logging_mixin.py:188} INFO - [2026-04-26T07:52:05.346+0000] {dag.py:3096} INFO - Sync 1 DAGs
[2026-04-26T07:52:05.363+0000] {logging_mixin.py:188} INFO - [2026-04-26T07:52:05.363+0000] {dag.py:3954} INFO - Setting next_dagrun for tutorial to 2026-04-25 00:00:00+00:00, run_after=2026-04-26 00:00:00+00:00
[2026-04-26T07:52:05.382+0000] {processor.py:183} INFO - Processing /usr/local/python/3.12.1/lib/python3.12/site-packages/airflow/example_dags/tutorial.py took 0.057 seconds
[2026-04-26T07:52:15.094+0000] {processor.py:161} INFO - Started process (PID=49235) to work on /usr/local/python/3.12.1/lib/python3.12/site-packages/airflow/example_dags/tutorial.py
[2026-04-26T07:52:15.095+0000] {processor.py:830} INFO - Processing file /usr/local/python/3.12.1/lib/python3.12/site-packages/airflow/example_dags/tutorial.py for tasks to queue
[2026-04-26T07:52:15.096+0000] {logging_mixin.py:188} INFO - [2026-04-26T07:52:15.096+0000] {dagbag.py:540} INFO - Filling up the DagBag from /usr/local/python/3.12.1/lib/python3.12/site-packages/airflow/example_dags/tutorial.py
[2026-04-26T07:52:15.102+0000] {processor.py:840} INFO - DAG(s) 'tutorial' retrieved from /usr/local/python/3.12.1/lib/python3.12/site-packages/airflow/example_dags/tutorial.py
[2026-04-26T07:52:15.119+0000] {logging_mixin.py:188} INFO - [2026-04-26T07:52:15.118+0000] {dag.py:3096} INFO - Sync 1 DAGs
[2026-04-26T07:52:15.138+0000] {logging_mixin.py:188} INFO - [2026-04-26T07:52:15.138+0000] {dag.py:3954} INFO - Setting next_dagrun for tutorial to 2026-04-25 00:00:00+00:00, run_after=2026-04-26 00:00:00+00:00
[2026-04-26T07:52:15.154+0000] {processor.py:183} INFO - Processing /usr/local/python/3.12.1/lib/python3.12/site-packages/airflow/example_dags/tutorial.py took 0.066 seconds
[2026-04-26T07:52:37.285+0000] {processor.py:161} INFO - Started process (PID=49669) to work on /usr/local/python/3.12.1/lib/python3.12/site-packages/airflow/example_dags/tutorial.py
[2026-04-26T07:52:37.285+0000] {processor.py:830} INFO - Processing file /usr/local/python/3.12.1/lib/python3.12/site-packages/airflow/example_dags/tutorial.py for tasks to queue
[2026-04-26T07:52:37.286+0000] {logging_mixin.py:188} INFO - [2026-04-26T07:52:37.286+0000] {dagbag.py:540} INFO - Filling up the DagBag from /usr/local/python/3.12.1/lib/python3.12/site-packages/airflow/example_dags/tutorial.py
[2026-04-26T07:52:37.291+0000] {processor.py:840} INFO - DAG(s) 'tutorial' retrieved from /usr/local/python/3.12.1/lib/python3.12/site-packages/airflow/example_dags/tutorial.py
[2026-04-26T07:52:37.302+0000] {logging_mixin.py:188} INFO - [2026-04-26T07:52:37.302+0000] {dag.py:3096} INFO - Sync 1 DAGs
[2026-04-26T07:52:37.318+0000] {logging_mixin.py:188} INFO - [2026-04-26T07:52:37.317+0000] {dag.py:3954} INFO - Setting next_dagrun for tutorial to 2026-04-25 00:00:00+00:00, run_after=2026-04-26 00:00:00+00:00
[2026-04-26T07:52:37.334+0000] {processor.py:183} INFO - Processing /usr/local/python/3.12.1/lib/python3.12/site-packages/airflow/example_dags/tutorial.py took 0.054 seconds
[2026-04-26T07:52:45.121+0000] {processor.py:161} INFO - Started process (PID=49839) to work on /usr/local/python/3.12.1/lib/python3.12/site-packages/airflow/example_dags/tutorial.py
[2026-04-26T07:52:45.136+0000] {processor.py:830} INFO - Processing file /usr/local/python/3.12.1/lib/python3.12/site-packages/airflow/example_dags/tutorial.py for tasks to queue
[2026-04-26T07:52:45.148+0000] {logging_mixin.py:188} INFO - [2026-04-26T07:52:45.137+0000] {dagbag.py:540} INFO - Filling up the DagBag from /usr/local/python/3.12.1/lib/python3.12/site-packages/airflow/example_dags/tutorial.py
[2026-04-26T07:52:45.185+0000] {processor.py:840} INFO - DAG(s) 'tutorial' retrieved from /usr/local/python/3.12.1/lib/python3.12/site-packages/airflow/example_dags/tutorial.py
[2026-04-26T07:52:45.207+0000] {logging_mixin.py:188} INFO - [2026-04-26T07:52:45.207+0000] {dag.py:3096} INFO - Sync 1 DAGs
[2026-04-26T07:52:45.242+0000] {logging_mixin.py:188} INFO - [2026-04-26T07:52:45.241+0000] {dag.py:3954} INFO - Setting next_dagrun for tutorial to 2026-04-25 00:00:00+00:00, run_after=2026-04-26 00:00:00+00:00
[2026-04-26T07:52:45.297+0000] {processor.py:183} INFO - Processing /usr/local/python/3.12.1/lib/python3.12/site-packages/airflow/example_dags/tutorial.py took 0.198 seconds
[2026-04-26T07:52:59.432+0000] {processor.py:161} INFO - Started process (PID=50092) to work on /usr/local/python/3.12.1/lib/python3.12/site-packages/airflow/example_dags/tutorial.py
[2026-04-26T07:52:59.432+0000] {processor.py:830} INFO - Processing file /usr/local/python/3.12.1/lib/python3.12/site-packages/airflow/example_dags/tutorial.py for tasks to queue
[2026-04-26T07:52:59.433+0000] {logging_mixin.py:188} INFO - [2026-04-26T07:52:59.433+0000] {dagbag.py:540} INFO - Filling up the DagBag from /usr/local/python/3.12.1/lib/python3.12/site-packages/airflow/example_dags/tutorial.py
[2026-04-26T07:52:59.439+0000] {processor.py:840} INFO - DAG(s) 'tutorial' retrieved from /usr/local/python/3.12.1/lib/python3.12/site-packages/airflow/example_dags/tutorial.py
[2026-04-26T07:52:59.451+0000] {logging_mixin.py:188} INFO - [2026-04-26T07:52:59.450+0000] {dag.py:3096} INFO - Sync 1 DAGs
[2026-04-26T07:52:59.470+0000] {logging_mixin.py:188} INFO - [2026-04-26T07:52:59.470+0000] {dag.py:3954} INFO - Setting next_dagrun for tutorial to 2026-04-25 00:00:00+00:00, run_after=2026-04-26 00:00:00+00:00
[2026-04-26T07:52:59.489+0000] {processor.py:183} INFO - Processing /usr/local/python/3.12.1/lib/python3.12/site-packages/airflow/example_dags/tutorial.py took 0.062 seconds
[2026-04-26T07:53:19.423+0000] {processor.py:161} INFO - Started process (PID=50386) to work on /usr/local/python/3.12.1/lib/python3.12/site-packages/airflow/example_dags/tutorial.py
[2026-04-26T07:53:19.424+0000] {processor.py:830} INFO - Processing file /usr/local/python/3.12.1/lib/python3.12/site-packages/airflow/example_dags/tutorial.py for tasks to queue
[2026-04-26T07:53:19.425+0000] {logging_mixin.py:188} INFO - [2026-04-26T07:53:19.425+0000] {dagbag.py:540} INFO - Filling up the DagBag from /usr/local/python/3.12.1/lib/python3.12/site-packages/airflow/example_dags/tutorial.py
[2026-04-26T07:53:19.431+0000] {processor.py:840} INFO - DAG(s) 'tutorial' retrieved from /usr/local/python/3.12.1/lib/python3.12/site-packages/airflow/example_dags/tutorial.py
[2026-04-26T07:53:19.444+0000] {logging_mixin.py:188} INFO - [2026-04-26T07:53:19.444+0000] {dag.py:3096} INFO - Sync 1 DAGs
[2026-04-26T07:53:19.460+0000] {logging_mixin.py:188} INFO - [2026-04-26T07:53:19.459+0000] {dag.py:3954} INFO - Setting next_dagrun for tutorial to 2026-04-25 00:00:00+00:00, run_after=2026-04-26 00:00:00+00:00
[2026-04-26T07:53:19.478+0000] {processor.py:183} INFO - Processing /usr/local/python/3.12.1/lib/python3.12/site-packages/airflow/example_dags/tutorial.py took 0.063 seconds
[2026-04-26T07:53:30.646+0000] {processor.py:161} INFO - Started process (PID=50529) to work on /usr/local/python/3.12.1/lib/python3.12/site-packages/airflow/example_dags/tutorial.py
[2026-04-26T07:53:30.647+0000] {processor.py:830} INFO - Processing file /usr/local/python/3.12.1/lib/python3.12/site-packages/airflow/example_dags/tutorial.py for tasks to queue
[2026-04-26T07:53:30.648+0000] {logging_mixin.py:188} INFO - [2026-04-26T07:53:30.648+0000] {dagbag.py:540} INFO - Filling up the DagBag from /usr/local/python/3.12.1/lib/python3.12/site-packages/airflow/example_dags/tutorial.py
[2026-04-26T07:53:30.656+0000] {processor.py:840} INFO - DAG(s) 'tutorial' retrieved from /usr/local/python/3.12.1/lib/python3.12/site-packages/airflow/example_dags/tutorial.py
[2026-04-26T07:53:30.685+0000] {logging_mixin.py:188} INFO - [2026-04-26T07:53:30.684+0000] {dag.py:3096} INFO - Sync 1 DAGs
[2026-04-26T07:53:30.755+0000] {logging_mixin.py:188} INFO - [2026-04-26T07:53:30.754+0000] {dag.py:3954} INFO - Setting next_dagrun for tutorial to 2026-04-25 00:00:00+00:00, run_after=2026-04-26 00:00:00+00:00
[2026-04-26T07:53:30.852+0000] {processor.py:183} INFO - Processing /usr/local/python/3.12.1/lib/python3.12/site-packages/airflow/example_dags/tutorial.py took 0.212 seconds
[2026-04-26T07:53:43.967+0000] {processor.py:161} INFO - Started process (PID=50629) to work on /usr/local/python/3.12.1/lib/python3.12/site-packages/airflow/example_dags/tutorial.py
[2026-04-26T07:53:43.968+0000] {processor.py:830} INFO - Processing file /usr/local/python/3.12.1/lib/python3.12/site-packages/airflow/example_dags/tutorial.py for tasks to queue
[2026-04-26T07:53:43.969+0000] {logging_mixin.py:188} INFO - [2026-04-26T07:53:43.968+0000] {dagbag.py:540} INFO - Filling up the DagBag from /usr/local/python/3.12.1/lib/python3.12/site-packages/airflow/example_dags/tutorial.py
[2026-04-26T07:53:43.975+0000] {processor.py:840} INFO - DAG(s) 'tutorial' retrieved from /usr/local/python/3.12.1/lib/python3.12/site-packages/airflow/example_dags/tutorial.py
[2026-04-26T07:53:43.986+0000] {logging_mixin.py:188} INFO - [2026-04-26T07:53:43.986+0000] {dag.py:3096} INFO - Sync 1 DAGs
[2026-04-26T07:53:44.001+0000] {logging_mixin.py:188} INFO - [2026-04-26T07:53:44.001+0000] {dag.py:3954} INFO - Setting next_dagrun for tutorial to 2026-04-25 00:00:00+00:00, run_after=2026-04-26 00:00:00+00:00
[2026-04-26T07:53:44.017+0000] {processor.py:183} INFO - Processing /usr/local/python/3.12.1/lib/python3.12/site-packages/airflow/example_dags/tutorial.py took 0.056 seconds
[2026-04-26T07:54:02.971+0000] {processor.py:161} INFO - Started process (PID=50899) to work on /usr/local/python/3.12.1/lib/python3.12/site-packages/airflow/example_dags/tutorial.py
[2026-04-26T07:54:02.972+0000] {processor.py:830} INFO - Processing file /usr/local/python/3.12.1/lib/python3.12/site-packages/airflow/example_dags/tutorial.py for tasks to queue
[2026-04-26T07:54:02.973+0000] {logging_mixin.py:188} INFO - [2026-04-26T07:54:02.972+0000] {dagbag.py:540} INFO - Filling up the DagBag from /usr/local/python/3.12.1/lib/python3.12/site-packages/airflow/example_dags/tutorial.py
[2026-04-26T07:54:02.979+0000] {processor.py:840} INFO - DAG(s) 'tutorial' retrieved from /usr/local/python/3.12.1/lib/python3.12/site-packages/airflow/example_dags/tutorial.py
[2026-04-26T07:54:02.990+0000] {logging_mixin.py:188} INFO - [2026-04-26T07:54:02.990+0000] {dag.py:3096} INFO - Sync 1 DAGs
[2026-04-26T07:54:03.005+0000] {logging_mixin.py:188} INFO - [2026-04-26T07:54:03.005+0000] {dag.py:3954} INFO - Setting next_dagrun for tutorial to 2026-04-25 00:00:00+00:00, run_after=2026-04-26 00:00:00+00:00
[2026-04-26T07:54:03.021+0000] {processor.py:183} INFO - Processing /usr/local/python/3.12.1/lib/python3.12/site-packages/airflow/example_dags/tutorial.py took 0.057 seconds
[2026-04-26T07:54:15.820+0000] {processor.py:161} INFO - Started process (PID=51011) to work on /usr/local/python/3.12.1/lib/python3.12/site-packages/airflow/example_dags/tutorial.py
[2026-04-26T07:54:15.821+0000] {processor.py:830} INFO - Processing file /usr/local/python/3.12.1/lib/python3.12/site-packages/airflow/example_dags/tutorial.py for tasks to queue
[2026-04-26T07:54:15.822+0000] {logging_mixin.py:188} INFO - [2026-04-26T07:54:15.821+0000] {dagbag.py:540} INFO - Filling up the DagBag from /usr/local/python/3.12.1/lib/python3.12/site-packages/airflow/example_dags/tutorial.py
[2026-04-26T07:54:15.829+0000] {processor.py:840} INFO - DAG(s) 'tutorial' retrieved from /usr/local/python/3.12.1/lib/python3.12/site-packages/airflow/example_dags/tutorial.py
[2026-04-26T07:54:15.844+0000] {logging_mixin.py:188} INFO - [2026-04-26T07:54:15.843+0000] {dag.py:3096} INFO - Sync 1 DAGs
[2026-04-26T07:54:15.863+0000] {logging_mixin.py:188} INFO - [2026-04-26T07:54:15.863+0000] {dag.py:3954} INFO - Setting next_dagrun for tutorial to 2026-04-25 00:00:00+00:00, run_after=2026-04-26 00:00:00+00:00
[2026-04-26T07:54:15.882+0000] {processor.py:183} INFO - Processing /usr/local/python/3.12.1/lib/python3.12/site-packages/airflow/example_dags/tutorial.py took 0.068 seconds
[2026-04-26T07:54:27.061+0000] {processor.py:161} INFO - Started process (PID=51102) to work on /usr/local/python/3.12.1/lib/python3.12/site-packages/airflow/example_dags/tutorial.py
[2026-04-26T07:54:27.062+0000] {processor.py:830} INFO - Processing file /usr/local/python/3.12.1/lib/python3.12/site-packages/airflow/example_dags/tutorial.py for tasks to queue
[2026-04-26T07:54:27.063+0000] {logging_mixin.py:188} INFO - [2026-04-26T07:54:27.063+0000] {dagbag.py:540} INFO - Filling up the DagBag from /usr/local/python/3.12.1/lib/python3.12/site-packages/airflow/example_dags/tutorial.py
[2026-04-26T07:54:27.071+0000] {processor.py:840} INFO - DAG(s) 'tutorial' retrieved from /usr/local/python/3.12.1/lib/python3.12/site-packages/airflow/example_dags/tutorial.py
[2026-04-26T07:54:27.090+0000] {logging_mixin.py:188} INFO - [2026-04-26T07:54:27.090+0000] {dag.py:3096} INFO - Sync 1 DAGs
[2026-04-26T07:54:27.116+0000] {logging_mixin.py:188} INFO - [2026-04-26T07:54:27.116+0000] {dag.py:3954} INFO - Setting next_dagrun for tutorial to 2026-04-25 00:00:00+00:00, run_after=2026-04-26 00:00:00+00:00
[2026-04-26T07:54:27.145+0000] {processor.py:183} INFO - Processing /usr/local/python/3.12.1/lib/python3.12/site-packages/airflow/example_dags/tutorial.py took 0.090 seconds
[2026-04-26T07:54:45.110+0000] {processor.py:161} INFO - Started process (PID=51330) to work on /usr/local/python/3.12.1/lib/python3.12/site-packages/airflow/example_dags/tutorial.py
[2026-04-26T07:54:45.111+0000] {processor.py:830} INFO - Processing file /usr/local/python/3.12.1/lib/python3.12/site-packages/airflow/example_dags/tutorial.py for tasks to queue
[2026-04-26T07:54:45.112+0000] {logging_mixin.py:188} INFO - [2026-04-26T07:54:45.112+0000] {dagbag.py:540} INFO - Filling up the DagBag from /usr/local/python/3.12.1/lib/python3.12/site-packages/airflow/example_dags/tutorial.py
[2026-04-26T07:54:45.120+0000] {processor.py:840} INFO - DAG(s) 'tutorial' retrieved from /usr/local/python/3.12.1/lib/python3.12/site-packages/airflow/example_dags/tutorial.py
[2026-04-26T07:54:45.138+0000] {logging_mixin.py:188} INFO - [2026-04-26T07:54:45.137+0000] {dag.py:3096} INFO - Sync 1 DAGs
[2026-04-26T07:54:45.160+0000] {logging_mixin.py:188} INFO - [2026-04-26T07:54:45.160+0000] {dag.py:3954} INFO - Setting next_dagrun for tutorial to 2026-04-25 00:00:00+00:00, run_after=2026-04-26 00:00:00+00:00
[2026-04-26T07:54:45.191+0000] {processor.py:183} INFO - Processing /usr/local/python/3.12.1/lib/python3.12/site-packages/airflow/example_dags/tutorial.py took 0.087 seconds
[2026-04-26T07:54:55.325+0000] {processor.py:161} INFO - Started process (PID=51601) to work on /usr/local/python/3.12.1/lib/python3.12/site-packages/airflow/example_dags/tutorial.py
[2026-04-26T07:54:55.326+0000] {processor.py:830} INFO - Processing file /usr/local/python/3.12.1/lib/python3.12/site-packages/airflow/example_dags/tutorial.py for tasks to queue
[2026-04-26T07:54:55.327+0000] {logging_mixin.py:188} INFO - [2026-04-26T07:54:55.326+0000] {dagbag.py:540} INFO - Filling up the DagBag from /usr/local/python/3.12.1/lib/python3.12/site-packages/airflow/example_dags/tutorial.py
[2026-04-26T07:54:55.352+0000] {processor.py:840} INFO - DAG(s) 'tutorial' retrieved from /usr/local/python/3.12.1/lib/python3.12/site-packages/airflow/example_dags/tutorial.py
[2026-04-26T07:54:55.392+0000] {logging_mixin.py:188} INFO - [2026-04-26T07:54:55.390+0000] {dag.py:3096} INFO - Sync 1 DAGs
[2026-04-26T07:54:55.433+0000] {logging_mixin.py:188} INFO - [2026-04-26T07:54:55.433+0000] {dag.py:3954} INFO - Setting next_dagrun for tutorial to 2026-04-25 00:00:00+00:00, run_after=2026-04-26 00:00:00+00:00
[2026-04-26T07:54:55.477+0000] {processor.py:183} INFO - Processing /usr/local/python/3.12.1/lib/python3.12/site-packages/airflow/example_dags/tutorial.py took 0.158 seconds
[2026-04-26T07:55:10.448+0000] {processor.py:161} INFO - Started process (PID=51878) to work on /usr/local/python/3.12.1/lib/python3.12/site-packages/airflow/example_dags/tutorial.py
[2026-04-26T07:55:10.449+0000] {processor.py:830} INFO - Processing file /usr/local/python/3.12.1/lib/python3.12/site-packages/airflow/example_dags/tutorial.py for tasks to queue
[2026-04-26T07:55:10.450+0000] {logging_mixin.py:188} INFO - [2026-04-26T07:55:10.449+0000] {dagbag.py:540} INFO - Filling up the DagBag from /usr/local/python/3.12.1/lib/python3.12/site-packages/airflow/example_dags/tutorial.py
[2026-04-26T07:55:10.456+0000] {processor.py:840} INFO - DAG(s) 'tutorial' retrieved from /usr/local/python/3.12.1/lib/python3.12/site-packages/airflow/example_dags/tutorial.py
[2026-04-26T07:55:10.475+0000] {logging_mixin.py:188} INFO - [2026-04-26T07:55:10.474+0000] {dag.py:3096} INFO - Sync 1 DAGs
[2026-04-26T07:55:10.494+0000] {logging_mixin.py:188} INFO - [2026-04-26T07:55:10.494+0000] {dag.py:3954} INFO - Setting next_dagrun for tutorial to 2026-04-25 00:00:00+00:00, run_after=2026-04-26 00:00:00+00:00
[2026-04-26T07:55:10.513+0000] {processor.py:183} INFO - Processing /usr/local/python/3.12.1/lib/python3.12/site-packages/airflow/example_dags/tutorial.py took 0.071 seconds
[2026-04-26T07:55:23.327+0000] {processor.py:161} INFO - Started process (PID=52128) to work on /usr/local/python/3.12.1/lib/python3.12/site-packages/airflow/example_dags/tutorial.py
[2026-04-26T07:55:23.328+0000] {processor.py:830} INFO - Processing file /usr/local/python/3.12.1/lib/python3.12/site-packages/airflow/example_dags/tutorial.py for tasks to queue
[2026-04-26T07:55:23.328+0000] {logging_mixin.py:188} INFO - [2026-04-26T07:55:23.328+0000] {dagbag.py:540} INFO - Filling up the DagBag from /usr/local/python/3.12.1/lib/python3.12/site-packages/airflow/example_dags/tutorial.py
[2026-04-26T07:55:23.333+0000] {processor.py:840} INFO - DAG(s) 'tutorial' retrieved from /usr/local/python/3.12.1/lib/python3.12/site-packages/airflow/example_dags/tutorial.py
[2026-04-26T07:55:23.344+0000] {logging_mixin.py:188} INFO - [2026-04-26T07:55:23.344+0000] {dag.py:3096} INFO - Sync 1 DAGs
[2026-04-26T07:55:23.362+0000] {logging_mixin.py:188} INFO - [2026-04-26T07:55:23.362+0000] {dag.py:3954} INFO - Setting next_dagrun for tutorial to 2026-04-25 00:00:00+00:00, run_after=2026-04-26 00:00:00+00:00
[2026-04-26T07:55:23.381+0000] {processor.py:183} INFO - Processing /usr/local/python/3.12.1/lib/python3.12/site-packages/airflow/example_dags/tutorial.py took 0.059 seconds
[2026-04-26T07:55:36.042+0000] {processor.py:161} INFO - Started process (PID=52306) to work on /usr/local/python/3.12.1/lib/python3.12/site-packages/airflow/example_dags/tutorial.py
[2026-04-26T07:55:36.043+0000] {processor.py:830} INFO - Processing file /usr/local/python/3.12.1/lib/python3.12/site-packages/airflow/example_dags/tutorial.py for tasks to queue
[2026-04-26T07:55:36.043+0000] {logging_mixin.py:188} INFO - [2026-04-26T07:55:36.043+0000] {dagbag.py:540} INFO - Filling up the DagBag from /usr/local/python/3.12.1/lib/python3.12/site-packages/airflow/example_dags/tutorial.py
[2026-04-26T07:55:36.049+0000] {processor.py:840} INFO - DAG(s) 'tutorial' retrieved from /usr/local/python/3.12.1/lib/python3.12/site-packages/airflow/example_dags/tutorial.py
[2026-04-26T07:55:36.062+0000] {logging_mixin.py:188} INFO - [2026-04-26T07:55:36.062+0000] {dag.py:3096} INFO - Sync 1 DAGs
[2026-04-26T07:55:36.081+0000] {logging_mixin.py:188} INFO - [2026-04-26T07:55:36.081+0000] {dag.py:3954} INFO - Setting next_dagrun for tutorial to 2026-04-25 00:00:00+00:00, run_after=2026-04-26 00:00:00+00:00
[2026-04-26T07:55:36.100+0000] {processor.py:183} INFO - Processing /usr/local/python/3.12.1/lib/python3.12/site-packages/airflow/example_dags/tutorial.py took 0.062 seconds
[2026-04-26T07:55:49.151+0000] {processor.py:161} INFO - Started process (PID=52464) to work on /usr/local/python/3.12.1/lib/python3.12/site-packages/airflow/example_dags/tutorial.py
[2026-04-26T07:55:49.152+0000] {processor.py:830} INFO - Processing file /usr/local/python/3.12.1/lib/python3.12/site-packages/airflow/example_dags/tutorial.py for tasks to queue
[2026-04-26T07:55:49.152+0000] {logging_mixin.py:188} INFO - [2026-04-26T07:55:49.152+0000] {dagbag.py:540} INFO - Filling up the DagBag from /usr/local/python/3.12.1/lib/python3.12/site-packages/airflow/example_dags/tutorial.py
[2026-04-26T07:55:49.158+0000] {processor.py:840} INFO - DAG(s) 'tutorial' retrieved from /usr/local/python/3.12.1/lib/python3.12/site-packages/airflow/example_dags/tutorial.py
[2026-04-26T07:55:49.178+0000] {logging_mixin.py:188} INFO - [2026-04-26T07:55:49.178+0000] {dag.py:3096} INFO - Sync 1 DAGs
[2026-04-26T07:55:49.196+0000] {logging_mixin.py:188} INFO - [2026-04-26T07:55:49.196+0000] {dag.py:3954} INFO - Setting next_dagrun for tutorial to 2026-04-25 00:00:00+00:00, run_after=2026-04-26 00:00:00+00:00
[2026-04-26T07:55:49.216+0000] {processor.py:183} INFO - Processing /usr/local/python/3.12.1/lib/python3.12/site-packages/airflow/example_dags/tutorial.py took 0.069 seconds
[2026-04-26T07:56:00.392+0000] {processor.py:161} INFO - Started process (PID=52604) to work on /usr/local/python/3.12.1/lib/python3.12/site-packages/airflow/example_dags/tutorial.py
[2026-04-26T07:56:00.394+0000] {processor.py:830} INFO - Processing file /usr/local/python/3.12.1/lib/python3.12/site-packages/airflow/example_dags/tutorial.py for tasks to queue
[2026-04-26T07:56:00.395+0000] {logging_mixin.py:188} INFO - [2026-04-26T07:56:00.394+0000] {dagbag.py:540} INFO - Filling up the DagBag from /usr/local/python/3.12.1/lib/python3.12/site-packages/airflow/example_dags/tutorial.py
[2026-04-26T07:56:00.403+0000] {processor.py:840} INFO - DAG(s) 'tutorial' retrieved from /usr/local/python/3.12.1/lib/python3.12/site-packages/airflow/example_dags/tutorial.py
[2026-04-26T07:56:00.433+0000] {logging_mixin.py:188} INFO - [2026-04-26T07:56:00.433+0000] {dag.py:3096} INFO - Sync 1 DAGs
[2026-04-26T07:56:00.450+0000] {logging_mixin.py:188} INFO - [2026-04-26T07:56:00.449+0000] {dag.py:3954} INFO - Setting next_dagrun for tutorial to 2026-04-25 00:00:00+00:00, run_after=2026-04-26 00:00:00+00:00
[2026-04-26T07:56:00.467+0000] {processor.py:183} INFO - Processing /usr/local/python/3.12.1/lib/python3.12/site-packages/airflow/example_dags/tutorial.py took 0.082 seconds
[2026-04-26T07:56:19.767+0000] {processor.py:161} INFO - Started process (PID=52904) to work on /usr/local/python/3.12.1/lib/python3.12/site-packages/airflow/example_dags/tutorial.py
[2026-04-26T07:56:19.768+0000] {processor.py:830} INFO - Processing file /usr/local/python/3.12.1/lib/python3.12/site-packages/airflow/example_dags/tutorial.py for tasks to queue
[2026-04-26T07:56:19.769+0000] {logging_mixin.py:188} INFO - [2026-04-26T07:56:19.768+0000] {dagbag.py:540} INFO - Filling up the DagBag from /usr/local/python/3.12.1/lib/python3.12/site-packages/airflow/example_dags/tutorial.py
[2026-04-26T07:56:19.776+0000] {processor.py:840} INFO - DAG(s) 'tutorial' retrieved from /usr/local/python/3.12.1/lib/python3.12/site-packages/airflow/example_dags/tutorial.py
[2026-04-26T07:56:19.788+0000] {logging_mixin.py:188} INFO - [2026-04-26T07:56:19.787+0000] {dag.py:3096} INFO - Sync 1 DAGs
[2026-04-26T07:56:19.802+0000] {logging_mixin.py:188} INFO - [2026-04-26T07:56:19.802+0000] {dag.py:3954} INFO - Setting next_dagrun for tutorial to 2026-04-25 00:00:00+00:00, run_after=2026-04-26 00:00:00+00:00
[2026-04-26T07:56:19.819+0000] {processor.py:183} INFO - Processing /usr/local/python/3.12.1/lib/python3.12/site-packages/airflow/example_dags/tutorial.py took 0.057 seconds
[2026-04-26T07:56:31.275+0000] {processor.py:161} INFO - Started process (PID=53132) to work on /usr/local/python/3.12.1/lib/python3.12/site-packages/airflow/example_dags/tutorial.py
[2026-04-26T07:56:31.276+0000] {processor.py:830} INFO - Processing file /usr/local/python/3.12.1/lib/python3.12/site-packages/airflow/example_dags/tutorial.py for tasks to queue
[2026-04-26T07:56:31.277+0000] {logging_mixin.py:188} INFO - [2026-04-26T07:56:31.276+0000] {dagbag.py:540} INFO - Filling up the DagBag from /usr/local/python/3.12.1/lib/python3.12/site-packages/airflow/example_dags/tutorial.py
[2026-04-26T07:56:31.283+0000] {processor.py:840} INFO - DAG(s) 'tutorial' retrieved from /usr/local/python/3.12.1/lib/python3.12/site-packages/airflow/example_dags/tutorial.py
[2026-04-26T07:56:31.298+0000] {logging_mixin.py:188} INFO - [2026-04-26T07:56:31.297+0000] {dag.py:3096} INFO - Sync 1 DAGs
[2026-04-26T07:56:31.317+0000] {logging_mixin.py:188} INFO - [2026-04-26T07:56:31.317+0000] {dag.py:3954} INFO - Setting next_dagrun for tutorial to 2026-04-25 00:00:00+00:00, run_after=2026-04-26 00:00:00+00:00
[2026-04-26T07:56:31.350+0000] {processor.py:183} INFO - Processing /usr/local/python/3.12.1/lib/python3.12/site-packages/airflow/example_dags/tutorial.py took 0.081 seconds
[2026-04-26T07:56:43.706+0000] {processor.py:161} INFO - Started process (PID=53488) to work on /usr/local/python/3.12.1/lib/python3.12/site-packages/airflow/example_dags/tutorial.py
[2026-04-26T07:56:43.710+0000] {processor.py:830} INFO - Processing file /usr/local/python/3.12.1/lib/python3.12/site-packages/airflow/example_dags/tutorial.py for tasks to queue
[2026-04-26T07:56:43.716+0000] {logging_mixin.py:188} INFO - [2026-04-26T07:56:43.711+0000] {dagbag.py:540} INFO - Filling up the DagBag from /usr/local/python/3.12.1/lib/python3.12/site-packages/airflow/example_dags/tutorial.py
[2026-04-26T07:56:43.735+0000] {processor.py:840} INFO - DAG(s) 'tutorial' retrieved from /usr/local/python/3.12.1/lib/python3.12/site-packages/airflow/example_dags/tutorial.py
[2026-04-26T07:56:43.985+0000] {logging_mixin.py:188} INFO - [2026-04-26T07:56:43.982+0000] {dag.py:3096} INFO - Sync 1 DAGs
[2026-04-26T07:56:44.011+0000] {logging_mixin.py:188} INFO - [2026-04-26T07:56:44.011+0000] {dag.py:3954} INFO - Setting next_dagrun for tutorial to 2026-04-25 00:00:00+00:00, run_after=2026-04-26 00:00:00+00:00
[2026-04-26T07:56:44.084+0000] {processor.py:183} INFO - Processing /usr/local/python/3.12.1/lib/python3.12/site-packages/airflow/example_dags/tutorial.py took 0.412 seconds
[2026-04-26T07:57:09.265+0000] {processor.py:161} INFO - Started process (PID=53789) to work on /usr/local/python/3.12.1/lib/python3.12/site-packages/airflow/example_dags/tutorial.py
[2026-04-26T07:57:09.266+0000] {processor.py:830} INFO - Processing file /usr/local/python/3.12.1/lib/python3.12/site-packages/airflow/example_dags/tutorial.py for tasks to queue
[2026-04-26T07:57:09.266+0000] {logging_mixin.py:188} INFO - [2026-04-26T07:57:09.266+0000] {dagbag.py:540} INFO - Filling up the DagBag from /usr/local/python/3.12.1/lib/python3.12/site-packages/airflow/example_dags/tutorial.py
[2026-04-26T07:57:09.273+0000] {processor.py:840} INFO - DAG(s) 'tutorial' retrieved from /usr/local/python/3.12.1/lib/python3.12/site-packages/airflow/example_dags/tutorial.py
[2026-04-26T07:57:09.280+0000] {logging_mixin.py:188} INFO - [2026-04-26T07:57:09.280+0000] {dag.py:3096} INFO - Sync 1 DAGs
[2026-04-26T07:57:09.298+0000] {logging_mixin.py:188} INFO - [2026-04-26T07:57:09.298+0000] {dag.py:3954} INFO - Setting next_dagrun for tutorial to 2026-04-25 00:00:00+00:00, run_after=2026-04-26 00:00:00+00:00
[2026-04-26T07:57:09.316+0000] {processor.py:183} INFO - Processing /usr/local/python/3.12.1/lib/python3.12/site-packages/airflow/example_dags/tutorial.py took 0.056 seconds
[2026-04-26T07:57:24.907+0000] {processor.py:161} INFO - Started process (PID=53933) to work on /usr/local/python/3.12.1/lib/python3.12/site-packages/airflow/example_dags/tutorial.py
[2026-04-26T07:57:24.907+0000] {processor.py:830} INFO - Processing file /usr/local/python/3.12.1/lib/python3.12/site-packages/airflow/example_dags/tutorial.py for tasks to queue
[2026-04-26T07:57:24.908+0000] {logging_mixin.py:188} INFO - [2026-04-26T07:57:24.908+0000] {dagbag.py:540} INFO - Filling up the DagBag from /usr/local/python/3.12.1/lib/python3.12/site-packages/airflow/example_dags/tutorial.py
[2026-04-26T07:57:24.913+0000] {processor.py:840} INFO - DAG(s) 'tutorial' retrieved from /usr/local/python/3.12.1/lib/python3.12/site-packages/airflow/example_dags/tutorial.py
[2026-04-26T07:57:24.924+0000] {logging_mixin.py:188} INFO - [2026-04-26T07:57:24.924+0000] {dag.py:3096} INFO - Sync 1 DAGs
[2026-04-26T07:57:24.943+0000] {logging_mixin.py:188} INFO - [2026-04-26T07:57:24.943+0000] {dag.py:3954} INFO - Setting next_dagrun for tutorial to 2026-04-25 00:00:00+00:00, run_after=2026-04-26 00:00:00+00:00
[2026-04-26T07:57:24.962+0000] {processor.py:183} INFO - Processing /usr/local/python/3.12.1/lib/python3.12/site-packages/airflow/example_dags/tutorial.py took 0.060 seconds
[2026-04-26T07:57:27.245+0000] {processor.py:161} INFO - Started process (PID=53943) to work on /usr/local/python/3.12.1/lib/python3.12/site-packages/airflow/example_dags/tutorial.py
[2026-04-26T07:57:27.246+0000] {processor.py:830} INFO - Processing file /usr/local/python/3.12.1/lib/python3.12/site-packages/airflow/example_dags/tutorial.py for tasks to queue
[2026-04-26T07:57:27.247+0000] {logging_mixin.py:188} INFO - [2026-04-26T07:57:27.246+0000] {dagbag.py:540} INFO - Filling up the DagBag from /usr/local/python/3.12.1/lib/python3.12/site-packages/airflow/example_dags/tutorial.py
[2026-04-26T07:57:27.251+0000] {processor.py:840} INFO - DAG(s) 'tutorial' retrieved from /usr/local/python/3.12.1/lib/python3.12/site-packages/airflow/example_dags/tutorial.py
[2026-04-26T07:57:27.265+0000] {logging_mixin.py:188} INFO - [2026-04-26T07:57:27.265+0000] {dag.py:3096} INFO - Sync 1 DAGs
[2026-04-26T07:57:27.285+0000] {logging_mixin.py:188} INFO - [2026-04-26T07:57:27.285+0000] {dag.py:3954} INFO - Setting next_dagrun for tutorial to 2026-04-25 00:00:00+00:00, run_after=2026-04-26 00:00:00+00:00
[2026-04-26T07:57:27.303+0000] {processor.py:183} INFO - Processing /usr/local/python/3.12.1/lib/python3.12/site-packages/airflow/example_dags/tutorial.py took 0.063 seconds
[2026-04-26T07:57:55.577+0000] {processor.py:161} INFO - Started process (PID=54309) to work on /usr/local/python/3.12.1/lib/python3.12/site-packages/airflow/example_dags/tutorial.py
[2026-04-26T07:57:55.578+0000] {processor.py:830} INFO - Processing file /usr/local/python/3.12.1/lib/python3.12/site-packages/airflow/example_dags/tutorial.py for tasks to queue
[2026-04-26T07:57:55.579+0000] {logging_mixin.py:188} INFO - [2026-04-26T07:57:55.579+0000] {dagbag.py:540} INFO - Filling up the DagBag from /usr/local/python/3.12.1/lib/python3.12/site-packages/airflow/example_dags/tutorial.py
[2026-04-26T07:57:55.586+0000] {processor.py:840} INFO - DAG(s) 'tutorial' retrieved from /usr/local/python/3.12.1/lib/python3.12/site-packages/airflow/example_dags/tutorial.py
[2026-04-26T07:57:55.598+0000] {logging_mixin.py:188} INFO - [2026-04-26T07:57:55.597+0000] {dag.py:3096} INFO - Sync 1 DAGs
[2026-04-26T07:57:55.616+0000] {logging_mixin.py:188} INFO - [2026-04-26T07:57:55.616+0000] {dag.py:3954} INFO - Setting next_dagrun for tutorial to 2026-04-25 00:00:00+00:00, run_after=2026-04-26 00:00:00+00:00
[2026-04-26T07:57:55.641+0000] {processor.py:183} INFO - Processing /usr/local/python/3.12.1/lib/python3.12/site-packages/airflow/example_dags/tutorial.py took 0.074 seconds
[2026-04-26T07:58:08.382+0000] {processor.py:161} INFO - Started process (PID=54420) to work on /usr/local/python/3.12.1/lib/python3.12/site-packages/airflow/example_dags/tutorial.py
[2026-04-26T07:58:08.383+0000] {processor.py:830} INFO - Processing file /usr/local/python/3.12.1/lib/python3.12/site-packages/airflow/example_dags/tutorial.py for tasks to queue
[2026-04-26T07:58:08.383+0000] {logging_mixin.py:188} INFO - [2026-04-26T07:58:08.383+0000] {dagbag.py:540} INFO - Filling up the DagBag from /usr/local/python/3.12.1/lib/python3.12/site-packages/airflow/example_dags/tutorial.py
[2026-04-26T07:58:08.388+0000] {processor.py:840} INFO - DAG(s) 'tutorial' retrieved from /usr/local/python/3.12.1/lib/python3.12/site-packages/airflow/example_dags/tutorial.py
[2026-04-26T07:58:08.400+0000] {logging_mixin.py:188} INFO - [2026-04-26T07:58:08.399+0000] {dag.py:3096} INFO - Sync 1 DAGs
[2026-04-26T07:58:08.424+0000] {logging_mixin.py:188} INFO - [2026-04-26T07:58:08.424+0000] {dag.py:3954} INFO - Setting next_dagrun for tutorial to 2026-04-25 00:00:00+00:00, run_after=2026-04-26 00:00:00+00:00
[2026-04-26T07:58:08.445+0000] {processor.py:183} INFO - Processing /usr/local/python/3.12.1/lib/python3.12/site-packages/airflow/example_dags/tutorial.py took 0.068 seconds
[2026-04-26T07:58:08.964+0000] {processor.py:161} INFO - Started process (PID=54421) to work on /usr/local/python/3.12.1/lib/python3.12/site-packages/airflow/example_dags/tutorial.py
[2026-04-26T07:58:08.964+0000] {processor.py:830} INFO - Processing file /usr/local/python/3.12.1/lib/python3.12/site-packages/airflow/example_dags/tutorial.py for tasks to queue
[2026-04-26T07:58:08.965+0000] {logging_mixin.py:188} INFO - [2026-04-26T07:58:08.965+0000] {dagbag.py:540} INFO - Filling up the DagBag from /usr/local/python/3.12.1/lib/python3.12/site-packages/airflow/example_dags/tutorial.py
[2026-04-26T07:58:08.972+0000] {processor.py:840} INFO - DAG(s) 'tutorial' retrieved from /usr/local/python/3.12.1/lib/python3.12/site-packages/airflow/example_dags/tutorial.py
[2026-04-26T07:58:08.984+0000] {logging_mixin.py:188} INFO - [2026-04-26T07:58:08.984+0000] {dag.py:3096} INFO - Sync 1 DAGs
[2026-04-26T07:58:08.998+0000] {logging_mixin.py:188} INFO - [2026-04-26T07:58:08.998+0000] {dag.py:3954} INFO - Setting next_dagrun for tutorial to 2026-04-25 00:00:00+00:00, run_after=2026-04-26 00:00:00+00:00
[2026-04-26T07:58:09.015+0000] {processor.py:183} INFO - Processing /usr/local/python/3.12.1/lib/python3.12/site-packages/airflow/example_dags/tutorial.py took 0.057 seconds
[2026-04-26T07:58:37.885+0000] {processor.py:161} INFO - Started process (PID=55001) to work on /usr/local/python/3.12.1/lib/python3.12/site-packages/airflow/example_dags/tutorial.py
[2026-04-26T07:58:37.885+0000] {processor.py:830} INFO - Processing file /usr/local/python/3.12.1/lib/python3.12/site-packages/airflow/example_dags/tutorial.py for tasks to queue
[2026-04-26T07:58:37.886+0000] {logging_mixin.py:188} INFO - [2026-04-26T07:58:37.886+0000] {dagbag.py:540} INFO - Filling up the DagBag from /usr/local/python/3.12.1/lib/python3.12/site-packages/airflow/example_dags/tutorial.py
[2026-04-26T07:58:37.891+0000] {processor.py:840} INFO - DAG(s) 'tutorial' retrieved from /usr/local/python/3.12.1/lib/python3.12/site-packages/airflow/example_dags/tutorial.py
[2026-04-26T07:58:37.897+0000] {logging_mixin.py:188} INFO - [2026-04-26T07:58:37.896+0000] {dag.py:3096} INFO - Sync 1 DAGs
[2026-04-26T07:58:37.912+0000] {logging_mixin.py:188} INFO - [2026-04-26T07:58:37.912+0000] {dag.py:3954} INFO - Setting next_dagrun for tutorial to 2026-04-25 00:00:00+00:00, run_after=2026-04-26 00:00:00+00:00
[2026-04-26T07:58:37.929+0000] {processor.py:183} INFO - Processing /usr/local/python/3.12.1/lib/python3.12/site-packages/airflow/example_dags/tutorial.py took 0.049 seconds
[2026-04-26T07:58:53.748+0000] {processor.py:161} INFO - Started process (PID=55221) to work on /usr/local/python/3.12.1/lib/python3.12/site-packages/airflow/example_dags/tutorial.py
[2026-04-26T07:58:53.748+0000] {processor.py:830} INFO - Processing file /usr/local/python/3.12.1/lib/python3.12/site-packages/airflow/example_dags/tutorial.py for tasks to queue
[2026-04-26T07:58:53.749+0000] {logging_mixin.py:188} INFO - [2026-04-26T07:58:53.749+0000] {dagbag.py:540} INFO - Filling up the DagBag from /usr/local/python/3.12.1/lib/python3.12/site-packages/airflow/example_dags/tutorial.py
[2026-04-26T07:58:53.754+0000] {processor.py:840} INFO - DAG(s) 'tutorial' retrieved from /usr/local/python/3.12.1/lib/python3.12/site-packages/airflow/example_dags/tutorial.py
[2026-04-26T07:58:53.761+0000] {logging_mixin.py:188} INFO - [2026-04-26T07:58:53.760+0000] {dag.py:3096} INFO - Sync 1 DAGs
[2026-04-26T07:58:53.781+0000] {logging_mixin.py:188} INFO - [2026-04-26T07:58:53.781+0000] {dag.py:3954} INFO - Setting next_dagrun for tutorial to 2026-04-25 00:00:00+00:00, run_after=2026-04-26 00:00:00+00:00
[2026-04-26T07:58:53.817+0000] {processor.py:183} INFO - Processing /usr/local/python/3.12.1/lib/python3.12/site-packages/airflow/example_dags/tutorial.py took 0.073 seconds
[2026-04-26T07:58:56.155+0000] {processor.py:161} INFO - Started process (PID=55236) to work on /usr/local/python/3.12.1/lib/python3.12/site-packages/airflow/example_dags/tutorial.py
[2026-04-26T07:58:56.156+0000] {processor.py:830} INFO - Processing file /usr/local/python/3.12.1/lib/python3.12/site-packages/airflow/example_dags/tutorial.py for tasks to queue
[2026-04-26T07:58:56.157+0000] {logging_mixin.py:188} INFO - [2026-04-26T07:58:56.157+0000] {dagbag.py:540} INFO - Filling up the DagBag from /usr/local/python/3.12.1/lib/python3.12/site-packages/airflow/example_dags/tutorial.py
[2026-04-26T07:58:56.163+0000] {processor.py:840} INFO - DAG(s) 'tutorial' retrieved from /usr/local/python/3.12.1/lib/python3.12/site-packages/airflow/example_dags/tutorial.py
[2026-04-26T07:58:56.170+0000] {logging_mixin.py:188} INFO - [2026-04-26T07:58:56.170+0000] {dag.py:3096} INFO - Sync 1 DAGs
[2026-04-26T07:58:56.187+0000] {logging_mixin.py:188} INFO - [2026-04-26T07:58:56.187+0000] {dag.py:3954} INFO - Setting next_dagrun for tutorial to 2026-04-25 00:00:00+00:00, run_after=2026-04-26 00:00:00+00:00
[2026-04-26T07:58:56.203+0000] {processor.py:183} INFO - Processing /usr/local/python/3.12.1/lib/python3.12/site-packages/airflow/example_dags/tutorial.py took 0.052 seconds
[2026-04-26T07:59:24.357+0000] {processor.py:161} INFO - Started process (PID=55531) to work on /usr/local/python/3.12.1/lib/python3.12/site-packages/airflow/example_dags/tutorial.py
[2026-04-26T07:59:24.359+0000] {processor.py:830} INFO - Processing file /usr/local/python/3.12.1/lib/python3.12/site-packages/airflow/example_dags/tutorial.py for tasks to queue
[2026-04-26T07:59:24.364+0000] {logging_mixin.py:188} INFO - [2026-04-26T07:59:24.364+0000] {dagbag.py:540} INFO - Filling up the DagBag from /usr/local/python/3.12.1/lib/python3.12/site-packages/airflow/example_dags/tutorial.py
[2026-04-26T07:59:24.373+0000] {processor.py:840} INFO - DAG(s) 'tutorial' retrieved from /usr/local/python/3.12.1/lib/python3.12/site-packages/airflow/example_dags/tutorial.py
[2026-04-26T07:59:24.456+0000] {logging_mixin.py:188} INFO - [2026-04-26T07:59:24.456+0000] {dag.py:3096} INFO - Sync 1 DAGs
[2026-04-26T07:59:24.472+0000] {logging_mixin.py:188} INFO - [2026-04-26T07:59:24.472+0000] {dag.py:3954} INFO - Setting next_dagrun for tutorial to 2026-04-25 00:00:00+00:00, run_after=2026-04-26 00:00:00+00:00
[2026-04-26T07:59:24.492+0000] {processor.py:183} INFO - Processing /usr/local/python/3.12.1/lib/python3.12/site-packages/airflow/example_dags/tutorial.py took 0.140 seconds
[2026-04-26T07:59:40.241+0000] {processor.py:161} INFO - Started process (PID=55731) to work on /usr/local/python/3.12.1/lib/python3.12/site-packages/airflow/example_dags/tutorial.py
[2026-04-26T07:59:40.242+0000] {processor.py:830} INFO - Processing file /usr/local/python/3.12.1/lib/python3.12/site-packages/airflow/example_dags/tutorial.py for tasks to queue
[2026-04-26T07:59:40.242+0000] {logging_mixin.py:188} INFO - [2026-04-26T07:59:40.242+0000] {dagbag.py:540} INFO - Filling up the DagBag from /usr/local/python/3.12.1/lib/python3.12/site-packages/airflow/example_dags/tutorial.py
[2026-04-26T07:59:40.247+0000] {processor.py:840} INFO - DAG(s) 'tutorial' retrieved from /usr/local/python/3.12.1/lib/python3.12/site-packages/airflow/example_dags/tutorial.py
[2026-04-26T07:59:40.253+0000] {logging_mixin.py:188} INFO - [2026-04-26T07:59:40.253+0000] {dag.py:3096} INFO - Sync 1 DAGs
[2026-04-26T07:59:40.272+0000] {logging_mixin.py:188} INFO - [2026-04-26T07:59:40.272+0000] {dag.py:3954} INFO - Setting next_dagrun for tutorial to 2026-04-25 00:00:00+00:00, run_after=2026-04-26 00:00:00+00:00
[2026-04-26T07:59:40.290+0000] {processor.py:183} INFO - Processing /usr/local/python/3.12.1/lib/python3.12/site-packages/airflow/example_dags/tutorial.py took 0.053 seconds
[2026-04-26T07:59:44.212+0000] {processor.py:161} INFO - Started process (PID=55757) to work on /usr/local/python/3.12.1/lib/python3.12/site-packages/airflow/example_dags/tutorial.py
[2026-04-26T07:59:44.212+0000] {processor.py:830} INFO - Processing file /usr/local/python/3.12.1/lib/python3.12/site-packages/airflow/example_dags/tutorial.py for tasks to queue
[2026-04-26T07:59:44.213+0000] {logging_mixin.py:188} INFO - [2026-04-26T07:59:44.213+0000] {dagbag.py:540} INFO - Filling up the DagBag from /usr/local/python/3.12.1/lib/python3.12/site-packages/airflow/example_dags/tutorial.py
[2026-04-26T07:59:44.218+0000] {processor.py:840} INFO - DAG(s) 'tutorial' retrieved from /usr/local/python/3.12.1/lib/python3.12/site-packages/airflow/example_dags/tutorial.py
[2026-04-26T07:59:44.224+0000] {logging_mixin.py:188} INFO - [2026-04-26T07:59:44.224+0000] {dag.py:3096} INFO - Sync 1 DAGs
[2026-04-26T07:59:44.246+0000] {logging_mixin.py:188} INFO - [2026-04-26T07:59:44.246+0000] {dag.py:3954} INFO - Setting next_dagrun for tutorial to 2026-04-25 00:00:00+00:00, run_after=2026-04-26 00:00:00+00:00
[2026-04-26T07:59:44.272+0000] {processor.py:183} INFO - Processing /usr/local/python/3.12.1/lib/python3.12/site-packages/airflow/example_dags/tutorial.py took 0.065 seconds
[2026-04-26T08:00:07.121+0000] {processor.py:161} INFO - Started process (PID=55967) to work on /usr/local/python/3.12.1/lib/python3.12/site-packages/airflow/example_dags/tutorial.py
[2026-04-26T08:00:07.128+0000] {processor.py:830} INFO - Processing file /usr/local/python/3.12.1/lib/python3.12/site-packages/airflow/example_dags/tutorial.py for tasks to queue
[2026-04-26T08:00:07.133+0000] {logging_mixin.py:188} INFO - [2026-04-26T08:00:07.132+0000] {dagbag.py:540} INFO - Filling up the DagBag from /usr/local/python/3.12.1/lib/python3.12/site-packages/airflow/example_dags/tutorial.py
[2026-04-26T08:00:07.179+0000] {processor.py:840} INFO - DAG(s) 'tutorial' retrieved from /usr/local/python/3.12.1/lib/python3.12/site-packages/airflow/example_dags/tutorial.py
[2026-04-26T08:00:07.289+0000] {logging_mixin.py:188} INFO - [2026-04-26T08:00:07.289+0000] {dag.py:3096} INFO - Sync 1 DAGs
[2026-04-26T08:00:07.341+0000] {logging_mixin.py:188} INFO - [2026-04-26T08:00:07.340+0000] {dag.py:3954} INFO - Setting next_dagrun for tutorial to 2026-04-25 00:00:00+00:00, run_after=2026-04-26 00:00:00+00:00
[2026-04-26T08:00:07.447+0000] {processor.py:183} INFO - Processing /usr/local/python/3.12.1/lib/python3.12/site-packages/airflow/example_dags/tutorial.py took 0.376 seconds
[2026-04-26T08:00:22.018+0000] {processor.py:161} INFO - Started process (PID=56152) to work on /usr/local/python/3.12.1/lib/python3.12/site-packages/airflow/example_dags/tutorial.py
[2026-04-26T08:00:22.024+0000] {processor.py:830} INFO - Processing file /usr/local/python/3.12.1/lib/python3.12/site-packages/airflow/example_dags/tutorial.py for tasks to queue
[2026-04-26T08:00:22.026+0000] {logging_mixin.py:188} INFO - [2026-04-26T08:00:22.025+0000] {dagbag.py:540} INFO - Filling up the DagBag from /usr/local/python/3.12.1/lib/python3.12/site-packages/airflow/example_dags/tutorial.py
[2026-04-26T08:00:22.042+0000] {processor.py:840} INFO - DAG(s) 'tutorial' retrieved from /usr/local/python/3.12.1/lib/python3.12/site-packages/airflow/example_dags/tutorial.py
[2026-04-26T08:00:22.063+0000] {logging_mixin.py:188} INFO - [2026-04-26T08:00:22.062+0000] {dag.py:3096} INFO - Sync 1 DAGs
[2026-04-26T08:00:22.093+0000] {logging_mixin.py:188} INFO - [2026-04-26T08:00:22.092+0000] {dag.py:3954} INFO - Setting next_dagrun for tutorial to 2026-04-25 00:00:00+00:00, run_after=2026-04-26 00:00:00+00:00
[2026-04-26T08:00:22.126+0000] {processor.py:183} INFO - Processing /usr/local/python/3.12.1/lib/python3.12/site-packages/airflow/example_dags/tutorial.py took 0.123 seconds
[2026-04-26T08:00:31.163+0000] {processor.py:161} INFO - Started process (PID=56232) to work on /usr/local/python/3.12.1/lib/python3.12/site-packages/airflow/example_dags/tutorial.py
[2026-04-26T08:00:31.164+0000] {processor.py:830} INFO - Processing file /usr/local/python/3.12.1/lib/python3.12/site-packages/airflow/example_dags/tutorial.py for tasks to queue
[2026-04-26T08:00:31.165+0000] {logging_mixin.py:188} INFO - [2026-04-26T08:00:31.164+0000] {dagbag.py:540} INFO - Filling up the DagBag from /usr/local/python/3.12.1/lib/python3.12/site-packages/airflow/example_dags/tutorial.py
[2026-04-26T08:00:31.171+0000] {processor.py:840} INFO - DAG(s) 'tutorial' retrieved from /usr/local/python/3.12.1/lib/python3.12/site-packages/airflow/example_dags/tutorial.py
[2026-04-26T08:00:31.184+0000] {logging_mixin.py:188} INFO - [2026-04-26T08:00:31.184+0000] {dag.py:3096} INFO - Sync 1 DAGs
[2026-04-26T08:00:31.199+0000] {logging_mixin.py:188} INFO - [2026-04-26T08:00:31.199+0000] {dag.py:3954} INFO - Setting next_dagrun for tutorial to 2026-04-25 00:00:00+00:00, run_after=2026-04-26 00:00:00+00:00
[2026-04-26T08:00:31.221+0000] {processor.py:183} INFO - Processing /usr/local/python/3.12.1/lib/python3.12/site-packages/airflow/example_dags/tutorial.py took 0.064 seconds
[2026-04-26T08:00:55.920+0000] {processor.py:161} INFO - Started process (PID=56520) to work on /usr/local/python/3.12.1/lib/python3.12/site-packages/airflow/example_dags/tutorial.py
[2026-04-26T08:00:55.921+0000] {processor.py:830} INFO - Processing file /usr/local/python/3.12.1/lib/python3.12/site-packages/airflow/example_dags/tutorial.py for tasks to queue
[2026-04-26T08:00:55.921+0000] {logging_mixin.py:188} INFO - [2026-04-26T08:00:55.921+0000] {dagbag.py:540} INFO - Filling up the DagBag from /usr/local/python/3.12.1/lib/python3.12/site-packages/airflow/example_dags/tutorial.py
[2026-04-26T08:00:55.926+0000] {processor.py:840} INFO - DAG(s) 'tutorial' retrieved from /usr/local/python/3.12.1/lib/python3.12/site-packages/airflow/example_dags/tutorial.py
[2026-04-26T08:00:55.937+0000] {logging_mixin.py:188} INFO - [2026-04-26T08:00:55.937+0000] {dag.py:3096} INFO - Sync 1 DAGs
[2026-04-26T08:00:55.953+0000] {logging_mixin.py:188} INFO - [2026-04-26T08:00:55.953+0000] {dag.py:3954} INFO - Setting next_dagrun for tutorial to 2026-04-25 00:00:00+00:00, run_after=2026-04-26 00:00:00+00:00
[2026-04-26T08:00:55.974+0000] {processor.py:183} INFO - Processing /usr/local/python/3.12.1/lib/python3.12/site-packages/airflow/example_dags/tutorial.py took 0.059 seconds
[2026-04-26T08:01:05.725+0000] {processor.py:161} INFO - Started process (PID=56631) to work on /usr/local/python/3.12.1/lib/python3.12/site-packages/airflow/example_dags/tutorial.py
[2026-04-26T08:01:05.726+0000] {processor.py:830} INFO - Processing file /usr/local/python/3.12.1/lib/python3.12/site-packages/airflow/example_dags/tutorial.py for tasks to queue
[2026-04-26T08:01:05.727+0000] {logging_mixin.py:188} INFO - [2026-04-26T08:01:05.726+0000] {dagbag.py:540} INFO - Filling up the DagBag from /usr/local/python/3.12.1/lib/python3.12/site-packages/airflow/example_dags/tutorial.py
[2026-04-26T08:01:05.734+0000] {processor.py:840} INFO - DAG(s) 'tutorial' retrieved from /usr/local/python/3.12.1/lib/python3.12/site-packages/airflow/example_dags/tutorial.py
[2026-04-26T08:01:05.756+0000] {logging_mixin.py:188} INFO - [2026-04-26T08:01:05.755+0000] {dag.py:3096} INFO - Sync 1 DAGs
[2026-04-26T08:01:05.784+0000] {logging_mixin.py:188} INFO - [2026-04-26T08:01:05.784+0000] {dag.py:3954} INFO - Setting next_dagrun for tutorial to 2026-04-25 00:00:00+00:00, run_after=2026-04-26 00:00:00+00:00
[2026-04-26T08:01:05.801+0000] {processor.py:183} INFO - Processing /usr/local/python/3.12.1/lib/python3.12/site-packages/airflow/example_dags/tutorial.py took 0.080 seconds
[2026-04-26T08:01:16.592+0000] {processor.py:161} INFO - Started process (PID=56723) to work on /usr/local/python/3.12.1/lib/python3.12/site-packages/airflow/example_dags/tutorial.py
[2026-04-26T08:01:16.593+0000] {processor.py:830} INFO - Processing file /usr/local/python/3.12.1/lib/python3.12/site-packages/airflow/example_dags/tutorial.py for tasks to queue
[2026-04-26T08:01:16.593+0000] {logging_mixin.py:188} INFO - [2026-04-26T08:01:16.593+0000] {dagbag.py:540} INFO - Filling up the DagBag from /usr/local/python/3.12.1/lib/python3.12/site-packages/airflow/example_dags/tutorial.py
[2026-04-26T08:01:16.598+0000] {processor.py:840} INFO - DAG(s) 'tutorial' retrieved from /usr/local/python/3.12.1/lib/python3.12/site-packages/airflow/example_dags/tutorial.py
[2026-04-26T08:01:16.610+0000] {logging_mixin.py:188} INFO - [2026-04-26T08:01:16.610+0000] {dag.py:3096} INFO - Sync 1 DAGs
[2026-04-26T08:01:16.630+0000] {logging_mixin.py:188} INFO - [2026-04-26T08:01:16.629+0000] {dag.py:3954} INFO - Setting next_dagrun for tutorial to 2026-04-25 00:00:00+00:00, run_after=2026-04-26 00:00:00+00:00
[2026-04-26T08:01:16.653+0000] {processor.py:183} INFO - Processing /usr/local/python/3.12.1/lib/python3.12/site-packages/airflow/example_dags/tutorial.py took 0.065 seconds
[2026-04-26T08:01:43.842+0000] {processor.py:161} INFO - Started process (PID=57425) to work on /usr/local/python/3.12.1/lib/python3.12/site-packages/airflow/example_dags/tutorial.py
[2026-04-26T08:01:43.843+0000] {processor.py:830} INFO - Processing file /usr/local/python/3.12.1/lib/python3.12/site-packages/airflow/example_dags/tutorial.py for tasks to queue
[2026-04-26T08:01:43.844+0000] {logging_mixin.py:188} INFO - [2026-04-26T08:01:43.844+0000] {dagbag.py:540} INFO - Filling up the DagBag from /usr/local/python/3.12.1/lib/python3.12/site-packages/airflow/example_dags/tutorial.py
[2026-04-26T08:01:43.852+0000] {processor.py:840} INFO - DAG(s) 'tutorial' retrieved from /usr/local/python/3.12.1/lib/python3.12/site-packages/airflow/example_dags/tutorial.py
[2026-04-26T08:01:44.040+0000] {logging_mixin.py:188} INFO - [2026-04-26T08:01:44.039+0000] {dag.py:3096} INFO - Sync 1 DAGs
[2026-04-26T08:01:44.059+0000] {logging_mixin.py:188} INFO - [2026-04-26T08:01:44.058+0000] {dag.py:3954} INFO - Setting next_dagrun for tutorial to 2026-04-25 00:00:00+00:00, run_after=2026-04-26 00:00:00+00:00
[2026-04-26T08:01:44.094+0000] {processor.py:183} INFO - Processing /usr/local/python/3.12.1/lib/python3.12/site-packages/airflow/example_dags/tutorial.py took 0.258 seconds
[2026-04-26T08:01:52.718+0000] {processor.py:161} INFO - Started process (PID=57527) to work on /usr/local/python/3.12.1/lib/python3.12/site-packages/airflow/example_dags/tutorial.py
[2026-04-26T08:01:52.719+0000] {processor.py:830} INFO - Processing file /usr/local/python/3.12.1/lib/python3.12/site-packages/airflow/example_dags/tutorial.py for tasks to queue
[2026-04-26T08:01:52.720+0000] {logging_mixin.py:188} INFO - [2026-04-26T08:01:52.719+0000] {dagbag.py:540} INFO - Filling up the DagBag from /usr/local/python/3.12.1/lib/python3.12/site-packages/airflow/example_dags/tutorial.py
[2026-04-26T08:01:52.727+0000] {processor.py:840} INFO - DAG(s) 'tutorial' retrieved from /usr/local/python/3.12.1/lib/python3.12/site-packages/airflow/example_dags/tutorial.py
[2026-04-26T08:01:52.734+0000] {logging_mixin.py:188} INFO - [2026-04-26T08:01:52.734+0000] {dag.py:3096} INFO - Sync 1 DAGs
[2026-04-26T08:01:52.757+0000] {logging_mixin.py:188} INFO - [2026-04-26T08:01:52.756+0000] {dag.py:3954} INFO - Setting next_dagrun for tutorial to 2026-04-25 00:00:00+00:00, run_after=2026-04-26 00:00:00+00:00
[2026-04-26T08:01:52.781+0000] {processor.py:183} INFO - Processing /usr/local/python/3.12.1/lib/python3.12/site-packages/airflow/example_dags/tutorial.py took 0.069 seconds
[2026-04-26T08:02:06.935+0000] {processor.py:161} INFO - Started process (PID=57775) to work on /usr/local/python/3.12.1/lib/python3.12/site-packages/airflow/example_dags/tutorial.py
[2026-04-26T08:02:06.936+0000] {processor.py:830} INFO - Processing file /usr/local/python/3.12.1/lib/python3.12/site-packages/airflow/example_dags/tutorial.py for tasks to queue
[2026-04-26T08:02:06.936+0000] {logging_mixin.py:188} INFO - [2026-04-26T08:02:06.936+0000] {dagbag.py:540} INFO - Filling up the DagBag from /usr/local/python/3.12.1/lib/python3.12/site-packages/airflow/example_dags/tutorial.py
[2026-04-26T08:02:06.941+0000] {processor.py:840} INFO - DAG(s) 'tutorial' retrieved from /usr/local/python/3.12.1/lib/python3.12/site-packages/airflow/example_dags/tutorial.py
[2026-04-26T08:02:06.947+0000] {logging_mixin.py:188} INFO - [2026-04-26T08:02:06.946+0000] {dag.py:3096} INFO - Sync 1 DAGs
[2026-04-26T08:02:06.966+0000] {logging_mixin.py:188} INFO - [2026-04-26T08:02:06.965+0000] {dag.py:3954} INFO - Setting next_dagrun for tutorial to 2026-04-25 00:00:00+00:00, run_after=2026-04-26 00:00:00+00:00
[2026-04-26T08:02:06.984+0000] {processor.py:183} INFO - Processing /usr/local/python/3.12.1/lib/python3.12/site-packages/airflow/example_dags/tutorial.py took 0.053 seconds
[2026-04-26T08:02:33.105+0000] {processor.py:161} INFO - Started process (PID=58056) to work on /usr/local/python/3.12.1/lib/python3.12/site-packages/airflow/example_dags/tutorial.py
[2026-04-26T08:02:33.106+0000] {processor.py:830} INFO - Processing file /usr/local/python/3.12.1/lib/python3.12/site-packages/airflow/example_dags/tutorial.py for tasks to queue
[2026-04-26T08:02:33.107+0000] {logging_mixin.py:188} INFO - [2026-04-26T08:02:33.106+0000] {dagbag.py:540} INFO - Filling up the DagBag from /usr/local/python/3.12.1/lib/python3.12/site-packages/airflow/example_dags/tutorial.py
[2026-04-26T08:02:33.117+0000] {processor.py:840} INFO - DAG(s) 'tutorial' retrieved from /usr/local/python/3.12.1/lib/python3.12/site-packages/airflow/example_dags/tutorial.py
[2026-04-26T08:02:33.163+0000] {logging_mixin.py:188} INFO - [2026-04-26T08:02:33.162+0000] {dag.py:3096} INFO - Sync 1 DAGs
[2026-04-26T08:02:33.217+0000] {logging_mixin.py:188} INFO - [2026-04-26T08:02:33.217+0000] {dag.py:3954} INFO - Setting next_dagrun for tutorial to 2026-04-25 00:00:00+00:00, run_after=2026-04-26 00:00:00+00:00
[2026-04-26T08:02:33.276+0000] {processor.py:183} INFO - Processing /usr/local/python/3.12.1/lib/python3.12/site-packages/airflow/example_dags/tutorial.py took 0.177 seconds
[2026-04-26T08:02:38.203+0000] {processor.py:161} INFO - Started process (PID=58168) to work on /usr/local/python/3.12.1/lib/python3.12/site-packages/airflow/example_dags/tutorial.py
[2026-04-26T08:02:38.204+0000] {processor.py:830} INFO - Processing file /usr/local/python/3.12.1/lib/python3.12/site-packages/airflow/example_dags/tutorial.py for tasks to queue
[2026-04-26T08:02:38.205+0000] {logging_mixin.py:188} INFO - [2026-04-26T08:02:38.204+0000] {dagbag.py:540} INFO - Filling up the DagBag from /usr/local/python/3.12.1/lib/python3.12/site-packages/airflow/example_dags/tutorial.py
[2026-04-26T08:02:38.210+0000] {processor.py:840} INFO - DAG(s) 'tutorial' retrieved from /usr/local/python/3.12.1/lib/python3.12/site-packages/airflow/example_dags/tutorial.py
[2026-04-26T08:02:38.222+0000] {logging_mixin.py:188} INFO - [2026-04-26T08:02:38.221+0000] {dag.py:3096} INFO - Sync 1 DAGs
[2026-04-26T08:02:38.238+0000] {logging_mixin.py:188} INFO - [2026-04-26T08:02:38.238+0000] {dag.py:3954} INFO - Setting next_dagrun for tutorial to 2026-04-25 00:00:00+00:00, run_after=2026-04-26 00:00:00+00:00
[2026-04-26T08:02:38.257+0000] {processor.py:183} INFO - Processing /usr/local/python/3.12.1/lib/python3.12/site-packages/airflow/example_dags/tutorial.py took 0.058 seconds
[2026-04-26T08:02:51.017+0000] {processor.py:161} INFO - Started process (PID=58321) to work on /usr/local/python/3.12.1/lib/python3.12/site-packages/airflow/example_dags/tutorial.py
[2026-04-26T08:02:51.018+0000] {processor.py:830} INFO - Processing file /usr/local/python/3.12.1/lib/python3.12/site-packages/airflow/example_dags/tutorial.py for tasks to queue
[2026-04-26T08:02:51.019+0000] {logging_mixin.py:188} INFO - [2026-04-26T08:02:51.018+0000] {dagbag.py:540} INFO - Filling up the DagBag from /usr/local/python/3.12.1/lib/python3.12/site-packages/airflow/example_dags/tutorial.py
[2026-04-26T08:02:51.023+0000] {processor.py:840} INFO - DAG(s) 'tutorial' retrieved from /usr/local/python/3.12.1/lib/python3.12/site-packages/airflow/example_dags/tutorial.py
[2026-04-26T08:02:51.036+0000] {logging_mixin.py:188} INFO - [2026-04-26T08:02:51.035+0000] {dag.py:3096} INFO - Sync 1 DAGs
[2026-04-26T08:02:51.056+0000] {logging_mixin.py:188} INFO - [2026-04-26T08:02:51.055+0000] {dag.py:3954} INFO - Setting next_dagrun for tutorial to 2026-04-25 00:00:00+00:00, run_after=2026-04-26 00:00:00+00:00
[2026-04-26T08:02:51.080+0000] {processor.py:183} INFO - Processing /usr/local/python/3.12.1/lib/python3.12/site-packages/airflow/example_dags/tutorial.py took 0.067 seconds
[2026-04-26T08:03:19.622+0000] {processor.py:161} INFO - Started process (PID=58803) to work on /usr/local/python/3.12.1/lib/python3.12/site-packages/airflow/example_dags/tutorial.py
[2026-04-26T08:03:19.623+0000] {processor.py:830} INFO - Processing file /usr/local/python/3.12.1/lib/python3.12/site-packages/airflow/example_dags/tutorial.py for tasks to queue
[2026-04-26T08:03:19.624+0000] {logging_mixin.py:188} INFO - [2026-04-26T08:03:19.624+0000] {dagbag.py:540} INFO - Filling up the DagBag from /usr/local/python/3.12.1/lib/python3.12/site-packages/airflow/example_dags/tutorial.py
[2026-04-26T08:03:19.632+0000] {processor.py:840} INFO - DAG(s) 'tutorial' retrieved from /usr/local/python/3.12.1/lib/python3.12/site-packages/airflow/example_dags/tutorial.py
[2026-04-26T08:03:19.647+0000] {logging_mixin.py:188} INFO - [2026-04-26T08:03:19.647+0000] {dag.py:3096} INFO - Sync 1 DAGs
[2026-04-26T08:03:19.664+0000] {logging_mixin.py:188} INFO - [2026-04-26T08:03:19.664+0000] {dag.py:3954} INFO - Setting next_dagrun for tutorial to 2026-04-25 00:00:00+00:00, run_after=2026-04-26 00:00:00+00:00
[2026-04-26T08:03:19.686+0000] {processor.py:183} INFO - Processing /usr/local/python/3.12.1/lib/python3.12/site-packages/airflow/example_dags/tutorial.py took 0.072 seconds
[2026-04-26T08:03:21.407+0000] {processor.py:161} INFO - Started process (PID=58815) to work on /usr/local/python/3.12.1/lib/python3.12/site-packages/airflow/example_dags/tutorial.py
[2026-04-26T08:03:21.408+0000] {processor.py:830} INFO - Processing file /usr/local/python/3.12.1/lib/python3.12/site-packages/airflow/example_dags/tutorial.py for tasks to queue
[2026-04-26T08:03:21.409+0000] {logging_mixin.py:188} INFO - [2026-04-26T08:03:21.408+0000] {dagbag.py:540} INFO - Filling up the DagBag from /usr/local/python/3.12.1/lib/python3.12/site-packages/airflow/example_dags/tutorial.py
[2026-04-26T08:03:21.415+0000] {processor.py:840} INFO - DAG(s) 'tutorial' retrieved from /usr/local/python/3.12.1/lib/python3.12/site-packages/airflow/example_dags/tutorial.py
[2026-04-26T08:03:21.426+0000] {logging_mixin.py:188} INFO - [2026-04-26T08:03:21.426+0000] {dag.py:3096} INFO - Sync 1 DAGs
[2026-04-26T08:03:21.441+0000] {logging_mixin.py:188} INFO - [2026-04-26T08:03:21.440+0000] {dag.py:3954} INFO - Setting next_dagrun for tutorial to 2026-04-25 00:00:00+00:00, run_after=2026-04-26 00:00:00+00:00
[2026-04-26T08:03:21.456+0000] {processor.py:183} INFO - Processing /usr/local/python/3.12.1/lib/python3.12/site-packages/airflow/example_dags/tutorial.py took 0.055 seconds
[2026-04-26T08:03:37.122+0000] {processor.py:161} INFO - Started process (PID=58963) to work on /usr/local/python/3.12.1/lib/python3.12/site-packages/airflow/example_dags/tutorial.py
[2026-04-26T08:03:37.123+0000] {processor.py:830} INFO - Processing file /usr/local/python/3.12.1/lib/python3.12/site-packages/airflow/example_dags/tutorial.py for tasks to queue
[2026-04-26T08:03:37.123+0000] {logging_mixin.py:188} INFO - [2026-04-26T08:03:37.123+0000] {dagbag.py:540} INFO - Filling up the DagBag from /usr/local/python/3.12.1/lib/python3.12/site-packages/airflow/example_dags/tutorial.py
[2026-04-26T08:03:37.128+0000] {processor.py:840} INFO - DAG(s) 'tutorial' retrieved from /usr/local/python/3.12.1/lib/python3.12/site-packages/airflow/example_dags/tutorial.py
[2026-04-26T08:03:37.139+0000] {logging_mixin.py:188} INFO - [2026-04-26T08:03:37.139+0000] {dag.py:3096} INFO - Sync 1 DAGs
[2026-04-26T08:03:37.157+0000] {logging_mixin.py:188} INFO - [2026-04-26T08:03:37.157+0000] {dag.py:3954} INFO - Setting next_dagrun for tutorial to 2026-04-25 00:00:00+00:00, run_after=2026-04-26 00:00:00+00:00
[2026-04-26T08:03:37.178+0000] {processor.py:183} INFO - Processing /usr/local/python/3.12.1/lib/python3.12/site-packages/airflow/example_dags/tutorial.py took 0.060 seconds
[2026-04-26T08:04:03.554+0000] {processor.py:161} INFO - Started process (PID=59232) to work on /usr/local/python/3.12.1/lib/python3.12/site-packages/airflow/example_dags/tutorial.py
[2026-04-26T08:04:03.558+0000] {processor.py:830} INFO - Processing file /usr/local/python/3.12.1/lib/python3.12/site-packages/airflow/example_dags/tutorial.py for tasks to queue
[2026-04-26T08:04:03.559+0000] {logging_mixin.py:188} INFO - [2026-04-26T08:04:03.558+0000] {dagbag.py:540} INFO - Filling up the DagBag from /usr/local/python/3.12.1/lib/python3.12/site-packages/airflow/example_dags/tutorial.py
[2026-04-26T08:04:03.570+0000] {processor.py:840} INFO - DAG(s) 'tutorial' retrieved from /usr/local/python/3.12.1/lib/python3.12/site-packages/airflow/example_dags/tutorial.py
[2026-04-26T08:04:03.588+0000] {logging_mixin.py:188} INFO - [2026-04-26T08:04:03.588+0000] {dag.py:3096} INFO - Sync 1 DAGs
[2026-04-26T08:04:03.610+0000] {logging_mixin.py:188} INFO - [2026-04-26T08:04:03.610+0000] {dag.py:3954} INFO - Setting next_dagrun for tutorial to 2026-04-25 00:00:00+00:00, run_after=2026-04-26 00:00:00+00:00
[2026-04-26T08:04:03.641+0000] {processor.py:183} INFO - Processing /usr/local/python/3.12.1/lib/python3.12/site-packages/airflow/example_dags/tutorial.py took 0.114 seconds
[2026-04-26T08:04:05.740+0000] {processor.py:161} INFO - Started process (PID=59254) to work on /usr/local/python/3.12.1/lib/python3.12/site-packages/airflow/example_dags/tutorial.py
[2026-04-26T08:04:05.741+0000] {processor.py:830} INFO - Processing file /usr/local/python/3.12.1/lib/python3.12/site-packages/airflow/example_dags/tutorial.py for tasks to queue
[2026-04-26T08:04:05.742+0000] {logging_mixin.py:188} INFO - [2026-04-26T08:04:05.741+0000] {dagbag.py:540} INFO - Filling up the DagBag from /usr/local/python/3.12.1/lib/python3.12/site-packages/airflow/example_dags/tutorial.py
[2026-04-26T08:04:05.750+0000] {processor.py:840} INFO - DAG(s) 'tutorial' retrieved from /usr/local/python/3.12.1/lib/python3.12/site-packages/airflow/example_dags/tutorial.py
[2026-04-26T08:04:05.773+0000] {logging_mixin.py:188} INFO - [2026-04-26T08:04:05.772+0000] {dag.py:3096} INFO - Sync 1 DAGs
[2026-04-26T08:04:05.799+0000] {logging_mixin.py:188} INFO - [2026-04-26T08:04:05.798+0000] {dag.py:3954} INFO - Setting next_dagrun for tutorial to 2026-04-25 00:00:00+00:00, run_after=2026-04-26 00:00:00+00:00
[2026-04-26T08:04:05.835+0000] {processor.py:183} INFO - Processing /usr/local/python/3.12.1/lib/python3.12/site-packages/airflow/example_dags/tutorial.py took 0.105 seconds
[2026-04-26T08:04:19.781+0000] {processor.py:161} INFO - Started process (PID=59375) to work on /usr/local/python/3.12.1/lib/python3.12/site-packages/airflow/example_dags/tutorial.py
[2026-04-26T08:04:19.782+0000] {processor.py:830} INFO - Processing file /usr/local/python/3.12.1/lib/python3.12/site-packages/airflow/example_dags/tutorial.py for tasks to queue
[2026-04-26T08:04:19.782+0000] {logging_mixin.py:188} INFO - [2026-04-26T08:04:19.782+0000] {dagbag.py:540} INFO - Filling up the DagBag from /usr/local/python/3.12.1/lib/python3.12/site-packages/airflow/example_dags/tutorial.py
[2026-04-26T08:04:19.788+0000] {processor.py:840} INFO - DAG(s) 'tutorial' retrieved from /usr/local/python/3.12.1/lib/python3.12/site-packages/airflow/example_dags/tutorial.py
[2026-04-26T08:04:19.803+0000] {logging_mixin.py:188} INFO - [2026-04-26T08:04:19.803+0000] {dag.py:3096} INFO - Sync 1 DAGs
[2026-04-26T08:04:19.826+0000] {logging_mixin.py:188} INFO - [2026-04-26T08:04:19.826+0000] {dag.py:3954} INFO - Setting next_dagrun for tutorial to 2026-04-25 00:00:00+00:00, run_after=2026-04-26 00:00:00+00:00
[2026-04-26T08:04:19.864+0000] {processor.py:183} INFO - Processing /usr/local/python/3.12.1/lib/python3.12/site-packages/airflow/example_dags/tutorial.py took 0.087 seconds
[2026-04-26T08:04:47.072+0000] {processor.py:161} INFO - Started process (PID=59669) to work on /usr/local/python/3.12.1/lib/python3.12/site-packages/airflow/example_dags/tutorial.py
[2026-04-26T08:04:47.073+0000] {processor.py:830} INFO - Processing file /usr/local/python/3.12.1/lib/python3.12/site-packages/airflow/example_dags/tutorial.py for tasks to queue
[2026-04-26T08:04:47.074+0000] {logging_mixin.py:188} INFO - [2026-04-26T08:04:47.074+0000] {dagbag.py:540} INFO - Filling up the DagBag from /usr/local/python/3.12.1/lib/python3.12/site-packages/airflow/example_dags/tutorial.py
[2026-04-26T08:04:47.079+0000] {processor.py:840} INFO - DAG(s) 'tutorial' retrieved from /usr/local/python/3.12.1/lib/python3.12/site-packages/airflow/example_dags/tutorial.py
[2026-04-26T08:04:47.090+0000] {logging_mixin.py:188} INFO - [2026-04-26T08:04:47.090+0000] {dag.py:3096} INFO - Sync 1 DAGs
[2026-04-26T08:04:47.105+0000] {logging_mixin.py:188} INFO - [2026-04-26T08:04:47.105+0000] {dag.py:3954} INFO - Setting next_dagrun for tutorial to 2026-04-25 00:00:00+00:00, run_after=2026-04-26 00:00:00+00:00
[2026-04-26T08:04:47.121+0000] {processor.py:183} INFO - Processing /usr/local/python/3.12.1/lib/python3.12/site-packages/airflow/example_dags/tutorial.py took 0.054 seconds
[2026-04-26T08:04:51.044+0000] {processor.py:161} INFO - Started process (PID=59692) to work on /usr/local/python/3.12.1/lib/python3.12/site-packages/airflow/example_dags/tutorial.py
[2026-04-26T08:04:51.045+0000] {processor.py:830} INFO - Processing file /usr/local/python/3.12.1/lib/python3.12/site-packages/airflow/example_dags/tutorial.py for tasks to queue
[2026-04-26T08:04:51.046+0000] {logging_mixin.py:188} INFO - [2026-04-26T08:04:51.045+0000] {dagbag.py:540} INFO - Filling up the DagBag from /usr/local/python/3.12.1/lib/python3.12/site-packages/airflow/example_dags/tutorial.py
[2026-04-26T08:04:51.052+0000] {processor.py:840} INFO - DAG(s) 'tutorial' retrieved from /usr/local/python/3.12.1/lib/python3.12/site-packages/airflow/example_dags/tutorial.py
[2026-04-26T08:04:51.091+0000] {logging_mixin.py:188} INFO - [2026-04-26T08:04:51.091+0000] {dag.py:3096} INFO - Sync 1 DAGs
[2026-04-26T08:04:51.151+0000] {logging_mixin.py:188} INFO - [2026-04-26T08:04:51.150+0000] {dag.py:3954} INFO - Setting next_dagrun for tutorial to 2026-04-25 00:00:00+00:00, run_after=2026-04-26 00:00:00+00:00
[2026-04-26T08:04:51.190+0000] {processor.py:183} INFO - Processing /usr/local/python/3.12.1/lib/python3.12/site-packages/airflow/example_dags/tutorial.py took 0.153 seconds
[2026-04-26T08:05:01.340+0000] {processor.py:161} INFO - Started process (PID=59788) to work on /usr/local/python/3.12.1/lib/python3.12/site-packages/airflow/example_dags/tutorial.py
[2026-04-26T08:05:01.340+0000] {processor.py:830} INFO - Processing file /usr/local/python/3.12.1/lib/python3.12/site-packages/airflow/example_dags/tutorial.py for tasks to queue
[2026-04-26T08:05:01.342+0000] {logging_mixin.py:188} INFO - [2026-04-26T08:05:01.341+0000] {dagbag.py:540} INFO - Filling up the DagBag from /usr/local/python/3.12.1/lib/python3.12/site-packages/airflow/example_dags/tutorial.py
[2026-04-26T08:05:01.348+0000] {processor.py:840} INFO - DAG(s) 'tutorial' retrieved from /usr/local/python/3.12.1/lib/python3.12/site-packages/airflow/example_dags/tutorial.py
[2026-04-26T08:05:01.366+0000] {logging_mixin.py:188} INFO - [2026-04-26T08:05:01.366+0000] {dag.py:3096} INFO - Sync 1 DAGs
[2026-04-26T08:05:01.391+0000] {logging_mixin.py:188} INFO - [2026-04-26T08:05:01.391+0000] {dag.py:3954} INFO - Setting next_dagrun for tutorial to 2026-04-25 00:00:00+00:00, run_after=2026-04-26 00:00:00+00:00
[2026-04-26T08:05:01.421+0000] {processor.py:183} INFO - Processing /usr/local/python/3.12.1/lib/python3.12/site-packages/airflow/example_dags/tutorial.py took 0.088 seconds
[2026-04-26T08:05:32.610+0000] {processor.py:161} INFO - Started process (PID=60157) to work on /usr/local/python/3.12.1/lib/python3.12/site-packages/airflow/example_dags/tutorial.py
[2026-04-26T08:05:32.611+0000] {processor.py:830} INFO - Processing file /usr/local/python/3.12.1/lib/python3.12/site-packages/airflow/example_dags/tutorial.py for tasks to queue
[2026-04-26T08:05:32.612+0000] {logging_mixin.py:188} INFO - [2026-04-26T08:05:32.611+0000] {dagbag.py:540} INFO - Filling up the DagBag from /usr/local/python/3.12.1/lib/python3.12/site-packages/airflow/example_dags/tutorial.py
[2026-04-26T08:05:32.617+0000] {processor.py:840} INFO - DAG(s) 'tutorial' retrieved from /usr/local/python/3.12.1/lib/python3.12/site-packages/airflow/example_dags/tutorial.py
[2026-04-26T08:05:32.629+0000] {logging_mixin.py:188} INFO - [2026-04-26T08:05:32.628+0000] {dag.py:3096} INFO - Sync 1 DAGs
[2026-04-26T08:05:32.644+0000] {logging_mixin.py:188} INFO - [2026-04-26T08:05:32.643+0000] {dag.py:3954} INFO - Setting next_dagrun for tutorial to 2026-04-25 00:00:00+00:00, run_after=2026-04-26 00:00:00+00:00
[2026-04-26T08:05:32.661+0000] {processor.py:183} INFO - Processing /usr/local/python/3.12.1/lib/python3.12/site-packages/airflow/example_dags/tutorial.py took 0.055 seconds
[2026-04-26T08:05:33.398+0000] {processor.py:161} INFO - Started process (PID=60160) to work on /usr/local/python/3.12.1/lib/python3.12/site-packages/airflow/example_dags/tutorial.py
[2026-04-26T08:05:33.399+0000] {processor.py:830} INFO - Processing file /usr/local/python/3.12.1/lib/python3.12/site-packages/airflow/example_dags/tutorial.py for tasks to queue
[2026-04-26T08:05:33.400+0000] {logging_mixin.py:188} INFO - [2026-04-26T08:05:33.399+0000] {dagbag.py:540} INFO - Filling up the DagBag from /usr/local/python/3.12.1/lib/python3.12/site-packages/airflow/example_dags/tutorial.py
[2026-04-26T08:05:33.407+0000] {processor.py:840} INFO - DAG(s) 'tutorial' retrieved from /usr/local/python/3.12.1/lib/python3.12/site-packages/airflow/example_dags/tutorial.py
[2026-04-26T08:05:33.428+0000] {logging_mixin.py:188} INFO - [2026-04-26T08:05:33.428+0000] {dag.py:3096} INFO - Sync 1 DAGs
[2026-04-26T08:05:33.446+0000] {logging_mixin.py:188} INFO - [2026-04-26T08:05:33.445+0000] {dag.py:3954} INFO - Setting next_dagrun for tutorial to 2026-04-25 00:00:00+00:00, run_after=2026-04-26 00:00:00+00:00
[2026-04-26T08:05:33.470+0000] {processor.py:183} INFO - Processing /usr/local/python/3.12.1/lib/python3.12/site-packages/airflow/example_dags/tutorial.py took 0.079 seconds
[2026-04-26T08:05:39.319+0000] {processor.py:161} INFO - Started process (PID=60267) to work on /usr/local/python/3.12.1/lib/python3.12/site-packages/airflow/example_dags/tutorial.py
[2026-04-26T08:05:39.320+0000] {processor.py:830} INFO - Processing file /usr/local/python/3.12.1/lib/python3.12/site-packages/airflow/example_dags/tutorial.py for tasks to queue
[2026-04-26T08:05:39.322+0000] {logging_mixin.py:188} INFO - [2026-04-26T08:05:39.321+0000] {dagbag.py:540} INFO - Filling up the DagBag from /usr/local/python/3.12.1/lib/python3.12/site-packages/airflow/example_dags/tutorial.py
[2026-04-26T08:05:39.331+0000] {processor.py:840} INFO - DAG(s) 'tutorial' retrieved from /usr/local/python/3.12.1/lib/python3.12/site-packages/airflow/example_dags/tutorial.py
[2026-04-26T08:05:39.350+0000] {logging_mixin.py:188} INFO - [2026-04-26T08:05:39.349+0000] {dag.py:3096} INFO - Sync 1 DAGs
[2026-04-26T08:05:39.373+0000] {logging_mixin.py:188} INFO - [2026-04-26T08:05:39.373+0000] {dag.py:3954} INFO - Setting next_dagrun for tutorial to 2026-04-25 00:00:00+00:00, run_after=2026-04-26 00:00:00+00:00
[2026-04-26T08:05:39.398+0000] {processor.py:183} INFO - Processing /usr/local/python/3.12.1/lib/python3.12/site-packages/airflow/example_dags/tutorial.py took 0.088 seconds
